page,term,snippet
1,frequency,"eChapin ·DuncanA.Young · G.WesleyPatterson ·JeffreyJ.Plautetal. [fullauthordetailsattheendofthearticle] Received:1August2023/Accepted:29April2024 ©TheAuthor(s)2024 Abstract The Radar for Europa Assessment and Sounding: Ocean to Near-surface (REASON) is a dual-frequency ice-penetrating radar (9 and 60 MHz) onboard the Europa Clipper mission. REASON is designed to probe Europa from exosphere to subsurface ocean, contributing the third dimension to observations of this enigmatic world. The hypotheses REASON will test are that"
1,60 MHz,"son ·JeffreyJ.Plautetal. [fullauthordetailsattheendofthearticle] Received:1August2023/Accepted:29April2024 ©TheAuthor(s)2024 Abstract The Radar for Europa Assessment and Sounding: Ocean to Near-surface (REASON) is a dual-frequency ice-penetrating radar (9 and 60 MHz) onboard the Europa Clipper mission. REASON is designed to probe Europa from exosphere to subsurface ocean, contributing the third dimension to observations of this enigmatic world. The hypotheses REASON will test are that (1) the ice shell of Europa hosts li"
1,sounding,SpaceScienceReviews (2024) 220:51 https://doi.org/10.1007/s11214-024-01072-3 RadarforEuropaAssessmentandSounding:Oceanto Near-Surface(REASON) DonaldD.Blankenship ·AlinaMoussessian ·ElaineChapin ·DuncanA.Young · G.WesleyPatterson ·JeffreyJ.Plautetal. [fullauthordetailsattheendofthearticle] Received:1August2023/Accepted:29April2024 ©TheAuthor(s)2024 Abstract The Radar for
1,sounding,"EASON) DonaldD.Blankenship ·AlinaMoussessian ·ElaineChapin ·DuncanA.Young · G.WesleyPatterson ·JeffreyJ.Plautetal. [fullauthordetailsattheendofthearticle] Received:1August2023/Accepted:29April2024 ©TheAuthor(s)2024 Abstract The Radar for Europa Assessment and Sounding: Ocean to Near-surface (REASON) is a dual-frequency ice-penetrating radar (9 and 60 MHz) onboard the Europa Clipper mission. REASON is designed to probe Europa from exosphere to subsurface ocean, contributing the third dimension to observations of this enigma"
1,sounding,"ce, characterizing the ice shell’s global structure, and constraining the amplitude of Europa’s radial tidal deformations. REASON will accomplish these science objectives using a com- bination of radar measurement techniques including altimetry, reﬂectometry, sounding, in- terferometry, plasma characterization,a n dranging. Building on a rich heritage from Earth, the moon, and Mars, REASON will be the ﬁrst ice-penetrating radar to explore the outer so- lar system. Because these radars are untested for the icy worlds in the"
1,altimetry,"for an ice–ocean interface, characterizing the ice shell’s global structure, and constraining the amplitude of Europa’s radial tidal deformations. REASON will accomplish these science objectives using a com- bination of radar measurement techniques including altimetry, reﬂectometry, sounding, in- terferometry, plasma characterization,a n dranging. Building on a rich heritage from Earth, the moon, and Mars, REASON will be the ﬁrst ice-penetrating radar to explore the outer so- lar system. Because these radars are untested f"
1,ranging,"constraining the amplitude of Europa’s radial tidal deformations. REASON will accomplish these science objectives using a com- bination of radar measurement techniques including altimetry, reﬂectometry, sounding, in- terferometry, plasma characterization,a n dranging. Building on a rich heritage from Earth, the moon, and Mars, REASON will be the ﬁrst ice-penetrating radar to explore the outer so- lar system. Because these radars are untested for the icy worlds in the outer solar system, a novel approach to measurement qua"
1,plasma,"hell’s global structure, and constraining the amplitude of Europa’s radial tidal deformations. REASON will accomplish these science objectives using a com- bination of radar measurement techniques including altimetry, reﬂectometry, sounding, in- terferometry, plasma characterization,a n dranging. Building on a rich heritage from Earth, the moon, and Mars, REASON will be the ﬁrst ice-penetrating radar to explore the outer so- lar system. Because these radars are untested for the icy worlds in the outer solar system, a nov"
1,science objectives,"ion of putative non-ice material (e.g., brines, salts) in the subsurface, searching for an ice–ocean interface, characterizing the ice shell’s global structure, and constraining the amplitude of Europa’s radial tidal deformations. REASON will accomplish these science objectives using a com- bination of radar measurement techniques including altimetry, reﬂectometry, sounding, in- terferometry, plasma characterization,a n dranging. Building on a rich heritage from Earth, the moon, and Mars, REASON will be the ﬁrst ice-penetrating rada"
1,measurement,"lts) in the subsurface, searching for an ice–ocean interface, characterizing the ice shell’s global structure, and constraining the amplitude of Europa’s radial tidal deformations. REASON will accomplish these science objectives using a com- bination of radar measurement techniques including altimetry, reﬂectometry, sounding, in- terferometry, plasma characterization,a n dranging. Building on a rich heritage from Earth, the moon, and Mars, REASON will be the ﬁrst ice-penetrating radar to explore the outer so- lar system. Beca"
1,measurement,"on,a n dranging. Building on a rich heritage from Earth, the moon, and Mars, REASON will be the ﬁrst ice-penetrating radar to explore the outer so- lar system. Because these radars are untested for the icy worlds in the outer solar system, a novel approach to measurement quality assessment was developed to represent uncertainties in key properties of Europa that affect REASON performance and ensure robustness across a range of plausible parameters suggested for the icy moon. REASON will shed light on a never-before-seen dimen"
2,bandwidth,"ice shell modes described in Sect.4.2.6. The near-surface is deﬁned as the region close to the surface where subsurface structure cannot be directly resolved by the radar (i.e., the vertical resolution). In practice, the vertical resolution is governed by the bandwidth, windowing function, and dielectric properties of the material; however, here we adopt the required HF vertical resolution in ice as a conservative upper bound (Table2)."
2,interferometry,"dar altimetry to determine surface topography, radar reﬂectometry to study surface roughness and near-surface 3 structure and composition as well as radar sounding to probe both the shallow and full depth subsurface domains of the ice shell coupled with radar interferometry to discriminate nadir subsurface features from radar returns of cross-track surface features. Two additional measurement techniques, radarplasma characterization (to 1Habitability in this context refers to the conditions necessary to support life as we know i"
2,pulse,"s, radarplasma characterization (to 1Habitability in this context refers to the conditions necessary to support life as we know it (see Vance et al. 2023, this collection). 2Here we use the terms radar sounder and ice-penetrating radar to refer speciﬁcally to pulse radar systems on airborne or space-based platforms (Schlegel et al.2022). Radar sounder is the term typically used in planetary radioglaciology, whereas Radio Echo Sounder (RES) and ice-penetrating radar are terms commonly used in terrestrial radioglaciology."
2,sounding,"bility. REASON baseline science investigations of Europa require four types of measurement techniques: radar altimetry to determine surface topography, radar reﬂectometry to study surface roughness and near-surface 3 structure and composition as well as radar sounding to probe both the shallow and full depth subsurface domains of the ice shell coupled with radar interferometry to discriminate nadir subsurface features from radar returns of cross-track surface features. Two additional measurement techniques, radarplasma cha"
2,altimetry,"hese subsurface domains and their bounding interfaces at scales critical for understanding exchange processes that govern Europa’s potential for habitability. REASON baseline science investigations of Europa require four types of measurement techniques: radar altimetry to determine surface topography, radar reﬂectometry to study surface roughness and near-surface 3 structure and composition as well as radar sounding to probe both the shallow and full depth subsurface domains of the ice shell coupled with radar interferometr"
2,plasma,"r sounding to probe both the shallow and full depth subsurface domains of the ice shell coupled with radar interferometry to discriminate nadir subsurface features from radar returns of cross-track surface features. Two additional measurement techniques, radarplasma characterization (to 1Habitability in this context refers to the conditions necessary to support life as we know it (see Vance et al. 2023, this collection). 2Here we use the terms radar sounder and ice-penetrating radar to refer speciﬁcally to pulse radar sy"
2,measurement,"of the ice shell and character of the deep interior, have been driven by the analysis of data acquired during the V oyager 1 and 2 spacecraft encounters with Jupiter (1979) and the Galileo mission (1995–2003) (Alexander et al. 2009). These data include direct measurements in two dimensions of Europa’s surface (e.g., imaging and spectroscopy) and indirect measurements in a single dimension of Europa’s global subsur- face properties (e.g., radio science and magnetometry). In particular, analyses of these data have provided insi"
2,measurement,"uired during the V oyager 1 and 2 spacecraft encounters with Jupiter (1979) and the Galileo mission (1995–2003) (Alexander et al. 2009). These data include direct measurements in two dimensions of Europa’s surface (e.g., imaging and spectroscopy) and indirect measurements in a single dimension of Europa’s global subsur- face properties (e.g., radio science and magnetometry). In particular, analyses of these data have provided insights into the subsurface domains within and bounding Europa’s ice shell. Key among these insights"
2,measurement,"shell, inferred from the Galileo magnetometer data, (Carr et al. 1998; Khurana et al. 1998; Pappalardo et al. 1999;K i v e l s o ne ta l .2000)a n d a rocky mantle of unknown complexity, inferred from radio science data (Anderson et al. 1998). However, direct measurements of the near-surface (i.e., the upper few hundred me- ters) and subsurface of Europa’s ice shell, including its properties, structure, and bounding interfaces, are required to address the daunting framework of working hypotheses arising from interpretations o"
2,measurement,"24, this collection). REASON is an ice-penetrating radar 2 optimized to probe Europa from its exosphere to its subsurface ocean. If successful, the REASON investigations will revolu- tionize our understanding of Europa’s ice shell by providing the ﬁrst direct measurements of the structure and properties of these subsurface domains and their bounding interfaces at scales critical for understanding exchange processes that govern Europa’s potential for habitability. REASON baseline science investigations of Europa require four t"
2,measurement,"structure and properties of these subsurface domains and their bounding interfaces at scales critical for understanding exchange processes that govern Europa’s potential for habitability. REASON baseline science investigations of Europa require four types of measurement techniques: radar altimetry to determine surface topography, radar reﬂectometry to study surface roughness and near-surface 3 structure and composition as well as radar sounding to probe both the shallow and full depth subsurface domains of the ice shell coup"
2,measurement,"d composition as well as radar sounding to probe both the shallow and full depth subsurface domains of the ice shell coupled with radar interferometry to discriminate nadir subsurface features from radar returns of cross-track surface features. Two additional measurement techniques, radarplasma characterization (to 1Habitability in this context refers to the conditions necessary to support life as we know it (see Vance et al. 2023, this collection). 2Here we use the terms radar sounder and ice-penetrating radar to refer speci"
3,sounding,"RadarforEuropaAssessmentandSounding: OceantoNear-Surface... Page3of91 51 derive the total electron content (TEC) in the ionosphere) and radar ranging4 (to measure the differential range between the spacecraft and the surface through time at groundtrack crossover points) provide, respectively, a"
3,sounding,"rough time at groundtrack crossover points) provide, respectively, a critical framework for understanding the boundary conditions for surface/near-surface exchange and the energetics of tidal deformation across the ice shell’s full breadth and depth. 1.2 RadarSounding(andAssessment)ofIcefromtheInnertotheOuterSolar System Radar sounding refers to a technique where electromagnetic energy is directed and transmit- ted into the subsurface, producing reﬂections which are recorded as signals. This is distinct from side-looking i"
3,sounding,"critical framework for understanding the boundary conditions for surface/near-surface exchange and the energetics of tidal deformation across the ice shell’s full breadth and depth. 1.2 RadarSounding(andAssessment)ofIcefromtheInnertotheOuterSolar System Radar sounding refers to a technique where electromagnetic energy is directed and transmit- ted into the subsurface, producing reﬂections which are recorded as signals. This is distinct from side-looking imaging radars, where energy is directed and transmitted off-nadir and"
3,sounding,"g imaging radars, where energy is directed and transmitted off-nadir and backscattered energy is recorded as signal. Consequently, smooth topographic features that are highly reﬂective and specular are “bright” (i.e., high signal-to-noise ratio, SNR) in radar sounding data and “dark” (i.e., low SNR) in imaging radar data. Ice penetrating radars have the unique capability to penetrate deep into the subsurface of icy bodies due to the high transparency of ice at MHz frequencies (Warren 1984; Blankenship et al. 2009;K o f m a"
3,sounding,", porosity, thermal state, composition), basal conditions (e.g., frozen vs. thawed, ﬂoating vs grounded ice, topographic heterogeneity), and ice dynamics (e.g., variations in accumulation/melting and ﬂow/fracture) (Schroeder et al. 2020). Application of radar sounding as a ground based and airborne geophysical technique has been extended to orbital studies of bodies beyond Earth, with extensive cov- erage of the Moon (Porcello et al. 1974) and Mars (Picardi et al. 2004; Seu et al. 2007; Jordan et al. 2009). Multiple missio"
3,sounding,"studies of bodies beyond Earth, with extensive cov- erage of the Moon (Porcello et al. 1974) and Mars (Picardi et al. 2004; Seu et al. 2007; Jordan et al. 2009). Multiple mission concepts to study the icy Galilean moons of Jupiter have highlighted subsurface sounding of the ice as a necessary technique for accomplishing proposed science goals (Greely and Johnson 2004) or explicitly included ice-penetrating radar as part of the model payload (Ludwinski et al. 1998; Clark et al. 2009; Lewis et al. 2016). For Europa in parti"
3,sounding,"shing proposed science goals (Greely and Johnson 2004) or explicitly included ice-penetrating radar as part of the model payload (Ludwinski et al. 1998; Clark et al. 2009; Lewis et al. 2016). For Europa in particular, early feasibility studies supported radar sounding with an ice penetrating radar as capable of characterizing the three-dimensional distribution of sub- surface water, including the potential detection of a subsurface ocean (Chyba et al. 1998; Blankenship et al. 1999). Ultimately, these early mission concepts"
3,altimetry,"rer (JUICE) mission (Grasset 4REASON’s ranging measurement technique should not be confused with ranging as used by Gravity/Radio Science (see Mazarico et al. 2023, this collection). The term ranging was adopted to distinguish the measure- ment technique from altimetry. 5Permittivity is a complex quantity which describes the polarizability of a material (i.e., energy storage and dissipation in response to an applied electromagnetic ﬁeld) (Sihvola 1999)."
3,ranging,"RadarforEuropaAssessmentandSounding: OceantoNear-Surface... Page3of91 51 derive the total electron content (TEC) in the ionosphere) and radar ranging4 (to measure the differential range between the spacecraft and the surface through time at groundtrack crossover points) provide, respectively, a critical framework for understanding the boundary conditions for surface/near-surface exchange and the energetics"
3,ranging,"et al. 1999). Ultimately, these early mission concepts evolved into the National Aeronautics and Space Administration (NASA) Europa Clipper mission (Brown 2021)a n d the European Space Agency (ESA) JUpiter ICy moons Explorer (JUICE) mission (Grasset 4REASON’s ranging measurement technique should not be confused with ranging as used by Gravity/Radio Science (see Mazarico et al. 2023, this collection). The term ranging was adopted to distinguish the measure- ment technique from altimetry. 5Permittivity is a complex quantity"
3,ranging,"lved into the National Aeronautics and Space Administration (NASA) Europa Clipper mission (Brown 2021)a n d the European Space Agency (ESA) JUpiter ICy moons Explorer (JUICE) mission (Grasset 4REASON’s ranging measurement technique should not be confused with ranging as used by Gravity/Radio Science (see Mazarico et al. 2023, this collection). The term ranging was adopted to distinguish the measure- ment technique from altimetry. 5Permittivity is a complex quantity which describes the polarizability of a material (i.e., e"
3,ranging,"n 2021)a n d the European Space Agency (ESA) JUpiter ICy moons Explorer (JUICE) mission (Grasset 4REASON’s ranging measurement technique should not be confused with ranging as used by Gravity/Radio Science (see Mazarico et al. 2023, this collection). The term ranging was adopted to distinguish the measure- ment technique from altimetry. 5Permittivity is a complex quantity which describes the polarizability of a material (i.e., energy storage and dissipation in response to an applied electromagnetic ﬁeld) (Sihvola 1999)."
3,measurement,"999). Ultimately, these early mission concepts evolved into the National Aeronautics and Space Administration (NASA) Europa Clipper mission (Brown 2021)a n d the European Space Agency (ESA) JUpiter ICy moons Explorer (JUICE) mission (Grasset 4REASON’s ranging measurement technique should not be confused with ranging as used by Gravity/Radio Science (see Mazarico et al. 2023, this collection). The term ranging was adopted to distinguish the measure- ment technique from altimetry. 5Permittivity is a complex quantity which descr"
4,sounding,"oth of which include ice penetrating radars. The radar data collected in the Jovian system by REASON on Europa Clipper and by the Radar for Icy Moons Exploration (RIME) on JUICE (Bruzzone et al. 2013) will mark the ultimate extension of our capacity for radar sounding and assessment of ice from the inner to the outer Solar System. 1.3 Earth’sCryosphere Radar sounding and assessment of Earth’s cryosphere represents the foundation from which planetary radioglaciology has been and will continue to be built. As such, terrestri"
4,sounding,"on Europa Clipper and by the Radar for Icy Moons Exploration (RIME) on JUICE (Bruzzone et al. 2013) will mark the ultimate extension of our capacity for radar sounding and assessment of ice from the inner to the outer Solar System. 1.3 Earth’sCryosphere Radar sounding and assessment of Earth’s cryosphere represents the foundation from which planetary radioglaciology has been and will continue to be built. As such, terrestrial data sets, analysis techniques, and confounding factors represent critical historical context for"
4,sounding,"cryosphere represents the foundation from which planetary radioglaciology has been and will continue to be built. As such, terrestrial data sets, analysis techniques, and confounding factors represent critical historical context for interpreting future radar sounding data collected on other worlds. Radar surveys of the terrestrial cryosphere, both ﬂoating and grounded (Fig. 1), were originally pursued to generate maps of ice thickness and surface/basal topography (Bailey et al. 1964; Gudmandsen 1969) – an effort that cont"
4,sounding,"r scope from identiﬁcation to characterization of the bed (Schroeder et al.2020 and references therein), where bed characteristics are typically quantiﬁed using the power of the basal return (Peters et al.2005b; Christianson et al.2016; Chu et al.2021). Radar sounding data are often visualized using radargrams (Fig. 1), which display the power of the return as a function of travel time (fast time) on the vertical axis and along-track distance (slow time) on the horizontal axis. On Earth, radar altimetry proﬁles collected o"
4,sounding,"ir formation (e.g., Blankenship et al. 2001). For ﬂoating ice, the detection of liquid water can be conﬁrmed by comparing the projected ice thickness, derived from surface elevations measured by altime- try, to the measured ice thickness, obtained directly by sounding (Jenkins and Doake 1991; Fricker et al. 2001). An example of particular relevance to Europa are ﬂoating icebergs (Pe- ters et al. 2007b). As illustrated in Fig. 2, ﬂoating icebergs will protrude above the surface"
4,altimetry,"u et al.2021). Radar sounding data are often visualized using radargrams (Fig. 1), which display the power of the return as a function of travel time (fast time) on the vertical axis and along-track distance (slow time) on the horizontal axis. On Earth, radar altimetry proﬁles collected over ice have been an essential foundation for understanding the evolution of our glaciers, ice sheets, and ice shelves (Rémy and Parouty 2009; Fricker and Padman2012). These proﬁles, obtained by identifying the surface echo and the associat"
5,frequency,"quencies to simultaneously obtain surface roughness and bulk permittivity of the near-surface for both ﬂoating and grounded ice systems at multiple scales (Fig. 3) (Grima et al. 2014a,b, 2016, 2017, 2019). It has also been possible to combine these multi- ple frequency approaches with a careful assessment of frequency segments across the band"
5,frequency,"s and bulk permittivity of the near-surface for both ﬂoating and grounded ice systems at multiple scales (Fig. 3) (Grima et al. 2014a,b, 2016, 2017, 2019). It has also been possible to combine these multi- ple frequency approaches with a careful assessment of frequency segments across the band"
5,sounding,"RadarforEuropaAssessmentandSounding: OceantoNear-Surface... Page5of91 51 Fig.2 Radargram generated from ice-penetrating radar data collected over iceberg B15, Antarctica (MCM/SJB2/BERG04c; Blankenship, personal communication) Fig. 3 Near-surface properties of McMurdo Ice Shelf, Antarctica deriv"
6,sounding,"surface and basal crevassing, modiﬁed from Peters et al. (2007b) of a particular radar to constrain both the lateral and vertical heterogeneity of these bulk near-surface properties (Chan et al. 2023b). A great deal of the early airborne radar assessment and sounding of Earth’s cryosphere was focused on its ice shelves (Fig. 1) (Vaughan et al. 1995). It was hypothesized over a half century ago that instabilities in these ice shelves would be the primary trigger for rapid draining of the substantial interior grounded ice r"
6,sounding,"ice ﬁlled basal crevassing (Peters et al. 2007b). We anticipate that the arc of radar studies of the icy worlds of the outer planets will follow a similar pattern in the shallow subsurface, where brittle fracture might dominate. An offshoot of the early radar sounding of Earth’s ice shelves, perhaps even more rele- vant to icy ocean worlds, was the misinterpretation of the sub-ice ocean interface from radar sounding over Filchner-Ronne Ice Shelf (Robin et al. 1983; Crabtree and Doake 1986). When more precise ice surface al"
6,sounding,"lar pattern in the shallow subsurface, where brittle fracture might dominate. An offshoot of the early radar sounding of Earth’s ice shelves, perhaps even more rele- vant to icy ocean worlds, was the misinterpretation of the sub-ice ocean interface from radar sounding over Filchner-Ronne Ice Shelf (Robin et al. 1983; Crabtree and Doake 1986). When more precise ice surface altimetry became available, it was discovered that the “mea- sured” thickness from radar sounding could not be reconciled with the new measurements of su"
6,sounding,"nterpretation of the sub-ice ocean interface from radar sounding over Filchner-Ronne Ice Shelf (Robin et al. 1983; Crabtree and Doake 1986). When more precise ice surface altimetry became available, it was discovered that the “mea- sured” thickness from radar sounding could not be reconciled with the new measurements of surface elevation using Archimedes’ principle (Thyssen 1988). Subsequent drilling showed unequivocally that the basal feature that was interpreted as the ice–ocean interface was in- stead a boundary between"
6,sounding,"nterface was in- stead a boundary between the glacier-derived ﬂoating “meteoric ice” and saltier “marine ice” frozen from the ocean below (Engelhardt and Determann 1987; Oerter et al. 1992), as illustrated in Fig. 5. From that point on the radar altimetry and sounding observations were combined to establish and map the thickness of the underplated marine ice to test vari-"
6,altimetry,"ng of Earth’s ice shelves, perhaps even more rele- vant to icy ocean worlds, was the misinterpretation of the sub-ice ocean interface from radar sounding over Filchner-Ronne Ice Shelf (Robin et al. 1983; Crabtree and Doake 1986). When more precise ice surface altimetry became available, it was discovered that the “mea- sured” thickness from radar sounding could not be reconciled with the new measurements of surface elevation using Archimedes’ principle (Thyssen 1988). Subsequent drilling showed unequivocally that the basal"
6,altimetry,"he ice–ocean interface was in- stead a boundary between the glacier-derived ﬂoating “meteoric ice” and saltier “marine ice” frozen from the ocean below (Engelhardt and Determann 1987; Oerter et al. 1992), as illustrated in Fig. 5. From that point on the radar altimetry and sounding observations were combined to establish and map the thickness of the underplated marine ice to test vari-"
6,measurement,"rom radar sounding over Filchner-Ronne Ice Shelf (Robin et al. 1983; Crabtree and Doake 1986). When more precise ice surface altimetry became available, it was discovered that the “mea- sured” thickness from radar sounding could not be reconciled with the new measurements of surface elevation using Archimedes’ principle (Thyssen 1988). Subsequent drilling showed unequivocally that the basal feature that was interpreted as the ice–ocean interface was in- stead a boundary between the glacier-derived ﬂoating “meteoric ice” and s"
7,sounding,"RadarforEuropaAssessmentandSounding: OceantoNear-Surface... Page7of91 51 Fig.5 Radargram generated from ice-penetrating radar data collected over Filchner-Ronne Ice Shelf, Antarc- tica illustrating how a marine–meteoric ice interface could be mistaken as the ice–ocean interface, modiﬁed from Th"
7,sounding,"nterface, modiﬁed from Thyssen (1988) ous working hypotheses for the distribution of melting and freezing associated with sub-ice ocean circulation (Fricker et al. 2001; Joughin and Vaughan 2004; Lambrecht et al. 2007). For grounded ice sheets on Earth, radar sounding has also led to the discovery of a vast inventory of subglacial lakes in both the Arctic and Antarctic (Livingstone et al. 2022). Traditionally, this is accomplished by detecting regions that appear “brighter” than the sur- rounding terrain (Carter et al. 200"
7,altimetry,"t inventory of subglacial lakes in both the Arctic and Antarctic (Livingstone et al. 2022). Traditionally, this is accomplished by detecting regions that appear “brighter” than the sur- rounding terrain (Carter et al. 2007; Ilisei et al. 2019). Again, surface altimetry serves as an essential complementary data set to identify these subglacial lakes (Fig. 6). Ice thickness estimates coupled with surface elevation measurements enable hydrostatic analysis to de- termine whether ice over putative lakes is in hydrostatic equilib"
7,altimetry,"l. 2007; Ewert et al. 2012). Variations in ice surface topography through time can indicate drainage and recharge of active subglacial lakes (Wingham et al. 2006; Siegfried and Fricker 2021). Confounding interpretation, some subglacial lakes identiﬁed through altimetry do not ap- pear radar-bright (Carter et al. 2007; Humbert et al. 2018; Lindzey et al. 2020). Ultimately these anomalous subglacial lakes can only be unambiguously conﬁrmed through subglacial drilling (Talalay 2012; Tulaczyk et al. 2014;P r i s c ue ta l .2021"
7,measurement,"pear “brighter” than the sur- rounding terrain (Carter et al. 2007; Ilisei et al. 2019). Again, surface altimetry serves as an essential complementary data set to identify these subglacial lakes (Fig. 6). Ice thickness estimates coupled with surface elevation measurements enable hydrostatic analysis to de- termine whether ice over putative lakes is in hydrostatic equilibrium (Vaughan et al. 2007; Ewert et al. 2012). Variations in ice surface topography through time can indicate drainage and recharge of active subglacial lakes"
8,sounding,"51 Page8of91 D.D.Blankenshipetal. Fig.6 Altimetry proﬁle (top) and radargram (bottom) generated from ice-penetrating radar and laser altime- try data collected over Lake V ostok, Antarctica illustrating how complementary altimetry and radar sounding data can support the identiﬁcation of subglacial lakes, modiﬁed from Blankenship et al. (2009) been made in quantifying radar reﬂectivity and scattering in pursuit of understanding ex- change processes for the surface/near-surface and full depth/water interfa"
8,altimetry,"51 Page8of91 D.D.Blankenshipetal. Fig.6 Altimetry proﬁle (top) and radargram (bottom) generated from ice-penetrating radar and laser altime- try data collected over Lake V ostok, Antarctica illustrating how complementary altimetry and radar sounding data can support the identiﬁcation of subglacial lakes, mod"
8,altimetry,"51 Page8of91 D.D.Blankenshipetal. Fig.6 Altimetry proﬁle (top) and radargram (bottom) generated from ice-penetrating radar and laser altime- try data collected over Lake V ostok, Antarctica illustrating how complementary altimetry and radar sounding data can support the identiﬁcation of subglacial lakes, modiﬁed from Blankenship et al. (2009) been made in quantifying radar reﬂectivity and scattering in pursuit of understanding ex- change processes for the surface/near-surface and full"
9,bandwidth,"9.1.2). MARSIS was closely followed by the SHAllow RADar (SHARAD), a radar sounder ﬂown on NASA’s Mars Reconnaissance Orbiter (MRO) designed to detect shallow subsurface interfaces (Seu et al. 2004). SHARAD operates at a center frequency of 20 MHz and with a bandwidth of 10 MHz. Major scientiﬁc ﬁndings derived from the ﬁrst nine years of SHARAD are s u m m a r i z e di nC r o c ie ta l .(2011), including the discovery that many mid-latitude lobate features are ice-rich, debris-covered glaciers (Holt et al.2008). At the pol"
9,frequency,"RadarforEuropaAssessmentandSounding: OceantoNear-Surface... Page9of91 51 1.4 FromtheMoontoMarsandBack One of the earliest applications of radar sounding beyond Earth was the Apollo 17 Lunar Sounder Experiment (ALSE), a multi-frequency imaging radar (5, 15, 150 MHz or 60, 20, 2 m) with a subsurface sounding requirement (Porcello et al.1974). The longer wavelengths enabled deeper penetration into the lunar regolith, whereas the shorter wavelengths enabled higher quality surface images and pr"
9,frequency,"ubject of intense debate (Sect. 9.1.2). MARSIS was closely followed by the SHAllow RADar (SHARAD), a radar sounder ﬂown on NASA’s Mars Reconnaissance Orbiter (MRO) designed to detect shallow subsurface interfaces (Seu et al. 2004). SHARAD operates at a center frequency of 20 MHz and with a bandwidth of 10 MHz. Major scientiﬁc ﬁndings derived from the ﬁrst nine years of SHARAD are s u m m a r i z e di nC r o c ie ta l .(2011), including the discovery that many mid-latitude lobate features are ice-rich, debris-covered glacier"
9,sounding,"RadarforEuropaAssessmentandSounding: OceantoNear-Surface... Page9of91 51 1.4 FromtheMoontoMarsandBack One of the earliest applications of radar sounding beyond Earth was the Apollo 17 Lunar Sounder Experiment (ALSE), a multi-frequency imaging radar (5, 15, 150 MHz or 60, 20, 2 m) with a subsurf"
9,sounding,"RadarforEuropaAssessmentandSounding: OceantoNear-Surface... Page9of91 51 1.4 FromtheMoontoMarsandBack One of the earliest applications of radar sounding beyond Earth was the Apollo 17 Lunar Sounder Experiment (ALSE), a multi-frequency imaging radar (5, 15, 150 MHz or 60, 20, 2 m) with a subsurface sounding requirement (Porcello et al.1974). The longer wavelengths enabled deeper penetration into the lunar rego"
9,sounding,"eantoNear-Surface... Page9of91 51 1.4 FromtheMoontoMarsandBack One of the earliest applications of radar sounding beyond Earth was the Apollo 17 Lunar Sounder Experiment (ALSE), a multi-frequency imaging radar (5, 15, 150 MHz or 60, 20, 2 m) with a subsurface sounding requirement (Porcello et al.1974). The longer wavelengths enabled deeper penetration into the lunar regolith, whereas the shorter wavelengths enabled higher quality surface images and proﬁles. The primary science objective was the detection of subsurface disc"
9,sounding,"(Porcello et al.1974). The longer wavelengths enabled deeper penetration into the lunar regolith, whereas the shorter wavelengths enabled higher quality surface images and proﬁles. The primary science objective was the detection of subsurface discontinuities (sounding) and three secondary science objectives were sur- face imaging, surface proﬁling, and radio astronomy (i.e., measurement of galactic noise) (Phillips et al. 1973; Porcello et al. 1974). Using the 5 MHz band, the ALSE produced el- evation proﬁles of the Moon ("
9,sounding,"two reﬂectors beneath Mare Serenitatis at depths of 0.9 km and 1.6 km and one reﬂector beneath Mare Crisium at a depth of 1.4 km (Peeples et al. 1978). After almost forty years, the ALSE was followed by the Mars Advanced Radar for Sub- surface and Ionospheric Sounding (MARSIS) instrument ﬂown on ESA’s Mars Express mis- sion (Picardi et al. 2004; Jordan et al. 2009). MARSIS is a dual-channel radar sounder oper- ating between frequencies of 1.3 and 5.5 MHz for subsurface sounding and 0.1 and 5.5 MHz for ionospheric sounding."
9,sounding,"vanced Radar for Sub- surface and Ionospheric Sounding (MARSIS) instrument ﬂown on ESA’s Mars Express mis- sion (Picardi et al. 2004; Jordan et al. 2009). MARSIS is a dual-channel radar sounder oper- ating between frequencies of 1.3 and 5.5 MHz for subsurface sounding and 0.1 and 5.5 MHz for ionospheric sounding. The primary science objectives were to map the subsurface distri- bution of water ice and liquid water, probe subsurface geology, characterize the surface, and sound the ionosphere. The principal results of the ﬁr"
9,sounding,"Sounding (MARSIS) instrument ﬂown on ESA’s Mars Express mis- sion (Picardi et al. 2004; Jordan et al. 2009). MARSIS is a dual-channel radar sounder oper- ating between frequencies of 1.3 and 5.5 MHz for subsurface sounding and 0.1 and 5.5 MHz for ionospheric sounding. The primary science objectives were to map the subsurface distri- bution of water ice and liquid water, probe subsurface geology, characterize the surface, and sound the ionosphere. The principal results of the ﬁrst decade of observation by MARSIS are summar"
9,sounding,"ped beneath a surface lag and capable of doubling the current atmospheric pressure if released (Phillips et al. 2011). Following MARSIS and SHARAD, Mars became the most globally well-characterized body by ground-penetrating radar, and the target for new radar sounding data transitioned back to the Moon. The goals of the Lunar Radar Sounder (LRS) ﬂown on JAXA’s SELeno- logical and ENgineering Explorer (SELENE) were to map the subsurface structure of the Moon to 5 km depth with a vertical resolution of 100 m by operating bet"
9,sounding,iscovery of numerous subsurface reﬂectors several hundred meters deep in the nearside maria interpreted to be regolith interbedded with basaltic lava ﬂows. 1.5 HeritagefromExistingIce-PenetratingRadars Technology has advanced signiﬁcantly since the ﬁrst radar soundings of glaciers (Stern 1930; Steenson 1951; Waite and Schmidt 1962; Turchetti et al. 2008). These early ob- servations prompted the engineering of radar sounding systems dedicated to studying the
9,sounding,HeritagefromExistingIce-PenetratingRadars Technology has advanced signiﬁcantly since the ﬁrst radar soundings of glaciers (Stern 1930; Steenson 1951; Waite and Schmidt 1962; Turchetti et al. 2008). These early ob- servations prompted the engineering of radar sounding systems dedicated to studying the
9,plasma,er (LRS) ﬂown on JAXA’s SELeno- logical and ENgineering Explorer (SELENE) were to map the subsurface structure of the Moon to 5 km depth with a vertical resolution of 100 m by operating between 4 and 6 MHz and to make passive observations of natural radio and plasma waves between 10 kHz and 30 MHz (Sasaki et al. 2003). Some key results from LRS are presented in Ono et al. (2010) and include the discovery of numerous subsurface reﬂectors several hundred meters deep in the nearside maria interpreted to be regolith interbed
9,science objectives,"ger wavelengths enabled deeper penetration into the lunar regolith, whereas the shorter wavelengths enabled higher quality surface images and proﬁles. The primary science objective was the detection of subsurface discontinuities (sounding) and three secondary science objectives were sur- face imaging, surface proﬁling, and radio astronomy (i.e., measurement of galactic noise) (Phillips et al. 1973; Porcello et al. 1974). Using the 5 MHz band, the ALSE produced el- evation proﬁles of the Moon (Brown et al. 1974) and ultimately identi"
9,science objectives,"trument ﬂown on ESA’s Mars Express mis- sion (Picardi et al. 2004; Jordan et al. 2009). MARSIS is a dual-channel radar sounder oper- ating between frequencies of 1.3 and 5.5 MHz for subsurface sounding and 0.1 and 5.5 MHz for ionospheric sounding. The primary science objectives were to map the subsurface distri- bution of water ice and liquid water, probe subsurface geology, characterize the surface, and sound the ionosphere. The principal results of the ﬁrst decade of observation by MARSIS are summarized in Orosei et al. ( 2015), i"
9,measurement,"wavelengths enabled higher quality surface images and proﬁles. The primary science objective was the detection of subsurface discontinuities (sounding) and three secondary science objectives were sur- face imaging, surface proﬁling, and radio astronomy (i.e., measurement of galactic noise) (Phillips et al. 1973; Porcello et al. 1974). Using the 5 MHz band, the ALSE produced el- evation proﬁles of the Moon (Brown et al. 1974) and ultimately identiﬁed two reﬂectors beneath Mare Serenitatis at depths of 0.9 km and 1.6 km and one"
10,bandwidth,"51 Page10of91 D.D.Blankenshipetal. Fig.7 Comparison between radargrams generated from ice-penetrating radar data collected over ice on Earth at 60 MHz center frequency, 15 MHz bandwidth (top) and Mars at∼ 1 MHz center frequency and bandwidth (bottom), modiﬁed from Picardi et al. (2005) cryosphere (Evans 1963; Gudmandsen 1969;D r e w r y1983). However, these early systems were incoherent and thus limited to recording the radar signal amplitud"
10,bandwidth,"51 Page10of91 D.D.Blankenshipetal. Fig.7 Comparison between radargrams generated from ice-penetrating radar data collected over ice on Earth at 60 MHz center frequency, 15 MHz bandwidth (top) and Mars at∼ 1 MHz center frequency and bandwidth (bottom), modiﬁed from Picardi et al. (2005) cryosphere (Evans 1963; Gudmandsen 1969;D r e w r y1983). However, these early systems were incoherent and thus limited to recording the radar signal amplitude. The development of terrestrial coherent ice-penetrati"
10,bandwidth,"ped by Moussessian et al. ( 2000) demonstrated the feasibility of collecting high altitude radar sounding data and served as a testbed for future spaceborne radar sounders. This sounder could operate at frequencies of 35, 50, 60, 75, and 150 MHz with a 15 MHz bandwidth. Initial ﬁeld testing was done at 150 MHz with a University of Kansas antenna system (Chuah 1996). The system was subsequently tested at 60 MHz in Antarctic operations by the University of Texas Institute for Geophysics, the success of which led to the develo"
10,bandwidth,.3 – 5.5 MHz) and SHARAD (15 – 25 MHz) at Mars demonstrated the scientiﬁc value of a dual-frequency approach to studying icy bodies (Seu et al. 2007; Jordan et al. 2009). The lower frequencies of MARSIS penetrated deeper within the ice column while the higher bandwidth of SHARAD enabled shallow internal layers to be resolved in greater detail (Fig. 8)( C r o c ie ta l .2011). The use of two complementary frequencies represents a cornerstone of REASON’s approach to sounding Europa. 6The Fresnel zone is deﬁned as the distance
10,frequency,"51 Page10of91 D.D.Blankenshipetal. Fig.7 Comparison between radargrams generated from ice-penetrating radar data collected over ice on Earth at 60 MHz center frequency, 15 MHz bandwidth (top) and Mars at∼ 1 MHz center frequency and bandwidth (bottom), modiﬁed from Picardi et al. (2005) cryosphere (Evans 1963; Gudmandsen 1969;D r e w r y1983). However, these early systems were incoherent and thus limited to recording the rad"
10,frequency,"51 Page10of91 D.D.Blankenshipetal. Fig.7 Comparison between radargrams generated from ice-penetrating radar data collected over ice on Earth at 60 MHz center frequency, 15 MHz bandwidth (top) and Mars at∼ 1 MHz center frequency and bandwidth (bottom), modiﬁed from Picardi et al. (2005) cryosphere (Evans 1963; Gudmandsen 1969;D r e w r y1983). However, these early systems were incoherent and thus limited to recording the radar signal amplitude. The development of terrestrial coherent"
10,frequency,radar sounders represent the predecessors for radar sounders ﬂown on missions to Mars (Fig. 7) and ultimately Europa. The complementary sounding frequencies of MARSIS (1.3 – 5.5 MHz) and SHARAD (15 – 25 MHz) at Mars demonstrated the scientiﬁc value of a dual-frequency approach to studying icy bodies (Seu et al. 2007; Jordan et al. 2009). The lower frequencies of MARSIS penetrated deeper within the ice column while the higher bandwidth of SHARAD enabled shallow internal layers to be resolved in greater detail (Fig. 8)( C r
10,60 MHz,"51 Page10of91 D.D.Blankenshipetal. Fig.7 Comparison between radargrams generated from ice-penetrating radar data collected over ice on Earth at 60 MHz center frequency, 15 MHz bandwidth (top) and Mars at∼ 1 MHz center frequency and bandwidth (bottom), modiﬁed from Picardi et al. (2005) cryosphere (Evans 1963; Gudmandsen 1969;D r e w r y1983). However, these early systems were incoherent and thus limited to"
10,60 MHz,"paceborne radar sounders. This sounder could operate at frequencies of 35, 50, 60, 75, and 150 MHz with a 15 MHz bandwidth. Initial ﬁeld testing was done at 150 MHz with a University of Kansas antenna system (Chuah 1996). The system was subsequently tested at 60 MHz in Antarctic operations by the University of Texas Institute for Geophysics, the success of which led to the development of derivative designs used in polar aerogeophysics to the present day (Peters et al. 2005a). These radar sounders represent the predecesso"
10,altitude,"ater systems (Schroeder et al.2014) and enhanced resolution of internal layers (Heister and Scheiber 2018; Castelletti et al. 2019; Ferro 2019). The coherent radar sounder developed by Moussessian et al. ( 2000) demonstrated the feasibility of collecting high altitude radar sounding data and served as a testbed for future spaceborne radar sounders. This sounder could operate at frequencies of 35, 50, 60, 75, and 150 MHz with a 15 MHz bandwidth. Initial ﬁeld testing was done at 150 MHz with a University of Kansas antenna sy"
10,sounding,"chroeder et al.2014) and enhanced resolution of internal layers (Heister and Scheiber 2018; Castelletti et al. 2019; Ferro 2019). The coherent radar sounder developed by Moussessian et al. ( 2000) demonstrated the feasibility of collecting high altitude radar sounding data and served as a testbed for future spaceborne radar sounders. This sounder could operate at frequencies of 35, 50, 60, 75, and 150 MHz with a 15 MHz bandwidth. Initial ﬁeld testing was done at 150 MHz with a University of Kansas antenna system (Chuah 199"
10,sounding,h led to the development of derivative designs used in polar aerogeophysics to the present day (Peters et al. 2005a). These radar sounders represent the predecessors for radar sounders ﬂown on missions to Mars (Fig. 7) and ultimately Europa. The complementary sounding frequencies of MARSIS (1.3 – 5.5 MHz) and SHARAD (15 – 25 MHz) at Mars demonstrated the scientiﬁc value of a dual-frequency approach to studying icy bodies (Seu et al. 2007; Jordan et al. 2009). The lower frequencies of MARSIS penetrated deeper within the ice
10,sounding,ated deeper within the ice column while the higher bandwidth of SHARAD enabled shallow internal layers to be resolved in greater detail (Fig. 8)( C r o c ie ta l .2011). The use of two complementary frequencies represents a cornerstone of REASON’s approach to sounding Europa. 6The Fresnel zone is deﬁned as the distance over which the phase of echoes from the central nadir point change by π/2 radians (Peters et al. 2005b).
11,bandwidth,"requency (9 MHz and 60 MHz) radar designed to penetrate deep into Europa’s ice crust, operating over a wide range of altitudes (35 km – 1000 km) across a ﬂyby while simultaneously characterizing Europa’s surface/near-surface and exosphere. REASON uses a 1 MHz bandwidth at a 9 MHz (33.3 m wavelength) High Frequency (HF) center frequency and a 10 MHz bandwidth at a 60 MHz (5 m wavelength) Very High Fre- quency (VHF) center frequency to achieve low-resolution (300 m in ice) full-depth sounding and high-resolution (30 m in ice)"
11,bandwidth,ting over a wide range of altitudes (35 km – 1000 km) across a ﬂyby while simultaneously characterizing Europa’s surface/near-surface and exosphere. REASON uses a 1 MHz bandwidth at a 9 MHz (33.3 m wavelength) High Frequency (HF) center frequency and a 10 MHz bandwidth at a 60 MHz (5 m wavelength) Very High Fre- quency (VHF) center frequency to achieve low-resolution (300 m in ice) full-depth sounding and high-resolution (30 m in ice) shallow sounding simultaneously. The HF center frequency of 9 MHz was selected because it
11,frequency,"Mars North Polar Layered Deposits (top) by SHARAD (middle) and MARSIS (bottom), illustrating the scientiﬁc value of complementary sounding frequencies, modiﬁed from material provided by Ali Safaeinili 1.6 REASONHigh-LevelInstrumentDescription REASON is a dual-frequency (9 MHz and 60 MHz) radar designed to penetrate deep into Europa’s ice crust, operating over a wide range of altitudes (35 km – 1000 km) across a ﬂyby while simultaneously characterizing Europa’s surface/near-surface and exosphere. REASON uses a 1 MHz bandwidt"
11,frequency,"penetrate deep into Europa’s ice crust, operating over a wide range of altitudes (35 km – 1000 km) across a ﬂyby while simultaneously characterizing Europa’s surface/near-surface and exosphere. REASON uses a 1 MHz bandwidth at a 9 MHz (33.3 m wavelength) High Frequency (HF) center frequency and a 10 MHz bandwidth at a 60 MHz (5 m wavelength) Very High Fre- quency (VHF) center frequency to achieve low-resolution (300 m in ice) full-depth sounding and high-resolution (30 m in ice) shallow sounding simultaneously. The HF cente"
11,frequency,"ropa’s ice crust, operating over a wide range of altitudes (35 km – 1000 km) across a ﬂyby while simultaneously characterizing Europa’s surface/near-surface and exosphere. REASON uses a 1 MHz bandwidth at a 9 MHz (33.3 m wavelength) High Frequency (HF) center frequency and a 10 MHz bandwidth at a 60 MHz (5 m wavelength) Very High Fre- quency (VHF) center frequency to achieve low-resolution (300 m in ice) full-depth sounding and high-resolution (30 m in ice) shallow sounding simultaneously. The HF center frequency of 9 MHz w"
11,frequency,simultaneously characterizing Europa’s surface/near-surface and exosphere. REASON uses a 1 MHz bandwidth at a 9 MHz (33.3 m wavelength) High Frequency (HF) center frequency and a 10 MHz bandwidth at a 60 MHz (5 m wavelength) Very High Fre- quency (VHF) center frequency to achieve low-resolution (300 m in ice) full-depth sounding and high-resolution (30 m in ice) shallow sounding simultaneously. The HF center frequency of 9 MHz was selected because it enables robust performance in areas of high surface rough- ness while avoi
11,frequency,"HF) center frequency and a 10 MHz bandwidth at a 60 MHz (5 m wavelength) Very High Fre- quency (VHF) center frequency to achieve low-resolution (300 m in ice) full-depth sounding and high-resolution (30 m in ice) shallow sounding simultaneously. The HF center frequency of 9 MHz was selected because it enables robust performance in areas of high surface rough- ness while avoiding prohibitive Faraday losses below 8 MHz. Although surface and volume scattering tend to decrease with increasing wavelength (i.e., VHF is more susce"
11,60 MHz,"red Deposits (top) by SHARAD (middle) and MARSIS (bottom), illustrating the scientiﬁc value of complementary sounding frequencies, modiﬁed from material provided by Ali Safaeinili 1.6 REASONHigh-LevelInstrumentDescription REASON is a dual-frequency (9 MHz and 60 MHz) radar designed to penetrate deep into Europa’s ice crust, operating over a wide range of altitudes (35 km – 1000 km) across a ﬂyby while simultaneously characterizing Europa’s surface/near-surface and exosphere. REASON uses a 1 MHz bandwidth at a 9 MHz (33.3"
11,60 MHz,e range of altitudes (35 km – 1000 km) across a ﬂyby while simultaneously characterizing Europa’s surface/near-surface and exosphere. REASON uses a 1 MHz bandwidth at a 9 MHz (33.3 m wavelength) High Frequency (HF) center frequency and a 10 MHz bandwidth at a 60 MHz (5 m wavelength) Very High Fre- quency (VHF) center frequency to achieve low-resolution (300 m in ice) full-depth sounding and high-resolution (30 m in ice) shallow sounding simultaneously. The HF center frequency of 9 MHz was selected because it enables robu
11,9 MHz,"Polar Layered Deposits (top) by SHARAD (middle) and MARSIS (bottom), illustrating the scientiﬁc value of complementary sounding frequencies, modiﬁed from material provided by Ali Safaeinili 1.6 REASONHigh-LevelInstrumentDescription REASON is a dual-frequency (9 MHz and 60 MHz) radar designed to penetrate deep into Europa’s ice crust, operating over a wide range of altitudes (35 km – 1000 km) across a ﬂyby while simultaneously characterizing Europa’s surface/near-surface and exosphere. REASON uses a 1 MHz bandwidth at a"
11,9 MHz,"and 60 MHz) radar designed to penetrate deep into Europa’s ice crust, operating over a wide range of altitudes (35 km – 1000 km) across a ﬂyby while simultaneously characterizing Europa’s surface/near-surface and exosphere. REASON uses a 1 MHz bandwidth at a 9 MHz (33.3 m wavelength) High Frequency (HF) center frequency and a 10 MHz bandwidth at a 60 MHz (5 m wavelength) Very High Fre- quency (VHF) center frequency to achieve low-resolution (300 m in ice) full-depth sounding and high-resolution (30 m in ice) shallow so"
11,9 MHz,"equency and a 10 MHz bandwidth at a 60 MHz (5 m wavelength) Very High Fre- quency (VHF) center frequency to achieve low-resolution (300 m in ice) full-depth sounding and high-resolution (30 m in ice) shallow sounding simultaneously. The HF center frequency of 9 MHz was selected because it enables robust performance in areas of high surface rough- ness while avoiding prohibitive Faraday losses below 8 MHz. Although surface and volume scattering tend to decrease with increasing wavelength (i.e., VHF is more susceptible to"
11,altitude,"mplementary sounding frequencies, modiﬁed from material provided by Ali Safaeinili 1.6 REASONHigh-LevelInstrumentDescription REASON is a dual-frequency (9 MHz and 60 MHz) radar designed to penetrate deep into Europa’s ice crust, operating over a wide range of altitudes (35 km – 1000 km) across a ﬂyby while simultaneously characterizing Europa’s surface/near-surface and exosphere. REASON uses a 1 MHz bandwidth at a 9 MHz (33.3 m wavelength) High Frequency (HF) center frequency and a 10 MHz bandwidth at a 60 MHz (5 m wavelen"
11,interferometry,"ces from radargrams requires discriminating nadir subsurface signals from off-nadir surface returns, referred to as clutter. Along-track clutter will be discriminated by SAR processing, whereas across-track clutter will be discriminated using dual-channel VHF interferometry. REASON includes two VHF receive channels (separated by an across-track baseline) that will independently receive returns from both nadir subsurface sounding targets and off-nadir across-track sur- face clutter. 1.7 REASONMeasurementTechniques REASON employs"
11,sounding,"RadarforEuropaAssessmentandSounding: OceantoNear-Surface... Page11of91 51 Fig. 8 Comparison between radargrams generated from ice-penetrating radar data collected over the Mars North Polar Layered Deposits (top) by SHARAD (middle) and MARSIS (bottom), illustrating the scientiﬁc value of complem"
11,sounding,"toNear-Surface... Page11of91 51 Fig. 8 Comparison between radargrams generated from ice-penetrating radar data collected over the Mars North Polar Layered Deposits (top) by SHARAD (middle) and MARSIS (bottom), illustrating the scientiﬁc value of complementary sounding frequencies, modiﬁed from material provided by Ali Safaeinili 1.6 REASONHigh-LevelInstrumentDescription REASON is a dual-frequency (9 MHz and 60 MHz) radar designed to penetrate deep into Europa’s ice crust, operating over a wide range of altitudes (35 km – 1"
11,sounding,d exosphere. REASON uses a 1 MHz bandwidth at a 9 MHz (33.3 m wavelength) High Frequency (HF) center frequency and a 10 MHz bandwidth at a 60 MHz (5 m wavelength) Very High Fre- quency (VHF) center frequency to achieve low-resolution (300 m in ice) full-depth sounding and high-resolution (30 m in ice) shallow sounding simultaneously. The HF center frequency of 9 MHz was selected because it enables robust performance in areas of high surface rough- ness while avoiding prohibitive Faraday losses below 8 MHz. Although surface
11,sounding,Hz (33.3 m wavelength) High Frequency (HF) center frequency and a 10 MHz bandwidth at a 60 MHz (5 m wavelength) Very High Fre- quency (VHF) center frequency to achieve low-resolution (300 m in ice) full-depth sounding and high-resolution (30 m in ice) shallow sounding simultaneously. The HF center frequency of 9 MHz was selected because it enables robust performance in areas of high surface rough- ness while avoiding prohibitive Faraday losses below 8 MHz. Although surface and volume scattering tend to decrease with increa
11,sounding,"ed by SAR processing, whereas across-track clutter will be discriminated using dual-channel VHF interferometry. REASON includes two VHF receive channels (separated by an across-track baseline) that will independently receive returns from both nadir subsurface sounding targets and off-nadir across-track sur- face clutter. 1.7 REASONMeasurementTechniques REASON employs six measurement techniques: altimetry, reﬂectometry, sounding, inter- ferometry, plasma characterization,a n dranging (Fig. 9)."
11,sounding,"by an across-track baseline) that will independently receive returns from both nadir subsurface sounding targets and off-nadir across-track sur- face clutter. 1.7 REASONMeasurementTechniques REASON employs six measurement techniques: altimetry, reﬂectometry, sounding, inter- ferometry, plasma characterization,a n dranging (Fig. 9)."
11,altimetry,"ceive channels (separated by an across-track baseline) that will independently receive returns from both nadir subsurface sounding targets and off-nadir across-track sur- face clutter. 1.7 REASONMeasurementTechniques REASON employs six measurement techniques: altimetry, reﬂectometry, sounding, inter- ferometry, plasma characterization,a n dranging (Fig. 9)."
11,ranging,"eive returns from both nadir subsurface sounding targets and off-nadir across-track sur- face clutter. 1.7 REASONMeasurementTechniques REASON employs six measurement techniques: altimetry, reﬂectometry, sounding, inter- ferometry, plasma characterization,a n dranging (Fig. 9)."
11,plasma,") that will independently receive returns from both nadir subsurface sounding targets and off-nadir across-track sur- face clutter. 1.7 REASONMeasurementTechniques REASON employs six measurement techniques: altimetry, reﬂectometry, sounding, inter- ferometry, plasma characterization,a n dranging (Fig. 9)."
11,measurement,"using dual-channel VHF interferometry. REASON includes two VHF receive channels (separated by an across-track baseline) that will independently receive returns from both nadir subsurface sounding targets and off-nadir across-track sur- face clutter. 1.7 REASONMeasurementTechniques REASON employs six measurement techniques: altimetry, reﬂectometry, sounding, inter- ferometry, plasma characterization,a n dranging (Fig. 9)."
11,measurement,"ASON includes two VHF receive channels (separated by an across-track baseline) that will independently receive returns from both nadir subsurface sounding targets and off-nadir across-track sur- face clutter. 1.7 REASONMeasurementTechniques REASON employs six measurement techniques: altimetry, reﬂectometry, sounding, inter- ferometry, plasma characterization,a n dranging (Fig. 9)."
12,altimetry,"51 Page12of91 D.D.Blankenshipetal. Fig.9 Summary of REASON ice shell domains and measurement techniques 1.7.1 Altimetry(VHF) Altimetry refers to measuring height proﬁles along-track by identifying the surface return. Due to spatial variations in attenuation within Europa’s ice shell, the observed strength of subsurface reﬂectors is an ambiguous indicator of the composition of"
12,altimetry,"51 Page12of91 D.D.Blankenshipetal. Fig.9 Summary of REASON ice shell domains and measurement techniques 1.7.1 Altimetry(VHF) Altimetry refers to measuring height proﬁles along-track by identifying the surface return. Due to spatial variations in attenuation within Europa’s ice shell, the observed strength of subsurface reﬂectors is an ambiguous indicator of the composition of the materials t"
12,altimetry,"ue to spatial variations in attenuation within Europa’s ice shell, the observed strength of subsurface reﬂectors is an ambiguous indicator of the composition of the materials that deﬁne the interface (e.g., ice–water vs. ice–salt interface). As such, REASON’s altimetry measurement is required to discriminate hydrostatic reﬂectors, such as an ice–water inter- face from non-hydrostatic reﬂectors, such as an ice–salt interface. Subsurface water can be"
12,measurement,"51 Page12of91 D.D.Blankenshipetal. Fig.9 Summary of REASON ice shell domains and measurement techniques 1.7.1 Altimetry(VHF) Altimetry refers to measuring height proﬁles along-track by identifying the surface return. Due to spatial variations in attenuation within Europa’s ice shell, the observed strength of subsurface reﬂectors is an ambiguous indic"
12,measurement,"ial variations in attenuation within Europa’s ice shell, the observed strength of subsurface reﬂectors is an ambiguous indicator of the composition of the materials that deﬁne the interface (e.g., ice–water vs. ice–salt interface). As such, REASON’s altimetry measurement is required to discriminate hydrostatic reﬂectors, such as an ice–water inter- face from non-hydrostatic reﬂectors, such as an ice–salt interface. Subsurface water can be"
13,bandwidth,"ta then allows matching the surface return to the leading edge of the waveform. Despite being derived from ocean altimetry, the method has been applied with great success to SHARAD data on Mars (Steinbrügge et al. 2021). 1.7.2 Reﬂectometry(HF,VHF) The limited bandwidth (i.e., vertical resolution) of REASON limits direct imaging of the upper few hundred meters of the ice shell. As illustrated in Fig. 10, attenuation (i.e., elec- trical conductivity) should be very low in this cold, near-surface region, so all interfaces with"
13,bandwidth,"vertical resolution) of REASON limits direct imaging of the upper few hundred meters of the ice shell. As illustrated in Fig. 10, attenuation (i.e., elec- trical conductivity) should be very low in this cold, near-surface region, so all interfaces within the bandwidth-limited waveform should contribute to the echo. By comparing the distribution of the surface echo strengths from a resolution cell with a theoretical probabil- ity density function that accounts for stationary signal scattering, we can obtain the coherent and"
13,interferometry,"VHFsounding extends to depths of 30 km, producing radargrams with higher vertical resolution (by a factor of∼ 10) compared to the HF radargrams below 3 km. To reduce data volume, full-depth VHF sacriﬁces both radiometric ﬁdelity (by reducing the bit depth) andinterferometry (by combining channels). Simultaneous acquisition of HF and VHF allows us to correct for plasma effects through their different responses to charged particle density. By recording raw coherent radar echoes with phase intact and transmitting them to Earth, REA"
13,pulse,"od derived from ocean altimetry to identify the surface return most likely originating from nadir. The method is based on the idea that from a rough surface the altimetric return can be described by a Brown model (Brown 1977). A subsequent parameter ﬁt on the pulse compressed data then allows matching the surface return to the leading edge of the waveform. Despite being derived from ocean altimetry, the method has been applied with great success to SHARAD data on Mars (Steinbrügge et al. 2021). 1.7.2 Reﬂectometry(HF,VHF"
13,sounding,"RadarforEuropaAssessmentandSounding: OceantoNear-Surface... Page13of91 51 conﬁrmed through hydrostatic analysis by comparing any inferred ice thickness, obtained using the measured surface elevation and an assumed density contrast between water and ice, to the measured ice thickness, obtained u"
13,sounding,"bglacial lakes under Earth’s ice sheets (Kapitsa et al. 1996;C a r t e re ta l .2007). Similarly, this approach allows for non-water struc- tures to be identiﬁed if the features do not have a hydrostatic relationship with the surface. It is the combination of sounding and altimetry that is required to characterize observed subsurface reﬂectors. REASON altimetry will be using a waveform ﬁtting method derived from ocean altimetry to identify the surface return most likely originating from nadir. The method is based on the id"
13,sounding,"component. Such large anomalies in the coherent component of the backscattered signal may be a sign of recent brines within the near-surface (Grima et al. 2016;H a y n e se ta l .2018b), which would have signiﬁcant implications for exchange pro- cesses. 1.7.3 Sounding(HF,VHF) REASON’s sounding measurement is required to produce HF and shallow VHF radargrams up to depths of 30 km and 3 km, respectively. Full-depth VHFsounding extends to depths of 30 km, producing radargrams with higher vertical resolution (by a factor of∼ 1"
13,sounding,"alies in the coherent component of the backscattered signal may be a sign of recent brines within the near-surface (Grima et al. 2016;H a y n e se ta l .2018b), which would have signiﬁcant implications for exchange pro- cesses. 1.7.3 Sounding(HF,VHF) REASON’s sounding measurement is required to produce HF and shallow VHF radargrams up to depths of 30 km and 3 km, respectively. Full-depth VHFsounding extends to depths of 30 km, producing radargrams with higher vertical resolution (by a factor of∼ 10) compared to the HF rada"
13,sounding,"H a y n e se ta l .2018b), which would have signiﬁcant implications for exchange pro- cesses. 1.7.3 Sounding(HF,VHF) REASON’s sounding measurement is required to produce HF and shallow VHF radargrams up to depths of 30 km and 3 km, respectively. Full-depth VHFsounding extends to depths of 30 km, producing radargrams with higher vertical resolution (by a factor of∼ 10) compared to the HF radargrams below 3 km. To reduce data volume, full-depth VHF sacriﬁces both radiometric ﬁdelity (by reducing the bit depth) andinterferome"
13,altimetry,"s under Earth’s ice sheets (Kapitsa et al. 1996;C a r t e re ta l .2007). Similarly, this approach allows for non-water struc- tures to be identiﬁed if the features do not have a hydrostatic relationship with the surface. It is the combination of sounding and altimetry that is required to characterize observed subsurface reﬂectors. REASON altimetry will be using a waveform ﬁtting method derived from ocean altimetry to identify the surface return most likely originating from nadir. The method is based on the idea that from a"
13,altimetry,"ly, this approach allows for non-water struc- tures to be identiﬁed if the features do not have a hydrostatic relationship with the surface. It is the combination of sounding and altimetry that is required to characterize observed subsurface reﬂectors. REASON altimetry will be using a waveform ﬁtting method derived from ocean altimetry to identify the surface return most likely originating from nadir. The method is based on the idea that from a rough surface the altimetric return can be described by a Brown model (Brown 197"
13,altimetry,if the features do not have a hydrostatic relationship with the surface. It is the combination of sounding and altimetry that is required to characterize observed subsurface reﬂectors. REASON altimetry will be using a waveform ﬁtting method derived from ocean altimetry to identify the surface return most likely originating from nadir. The method is based on the idea that from a rough surface the altimetric return can be described by a Brown model (Brown 1977). A subsequent parameter ﬁt on the pulse compressed data then allo
13,altimetry,"hat from a rough surface the altimetric return can be described by a Brown model (Brown 1977). A subsequent parameter ﬁt on the pulse compressed data then allows matching the surface return to the leading edge of the waveform. Despite being derived from ocean altimetry, the method has been applied with great success to SHARAD data on Mars (Steinbrügge et al. 2021). 1.7.2 Reﬂectometry(HF,VHF) The limited bandwidth (i.e., vertical resolution) of REASON limits direct imaging of the upper few hundred meters of the ice shell. As"
13,plasma,"r of∼ 10) compared to the HF radargrams below 3 km. To reduce data volume, full-depth VHF sacriﬁces both radiometric ﬁdelity (by reducing the bit depth) andinterferometry (by combining channels). Simultaneous acquisition of HF and VHF allows us to correct for plasma effects through their different responses to charged particle density. By recording raw coherent radar echoes with phase intact and transmitting them to Earth, REASON has the capacity for SAR pro- cessing to achieve high along-track resolution through post-ac"
13,measurement,"the coherent component of the backscattered signal may be a sign of recent brines within the near-surface (Grima et al. 2016;H a y n e se ta l .2018b), which would have signiﬁcant implications for exchange pro- cesses. 1.7.3 Sounding(HF,VHF) REASON’s sounding measurement is required to produce HF and shallow VHF radargrams up to depths of 30 km and 3 km, respectively. Full-depth VHFsounding extends to depths of 30 km, producing radargrams with higher vertical resolution (by a factor of∼ 10) compared to the HF radargrams below"
14,altitude,"o produce radargrams capable of recording subsurface echoes from speciﬁc maximum depths, this does not imply that interfaces will necessarily be detected to these depths in practice. The depth to which a radargram can be produced is governed by the spacecraft altitude, length of the receive win- dow, and data volume constraints, whereas the depth to which the HF and VHF signals can penetrate is governed by key parameters that describe the radar performance, observational parameters such as spacecraft altitude, and the unkn"
14,altitude,"he spacecraft altitude, length of the receive win- dow, and data volume constraints, whereas the depth to which the HF and VHF signals can penetrate is governed by key parameters that describe the radar performance, observational parameters such as spacecraft altitude, and the unknown properties of Europa that can atten- uate the transmitted signal. Radar waves scatter from structures in the ice (e.g., voids), but the resulting losses are not expected to be signiﬁcant obstacles to penetration (Aglyamov et al. 2017). In con"
14,pulse,". Fig.10 Modeled radar attenuation in Europa’s ice shell adopting the thermal model of Chyba et al. ( 1998), electrical parameters of Moore (2000), and the regime modes described in Table 4 process of combining (coherently summing) the returns from individual pulses to increase the SNR. Due to the design of the Europa Clipper mission as a multiple ﬂyby mission, the SAR focusing architecture must be tailored to REASON and will be distinct from previous orbital radar missions (Scanlan et al. 2021). Note that although soun"
14,sounding,"ulses to increase the SNR. Due to the design of the Europa Clipper mission as a multiple ﬂyby mission, the SAR focusing architecture must be tailored to REASON and will be distinct from previous orbital radar missions (Scanlan et al. 2021). Note that although sounding measurements are required to produce radargrams capable of recording subsurface echoes from speciﬁc maximum depths, this does not imply that interfaces will necessarily be detected to these depths in practice. The depth to which a radargram can be produced is"
14,sounding,"esulting losses are not expected to be signiﬁcant obstacles to penetration (Aglyamov et al. 2017). In contrast, attenuation in warm ice with impurities could reduce penetration signiﬁcantly (Fig. 10). An organizing principle of REASON’s approach to subsurface sounding is the concept of a non- linear dependence of radar signal attenuation on temperature in a thermally conductive ice shell, overlying an ice–water interface, or a thermally conductive lid, overlying a convective ice layer (Fig. 10). Although the most reﬂective"
14,measurement,"increase the SNR. Due to the design of the Europa Clipper mission as a multiple ﬂyby mission, the SAR focusing architecture must be tailored to REASON and will be distinct from previous orbital radar missions (Scanlan et al. 2021). Note that although sounding measurements are required to produce radargrams capable of recording subsurface echoes from speciﬁc maximum depths, this does not imply that interfaces will necessarily be detected to these depths in practice. The depth to which a radargram can be produced is governed by"
15,altitude,"ss-track VHF receive channels will depend on the cross-track look-angle to the feature generating the reﬂection. A channel-to-channel phase measurement accuracy of 9° allows discrimination of clutter from the shallowest nadir sounding targets (150 m at 400 km altitude). For lower altitudes Fig. 11 Illustration of the geometry involved in interferometry, including two representations of off-nadir surface features that could generate clutter, where “ribbons” represent rough, ﬂat terrain and “curbs” represent smooth, angled t"
15,altitude,"channels will depend on the cross-track look-angle to the feature generating the reﬂection. A channel-to-channel phase measurement accuracy of 9° allows discrimination of clutter from the shallowest nadir sounding targets (150 m at 400 km altitude). For lower altitudes Fig. 11 Illustration of the geometry involved in interferometry, including two representations of off-nadir surface features that could generate clutter, where “ribbons” represent rough, ﬂat terrain and “curbs” represent smooth, angled terrain (EPM refers to"
15,interferometry,he possibility of local or regional heterogeneities in attenuation rate through the ice shell. Sounding will allow us to search for subsurface interfaces but to characterize the resultant echoes will require additional information provided by altimetry. 1.7.4 Interferometry(VHF) Interferometry is a radar technique which involves comparing the phase of echoes recorded by separate receivers to establish whether the echo is from a subsurface nadir target or an off-nadir cross-track surface/subsurface feature (Castelletti et al. 201
15,interferometry,cal or regional heterogeneities in attenuation rate through the ice shell. Sounding will allow us to search for subsurface interfaces but to characterize the resultant echoes will require additional information provided by altimetry. 1.7.4 Interferometry(VHF) Interferometry is a radar technique which involves comparing the phase of echoes recorded by separate receivers to establish whether the echo is from a subsurface nadir target or an off-nadir cross-track surface/subsurface feature (Castelletti et al. 2017; Haynes et al. 201
15,interferometry,"eature generating the reﬂection. A channel-to-channel phase measurement accuracy of 9° allows discrimination of clutter from the shallowest nadir sounding targets (150 m at 400 km altitude). For lower altitudes Fig. 11 Illustration of the geometry involved in interferometry, including two representations of off-nadir surface features that could generate clutter, where “ribbons” represent rough, ﬂat terrain and “curbs” represent smooth, angled terrain (EPM refers to Europa Point Model, Sect. 4.3)"
15,sounding,RadarforEuropaAssessmentandSounding: OceantoNear-Surface... Page15of91 51 enhanced signal attenuation experienced as the interface is approached. Note that correlat- ing variations in echo strength to variations in subsurface permittivity is challenging due to the possibility of local or region
15,sounding,tion experienced as the interface is approached. Note that correlat- ing variations in echo strength to variations in subsurface permittivity is challenging due to the possibility of local or regional heterogeneities in attenuation rate through the ice shell. Sounding will allow us to search for subsurface interfaces but to characterize the resultant echoes will require additional information provided by altimetry. 1.7.4 Interferometry(VHF) Interferometry is a radar technique which involves comparing the phase of echoes re
15,sounding,"the echoes recorded by the two cross-track VHF receive channels will depend on the cross-track look-angle to the feature generating the reﬂection. A channel-to-channel phase measurement accuracy of 9° allows discrimination of clutter from the shallowest nadir sounding targets (150 m at 400 km altitude). For lower altitudes Fig. 11 Illustration of the geometry involved in interferometry, including two representations of off-nadir surface features that could generate clutter, where “ribbons” represent rough, ﬂat terrain and"
15,altimetry,llenging due to the possibility of local or regional heterogeneities in attenuation rate through the ice shell. Sounding will allow us to search for subsurface interfaces but to characterize the resultant echoes will require additional information provided by altimetry. 1.7.4 Interferometry(VHF) Interferometry is a radar technique which involves comparing the phase of echoes recorded by separate receivers to establish whether the echo is from a subsurface nadir target or an off-nadir cross-track surface/subsurface feature (
15,measurement,"due to small differences in traveled path lengths, echoes from cross-track surface features will exhibit slightly different phases (Haynes et al.2018a). Assuming that both the sub-surface nadir target and the surface off-nadir clutter will have similar phase measurement errors, the phase measurement accuracy should not be larger than half of the minimum interferometric phase of clutter minus any unknown interferomet- ric phase bias. The actual phase measurement accuracy is taken as one standard deviation of the interferometr"
15,measurement,"raveled path lengths, echoes from cross-track surface features will exhibit slightly different phases (Haynes et al.2018a). Assuming that both the sub-surface nadir target and the surface off-nadir clutter will have similar phase measurement errors, the phase measurement accuracy should not be larger than half of the minimum interferometric phase of clutter minus any unknown interferomet- ric phase bias. The actual phase measurement accuracy is taken as one standard deviation of the interferometric phase which depends on SNR"
15,measurement,"target and the surface off-nadir clutter will have similar phase measurement errors, the phase measurement accuracy should not be larger than half of the minimum interferometric phase of clutter minus any unknown interferomet- ric phase bias. The actual phase measurement accuracy is taken as one standard deviation of the interferometric phase which depends on SNR and number of independent samples. By quantifying the interferometric phase between echoes recorded on the two cross- track VHF receive channels, we will discriminat"
15,measurement,"ff-nadir surface feature (Fig.11). The magnitude of the interferometric phase between the echoes recorded by the two cross-track VHF receive channels will depend on the cross-track look-angle to the feature generating the reﬂection. A channel-to-channel phase measurement accuracy of 9° allows discrimination of clutter from the shallowest nadir sounding targets (150 m at 400 km altitude). For lower altitudes Fig. 11 Illustration of the geometry involved in interferometry, including two representations of off-nadir surface feat"
16,bandwidth,"ondispersive VHF altimetry (Scanlan et al. 2019). However, this is a different approach than the autofocusing methods implemented for Martian radar sounders (Safaeinili et al. 2003, 2007; Campbell et al. 2011; Campbell and Watters 2016) as the 1 MHz REASON HF bandwidth is not wide enough to exhibit appreciable defocusing effects such as are observed in MARSIS and SHARAD data and no defocusing is expected across the REASON VHF band (Grima et al. 2015). This inversion allows ionospheric correction for HF sounding (Mouginot et"
16,frequency,"rences between the two VHF channels. 1.7.5 PlasmaCharacterization(HF,VHF) The dispersion of the HF radar signal due to plasma and particles in the exosphere can be used to invert for the TEC below the spacecraft. Because increasing electron density introduces frequency-dependent phase shifts in radar signals (Safaeinili et al. 2003, 2007; Campbell et al. 2011, 2013b; Campbell and Watters 2016), the relative delay between the HF and VHF surface echoes can be used to infer TEC (Scanlan et al. 2019). We will use inversion tech"
16,sounding,"z REASON HF bandwidth is not wide enough to exhibit appreciable defocusing effects such as are observed in MARSIS and SHARAD data and no defocusing is expected across the REASON VHF band (Grima et al. 2015). This inversion allows ionospheric correction for HF sounding (Mouginot et al. 2008) with simultaneous searching for active plumes, cryovolcanic eruptions of water originating from Europa’s subsurface, indicated by localized TEC anomalies caused by the ionization of plume-supplied neutral particles (Cartacci et al.2013)"
16,sounding,", cryovolcanic eruptions of water originating from Europa’s subsurface, indicated by localized TEC anomalies caused by the ionization of plume-supplied neutral particles (Cartacci et al.2013). Concurrent observations between the Plasma Instrument for Magnetic Sounding (PIMS) (see Westlake et al.2023, this collection) and REASON instruments would provide electron densities at the spacecraft location along with the TEC between the spacecraft and surface. This combination could better constrain the local ionospheric density p"
16,altimetry,"the HF and VHF surface echoes can be used to infer TEC (Scanlan et al. 2019). We will use inversion techniques proven with MARSIS and SHARAD data (e.g., maximizing surface echo contrast) and verify our analyses through comparison to largely nondispersive VHF altimetry (Scanlan et al. 2019). However, this is a different approach than the autofocusing methods implemented for Martian radar sounders (Safaeinili et al. 2003, 2007; Campbell et al. 2011; Campbell and Watters 2016) as the 1 MHz REASON HF bandwidth is not wide enou"
16,altimetry,"is combination could better constrain the local ionospheric density proﬁle important for quantifying the plasma dynamic interac- tion at Europa and any potential contributions from the ionosphere to the observed induction signature. 1.7.6 Ranging(VHF) Whereas altimetry refers to measuring height proﬁles along-track by identifying the surface return, ranging is intended to provide a differential range to a crossover point by combining stereo-derived Digital Terrain Models (DTMs) from the Europa Imaging System (see Tur- tle e"
16,ranging,"craft and surface. This combination could better constrain the local ionospheric density proﬁle important for quantifying the plasma dynamic interac- tion at Europa and any potential contributions from the ionosphere to the observed induction signature. 1.7.6 Ranging(VHF) Whereas altimetry refers to measuring height proﬁles along-track by identifying the surface return, ranging is intended to provide a differential range to a crossover point by combining stereo-derived Digital Terrain Models (DTMs) from the Europa Imaging"
16,ranging,"ntifying the plasma dynamic interac- tion at Europa and any potential contributions from the ionosphere to the observed induction signature. 1.7.6 Ranging(VHF) Whereas altimetry refers to measuring height proﬁles along-track by identifying the surface return, ranging is intended to provide a differential range to a crossover point by combining stereo-derived Digital Terrain Models (DTMs) from the Europa Imaging System (see Tur- tle et al. 2024, this collection) with REASON radargrams. Ranging, when combined with orbit det"
16,ranging,"entifying the surface return, ranging is intended to provide a differential range to a crossover point by combining stereo-derived Digital Terrain Models (DTMs) from the Europa Imaging System (see Tur- tle et al. 2024, this collection) with REASON radargrams. Ranging, when combined with orbit determination, allows the tidal Love number, h 2, to be estimated directly (Mazarico et al. 2014). Simple conﬁrmation of the ocean’s existence, via measurement of h 2, requires sampling the amplitude of the tidal deformation with a s"
16,ranging,"a spatial and temporal distribution that adequately samples the tidal potential (Sect. 2.3.4). REASON will make use of accu- rate orbit determination, in coordination with radio science, to contribute to determining the amplitude of gravitational tides using ranging at crossover points. Here, crossover points provide differential range measurements (Steinbrügge et al. 2018)."
16,plasma,"er a wavelength. The capacity to use the two REASON VHF cross- track channels to separate echoes via phase will be a function of the SNR of the echoes, the phase stability of the VHF channels, and internal phase differences between the two VHF channels. 1.7.5 PlasmaCharacterization(HF,VHF) The dispersion of the HF radar signal due to plasma and particles in the exosphere can be used to invert for the TEC below the spacecraft. Because increasing electron density introduces frequency-dependent phase shifts in radar signals"
16,plasma,"s to separate echoes via phase will be a function of the SNR of the echoes, the phase stability of the VHF channels, and internal phase differences between the two VHF channels. 1.7.5 PlasmaCharacterization(HF,VHF) The dispersion of the HF radar signal due to plasma and particles in the exosphere can be used to invert for the TEC below the spacecraft. Because increasing electron density introduces frequency-dependent phase shifts in radar signals (Safaeinili et al. 2003, 2007; Campbell et al. 2011, 2013b; Campbell and Wa"
16,plasma,"ous searching for active plumes, cryovolcanic eruptions of water originating from Europa’s subsurface, indicated by localized TEC anomalies caused by the ionization of plume-supplied neutral particles (Cartacci et al.2013). Concurrent observations between the Plasma Instrument for Magnetic Sounding (PIMS) (see Westlake et al.2023, this collection) and REASON instruments would provide electron densities at the spacecraft location along with the TEC between the spacecraft and surface. This combination could better constrai"
16,plasma,"is collection) and REASON instruments would provide electron densities at the spacecraft location along with the TEC between the spacecraft and surface. This combination could better constrain the local ionospheric density proﬁle important for quantifying the plasma dynamic interac- tion at Europa and any potential contributions from the ionosphere to the observed induction signature. 1.7.6 Ranging(VHF) Whereas altimetry refers to measuring height proﬁles along-track by identifying the surface return, ranging is intended"
16,measurement,"ng System (see Tur- tle et al. 2024, this collection) with REASON radargrams. Ranging, when combined with orbit determination, allows the tidal Love number, h 2, to be estimated directly (Mazarico et al. 2014). Simple conﬁrmation of the ocean’s existence, via measurement of h 2, requires sampling the amplitude of the tidal deformation with a spatial and temporal distribution that adequately samples the tidal potential (Sect. 2.3.4). REASON will make use of accu- rate orbit determination, in coordination with radio science, to"
16,measurement,"l (Sect. 2.3.4). REASON will make use of accu- rate orbit determination, in coordination with radio science, to contribute to determining the amplitude of gravitational tides using ranging at crossover points. Here, crossover points provide differential range measurements (Steinbrügge et al. 2018)."
17,interferometry,"try (HF, VHF) Altimetry (VHF) Determine regolith cohesiveness, thickness, and subsurface layering; surface roughness and slopes; and the distribution of blocks Surface to Near-Surface Global Mapping Shallow Subsurface Sounding (HF, VHF) Reﬂectometry (HF, VHF) Interferometry (VHF) Altimetry (VHF) Map the distribution of subsurface water, near-surface brines, ice shell structure, and exchange processes by characterizing the electromagnetic properties and interface geometries Shallow Subsurface Global Mapping Full Depth Subsurface"
17,sounding,"RadarforEuropaAssessmentandSounding: OceantoNear-Surface... Page17of91 51 2R E A S O N S c i e n c e 2.1 DrivingHypotheses,ScienceObjectives,andStrategicScienceGuidance The REASON instrument has been designed to test three key hypotheses: (1) The ice shell of Europa hosts lenses of liquid water"
17,sounding,"Science Near-Surface Properties Reﬂectometry (HF, VHF) Altimetry (VHF) Determine regolith cohesiveness, thickness, and subsurface layering; surface roughness and slopes; and the distribution of blocks Surface to Near-Surface Global Mapping Shallow Subsurface Sounding (HF, VHF) Reﬂectometry (HF, VHF) Interferometry (VHF) Altimetry (VHF) Map the distribution of subsurface water, near-surface brines, ice shell structure, and exchange processes by characterizing the electromagnetic properties and interface geometries Shallow"
17,sounding,"ear-surface brines, ice shell structure, and exchange processes by characterizing the electromagnetic properties and interface geometries Shallow Subsurface Global Mapping Full Depth Subsurface Exchange Full Depth Subsurface Global Mapping Ice-Ocean Interface Sounding (HF, VHF) Altimetry (VHF) Search for an ice-ocean interface by characterizing the surface elevation and ice shell thermophysical properties, as well as searching directly for any ice-ocean interfaces Ice-Ocean Interface Global Search"
17,altimetry,"ction). Seven additional REASON Extended Science datasets also compati- Table 1 Datasets for REASON Guiding and Extended Science REASON Dataset Name Measurements Description Domain Coverage REASON Guiding Science Near-Surface Properties Reﬂectometry (HF, VHF) Altimetry (VHF) Determine regolith cohesiveness, thickness, and subsurface layering; surface roughness and slopes; and the distribution of blocks Surface to Near-Surface Global Mapping Shallow Subsurface Sounding (HF, VHF) Reﬂectometry (HF, VHF) Interferometry (VHF) Al"
17,altimetry,"ry (VHF) Determine regolith cohesiveness, thickness, and subsurface layering; surface roughness and slopes; and the distribution of blocks Surface to Near-Surface Global Mapping Shallow Subsurface Sounding (HF, VHF) Reﬂectometry (HF, VHF) Interferometry (VHF) Altimetry (VHF) Map the distribution of subsurface water, near-surface brines, ice shell structure, and exchange processes by characterizing the electromagnetic properties and interface geometries Shallow Subsurface Global Mapping Full Depth Subsurface Exchange Full De"
17,altimetry,"ice shell structure, and exchange processes by characterizing the electromagnetic properties and interface geometries Shallow Subsurface Global Mapping Full Depth Subsurface Exchange Full Depth Subsurface Global Mapping Ice-Ocean Interface Sounding (HF, VHF) Altimetry (VHF) Search for an ice-ocean interface by characterizing the surface elevation and ice shell thermophysical properties, as well as searching directly for any ice-ocean interfaces Ice-Ocean Interface Global Search"
17,science objectives,"te interior and is subject to tidal ﬂexing. (3) The exosphere, near-surface, ice shell, and ocean participate in exchange essential to the habitability of this moon. To test these hypotheses and support future exploration, REASON will accomplish the following science objectives: (1) Characterize the distribution of any shallow subsurface water; (2) Investigate the processes governing material exchange among the ocean, ice shell, sur- face, and exosphere; (3) Search for an ice–ocean interface and characterize the ice shell’s global t"
17,measurement,"rectly contribute to Europa Clipper’s Level 1 (L1) science requirements (see Pappalardo et al. 2024, this collection). Seven additional REASON Extended Science datasets also compati- Table 1 Datasets for REASON Guiding and Extended Science REASON Dataset Name Measurements Description Domain Coverage REASON Guiding Science Near-Surface Properties Reﬂectometry (HF, VHF) Altimetry (VHF) Determine regolith cohesiveness, thickness, and subsurface layering; surface roughness and slopes; and the distribution of blocks Surface to Nea"
18,interferometry,"ll Thermal Anomaly Search Sounding (HF, VHF) Reﬂectometry (HF, VHF) Altimetry (VHF) Characterize the thermal signatures of current or recent geological activity Full Depth Subsurface Global Mapping Subsurface Landform Sounding (HF, VHF) Reﬂectometry (HF, VHF) Interferometry (VHF) Altimetry (VHF) Characterize the subsurface structure, near-surface characteristics, and surface topography of major geologic landforms Shallow Subsurface Global Mapping Shallow Composition Reﬂectometry (HF, VHF) Altimetry (VHF) Assess the composition o"
18,sounding,"-degree Love number h 2 to 0.3 absolute accuracy, to conﬁrm the existence of a subsurface ocean and constrain the ice shell thickness Ice–Ocean Interface Intersections distributed with respect to orbital position and geography Ice Shell Thermal Anomaly Search Sounding (HF, VHF) Reﬂectometry (HF, VHF) Altimetry (VHF) Characterize the thermal signatures of current or recent geological activity Full Depth Subsurface Global Mapping Subsurface Landform Sounding (HF, VHF) Reﬂectometry (HF, VHF) Interferometry (VHF) Altimetry (VH"
18,sounding,"to orbital position and geography Ice Shell Thermal Anomaly Search Sounding (HF, VHF) Reﬂectometry (HF, VHF) Altimetry (VHF) Characterize the thermal signatures of current or recent geological activity Full Depth Subsurface Global Mapping Subsurface Landform Sounding (HF, VHF) Reﬂectometry (HF, VHF) Interferometry (VHF) Altimetry (VHF) Characterize the subsurface structure, near-surface characteristics, and surface topography of major geologic landforms Shallow Subsurface Global Mapping Shallow Composition Reﬂectometry (H"
18,altimetry,"curacy, to conﬁrm the existence of a subsurface ocean and constrain the ice shell thickness Ice–Ocean Interface Intersections distributed with respect to orbital position and geography Ice Shell Thermal Anomaly Search Sounding (HF, VHF) Reﬂectometry (HF, VHF) Altimetry (VHF) Characterize the thermal signatures of current or recent geological activity Full Depth Subsurface Global Mapping Subsurface Landform Sounding (HF, VHF) Reﬂectometry (HF, VHF) Interferometry (VHF) Altimetry (VHF) Characterize the subsurface structure, n"
18,altimetry,"arch Sounding (HF, VHF) Reﬂectometry (HF, VHF) Altimetry (VHF) Characterize the thermal signatures of current or recent geological activity Full Depth Subsurface Global Mapping Subsurface Landform Sounding (HF, VHF) Reﬂectometry (HF, VHF) Interferometry (VHF) Altimetry (VHF) Characterize the subsurface structure, near-surface characteristics, and surface topography of major geologic landforms Shallow Subsurface Global Mapping Shallow Composition Reﬂectometry (HF, VHF) Altimetry (VHF) Assess the composition of surface materi"
18,altimetry,"F) Reﬂectometry (HF, VHF) Interferometry (VHF) Altimetry (VHF) Characterize the subsurface structure, near-surface characteristics, and surface topography of major geologic landforms Shallow Subsurface Global Mapping Shallow Composition Reﬂectometry (HF, VHF) Altimetry (VHF) Assess the composition of surface materials, the geological context of the surface, the potential for geological activity, the existence of near-surface water and the potential for active upwelling of ocean-derived material Surface to Near-Surface Globa"
18,ranging,"51 Page18of91 D.D.Blankenshipetal. Table 1 (Continued) REASON Dataset Name Measurements Description Domain Coverage REASON Extended Science Tidal Deformation Ranging (VHF) Characterize the topographic signature of the tidal shape by constraining the second-degree Love number h 2 to 0.3 absolute accuracy, to conﬁrm the existence of a subsurface ocean and constrain the ice shell thickness Ice–Ocean Interface Intersections d"
18,plasma,"ater and the potential for active upwelling of ocean-derived material Surface to Near-Surface Global Searching Surface Activity Evidence Reﬂectometry (HF, VHF) Search for spatial variations in surface density that are indicative of plume deposits Near-Surface Plasma Column Density Plasma Characterization (HF, VHF) Characterize the TEC of the local ionosphere with a detection threshold and measurement accuracy value of 3 × 10 14 m−2. Exosphere Plume Search Plasma Characterization (HF, VHF) Search for active plumes below t"
18,plasma,"for active upwelling of ocean-derived material Surface to Near-Surface Global Searching Surface Activity Evidence Reﬂectometry (HF, VHF) Search for spatial variations in surface density that are indicative of plume deposits Near-Surface Plasma Column Density Plasma Characterization (HF, VHF) Characterize the TEC of the local ionosphere with a detection threshold and measurement accuracy value of 3 × 10 14 m−2. Exosphere Plume Search Plasma Characterization (HF, VHF) Search for active plumes below the spacecraft with a d"
18,plasma,"density that are indicative of plume deposits Near-Surface Plasma Column Density Plasma Characterization (HF, VHF) Characterize the TEC of the local ionosphere with a detection threshold and measurement accuracy value of 3 × 10 14 m−2. Exosphere Plume Search Plasma Characterization (HF, VHF) Search for active plumes below the spacecraft with a detection threshold TEC value of 3 × 10 14 m−2 Exosphere ble with these hypotheses and objectives will be collected in the course of REASON opera- tions (Table 1). The requirement"
18,measurement,"51 Page18of91 D.D.Blankenshipetal. Table 1 (Continued) REASON Dataset Name Measurements Description Domain Coverage REASON Extended Science Tidal Deformation Ranging (VHF) Characterize the topographic signature of the tidal shape by constraining the second-degree Love number h 2 to 0.3 absolute accuracy, to conﬁrm the existence of a subsurface"
18,measurement,"ence Reﬂectometry (HF, VHF) Search for spatial variations in surface density that are indicative of plume deposits Near-Surface Plasma Column Density Plasma Characterization (HF, VHF) Characterize the TEC of the local ionosphere with a detection threshold and measurement accuracy value of 3 × 10 14 m−2. Exosphere Plume Search Plasma Characterization (HF, VHF) Search for active plumes below the spacecraft with a detection threshold TEC value of 3 × 10 14 m−2 Exosphere ble with these hypotheses and objectives will be collected"
19,altitude,"ies that differ due to variations in tidal dissipation, surface temperature, and ocean forcing (see Pappalardo et al. 2024, this collection). Segments represent portions of the groundtrack within a panel where REASON measurements can be obtained (e.g., within altitude limits). Intersections are signiﬁcant because they enable the independent registration and extension of 2D proﬁles, collected along segments, to understand 3D subsurface structure. Analysis of signal char- acter at intersections additionally represents a path"
19,altitude,"mission. Global coverage is considered achieved when ≥11 of the 14 panels are sampled by groundtrack segments. For all REASON Guiding Science datasets except for the Ice–Ocean Interface dataset, groundtrack segments must be at least 800 km in length, below an altitude of 400 km, and intersect multiple times (2 anti-Jovian and 1 sub-Jovian) to count toward global coverage. Note that global coverage is skewed towards the anti-Jovian hemisphere where both frequencies can operate (i.e., where the HF is shielded from Jovian dec"
19,altitude,"nti-Jovian hemisphere where both frequencies can operate (i.e., where the HF is shielded from Jovian decametric noise). For the Ice–Ocean Interface dataset, groundtrack segments are not required to inter- sect, but must be at least 1600 km in length, below an altitude of 1000 km. To search for an ice–ocean interface, correlated gradients in ice thickness and surface elevation must be tracked at the panel scale (∼ 1600 km per side). This coverage supports a detailed characterization of the following ice shell domains (Fig."
19,sounding,"RadarforEuropaAssessmentandSounding: OceantoNear-Surface... Page19of91 51 2.2 RequirementsforCoverageQuality Requirements imposed on the groundtrack distribution of ﬂybys are similarly organized by the REASON Guiding Science datasets, and are speciﬁed in terms of panels, segments, and intersect"
19,measurement,"which sample domains of Europa with properties that differ due to variations in tidal dissipation, surface temperature, and ocean forcing (see Pappalardo et al. 2024, this collection). Segments represent portions of the groundtrack within a panel where REASON measurements can be obtained (e.g., within altitude limits). Intersections are signiﬁcant because they enable the independent registration and extension of 2D proﬁles, collected along segments, to understand 3D subsurface structure. Analysis of signal char- acter at inte"
20,frequency,"ate them. 2.3.1 Exosphere Much of our knowledge of the magnetospheric environment of Europa comes from Galileo observations (Gurnett et al. 1998; Kurth et al. 2001; Bagenal et al. 2016, 2017). These are largely due to inference from the upper hybrid resonance frequency which, with the mea- sured magnetic ﬁeld, allows a determination of the electron plasma frequency, hence elec- tron density. Kurth et al. (2001) showed that the electron density near Europa’s orbit could vary from about 50 cm −3 to over 500 cm −3 although the"
20,frequency,"from Galileo observations (Gurnett et al. 1998; Kurth et al. 2001; Bagenal et al. 2016, 2017). These are largely due to inference from the upper hybrid resonance frequency which, with the mea- sured magnetic ﬁeld, allows a determination of the electron plasma frequency, hence elec- tron density. Kurth et al. (2001) showed that the electron density near Europa’s orbit could vary from about 50 cm −3 to over 500 cm −3 although the latter was an exceptional case observed near the E12 ﬂyby. Typical values are closer to 100 cm −3"
20,altitude,"the E4, E6, E19 and E24 ﬂybys (Kliore et al.1997; McGrath et al.2009) reveal a mostly surface-bound ionosphere (i.e., with the highest density layer at or near the surface) except for one proﬁle exhibiting a maximum electron density of ∼ 10 4 cm−3 at ∼ 100 km altitude. The plasma scale height is reported to be 240 ± 40 km near the surface and 440 ± 60 km above 300 km, and the TEC can reach up to ∼ 4 × 1015 m−2. However, three occultation detections were negative (i.e., weak to non-detection) near the downstream wake region"
20,plasma,"comes from Galileo observations (Gurnett et al. 1998; Kurth et al. 2001; Bagenal et al. 2016, 2017). These are largely due to inference from the upper hybrid resonance frequency which, with the mea- sured magnetic ﬁeld, allows a determination of the electron plasma frequency, hence elec- tron density. Kurth et al. (2001) showed that the electron density near Europa’s orbit could vary from about 50 cm −3 to over 500 cm −3 although the latter was an exceptional case observed near the E12 ﬂyby. Typical values are closer to"
20,plasma,"9 and E24 ﬂybys (Kliore et al.1997; McGrath et al.2009) reveal a mostly surface-bound ionosphere (i.e., with the highest density layer at or near the surface) except for one proﬁle exhibiting a maximum electron density of ∼ 10 4 cm−3 at ∼ 100 km altitude. The plasma scale height is reported to be 240 ± 40 km near the surface and 440 ± 60 km above 300 km, and the TEC can reach up to ∼ 4 × 1015 m−2. However, three occultation detections were negative (i.e., weak to non-detection) near the downstream wake region of Europa,"
20,plasma,"phere results from concurrent iono- spheric production processes prevailing in speciﬁc hemispheres independently rotating with different time constants: solar photoionization in the day side and impact ionization predom- inant in the trailing side from the Io plasma torus. The average ionosphere production rate from impact ionization exceeds photoionization (Saur et al.1998). However, their combined action in asymmetrically wrapping Europa with an ionosphere, setting its exobase and pac- ing its overall temporal variabil"
20,plasma,"ectron density exceeding 2000 cm −3 (Jia et al. 2018). From these data, Jia et al. ( 2018) concluded that it was possible Galileo had passed through a plume with characteristics consistent with the putative plumes detected by Hubble (Roth et al. 2014). REASON plasma characterization will enhance our understanding of electron density in the exosphere by characterizing the TEC in the nadir column between the spacecraft and Europa’s surface, complementing data obtained with PIMS. Additionally, REASONplasma characterization"
20,plasma,"al. 2014). REASON plasma characterization will enhance our understanding of electron density in the exosphere by characterizing the TEC in the nadir column between the spacecraft and Europa’s surface, complementing data obtained with PIMS. Additionally, REASONplasma characterization will support the search for active plumes alongside other remote sensing (e.g., Europa Ultraviolet Spectrograph (Europa-UVS), EIS, the Mapping Imaging Spectrom- eter for Europa (MISE), and the Europa Thermal Emission Imaging System (E-THEMIS)"
21,sounding,"RadarforEuropaAssessmentandSounding: OceantoNear-Surface... Page21of91 51 2.3.2 SurfacetoNear-Surface Although the surface of Europa is largely dominated by water ice, a range of processes can alter its composition and properties. Exogenic processes like impact gardening through charged particl"
21,measurement,"ed with such features has not yet been evaluated. Fossil and/or contemporary plume fallout deposits represent another source of layering at Europa’s sur- face (e.g., Fagents et al. 2000; Fagents 2003). Near-surface densities derived from REA- SON reﬂectometry measurements (Fig. 3) will aid in distinguishing high porosity (0.5 to 0.9; Quick and Hedman 2020) plume fallout deposits from a conventional Europa surface. Because REASON’s VHF and HF frequencies respond differently to different layer thick- nesses, properties, and dep"
21,measurement,"al. 2022 ), whereas for frozen brine layers, this could constrain layer thickness and depth (Chan et al. 2023b). Surface temperature variations that may or may not be related to the presence of liquid brines near the surface will primarily be assessed through measurements made by the E- THEMIS (see Christensen et al. 2024, this collection). REASON reﬂectometry will supple- ment E-THEMIS investigations in the search for thermal anomalies by constraining porosity variations (Grima et al. 2014a) or roughness smoothing (Grima et"
23,interferometry,"hy provided byaltimetry to evaluate the potential for relict liquid water (e.g., Culberg et al.2022). Digital elevation mod- els (DEMs) provided by EIS will provide additional context for interpretation of subsurface interfaces detected by sounding.R E A S O Ninterferometry and cluttergrams 9 generated from EIS DEMs will ensure clutter from off-nadir surface features is not mistaken for subsurface interfaces at nadir. 2.3.4 Ice-OceanInterface Measuring the tidal Love numbers h2,k 2,a n dl2 and linear combinations of them has bee"
23,sounding,"RadarforEuropaAssessmentandSounding: OceantoNear-Surface... Page23of91 51 Because Europa’s surface features are likely direct expressions of the subsurface, REASON’s sounding and altimetry measurements will be able to differentiate between var- ious hypotheses for the formation of these feature"
23,sounding,"RadarforEuropaAssessmentandSounding: OceantoNear-Surface... Page23of91 51 Because Europa’s surface features are likely direct expressions of the subsurface, REASON’s sounding and altimetry measurements will be able to differentiate between var- ious hypotheses for the formation of these features by quantitatively characterizing the sur- face while simultaneously offering a window into the subsurface. REASON is capable of directly"
23,sounding,ion of these features by quantitatively characterizing the sur- face while simultaneously offering a window into the subsurface. REASON is capable of directly detecting the presence and distribution of subsurface water in the shallow subsur- face on Europa by sounding the ice shell for sharp reﬂections from perched water bodies as well as brine-rich and/or salt-rich features. Reﬂections from vertical cracks inﬁlled with liquid water have a distinct “corner-reﬂector” signature in unfocused radar data (Peters et al. 2007b) a
23,sounding,"s brine-rich and/or salt-rich features. Reﬂections from vertical cracks inﬁlled with liquid water have a distinct “corner-reﬂector” signature in unfocused radar data (Peters et al. 2007b) and may be detectable by REASON. If a plume were to be detected, REASON sounding will aid in isolating the source of the eruptive material, complementing observa- tions from other investigations (e.g., E-THEMIS, see Christensen et al.2024, this collection; EIS, see Turtle et al. 2024, this collection). REASON altimetry will measure the el"
23,sounding,"e et al. 2024, this collection). REASON altimetry will measure the elevation of surface features with horizontal extents spanning tens of kilometers. For features with detectable subsurface interfaces, such as ice blocks and chaos matrix regions, complementarysounding and altimetry measurements will enable interfaces at depth to be tested for hydrostatic compensation to conﬁrm the presence of liquid water. Even in the absence of active liquid water, subsurface interfaces detected by sounding can be evaluated in the context"
23,sounding,"os matrix regions, complementarysounding and altimetry measurements will enable interfaces at depth to be tested for hydrostatic compensation to conﬁrm the presence of liquid water. Even in the absence of active liquid water, subsurface interfaces detected by sounding can be evaluated in the context of the surface topography provided byaltimetry to evaluate the potential for relict liquid water (e.g., Culberg et al.2022). Digital elevation mod- els (DEMs) provided by EIS will provide additional context for interpretation o"
23,sounding,"the surface topography provided byaltimetry to evaluate the potential for relict liquid water (e.g., Culberg et al.2022). Digital elevation mod- els (DEMs) provided by EIS will provide additional context for interpretation of subsurface interfaces detected by sounding.R E A S O Ninterferometry and cluttergrams 9 generated from EIS DEMs will ensure clutter from off-nadir surface features is not mistaken for subsurface interfaces at nadir. 2.3.4 Ice-OceanInterface Measuring the tidal Love numbers h2,k 2,a n dl2 and linear co"
23,sounding,"tides) predict that tidal deﬂections are an order of magnitude larger if an ocean is present (∼ 30 m vs. 1 m) (Moore and Schubert 2000). Thus, h 2 determination would pro- vide evidence for (or against) a Europan subsurface ocean, complementary to subsurface sounding or other evidence from gravity ﬁeld determination or magnetic ﬁeld induction. Typical values for h 2 are around 1.2 in the presence of an ocean and drop below 0.1 if no ocean is present (Moore and Schubert 2000). Using the estimated error bounds for h2 alone"
23,altimetry,"RadarforEuropaAssessmentandSounding: OceantoNear-Surface... Page23of91 51 Because Europa’s surface features are likely direct expressions of the subsurface, REASON’s sounding and altimetry measurements will be able to differentiate between var- ious hypotheses for the formation of these features by quantitatively characterizing the sur- face while simultaneously offering a window into the subsurface. REASON is capable of directly detecting the"
23,altimetry,"be detected, REASON sounding will aid in isolating the source of the eruptive material, complementing observa- tions from other investigations (e.g., E-THEMIS, see Christensen et al.2024, this collection; EIS, see Turtle et al. 2024, this collection). REASON altimetry will measure the elevation of surface features with horizontal extents spanning tens of kilometers. For features with detectable subsurface interfaces, such as ice blocks and chaos matrix regions, complementarysounding and altimetry measurements will enable i"
23,altimetry,", this collection). REASON altimetry will measure the elevation of surface features with horizontal extents spanning tens of kilometers. For features with detectable subsurface interfaces, such as ice blocks and chaos matrix regions, complementarysounding and altimetry measurements will enable interfaces at depth to be tested for hydrostatic compensation to conﬁrm the presence of liquid water. Even in the absence of active liquid water, subsurface interfaces detected by sounding can be evaluated in the context of the surfac"
23,altimetry,"e interfaces at depth to be tested for hydrostatic compensation to conﬁrm the presence of liquid water. Even in the absence of active liquid water, subsurface interfaces detected by sounding can be evaluated in the context of the surface topography provided byaltimetry to evaluate the potential for relict liquid water (e.g., Culberg et al.2022). Digital elevation mod- els (DEMs) provided by EIS will provide additional context for interpretation of subsurface interfaces detected by sounding.R E A S O Ninterferometry and clut"
23,altimetry,"l .2006). Whereas changes in the tidal potential can be determined by measuring the time-varying gravity ﬁeld with radio Doppler tracking (see Mazarico et al. 2023, this collection), the determination of the radial deformation, parame- terized by h2 requires altimetry measurements over several tidal cycles at different locations. Crossover points at which two altimetric measurements at the surface are taken at a different tidal phase are a means for determining tidal amplitudes. By combining altimetric data, in particular"
23,measurement,"RadarforEuropaAssessmentandSounding: OceantoNear-Surface... Page23of91 51 Because Europa’s surface features are likely direct expressions of the subsurface, REASON’s sounding and altimetry measurements will be able to differentiate between var- ious hypotheses for the formation of these features by quantitatively characterizing the sur- face while simultaneously offering a window into the subsurface. REASON is capable of directly detecting the presence and"
23,measurement,"lection). REASON altimetry will measure the elevation of surface features with horizontal extents spanning tens of kilometers. For features with detectable subsurface interfaces, such as ice blocks and chaos matrix regions, complementarysounding and altimetry measurements will enable interfaces at depth to be tested for hydrostatic compensation to conﬁrm the presence of liquid water. Even in the absence of active liquid water, subsurface interfaces detected by sounding can be evaluated in the context of the surface topography"
23,measurement,"Whereas changes in the tidal potential can be determined by measuring the time-varying gravity ﬁeld with radio Doppler tracking (see Mazarico et al. 2023, this collection), the determination of the radial deformation, parame- terized by h2 requires altimetry measurements over several tidal cycles at different locations. Crossover points at which two altimetric measurements at the surface are taken at a different tidal phase are a means for determining tidal amplitudes. By combining altimetric data, in particular crossovers f"
23,measurement,"h radio Doppler tracking (see Mazarico et al. 2023, this collection), the determination of the radial deformation, parame- terized by h2 requires altimetry measurements over several tidal cycles at different locations. Crossover points at which two altimetric measurements at the surface are taken at a different tidal phase are a means for determining tidal amplitudes. By combining altimetric data, in particular crossovers from REASON with surface topography from stereo-photogrammetric techniques with EIS, the determination of"
24,sounding,"predicted to undergo solid-state convection at depth (McKinnon 1999;B a r ra n dS h o w m a n2009). A recent thermodynamic study suggests that the total ice shell thickness is likely>20 km, where the conductive layer thickness is ∼ 10 km (Howell 2021). REASON sounding will help to resolve the ice shell thickness debate by searching glob- ally for an ice–ocean interface indicated by a sharp, continuous ( >1000 km long) radar reﬂection due to any major ice–water permittivity contrast up to a depth of 30 km below the surface."
24,sounding,"wnwellings produced by convection may provide a distribution of low attenuation windows into the ocean–ice interface (McKinnon 2005; Kalousová et al. 2017). In summary, by detecting spatially variable zones of anomalous radar scattering and absorption, REASON sounding will reveal the thermophysical structure of the ice shell, placing constraints on the heat ﬂow. These data will also inform occurrences and sizes of convective cells, as well as regions of convective ice upwelling and downwelling (Kalousová et al. 2017). Note"
24,ranging,"t constraints on the viscosity of the ice shell could be obtained if the phase-lag, the deviation of the tidal bulge from the sub-Jovian line, could be measured. However, such a measurement would be even more challenging and could only be obtained with REASON ranging if the ice shell is very dissipative. That would imply a phase-lag of a few degrees, which might be detectable if the deformation is strong enough. In case both phase lags in k 2 and h2 could be measured, the phase-lag difference could further constrain wheth"
24,measurement,"he ice shell (rigidity and viscosity) are known (Steinbrügge et al. 2018). The best constraints on the viscosity of the ice shell could be obtained if the phase-lag, the deviation of the tidal bulge from the sub-Jovian line, could be measured. However, such a measurement would be even more challenging and could only be obtained with REASON ranging if the ice shell is very dissipative. That would imply a phase-lag of a few degrees, which might be detectable if the deformation is strong enough. In case both phase lags in k 2 an"
25,bandwidth,HF: 1 dB over ≤ 27.5 km N/A Radiometric Accuracy N/A N/A VHF:1d B over ≤ 10 km HF: 1 dB over ≤ 27.5 km N/A Radiometric Stability HF: 2 dB within a ﬂyby in the subsurface N/A N/A N/A *We compare the different resolution requirements provided by the 10 MHz VHF bandwidth and the 1 MHz HF bandwidth using the terms “ﬁner” for a smaller numeric requirement and “coarser” for a large numeric requirement.
25,bandwidth,A Radiometric Accuracy N/A N/A VHF:1d B over ≤ 10 km HF: 1 dB over ≤ 27.5 km N/A Radiometric Stability HF: 2 dB within a ﬂyby in the subsurface N/A N/A N/A *We compare the different resolution requirements provided by the 10 MHz VHF bandwidth and the 1 MHz HF bandwidth using the terms “ﬁner” for a smaller numeric requirement and “coarser” for a large numeric requirement.
25,interferometry,measurement techniques. These types of requirements are summarized in Table 2 and deﬁned in Sects. 3.1–3.7. Table 2 Requirements on measurement quality organized by baseline measurement technique Baseline Measurement Techniques Sounding Altimetry Reﬂectometry Interferometry Requirements on Measurement Quality Blind Zone HF/VHF: <7× vertical resolution from the surface in ice N/A N/A N/A Vertical Resolution VHF: ≤30 m in ice (ﬁner) in top 3 km HF: ≤300 m in ice to 30 km depth HF/VHF: ≤300 m in ice (coarser) from 3k mt o3 0k md e
25,sounding,RadarforEuropaAssessmentandSounding: OceantoNear-Surface... Page25of91 51 3 RequirementsforMeasurementQuality There are nine types of requirements imposed on measurement quality that apply to the four baseline measurement techniques. These types of requirements are summarized in Table 2 and deﬁ
25,sounding,that apply to the four baseline measurement techniques. These types of requirements are summarized in Table 2 and deﬁned in Sects. 3.1–3.7. Table 2 Requirements on measurement quality organized by baseline measurement technique Baseline Measurement Techniques Sounding Altimetry Reﬂectometry Interferometry Requirements on Measurement Quality Blind Zone HF/VHF: <7× vertical resolution from the surface in ice N/A N/A N/A Vertical Resolution VHF: ≤30 m in ice (ﬁner) in top 3 km HF: ≤300 m in ice to 30 km depth HF/VHF: ≤300 m i
25,altimetry,y to the four baseline measurement techniques. These types of requirements are summarized in Table 2 and deﬁned in Sects. 3.1–3.7. Table 2 Requirements on measurement quality organized by baseline measurement technique Baseline Measurement Techniques Sounding Altimetry Reﬂectometry Interferometry Requirements on Measurement Quality Blind Zone HF/VHF: <7× vertical resolution from the surface in ice N/A N/A N/A Vertical Resolution VHF: ≤30 m in ice (ﬁner) in top 3 km HF: ≤300 m in ice to 30 km depth HF/VHF: ≤300 m in ice (coa
25,measurement,RadarforEuropaAssessmentandSounding: OceantoNear-Surface... Page25of91 51 3 RequirementsforMeasurementQuality There are nine types of requirements imposed on measurement quality that apply to the four baseline measurement techniques. These types of requirements are summarized in Table 2 and deﬁned in Sects. 3.1–3.7. Table 2 Requirements on measurement quality
25,measurement,RadarforEuropaAssessmentandSounding: OceantoNear-Surface... Page25of91 51 3 RequirementsforMeasurementQuality There are nine types of requirements imposed on measurement quality that apply to the four baseline measurement techniques. These types of requirements are summarized in Table 2 and deﬁned in Sects. 3.1–3.7. Table 2 Requirements on measurement quality organized by baseline measurement technique Baseline Measurement Te
25,measurement,RadarforEuropaAssessmentandSounding: OceantoNear-Surface... Page25of91 51 3 RequirementsforMeasurementQuality There are nine types of requirements imposed on measurement quality that apply to the four baseline measurement techniques. These types of requirements are summarized in Table 2 and deﬁned in Sects. 3.1–3.7. Table 2 Requirements on measurement quality organized by baseline measurement technique Baseline Measurement Techniques Sounding Altimetry Reﬂectometry Interferome
25,measurement,ementsforMeasurementQuality There are nine types of requirements imposed on measurement quality that apply to the four baseline measurement techniques. These types of requirements are summarized in Table 2 and deﬁned in Sects. 3.1–3.7. Table 2 Requirements on measurement quality organized by baseline measurement technique Baseline Measurement Techniques Sounding Altimetry Reﬂectometry Interferometry Requirements on Measurement Quality Blind Zone HF/VHF: <7× vertical resolution from the surface in ice N/A N/A N/A Vertical Reso
25,measurement,types of requirements imposed on measurement quality that apply to the four baseline measurement techniques. These types of requirements are summarized in Table 2 and deﬁned in Sects. 3.1–3.7. Table 2 Requirements on measurement quality organized by baseline measurement technique Baseline Measurement Techniques Sounding Altimetry Reﬂectometry Interferometry Requirements on Measurement Quality Blind Zone HF/VHF: <7× vertical resolution from the surface in ice N/A N/A N/A Vertical Resolution VHF: ≤30 m in ice (ﬁner) in top 3 k
25,measurement,on measurement quality that apply to the four baseline measurement techniques. These types of requirements are summarized in Table 2 and deﬁned in Sects. 3.1–3.7. Table 2 Requirements on measurement quality organized by baseline measurement technique Baseline Measurement Techniques Sounding Altimetry Reﬂectometry Interferometry Requirements on Measurement Quality Blind Zone HF/VHF: <7× vertical resolution from the surface in ice N/A N/A N/A Vertical Resolution VHF: ≤30 m in ice (ﬁner) in top 3 km HF: ≤300 m in ice to 30 km de
25,measurement,ypes of requirements are summarized in Table 2 and deﬁned in Sects. 3.1–3.7. Table 2 Requirements on measurement quality organized by baseline measurement technique Baseline Measurement Techniques Sounding Altimetry Reﬂectometry Interferometry Requirements on Measurement Quality Blind Zone HF/VHF: <7× vertical resolution from the surface in ice N/A N/A N/A Vertical Resolution VHF: ≤30 m in ice (ﬁner) in top 3 km HF: ≤300 m in ice to 30 km depth HF/VHF: ≤300 m in ice (coarser) from 3k mt o3 0k md e p t h N/A N/A N/A Vertical P
26,compression,"km allows any ice–water interface as well as associated thermophysical structures to be resolved up to altitudes of 1000 km. 10In radar sounding data, side lobes are peaks (lobes) that appear adjacent to the main peak in a reﬂected signal resulting from pulse compression of the transmitted chirp waveform."
26,altitude,"e satellite groundtrack. A ﬁner HF/VHF along-track resolution of 5.5 km/2 km allows us to characterize a wide range of resurfacing features (including pits, domes, and chaos) and resolve ice–water interfaces, hy- draulic potential beneath ﬂoating blocks up to altitudes of 400 km. A coarser along-track resolution of 10 km allows any ice–water interface as well as associated thermophysical structures to be resolved up to altitudes of 1000 km. 10In radar sounding data, side lobes are peaks (lobes) that appear adjacent to the"
26,altitude,"and chaos) and resolve ice–water interfaces, hy- draulic potential beneath ﬂoating blocks up to altitudes of 400 km. A coarser along-track resolution of 10 km allows any ice–water interface as well as associated thermophysical structures to be resolved up to altitudes of 1000 km. 10In radar sounding data, side lobes are peaks (lobes) that appear adjacent to the main peak in a reﬂected signal resulting from pulse compression of the transmitted chirp waveform."
26,pulse,"of 10 km allows any ice–water interface as well as associated thermophysical structures to be resolved up to altitudes of 1000 km. 10In radar sounding data, side lobes are peaks (lobes) that appear adjacent to the main peak in a reﬂected signal resulting from pulse compression of the transmitted chirp waveform."
26,sounding,"on of 300 m, over an along-track resolution cell, is required to separate surface from subsurface return of objects such as liquid water lenses and bands (Blankenship et al. 2009). For example, resolving the ∼ 300 m thickness of a ﬂoating ice block requires a sounding vertical resolution of 300 m in ice. 3 km is the best estimate of the depth of eutectic lenses; 300 m is 10% of this. In practice, it is the vertical precision, and not the vertical resolution, which limits the precision of a range estimate to an isolated tar"
26,sounding,"precision of 15 m in ice, over an along-track resolution cell, is required to constrain the depth and orientation of subsurface structures. 3.3 Along-TrackResolution Along-track resolution governs the ability to discriminate adjacent features in altimetry and sounding data along an interface in the direction of the satellite groundtrack. A ﬁner HF/VHF along-track resolution of 5.5 km/2 km allows us to characterize a wide range of resurfacing features (including pits, domes, and chaos) and resolve ice–water interfaces, hy-"
26,sounding,"interfaces, hy- draulic potential beneath ﬂoating blocks up to altitudes of 400 km. A coarser along-track resolution of 10 km allows any ice–water interface as well as associated thermophysical structures to be resolved up to altitudes of 1000 km. 10In radar sounding data, side lobes are peaks (lobes) that appear adjacent to the main peak in a reﬂected signal resulting from pulse compression of the transmitted chirp waveform."
26,altimetry,"VHF vertical precision of 15 m in ice, over an along-track resolution cell, is required to constrain the depth and orientation of subsurface structures. 3.3 Along-TrackResolution Along-track resolution governs the ability to discriminate adjacent features in altimetry and sounding data along an interface in the direction of the satellite groundtrack. A ﬁner HF/VHF along-track resolution of 5.5 km/2 km allows us to characterize a wide range of resurfacing features (including pits, domes, and chaos) and resolve ice–water int"
27,altitude,(Steinbrügge et al. 2020b). This minimum spacing is sufﬁcient to re- cover robust statistics from 1000 empirical echoes spaced by 1 m at a 5-m wavelength for airborne observations (Grima et al.2016). The VHF along-track resolution≤10 km/27.5 km at spacecraft altitude ≤400 km is required to constrain surface statistical echo properties to discern porous or impermeable ice and liquid or frozen brines or brine-soaked ice. The 10 km/27.5 km comes from the requirement that a patch must be at least ﬁve times the along-track res
27,altitude,"nd Full Depth Sub- surface Exchange datasets, the REASON VHF will discriminate between surface clutter and subsurface nadir features longer than 10 km at observation depths between the near-surface blind zone to 3 km for greater than 80% of any groundtrack at altitudes between 35 km and 400 km. A groundtrack percentage of 80% is derived from a 95% probability of success- ful clutter discrimination at an intersection. If we can discriminate subsurface features from surface clutter at an intersection, we know that the extens"
27,interferometry,"iginate from a subsurface target of interest or a surface feature. As such, in order to properly interpret the resulting radargrams, it is important that these “clutter” features be discriminated from subsurface nadir targets. For the VHF shallow sounding and interferometry measurements in the Shallow Subsurface and Full Depth Sub- surface Exchange datasets, the REASON VHF will discriminate between surface clutter and subsurface nadir features longer than 10 km at observation depths between the near-surface blind zone to 3 km fo"
27,pulse,"RadarforEuropaAssessmentandSounding: OceantoNear-Surface... Page27of91 51 3.4 SampledAlong-TrackResolution The sampled along-track resolution ensures statistical robustness of observations in support of reﬂectometry. Ideally, two consecutive pulses should be independent for best statistics recovery. However, the along-track spacing to ensure independence from pulse to pulse is not formally documented in the literature, but this length should vary with roughness. It is inﬁnite in the end case of reﬂecti"
27,pulse,"tion The sampled along-track resolution ensures statistical robustness of observations in support of reﬂectometry. Ideally, two consecutive pulses should be independent for best statistics recovery. However, the along-track spacing to ensure independence from pulse to pulse is not formally documented in the literature, but this length should vary with roughness. It is inﬁnite in the end case of reﬂections from a perfectly ﬂat surface, but only one surface echo is then necessary to recover the delta function that charact"
27,pulse,"sampled along-track resolution ensures statistical robustness of observations in support of reﬂectometry. Ideally, two consecutive pulses should be independent for best statistics recovery. However, the along-track spacing to ensure independence from pulse to pulse is not formally documented in the literature, but this length should vary with roughness. It is inﬁnite in the end case of reﬂections from a perfectly ﬂat surface, but only one surface echo is then necessary to recover the delta function that characterizes it"
27,sounding,"RadarforEuropaAssessmentandSounding: OceantoNear-Surface... Page27of91 51 3.4 SampledAlong-TrackResolution The sampled along-track resolution ensures statistical robustness of observations in support of reﬂectometry. Ideally, two consecutive pulses should be independent for best statistics reco"
27,sounding,"required to constrain surface statistical echo properties to discern porous or impermeable ice and liquid or frozen brines or brine-soaked ice. The 10 km/27.5 km comes from the requirement that a patch must be at least ﬁve times the along-track resolution of sounding measurements (2 km/5.5 km) for sufﬁcient sampling. This requirement assumes that >1000 samples will be collected over the 10 km/27.5 km re- gion for statistical robustness. Although HF has a reduced along-track resolution compared to VHF, it has a higher capa"
27,sounding,"the 10 km/27.5 km re- gion for statistical robustness. Although HF has a reduced along-track resolution compared to VHF, it has a higher capacity and robustness to penetrate deeper regions where liquid water may be present. This HF requirement is optimized forsounding. HF and VHF operate as complementary wavelengths. 3.5 ClutterDiscrimination REASON’s VHF beam pattern (Fig. 25) is such that echoes from cross-track, off-nadir sur- face features can arrive at the spacecraft and be recorded at the same time as nadir subsur- f"
27,sounding,"ved echoes originate from a subsurface target of interest or a surface feature. As such, in order to properly interpret the resulting radargrams, it is important that these “clutter” features be discriminated from subsurface nadir targets. For the VHF shallow sounding and interferometry measurements in the Shallow Subsurface and Full Depth Sub- surface Exchange datasets, the REASON VHF will discriminate between surface clutter and subsurface nadir features longer than 10 km at observation depths between the near-surface bl"
27,measurement,"to constrain surface statistical echo properties to discern porous or impermeable ice and liquid or frozen brines or brine-soaked ice. The 10 km/27.5 km comes from the requirement that a patch must be at least ﬁve times the along-track resolution of sounding measurements (2 km/5.5 km) for sufﬁcient sampling. This requirement assumes that >1000 samples will be collected over the 10 km/27.5 km re- gion for statistical robustness. Although HF has a reduced along-track resolution compared to VHF, it has a higher capacity and rob"
27,measurement,"subsurface target of interest or a surface feature. As such, in order to properly interpret the resulting radargrams, it is important that these “clutter” features be discriminated from subsurface nadir targets. For the VHF shallow sounding and interferometry measurements in the Shallow Subsurface and Full Depth Sub- surface Exchange datasets, the REASON VHF will discriminate between surface clutter and subsurface nadir features longer than 10 km at observation depths between the near-surface blind zone to 3 km for greater th"
28,altitude,"power are within 5 dB of each other (coherent/incoherent power ratio between − 5 dB and 5 dB), the uncertainty is relatively stable and corresponds to a bias on the predicted coherent and incoherent power of less than 1 dB (Grima et al. 2022b). The spacecraft altitude will also inﬂuence the co- herent/incoherent balance since geometric spreading affects each term differently (Haynes et al. 2018b). Additional uncertainty will come from the strategy for absolute radiometric calibration (e.g., recording returns from well-char"
28,sounding,"g., recording returns from well-characterized terrains (Grima et al. 2014a)o r listening to well-characterized radio noise (Gerekos et al. 2024)). 3.7 RadiometricStability The radiometric stability requirements ensure the ability to measure relative power for sounding to track variations in subsurface attenuation, accounting for drifts that could occur over a ﬂyby and over shortened timescales. Attenuation as a function of depth within the ice shell can tell us about the structure of heat transfer and compositional variati"
28,measurement,"B, permittivity: ∼ 3.15) and ice at pore close-off (reﬂectivity: − 12 dB, permittivity: ∼ 2.8) (Grima et al. 2014a). We note that there is uncertainty in the empirical laws used to relate density and permittivity, which could be addressed by future laboratory measurements (Sect. 9.1.1). Because the 1-dB precision and accuracy requirement is imposed on the total power mea- sured by the receiver, this does not represent the precision and accuracy of the coherent and incoherent power derived from reﬂectometry, which is ultimatel"
28,measurement,"ng a groundtrack. For a subsurface interface that changes 1 km in depth over tens of kilometers, a change in attenuation rate of 2 dB/km due to thermal/compositional variations requires 2 dB radiometric stability. 4 Veriﬁcation&Validation(V&V)forRequirementsonMeasurement Quality 4.1 OverviewofScienceV&VApproach Europa’s ice shell is a challenging target from the perspective of developing, verifying, and validating requirements for an ice-penetrating radar. REASON’s baseline measure- ment techniques and requirements on measure"
28,measurement,"urement Quality 4.1 OverviewofScienceV&VApproach Europa’s ice shell is a challenging target from the perspective of developing, verifying, and validating requirements for an ice-penetrating radar. REASON’s baseline measure- ment techniques and requirements on measurement quality are sensitive to properties of Europa, many of which are poorly constrained and continue to be debated. The permittivity (ε= ε ′ − jε′′) governs the radar signal attenuation, contrasts in permittivity produce reﬂec- tions, and rough interfaces and the"
28,measurement,"be debated. The permittivity (ε= ε ′ − jε′′) governs the radar signal attenuation, contrasts in permittivity produce reﬂec- tions, and rough interfaces and the presence of voids can induce scattering losses. These phenomena govern the ability for a particular measurement to be successful for a given instrument performance."
29,sounding,"RadarforEuropaAssessmentandSounding: OceantoNear-Surface... Page29of91 51 Given the lack of constraints on the properties of Europa, an extremely wide parameter space of possible Europas currently exists. To ensure that REASON requirements on mea- surement quality are robust for a selection of"
29,sounding,"lasses: one which applies to the surface and near-surface and another which applies to the subsurface. The near-surface regime modes only vary in the Altimetry and Reﬂectometry EPM, since the variations in the properties of the near-surface are not relevant tosounding the subsurface. Two regimes that are not included here are iono- spheric dispersion and Jovian noise. Ionospheric dispersion causes a proportional delay in the echo receive time (much greater for HF than VHF) (Grima et al. 2015), and decametric noise from Jup"
29,altimetry,"e summarized in Table 4 and described in Sects. 4.2.1–4.2.10.W ed i v i d e the geophysical regimes into two classes: one which applies to the surface and near-surface and another which applies to the subsurface. The near-surface regime modes only vary in the Altimetry and Reﬂectometry EPM, since the variations in the properties of the near-surface are not relevant tosounding the subsurface. Two regimes that are not included here are iono- spheric dispersion and Jovian noise. Ionospheric dispersion causes a proportional del"
29,measurement,"in a point model contributes to terms in a 1D link budget that allows for the calculation of the SNR for a given target interface (Table 3). We include both subsurface water and subsurface structure as target interfaces and consider an SNR≥ 0 necessary for a Measurement Quality Require- ment to be met for a possible Europa (i.e., a target interface cannot be studied if it is not detectable). Because there is uncertainty in the physical properties of Europa which govern major loss terms in the 1D link budget (e.g., the surfac"
29,measurement,"ice shell attenuation), multiple point models are constructed and organized into Ensembles of Point Models (EPMs) (Sect. 4.3). These EPMs are connected to, but deﬁned independently from, REASON’s Guiding Science Datasets. EPMs are used to V&V requirements on measurement quality and to validate requirements at the instrument level that are used to generate Key Radar Parameters (KRPs). The KRPs serve as a bridge between REASON Science and System Engineering, translating estimated instrument performance, including spacecraft-le"
29,measurement,"re used to generate Key Radar Parameters (KRPs). The KRPs serve as a bridge between REASON Science and System Engineering, translating estimated instrument performance, including spacecraft-level impingements, to input parameters for verifying requirements on measurement quality (Sect. 3). This approach to V&V is adopted to ensure the point models for Europa used to evaluate requirements are consistent with the hypotheses and measurement techniques associated with each dataset, since each dataset was deﬁned according to speci"
29,measurement,"ncluding spacecraft-level impingements, to input parameters for verifying requirements on measurement quality (Sect. 3). This approach to V&V is adopted to ensure the point models for Europa used to evaluate requirements are consistent with the hypotheses and measurement techniques associated with each dataset, since each dataset was deﬁned according to speciﬁc hypothesis tests. Because the hypotheses are related to the structure and properties of Europa, they imply the selection of a particular mode for each regime as well a"
29,measurement,"ing to speciﬁc hypothesis tests. Because the hypotheses are related to the structure and properties of Europa, they imply the selection of a particular mode for each regime as well as their combinations with other modes to form an EPM. A single requirement on measurement quality may be evaluated using multiple EPMs if the requirement traces up to multiple datasets. As a result, a given requirement on measurement quality may pass for one dataset and fail for another. This feature of the REASON science veriﬁcation and validatio"
29,measurement,"ticular mode for each regime as well as their combinations with other modes to form an EPM. A single requirement on measurement quality may be evaluated using multiple EPMs if the requirement traces up to multiple datasets. As a result, a given requirement on measurement quality may pass for one dataset and fail for another. This feature of the REASON science veriﬁcation and validation approach allows for enhanced traceability to evaluate the impact of instrument performance for speciﬁc datasets. 4.2 REASON-RelevantEuropaRegi"
30,altitude,"Description Relevant Regimes Reference Performance, Operations, Geometry Radar Potential SNR of a ﬂat, perfect, inﬁnite reﬂector at a range of 400 km, assuming SAR processing – Sect. 4.4.1 Reference SAR Gain Gain resulting from SAR processing at the reference altitude (400 km) – Sect. 4.4.4 Reference SAR Gain is subtracted from Radar Potential so that SAR Gain can be recalculated for the altitude of interest Geometric Spreading Loss due to spreading of the wavefront, calculated with respect to the reference altitude (400 k"
30,altitude,"a range of 400 km, assuming SAR processing – Sect. 4.4.1 Reference SAR Gain Gain resulting from SAR processing at the reference altitude (400 km) – Sect. 4.4.4 Reference SAR Gain is subtracted from Radar Potential so that SAR Gain can be recalculated for the altitude of interest Geometric Spreading Loss due to spreading of the wavefront, calculated with respect to the reference altitude (400 km) – Schroeder et al. (2014) Haynes et al. (2018b) Flat Europa Assumption Loss to account for a spherical (as opposed to ﬂat) Fresn"
30,altitude,"erence altitude (400 km) – Sect. 4.4.4 Reference SAR Gain is subtracted from Radar Potential so that SAR Gain can be recalculated for the altitude of interest Geometric Spreading Loss due to spreading of the wavefront, calculated with respect to the reference altitude (400 km) – Schroeder et al. (2014) Haynes et al. (2018b) Flat Europa Assumption Loss to account for a spherical (as opposed to ﬂat) Fresnel zone area – Haynes et al. ( 2018b) Short Chirp Loss associated with a chirp length (RF pulse width) below the 200 µs as"
30,pulse,espect to the reference altitude (400 km) – Schroeder et al. (2014) Haynes et al. (2018b) Flat Europa Assumption Loss to account for a spherical (as opposed to ﬂat) Fresnel zone area – Haynes et al. ( 2018b) Short Chirp Loss associated with a chirp length (RF pulse width) below the 200 µs assumed in deriving the radar potential –T a b l e 9 SAR Gain Gain resulting from SAR processing (not applied for Reﬂectometry) – Peters et al. ( 2005b) 1-Bit Sampling Loss (VHF only) resulting from recording only the signal sign below
30,pulse,"downwards into Europa’s subsur- face (i.e., sounding) (Schroeder et al. 2015). Reﬂection and transmission losses are quan- tiﬁed using scattering models applicable to wavelength-scale roughness (Fung et al. 1992) and are not scaled across the Fresnel zone or pulse-limited footprint. Data constraining the roughness of Europa’s surface are sparse. High resolution Galileo images of Europa are rare, and regions of good stereo coverage are even rarer. Although"
30,sounding,"(as opposed to ﬂat) wavefront – Haynes et al. ( 2018b) Range Side Lobe Noise Loss due to side lobes (Hann processing window) – Sect. 4.4.5 mitigated by REASON’s requirements. HF ionospheric delays can be corrected using the relatively unperturbed VHF, and HF sounding measurements are not required on Europa’s sub-Jovian hemisphere. 4.2.1 SurfaceRoughness Surface roughness affects both the coherence and strength of the radar echo reﬂected from Europa’s surface (i.e., altimetry and ranging), as well as the coherence and stre"
30,sounding,"s both the coherence and strength of the radar echo reﬂected from Europa’s surface (i.e., altimetry and ranging), as well as the coherence and strength of the transmitted signal component that continues to propagate downwards into Europa’s subsur- face (i.e., sounding) (Schroeder et al. 2015). Reﬂection and transmission losses are quan- tiﬁed using scattering models applicable to wavelength-scale roughness (Fung et al. 1992) and are not scaled across the Fresnel zone or pulse-limited footprint. Data constraining the roughn"
30,altimetry,"ted using the relatively unperturbed VHF, and HF sounding measurements are not required on Europa’s sub-Jovian hemisphere. 4.2.1 SurfaceRoughness Surface roughness affects both the coherence and strength of the radar echo reﬂected from Europa’s surface (i.e., altimetry and ranging), as well as the coherence and strength of the transmitted signal component that continues to propagate downwards into Europa’s subsur- face (i.e., sounding) (Schroeder et al. 2015). Reﬂection and transmission losses are quan- tiﬁed using scatteri"
30,ranging,"relatively unperturbed VHF, and HF sounding measurements are not required on Europa’s sub-Jovian hemisphere. 4.2.1 SurfaceRoughness Surface roughness affects both the coherence and strength of the radar echo reﬂected from Europa’s surface (i.e., altimetry and ranging), as well as the coherence and strength of the transmitted signal component that continues to propagate downwards into Europa’s subsur- face (i.e., sounding) (Schroeder et al. 2015). Reﬂection and transmission losses are quan- tiﬁed using scattering models ap"
30,measurement,"sed to ﬂat) wavefront – Haynes et al. ( 2018b) Range Side Lobe Noise Loss due to side lobes (Hann processing window) – Sect. 4.4.5 mitigated by REASON’s requirements. HF ionospheric delays can be corrected using the relatively unperturbed VHF, and HF sounding measurements are not required on Europa’s sub-Jovian hemisphere. 4.2.1 SurfaceRoughness Surface roughness affects both the coherence and strength of the radar echo reﬂected from Europa’s surface (i.e., altimetry and ranging), as well as the coherence and strength of the"
31,sounding,RadarforEuropaAssessmentandSounding: OceantoNear-Surface... Page31of91 51 Table 3 (Continued) Link Budget Term Description Relevant Regimes Reference Europa Surface Scattering Loss to due signal scattering from a rough surface Surface Roughness Fung et al. (1992) Surface Transmission Loss to du
33,frequency,"he inﬂuence of latitude on success or failure of a point model is tracked. 4.2.5 IceShellComposition Bulk ice shell composition is represented by two regime modes: (i) pure ice and (ii) ma- rine ice. These modes represent the impurity contribution to the high-frequency electrical conductivity of ice, which governs radar signal attenuation in ice (Moore 2000; MacGregor"
33,sounding,"RadarforEuropaAssessmentandSounding: OceantoNear-Surface... Page33of91 51 Incident and reﬂected waves within a thin layer can interfere constructively or destructively, depending on the permittivity and thickness of the thin layer (Mouginot et al. 2009). We deﬁne two modes for the thickness of"
33,sounding,"presence of volume-scatterers within the ice shell, referred to here as deep regolith, could inﬂuence the radar signal penetration depth. An early study of volume scattering losses found that regolith at depth would pose an “insurmountable obstacle” to radar sounding of Europa’s ice shell (Eluszkiewicz 2004). A follow-on study determined these estimates were “unduly pessimistic” and found that much of the range of estimated volume scattering losses due to regolith at depth are minor at Europa for both HF and VHF frequenci"
33,sounding,"which correspond to upper bounds of the parameter space deﬁning regolith porosity and size considered in Aglyamov et al. ( 2017), and (ii) nonporous ice. The upper bound in regolith loss is intended to represent conditions where the VHF band is unable to make sounding measurements and as such represents conditions that could be considered extreme relative to other models for the porosity of Europa’s ice shell at depth. 4.2.4 SurfaceTemperature Surface temperatures affect the equilibrium conductive ice shell temperature pro"
33,measurement,"respond to upper bounds of the parameter space deﬁning regolith porosity and size considered in Aglyamov et al. ( 2017), and (ii) nonporous ice. The upper bound in regolith loss is intended to represent conditions where the VHF band is unable to make sounding measurements and as such represents conditions that could be considered extreme relative to other models for the porosity of Europa’s ice shell at depth. 4.2.4 SurfaceTemperature Surface temperatures affect the equilibrium conductive ice shell temperature proﬁle, which i"
34,frequency,"51 Page34of91 D.D.Blankenshipetal. et al. 2007, 2015). Note that only lattice-soluble impurities (impurities that are incorpo- rated within the ice crystal lattice and not accommodated interstitially) contribute to the high-frequency electrical conductivity of ice. On Europa, chloride is thought to be the most ubiquitous and dominant lattice-soluble impurity (Grimm and Stillman 2019; Moore 2000), incorporated through entertainment of oceanic material at the ice–ocean interface (Buffo et a"
34,sounding,"iderable controversy in estimating the thickness of Europa’s ice shell. A full discussion on estimates for the thickness of Europa’s ice shell can be found in Howell (2021), Nimmo and Manga (2009), and Billings and Kattenhorn (2005). From the perspec- tive of sounding in the REASON investigation, we are interested in the thickness of the cold, thermally conductive lid, where the relatively low temperature results in minimal radar sig- nal attenuation (Fig. 10). This may also include cold downwellings associated with a slow"
35,sounding,"RadarforEuropaAssessmentandSounding: OceantoNear-Surface... Page35of91 51 than one formed from ocean water (e.g., 0.2 m vs. 1 m, respectively). We adopt ε= 5t o represent the permittivity of the hydrated salt layer (Grimm et al.2008; Pettinelli et al.2016; Grimm and Stillman 2019). We position"
36,altitude,through evaluation of the interfero-metric11 KRP (Sect. 4.4.7). These EPMs are represented graphically in Fig. 12 and detailed in Tables 12–14 in the Appendix. Table 5 EPMs used to evaluate REASON requirements on measurement quality EPM Measurements Datasets Altitudes Shallow Subsurface Structure Sounding Shallow Subsurface ≤400 km Full Depth Subsurface Exchange Sounding Full Depth Subsurface Exchange ≤400 km Ice Shell Properties Sounding Ice–Ocean Interface ≤400 km (VHF) ≤1000 km (HF) Altimetry and Reﬂectometry Altimetry
36,interferometry,"rface Properties Ice–Ocean Interface ≤1000 km Fig.12 EPMs used to represent Europa for evaluating Measurement Quality Requirements 11The term “interfero-metric” was adopted to convey that this KRP is a metric used to verify the REASON measurement technique of interferometry, hence the distinct spelling from the adjective interferometric."
36,sounding,"51 Page36of91 D.D.Blankenshipetal. 4.3 EnsemblesofPointModels(EPMs) There are four EPMs used to V&V REASON requirements on measurement quality for sounding, reﬂectometry,a n daltimetry (Table 5). Note that the requirement for interferome- try is veriﬁed through evaluation of the interfero-metric11 KRP (Sect. 4.4.7). These EPMs are represented graphically in Fig. 12 and detailed in Tables 12–14 in the Appendix. T"
36,sounding,tric11 KRP (Sect. 4.4.7). These EPMs are represented graphically in Fig. 12 and detailed in Tables 12–14 in the Appendix. Table 5 EPMs used to evaluate REASON requirements on measurement quality EPM Measurements Datasets Altitudes Shallow Subsurface Structure Sounding Shallow Subsurface ≤400 km Full Depth Subsurface Exchange Sounding Full Depth Subsurface Exchange ≤400 km Ice Shell Properties Sounding Ice–Ocean Interface ≤400 km (VHF) ≤1000 km (HF) Altimetry and Reﬂectometry Altimetry and Reﬂectometry Shallow Subsurface ≤4
36,sounding,Fig. 12 and detailed in Tables 12–14 in the Appendix. Table 5 EPMs used to evaluate REASON requirements on measurement quality EPM Measurements Datasets Altitudes Shallow Subsurface Structure Sounding Shallow Subsurface ≤400 km Full Depth Subsurface Exchange Sounding Full Depth Subsurface Exchange ≤400 km Ice Shell Properties Sounding Ice–Ocean Interface ≤400 km (VHF) ≤1000 km (HF) Altimetry and Reﬂectometry Altimetry and Reﬂectometry Shallow Subsurface ≤400 km Full Depth Subsurface Exchange Near-Surface Properties Ice–Oc
36,sounding,sed to evaluate REASON requirements on measurement quality EPM Measurements Datasets Altitudes Shallow Subsurface Structure Sounding Shallow Subsurface ≤400 km Full Depth Subsurface Exchange Sounding Full Depth Subsurface Exchange ≤400 km Ice Shell Properties Sounding Ice–Ocean Interface ≤400 km (VHF) ≤1000 km (HF) Altimetry and Reﬂectometry Altimetry and Reﬂectometry Shallow Subsurface ≤400 km Full Depth Subsurface Exchange Near-Surface Properties Ice–Ocean Interface ≤1000 km Fig.12 EPMs used to represent Europa for evalu
36,altimetry,"51 Page36of91 D.D.Blankenshipetal. 4.3 EnsemblesofPointModels(EPMs) There are four EPMs used to V&V REASON requirements on measurement quality for sounding, reﬂectometry,a n daltimetry (Table 5). Note that the requirement for interferome- try is veriﬁed through evaluation of the interfero-metric11 KRP (Sect. 4.4.7). These EPMs are represented graphically in Fig. 12 and detailed in Tables 12–14 in the Appendix. Table 5 EPMs used to evaluate"
36,altimetry,y EPM Measurements Datasets Altitudes Shallow Subsurface Structure Sounding Shallow Subsurface ≤400 km Full Depth Subsurface Exchange Sounding Full Depth Subsurface Exchange ≤400 km Ice Shell Properties Sounding Ice–Ocean Interface ≤400 km (VHF) ≤1000 km (HF) Altimetry and Reﬂectometry Altimetry and Reﬂectometry Shallow Subsurface ≤400 km Full Depth Subsurface Exchange Near-Surface Properties Ice–Ocean Interface ≤1000 km Fig.12 EPMs used to represent Europa for evaluating Measurement Quality Requirements 11The term “interfe
36,altimetry,Altitudes Shallow Subsurface Structure Sounding Shallow Subsurface ≤400 km Full Depth Subsurface Exchange Sounding Full Depth Subsurface Exchange ≤400 km Ice Shell Properties Sounding Ice–Ocean Interface ≤400 km (VHF) ≤1000 km (HF) Altimetry and Reﬂectometry Altimetry and Reﬂectometry Shallow Subsurface ≤400 km Full Depth Subsurface Exchange Near-Surface Properties Ice–Ocean Interface ≤1000 km Fig.12 EPMs used to represent Europa for evaluating Measurement Quality Requirements 11The term “interfero-metric” was adopted to c
36,measurement,"51 Page36of91 D.D.Blankenshipetal. 4.3 EnsemblesofPointModels(EPMs) There are four EPMs used to V&V REASON requirements on measurement quality for sounding, reﬂectometry,a n daltimetry (Table 5). Note that the requirement for interferome- try is veriﬁed through evaluation of the interfero-metric11 KRP (Sect. 4.4.7). These EPMs are represented graphically in Fig. 12 and detailed in Tables 12–"
36,measurement,he requirement for interferome- try is veriﬁed through evaluation of the interfero-metric11 KRP (Sect. 4.4.7). These EPMs are represented graphically in Fig. 12 and detailed in Tables 12–14 in the Appendix. Table 5 EPMs used to evaluate REASON requirements on measurement quality EPM Measurements Datasets Altitudes Shallow Subsurface Structure Sounding Shallow Subsurface ≤400 km Full Depth Subsurface Exchange Sounding Full Depth Subsurface Exchange ≤400 km Ice Shell Properties Sounding Ice–Ocean Interface ≤400 km (VHF) ≤1000 k
36,measurement,ferome- try is veriﬁed through evaluation of the interfero-metric11 KRP (Sect. 4.4.7). These EPMs are represented graphically in Fig. 12 and detailed in Tables 12–14 in the Appendix. Table 5 EPMs used to evaluate REASON requirements on measurement quality EPM Measurements Datasets Altitudes Shallow Subsurface Structure Sounding Shallow Subsurface ≤400 km Full Depth Subsurface Exchange Sounding Full Depth Subsurface Exchange ≤400 km Ice Shell Properties Sounding Ice–Ocean Interface ≤400 km (VHF) ≤1000 km (HF) Altimetry and Reﬂ
36,measurement,"cean Interface ≤400 km (VHF) ≤1000 km (HF) Altimetry and Reﬂectometry Altimetry and Reﬂectometry Shallow Subsurface ≤400 km Full Depth Subsurface Exchange Near-Surface Properties Ice–Ocean Interface ≤1000 km Fig.12 EPMs used to represent Europa for evaluating Measurement Quality Requirements 11The term “interfero-metric” was adopted to convey that this KRP is a metric used to verify the REASON measurement technique of interferometry, hence the distinct spelling from the adjective interferometric."
36,measurement,"bsurface Exchange Near-Surface Properties Ice–Ocean Interface ≤1000 km Fig.12 EPMs used to represent Europa for evaluating Measurement Quality Requirements 11The term “interfero-metric” was adopted to convey that this KRP is a metric used to verify the REASON measurement technique of interferometry, hence the distinct spelling from the adjective interferometric."
37,bandwidth,the evaluation of all requirements. Analysis of the center frequency uncertainty (Sect. 4.4.2) is used to justify the assumption in SVV that the center frequency corresponds to the required value. Vertical resolution (Sect. 4.4.3)i s converted to an effective bandwidth in SVV and used to evaluate all vertical resolution and vertical precision requirements. The Normalized Side Lobe Envelope (NSLE) (Sect. 4.4.5) is used to evaluate all requirements that apply to the subsurface. 4.4.1 RadarPotential Radar potential is deﬁned a
37,frequency,of requirements on measurement quality evaluated in REASON SVV and the KRPs that contribute to their veriﬁcation and validation. Radar potential (Sect.4.4.1) and SAR gain (Sect. 4.4.4) are included in the evaluation of all requirements. Analysis of the center frequency uncertainty (Sect. 4.4.2) is used to justify the assumption in SVV that the center frequency corresponds to the required value. Vertical resolution (Sect. 4.4.3)i s converted to an effective bandwidth in SVV and used to evaluate all vertical resolution and ve
37,frequency,o their veriﬁcation and validation. Radar potential (Sect.4.4.1) and SAR gain (Sect. 4.4.4) are included in the evaluation of all requirements. Analysis of the center frequency uncertainty (Sect. 4.4.2) is used to justify the assumption in SVV that the center frequency corresponds to the required value. Vertical resolution (Sect. 4.4.3)i s converted to an effective bandwidth in SVV and used to evaluate all vertical resolution and vertical precision requirements. The Normalized Side Lobe Envelope (NSLE) (Sect. 4.4.5) is used
37,frequency,"nite reﬂector at a range of 400 km, with no environmental perturbations (e.g., neglecting the ionosphere). Radar potential in- cludes terms for the gain resulting from SAR processing as well as impacts from instrumen- tal effects and capabilities. 4.4.2 CenterFrequencyUncertainty Center frequency uncertainty quantiﬁes the variation in center frequency expected over the mission. Uncertainty in the center frequency represents uncertainty in the STAble Local Oscillator (STALO) clock, and thus the uncertainty in measuring the t"
37,frequency,"400 km, with no environmental perturbations (e.g., neglecting the ionosphere). Radar potential in- cludes terms for the gain resulting from SAR processing as well as impacts from instrumen- tal effects and capabilities. 4.4.2 CenterFrequencyUncertainty Center frequency uncertainty quantiﬁes the variation in center frequency expected over the mission. Uncertainty in the center frequency represents uncertainty in the STAble Local Oscillator (STALO) clock, and thus the uncertainty in measuring the time between chirp transmissi"
37,frequency,"cting the ionosphere). Radar potential in- cludes terms for the gain resulting from SAR processing as well as impacts from instrumen- tal effects and capabilities. 4.4.2 CenterFrequencyUncertainty Center frequency uncertainty quantiﬁes the variation in center frequency expected over the mission. Uncertainty in the center frequency represents uncertainty in the STAble Local Oscillator (STALO) clock, and thus the uncertainty in measuring the time between chirp transmission and echo receive, which can feed into altimetry and r"
37,frequency,"gain resulting from SAR processing as well as impacts from instrumen- tal effects and capabilities. 4.4.2 CenterFrequencyUncertainty Center frequency uncertainty quantiﬁes the variation in center frequency expected over the mission. Uncertainty in the center frequency represents uncertainty in the STAble Local Oscillator (STALO) clock, and thus the uncertainty in measuring the time between chirp transmission and echo receive, which can feed into altimetry and ranging errors."
37,sounding,"RadarforEuropaAssessmentandSounding: OceantoNear-Surface... Page37of91 51 Each point model in the EPM is intended to represent a speciﬁc hypothesis, considered by the REASON team as part of instrument development. The point models in the Shallow Subsurface Structure EPM are represented in the F"
37,altimetry,"enter frequency expected over the mission. Uncertainty in the center frequency represents uncertainty in the STAble Local Oscillator (STALO) clock, and thus the uncertainty in measuring the time between chirp transmission and echo receive, which can feed into altimetry and ranging errors."
37,ranging,"y expected over the mission. Uncertainty in the center frequency represents uncertainty in the STAble Local Oscillator (STALO) clock, and thus the uncertainty in measuring the time between chirp transmission and echo receive, which can feed into altimetry and ranging errors."
37,measurement,"he ice shell thickness. In the Shallow Subsurface Structure and Full Depth Subsurface Exchange EPMs, the last six point models are the same as the ﬁrst six but include salt layers as the target interface, as opposed to an ice–water interface. A requirement on measurement quality is considered veriﬁed and validated if the mea- surement is successful for a majority of the point models in an EPM given performance derived from KRPs/instrument-level requirements. EPMs are used to verify and validate that the requirements on measur"
37,measurement,"rement quality is considered veriﬁed and validated if the mea- surement is successful for a majority of the point models in an EPM given performance derived from KRPs/instrument-level requirements. EPMs are used to verify and validate that the requirements on measurement quality are capable of “characterizing” and “search- ing” where applicable (Table 1). Where a Measurement Requirement traces up to a dataset that involves “characterizing” or “mapping” a property of Europa, the requirement must be met for both a subsurface st"
37,measurement,"e point models in an EPM given performance derived from KRPs/instrument-level requirements. EPMs are used to verify and validate that the requirements on measurement quality are capable of “characterizing” and “search- ing” where applicable (Table 1). Where a Measurement Requirement traces up to a dataset that involves “characterizing” or “mapping” a property of Europa, the requirement must be met for both a subsurface structure target, represented by salt layers, and a subsurface wa- ter target interface. Where a Measurement"
37,measurement,"Measurement Requirement traces up to a dataset that involves “characterizing” or “mapping” a property of Europa, the requirement must be met for both a subsurface structure target, represented by salt layers, and a subsurface wa- ter target interface. Where a Measurement Requirement traces up to a dataset that involves searching for features at Europa, we consider the requirement met for either a subsurface structure or subsurface water target interface. 4.4 KeyRadarParameters(KRPs) The KRPs are supplied by the REASON System"
37,measurement,"e REASON science veriﬁcation and validation (SVV) team. KRPs translate estimated instrument performance (including spacecraft-level impingements) and are used as an input for REASON SVV . Cur- rent Best Estimate (CBE) values are used to verify requirements on measurement quality, whereas the values derived from instrument-level requirements are used for validation. Not all KRPs are needed to evaluate a particular requirement on measurement quality. Ta- ble 6 presents the types of requirements on measurement quality evaluated"
37,measurement,"or REASON SVV . Cur- rent Best Estimate (CBE) values are used to verify requirements on measurement quality, whereas the values derived from instrument-level requirements are used for validation. Not all KRPs are needed to evaluate a particular requirement on measurement quality. Ta- ble 6 presents the types of requirements on measurement quality evaluated in REASON SVV and the KRPs that contribute to their veriﬁcation and validation. Radar potential (Sect.4.4.1) and SAR gain (Sect. 4.4.4) are included in the evaluation of al"
37,measurement,"fy requirements on measurement quality, whereas the values derived from instrument-level requirements are used for validation. Not all KRPs are needed to evaluate a particular requirement on measurement quality. Ta- ble 6 presents the types of requirements on measurement quality evaluated in REASON SVV and the KRPs that contribute to their veriﬁcation and validation. Radar potential (Sect.4.4.1) and SAR gain (Sect. 4.4.4) are included in the evaluation of all requirements. Analysis of the center frequency uncertainty (Sect. 4"
38,compression,"×× × Radiometric Stability (3.2.7.) ×× × × 4.4.3 VerticalResolution Vertical resolution in vacuum is an instrument-level requirement and can be used to calculate an effective bandwidth. It is taken as the 3 dB width of the main peak lobe in vacuum after range compression. A Hann window is used to reduce the impact of the range side lobes (see the NSLE below in Sect. 4.4.5), but results in broadening of the peak lobe and loss of resolution. In operational processing, other windowing functions may be used. 4.4.4 SARGain SAR Gai"
38,bandwidth,"nation (3.2.5.) ×× Radiometric Precision (3.2.6.) ×× × Radiometric Accuracy (3.2.6.) ×× × Radiometric Stability (3.2.7.) ×× × × 4.4.3 VerticalResolution Vertical resolution in vacuum is an instrument-level requirement and can be used to calculate an effective bandwidth. It is taken as the 3 dB width of the main peak lobe in vacuum after range compression. A Hann window is used to reduce the impact of the range side lobes (see the NSLE below in Sect. 4.4.5), but results in broadening of the peak lobe and loss of resolution."
38,frequency,51 Page38of91 D.D.Blankenshipetal. Table 6 Key Radar Parameters (KRPs) used to verify REASON requirements on measurement quality Key Radar Parameters (KRPs) Radar Potential Center Frequency Uncertainty Vertical Resolution SAR Gain NSLE Radiometric Stability Interfero- metric Requirements on Measurement Quality Blind Zone (3.2.1.) ×× × × Vertical Resolution (3.2.2.) ×× × × Vertical Precision (3.2.2.) ×× × × × Along-Track Resolution (3.2.3.) ×× ×
38,measurement,51 Page38of91 D.D.Blankenshipetal. Table 6 Key Radar Parameters (KRPs) used to verify REASON requirements on measurement quality Key Radar Parameters (KRPs) Radar Potential Center Frequency Uncertainty Vertical Resolution SAR Gain NSLE Radiometric Stability Interfero- metric Requirements on Measurement Quality Blind Zone (3.2.1.) ×× × × Vertical Resolution (3.2.2.) ×× × × Verti
38,measurement,l. Table 6 Key Radar Parameters (KRPs) used to verify REASON requirements on measurement quality Key Radar Parameters (KRPs) Radar Potential Center Frequency Uncertainty Vertical Resolution SAR Gain NSLE Radiometric Stability Interfero- metric Requirements on Measurement Quality Blind Zone (3.2.1.) ×× × × Vertical Resolution (3.2.2.) ×× × × Vertical Precision (3.2.2.) ×× × × × Along-Track Resolution (3.2.3.) ×× × Sampled Along-Track Resolution (3.2.4.) ×× Clutter Discrimination (3.2.5.) ×× Radiometric Precision (3.2.6.) ×× ×
38,measurement,"owing functions may be used. 4.4.4 SARGain SAR Gain is the gain obtained from focused SAR processing at 400 km, assuming an aperture length equal to the Fresnel zone radius. The scatterer is assumed to be a specular (smooth/ﬂat) surface at nadir. Reﬂectometry measurements do not beneﬁt from SAR gain since the technique depends on analysis of the returns with minimal azimuth processing."
39,compression,"RadarforEuropaAssessmentandSounding: OceantoNear-Surface... Page39of91 51 Fig.13 NSLE 4.4.5 NormalizedSideLobeEnvelope(NSLE) The NSLE is used to describe artifacts generated during the range compression of the sur- face echo and is illustrated in Fig. 13. In order to minimize side lobe power levels, range compression of the reﬂected chirps is typically performed using a windowed version of the reference chirp, here assumed to be a Hann window. Range compress"
39,compression,"r-Surface... Page39of91 51 Fig.13 NSLE 4.4.5 NormalizedSideLobeEnvelope(NSLE) The NSLE is used to describe artifacts generated during the range compression of the sur- face echo and is illustrated in Fig. 13. In order to minimize side lobe power levels, range compression of the reﬂected chirps is typically performed using a windowed version of the reference chirp, here assumed to be a Hann window. Range compression with a windowed reference chirp leads to a steep decrease in the power of undesirable side lobes on either side"
39,compression,"pression of the sur- face echo and is illustrated in Fig. 13. In order to minimize side lobe power levels, range compression of the reﬂected chirps is typically performed using a windowed version of the reference chirp, here assumed to be a Hann window. Range compression with a windowed reference chirp leads to a steep decrease in the power of undesirable side lobes on either side of the surface echo that eventually reaches a minimum at some range (i.e., the “near-in” position). At ranges beyond the near-in position, side lob"
39,frequency,"gets. The absolute power lev- els associated with the near-in and far-out NSLE KRP are scaled relative to the strength of the surface echo. The near-in and far-out formulation is only relevant for cases with modest electromagnetic interference (EMI) and radio frequency interference (RFI). 4.4.6 RadiometricStability The radiometric stability KRP quantiﬁes the expected variation in power across a ﬂyby caused by temperature variations, calibration errors, and other instrument-related phenom- ena. The radiometric stability KRP"
39,altitude,"bility KRPs do not include imaging geometry effects. 4.4.7 Interfero-Metric Unlike the other KRPs, the interfero-metric includes geophysical effects. The interfero- metric KRP quantiﬁes whether interferometry is successful for a given point model at a speciﬁc altitude. The point models used in generating the interfero-metric include all those in the Shallow Subsurface Structure and Full Depth Subsurface Exchange EPMs that have target depths less than or equal to 3 km. For point models with salt layers, the salt layer depth"
39,interferometry,"ility KRPs or requirements for longer periods. The radiometric stability KRPs do not include imaging geometry effects. 4.4.7 Interfero-Metric Unlike the other KRPs, the interfero-metric includes geophysical effects. The interfero- metric KRP quantiﬁes whether interferometry is successful for a given point model at a speciﬁc altitude. The point models used in generating the interfero-metric include all those in the Shallow Subsurface Structure and Full Depth Subsurface Exchange EPMs that have target depths less than or equal to 3"
39,sounding,RadarforEuropaAssessmentandSounding: OceantoNear-Surface... Page39of91 51 Fig.13 NSLE 4.4.5 NormalizedSideLobeEnvelope(NSLE) The NSLE is used to describe artifacts generated during the range compression of the sur- face echo and is illustrated in Fig. 13. In order to minimize side lobe power le
40,compression,"9- and 60-MHz ice- penetrating radar, showing the frequency plan and transmit-receive signal ﬂow. Coherent radar signals are derived from: 1) a 48-MHz STALO for synchronizing radar control-and- timing, analog-to-digital conversion, onboard processing and data compression of received echoes; and 2) a frequency-multiplied 192-MHz clock for the digital chirp generation and digital-to-analog conversion of transmit pulses. Given the relatively low HF and VHF fre- quencies involved, all transmit frequency generation and receive dow"
40,frequency,he radar consists of three stacks which reside inside the spacecraft vault: Digital and Syn- thesizer Electronics Stacks (DSES) that includes two redundant Digital and Synthesizer Electronics (DSE-A and DSE-B) units with cross-strapped interfaces to the Radio Frequency (RF) electronics. This allows for radar operation during the mission to be tolerant to sin- gle DSE faults. Each DSE includes a Frequency Synthesizer and Digital and Power Unit (DPU). The DPU consists of a Radar Acquisition & Management Board (RAMBo) and a DS
40,frequency,des two redundant Digital and Synthesizer Electronics (DSE-A and DSE-B) units with cross-strapped interfaces to the Radio Frequency (RF) electronics. This allows for radar operation during the mission to be tolerant to sin- gle DSE faults. Each DSE includes a Frequency Synthesizer and Digital and Power Unit (DPU). The DPU consists of a Radar Acquisition & Management Board (RAMBo) and a DSE Power Converter Unit (DSEPCU) that powers the RAMBo and the Synthesizer. The RF Electronics System (RFES) for REASON is divided into HF
40,frequency,"mblies are scheduled for deployment roughly one month after launch. A rendering of the Europa Clipper spacecraft with REASON’s AS is shown in Fig. 14. Figure 15 shows the functional block diagram of the REASON 9- and 60-MHz ice- penetrating radar, showing the frequency plan and transmit-receive signal ﬂow. Coherent radar signals are derived from: 1) a 48-MHz STALO for synchronizing radar control-and- timing, analog-to-digital conversion, onboard processing and data compression of received echoes; and 2) a frequency-multipli"
40,frequency,"wing the frequency plan and transmit-receive signal ﬂow. Coherent radar signals are derived from: 1) a 48-MHz STALO for synchronizing radar control-and- timing, analog-to-digital conversion, onboard processing and data compression of received echoes; and 2) a frequency-multiplied 192-MHz clock for the digital chirp generation and digital-to-analog conversion of transmit pulses. Given the relatively low HF and VHF fre- quencies involved, all transmit frequency generation and receive downconversion is done completely in the d"
40,frequency,"oard processing and data compression of received echoes; and 2) a frequency-multiplied 192-MHz clock for the digital chirp generation and digital-to-analog conversion of transmit pulses. Given the relatively low HF and VHF fre- quencies involved, all transmit frequency generation and receive downconversion is done completely in the digital electronics, without the need for upconversion or downconver- sion in the RF section. The digital electronics design uses a single, reconﬁgurable ﬁeld- programmable gate array (FPGA). The"
40,pulse,"LO for synchronizing radar control-and- timing, analog-to-digital conversion, onboard processing and data compression of received echoes; and 2) a frequency-multiplied 192-MHz clock for the digital chirp generation and digital-to-analog conversion of transmit pulses. Given the relatively low HF and VHF fre- quencies involved, all transmit frequency generation and receive downconversion is done completely in the digital electronics, without the need for upconversion or downconver- sion in the RF section. The digital elec"
40,measurement,"arget is present, but never both, and that the subsurface target has a 10 km extent along- track. A feature is considered “detected” if its SNR is above a certain threshold, deﬁned as 0 dB, consistent with the detection criteria for evaluation of other REASON Measurement Quality Requirements. A feature is considered “discriminated” if the expected value of its interferometric phase can reliably be determined to be below or above a given threshold. The roughness of either the nadir or off-nadir extended target will cause a spr"
40,measurement,"ses a single, reconﬁgurable ﬁeld- programmable gate array (FPGA). The FPGA ﬁrmware architecture is state-machine-based and does not require a ﬂight computer module or ﬂight software. The radar Control and Tim- ing Unit (CTU) ﬁrmware component orchestrates the measurement sequence during a Eu- ropa ﬂyby through a programmable Observation Plan (OP) script ﬁle stored in the RAMBo’s Static Random Access Memory (SRAM). For a given ﬂyby, the spacecraft uploads the OP"
41,sounding,RadarforEuropaAssessmentandSounding: OceantoNear-Surface... Page41of91 51 Fig.14 Depiction of Europa Clipper spacecraft with REASON antenna assemblies Fig.15 REASON functional block diagram contents to SRAM and initiates science data collection via a SpaceWire command. When data collection star
42,PRF,"als) HF VHF Peak Transmit Power at input to the antennas, per antenna assembly 11.75 W 5.5 W Center Frequency 9 MHz 60 MHz Bandwidth (Fractional Bandwidth) 1 MHz (11%) 10 MHz (17%) Operational Altitudes 25 km to 1000 km from Europa Pulse Repetition Frequency (PRF) 50 Hz–3 kHz Approximate On-time per Orbit 20 min warm-up and 16 min science collection Dynamic Range 40 dB* 35 dB* Antenna Gain at Nadir 4 dBi* 7.3 dBi Mass 65.7 kg AveragePower 61 W *Requirement or CBE at time of publication. every few-second dwell interval"
42,pulse repetition,"adar system parameters (actuals) HF VHF Peak Transmit Power at input to the antennas, per antenna assembly 11.75 W 5.5 W Center Frequency 9 MHz 60 MHz Bandwidth (Fractional Bandwidth) 1 MHz (11%) 10 MHz (17%) Operational Altitudes 25 km to 1000 km from Europa Pulse Repetition Frequency (PRF) 50 Hz–3 kHz Approximate On-time per Orbit 20 min warm-up and 16 min science collection Dynamic Range 40 dB* 35 dB* Antenna Gain at Nadir 4 dBi* 7.3 dBi Mass 65.7 kg AveragePower 61 W *Requirement or CBE at time of publication. every few-second"
42,bandwidth,"51 Page42of91 D.D.Blankenshipetal. Table 7 REASON radar system parameters (actuals) HF VHF Peak Transmit Power at input to the antennas, per antenna assembly 11.75 W 5.5 W Center Frequency 9 MHz 60 MHz Bandwidth (Fractional Bandwidth) 1 MHz (11%) 10 MHz (17%) Operational Altitudes 25 km to 1000 km from Europa Pulse Repetition Frequency (PRF) 50 Hz–3 kHz Approximate On-time per Orbit 20 min warm-up and 16 min science collection Dynamic Range 40 dB* 35 dB* Antenna Gain"
42,bandwidth,"51 Page42of91 D.D.Blankenshipetal. Table 7 REASON radar system parameters (actuals) HF VHF Peak Transmit Power at input to the antennas, per antenna assembly 11.75 W 5.5 W Center Frequency 9 MHz 60 MHz Bandwidth (Fractional Bandwidth) 1 MHz (11%) 10 MHz (17%) Operational Altitudes 25 km to 1000 km from Europa Pulse Repetition Frequency (PRF) 50 Hz–3 kHz Approximate On-time per Orbit 20 min warm-up and 16 min science collection Dynamic Range 40 dB* 35 dB* Antenna Gain at Nadir 4 dBi* 7.3 d"
42,frequency,"51 Page42of91 D.D.Blankenshipetal. Table 7 REASON radar system parameters (actuals) HF VHF Peak Transmit Power at input to the antennas, per antenna assembly 11.75 W 5.5 W Center Frequency 9 MHz 60 MHz Bandwidth (Fractional Bandwidth) 1 MHz (11%) 10 MHz (17%) Operational Altitudes 25 km to 1000 km from Europa Pulse Repetition Frequency (PRF) 50 Hz–3 kHz Approximate On-time per Orbit 20 min warm-up and 16 min science collection Dynamic Range 40"
42,frequency,"eters (actuals) HF VHF Peak Transmit Power at input to the antennas, per antenna assembly 11.75 W 5.5 W Center Frequency 9 MHz 60 MHz Bandwidth (Fractional Bandwidth) 1 MHz (11%) 10 MHz (17%) Operational Altitudes 25 km to 1000 km from Europa Pulse Repetition Frequency (PRF) 50 Hz–3 kHz Approximate On-time per Orbit 20 min warm-up and 16 min science collection Dynamic Range 40 dB* 35 dB* Antenna Gain at Nadir 4 dBi* 7.3 dBi Mass 65.7 kg AveragePower 61 W *Requirement or CBE at time of publication. every few-second dwell int"
42,60 MHz,"51 Page42of91 D.D.Blankenshipetal. Table 7 REASON radar system parameters (actuals) HF VHF Peak Transmit Power at input to the antennas, per antenna assembly 11.75 W 5.5 W Center Frequency 9 MHz 60 MHz Bandwidth (Fractional Bandwidth) 1 MHz (11%) 10 MHz (17%) Operational Altitudes 25 km to 1000 km from Europa Pulse Repetition Frequency (PRF) 50 Hz–3 kHz Approximate On-time per Orbit 20 min warm-up and 16 min science collection Dynamic Range 40 dB* 35 dB* An"
42,9 MHz,"51 Page42of91 D.D.Blankenshipetal. Table 7 REASON radar system parameters (actuals) HF VHF Peak Transmit Power at input to the antennas, per antenna assembly 11.75 W 5.5 W Center Frequency 9 MHz 60 MHz Bandwidth (Fractional Bandwidth) 1 MHz (11%) 10 MHz (17%) Operational Altitudes 25 km to 1000 km from Europa Pulse Repetition Frequency (PRF) 50 Hz–3 kHz Approximate On-time per Orbit 20 min warm-up and 16 min science collection Dynamic Range 40 dB* 35"
42,altitude,"1 D.D.Blankenshipetal. Table 7 REASON radar system parameters (actuals) HF VHF Peak Transmit Power at input to the antennas, per antenna assembly 11.75 W 5.5 W Center Frequency 9 MHz 60 MHz Bandwidth (Fractional Bandwidth) 1 MHz (11%) 10 MHz (17%) Operational Altitudes 25 km to 1000 km from Europa Pulse Repetition Frequency (PRF) 50 Hz–3 kHz Approximate On-time per Orbit 20 min warm-up and 16 min science collection Dynamic Range 40 dB* 35 dB* Antenna Gain at Nadir 4 dBi* 7.3 dBi Mass 65.7 kg AveragePower 61 W *Requirement"
42,pulse,"adar system parameters (actuals) HF VHF Peak Transmit Power at input to the antennas, per antenna assembly 11.75 W 5.5 W Center Frequency 9 MHz 60 MHz Bandwidth (Fractional Bandwidth) 1 MHz (11%) 10 MHz (17%) Operational Altitudes 25 km to 1000 km from Europa Pulse Repetition Frequency (PRF) 50 Hz–3 kHz Approximate On-time per Orbit 20 min warm-up and 16 min science collection Dynamic Range 40 dB* 35 dB* Antenna Gain at Nadir 4 dBi* 7.3 dBi Mass 65.7 kg AveragePower 61 W *Requirement or CBE at time of publication. every"
42,pulse,"three receiver channels (single-channel HF and dual-channel interferometric “+X/–X” VHF). Loopback provides a calibration reference to compensate in post-processing for any RF transmitter/receiver ampliﬁer gain variations over the ﬂyby collection period. T/R pulses are distributed through front-end power combiners-dividers, through a network of six coaxial feedlines to the two HF and four VHF antenna assemblies. A summary of radar system pa- rameters is shown in Table 7, and a block diagram of the overall REASON archit"
43,sounding,"RadarforEuropaAssessmentandSounding: OceantoNear-Surface... Page43of91 51 Fig.16 REASON implementation block diagram relatively exposed to the Jovian environment (Sect. 5.2.3). Furthermore, REASON needed to be hardened to the worst-case potential discharges that it might experience during the m"
44,compression,"exponent code (power estimate) for a block of samples, and lower bit-width mantissa codes for each complex-valued baseband sample within the block. The BFPQ block size is programmable, as is the number of bits per mantissa sample. As an ex- ample of the data compression performance, the BFPQ input data rate for VHF is 576 Mbps (12 MHz × (24 + 24)), while the output data rate for a block size of 32 and 4-bit mantissa codes is 99 Mbps (12 MHz × (32 × (4 + 4) + 8)/32), i.e., a reduction of around six times, while maintaining a"
44,frequency,"51 Page44of91 D.D.Blankenshipetal. Table 8 DES parameters Parameter HF VHF ADC sampling rate 48 MHz Complex-valued baseband sampling rate 1.2 MHz 12 MHz Downconverter center frequency 9 MHz 12 MHz ADC bit resolution 9-10 bits (effective) the primary purpose of the REASON digital subsystem is to coherently transmit chirps, re- ceive the echoes, and reduce the receive data rate and data volume, while preserving the SNR necessary for science."
44,9 MHz,"51 Page44of91 D.D.Blankenshipetal. Table 8 DES parameters Parameter HF VHF ADC sampling rate 48 MHz Complex-valued baseband sampling rate 1.2 MHz 12 MHz Downconverter center frequency 9 MHz 12 MHz ADC bit resolution 9-10 bits (effective) the primary purpose of the REASON digital subsystem is to coherently transmit chirps, re- ceive the echoes, and reduce the receive data rate and data volume, while preserving the SNR necessary for science. The r"
44,altitude,"ps (12 MHz × (32 × (4 + 4) + 8)/32), i.e., a reduction of around six times, while maintaining a signal-to-quantization noise ratio of over 20 dB. During the ﬂyby, the mantissa bit-width is adjusted to capture the expected SNR, i.e., lower bit-widths at higher altitudes, and higher bit-widths at lower altitudes. During a ﬂyby the radar digital subsystem generates hundreds of science packets per second (for about a dozen unique science packet types), along with health and status and engineering packets once per second. A sum"
44,altitude,"a reduction of around six times, while maintaining a signal-to-quantization noise ratio of over 20 dB. During the ﬂyby, the mantissa bit-width is adjusted to capture the expected SNR, i.e., lower bit-widths at higher altitudes, and higher bit-widths at lower altitudes. During a ﬂyby the radar digital subsystem generates hundreds of science packets per second (for about a dozen unique science packet types), along with health and status and engineering packets once per second. A summary of DES parameters is shown in Table 8"
45,bandwidth,dpass ﬁlter and RF limiter on the receive path to protect the downstream re- ceiver electronics from any potential IESD generated by the out-of-vault elements of the radar and spacecraft. The Rx electronics includes low noise ampliﬁcation stages and the noise bandwidth ﬁl- ters. The Rx electronics also includes a switch that selects between the receive path from the T/R switch and the calibration path. Suitable digital attenuators are included in the Rx electronics to maximize the dynamic range of the system to allow operat
45,frequency,"r Assembly The Synthesizer Assembly (Synth) generates 48 MHz and 192 MHz clock signals from a single 48 MHz temperature-stabilized oscillator circuit. The oven maintains the temperature of the crystal at a ﬁxed temperature to provide excellent phase noise and frequency accuracy performance over the entire ﬂight temperature range. In addition to providing temperature telemetry, the Synth provides an oven status indicator to the DPU that is used to monitor the health of the Synth. 5.2.2 RadioFrequencyElectronicsSubsystem(RFES"
45,frequency,"xcellent phase noise and frequency accuracy performance over the entire ﬂight temperature range. In addition to providing temperature telemetry, the Synth provides an oven status indicator to the DPU that is used to monitor the health of the Synth. 5.2.2 RadioFrequencyElectronicsSubsystem(RFES) The RFES includes the HF and VHF electronics stacks. Figures 17 and 18 show block dia- grams for the HFS and VHFS, and the key requirements for the RFES are listed in Table 9. The electronics for the two frequencies are independent t"
45,altitude,nics also includes a switch that selects between the receive path from the T/R switch and the calibration path. Suitable digital attenuators are included in the Rx electronics to maximize the dynamic range of the system to allow operation over a wide range of altitudes during a ﬂyby. JPL designed a Power Supply Unit (PSU) for the HF and VHF RF electronics. The mag- netic ampliﬁer (magamp) topology of the PSU was chosen to reduce challenges of qualifying
45,pulse,"lockout, voltage and current telemetry of its outputs, and an EMI ﬁlter. It also mitigates concerns that come with a high radiation environment. The 300 krad TID en- vironment drove the design of the ﬂyback and buck converters due to the limited selection of pulse-width modulation (PWM) controllers at this dose. The DSEPCU includes a remote sense for the 1-V rail to increase the voltage accuracy delivered to the RAMBo by com- pensating for the voltage drop along the high-current path. It also contains a dual ﬂyback out"
45,pulse,"based power ampli- ﬁer operating in a Class-D conﬁguration, a PIN diode T/R switch, and a discrete-element Wilkinson power divider form the transmit path of the PAU. A directional coupler in the T/R switch provides a calibration path to sample the transmitted pulse. The T/R switch also includes a bandpass ﬁlter and RF limiter on the receive path to protect the downstream re- ceiver electronics from any potential IESD generated by the out-of-vault elements of the radar and spacecraft. The Rx electronics includes low nois"
45,sounding,RadarforEuropaAssessmentandSounding: OceantoNear-Surface... Page45of91 51 conﬁguration source. The FPGA conﬁgures from one of two Honeywell 64 Mbit magnetore- sistive random-access memories (MRAMs). The current plan is for both MRAMs to launch with identical conﬁgurations: one MRAM is read-only
45,measurement,"stack consists of a Transmit Driver Assembly (TxDA), a Power Ampliﬁcation Unit (PAU), Receiver (Rx) and an RF Power Supply Unit (RFPSU). The HF Stack consists of one receiver, while the VHF Stack includes 2 receiver assemblies for across-track interferometric measurements. The TxDA consists of a bandpass ﬁlter and an ampliﬁer operating in saturation that drives the PAU. A GaN device-based power ampli- ﬁer operating in a Class-D conﬁguration, a PIN diode T/R switch, and a discrete-element Wilkinson power divider form the trans"
47,sounding,RadarforEuropaAssessmentandSounding: OceantoNear-Surface... Page47of91 51 Fig.18 VHF RF In-vault block diagram
48,compression,there are no EMI spikes associated with ﬁeld-effect transistor (FET) switching in typical converter topologies. The PSU provides ﬁve independent outputs including the primary pulse output to the RF electronics. A key challenge solved on the PSU magnetics was compression of the core by potting and coating resulting in voltage drop out due to a change in the squareness of the ratio of magnetic ﬂux density to magnetic ﬁeld strength (B/H). 5.2.3 AntennaSubsystem(AS) The REASON AS consists of the HF and VHF antennas and their res
48,bandwidth,51 Page48of91 D.D.Blankenshipetal. Table 9 Key RFES requirements Requirement HF VHF Operating Center Frequency 9 MHz 60 MHz Bandwidth 1 MHz 10 MHz Peak Transmit Power 7.5 W (min) at each antenna 3.75 W (min) at each antenna Pulse Droop <0.005 dB/μs <0.005 dB/μs Pulse Ripple Over Bandwidth <1d B <1d B Harmonic Rejection >80 dBc >80 dBc Noise Figure <13.5 dB* <13.5 dB* Receive Path Gain 49 .5
48,bandwidth,ankenshipetal. Table 9 Key RFES requirements Requirement HF VHF Operating Center Frequency 9 MHz 60 MHz Bandwidth 1 MHz 10 MHz Peak Transmit Power 7.5 W (min) at each antenna 3.75 W (min) at each antenna Pulse Droop <0.005 dB/μs <0.005 dB/μs Pulse Ripple Over Bandwidth <1d B <1d B Harmonic Rejection >80 dBc >80 dBc Noise Figure <13.5 dB* <13.5 dB* Receive Path Gain 49 .5 ± 2.5d B 5 9 .5 ± 0.25 dB Amplitude Balance <0.3 dB <0.3 dB Phase Balance <3d e g <3d e g Differential Phase Stability N/A <2d e g Amplitude Stability Outs
48,frequency,51 Page48of91 D.D.Blankenshipetal. Table 9 Key RFES requirements Requirement HF VHF Operating Center Frequency 9 MHz 60 MHz Bandwidth 1 MHz 10 MHz Peak Transmit Power 7.5 W (min) at each antenna 3.75 W (min) at each antenna Pulse Droop <0.005 dB/μs <0.005 dB/μs Pulse Ripple Over Bandwidth <1d B <1d B Harmonic Rejection >80 dBc >80 dBc Noise Figure <13.5 dB* <13.5 dB*
48,60 MHz,51 Page48of91 D.D.Blankenshipetal. Table 9 Key RFES requirements Requirement HF VHF Operating Center Frequency 9 MHz 60 MHz Bandwidth 1 MHz 10 MHz Peak Transmit Power 7.5 W (min) at each antenna 3.75 W (min) at each antenna Pulse Droop <0.005 dB/μs <0.005 dB/μs Pulse Ripple Over Bandwidth <1d B <1d B Harmonic Rejection >80 dBc >80 dBc Noise Figure <13.5 dB* <13.5 dB* Receive Path
48,9 MHz,51 Page48of91 D.D.Blankenshipetal. Table 9 Key RFES requirements Requirement HF VHF Operating Center Frequency 9 MHz 60 MHz Bandwidth 1 MHz 10 MHz Peak Transmit Power 7.5 W (min) at each antenna 3.75 W (min) at each antenna Pulse Droop <0.005 dB/μs <0.005 dB/μs Pulse Ripple Over Bandwidth <1d B <1d B Harmonic Rejection >80 dBc >80 dBc Noise Figure <13.5 dB* <13.5 dB* Receiv
48,pulse,51 Page48of91 D.D.Blankenshipetal. Table 9 Key RFES requirements Requirement HF VHF Operating Center Frequency 9 MHz 60 MHz Bandwidth 1 MHz 10 MHz Peak Transmit Power 7.5 W (min) at each antenna 3.75 W (min) at each antenna Pulse Droop <0.005 dB/μs <0.005 dB/μs Pulse Ripple Over Bandwidth <1d B <1d B Harmonic Rejection >80 dBc >80 dBc Noise Figure <13.5 dB* <13.5 dB* Receive Path Gain 49 .5 ± 2.5d B 5 9 .5 ± 0.25 dB Amplitude Balance <0.3 dB <0.3 dB Phase Balance <3d e g <3d e g Diffe
48,pulse,Page48of91 D.D.Blankenshipetal. Table 9 Key RFES requirements Requirement HF VHF Operating Center Frequency 9 MHz 60 MHz Bandwidth 1 MHz 10 MHz Peak Transmit Power 7.5 W (min) at each antenna 3.75 W (min) at each antenna Pulse Droop <0.005 dB/μs <0.005 dB/μs Pulse Ripple Over Bandwidth <1d B <1d B Harmonic Rejection >80 dBc >80 dBc Noise Figure <13.5 dB* <13.5 dB* Receive Path Gain 49 .5 ± 2.5d B 5 9 .5 ± 0.25 dB Amplitude Balance <0.3 dB <0.3 dB Phase Balance <3d e g <3d e g Differential Phase Stability N/A <2d e g Am
48,pulse,>80 dBc Noise Figure <13.5 dB* <13.5 dB* Receive Path Gain 49 .5 ± 2.5d B 5 9 .5 ± 0.25 dB Amplitude Balance <0.3 dB <0.3 dB Phase Balance <3d e g <3d e g Differential Phase Stability N/A <2d e g Amplitude Stability Outside Calibration Loop <0.4 dB <0.4 dB RF Pulse Width 10 μs to 236 μs2 5 μs to 200 μs Duty Cycle 10% max 10% max *Requirement driven by Jovian noise components in a harsh radiation environment. The primary inductor in the magamp is opti- mized for saturation and serves as the switch operated at 150 kHz. A
48,pulse,e basis to transition from a saturated state. Magamps inherently are low noise since there are no EMI spikes associated with ﬁeld-effect transistor (FET) switching in typical converter topologies. The PSU provides ﬁve independent outputs including the primary pulse output to the RF electronics. A key challenge solved on the PSU magnetics was compression of the core by potting and coating resulting in voltage drop out due to a change in the squareness of the ratio of magnetic ﬂux density to magnetic ﬁeld strength (B/H).
49,frequency,"addition to materials selection, the VHF antenna elements were moved further from the Solar Array, which is a known source of IESD events. In addition to the EM and FM antenna assembly units, one ﬂight-identical Qualiﬁcation Model (QM) was built per operating frequency. The QM was subjected to more rigorous testing than the FMs to fully qualify the design for ﬂight environments while reducing risk to the ﬂight hardware. The QM antennas were characterized on the outdoor antenna range at JPL because no indoor ranges are avail"
49,frequency,"subjected to more rigorous testing than the FMs to fully qualify the design for ﬂight environments while reducing risk to the ﬂight hardware. The QM antennas were characterized on the outdoor antenna range at JPL because no indoor ranges are available at this frequency. The FM units were not exposed to this test environment in order to preserve ﬂight cleanliness levels. Instead, a proxy stowed antenna measurement was developed to check antenna aliveness, which is equivalent to making a return loss measurement. HF Antennas T"
49,sounding,RadarforEuropaAssessmentandSounding: OceantoNear-Surface... Page49of91 51 Fig.19 REASON HF stowed (top) and deployed (bottom) conduit and wrapped with conductive material to minimize discharge amplitudes. Other nonmetallic elements in the actuators and connectors were tested or analyzed as disc
49,measurement,"QM antennas were characterized on the outdoor antenna range at JPL because no indoor ranges are available at this frequency. The FM units were not exposed to this test environment in order to preserve ﬂight cleanliness levels. Instead, a proxy stowed antenna measurement was developed to check antenna aliveness, which is equivalent to making a return loss measurement. HF Antennas The HF antenna assembly consists of two 8.8-m monopoles that deploy to create a 17.6-m antenna. Deployment is actuated by an Ensign-Bickford Aerospa"
49,measurement,"vailable at this frequency. The FM units were not exposed to this test environment in order to preserve ﬂight cleanliness levels. Instead, a proxy stowed antenna measurement was developed to check antenna aliveness, which is equivalent to making a return loss measurement. HF Antennas The HF antenna assembly consists of two 8.8-m monopoles that deploy to create a 17.6-m antenna. Deployment is actuated by an Ensign-Bickford Aerospace & Defense (EBAD) Frangibolt on each monopole, and deployment speed is controlled by a ﬂyweight"
51,pulse,"ecraft simulator that emulates spacecraft electrical interfaces for bus power, SpaceWire command/telemetry, and discrete control of the DSES MRAM conﬁg- uration bank; an RF test rack that interfaces to the 2 HFS and 4 VHFS antenna ports for acquiring transmit pulse waveform data and injecting simulated echoes into the radar re-"
51,sounding,"RadarforEuropaAssessmentandSounding: OceantoNear-Surface... Page51of91 51 Fig.21 REASON out-of-vault hardware are more robust to both the temperature and radiation extremes. The entire run of coaxial assemblies between the vault and the antennas were divided into short segments, with each segme"
52,frequency,"et simulator is composed of several com- ponents – RF signal generators, a waveform function generator, the FODL, and Arbitrary Waveform Generators (AWGs) – which together generate several classes of echo signals (continuous waveform, pulsed waveforms, linear frequency modulated chirp point targets, noise, distributed targets) at both HF- and VHF-bands for comprehensively testing the radar. The radar electronics are designed with direct-access test port provisions to allow us to synchronize the EGSE to the radar in time and"
52,pulse,"51 Page52of91 D.D.Blankenshipetal. Fig.22 Block diagram of the EGSE used in the in-vault radar hardware I&T campaigns ceiver; and a Fiber Optic Delay Line (FODL) to test the radar point target response using a ﬁxed round-trip delay for the echo pulses. The RF Test Rack contains a programmable switch matrix for routing the antenna port Tx/Rx signals to several types of commercial, off-the-shelf (COTS) test-and-measurement equipment for monitoring transmit pulses and injecting on receive. A control console"
52,pulse,"se using a ﬁxed round-trip delay for the echo pulses. The RF Test Rack contains a programmable switch matrix for routing the antenna port Tx/Rx signals to several types of commercial, off-the-shelf (COTS) test-and-measurement equipment for monitoring transmit pulses and injecting on receive. A control console with EGSE software communicates with the switch matrix and COTS equipment to accommo- date automated testing of all six antenna ports via a software script. The EGSE system in- cludes radar target simulator capabil"
52,pulse,"or capabilities. The target simulator is composed of several com- ponents – RF signal generators, a waveform function generator, the FODL, and Arbitrary Waveform Generators (AWGs) – which together generate several classes of echo signals (continuous waveform, pulsed waveforms, linear frequency modulated chirp point targets, noise, distributed targets) at both HF- and VHF-bands for comprehensively testing the radar. The radar electronics are designed with direct-access test port provisions to allow us to synchronize the"
52,measurement,"e (FODL) to test the radar point target response using a ﬁxed round-trip delay for the echo pulses. The RF Test Rack contains a programmable switch matrix for routing the antenna port Tx/Rx signals to several types of commercial, off-the-shelf (COTS) test-and-measurement equipment for monitoring transmit pulses and injecting on receive. A control console with EGSE software communicates with the switch matrix and COTS equipment to accommo- date automated testing of all six antenna ports via a software script. The EGSE system i"
53,sounding,"RadarforEuropaAssessmentandSounding: OceantoNear-Surface... Page53of91 51 the Europa Clipper environmental requirements for radiated and conducted emissions/sus- ceptibility. As the DSES FPGA ﬁrmware features were being developed, Instrument Integration- and-Test (II&T) had opportunities to tes"
54,measurement,"s a designated liaison to the broader REASON iST, which includes deep expertise in both radar science and planetary science of icy worlds. These liaisons manage the iST contributions by deﬁning, reﬁning, and monitoring progress to- ward meeting REASON science measurement requirements (Sect. 4)a sw e l la sd e ﬁ n i n g data products and algorithm development priorities for the iSDS. During the Europa tour, the iST will evaluate and validate science data products and provide input to the Europa Clipper Project Science Team. Th"
55,PRF,"RadarforEuropaAssessmentandSounding: OceantoNear-Surface... Page55of91 51 Fig.23 The sequence of events and timing for a typical REASON ﬂyby Table 10 Radar Parameters Adjustable Over a Flyby Radar Parameter Description Pulse Repetition Frequency (PRF) Used to collect the desired along-track density of measurements and to optimize usage of the round-trip echo travel times (more than one pulse may be in the air at one time). In the OP, this is also referred to as the Cycle Repetition Frequency (CRF), as the"
55,PRF,"t the desired along-track density of measurements and to optimize usage of the round-trip echo travel times (more than one pulse may be in the air at one time). In the OP, this is also referred to as the Cycle Repetition Frequency (CRF), as the dual-frequency PRF may be more complex than in a single frequency radar. Chirp (transmit pulse) Used to optimize SNR given round-trip echo time and the PRF Receive window duration and position Used to collect surface and subsurface echoes Receiver gain Used to correct for echo"
55,PRF,"n the air at one time). In the OP, this is also referred to as the Cycle Repetition Frequency (CRF), as the dual-frequency PRF may be more complex than in a single frequency radar. Chirp (transmit pulse) Used to optimize SNR given round-trip echo time and the PRF Receive window duration and position Used to collect surface and subsurface echoes Receiver gain Used to correct for echo power variations with altitude and environment Number of on-board pre-summed pulses Used to limit data volume Number of bits in digitized"
55,pulse repetition,"RadarforEuropaAssessmentandSounding: OceantoNear-Surface... Page55of91 51 Fig.23 The sequence of events and timing for a typical REASON ﬂyby Table 10 Radar Parameters Adjustable Over a Flyby Radar Parameter Description Pulse Repetition Frequency (PRF) Used to collect the desired along-track density of measurements and to optimize usage of the round-trip echo travel times (more than one pulse may be in the air at one time). In the OP, this is also referred to as the Cycle Repetition Frequenc"
55,frequency,"RadarforEuropaAssessmentandSounding: OceantoNear-Surface... Page55of91 51 Fig.23 The sequence of events and timing for a typical REASON ﬂyby Table 10 Radar Parameters Adjustable Over a Flyby Radar Parameter Description Pulse Repetition Frequency (PRF) Used to collect the desired along-track density of measurements and to optimize usage of the round-trip echo travel times (more than one pulse may be in the air at one time). In the OP, this is also referred to as the Cycle Repetition Frequency (CRF), a"
55,frequency,"petition Frequency (PRF) Used to collect the desired along-track density of measurements and to optimize usage of the round-trip echo travel times (more than one pulse may be in the air at one time). In the OP, this is also referred to as the Cycle Repetition Frequency (CRF), as the dual-frequency PRF may be more complex than in a single frequency radar. Chirp (transmit pulse) Used to optimize SNR given round-trip echo time and the PRF Receive window duration and position Used to collect surface and subsurface echoes Receiv"
55,frequency,"to collect the desired along-track density of measurements and to optimize usage of the round-trip echo travel times (more than one pulse may be in the air at one time). In the OP, this is also referred to as the Cycle Repetition Frequency (CRF), as the dual-frequency PRF may be more complex than in a single frequency radar. Chirp (transmit pulse) Used to optimize SNR given round-trip echo time and the PRF Receive window duration and position Used to collect surface and subsurface echoes Receiver gain Used to correct for e"
55,frequency,"urements and to optimize usage of the round-trip echo travel times (more than one pulse may be in the air at one time). In the OP, this is also referred to as the Cycle Repetition Frequency (CRF), as the dual-frequency PRF may be more complex than in a single frequency radar. Chirp (transmit pulse) Used to optimize SNR given round-trip echo time and the PRF Receive window duration and position Used to collect surface and subsurface echoes Receiver gain Used to correct for echo power variations with altitude and environment"
55,altitude,"han in a single frequency radar. Chirp (transmit pulse) Used to optimize SNR given round-trip echo time and the PRF Receive window duration and position Used to collect surface and subsurface echoes Receiver gain Used to correct for echo power variations with altitude and environment Number of on-board pre-summed pulses Used to limit data volume Number of bits in digitized echo Used to limit data volume while maintaining dynamic range During a typical ﬂyby, both HF and VHF radar data will be collected, HF for full depth so"
55,altitude,", up to 30 km depth), which is a single-bit, low dynamic range data set. FDVHF is used for full depth sounding when the Jovian noise environment prohibits full-depth HF operations, plus it provides higher spatial resolution than the HF data. As the spacecraft altitude changes, many radar parameters must be adjusted due to the constantly changing distance from the target and round-trip travel time for the radar pulses (Table 10). The OP captures all these variations over the length of a ﬂyby. REASON does not provide any int"
55,pulse,"RadarforEuropaAssessmentandSounding: OceantoNear-Surface... Page55of91 51 Fig.23 The sequence of events and timing for a typical REASON ﬂyby Table 10 Radar Parameters Adjustable Over a Flyby Radar Parameter Description Pulse Repetition Frequency (PRF) Used to collect the desired along-track density of measurements and to optimize usage of the round-trip echo travel times (more than one pulse may be in the air at one time). In the OP, this is also referred to as the Cycle Repetiti"
55,pulse,"REASON ﬂyby Table 10 Radar Parameters Adjustable Over a Flyby Radar Parameter Description Pulse Repetition Frequency (PRF) Used to collect the desired along-track density of measurements and to optimize usage of the round-trip echo travel times (more than one pulse may be in the air at one time). In the OP, this is also referred to as the Cycle Repetition Frequency (CRF), as the dual-frequency PRF may be more complex than in a single frequency radar. Chirp (transmit pulse) Used to optimize SNR given round-trip echo time"
55,pulse,"the round-trip echo travel times (more than one pulse may be in the air at one time). In the OP, this is also referred to as the Cycle Repetition Frequency (CRF), as the dual-frequency PRF may be more complex than in a single frequency radar. Chirp (transmit pulse) Used to optimize SNR given round-trip echo time and the PRF Receive window duration and position Used to collect surface and subsurface echoes Receiver gain Used to correct for echo power variations with altitude and environment Number of on-board pre-summed"
55,pulse,"Used to optimize SNR given round-trip echo time and the PRF Receive window duration and position Used to collect surface and subsurface echoes Receiver gain Used to correct for echo power variations with altitude and environment Number of on-board pre-summed pulses Used to limit data volume Number of bits in digitized echo Used to limit data volume while maintaining dynamic range During a typical ﬂyby, both HF and VHF radar data will be collected, HF for full depth sounding (surface to∼ 30 km sub-surface), and VHF +X a"
55,pulse,"full-depth HF operations, plus it provides higher spatial resolution than the HF data. As the spacecraft altitude changes, many radar parameters must be adjusted due to the constantly changing distance from the target and round-trip travel time for the radar pulses (Table 10). The OP captures all these variations over the length of a ﬂyby. REASON does not provide any internal data storage. All data, both housekeeping teleme- try and science data, are immediately sent to the mass memory (Bulk Data Storage, BDS) of the s"
55,sounding,RadarforEuropaAssessmentandSounding: OceantoNear-Surface... Page55of91 51 Fig.23 The sequence of events and timing for a typical REASON ﬂyby Table 10 Radar Parameters Adjustable Over a Flyby Radar Parameter Description Pulse Repetition Frequency (PRF) Used to collect the desired along-track den
55,sounding,"de and environment Number of on-board pre-summed pulses Used to limit data volume Number of bits in digitized echo Used to limit data volume while maintaining dynamic range During a typical ﬂyby, both HF and VHF radar data will be collected, HF for full depth sounding (surface to∼ 30 km sub-surface), and VHF +X and –X channels for shallow sound- ing (surface to ∼ 3 km depth), which are all multi-bit, high dynamic range data sets, and full-depth VHF (FDVHF, up to 30 km depth), which is a single-bit, low dynamic range data s"
55,sounding,"and VHF +X and –X channels for shallow sound- ing (surface to ∼ 3 km depth), which are all multi-bit, high dynamic range data sets, and full-depth VHF (FDVHF, up to 30 km depth), which is a single-bit, low dynamic range data set. FDVHF is used for full depth sounding when the Jovian noise environment prohibits full-depth HF operations, plus it provides higher spatial resolution than the HF data. As the spacecraft altitude changes, many radar parameters must be adjusted due to the constantly changing distance from the targ"
55,measurement,"oNear-Surface... Page55of91 51 Fig.23 The sequence of events and timing for a typical REASON ﬂyby Table 10 Radar Parameters Adjustable Over a Flyby Radar Parameter Description Pulse Repetition Frequency (PRF) Used to collect the desired along-track density of measurements and to optimize usage of the round-trip echo travel times (more than one pulse may be in the air at one time). In the OP, this is also referred to as the Cycle Repetition Frequency (CRF), as the dual-frequency PRF may be more complex than in a single frequen"
56,compression,"1-bit full depth sounding receive FDVHF combined channel, 1-bit, 10–MHz sampling Raw data (HF, VHF±X) Raw data, for diagnostic purposes BFPQ exponents (H, VHF ±X) Exponents only from above packets for quick power assessments * These data sets use BFPQ, a data compression method. cumulated in about 16 minutes, and are to be downlinked to Earth within one, and hopefully no more than two, orbits of Jupiter (approximately two weeks per orbit). If the entire ﬂyby dataset cannot be downlinked in a timely fashion, a subset of data s"
56,sounding,"w VHF loopback (+X) starboard* VHF reference waveform VHF loopback (-X) port* VHF reference waveform VHF +X 10 MHz receive* VHF echo window, starboard side, 10–MHz sampling VHF -X 10 MHz receive* VHF echo window, portside, 10–MHz sampling VHF 1-bit full depth sounding receive FDVHF combined channel, 1-bit, 10–MHz sampling Raw data (HF, VHF±X) Raw data, for diagnostic purposes BFPQ exponents (H, VHF ±X) Exponents only from above packets for quick power assessments * These data sets use BFPQ, a data compression method. cumul"
57,60 MHz,"t health checks using both internal and external sources. The instrument will operate the HF- and VHF-band electronics with the antenna staring at regions of the sky with known galactic background emission levels that are also free from point sources at 9 and 60 MHz (“cold sky”). These tests consist of digitizing the HF-and VHF-band channels in the receive- only mode, stepping through the receive attenuator settings, and evaluating the change in value that digitized signals exhibit during ground processing. 7.1.2 OwensVa"
57,sounding,"RadarforEuropaAssessmentandSounding: OceantoNear-Surface... Page57of91 51 Fig.24 Visualization of planned cruise activities for REASON (+/− 1 month), the asterisk denotes a backup activity awaiting approval 7.1 CruiseCharacterization Cruise-phase activities can be classiﬁed into three groups: i"
59,60 MHz,"e of a few dominant point sources, it may be possible to deconvolve the HF or VHF antenna patterns from a collection of noise measurements over a set of spacecraft orientations. This activity requires maps of galactic background emissions at or near 9 MHz and 60 MHz with suf- ﬁcient resolution for comparison to REASON measurements. Many partial maps of Milky Way radio emissions have been created at VHF frequencies (de Oliveira-Costa et al. 2008; Dowell et al. 2017). These maps vary in resolution and coverage. However, th"
59,60 MHz,"in HF. A model describing galactic emissions from approximately 10–100 MHz, along with Fortran code to implement it, is presented in de Oliveira-Costa (2008). The REASON team has used this model to generate galactic back- ground temperature maps at 9 MHz and 60 MHz. 7.1.5 TheSunVHFPassiveCharacterization The Sun is a natural source of weak radio emissions, with the intensity of normal solar emis- sions at 60 MHz falling below that of galactic radio emissions at Earth, and the intensity at 9 MHz even lower. Higher intens"
59,60 MHz,"a (2008). The REASON team has used this model to generate galactic back- ground temperature maps at 9 MHz and 60 MHz. 7.1.5 TheSunVHFPassiveCharacterization The Sun is a natural source of weak radio emissions, with the intensity of normal solar emis- sions at 60 MHz falling below that of galactic radio emissions at Earth, and the intensity at 9 MHz even lower. Higher intensity, but unpredictable, solar bursts and storms may provide strong emissions that could be used to characterize the REASON antennas. For these solar r"
59,9 MHz,"r knowledge of a few dominant point sources, it may be possible to deconvolve the HF or VHF antenna patterns from a collection of noise measurements over a set of spacecraft orientations. This activity requires maps of galactic background emissions at or near 9 MHz and 60 MHz with suf- ﬁcient resolution for comparison to REASON measurements. Many partial maps of Milky Way radio emissions have been created at VHF frequencies (de Oliveira-Costa et al. 2008; Dowell et al. 2017). These maps vary in resolution and coverage."
59,9 MHz,"racterized in HF. A model describing galactic emissions from approximately 10–100 MHz, along with Fortran code to implement it, is presented in de Oliveira-Costa (2008). The REASON team has used this model to generate galactic back- ground temperature maps at 9 MHz and 60 MHz. 7.1.5 TheSunVHFPassiveCharacterization The Sun is a natural source of weak radio emissions, with the intensity of normal solar emis- sions at 60 MHz falling below that of galactic radio emissions at Earth, and the intensity at 9 MHz even lower. Hi"
59,9 MHz,"rature maps at 9 MHz and 60 MHz. 7.1.5 TheSunVHFPassiveCharacterization The Sun is a natural source of weak radio emissions, with the intensity of normal solar emis- sions at 60 MHz falling below that of galactic radio emissions at Earth, and the intensity at 9 MHz even lower. Higher intensity, but unpredictable, solar bursts and storms may provide strong emissions that could be used to characterize the REASON antennas. For these solar radio outbursts to be useful, REASON measurements of bursts and storms would need to"
59,sounding,"RadarforEuropaAssessmentandSounding: OceantoNear-Surface... Page59of91 51 tion is the variability in Jupiter’s radio signal strength (Carrer et al. 2018, 2021). There is some regularity to the pattern of Jovian radio emissions, but they are very unstable, often varying in magnitude over the cou"
59,measurement,"radio transmissions add to the Milky Way emission pat- tern. Given a galactic background pattern with sufﬁcient accuracy, or knowledge of a few dominant point sources, it may be possible to deconvolve the HF or VHF antenna patterns from a collection of noise measurements over a set of spacecraft orientations. This activity requires maps of galactic background emissions at or near 9 MHz and 60 MHz with suf- ﬁcient resolution for comparison to REASON measurements. Many partial maps of Milky Way radio emissions have been create"
59,measurement,"onvolve the HF or VHF antenna patterns from a collection of noise measurements over a set of spacecraft orientations. This activity requires maps of galactic background emissions at or near 9 MHz and 60 MHz with suf- ﬁcient resolution for comparison to REASON measurements. Many partial maps of Milky Way radio emissions have been created at VHF frequencies (de Oliveira-Costa et al. 2008; Dowell et al. 2017). These maps vary in resolution and coverage. However, the Milky Way radio pattern is not well characterized in HF. A mode"
59,measurement,"o emissions at Earth, and the intensity at 9 MHz even lower. Higher intensity, but unpredictable, solar bursts and storms may provide strong emissions that could be used to characterize the REASON antennas. For these solar radio outbursts to be useful, REASON measurements of bursts and storms would need to be cross-checked with Earth-based radio telescopes or dedicated solar missions (e.g., Solar Terrestrial Relations Observatory (STEREO), Wind, Parker Solar Probe). If this could be successfully arranged, it could provide a v"
60,frequency,"an moon ﬂybys will allow REASON to take advantage of data collected by the Eu- ropean Space Agency’s JUICE spacecraft, which will be touring the Jovian system con- currently with REASON. RIME’s CBE arrival date is 2032. The JUICE RIME instrument operates at a frequency of 9 MHz radar and is very close in design to REASON’s HF system. JUICE will conduct ﬂybys of Callisto, Europa, and Ganymede, and will orbit Ganymede. This provides unprecedented calibration and science opportunities for the REASON team to compare surface bac"
60,9 MHz,"will allow REASON to take advantage of data collected by the Eu- ropean Space Agency’s JUICE spacecraft, which will be touring the Jovian system con- currently with REASON. RIME’s CBE arrival date is 2032. The JUICE RIME instrument operates at a frequency of 9 MHz radar and is very close in design to REASON’s HF system. JUICE will conduct ﬂybys of Callisto, Europa, and Ganymede, and will orbit Ganymede. This provides unprecedented calibration and science opportunities for the REASON team to compare surface backscatter"
60,altitude,"51 Page60of91 D.D.Blankenshipetal. as well as to characterize HF/VHF band transmitted RF power levels, nadir beam realized gains, and beam patterns at Europan ﬂyby temperatures. During a Ganymede ﬂyby, REASON turns on at a high altitude (10,000 km). This con- trasts with a Europan ﬂyby during which REASON turns on at approximately 1000 km in altitude (Fig. 23). Two approaches will be taken to REASON’s high-altitude operation: slewing and non-slewing. The slewing approach requires slewing the"
60,altitude,"d RF power levels, nadir beam realized gains, and beam patterns at Europan ﬂyby temperatures. During a Ganymede ﬂyby, REASON turns on at a high altitude (10,000 km). This con- trasts with a Europan ﬂyby during which REASON turns on at approximately 1000 km in altitude (Fig. 23). Two approaches will be taken to REASON’s high-altitude operation: slewing and non-slewing. The slewing approach requires slewing the spacecraft cross-track in order to provide active beam characterization data for the antenna beams. This approach w"
60,altitude,"Europan ﬂyby temperatures. During a Ganymede ﬂyby, REASON turns on at a high altitude (10,000 km). This con- trasts with a Europan ﬂyby during which REASON turns on at approximately 1000 km in altitude (Fig. 23). Two approaches will be taken to REASON’s high-altitude operation: slewing and non-slewing. The slewing approach requires slewing the spacecraft cross-track in order to provide active beam characterization data for the antenna beams. This approach will be taken if the beam patterns remain poorly characterized desp"
60,altitude,"ewing the spacecraft cross-track in order to provide active beam characterization data for the antenna beams. This approach will be taken if the beam patterns remain poorly characterized despite the beam characteri- zation activities described above. The high altitude will mitigate the effects of surface inho- mogeneity and altitude changes on beam pattern characterization. A separate, non-slewing, high-altitude ﬂyby will be used to collect average backscatter values to increase the science return of the mission, and possi"
60,altitude,"haracterization data for the antenna beams. This approach will be taken if the beam patterns remain poorly characterized despite the beam characteri- zation activities described above. The high altitude will mitigate the effects of surface inho- mogeneity and altitude changes on beam pattern characterization. A separate, non-slewing, high-altitude ﬂyby will be used to collect average backscatter values to increase the science return of the mission, and possibly for comparison with data from the Radar for Icy Moon Explorati"
60,altitude,"am patterns remain poorly characterized despite the beam characteri- zation activities described above. The high altitude will mitigate the effects of surface inho- mogeneity and altitude changes on beam pattern characterization. A separate, non-slewing, high-altitude ﬂyby will be used to collect average backscatter values to increase the science return of the mission, and possibly for comparison with data from the Radar for Icy Moon Exploration (RIME) on ESA’s JUICE mission (Sect. 7.2.3). For one of these ﬂybys, below 100"
60,altitude,"ibly for comparison with data from the Radar for Icy Moon Exploration (RIME) on ESA’s JUICE mission (Sect. 7.2.3). For one of these ﬂybys, below 1000 km the spacecraft will transition to a steady state with nadir pointed toward the satellite surface for a low-altitude (below 400 km) pass. During this low-altitude pass, data collected will be used to validate the REASON command parameter design and to ﬁne-tune key radar parameters, as well as to characterize HF/VHF band transmitted RF power levels and nadir beam realized ga"
60,altitude,"or Icy Moon Exploration (RIME) on ESA’s JUICE mission (Sect. 7.2.3). For one of these ﬂybys, below 1000 km the spacecraft will transition to a steady state with nadir pointed toward the satellite surface for a low-altitude (below 400 km) pass. During this low-altitude pass, data collected will be used to validate the REASON command parameter design and to ﬁne-tune key radar parameters, as well as to characterize HF/VHF band transmitted RF power levels and nadir beam realized gains. 7.2.2 InternalElectrostaticDischarge(IESD"
61,compression,"omplete content of the radar science and telemetry data downloaded from the Europa Clipper spacecraft for a speciﬁed ﬂyby of Europa or for other data collections. Raw data products are extracted from original downlink data packets and minimally processed. Any compression, reformatting, packetization or translation ap- plied for the purposes of transmission or storage will be reversed to ensure archived data"
61,sounding,"RadarforEuropaAssessmentandSounding: OceantoNear-Surface... Page61of91 51 Fig.26 REASON PDS data collections processing is routine (e.g., Standard) or ad hoc (e.g., Special) (Hughes et al. 2014). Stan- dard and Special products are shown in Fig.26.O n c eR E A S O Nd a t ah a v eb e e nd o w n"
62,compression,"o the radargram phase (radians× scale factor) where fast-time records are padded such that they are all the same length, and the surface echoes are properly aligned. There are three processing modules used to generate these Calibrated Data Products: (i) range compression and ionospheric correction module, (ii) sounding module, and (iii) altimetry module. 8.3.1 RangeCompressionandIonosphericCorrectionModule Range compression and ionospheric corrections represent two fundamental processing steps critical for interpretation of R"
62,compression,"same length, and the surface echoes are properly aligned. There are three processing modules used to generate these Calibrated Data Products: (i) range compression and ionospheric correction module, (ii) sounding module, and (iii) altimetry module. 8.3.1 RangeCompressionandIonosphericCorrectionModule Range compression and ionospheric corrections represent two fundamental processing steps critical for interpretation of REASON data. Echoes recorded in unprocessed fast time 12SPICE is an information system Navigation and Ancilla"
62,compression,"aligned. There are three processing modules used to generate these Calibrated Data Products: (i) range compression and ionospheric correction module, (ii) sounding module, and (iii) altimetry module. 8.3.1 RangeCompressionandIonosphericCorrectionModule Range compression and ionospheric corrections represent two fundamental processing steps critical for interpretation of REASON data. Echoes recorded in unprocessed fast time 12SPICE is an information system Navigation and Ancillary Information Facility (NAIF) to support plan-"
62,sounding,"leading to the antennas. 8.3 CalibratedDataProducts For REASON, Calibrated Data Products are two-dimensional radargrams. There are three types of REASON Calibrated Data Products: (i) unfocusedaltimetry radargrams, (ii) single- look complex-valued SAR focused sounding radargrams, and (iii) multi-look SAR focused sounding radargrams. Unfocusedaltimetry and multi-look SAR focusedsounding data prod- ucts are each comprised of two distinct deliverables: (i) A binary array of 32-bit integers corresponding to the radargram magni"
62,sounding,"or REASON, Calibrated Data Products are two-dimensional radargrams. There are three types of REASON Calibrated Data Products: (i) unfocusedaltimetry radargrams, (ii) single- look complex-valued SAR focused sounding radargrams, and (iii) multi-look SAR focused sounding radargrams. Unfocusedaltimetry and multi-look SAR focusedsounding data prod- ucts are each comprised of two distinct deliverables: (i) A binary array of 32-bit integers corresponding to the radargram magnitudes (dB× scale factor), where fast-time records are"
62,sounding,". There are three types of REASON Calibrated Data Products: (i) unfocusedaltimetry radargrams, (ii) single- look complex-valued SAR focused sounding radargrams, and (iii) multi-look SAR focused sounding radargrams. Unfocusedaltimetry and multi-look SAR focusedsounding data prod- ucts are each comprised of two distinct deliverables: (i) A binary array of 32-bit integers corresponding to the radargram magnitudes (dB× scale factor), where fast-time records are padded such that they are all the same length and the surface echo"
62,sounding,"fast-time records are padded such that they are all the same length, and the surface echoes are properly aligned. There are three processing modules used to generate these Calibrated Data Products: (i) range compression and ionospheric correction module, (ii) sounding module, and (iii) altimetry module. 8.3.1 RangeCompressionandIonosphericCorrectionModule Range compression and ionospheric corrections represent two fundamental processing steps critical for interpretation of REASON data. Echoes recorded in unprocessed fast t"
62,altimetry,"nts located outside the vault, mostly the antennas and signal paths leading to the antennas. 8.3 CalibratedDataProducts For REASON, Calibrated Data Products are two-dimensional radargrams. There are three types of REASON Calibrated Data Products: (i) unfocusedaltimetry radargrams, (ii) single- look complex-valued SAR focused sounding radargrams, and (iii) multi-look SAR focused sounding radargrams. Unfocusedaltimetry and multi-look SAR focusedsounding data prod- ucts are each comprised of two distinct deliverables: (i) A bi"
62,altimetry,"ducts are two-dimensional radargrams. There are three types of REASON Calibrated Data Products: (i) unfocusedaltimetry radargrams, (ii) single- look complex-valued SAR focused sounding radargrams, and (iii) multi-look SAR focused sounding radargrams. Unfocusedaltimetry and multi-look SAR focusedsounding data prod- ucts are each comprised of two distinct deliverables: (i) A binary array of 32-bit integers corresponding to the radargram magnitudes (dB× scale factor), where fast-time records are padded such that they are all t"
62,altimetry,"d such that they are all the same length, and the surface echoes are properly aligned. There are three processing modules used to generate these Calibrated Data Products: (i) range compression and ionospheric correction module, (ii) sounding module, and (iii) altimetry module. 8.3.1 RangeCompressionandIonosphericCorrectionModule Range compression and ionospheric corrections represent two fundamental processing steps critical for interpretation of REASON data. Echoes recorded in unprocessed fast time 12SPICE is an informatio"
63,compression,RadarforEuropaAssessmentandSounding: OceantoNear-Surface... Page63of91 51 records are reﬂected versions of the chirp from the surface and subsurface. Energy from these echoes is often overlapping making them challenging to differentiate and interpret. Range compression is used to compress the energy in the reﬂected chirps; thereby improv- ing the SNR of surface and subsurface reﬂections as well as enhancing fast time resolution. Any electromagnetic wave propagating through a charged plasma may experience attenuat- ing and/o
63,compression,to its interaction with the various constituent particles. Ionospheric correction is used to estimate and correct for phase delays caused by ionospheric effects across the HF and VHF signal bandwidths (Grima et al. 2015; Scanlan et al. 2019). The REASON range compression and ionospheric correction processor operates on a dwell-by-dwell basis pro- ducing a set of range compressed and ionosphere corrected fast time records as well as an estimate of the average TEC of the ionosphere between Europa Clipper and Europa during the d
63,bandwidth,of different frequencies travel at different velocities) effects due to its interaction with the various constituent particles. Ionospheric correction is used to estimate and correct for phase delays caused by ionospheric effects across the HF and VHF signal bandwidths (Grima et al. 2015; Scanlan et al. 2019). The REASON range compression and ionospheric correction processor operates on a dwell-by-dwell basis pro- ducing a set of range compressed and ionosphere corrected fast time records as well as an estimate of the aver
63,altitude,d the Europa Clipper mission design give rise to these unique idiosyncrasies is provided in Scanlan et al. (2021). 8.3.3 AltimetryModule The altimetry processor has the objective to create height proﬁles along the groundtrack of the spacecraft between 1000 km altitude and closest approach. The proﬁles might be
63,sounding,RadarforEuropaAssessmentandSounding: OceantoNear-Surface... Page63of91 51 records are reﬂected versions of the chirp from the surface and subsurface. Energy from these echoes is often overlapping making them challenging to differentiate and interpret. Range compression is used to compress the e
63,sounding,"eric correction processor operates on a dwell-by-dwell basis pro- ducing a set of range compressed and ionosphere corrected fast time records as well as an estimate of the average TEC of the ionosphere between Europa Clipper and Europa during the dwell. 8.3.2 SoundingModule SAR focusing is a key step in the processing of space-borne radar sounding data. Mass and power constraints limit the design of REASON HF and VHF antennas to folded dipoles, which produce wide beam patterns in both the along-track (azimuthal) and cross-"
63,sounding,"range compressed and ionosphere corrected fast time records as well as an estimate of the average TEC of the ionosphere between Europa Clipper and Europa during the dwell. 8.3.2 SoundingModule SAR focusing is a key step in the processing of space-borne radar sounding data. Mass and power constraints limit the design of REASON HF and VHF antennas to folded dipoles, which produce wide beam patterns in both the along-track (azimuthal) and cross-track di- rections. Wider beam patterns have larger footprints (i.e., the portion"
63,sounding,"yields a focused radargram with enhanced along-track resolution and improved SNR. While multiple SAR focusing algorithms exist for use with a variety of different data sets (e.g., Cumming and Wong 2005; Peters et al. 2007a; Kobayashi et al. 2011), the REASON sounding processor is based on the delay Doppler algorithm used in the processing of Mar- tian SHARAD sounding data sets (Campbell et al. 2013a). The delay Doppler technique was chosen as the base algorithm for REASON due to its simplicity (and therefore more readily"
63,sounding,"focusing algorithms exist for use with a variety of different data sets (e.g., Cumming and Wong 2005; Peters et al. 2007a; Kobayashi et al. 2011), the REASON sounding processor is based on the delay Doppler algorithm used in the processing of Mar- tian SHARAD sounding data sets (Campbell et al. 2013a). The delay Doppler technique was chosen as the base algorithm for REASON due to its simplicity (and therefore more readily modiﬁable considering REASON idiosyncrasies) and multiple decades of heritage with SHARAD. REASON is d"
63,altimetry,sampling requirements and the design of the Europa Clipper mission. A detailed description of how REASON’s Doppler sampling requirements and the Europa Clipper mission design give rise to these unique idiosyncrasies is provided in Scanlan et al. (2021). 8.3.3 AltimetryModule The altimetry processor has the objective to create height proﬁles along the groundtrack of the spacecraft between 1000 km altitude and closest approach. The proﬁles might be
63,altimetry,s and the design of the Europa Clipper mission. A detailed description of how REASON’s Doppler sampling requirements and the Europa Clipper mission design give rise to these unique idiosyncrasies is provided in Scanlan et al. (2021). 8.3.3 AltimetryModule The altimetry processor has the objective to create height proﬁles along the groundtrack of the spacecraft between 1000 km altitude and closest approach. The proﬁles might be
63,plasma,"rentiate and interpret. Range compression is used to compress the energy in the reﬂected chirps; thereby improv- ing the SNR of surface and subsurface reﬂections as well as enhancing fast time resolution. Any electromagnetic wave propagating through a charged plasma may experience attenuat- ing and/or dispersive (i.e., radar waves of different frequencies travel at different velocities) effects due to its interaction with the various constituent particles. Ionospheric correction is used to estimate and correct for phase"
64,interferometry,"ometry proﬁle, (iv) interferogram and correlation map im- ages, (v) reprojected radargram image, and (vi) cluttergram image. There are ﬁve processing modules used to generate these derived data products: (i) altimetry module, (ii) reﬂectom- etry module, (iii) interferometry clutter discrimination module, (iv) reprojected radargram clutter discrimination module, and (v) cluttergram clutter discrimination module. 8.5 SpecialDataProducts Special Data Products are data products which are not produced from routine processing. There a"
64,pulse,"51 Page64of91 D.D.Blankenshipetal. biased by residual ionospheric effects and are only designed for relative accuracy (not as an absolute geodetic reference). The input data for the processor are pulse compressed and ionospherically corrected radargrams. In order to retrieve the altimetric return, classical altimetry processing techniques rely on leading edge detection, tracking the radar echo centroid, or maximum likelihood estimations as applied for insta"
64,altimetry,"dual ionospheric effects and are only designed for relative accuracy (not as an absolute geodetic reference). The input data for the processor are pulse compressed and ionospherically corrected radargrams. In order to retrieve the altimetric return, classical altimetry processing techniques rely on leading edge detection, tracking the radar echo centroid, or maximum likelihood estimations as applied for instance to the Cassini radar. The REASON altimetry processor uses a ß- 5 retracking algorithm which will produce a range"
64,altimetry,"cted radargrams. In order to retrieve the altimetric return, classical altimetry processing techniques rely on leading edge detection, tracking the radar echo centroid, or maximum likelihood estimations as applied for instance to the Cassini radar. The REASON altimetry processor uses a ß- 5 retracking algorithm which will produce a range estimate of the leading-edge position of the waveform (LEP). The ß-5 tracker has been developed to measure ranges from the Seasat radar altimeter over continental ice sheets and is also kno"
64,altimetry,"lication to SHARAD data see Steinbrügge et al. (2021). 8.4 DerivedDataProducts Derived Data Products are results that have been generated using one or more Calibrated Data Products. There are six REASON Derived Data Products: (i) the TEC (plasma) proﬁle, (ii) altimetry proﬁle, (iii) reﬂectometry proﬁle, (iv) interferogram and correlation map im- ages, (v) reprojected radargram image, and (vi) cluttergram image. There are ﬁve processing modules used to generate these derived data products: (i) altimetry module, (ii) reﬂectom"
64,altimetry,"(plasma) proﬁle, (ii) altimetry proﬁle, (iii) reﬂectometry proﬁle, (iv) interferogram and correlation map im- ages, (v) reprojected radargram image, and (vi) cluttergram image. There are ﬁve processing modules used to generate these derived data products: (i) altimetry module, (ii) reﬂectom- etry module, (iii) interferometry clutter discrimination module, (iv) reprojected radargram clutter discrimination module, and (v) cluttergram clutter discrimination module. 8.5 SpecialDataProducts Special Data Products are data product"
64,altimetry,"as a human-interpretable representation of the data set. As such, Browse Data Products are not meant to be the foundation on which scientiﬁc analyses based on REASON data are built. Browse Data Products corresponding to proﬁle Derived Data Products (i.e., TEC,altimetry, and reﬂectometry proﬁles) are presented as two-dimensional images. Each image presents a colored nadir REASON groundtrack overlain on top of a Europa image mosaic. Colors along the groundtrack represent the values in the speciﬁc Derived REASON Data Prod- uct"
64,ranging,d (v) cluttergram clutter discrimination module. 8.5 SpecialDataProducts Special Data Products are data products which are not produced from routine processing. There are two REASON Special Data Products: (i) EIS-derived reprojected radargram im- age and (ii) ranging. There are two processing modules used to generate these special data products: (i) EIS-derived reprojected radargram clutter discrimination module and (ii)rang- ing module. The EIS-derived reprojected radargram image requires data from EIS and will have to b
64,ranging,modules used to generate these special data products: (i) EIS-derived reprojected radargram clutter discrimination module and (ii)rang- ing module. The EIS-derived reprojected radargram image requires data from EIS and will have to be processed manually. The ranging product requires human intervention to select appropriate radar returns. 8.6 BrowseDataProduct An individual Browse Data Product is produced for each Derived Data Product. These REA- SON Browse Data Products are meant to allow end users of REASON data to easi
64,plasma,"he method and its application to SHARAD data see Steinbrügge et al. (2021). 8.4 DerivedDataProducts Derived Data Products are results that have been generated using one or more Calibrated Data Products. There are six REASON Derived Data Products: (i) the TEC (plasma) proﬁle, (ii) altimetry proﬁle, (iii) reﬂectometry proﬁle, (iv) interferogram and correlation map im- ages, (v) reprojected radargram image, and (vi) cluttergram image. There are ﬁve processing modules used to generate these derived data products: (i) altimet"
65,sounding,"RadarforEuropaAssessmentandSounding: OceantoNear-Surface... Page65of91 51 9 BeyondREASONGuidingandExtendedScience 9.1 FutureWorktoSupportREASONGuidingScience Future work, including laboratory, analog, and synergistic studies, will be necessary to sup- port timely interpretation of REASON observ"
66,bandwidth,". 2022; Lauro et al. 2022; Cosciotti et al. 2023). On Earth, ice-penetrating radar data sets can be complemented by other geophysical data sets (e.g., seismic, gravity, magnetics) or additional ice-penetrating radar data collected using systems with different bandwidths and/or center frequencies (Chu et al.2021;C h a ne ta l .2023b), to improve inter- pretation. However, REASON will be the only investigation on Europa Clipper capable of direct sensing of the ice shell interior. As such, the development of more robust approa"
66,sounding,"pa Clipper must be capable of providing physical characterization of the surface to ensure a safe deployment of a probe, as well as assessment of the target science value for a follow-on lander. REASON will mainly contribute to reconnaissance goals through itssounding, altimetry and reﬂectometry measurements. Sounding measurements will support the regional science assessment of the landing area by providing insights into the subsurface structure, includ- ing possible thermal boundaries and compositional contacts (e.g., sal"
66,sounding,"aracterization of the surface to ensure a safe deployment of a probe, as well as assessment of the target science value for a follow-on lander. REASON will mainly contribute to reconnaissance goals through itssounding, altimetry and reﬂectometry measurements. Sounding measurements will support the regional science assessment of the landing area by providing insights into the subsurface structure, includ- ing possible thermal boundaries and compositional contacts (e.g., salt layers). In contrast to sounding,R E A S O Naltim"
66,sounding,"ry measurements. Sounding measurements will support the regional science assessment of the landing area by providing insights into the subsurface structure, includ- ing possible thermal boundaries and compositional contacts (e.g., salt layers). In contrast to sounding,R E A S O Naltimetry measurements are solely focused on determining the relative distance from the Europa Clipper spacecraft to Europa’s surface using the higher vertical resolution (15 m in free space) VHF surface echoes. Altimetry measurements will com- ple"
66,altimetry,"must be capable of providing physical characterization of the surface to ensure a safe deployment of a probe, as well as assessment of the target science value for a follow-on lander. REASON will mainly contribute to reconnaissance goals through itssounding, altimetry and reﬂectometry measurements. Sounding measurements will support the regional science assessment of the landing area by providing insights into the subsurface structure, includ- ing possible thermal boundaries and compositional contacts (e.g., salt layers)."
66,altimetry,"nding measurements will support the regional science assessment of the landing area by providing insights into the subsurface structure, includ- ing possible thermal boundaries and compositional contacts (e.g., salt layers). In contrast to sounding,R E A S O Naltimetry measurements are solely focused on determining the relative distance from the Europa Clipper spacecraft to Europa’s surface using the higher vertical resolution (15 m in free space) VHF surface echoes. Altimetry measurements will com- plement visible stereosc"
66,altimetry,"alt layers). In contrast to sounding,R E A S O Naltimetry measurements are solely focused on determining the relative distance from the Europa Clipper spacecraft to Europa’s surface using the higher vertical resolution (15 m in free space) VHF surface echoes. Altimetry measurements will com- plement visible stereoscopy by providing contextual surface topography along the Europa"
66,measurement,"ng physical characterization of the surface to ensure a safe deployment of a probe, as well as assessment of the target science value for a follow-on lander. REASON will mainly contribute to reconnaissance goals through itssounding, altimetry and reﬂectometry measurements. Sounding measurements will support the regional science assessment of the landing area by providing insights into the subsurface structure, includ- ing possible thermal boundaries and compositional contacts (e.g., salt layers). In contrast to sounding,R E A"
66,measurement,"ation of the surface to ensure a safe deployment of a probe, as well as assessment of the target science value for a follow-on lander. REASON will mainly contribute to reconnaissance goals through itssounding, altimetry and reﬂectometry measurements. Sounding measurements will support the regional science assessment of the landing area by providing insights into the subsurface structure, includ- ing possible thermal boundaries and compositional contacts (e.g., salt layers). In contrast to sounding,R E A S O Naltimetry measure"
66,measurement,"urements will support the regional science assessment of the landing area by providing insights into the subsurface structure, includ- ing possible thermal boundaries and compositional contacts (e.g., salt layers). In contrast to sounding,R E A S O Naltimetry measurements are solely focused on determining the relative distance from the Europa Clipper spacecraft to Europa’s surface using the higher vertical resolution (15 m in free space) VHF surface echoes. Altimetry measurements will com- plement visible stereoscopy by provi"
66,measurement,"). In contrast to sounding,R E A S O Naltimetry measurements are solely focused on determining the relative distance from the Europa Clipper spacecraft to Europa’s surface using the higher vertical resolution (15 m in free space) VHF surface echoes. Altimetry measurements will com- plement visible stereoscopy by providing contextual surface topography along the Europa"
67,compression,"et al. 2015; Schroeder et al. 2016). In this mode of operation, REASON would not be transmitting a signal, but would record incoming Jovian emissions and their possible reﬂections from the surface and subsurface of Europa. A processing step analogous to range-compression would then reveal geological features as in standard, active sounding (Gerekos et al. 2020). Jo- vian decametric emissions are coherent and highly beamed, making them good candidates"
67,bandwidth,"Callisto (a ﬁrst of its kind in planetary explo- ration), which could be used to relatively compare signal attenuation and scattering from the various englacial and surface structures encountered across the Jovian icy moons. RIME can also set its transmitted bandwidth to either 1 MHz (same as REASON) or 3 MHz. Be- cause surface roughness is wavelength-dependent, observations with REASON and RIME at the same center frequency (9 MHz) but different bandwidths could help to isolate the ef- fects of surface roughness in order t"
67,bandwidth,"tered across the Jovian icy moons. RIME can also set its transmitted bandwidth to either 1 MHz (same as REASON) or 3 MHz. Be- cause surface roughness is wavelength-dependent, observations with REASON and RIME at the same center frequency (9 MHz) but different bandwidths could help to isolate the ef- fects of surface roughness in order to better characterize bulk near-surface properties (e.g., layering) over various types of terrains (Chan et al. 2023a). Assuming the effects of rough- ness are either negligible, analogous to"
67,bandwidth,"ains (Chan et al. 2023a). Assuming the effects of rough- ness are either negligible, analogous to internal layers in glacial ice (e.g., MacGregor et al. 2015 and references therein), or can be quantiﬁed and corrected (e.g., Grima et al. 2019), multi-frequency/bandwidth analyses could also be used to better characterize plume fall- out deposits at the surface (Scanlan et al. 2022) or salt layers at depth (Wolfenbarger et al. 2023). Finally, the concurrent presence of JUICE and Europa Clipper in the Jovian system can help to"
67,frequency,"al and surface structures encountered across the Jovian icy moons. RIME can also set its transmitted bandwidth to either 1 MHz (same as REASON) or 3 MHz. Be- cause surface roughness is wavelength-dependent, observations with REASON and RIME at the same center frequency (9 MHz) but different bandwidths could help to isolate the ef- fects of surface roughness in order to better characterize bulk near-surface properties (e.g., layering) over various types of terrains (Chan et al. 2023a). Assuming the effects of rough- ness are"
67,frequency,"es of terrains (Chan et al. 2023a). Assuming the effects of rough- ness are either negligible, analogous to internal layers in glacial ice (e.g., MacGregor et al. 2015 and references therein), or can be quantiﬁed and corrected (e.g., Grima et al. 2019), multi-frequency/bandwidth analyses could also be used to better characterize plume fall- out deposits at the surface (Scanlan et al. 2022) or salt layers at depth (Wolfenbarger et al. 2023). Finally, the concurrent presence of JUICE and Europa Clipper in the Jovian system ca"
67,9 MHz,"ace structures encountered across the Jovian icy moons. RIME can also set its transmitted bandwidth to either 1 MHz (same as REASON) or 3 MHz. Be- cause surface roughness is wavelength-dependent, observations with REASON and RIME at the same center frequency (9 MHz) but different bandwidths could help to isolate the ef- fects of surface roughness in order to better characterize bulk near-surface properties (e.g., layering) over various types of terrains (Chan et al. 2023a). Assuming the effects of rough- ness are either"
67,sounding,RadarforEuropaAssessmentandSounding: OceantoNear-Surface... Page67of91 51 Clipper groundtracks. The combination of REASON sounding and altimetry data will also be used to search for the presence of liquid water either within or at the base of the ice shell by way of isostasy. The detection of z
67,sounding,RadarforEuropaAssessmentandSounding: OceantoNear-Surface... Page67of91 51 Clipper groundtracks. The combination of REASON sounding and altimetry data will also be used to search for the presence of liquid water either within or at the base of the ice shell by way of isostasy. The detection of zones of liquid water within the ice shell will be relevant to a future Europa lander as it sign
67,sounding,"elp to better characterize its magnetospheric plasma where both radars could be used as transmitters-receivers of each other signal, the relative delay and attenuation of which are indicative of the plasma density along the propagation path. 9.2.3 PassiveRadarSounding REASON has the capability to perform passive sounding using signals of opportunity orig- inating from the Jovian magnetosphere (Cecconi et al. 2012; Romero-Wolf et al. 2015; Schroeder et al. 2016). In this mode of operation, REASON would not be transmitting a"
67,sounding,"here both radars could be used as transmitters-receivers of each other signal, the relative delay and attenuation of which are indicative of the plasma density along the propagation path. 9.2.3 PassiveRadarSounding REASON has the capability to perform passive sounding using signals of opportunity orig- inating from the Jovian magnetosphere (Cecconi et al. 2012; Romero-Wolf et al. 2015; Schroeder et al. 2016). In this mode of operation, REASON would not be transmitting a signal, but would record incoming Jovian emissions an"
67,sounding,"uld not be transmitting a signal, but would record incoming Jovian emissions and their possible reﬂections from the surface and subsurface of Europa. A processing step analogous to range-compression would then reveal geological features as in standard, active sounding (Gerekos et al. 2020). Jo- vian decametric emissions are coherent and highly beamed, making them good candidates"
67,altimetry,RadarforEuropaAssessmentandSounding: OceantoNear-Surface... Page67of91 51 Clipper groundtracks. The combination of REASON sounding and altimetry data will also be used to search for the presence of liquid water either within or at the base of the ice shell by way of isostasy. The detection of zones of liquid water within the ice shell will be relevant to a future Europa lander as it signiﬁes an area o
67,plasma,"characterize plume fall- out deposits at the surface (Scanlan et al. 2022) or salt layers at depth (Wolfenbarger et al. 2023). Finally, the concurrent presence of JUICE and Europa Clipper in the Jovian system can help to better characterize its magnetospheric plasma where both radars could be used as transmitters-receivers of each other signal, the relative delay and attenuation of which are indicative of the plasma density along the propagation path. 9.2.3 PassiveRadarSounding REASON has the capability to perform passiv"
67,plasma,"esence of JUICE and Europa Clipper in the Jovian system can help to better characterize its magnetospheric plasma where both radars could be used as transmitters-receivers of each other signal, the relative delay and attenuation of which are indicative of the plasma density along the propagation path. 9.2.3 PassiveRadarSounding REASON has the capability to perform passive sounding using signals of opportunity orig- inating from the Jovian magnetosphere (Cecconi et al. 2012; Romero-Wolf et al. 2015; Schroeder et al. 2016)"
67,measurement,"hell by way of isostasy. The detection of zones of liquid water within the ice shell will be relevant to a future Europa lander as it signiﬁes an area of on-going geological activity and may host a potentially habitable, near-surface environment. Reﬂectometry measurements of the surface echo at the two REASON frequencies will provide insights to dominant surface and near-surface properties (e.g., roughness) within the radar footprint, to depths of 15 m to 150 m, that are directly relevant to both landing science and risk asse"
67,measurement,"le to future in-situ sampling (Grima et al. 2016). 9.2.2 JUICE/RIMESynergy JUICE will operate in the Jovian system concurrent with Europa Clipper. One of JUICE’s primary mission objectives is to make detailed observations of Ganymede, but it will also collect measurements at Europa and Callisto during its initial orbital insertion phases. The JUICE payload includes RIME (Bruzzone et al. 2011), a 9-MHz sister instrument to REA- SON HF. RIME and REASON overlapping targets and similar instrumental parameters, of- fer a unique op"
67,measurement,"REA- SON HF. RIME and REASON overlapping targets and similar instrumental parameters, of- fer a unique opportunity for synergistic science. Both instruments will have common obser- vations at intersections, allowing radiometric calibration of their respective measurements. The outcome is to produce a radiometrically homogeneous 9-MHzreﬂectometry and sound- ing dataset covering Europa, Ganymede, and Callisto (a ﬁrst of its kind in planetary explo- ration), which could be used to relatively compare signal attenuation and scatte"
68,frequency,"als centered at both 9 MHz and 60 MHz. This pair of frequencies provides both robustness (with the 9 MHz band less sensitive to surface roughness and vol- ume scattering and the 60 MHz band less sensitive to Jovian radio noise) and richness (cap- turing cross-frequency signatures of ionosphere and ice-shell properties and processes) to the full suite of Europa Clipper radar assessment and sounding investigations. Similarly, the unique dual-channel, cross-track interferometric capability of REASON’s VHF band allows for poten"
68,60 MHz,"e exosphere, the surface/near-surface, the shallow subsurface to three kilometers and the full depth of Eu- ropa’s ice shell to an ice–ocean interface at depths as great as thirty kilometers with nadir- directed active radar signals centered at both 9 MHz and 60 MHz. This pair of frequencies provides both robustness (with the 9 MHz band less sensitive to surface roughness and vol- ume scattering and the 60 MHz band less sensitive to Jovian radio noise) and richness (cap- turing cross-frequency signatures of ionosphere an"
68,60 MHz,"ace at depths as great as thirty kilometers with nadir- directed active radar signals centered at both 9 MHz and 60 MHz. This pair of frequencies provides both robustness (with the 9 MHz band less sensitive to surface roughness and vol- ume scattering and the 60 MHz band less sensitive to Jovian radio noise) and richness (cap- turing cross-frequency signatures of ionosphere and ice-shell properties and processes) to the full suite of Europa Clipper radar assessment and sounding investigations. Similarly, the unique dual-"
68,9 MHz,"o probe the exosphere, the surface/near-surface, the shallow subsurface to three kilometers and the full depth of Eu- ropa’s ice shell to an ice–ocean interface at depths as great as thirty kilometers with nadir- directed active radar signals centered at both 9 MHz and 60 MHz. This pair of frequencies provides both robustness (with the 9 MHz band less sensitive to surface roughness and vol- ume scattering and the 60 MHz band less sensitive to Jovian radio noise) and richness (cap- turing cross-frequency signatures of io"
68,9 MHz,ee kilometers and the full depth of Eu- ropa’s ice shell to an ice–ocean interface at depths as great as thirty kilometers with nadir- directed active radar signals centered at both 9 MHz and 60 MHz. This pair of frequencies provides both robustness (with the 9 MHz band less sensitive to surface roughness and vol- ume scattering and the 60 MHz band less sensitive to Jovian radio noise) and richness (cap- turing cross-frequency signatures of ionosphere and ice-shell properties and processes) to the full suite of Europa C
68,interferometry,"HF and VHF before and after Jupiter orbit insertion, d. With these calibrations, REASON will be operated and its data analyzed to explore physical constraints on the potential habitability of Europa through a full suite ofaltimetry, reﬂectom- etry, sounding, interferometry, plasma characterization,a n dranging measurements—each described brieﬂy below with their implications for REASON guiding and extended science (Table 2) as well as complementary science. Surface returns from the REASON VHF (with ionospheric-delay corrections"
68,sounding,51 Page68of91 D.D.Blankenshipetal. for passive sounding (Carrer et al. 2021; Gassot et al. 2022). These characteristics could similarly be favorable for estimating TEC and studying the ionosphere (Peters et al. 2020). The use of passive sounding could complement the standard concept of operations on the sub-Jovian
68,sounding,"51 Page68of91 D.D.Blankenshipetal. for passive sounding (Carrer et al. 2021; Gassot et al. 2022). These characteristics could similarly be favorable for estimating TEC and studying the ionosphere (Peters et al. 2020). The use of passive sounding could complement the standard concept of operations on the sub-Jovian side of Europa in a high-noise environment. While the spatial extent of solar radio-sources likely prevents their use for passive subsurface sounding (Peters et al. 2022), passive observati"
68,sounding,"Peters et al. 2020). The use of passive sounding could complement the standard concept of operations on the sub-Jovian side of Europa in a high-noise environment. While the spatial extent of solar radio-sources likely prevents their use for passive subsurface sounding (Peters et al. 2022), passive observations of solar bursts from the outer solar system can be envisioned. Recent re-analyses of archival SHARAD and MARSIS data have shown that radar sounders have the capability to image type-III bursts as high resolution from"
68,sounding,"ace roughness and vol- ume scattering and the 60 MHz band less sensitive to Jovian radio noise) and richness (cap- turing cross-frequency signatures of ionosphere and ice-shell properties and processes) to the full suite of Europa Clipper radar assessment and sounding investigations. Similarly, the unique dual-channel, cross-track interferometric capability of REASON’s VHF band allows for potentially obfuscating cross-track surface clutter with similar delays as subsurface sig- nals to be discriminated internally to the in"
68,sounding,"receiving HF and VHF before and after Jupiter orbit insertion, d. With these calibrations, REASON will be operated and its data analyzed to explore physical constraints on the potential habitability of Europa through a full suite ofaltimetry, reﬂectom- etry, sounding, interferometry, plasma characterization,a n dranging measurements—each described brieﬂy below with their implications for REASON guiding and extended science (Table 2) as well as complementary science. Surface returns from the REASON VHF (with ionospheric-de"
68,sounding,"ace ma- terial properties (including brines, salt layers, porosity, and plume deposits). Reﬂectometry measurements will also provide wavelength-scale statistical constraints on surface rough- ness, which are also critical for landing-zone reconnaissance. As a sounding instrument, REASON will be able to probe both shallow (to three kilometers) and deeper subsurface"
68,altimetry,"nations of transmitting and receiving HF and VHF before and after Jupiter orbit insertion, d. With these calibrations, REASON will be operated and its data analyzed to explore physical constraints on the potential habitability of Europa through a full suite ofaltimetry, reﬂectom- etry, sounding, interferometry, plasma characterization,a n dranging measurements—each described brieﬂy below with their implications for REASON guiding and extended science (Table 2) as well as complementary science. Surface returns from the REASO"
68,altimetry,"science (Table 2) as well as complementary science. Surface returns from the REASON VHF (with ionospheric-delay corrections provided by concurrent HF surface returns) are a signiﬁcant but often underappreciated observation at Europa, representing the primary altimetry measurement for the Europa Clipper pay- load. This altimetry measurement will be used, in combination with EIS stereo imagery, to provide registration and measurement of the surface geometry of Europa which in turn provides a framework for critical hypothesis"
68,altimetry,"returns from the REASON VHF (with ionospheric-delay corrections provided by concurrent HF surface returns) are a signiﬁcant but often underappreciated observation at Europa, representing the primary altimetry measurement for the Europa Clipper pay- load. This altimetry measurement will be used, in combination with EIS stereo imagery, to provide registration and measurement of the surface geometry of Europa which in turn provides a framework for critical hypothesis tests of ﬂoatation from any shallow subsur- face water bodie"
68,altimetry,"geometry of Europa which in turn provides a framework for critical hypothesis tests of ﬂoatation from any shallow subsur- face water bodies. In addition to providing context for both interior ice shell processes and their expression in surface geology through altimetry, REASON near-surface reﬂectometry will provide a quantitative assessment of Europa’s surface roughness and near-surface ma- terial properties (including brines, salt layers, porosity, and plume deposits). Reﬂectometry measurements will also provide wavelength"
68,ranging,"sertion, d. With these calibrations, REASON will be operated and its data analyzed to explore physical constraints on the potential habitability of Europa through a full suite ofaltimetry, reﬂectom- etry, sounding, interferometry, plasma characterization,a n dranging measurements—each described brieﬂy below with their implications for REASON guiding and extended science (Table 2) as well as complementary science. Surface returns from the REASON VHF (with ionospheric-delay corrections provided by concurrent HF surface retu"
68,plasma,"re and after Jupiter orbit insertion, d. With these calibrations, REASON will be operated and its data analyzed to explore physical constraints on the potential habitability of Europa through a full suite ofaltimetry, reﬂectom- etry, sounding, interferometry, plasma characterization,a n dranging measurements—each described brieﬂy below with their implications for REASON guiding and extended science (Table 2) as well as complementary science. Surface returns from the REASON VHF (with ionospheric-delay corrections provided"
68,measurement,"d. With these calibrations, REASON will be operated and its data analyzed to explore physical constraints on the potential habitability of Europa through a full suite ofaltimetry, reﬂectom- etry, sounding, interferometry, plasma characterization,a n dranging measurements—each described brieﬂy below with their implications for REASON guiding and extended science (Table 2) as well as complementary science. Surface returns from the REASON VHF (with ionospheric-delay corrections provided by concurrent HF surface returns) are a s"
68,measurement,"Table 2) as well as complementary science. Surface returns from the REASON VHF (with ionospheric-delay corrections provided by concurrent HF surface returns) are a signiﬁcant but often underappreciated observation at Europa, representing the primary altimetry measurement for the Europa Clipper pay- load. This altimetry measurement will be used, in combination with EIS stereo imagery, to provide registration and measurement of the surface geometry of Europa which in turn provides a framework for critical hypothesis tests of ﬂo"
68,measurement,"om the REASON VHF (with ionospheric-delay corrections provided by concurrent HF surface returns) are a signiﬁcant but often underappreciated observation at Europa, representing the primary altimetry measurement for the Europa Clipper pay- load. This altimetry measurement will be used, in combination with EIS stereo imagery, to provide registration and measurement of the surface geometry of Europa which in turn provides a framework for critical hypothesis tests of ﬂoatation from any shallow subsur- face water bodies. In additi"
68,measurement,"s) are a signiﬁcant but often underappreciated observation at Europa, representing the primary altimetry measurement for the Europa Clipper pay- load. This altimetry measurement will be used, in combination with EIS stereo imagery, to provide registration and measurement of the surface geometry of Europa which in turn provides a framework for critical hypothesis tests of ﬂoatation from any shallow subsur- face water bodies. In addition to providing context for both interior ice shell processes and their expression in surface"
68,measurement,"sion in surface geology through altimetry, REASON near-surface reﬂectometry will provide a quantitative assessment of Europa’s surface roughness and near-surface ma- terial properties (including brines, salt layers, porosity, and plume deposits). Reﬂectometry measurements will also provide wavelength-scale statistical constraints on surface rough- ness, which are also critical for landing-zone reconnaissance. As a sounding instrument, REASON will be able to probe both shallow (to three kilometers) and deeper subsurface"
69,interferometry,"RadarforEuropaAssessmentandSounding: OceantoNear-Surface... Page69of91 51 processes of Europa’s ice shell (up to thirty kilometers) by exploiting the sensitivity of HF and VHF (assisted by interferometry) radar signals to both the compositional and geomet- ric character of the shallow subsurface (e.g. water and salt bodies) as well as the thermo- physical structure (e.g. temperature, brine pockets) across the full depth of the ice shell potentially including"
69,sounding,RadarforEuropaAssessmentandSounding: OceantoNear-Surface... Page69of91 51 processes of Europa’s ice shell (up to thirty kilometers) by exploiting the sensitivity of HF and VHF (assisted by interferometry) radar signals to both the compositional and geomet- ric character of the shallow subsurfac
69,sounding,"better characterization of the ionosphere and local plume detection. Taken together, the REASON investigation and instrument are designed to en- able a unique suite of radar observations and analyses to test hypotheses and reveal pro- cesses, by assessing and sounding Europa from the ocean to the near-surface of the ice shell. Appendix: EnsembleofPointModels(EPM)Tables Tables 12–14 present the regime modes assumed in the construction of the point models described in Sect. 4.3. For point models in parentheses, salt layers r"
69,altimetry,"as part of larger, mission-wide, geodetic inversions to constrain ice-shell and ocean thickness. The combination of REASON HF and VHF surface returns provide a critical plasma characterization measurement that will not only allow for ionospheric correction of altimetry and ranging measurements but also provide essential constraints on the nadir TEC, which will enable both better characterization of the ionosphere and local plume detection. Taken together, the REASON investigation and instrument are designed to en- able a un"
69,ranging,"raints on subsurface properties and processes such as the depth of pore-closure, the existence of eutectic horizons, shallow and relict water bodies, and the thickness and salinity of the ice shell and ocean. The global distribution of REASON VHF returns from ranging be- tween the spacecraft and the surface at ﬂyby crossovers compared with simulated surface returns (from EIS digital elevation models including both returns at nadir and off-nadir “clutter”) will provide the opportunity to place additional constraints on tid"
69,ranging,"ger, mission-wide, geodetic inversions to constrain ice-shell and ocean thickness. The combination of REASON HF and VHF surface returns provide a critical plasma characterization measurement that will not only allow for ionospheric correction of altimetry and ranging measurements but also provide essential constraints on the nadir TEC, which will enable both better characterization of the ionosphere and local plume detection. Taken together, the REASON investigation and instrument are designed to en- able a unique suite o"
69,plasma,"tter”) will provide the opportunity to place additional constraints on tidal deforma- tion as part of larger, mission-wide, geodetic inversions to constrain ice-shell and ocean thickness. The combination of REASON HF and VHF surface returns provide a critical plasma characterization measurement that will not only allow for ionospheric correction of altimetry and ranging measurements but also provide essential constraints on the nadir TEC, which will enable both better characterization of the ionosphere and local plume de"
69,measurement,"opportunity to place additional constraints on tidal deforma- tion as part of larger, mission-wide, geodetic inversions to constrain ice-shell and ocean thickness. The combination of REASON HF and VHF surface returns provide a critical plasma characterization measurement that will not only allow for ionospheric correction of altimetry and ranging measurements but also provide essential constraints on the nadir TEC, which will enable both better characterization of the ionosphere and local plume detection. Taken together, the"
69,measurement,"sion-wide, geodetic inversions to constrain ice-shell and ocean thickness. The combination of REASON HF and VHF surface returns provide a critical plasma characterization measurement that will not only allow for ionospheric correction of altimetry and ranging measurements but also provide essential constraints on the nadir TEC, which will enable both better characterization of the ionosphere and local plume detection. Taken together, the REASON investigation and instrument are designed to en- able a unique suite of radar obse"
70,altimetry,Thick Thick Subsurface Water Interface Mush Mush Mush Sharp Mush Sharp Basal Temperature Eutectic Eutectic Eutectic Melting Eutectic Melting ( S a l tL a y e rT h i c k n e s s ) 1m 1m 1m 1m 1m 0 . 2m (Salt Layer Depth) 1/2 Ice Shell Thickness 10 km Table 14 Altimetry Reﬂectometry EPM Regime AR01 AR02 AR03 AR04 AR05 AR06 Surface Roughness Ridged Plains Chaotic Terrain Ridged Plains Ridged Plains Chaotic Terrain Ridged Plains Near-Surface Density Non-Porous Non-Porous Porous Non-Porous Non-Porous Porous Near-Surface Thickne
71,frequency,io of magnetic ﬂux density (B) to magnetic ﬁeld strength (H) CA Closest Approach Caltech California Institute of Technology CBE Current Best Estimate CDH Command and Data Handling CLK Clock Coax Coaxial cable COTS Commercial Off-the-Shelf CRF Cycle Repetition Frequency CSV Comma-Separated Value CTRL/TLM Control/Telemetry CTRL/TMG Control/Timing CTU Control and Timing Unit D/A Digital/Analog DAC Digital-to-Analog Converter DAD Deployment Assist Device DC Direct Current DEM Digital Elevation Model DES Digital Electronic Subsy
71,sounding,RadarforEuropaAssessmentandSounding: OceantoNear-Surface... Page71of91 51 AcronymsandAbbreviations A/D Analog/Digital Actr Actuator ADC Analog-to-Digital Converter ALSE Apollo 17 Lunar Sounder Experiment ANT Antenna APL Applied Physics Laboratory AS Antenna Subsystem AS-Mech Antenna Subsystem –
72,frequency,51 Page72of91 D.D.Blankenshipetal. EPM Ensemble of Point Models EPS Experiment Planning System ESA European Space Agency Europa-UVS Europa Ultraviolet Spectrograph FDVHF Full Depth Very High Frequency FET Field-Effect Transistor FJ Field Joint Flt Sys Flight System FM Flight Module FODL Fiber Optic Delay Line FPGA Field-Programmable Gate Array Frang Frangibolt FrngActuator Frangibolt Actuator Func Gen Function Generator GaN Gallium Nitride GPS Global Posit
72,frequency,e FPGA Field-Programmable Gate Array Frang Frangibolt FrngActuator Frangibolt Actuator Func Gen Function Generator GaN Gallium Nitride GPS Global Positioning System GSE Ground Support Equipment GSFC Goddard Space Flight Center H&S Health and Status HAAMX High Frequency Antenna Assembly -X HAAPX High Frequency Antenna Assembly +X HD Hard Drive HF High Frequency HFPAU High Frequency Power Ampliﬁer Unit HFPSU High Frequency Power Supply Unit HFRx High Frequency Receivers Assembly HFS High Frequency Electronic Stack HFTxDA High
72,frequency,g Frangibolt FrngActuator Frangibolt Actuator Func Gen Function Generator GaN Gallium Nitride GPS Global Positioning System GSE Ground Support Equipment GSFC Goddard Space Flight Center H&S Health and Status HAAMX High Frequency Antenna Assembly -X HAAPX High Frequency Antenna Assembly +X HD Hard Drive HF High Frequency HFPAU High Frequency Power Ampliﬁer Unit HFPSU High Frequency Power Supply Unit HFRx High Frequency Receivers Assembly HFS High Frequency Electronic Stack HFTxDA High Frequency Transmit Distribution Assembly
72,frequency,en Function Generator GaN Gallium Nitride GPS Global Positioning System GSE Ground Support Equipment GSFC Goddard Space Flight Center H&S Health and Status HAAMX High Frequency Antenna Assembly -X HAAPX High Frequency Antenna Assembly +X HD Hard Drive HF High Frequency HFPAU High Frequency Power Ampliﬁer Unit HFPSU High Frequency Power Supply Unit HFRx High Frequency Receivers Assembly HFS High Frequency Electronic Stack HFTxDA High Frequency Transmit Distribution Assembly HW Hardware I/F Interface I&O Inner and Outer I&T I
72,frequency,GaN Gallium Nitride GPS Global Positioning System GSE Ground Support Equipment GSFC Goddard Space Flight Center H&S Health and Status HAAMX High Frequency Antenna Assembly -X HAAPX High Frequency Antenna Assembly +X HD Hard Drive HF High Frequency HFPAU High Frequency Power Ampliﬁer Unit HFPSU High Frequency Power Supply Unit HFRx High Frequency Receivers Assembly HFS High Frequency Electronic Stack HFTxDA High Frequency Transmit Distribution Assembly HW Hardware I/F Interface I&O Inner and Outer I&T Integration-and-Test I
72,frequency,ng System GSE Ground Support Equipment GSFC Goddard Space Flight Center H&S Health and Status HAAMX High Frequency Antenna Assembly -X HAAPX High Frequency Antenna Assembly +X HD Hard Drive HF High Frequency HFPAU High Frequency Power Ampliﬁer Unit HFPSU High Frequency Power Supply Unit HFRx High Frequency Receivers Assembly HFS High Frequency Electronic Stack HFTxDA High Frequency Transmit Distribution Assembly HW Hardware I/F Interface I&O Inner and Outer I&T Integration-and-Test IC Integrated Circuit IEP Initial Encounte
72,frequency,GSFC Goddard Space Flight Center H&S Health and Status HAAMX High Frequency Antenna Assembly -X HAAPX High Frequency Antenna Assembly +X HD Hard Drive HF High Frequency HFPAU High Frequency Power Ampliﬁer Unit HFPSU High Frequency Power Supply Unit HFRx High Frequency Receivers Assembly HFS High Frequency Electronic Stack HFTxDA High Frequency Transmit Distribution Assembly HW Hardware I/F Interface I&O Inner and Outer I&T Integration-and-Test IC Integrated Circuit IEP Initial Encounter Plan IESD Internal Electrostatic Dis
72,frequency,Health and Status HAAMX High Frequency Antenna Assembly -X HAAPX High Frequency Antenna Assembly +X HD Hard Drive HF High Frequency HFPAU High Frequency Power Ampliﬁer Unit HFPSU High Frequency Power Supply Unit HFRx High Frequency Receivers Assembly HFS High Frequency Electronic Stack HFTxDA High Frequency Transmit Distribution Assembly HW Hardware I/F Interface I&O Inner and Outer I&T Integration-and-Test IC Integrated Circuit IEP Initial Encounter Plan IESD Internal Electrostatic Discharge II&T Instrument Integration-and
72,frequency,Antenna Assembly -X HAAPX High Frequency Antenna Assembly +X HD Hard Drive HF High Frequency HFPAU High Frequency Power Ampliﬁer Unit HFPSU High Frequency Power Supply Unit HFRx High Frequency Receivers Assembly HFS High Frequency Electronic Stack HFTxDA High Frequency Transmit Distribution Assembly HW Hardware I/F Interface I&O Inner and Outer I&T Integration-and-Test IC Integrated Circuit IEP Initial Encounter Plan IESD Internal Electrostatic Discharge II&T Instrument Integration-and-Test Instr Instrument IOS Instrument O
73,PRF,ribution Assembly PCU Power Converter Unit PDS Planetary Data System PEEK Polyetheretherketone PI Principal Investigator PIMS Plasma Instrument for Magnetic Sounding PLL Phase Locked Loop PME Propulsion Module Electronics PPDP Partially Processed Data Product PRF Pulse Repetition Frequency Prop Propulsion PRT Platinum Resistance Thermometer PSS Power Switch Slice PSU Power Supply Unit PWM Pulse-Width Modulation PWR Power PX +X PX/MX +X/-X PXI +X Inner PXO +X Outer RAMBo Radar Acquisition & Management Board RAP Referen
73,pulse repetition,tion Assembly PCU Power Converter Unit PDS Planetary Data System PEEK Polyetheretherketone PI Principal Investigator PIMS Plasma Instrument for Magnetic Sounding PLL Phase Locked Loop PME Propulsion Module Electronics PPDP Partially Processed Data Product PRF Pulse Repetition Frequency Prop Propulsion PRT Platinum Resistance Thermometer PSS Power Switch Slice PSU Power Supply Unit PWM Pulse-Width Modulation PWR Power PX +X PX/MX +X/-X PXI +X Inner PXO +X Outer RAMBo Radar Acquisition & Management Board RAP Reference Activity Plan
73,frequency,Power Converter Unit PDS Planetary Data System PEEK Polyetheretherketone PI Principal Investigator PIMS Plasma Instrument for Magnetic Sounding PLL Phase Locked Loop PME Propulsion Module Electronics PPDP Partially Processed Data Product PRF Pulse Repetition Frequency Prop Propulsion PRT Platinum Resistance Thermometer PSS Power Switch Slice PSU Power Supply Unit PWM Pulse-Width Modulation PWR Power PX +X PX/MX +X/-X PXI +X Inner PXO +X Outer RAMBo Radar Acquisition & Management Board RAP Reference Activity Plan
73,pulse,tion Assembly PCU Power Converter Unit PDS Planetary Data System PEEK Polyetheretherketone PI Principal Investigator PIMS Plasma Instrument for Magnetic Sounding PLL Phase Locked Loop PME Propulsion Module Electronics PPDP Partially Processed Data Product PRF Pulse Repetition Frequency Prop Propulsion PRT Platinum Resistance Thermometer PSS Power Switch Slice PSU Power Supply Unit PWM Pulse-Width Modulation PWR Power PX +X PX/MX +X/-X PXI +X Inner PXO +X Outer RAMBo Radar Acquisition & Management Board RAP Reference Act
73,pulse,Instrument for Magnetic Sounding PLL Phase Locked Loop PME Propulsion Module Electronics PPDP Partially Processed Data Product PRF Pulse Repetition Frequency Prop Propulsion PRT Platinum Resistance Thermometer PSS Power Switch Slice PSU Power Supply Unit PWM Pulse-Width Modulation PWR Power PX +X PX/MX +X/-X PXI +X Inner PXO +X Outer RAMBo Radar Acquisition & Management Board RAP Reference Activity Plan
73,sounding,RadarforEuropaAssessmentandSounding: OceantoNear-Surface... Page73of91 51 m-SDS Mission Science Data System magamp Magnetic Ampliﬁer MARSIS Mars Advanced Radar for Subsurface and Ionospheric Sounding MASPEX MAss Spectrometer for Planetary EXploration Meas. Measurement MISE Mapping Imaging Spect
73,sounding,RadarforEuropaAssessmentandSounding: OceantoNear-Surface... Page73of91 51 m-SDS Mission Science Data System magamp Magnetic Ampliﬁer MARSIS Mars Advanced Radar for Subsurface and Ionospheric Sounding MASPEX MAss Spectrometer for Planetary EXploration Meas. Measurement MISE Mapping Imaging Spectrometer for Europa MN Matching Network MOS Mission Operations System MRAM Magnetoresistive Random-Access Memory MRAM_SEL Magnetoresistive Random-Access Memory Selec
73,sounding,"liﬁer PC Personal Computer PCE Planning, Coordination, and Execution Operations PCDA Power Control Distribution Assembly PCU Power Converter Unit PDS Planetary Data System PEEK Polyetheretherketone PI Principal Investigator PIMS Plasma Instrument for Magnetic Sounding PLL Phase Locked Loop PME Propulsion Module Electronics PPDP Partially Processed Data Product PRF Pulse Repetition Frequency Prop Propulsion PRT Platinum Resistance Thermometer PSS Power Switch Slice PSU Power Supply Unit PWM Pulse-Width Modulation PWR Power"
73,plasma,"Ampliﬁcation Unit PA Power Ampliﬁer PC Personal Computer PCE Planning, Coordination, and Execution Operations PCDA Power Control Distribution Assembly PCU Power Converter Unit PDS Planetary Data System PEEK Polyetheretherketone PI Principal Investigator PIMS Plasma Instrument for Magnetic Sounding PLL Phase Locked Loop PME Propulsion Module Electronics PPDP Partially Processed Data Product PRF Pulse Repetition Frequency Prop Propulsion PRT Platinum Resistance Thermometer PSS Power Switch Slice PSU Power Supply Unit PWM"
73,measurement,RadarforEuropaAssessmentandSounding: OceantoNear-Surface... Page73of91 51 m-SDS Mission Science Data System magamp Magnetic Ampliﬁer MARSIS Mars Advanced Radar for Subsurface and Ionospheric Sounding MASPEX MAss Spectrometer for Planetary EXploration Meas. Measurement MISE Mapping Imaging Spectrometer for Europa MN Matching Network MOS Mission Operations System MRAM Magnetoresistive Random-Access Memory MRAM_SEL Magnetoresistive Random-Access Memory Select MRO Mars Reconnaissance Orbiter MX -X MXI -X Inner MXO -X Outer NAI
74,frequency,51 Page74of91 D.D.Blankenshipetal. RAW Raw Data Product REASON Radar for Europa Assessment and Sounding: Ocean to Near-surface REU Remote Engineering Unit RF Radio Frequency RFES Radio Frequency Electronics System RFES-JPL Radio Frequency Electronics System Jet Propulsion Laboratory RFI Radio Frequency Interference RFPSU Radio Frequency Power Supply Unit RIME Radar for Icy Moons Exploration Rx Receiver S/C Spacecraft SA Solar Arr
74,frequency,51 Page74of91 D.D.Blankenshipetal. RAW Raw Data Product REASON Radar for Europa Assessment and Sounding: Ocean to Near-surface REU Remote Engineering Unit RF Radio Frequency RFES Radio Frequency Electronics System RFES-JPL Radio Frequency Electronics System Jet Propulsion Laboratory RFI Radio Frequency Interference RFPSU Radio Frequency Power Supply Unit RIME Radar for Icy Moons Exploration Rx Receiver S/C Spacecraft SA Solar Arrays SAR Synthetic Ape
74,frequency,51 Page74of91 D.D.Blankenshipetal. RAW Raw Data Product REASON Radar for Europa Assessment and Sounding: Ocean to Near-surface REU Remote Engineering Unit RF Radio Frequency RFES Radio Frequency Electronics System RFES-JPL Radio Frequency Electronics System Jet Propulsion Laboratory RFI Radio Frequency Interference RFPSU Radio Frequency Power Supply Unit RIME Radar for Icy Moons Exploration Rx Receiver S/C Spacecraft SA Solar Arrays SAR Synthetic Aperture Radar SC/PropMod Spacecraft Propulsion
74,frequency,RAW Raw Data Product REASON Radar for Europa Assessment and Sounding: Ocean to Near-surface REU Remote Engineering Unit RF Radio Frequency RFES Radio Frequency Electronics System RFES-JPL Radio Frequency Electronics System Jet Propulsion Laboratory RFI Radio Frequency Interference RFPSU Radio Frequency Power Supply Unit RIME Radar for Icy Moons Exploration Rx Receiver S/C Spacecraft SA Solar Arrays SAR Synthetic Aperture Radar SC/PropMod Spacecraft Propulsion Module Sci Sys Science System SCOS Spacecraft Operations Subsyst
74,frequency,for Europa Assessment and Sounding: Ocean to Near-surface REU Remote Engineering Unit RF Radio Frequency RFES Radio Frequency Electronics System RFES-JPL Radio Frequency Electronics System Jet Propulsion Laboratory RFI Radio Frequency Interference RFPSU Radio Frequency Power Supply Unit RIME Radar for Icy Moons Exploration Rx Receiver S/C Spacecraft SA Solar Arrays SAR Synthetic Aperture Radar SC/PropMod Spacecraft Propulsion Module Sci Sys Science System SCOS Spacecraft Operations Subsystem SDS Science Data System SELENE S
74,sounding,51 Page74of91 D.D.Blankenshipetal. RAW Raw Data Product REASON Radar for Europa Assessment and Sounding: Ocean to Near-surface REU Remote Engineering Unit RF Radio Frequency RFES Radio Frequency Electronics System RFES-JPL Radio Frequency Electronics System Jet Propulsion Laboratory RFI Radio Frequency Interference RFPSU Radio Frequency Power Supply Unit RIME R
75,frequency,RadarforEuropaAssessmentandSounding: OceantoNear-Surface... Page75of91 51 UTIG University of Texas Institute for Geophysics V&V Veriﬁcation and Validation V AA Very High Frequency Antenna Assembly V AAMXI Very High Frequency Antenna Assembly -X Inner V AAMXI/O Very High Frequency Antenna Assembly -X Inner/Outer V AAMXO Very High Frequency Antenna Assembly -X Outer V AAPXI Very High Frequency Antenna Assembly +X Inner V AAPXI/O Very Hig
75,frequency,RadarforEuropaAssessmentandSounding: OceantoNear-Surface... Page75of91 51 UTIG University of Texas Institute for Geophysics V&V Veriﬁcation and Validation V AA Very High Frequency Antenna Assembly V AAMXI Very High Frequency Antenna Assembly -X Inner V AAMXI/O Very High Frequency Antenna Assembly -X Inner/Outer V AAMXO Very High Frequency Antenna Assembly -X Outer V AAPXI Very High Frequency Antenna Assembly +X Inner V AAPXI/O Very High Frequency Antenna Assembly +X Inner/Outer V
75,frequency,opaAssessmentandSounding: OceantoNear-Surface... Page75of91 51 UTIG University of Texas Institute for Geophysics V&V Veriﬁcation and Validation V AA Very High Frequency Antenna Assembly V AAMXI Very High Frequency Antenna Assembly -X Inner V AAMXI/O Very High Frequency Antenna Assembly -X Inner/Outer V AAMXO Very High Frequency Antenna Assembly -X Outer V AAPXI Very High Frequency Antenna Assembly +X Inner V AAPXI/O Very High Frequency Antenna Assembly +X Inner/Outer V AAPXO Very High Frequency Antenna Assembly +X Outer VDD
75,frequency,51 UTIG University of Texas Institute for Geophysics V&V Veriﬁcation and Validation V AA Very High Frequency Antenna Assembly V AAMXI Very High Frequency Antenna Assembly -X Inner V AAMXI/O Very High Frequency Antenna Assembly -X Inner/Outer V AAMXO Very High Frequency Antenna Assembly -X Outer V AAPXI Very High Frequency Antenna Assembly +X Inner V AAPXI/O Very High Frequency Antenna Assembly +X Inner/Outer V AAPXO Very High Frequency Antenna Assembly +X Outer VDD Positive supply voltage VHF Very High Frequency VHFPAU Very
75,frequency,&V Veriﬁcation and Validation V AA Very High Frequency Antenna Assembly V AAMXI Very High Frequency Antenna Assembly -X Inner V AAMXI/O Very High Frequency Antenna Assembly -X Inner/Outer V AAMXO Very High Frequency Antenna Assembly -X Outer V AAPXI Very High Frequency Antenna Assembly +X Inner V AAPXI/O Very High Frequency Antenna Assembly +X Inner/Outer V AAPXO Very High Frequency Antenna Assembly +X Outer VDD Positive supply voltage VHF Very High Frequency VHFPAU Very High Frequency Power Ampliﬁer Unit VHFPSU Very High F
75,frequency,ntenna Assembly V AAMXI Very High Frequency Antenna Assembly -X Inner V AAMXI/O Very High Frequency Antenna Assembly -X Inner/Outer V AAMXO Very High Frequency Antenna Assembly -X Outer V AAPXI Very High Frequency Antenna Assembly +X Inner V AAPXI/O Very High Frequency Antenna Assembly +X Inner/Outer V AAPXO Very High Frequency Antenna Assembly +X Outer VDD Positive supply voltage VHF Very High Frequency VHFPAU Very High Frequency Power Ampliﬁer Unit VHFPSU Very High Frequency Power Supply Unit VHFRx Very High Frequency Rec
75,frequency,-X Inner V AAMXI/O Very High Frequency Antenna Assembly -X Inner/Outer V AAMXO Very High Frequency Antenna Assembly -X Outer V AAPXI Very High Frequency Antenna Assembly +X Inner V AAPXI/O Very High Frequency Antenna Assembly +X Inner/Outer V AAPXO Very High Frequency Antenna Assembly +X Outer VDD Positive supply voltage VHF Very High Frequency VHFPAU Very High Frequency Power Ampliﬁer Unit VHFPSU Very High Frequency Power Supply Unit VHFRx Very High Frequency Receivers Assembly VHFS Very High Frequency Electronic Stack VH
75,frequency,O Very High Frequency Antenna Assembly -X Outer V AAPXI Very High Frequency Antenna Assembly +X Inner V AAPXI/O Very High Frequency Antenna Assembly +X Inner/Outer V AAPXO Very High Frequency Antenna Assembly +X Outer VDD Positive supply voltage VHF Very High Frequency VHFPAU Very High Frequency Power Ampliﬁer Unit VHFPSU Very High Frequency Power Supply Unit VHFRx Very High Frequency Receivers Assembly VHFS Very High Frequency Electronic Stack VHFTxDA Very High Frequency Transmitters Distribution Assembly WBS Work Breakdow
75,frequency,na Assembly -X Outer V AAPXI Very High Frequency Antenna Assembly +X Inner V AAPXI/O Very High Frequency Antenna Assembly +X Inner/Outer V AAPXO Very High Frequency Antenna Assembly +X Outer VDD Positive supply voltage VHF Very High Frequency VHFPAU Very High Frequency Power Ampliﬁer Unit VHFPSU Very High Frequency Power Supply Unit VHFRx Very High Frequency Receivers Assembly VHFS Very High Frequency Electronic Stack VHFTxDA Very High Frequency Transmitters Distribution Assembly WBS Work Breakdown Structure Acknowledgement
75,frequency,y Antenna Assembly +X Inner V AAPXI/O Very High Frequency Antenna Assembly +X Inner/Outer V AAPXO Very High Frequency Antenna Assembly +X Outer VDD Positive supply voltage VHF Very High Frequency VHFPAU Very High Frequency Power Ampliﬁer Unit VHFPSU Very High Frequency Power Supply Unit VHFRx Very High Frequency Receivers Assembly VHFS Very High Frequency Electronic Stack VHFTxDA Very High Frequency Transmitters Distribution Assembly WBS Work Breakdown Structure Acknowledgements This work was supported by NASA through the E
75,frequency,igh Frequency Antenna Assembly +X Inner/Outer V AAPXO Very High Frequency Antenna Assembly +X Outer VDD Positive supply voltage VHF Very High Frequency VHFPAU Very High Frequency Power Ampliﬁer Unit VHFPSU Very High Frequency Power Supply Unit VHFRx Very High Frequency Receivers Assembly VHFS Very High Frequency Electronic Stack VHFTxDA Very High Frequency Transmitters Distribution Assembly WBS Work Breakdown Structure Acknowledgements This work was supported by NASA through the Europa Clipper Project (80NM0018F0615). The R
75,frequency,"r V AAPXO Very High Frequency Antenna Assembly +X Outer VDD Positive supply voltage VHF Very High Frequency VHFPAU Very High Frequency Power Ampliﬁer Unit VHFPSU Very High Frequency Power Supply Unit VHFRx Very High Frequency Receivers Assembly VHFS Very High Frequency Electronic Stack VHFTxDA Very High Frequency Transmitters Distribution Assembly WBS Work Breakdown Structure Acknowledgements This work was supported by NASA through the Europa Clipper Project (80NM0018F0615). The REASON radar was designed, built, and tested"
75,frequency,"y +X Outer VDD Positive supply voltage VHF Very High Frequency VHFPAU Very High Frequency Power Ampliﬁer Unit VHFPSU Very High Frequency Power Supply Unit VHFRx Very High Frequency Receivers Assembly VHFS Very High Frequency Electronic Stack VHFTxDA Very High Frequency Transmitters Distribution Assembly WBS Work Breakdown Structure Acknowledgements This work was supported by NASA through the Europa Clipper Project (80NM0018F0615). The REASON radar was designed, built, and tested at the Jet Propulsion Laboratory, California"
75,sounding,RadarforEuropaAssessmentandSounding: OceantoNear-Surface... Page75of91 51 UTIG University of Texas Institute for Geophysics V&V Veriﬁcation and Validation V AA Very High Frequency Antenna Assembly V AAMXI Very High Frequency Antenna Assembly -X Inner V AAMXI/O Very High Frequency Antenna Assemb
76,sounding,"genal F, Dougherty L, Bodisch K, Richardson J, Belcher J (2017) Survey of V oyager plasma science ions at Jupiter: 1. Analysis method. J Geophys Res Space Phys 122:8241–8256. https://doi.org/10.1002/ 2016JA023797 Bailey J, Evans S, Robin GdQ (1964) Radio echo sounding of polar ice sheets. Nature 204:420–421. https:// doi.org/10.1038/204420a0 Barr AC, Showman AP (2009) Heat transfer in Europa’s icy shell. In: Pappalardo RT, McKinnon WB, Khu- rana KK (eds) Europa. University of Arizona Press, Tucson, pp 405–430. https://doi."
76,sounding,"ics Blankenship D, Morse D, Finn C, Bell R, Peters M, Kempf S, Hodge S, Studinger M, Behrendt JC, Brozena J (2001) Geologic controls on the initiation of rapid basal motion for West Antarctic ice streams: a geophysical perspective including new airborne radar sounding and laser altimetry results. West Antarct Ice Sheet Behav Environ 77:105–121. https://doi.org/10.1029/AR077p0105 Blankenship DD, Young DA, Moore WB, Moore JC (2009) Radar sounding of Europa’s subsurface properties and processes: the view from Earth. In: Pappa"
76,sounding,"t Antarctic ice streams: a geophysical perspective including new airborne radar sounding and laser altimetry results. West Antarct Ice Sheet Behav Environ 77:105–121. https://doi.org/10.1029/AR077p0105 Blankenship DD, Young DA, Moore WB, Moore JC (2009) Radar sounding of Europa’s subsurface properties and processes: the view from Earth. In: Pappalardo RT, McKinnon WB, Khurana KK (eds) Europa. University of Arizona Press, Tucson, pp 631–654. https://doi.org/10.2307/j.ctt1xp3wdw.33"
76,altimetry,"Morse D, Finn C, Bell R, Peters M, Kempf S, Hodge S, Studinger M, Behrendt JC, Brozena J (2001) Geologic controls on the initiation of rapid basal motion for West Antarctic ice streams: a geophysical perspective including new airborne radar sounding and laser altimetry results. West Antarct Ice Sheet Behav Environ 77:105–121. https://doi.org/10.1029/AR077p0105 Blankenship DD, Young DA, Moore WB, Moore JC (2009) Radar sounding of Europa’s subsurface properties and processes: the view from Earth. In: Pappalardo RT, McKinnon W"
76,plasma,"ps:// doi.org/10.3189/2014AoG67A052 Bagenal F, Dols V (2020) The space environment of Io and Europa. J Geophys Res Space Phys 125:e2019JA027485. https://doi.org/10.1029/2019JA027485 Bagenal F, Wilson RJ, Siler S, Paterson WR, Kurth WS (2016) Survey of Galileo plasma observations in Jupiter’s plasma sheet. J Geophys Res, Planets 121:871–894. https://doi.org/10.1002/2016JE005009 Bagenal F, Dougherty L, Bodisch K, Richardson J, Belcher J (2017) Survey of V oyager plasma science ions at Jupiter: 1. Analysis method. J Geophys"
76,plasma,"52 Bagenal F, Dols V (2020) The space environment of Io and Europa. J Geophys Res Space Phys 125:e2019JA027485. https://doi.org/10.1029/2019JA027485 Bagenal F, Wilson RJ, Siler S, Paterson WR, Kurth WS (2016) Survey of Galileo plasma observations in Jupiter’s plasma sheet. J Geophys Res, Planets 121:871–894. https://doi.org/10.1002/2016JE005009 Bagenal F, Dougherty L, Bodisch K, Richardson J, Belcher J (2017) Survey of V oyager plasma science ions at Jupiter: 1. Analysis method. J Geophys Res Space Phys 122:8241–8256. ht"
76,plasma,"iler S, Paterson WR, Kurth WS (2016) Survey of Galileo plasma observations in Jupiter’s plasma sheet. J Geophys Res, Planets 121:871–894. https://doi.org/10.1002/2016JE005009 Bagenal F, Dougherty L, Bodisch K, Richardson J, Belcher J (2017) Survey of V oyager plasma science ions at Jupiter: 1. Analysis method. J Geophys Res Space Phys 122:8241–8256. https://doi.org/10.1002/ 2016JA023797 Bailey J, Evans S, Robin GdQ (1964) Radio echo sounding of polar ice sheets. Nature 204:420–421. https:// doi.org/10.1038/204420a0 Barr"
77,pulse,". Page77of91 51 Brown W Jr, Adams G, Eggleton R, Jackson P, Jordan R, Kobrick M, Peeples W, Phillips R, Porcello L, Schaber G (1974) Elevation proﬁles of the Moon. In: Proceedings of the Fifth Lunar Conference. vol 3, pp 3037–3048 Brown G (1977) The average impulse response of a rough surface and its applications. IEEE Trans Antennas Propag 25:67–74. https://doi.org/10.1109/TAP.1977.1141536 Brown DW (2021) The mission: a true story. Harper Collins, New York Brown M, Hand K (2013) Salts and radiation products on the surf"
77,sounding,"RadarforEuropaAssessmentandSounding: OceantoNear-Surface... Page77of91 51 Brown W Jr, Adams G, Eggleton R, Jackson P, Jordan R, Kobrick M, Peeples W, Phillips R, Porcello L, Schaber G (1974) Elevation proﬁles of the Moon. In: Proceedings of the Fifth Lunar Conference. vol 3, pp 3037–3048 Brown"
77,sounding,"story. Harper Collins, New York Brown M, Hand K (2013) Salts and radiation products on the surface of Europa. Astron J 145:110. https:// doi.org/10.1088/0004-6256/145/4/110 Bruzzone L, Alberti G, Catallo C, Ferro A, Kofman W, Orosei R (2011) Subsurface radar sounding of the Jovian moon Ganymede. Proc IEEE 99:837–857. https://doi.org/10.1109/JPROC.2011.2108990 Bruzzone L, Plaut JJ, Alberti G, Blankenship DD, Bovolo F, Campbell BA, Ferro A, Gim Y , Kofman W, Komatsu G, McKinnon W, Mitri G, Orosei R, Patterson GW, Plettemeie"
77,sounding,"yering of Mars polar deposits and signatures of ice content in nonpolar material from multiband SHARAD data processing. Geophys Res Lett 45:1759–1766. https:// doi.org/10.1002/2017GL075844 Campbell BA, Watters TR (2016) Phase compensation of MARSIS subsurface sounding data and estimation of ionospheric properties: new insights from SHARAD results. J Geophys Res, Planets 121:180–193. https://doi.org/10.1002/2015JE004917 Campbell BA, Putzig NE, Carter LM, Phillips RJ (2011) Autofocus correction of phase distortion effects on"
77,sounding,"ukum G, Schubert G, Burns JA, Thomas P, Veverka J (1998) Evidence for a subsurface ocean on Europa. Nature 391:363–365. https://doi.org/10.1038/34857 Carrer L, Schroeder DM, Romero-Wolf A, Ries P, Brurzone L (2018) Noise character constraints on passive radio sounding of Jupiter’s icy moons using Jovian decametric radiation. In: IGARSS 2018 - 2018 IEEE international geoscience and remote sensing symposium, pp 4158–4161. https://doi.org/10.1109/ IGARSS.2018.8517931 Carrer L, Schroeder DM, Romero-Wolf A, Ries PA, Bruzzone L"
77,sounding,"oscience and remote sensing symposium, pp 4158–4161. https://doi.org/10.1109/ IGARSS.2018.8517931 Carrer L, Schroeder DM, Romero-Wolf A, Ries PA, Bruzzone L (2021) Analysis of temporal and structural characteristics of Jovian radio emissions for passive radar sounding of Jupiter’s Icy Moons. IEEE Trans Geosci Remote Sens 59:3857–3874. https://doi.org/10.1109/TGRS.2020.3023249 Cartacci M, Amata E, Cicchetti A, Noschese R, Giuppi S, Langlais B, Frigeri A, Orosei R, Picardi G (2013) Mars ionosphere total electron content anal"
78,frequency,"acts, pp EGU–10554. https://doi.org/10.5194/egusphere-egu23-10554 Chan K, Grima C, Rutishauser A, Young DA, Culberg R, Blankenship DD (2023b) Spatial characterization of near-surface structure and meltwater runoff conditions across the Devon Ice Cap from dual-frequency radar reﬂectivity. Cryosphere 17:1839–1852. https://doi.org/10.5194/tc-17-1839-2023 Chivers CJ, Buffo JJ, Schmidt BE (2021) Thermal and chemical evolution of small, shallow water bodies in Europa’s Ice Shell. J Geophys Res, Planets 126:e2020JE006692. https://"
78,sounding,"of Whillans Ice Stream, West Antarctica, from ice-penetrating radar. J Geophys Res, Earth Surf 121:1954–1983. https://doi.org/10.1002/2015JF003806 Chu W, Schroeder DM, Siegfried MR (2018) Retrieval of englacial ﬁrn aquifer thickness from ice-penetrating radar sounding in southeastern Greenland. Geophys Res Lett 45:11,770–11,778.https://doi.org/10.1029/ 2018GL079751 Chu W, Hilger AM, Culberg R, Schroeder DM, Jordan TM, Seroussi H, Young DA, Blankenship DD, Vaughan DG (2021) Multisystem synthesis of radar sounding observatio"
78,sounding,"ting radar sounding in southeastern Greenland. Geophys Res Lett 45:11,770–11,778.https://doi.org/10.1029/ 2018GL079751 Chu W, Hilger AM, Culberg R, Schroeder DM, Jordan TM, Seroussi H, Young DA, Blankenship DD, Vaughan DG (2021) Multisystem synthesis of radar sounding observations of the Amundsen sea sector from the 2004–2005 ﬁeld season. J Geophys Res, Earth Surf 126:e2021JF006296. https://doi.org/10. 1029/2021JF006296 Chuah TS (1996) Design and development of a coherent radar depth sounder for measurement of Greenland ic"
78,measurement,"synthesis of radar sounding observations of the Amundsen sea sector from the 2004–2005 ﬁeld season. J Geophys Res, Earth Surf 126:e2021JF006296. https://doi.org/10. 1029/2021JF006296 Chuah TS (1996) Design and development of a coherent radar depth sounder for measurement of Greenland ice sheet thickness. RSL Technical Report 10470-5. University of Kansas Chyba CF (2000) Energy for microbial life on Europa. Nature 403:381–382. https://doi.org/10.1038/ 35000281 Chyba CF, Ostro SJ, Edwards BC (1998) Radar detectability of a subs"
79,frequency,"ombard AJ, Patterson GW, Lederer AP, Prockter LM (2013) Flanking fractures and the formation of double ridges on Europa. Icarus 223:74–81. https://doi.org/10.1016/j.icarus.2012.11.021 Dowell J, Taylor GB, Schinzel FK, Kassim NE, Stovall K (2017) The LW A1 low frequency sky survey. Mon Not R Astron Soc 469:4537–4550. https://doi.org/10.1093/mnras/stx1136 Drewry DJ (1983) Antarctica: glaciological and geophysical folio. University of Cambridge, Scott Polar Research Institute Eluszkiewicz J (2004) Dim prospects for radar detec"
79,sounding,"RadarforEuropaAssessmentandSounding: OceantoNear-Surface... Page79of91 51 Costello ES, Phillips CB, Lucey PG, Ghent RR (2021) Impact gardening on Europa and repercussions for possible biosignatures. Nat Astron 5:951–956. https://doi.org/10.1038/s41550-021-01393-1 Cox R, Bauer AW (2015) Impact b"
79,sounding,"2022) Double ridge formation over shallow water sills on Jupiter’s moon Europa. Nat Commun 13:2007. https://doi.org/10.1038/s41467-022-29458-3 Culha C, Schroeder DM, Jordan TM, Haynes MS (2020) Assessing the detectability of Europa’s eutectic zone using radar sounding. Icarus 339:113578. https://doi.org/10.1016/j.icarus.2019.113578 Cumming IG, Wong FH (2005) Digital processing of Synthetic Aperture Radar data. Artech House 1:108–110 Daubar IJ, Hayes AG, Collins GC et al (2024) Planned geological investigations of the Europ"
79,measurement,"4–236. https://doi. org/10.1016/j.icarus.2004.02.011 Engelhardt H, Determann J (1987) Borehole evidence for a thick layer of basal ice in the central Ronne Ice Shelf. Nature 327:318–319. https://doi.org/10.1038/327318a0 Evans S (1963) Radio techniques for the measurement of ice thickness. Polar Rec 11:406–410. https://doi. org/10.1017/S0032247400053523 Ewert H, Popov SV , Richter A, Schwabe J, Scheinert M, Dietrich R (2012) Precise analysis of ICESat al- timetry data and assessment of the hydrostatic equilibrium for subglacia"
80,sounding,"ath the Amery Ice Shelf. Geophys Res Lett 28:2241–2244. https://doi.org/10.1029/2000GL012461 Fujita S, Matsuoka T, Ishida T, Matsuoka K, Mae S (2000) A summary of the complex dielectric permittivity of ice in the megahertz range and its applications for radar sounding of polar ice sheets. Hokkaido University Press, pp 185–212 Fung AK, Li Z, Chen KS (1992) Backscattering from a randomly rough dielectric surface. IEEE Trans Geosci Remote Sens 30:356–369. https://doi.org/10.1109/36.134085 Gaidos EJ, Nimmo F (2000) Tectonics a"
80,sounding,", Witasse O (2022) Performances of the passive SAR imaging of Jupiter’s Icy Moons. IEEE Trans Geosci Remote Sens 60:1–13. https://doi.org/10.1109/TGRS.2022. 3172633 Gerekos C, Bruzzone L, Imai M (2020) A coherent method for simulating active and passive radar sounding of the Jovian Icy Moons. IEEE Trans Geosci Remote Sens 58:2250–2265. https://doi.org/10.1109/TGRS. 2019.2945079 Gerekos C, Steinbrügge G, Jebaraj IC, Casillas A, Donini E, Sánchez-Cano B, Lester M, Magdaleni´c J, Peters ST, Romero-Wolf AF, Blankenship DD (202"
80,sounding,"iley J, Kadel S (1999) Chaos on Europa. Icarus 141:263–286. https://doi.org/10.1006/icar.1999.6187 Grima C, Blankenship DD, Young DA, Schroeder DM (2014a) Surface slope control on ﬁrn den- sity at Thwaites Glacier, West Antarctica: results from airborne radar sounding. Geophys Res Lett 41:6787–6794. https://doi.org/10.1002/2014GL061635 Grima C, Schroeder DM, Blankenship DD, Young DA (2014b) Planetary landing-zone reconnaissance using ice-penetrating radar data: concept validation in Antarctica. Planet Space Sci 103:191–204"
81,frequency,"51 Grimm R, Stillman D (2019) On the electrical properties of meridianiite and implications for radar sounding of icy satellites. Earth Planet Sci Lett 520:34–39. https://doi.org/10.1016/j.epsl.2019.05.010 Grimm RE, Stillman DE, Dec SF, Bullock MA (2008) Low-frequency electrical properties of polycrystalline saline ice and salt hydrates. J Phys Chem B 112:15382–15390. https://doi.org/10.1021/jp8055366 Gross GW, Wong PM, Humes K (1977) Concentration dependent solute redistribution at the ice–water phase boundary. III. Spont"
81,interferometry,"In: Pappalardo RT, McKinnon WB, Khurana KK (eds) Europa. University of Arizona Press, Tucson, pp 589–630. https://doi.org/10.2307/j.ctt1xp3wdw.32 Haynes MS, Chapin E, Moussessian A, Madsen SN (2018a) Surface clutter discrimination analysis for radar sounding interferometry. IEEE Trans Aerosp Electron Syst 55:989–1003.https://doi.org/10.1109/TAES. 2018.2867689 Haynes MS, Chapin E, Schroeder DM (2018b) Geometric power fall-off in radar sounding. IEEE Trans Geosci Remote Sens 56:6571–6585. https://doi.org/10.1109/TGRS.2018.2840511"
81,sounding,"RadarforEuropaAssessmentandSounding: OceantoNear-Surface... Page81of91 51 Grimm R, Stillman D (2019) On the electrical properties of meridianiite and implications for radar sounding of icy satellites. Earth Planet Sci Lett 520:34–39. https://doi.org/10.1016/j.epsl.2019.05.010 Grimm RE, Stillman"
81,sounding,"RadarforEuropaAssessmentandSounding: OceantoNear-Surface... Page81of91 51 Grimm R, Stillman D (2019) On the electrical properties of meridianiite and implications for radar sounding of icy satellites. Earth Planet Sci Lett 520:34–39. https://doi.org/10.1016/j.epsl.2019.05.010 Grimm RE, Stillman DE, Dec SF, Bullock MA (2008) Low-frequency electrical properties of polycrystalline saline ice and salt hydrates. J Phys Chem B 112:15382–15390."
81,sounding,"ross GW, Wong PM, Humes K (1977) Concentration dependent solute redistribution at the ice–water phase boundary. III. Spontaneous convection. Chloride solutions. J Chem Phys 67:5264–5274.https://doi.org/ 10.1063/1.434704 Gudmandsen P (1969) Airborne radio echo sounding of the Greenland Ice Sheet. Geogr J 135:548–551. https://doi.org/10.2307/1795099 Gurnett DA, Kurth WS, Roux A, Bolton SJ, Thomsen EA, Groene JB (1998) Galileo plasma wave observa- tions near Europa. Geophys Res Lett 25:237–240. https://doi.org/10.1029/97GL037"
81,sounding,"n Europa. In: Pappalardo RT, McKinnon WB, Khurana KK (eds) Europa. University of Arizona Press, Tucson, pp 589–630. https://doi.org/10.2307/j.ctt1xp3wdw.32 Haynes MS, Chapin E, Moussessian A, Madsen SN (2018a) Surface clutter discrimination analysis for radar sounding interferometry. IEEE Trans Aerosp Electron Syst 55:989–1003.https://doi.org/10.1109/TAES. 2018.2867689 Haynes MS, Chapin E, Schroeder DM (2018b) Geometric power fall-off in radar sounding. IEEE Trans Geosci Remote Sens 56:6571–6585. https://doi.org/10.1109/TG"
81,sounding,"A, Madsen SN (2018a) Surface clutter discrimination analysis for radar sounding interferometry. IEEE Trans Aerosp Electron Syst 55:989–1003.https://doi.org/10.1109/TAES. 2018.2867689 Haynes MS, Chapin E, Schroeder DM (2018b) Geometric power fall-off in radar sounding. IEEE Trans Geosci Remote Sens 56:6571–6585. https://doi.org/10.1109/TGRS.2018.2840511 Head JW, Pappalardo RT (1999) Brine mobilization during lithospheric heating on Europa: implica- tions for formation of chaos terrain, lenticula texture, and color variatio"
81,sounding,"cs of ridges and triple bands from Galileo data (E4 and E6) and assessment of a linear diapirism model. J Geophys Res, Planets 104:24223–24236. https://doi.org/10.1029/1998JE001011 Heister A, Scheiber R (2018) Coherent large beamwidth processing of radio-echo sounding data. Cryosphere 12:2969–2979. https://doi.org/10.5194/tc-12-2969-2018 Hills BH, Christianson K, Holschuh N (2020) A framework for attenuation method selection evaluated with ice-penetrating radar data at South Pole Lake. Ann Glaciol 61:176–187. https://doi.o"
81,sounding,"evaluated with ice-penetrating radar data at South Pole Lake. Ann Glaciol 61:176–187. https://doi.org/10.1017/aog. 2020.32 Holt JW, Safaeinili A, Plaut JJ, Head JW, Phillips RJ, Seu R, Kempf SD, Choudhary P, Young DA, Putzig NE, Biccari D, Gim Y (2008) Radar sounding evidence for buried glaciers in the southern mid-latitudes of Mars. Science 322:1235–1238. https://doi.org/10.1126/science.1164246 Horgan HJ, Anandakrishnan S, Jacobel RW, Christianson K, Alley RB, Heeszel DS, Picotti S, Walter JI (2012) Subglacial lake Whill"
81,plasma,"Phys 67:5264–5274.https://doi.org/ 10.1063/1.434704 Gudmandsen P (1969) Airborne radio echo sounding of the Greenland Ice Sheet. Geogr J 135:548–551. https://doi.org/10.2307/1795099 Gurnett DA, Kurth WS, Roux A, Bolton SJ, Thomsen EA, Groene JB (1998) Galileo plasma wave observa- tions near Europa. Geophys Res Lett 25:237–240. https://doi.org/10.1029/97GL03706 Hammond N (2020) Estimating the Magnitude of Cyclic Slip on Strike-Slip faults on Europa. J Geophys Res, Planets 125:7. https://doi.org/10.1029/2019JE006170 Hand K"
82,sounding,"1. https://doi.org/10.1029/ JB089iB03p01925 Jezek KC, Bentley CR (1983) Field studies of bottom crevasses in the Ross Ice Shelf, Antarctica. J Glaciol 29:118–126. https://doi.org/10.3189/S0022143000005189 Jezek KC, Bentley CR, Clough JW (1979) Electromagnetic sounding of bottom crevasses on the Ross Ice Shelf, Antarctica. J Glaciol 24:321–330. https://doi.org/10.3189/S0022143000014842 Jia X, Kivelson MG, Khurana KK, Kurth WS (2018) Evidence of a plume on Europa from Galileo magnetic and plasma wave signatures. Nat Astron 2"
82,plasma,"h JW (1979) Electromagnetic sounding of bottom crevasses on the Ross Ice Shelf, Antarctica. J Glaciol 24:321–330. https://doi.org/10.3189/S0022143000014842 Jia X, Kivelson MG, Khurana KK, Kurth WS (2018) Evidence of a plume on Europa from Galileo magnetic and plasma wave signatures. Nat Astron 2:459–464. https://doi.org/10.1038/s41550-018-0450-z Johnston SA, Montési LG (2014) Formation of ridges on Europa above crystallizing water bodies inside the ice shell. Icarus 237:190–201. https://doi.org/10.1016/j.icarus.2014.04.0"
82,plasma,"10.1109/TGRS. 2011.2171349 Kofman W, Orosei R, Pettinelli E (2010) Radar signal propagation and detection through ice. Space Sci Rev 153:249–271. https://doi.org/10.1007/s11214-010-9642-2 Kurth W, Gurnett D, Persoon A, Roux A, Bolton S, Alexander C (2001) The plasma wave environment of Europa. Planet Space Sci 49:345–363. https://doi.org/10.1016/S0032-0633(00)00156-2 Kwok R, Johnson WT (1989) Block adaptive quantization of Magellan SAR data. IEEE Trans Geosci Remote Sens 27:375–383. https://doi.org/10.1109/36.29557 Lalic"
82,measurement,"ssion. In: 2019 19th European Conference on Radiation and Its Effects on Components and Systems (RADECS). pp 1–3. https://doi.org/10.1109/RADECS47380.2019.9745730 Kivelson MG, Khurana KK, Russell CT, V olwerk M, Walker RJ, Zimmer C (2000) Galileo magnetometer measurements: a stronger case for a subsurface ocean at Europa. Science 289:1340–1343. https://doi. org/10.1126/science.289.5483.1340 Kliore AJ, Hinson DP, Flasar FM, Nagy AF, Cravens TE (1997) The ionosphere of Europa from Galileo radio occultations. Science 277:355–358"
83,sounding,"RadarforEuropaAssessmentandSounding: OceantoNear-Surface... Page83of91 51 Lambrecht A, Sandhäger H, Vaughan DG, Mayer C (2007) New ice thickness maps of Filchner–Ronne Ice Shelf, Antarctica, with speciﬁc focus on grounding lines and marine ice. Antarct Sci 19:521–532.https:// doi.org/10.1017/S0"
84,pulse,"9.01.009 Moussessian A, Jordan RL, Rodriguez E, Safaeinili A, Akins TL, Edelstein WN, Kim Y , Gogineni SP (2000) A new coherent radar for ice sounding in Greenland. In: IGARSS 2000. IEEE 2000 international geo- science and remote sensing symposium. Taking the pulse of the planet: the role of remote sensing in managing the environment. Proceedings (Cat. No. 00CH37120), vol 2, pp 484–486. https://doi.org/10. 1109/IGARSS.2000.861604 National Research Council (2003) New frontiers in the Solar System: an integrated explorati"
84,sounding,"uropa. University of Arizona Press, Tucson, pp 485–506. https:// doi.org/10.2307/j.ctt1xp3wdw.26 McKinnon WB (1999) Convective instability in Europa’s ﬂoating ice shell. Geophys Res Lett 26:951–954. https://doi.org/10.1029/1999GL900125 McKinnon W (2005) Radar sounding of convecting ice shells in the presence of convection: application to Europa, Ganymede, and Callisto. In: Workshop on Radar Investigations of Planetary and Terrestrial Environments, pp 6039 Melosh HJ, Ekholm AG, Showman AP, Lorenz RD (2004) The temperature o"
84,sounding,", Wouters B (2016) Glacier surface temperatures in the Canadian High Arctic, 2000–15. J Glaciol 62:963–975. https://doi.org/10.1017/jog.2016.80 Mouginot J, Kofman W, Safaeinili A, Hérique A (2008) Correction of the ionospheric distortion on the MARSIS surface sounding echoes. Planet Space Sci 56:917–926.https://doi.org/10.1016/j.pss.2008.01. 010 Mouginot J, Kofman W, Safaeinili A, Grima C, Herique A, Plaut JJ (2009) MARSIS surface reﬂectivity of the south residual cap of Mars. Icarus 201:454–459. https://doi.org/10.1016/j."
84,sounding,"MARSIS surface reﬂectivity of the south residual cap of Mars. Icarus 201:454–459. https://doi.org/10.1016/j.icarus.2009.01.009 Moussessian A, Jordan RL, Rodriguez E, Safaeinili A, Akins TL, Edelstein WN, Kim Y , Gogineni SP (2000) A new coherent radar for ice sounding in Greenland. In: IGARSS 2000. IEEE 2000 international geo- science and remote sensing symposium. Taking the pulse of the planet: the role of remote sensing in managing the environment. Proceedings (Cat. No. 00CH37120), vol 2, pp 484–486. https://doi.org/10."
85,sounding,"RadarforEuropaAssessmentandSounding: OceantoNear-Surface... Page85of91 51 Nimmo F, Manga M (2009) Geodynamics of Europa’s icy shell. In: Pappalardo RT, McKinnon WB, Khu- rana KK (eds) Europa. University of Arizona Press, Tucson, pp 381–404. https://doi.org/10.2307/j. ctt1xp3wdw.22 Nimmo F, Sche"
85,sounding,"org/10.1103/PhysRevLett.64.2727 Orosei R, Jordan RL, Morgan DD, Cartacci M, Cicchetti A, Duru F, Gurnett DA, Heggy E, Kirchner DL, Noschese R, Kofman W, Masdea A, Plaut JJ, Seu R, Watters TR, Picardi G (2015) Mars Advanced Radar for Subsurface and Ionospheric Sounding (MARSIS) after nine years of operation: a summary. Planet Space Sci 112:98–114. https://doi.org/10.1016/j.pss.2014.07.010 Orosei R, Lauro SE, Pettinelli E, Cicchetti A, Coradini M, Cosciotti B, Di Paolo F, Flamini E, Mattei E, Pajola M (2018) Radar evidence o"
85,sounding,"Killpack TJ (1978) Orbital radar evidence for lunar subsurface layering in Maria Serenitatis and crisium. J Geophys Res, Solid Earth 83:3459–3468. https://doi.org/10.1029/JB083iB07p03459 Peters M, Blankenship D, Holt J, Morse D, Young D (2005a) Airborne radar sounding: a survey of the Thwaites Glacier Catchment of the Amundsen Sea Embayment, West Antarctica. In: AGU Fall Meeting, pp U23C-06 Peters ME, Blankenship DD, Morse DL (2005b) Analysis techniques for coherent airborne radar sounding: Application to West Antarctic ic"
85,sounding,"D, Young D (2005a) Airborne radar sounding: a survey of the Thwaites Glacier Catchment of the Amundsen Sea Embayment, West Antarctica. In: AGU Fall Meeting, pp U23C-06 Peters ME, Blankenship DD, Morse DL (2005b) Analysis techniques for coherent airborne radar sounding: Application to West Antarctic ice streams. J Geophys Res, Solid Earth 110:B06303. https://doi.org/10. 1029/2004JB003222 Peters ME, Blankenship DD, Carter SP, Kempf SD, Young DA, Holt JW (2007a) Along-track focusing of airborne radar sounding data from West A"
85,sounding,"t airborne radar sounding: Application to West Antarctic ice streams. J Geophys Res, Solid Earth 110:B06303. https://doi.org/10. 1029/2004JB003222 Peters ME, Blankenship DD, Carter SP, Kempf SD, Young DA, Holt JW (2007a) Along-track focusing of airborne radar sounding data from West Antarctica for improving basal reﬂection analysis and layer detection. IEEE Trans Geosci Remote Sens 45:2725–2736.https://doi.org/10.1109/TGRS.2007.897416 Peters ME, Blankenship DD, Smith DE, Holt JW, Kempf SD (2007b) The distribution and class"
85,sounding,"basal reﬂection analysis and layer detection. IEEE Trans Geosci Remote Sens 45:2725–2736.https://doi.org/10.1109/TGRS.2007.897416 Peters ME, Blankenship DD, Smith DE, Holt JW, Kempf SD (2007b) The distribution and classiﬁcation of bottom crevasses from radar sounding of a large tabular iceberg. IEEE Geosci Remote Sens Lett 4:142–146. https://doi.org/10.1109/LGRS.2006.887057 Peters LE, Anandakrishnan S, Holland CW, Horgan HJ, Blankenship DD, V oigt DE (2008) Seismic detection of a subglacial lake near the South Pole, Antar"
85,sounding,"an S, Holland CW, Horgan HJ, Blankenship DD, V oigt DE (2008) Seismic detection of a subglacial lake near the South Pole, Antarctica. Geophys Res Lett 35:L23501. https://doi.org/10. 1029/2008GL035704 Peters ST, Schroeder DM, Romero-Wolf A (2020) Passive radio sounding to correct for Europa’s ionospheric distortion of VHF signals. Planet Space Sci 187:104925. https://doi.org/10.1016/j.pss.2020.104925 Peters ST, Roberts TM, Nessly K, Schroeder DM, Romero-Wolf A (2022) Revisiting the limits of spa- tial coherence for passive"
85,sounding,"rrect for Europa’s ionospheric distortion of VHF signals. Planet Space Sci 187:104925. https://doi.org/10.1016/j.pss.2020.104925 Peters ST, Roberts TM, Nessly K, Schroeder DM, Romero-Wolf A (2022) Revisiting the limits of spa- tial coherence for passive radar sounding using radio-astronomical sources. In: IGARSS 2022 - 2022 IEEE international geoscience and remote sensing symposium, pp 3880–3883. https://doi.org/10.1109/ IGARSS46834.2022.9884673"
86,sounding,"sance Strategy for Landing on Europa, based on Europa Clipper Data. Submitted to Planet Sci J Picardi G, Biccari D, Seu R, Plaut J, Johnson W, Jordan R, Safaeinili A, Gurnett D, Huff R, Orosei R (2004) MARSIS: Mars advanced radar for subsurface and ionosphere sounding. In: Mars Express: the scientiﬁc payload. pp 51–69 Picardi G, Plaut JJ, Biccari D, Bombaci O, Calabrese D, Cartacci M, Cicchetti A, Clifford SM, Edenhofer P, Farrell WM (2005) Radar soundings of the subsurface of Mars. Science 310:1925–1928. https://doi. org/"
86,sounding,"i R (2004) MARSIS: Mars advanced radar for subsurface and ionosphere sounding. In: Mars Express: the scientiﬁc payload. pp 51–69 Picardi G, Plaut JJ, Biccari D, Bombaci O, Calabrese D, Cartacci M, Cicchetti A, Clifford SM, Edenhofer P, Farrell WM (2005) Radar soundings of the subsurface of Mars. Science 310:1925–1928. https://doi. org/10.1126/science.1122165 Plaut JJ, Picardi G, Safaeinili A, Ivanov AB, Milkovich SM, Cicchetti A, Kofman W, Mouginot J, Farrell WM, Phillips RJ, Clifford SM, Frigeri A, Orosei R, Federico C, W"
86,sounding,"vich SM, Cicchetti A, Kofman W, Mouginot J, Farrell WM, Phillips RJ, Clifford SM, Frigeri A, Orosei R, Federico C, Williams IP, Gurnett DA, Nielsen E, Hagfors T, Heggy E, Stofan ER, Plettemeier D, Watters TR, Leuschen CJ, Edenhofer P (2007) Subsur- face radar sounding of the south polar layered deposits of Mars. Science 316:92–95. https://doi.org/10. 1126/science.1139672 Porcello LJ, Jordan RL, Zelenka JS, Adams GF, Phillips RJ, Brown WE, Ward SH, Jackson PL (1974) The Apollo lunar sounder radar system. Proc IEEE 62:769–78"
86,sounding,"177:305–326. https://doi.org/10.1016/j.icarus.2005.08.003 Putzig NE, Phillips RJ, Campbell BA, Holt JW, Plaut JJ, Carter LM, Egan AF, Bernardini F, Safaeinili A, Seu R (2009) Subsurface structure of planum boreum from Mars reconnaissance orbiter shallow radar soundings. Icarus 204:443–457. https://doi.org/10.1016/j.icarus.2009.07.034 Quick LC, Hedman MM (2020) Characterizing deposits emplaced by cryovolcanic plumes on Europa. Icarus 343:113667. https://doi.org/10.1016/j.icarus.2020.113667 Raju G, Xin W, Moore R (1990) Desi"
86,altimetry,"9/S0022143000009503 Reid HAS, Kontar EP (2021) Fine structure of type III solar radio bursts from Langmuir wave motion in turbulent plasma. Nat Astron 5:796–804. https://doi.org/10.1038/s41550-021-01370-8 Rémy F, Parouty S (2009) Antarctic ice sheet and radar altimetry: a review. Remote Sens 1:1212–1239. https://doi.org/10.3390/rs1041212 Rippin DM, Bingham RG, Jordan TA, Wright AP, Ross N, Corr HFJ, Ferraccioli F, Le Brocq AM, Rose KC, Siegert MJ (2014) Basal roughness of the Institute and Möller Ice Streams, West Antarctic"
86,plasma,"he Coherent Antarctic Radar Depth Sounder (CARDS) of the University of Kansas, USA. J Glaciol 36:247–254. https://doi.org/10.3189/S0022143000009503 Reid HAS, Kontar EP (2021) Fine structure of type III solar radio bursts from Langmuir wave motion in turbulent plasma. Nat Astron 5:796–804. https://doi.org/10.1038/s41550-021-01370-8 Rémy F, Parouty S (2009) Antarctic ice sheet and radar altimetry: a review. Remote Sens 1:1212–1239. https://doi.org/10.3390/rs1041212 Rippin DM, Bingham RG, Jordan TA, Wright AP, Ross N, Corr"
87,frequency,"raints on the neutral atmosphere. J Geophys Res, Planets 103:19947–19962. https://doi.org/10.1029/97JE03556 Scanlan KM, Grima C, Steinbrügge G, Kempf SD, Young DA, Blankenship DD (2019) Geometric determi- nation of ionospheric total electron content from dual frequency radar sounding measurements. Planet Space Sci 178:104696. https://doi.org/10.1016/j.pss.2019.07.010 Scanlan KM, Rutishauser A, Young DA, Blankenship DD (2020) Interferometric discrimination of cross- track bed clutter in ice-penetrating radar sounding data. A"
87,sounding,"RadarforEuropaAssessmentandSounding: OceantoNear-Surface... Page87of91 51 Rutishauser A, Grima C, Sharp M, Blankenship DD, Young DA, Cawkwell F, Dowdeswell JA (2016) Charac- terizing near-surface ﬁrn using the scattered signal component of the glacier surface return from airborne radio-echo sou"
87,sounding,"ing: OceantoNear-Surface... Page87of91 51 Rutishauser A, Grima C, Sharp M, Blankenship DD, Young DA, Cawkwell F, Dowdeswell JA (2016) Charac- terizing near-surface ﬁrn using the scattered signal component of the glacier surface return from airborne radio-echo sounding. Geophys Res Lett 43:12–502. https://doi.org/10.1002/2016GL071230 Rutishauser A, Blankenship DD, Sharp M, Skidmore ML, Greenbaum JS, Grima C, Schroeder DM, Dowdeswell JA, Young DA (2018) Discovery of a hypersaline subglacial lake complex beneath De- von Ice C"
87,sounding,"hypersaline subglacial lake complex beneath De- von Ice Cap, Canadian Arctic. Sci Adv 4:eaar4353. https://doi.org/10.1126/sciadv.aar4353 Rutishauser A, Blankenship DD, Young DA, Wolfenbarger NS, Beem LH, Skidmore ML, Dubnick A, Crisc- itiello AS (2022) Radar sounding survey over Devon Ice Cap indicates the potential for a diverse hy- persaline subglacial hydrological environment. Cryosphere 16:379–395. https://doi.org/10.5194/tc-16- 379-2022 Safaeinili A, Kofman W, Nouvel J, Herique A, Jordan R (2003) Impact of Mars ionos"
87,sounding,"utral atmosphere. J Geophys Res, Planets 103:19947–19962. https://doi.org/10.1029/97JE03556 Scanlan KM, Grima C, Steinbrügge G, Kempf SD, Young DA, Blankenship DD (2019) Geometric determi- nation of ionospheric total electron content from dual frequency radar sounding measurements. Planet Space Sci 178:104696. https://doi.org/10.1016/j.pss.2019.07.010 Scanlan KM, Rutishauser A, Young DA, Blankenship DD (2020) Interferometric discrimination of cross- track bed clutter in ice-penetrating radar sounding data. Ann Glaciol 61:6"
87,sounding,"m dual frequency radar sounding measurements. Planet Space Sci 178:104696. https://doi.org/10.1016/j.pss.2019.07.010 Scanlan KM, Rutishauser A, Young DA, Blankenship DD (2020) Interferometric discrimination of cross- track bed clutter in ice-penetrating radar sounding data. Ann Glaciol 61:68–73. https://doi.org/10.1017/ aog.2020.20 Scanlan KM, Young DA, Steinbrügge G, Kempf SD, Grima C, Blankenship DD (2021) Delay Doppler SAR focusing and quantitative quality control of the radar for Europa assessment and sounding: ocean t"
87,sounding,"ng radar sounding data. Ann Glaciol 61:68–73. https://doi.org/10.1017/ aog.2020.20 Scanlan KM, Young DA, Steinbrügge G, Kempf SD, Grima C, Blankenship DD (2021) Delay Doppler SAR focusing and quantitative quality control of the radar for Europa assessment and sounding: ocean to near- surface (REASON) sounding data product. IEEE J Sel Top Appl Earth Obs Remote Sens 14:4352–4369. https://doi.org/10.1109/JSTARS.2021.3072276 Scanlan KM, Young DA, Blankenship DD (2022) Non-linear radar response to the radial structure of Europa"
87,sounding,"73. https://doi.org/10.1017/ aog.2020.20 Scanlan KM, Young DA, Steinbrügge G, Kempf SD, Grima C, Blankenship DD (2021) Delay Doppler SAR focusing and quantitative quality control of the radar for Europa assessment and sounding: ocean to near- surface (REASON) sounding data product. IEEE J Sel Top Appl Earth Obs Remote Sens 14:4352–4369. https://doi.org/10.1109/JSTARS.2021.3072276 Scanlan KM, Young DA, Blankenship DD (2022) Non-linear radar response to the radial structure of Europa plume fallout deposits. Icarus 378:114935"
87,sounding,"ons across Thwaites Glacier, West Antarctica. Geophysics 81:W A35–W A43. https://doi. org/10.1190/geo2015-0122.1 Schroeder DM, Romero-Wolf A, Carrer L, Grima C, Campbell BA, Kofman W, Bruzzone L, Blankenship DD (2016) Assessing the potential for passive radio sounding of Europa and Ganymede with RIME and REASON. Planet Space Sci 134:52–60. https://doi.org/10.1016/j.pss.2016.10.007 Schroeder DM, Bingham RG, Blankenship DD, Christianson K, Eisen O, Flowers GE, Karlsson NB, Koutnik MR, Paden JD, Siegert MJ (2020) Five decades"
87,measurement,"osphere. J Geophys Res, Planets 103:19947–19962. https://doi.org/10.1029/97JE03556 Scanlan KM, Grima C, Steinbrügge G, Kempf SD, Young DA, Blankenship DD (2019) Geometric determi- nation of ionospheric total electron content from dual frequency radar sounding measurements. Planet Space Sci 178:104696. https://doi.org/10.1016/j.pss.2019.07.010 Scanlan KM, Rutishauser A, Young DA, Blankenship DD (2020) Interferometric discrimination of cross- track bed clutter in ice-penetrating radar sounding data. Ann Glaciol 61:68–73. https:"
88,sounding,"51 Page88of91 D.D.Blankenshipetal. Seu R, Phillips RJ, Biccari D, Orosei R, Masdea A, Picardi G, Safaeinili A, Campbell BA, Plaut JJ, Marinan- geli L, Smrekar SE, Nunes DC (2007) SHARAD sounding radar on the Mars Reconnaissance Orbiter. J Geophys Res 112:E05S05. https://doi.org/10.1029/2006JE002745 Shepard MK, Campbell BA (1999) Radar scattering from a self-afﬁne fractal surface: near-nadir regime. Icarus 141:156–171. https://doi.org/10.1006/icar.199"
88,sounding,"3134638 Stern W (1930) Principles, methods and results of electrodynamic thickness measurement of glacier ice. Z Gletscherkunde 18:24 Stillman D, Grimm R, MacGregor J (2018) Chloride Salts Prevent Direct Determination of Europa’s Icy Shell Thickness via Radar Sounding. In: 49th Lunar and Planetary Science Conference, LPI Contribution No. 2083, pp 1971 Stillman DE, Pettinelli E, Lauro SE, Mattei E, Caprarelli G, Cosciotti B, Primm KM, Orosei R (2022) Partially-saturated brines within basal ice or sediments can explain the b"
88,altimetry,"Shepard MK, Campbell BA (1999) Radar scattering from a self-afﬁne fractal surface: near-nadir regime. Icarus 141:156–171. https://doi.org/10.1006/icar.1999.6141 Siegfried MR, Fricker HA (2021) Illuminating active subglacial lake processes with ICESat-2 laser altimetry. Geophys Res Lett 48:e2020GL091089. https://doi.org/10.1029/2020GL091089 Sihvola AH (1999) Electromagnetic mixing formulas and applications. The Insitution of Engineering and Technology (IET) Sihvola A (2013) Homogenization principles and effect of mixing on"
88,altimetry,"hroeder DM (2020a) Brine migration and impact-induced cryovolcanism on Europa. Geophys Res Lett 47:e2020GL090797. https://doi.org/10.1029/2020GL090797 Steinbrügge G, Haynes MS, Schroeder DM, Scanlan KM, Stark A, Young DA, Grima C, Kempf S, Ng G, Buhl D (2021) Altimetry measurements from planetary radar sounders and application to SHARAD on Mars. IEEE Trans Geosci Remote Sens 60:1–14. https://doi.org/10.1109/TGRS.2021.3134638 Stern W (1930) Principles, methods and results of electrodynamic thickness measurement of glacier ic"
88,measurement,"(2020a) Brine migration and impact-induced cryovolcanism on Europa. Geophys Res Lett 47:e2020GL090797. https://doi.org/10.1029/2020GL090797 Steinbrügge G, Haynes MS, Schroeder DM, Scanlan KM, Stark A, Young DA, Grima C, Kempf S, Ng G, Buhl D (2021) Altimetry measurements from planetary radar sounders and application to SHARAD on Mars. IEEE Trans Geosci Remote Sens 60:1–14. https://doi.org/10.1109/TGRS.2021.3134638 Stern W (1930) Principles, methods and results of electrodynamic thickness measurement of glacier ice. Z Gletsch"
88,measurement,", Buhl D (2021) Altimetry measurements from planetary radar sounders and application to SHARAD on Mars. IEEE Trans Geosci Remote Sens 60:1–14. https://doi.org/10.1109/TGRS.2021.3134638 Stern W (1930) Principles, methods and results of electrodynamic thickness measurement of glacier ice. Z Gletscherkunde 18:24 Stillman D, Grimm R, MacGregor J (2018) Chloride Salts Prevent Direct Determination of Europa’s Icy Shell Thickness via Radar Sounding. In: 49th Lunar and Planetary Science Conference, LPI Contribution No. 2083, pp 1971"
89,frequency,"Waite AH, Schmidt SJ (1962) Gross errors in height indication from pulsed radar altimeters operating over thick ice or snow. Proc IRE 50:1515–1520. https://doi.org/10.1109/JRPROC.1962.288195. Walker ME, Rhoden AR (2022) Tidal heating at Europa using the multifrequency analysis of tidal heating toolkit. Planet Sci J 3:149. https://doi.org/10.3847/PSJ/ac6df0 Warren SG (1984) Optical constants of ice from the ultraviolet to the microwave. Appl Opt 23:1206–1225. https://doi.org/10.1029/2007JD009744 Weertman J (1974) Stability"
89,pulse,"/2041-8205/816/2/L26 Wahr J, Zuber M, Smith D, Lunine J (2006) Tides on Europa, and the thickness of Europa’s icy shell. J Geophys Res, Planets 111:E12005. https://doi.org/10.1029/2006JE002729 Waite AH, Schmidt SJ (1962) Gross errors in height indication from pulsed radar altimeters operating over thick ice or snow. Proc IRE 50:1515–1520. https://doi.org/10.1109/JRPROC.1962.288195. Walker ME, Rhoden AR (2022) Tidal heating at Europa using the multifrequency analysis of tidal heating toolkit. Planet Sci J 3:149. https://"
89,sounding,"RadarforEuropaAssessmentandSounding: OceantoNear-Surface... Page89of91 51 Trumbo SK, Brown ME, Hand KP (2019) Sodium chloride on the surface of Europa. Sci Adv 5:eaaw7123. https://doi.org/10.1126/sciadv.aaw7123 Trumbo SK, Brown ME, Hand KP (2020) Endogenic and exogenic contributions to visible-"
89,sounding,"at Subglacial Lake Whillans, West Antarctica: scientiﬁc operations and initial observations. Ann Glaciol 55:51–58. https://doi.org/10.3189/2014AoG65A009 Turchetti S, Dean K, Naylor S, Siegert M (2008) Accidents and opportunities: a history of the ra- dio echo-sounding of Antarctica, 1958–79. Br J Hist Sci 41:417–444. https://doi.org/10.1017/ S0007087408000903 Turtle EP, McEwen AS, Patterson GW et al (2024) The Europa Imaging System (EIS) investigation. Space Sci Rev 220 Ulaby F, Long D (2015) Microwave radar and radiometri"
89,sounding,"25. https://doi.org/10.1029/2007JD009744 Weertman J (1974) Stability of the junction of an ice sheet and an ice shelf. J Glaciol 13:3–11. https://doi. org/10.3189/S0022143000023327 Westlake JH, McNutt RL, Grey M et al (2023) The Plasma Instrument for Magnetic Sounding (PIMS) on the Europa Clipper Mission. Space Sci Rev 291:62. https://doi.org/10.1007/s11214-023-01002-9 Wingham DJ, Siegert MJ, Shepherd A, Muir AS (2006) Rapid discharge connects Antarctic subglacial lakes. Nature 440:1033–1036. https://doi.org/10.1038/nature"
89,plasma,"microwave. Appl Opt 23:1206–1225. https://doi.org/10.1029/2007JD009744 Weertman J (1974) Stability of the junction of an ice sheet and an ice shelf. J Glaciol 13:3–11. https://doi. org/10.3189/S0022143000023327 Westlake JH, McNutt RL, Grey M et al (2023) The Plasma Instrument for Magnetic Sounding (PIMS) on the Europa Clipper Mission. Space Sci Rev 291:62. https://doi.org/10.1007/s11214-023-01002-9 Wingham DJ, Siegert MJ, Shepherd A, Muir AS (2006) Rapid discharge connects Antarctic subglacial lakes. Nature 440:1033–103"
90,frequency,"51 Page90of91 D.D.Blankenshipetal. Zarka P, Cecconi B, Kurth WS (2004) Jupiter’s low-frequency radio spectrum from Cassini/Radio and Plasma Wave Science (RPWS) absolute ﬂux density measurements. J Geophys Res Space Phys 109:A09S151. https://doi.org/10.1029/2003JA010260 Zolotov MY , Kargel JS (2009) On the chemical composition of Europa’s icy shell, oce"
90,plasma,"51 Page90of91 D.D.Blankenshipetal. Zarka P, Cecconi B, Kurth WS (2004) Jupiter’s low-frequency radio spectrum from Cassini/Radio and Plasma Wave Science (RPWS) absolute ﬂux density measurements. J Geophys Res Space Phys 109:A09S151. https://doi.org/10.1029/2003JA010260 Zolotov MY , Kargel JS (2009) On the chemical composition of Europa’s icy shell, ocean, and underlying rocks. In: Pappalardo RT,"
90,measurement,"51 Page90of91 D.D.Blankenshipetal. Zarka P, Cecconi B, Kurth WS (2004) Jupiter’s low-frequency radio spectrum from Cassini/Radio and Plasma Wave Science (RPWS) absolute ﬂux density measurements. J Geophys Res Space Phys 109:A09S151. https://doi.org/10.1029/2003JA010260 Zolotov MY , Kargel JS (2009) On the chemical composition of Europa’s icy shell, ocean, and underlying rocks. In: Pappalardo RT, McKinnon WB, Khurana KK (eds) Europa. University of A"
91,sounding,"RadarforEuropaAssessmentandSounding: OceantoNear-Surface... Page91of91 51 4 Department of Electrical Engineering, Stanford University, Stanford, CA 94305, USA 5 Department of Geophysics, Stanford University, Stanford, CA 94305, USA 6 Geodesy & Earth Observation Division, DTU Space, Technical Un"
