Column,SpacecraftLon,SpacecraftLat,SpacecraftHgt,NadirHgt,NadirLine,NadirAreoidRad,NadirEllipsoidRad,FirstLon,FirstLat,FirstHgt,FirstLine
1,167.113769,70.085493,313243.232,-2865,2603,3380200,3378549.683,167.117362,70.103131,-2862.720,2603
2,167.111018,70.091384,313245.725,-2873,2605,3380199,3378548.352,167.030468,70.101317,-2859.130,2603
3,167.107710,70.098463,313248.721,-2880,2606,3380197,3378546.753,167.029808,70.108537,-2858.721,2602
4,167.104110,70.106163,313251.979,-2885,2607,3380196,3378545.014,167.031116,70.115462,-2870.214,2605
5,167.100532,70.113811,313255.213,-2892,2608,3380194,3378543.287,167.038632,70.124750,-2881.895,2606
6,167.096927,70.121510,313258.468,-2897,2609,3380192,3378541.549,167.037683,70.132589,-2889.183,2608
7,167.093345,70.129158,313261.700,-2901,2610,3380191,3378539.824,167.039436,70.140523,-2894.393,2609
8,167.089736,70.136857,313264.953,-2905,2611,3380190,3378538.087,167.093004,70.150289,-2902.803,2610
9,167.086149,70.144505,313268.184,-2909,2611,3380188,3378536.362,167.093441,70.158149,-2906.031,2610
10,167.082536,70.152204,313271.434,-2912,2612,3380187,3378534.627,167.101901,70.166496,-2907.762,2611
11,167.078945,70.159852,313274.662,-2914,2612,3380185,3378532.904,167.101000,70.174283,-2908.008,2611
12,167.075327,70.167551,313277.911,-2918,2613,3380184,3378531.169,167.101417,70.182194,-2909.227,2611
13,167.071707,70.175250,313281.159,-2912,2612,3380182,3378529.435,167.100493,70.190033,-2908.852,2611
14,167.068109,70.182897,313284.384,-2909,2612,3380180,3378527.714,167.093213,70.201628,-2906.576,2611
15,167.064485,70.190596,313287.629,-2905,2611,3380179,3378525.981,167.078342,70.210789,-2903.516,2611
16,167.060883,70.198243,313290.852,-2911,2612,3380178,3378524.261,166.959678,70.210091,-2897.618,2611
17,167.057254,70.205941,313294.096,-2914,2612,3380176,3378522.529,166.961077,70.213905,-2897.927,2610
18,167.053647,70.213588,313297.316,-2919,2613,3380174,3378520.810,166.969230,70.231537,-2896.865,2610
19,167.050013,70.221287,313300.558,-2920,2614,3380173,3378519.079,166.968874,70.234217,-2896.307,2610
20,167.046402,70.228934,313303.776,-2923,2614,3380171,3378517.361,166.975998,70.242444,-2896.349,2610
21,167.042764,70.236632,313307.015,-2922,2614,3380170,3378515.632,166.975026,70.250283,-2895.589,2610
22,167.039148,70.244279,313310.232,-2922,2614,3380167,3378513.915,166.968693,70.257776,-2897.018,2610
23,167.035506,70.251977,313313.469,-2921,2614,3380167,3378512.187,166.975802,70.266055,-2897.050,2610
24,167.031886,70.259624,313316.683,-2921,2614,3380165,3378510.471,166.951635,70.268421,-2897.130,2610
25,167.028239,70.267322,313319.918,-2918,2614,3380164,3378508.744,166.945263,70.275965,-2896.227,2610
26,167.024614,70.274968,313323.130,-2916,2613,3380162,3378507.029,166.937874,70.287555,-2893.340,2610
27,167.020963,70.282666,313326.363,-2915,2613,3380160,3378505.304,166.929517,70.300183,-2888.511,2609
28,167.017333,70.290312,313329.573,-2910,2612,3380159,3378503.590,166.916406,70.307306,-2883.194,2609
29,167.013677,70.298010,313332.803,-2911,2612,3380158,3378501.865,166.911362,70.314922,-2877.811,2608
30,167.010044,70.305656,313336.011,-2910,2612,3380156,3378500.153,166.910392,70.322708,-2871.274,2606
31,167.006383,70.313354,313339.240,-2907,2612,3380155,3378498.429,166.881436,70.330055,-2856.602,2605
32,167.002745,70.321000,313342.446,-2908,2612,3380153,3378496.718,166.875048,70.337544,-2840.649,2602
33,166.999080,70.328697,313345.672,-2907,2612,3380152,3378494.996,166.882152,70.345826,-2833.242,2600
34,166.995437,70.336343,313348.876,-2906,2612,3380150,3378493.285,166.881284,70.350502,-2830.207,2600
35,166.991767,70.344040,313352.100,-2905,2612,3380149,3378491.564,166.828342,70.357568,-2811.961,2598
36,166.988120,70.351686,313355.301,-2899,2611,3380147,3378489.855,166.827582,70.359135,-2811.878,2598
37,166.984742,70.358763,313358.264,-2898,2610,3380145,3378488.274,166.828740,70.364379,-2811.529,2598
38,166.981065,70.366460,313361.485,-2891,2609,3380144,3378486.554,166.834483,70.372590,-2821.206,2599
39,166.977411,70.374106,313364.684,-2889,2609,3380143,3378484.847,166.898084,70.382871,-2838.578,2600
40,166.973730,70.381803,313367.903,-2888,2609,3380140,3378483.128,166.897085,70.390709,-2843.662,2601
41,166.970072,70.389448,313371.099,-2889,2609,3380140,3378481.422,166.897466,70.398570,-2854.630,2603
42,166.966386,70.397145,313374.316,-2887,2609,3380138,3378479.705,166.891042,70.406112,-2862.193,2604
43,166.962723,70.404790,313377.510,-2887,2609,3380137,3378478.000,166.896848,70.414268,-2867.853,2605
44,166.959033,70.412487,313380.725,-2888,2609,3380135,3378476.284,166.906707,70.422696,-2872.363,2606
45,166.955365,70.420132,313383.917,-2887,2609,3380134,3378474.580,166.890801,70.429670,-2874.864,2607
46,166.951670,70.427828,313387.129,-2886,2609,3380132,3378472.865,166.866484,70.442471,-2870.903,2607
47,166.947998,70.435473,313390.319,-2882,2608,3380131,3378471.162,166.867083,70.444111,-2870.871,2606
48,166.944298,70.443169,313393.530,-2878,2607,3380129,3378469.448,166.866072,70.451949,-2873.126,2607
49,166.940596,70.450866,313396.739,-2887,2609,3380127,3378467.735,166.952521,70.465561,-2876.542,2607
50,166.936917,70.458510,313399.926,-2895,2610,3380125,3378466.034,166.952509,70.472359,-2876.308,2607
51,166.933210,70.466207,313403.133,-2900,2611,3380125,3378464.322,167.023608,70.487178,-2883.681,2609
52,166.929526,70.473851,313406.318,-2902,2612,3380123,3378462.622,167.022772,70.491854,-2885.642,2610
53,166.925815,70.481547,313409.523,-2907,2613,3380122,3378460.911,167.062714,70.501869,-2880.484,2610
54,166.922127,70.489191,313412.705,-2906,2612,3380120,3378459.212,167.076805,70.510451,-2880.735,2611
55,166.918411,70.496887,313415.908,-2905,2612,3380119,3378457.503,167.100637,70.529978,-2869.429,2611
56,166.914718,70.504531,313419.088,-2904,2612,3380117,3378455.805,167.100754,70.533665,-2867.472,2610
57,166.910997,70.512227,313422.289,-2903,2612,3380116,3378454.096,167.100189,70.545671,-2862.232,2610
58,166.907299,70.519871,313425.467,-2897,2611,3380114,3378452.400,167.100306,70.549358,-2860.215,2609
59,166.903574,70.527567,313428.666,-2897,2611,3380113,3378450.692,167.099968,70.552036,-2859.488,2609
60,166.899871,70.535211,313431.842,-2896,2611,3380111,3378448.997,167.083800,70.568356,-2855.473,2608
61,166.896141,70.542906,313435.039,-2902,2612,3380110,3378447.291,167.062003,70.570937,-2852.046,2607
62,166.892434,70.550550,313438.213,-2905,2612,3380107,3378445.597,167.080605,70.583903,-2830.731,2604
63,166.888699,70.558245,313441.407,-2907,2613,3380107,3378443.892,167.023115,70.587708,-2828.334,2602
64,166.884987,70.565889,313444.579,-2908,2613,3380105,3378442.199,167.023561,70.595564,-2809.651,2598
65,166.881248,70.573584,313447.771,-2905,2613,3380104,3378440.495,167.023982,70.603472,-2791.402,2596
66,166.877531,70.581227,313450.941,-2903,2612,3380102,3378438.803,167.007984,70.610457,-2785.558,2594
67,166.873787,70.588922,313454.131,-2900,2612,3380100,3378437.100,167.005659,70.618220,-2780.998,2593
68,166.870066,70.596565,313457.298,-2897,2611,3380099,3378435.409,166.979100,70.625682,-2780.994,2592
69,166.866317,70.604260,313460.486,-2894,2611,3380098,3378433.708,166.976337,70.632384,-2771.625,2591
70,166.862591,70.611903,313463.652,-2896,2611,3380095,3378432.018,166.976008,70.635010,-2771.155,2591
71,166.858837,70.619598,313466.838,-2886,2610,3380095,3378430.317,166.976080,70.638748,-2770.886,2591
72,166.855383,70.626673,313469.766,-2884,2609,3380093,3378428.754,166.984748,70.655804,-2765.477,2590
73,166.851650,70.634316,313472.928,-2872,2607,3380092,3378427.066,166.983993,70.657370,-2765.110,2590
74,166.847890,70.642010,313476.111,-2873,2607,3380090,3378425.368,166.984496,70.662169,-2764.407,2590
75,166.844152,70.649653,313479.271,-2856,2604,3380089,3378423.681,166.982184,70.669881,-2766.840,2591
76,166.840386,70.657347,313482.451,-2846,2602,3380087,3378421.983,166.982595,70.677790,-2774.096,2592
77,166.836644,70.664990,313485.609,-2830,2600,3380086,3378420.298,166.889738,70.687951,-2788.368,2593
78,166.832873,70.672684,313488.788,-2808,2596,3380084,3378418.601,166.874451,70.697100,-2785.297,2592
79,166.829126,70.680327,313491.944,-2798,2594,3380083,3378416.917,166.843193,70.703261,-2781.052,2591
80,166.825351,70.688021,313495.120,-2786,2592,3380080,3378415.221,166.843777,70.704952,-2780.680,2591
81,166.821599,70.695663,313498.274,-2786,2592,3380080,3378413.538,166.844274,70.709701,-2780.468,2591
82,166.817819,70.703357,313501.448,-2809,2596,3380078,3378411.844,166.819847,70.716281,-2790.353,2593
83,166.814062,70.710999,313504.599,-2822,2598,3380077,3378410.162,166.818847,70.724066,-2808.307,2596
84,166.810277,70.718693,313507.771,-2837,2601,3380075,3378408.469,166.810930,70.731533,-2827.554,2599
85,166.806515,70.726335,313510.921,-2851,2604,3380074,3378406.788,166.774088,70.737389,-2841.044,2602
86,166.802725,70.734028,313514.091,-2862,2606,3380072,3378405.096,166.773045,70.745225,-2851.600,2604
87,166.798933,70.741722,313517.259,-2867,2607,3380071,3378403.405,166.937733,70.772295,-2833.765,2604
88,166.795164,70.749363,313520.406,-2873,2608,3380069,3378401.726,166.938161,70.780152,-2826.319,2602
89,166.791367,70.757057,313523.572,-2877,2608,3380067,3378400.036,166.936946,70.780707,-2824.975,2602
90,166.787593,70.764698,313526.716,-2876,2608,3380066,3378398.357,166.937470,70.785455,-2825.934,2602
91,166.783791,70.772392,313529.881,-2874,2608,3380065,3378396.668,166.921183,70.795596,-2827.654,2602
92,166.780013,70.780033,313533.023,-2873,2608,3380063,3378394.992,166.921704,70.800343,-2827.279,2602
93,166.776206,70.787726,313536.185,-2872,2608,3380062,3378393.304,166.898581,70.807007,-2832.097,2602
94,166.772422,70.795367,313539.325,-2873,2608,3380060,3378391.628,166.889426,70.824740,-2833.812,2603
95,166.768611,70.803060,313542.485,-2870,2607,3380059,3378389.941,166.889814,70.832648,-2828.925,2602
96,166.764822,70.810701,313545.623,-2867,2607,3380057,3378388.267,166.889902,70.836335,-2827.673,2602
97,166.761006,70.818394,313548.780,-2863,2606,3380055,3378386.581,166.890291,70.844243,-2824.942,2602
98,166.757212,70.826035,313551.916,-2861,2606,3380055,3378384.908,166.665095,70.844179,-2825.134,2601
99,166.753391,70.833728,313555.072,-2857,2605,3380053,3378383.224,166.663593,70.850952,-2818.808,2599
100,166.749592,70.841368,313558.205,-2861,2606,3380052,3378381.551,166.663224,70.853579,-2818.233,2599
101,166.745766,70.849061,313561.359,-2863,2607,3380050,3378379.868,166.663524,70.861489,-2824.337,2600
102,166.741963,70.856702,313564.490,-2866,2607,3380049,3378378.197,166.662464,70.869274,-2834.469,2602
103,166.738131,70.864394,313567.642,-2870,2608,3380047,3378376.515,166.647226,70.872188,-2838.332,2603
104,166.734323,70.872034,313570.771,-2872,2608,3380046,3378374.845,167.006112,70.909464,-2781.192,2602
105,166.730487,70.879726,313573.920,-2876,2609,3380044,3378373.164,166.992287,70.912476,-2781.968,2601
106,166.726674,70.887367,313577.047,-2880,2610,3380042,3378371.495,166.991526,70.914040,-2781.638,2601
107,166.723142,70.894439,313579.941,-2883,2610,3380040,3378369.951,167.007575,70.922125,-2779.764,2602
108,166.719298,70.902131,313583.087,-2886,2611,3380040,3378368.272,166.984345,70.928801,-2793.419,2603
109,166.715478,70.909771,313586.211,-2890,2611,3380038,3378366.605,166.961126,70.935423,-2807.231,2604
110,166.711629,70.917463,313589.355,-2897,2613,3380037,3378364.927,166.624663,70.925434,-2853.598,2606
111,166.707804,70.925103,313592.477,-2898,2613,3380035,3378363.261,166.609675,70.932464,-2854.743,2606
112,166.703950,70.932794,313595.619,-2902,2614,3380034,3378361.584,166.608569,70.940299,-2857.524,2607
113,166.700120,70.940434,313598.738,-2904,2614,3380032,3378359.919,166.613057,70.948384,-2863.763,2607
114,166.696261,70.948126,313601.878,-2908,2615,3380031,3378358.244,166.569190,70.954942,-2860.947,2608
115,166.692426,70.955765,313604.995,-2909,2615,3380030,3378356.580,166.569487,70.962801,-2869.069,2609
116,166.688562,70.963457,313608.133,-2910,2615,3380028,3378354.906,166.570737,70.969725,-2871.628,2610
117,166.684722,70.971096,313611.248,-2911,2615,3380027,3378353.243,166.561691,70.978117,-2875.736,2611
118,166.680853,70.978787,313614.384,-2912,2616,3380025,3378351.570,166.561960,70.986027,-2879.961,2611
119,166.677008,70.986427,313617.497,-2912,2616,3380024,3378349.909,166.560862,70.993811,-2883.324,2612
120,166.673134,70.994118,313620.630,-2913,2616,3380022,3378348.237,166.562113,71.000735,-2886.874,2612
121,166.669258,71.001808,313623.762,-2910,2616,3380020,3378346.565,166.562084,71.014863,-2884.972,2612
122,166.665405,71.009448,313626.872,-2912,2616,3380019,3378344.906,166.562683,71.016504,-2885.994,2612
123,166.661524,71.017138,313630.002,-2911,2616,3380018,3378343.235,166.562956,71.024414,-2890.743,2613
124,166.657666,71.024777,313633.110,-2911,2616,3380015,3378341.577,166.560459,71.032122,-2899.003,2614
125,166.653779,71.032468,313636.238,-2911,2616,3380015,3378339.908,166.599901,71.042144,-2906.829,2615
126,166.649916,71.040107,313639.343,-2910,2615,3380013,3378338.251,166.608892,71.054624,-2907.123,2615
127,166.646025,71.047797,313642.469,-2908,2615,3380012,3378336.583,166.608483,71.067690,-2905.291,2615
128,166.642157,71.055436,313645.572,-2906,2615,3380010,3378334.927,166.539161,71.072836,-2892.454,2614
129,166.638260,71.063126,313648.696,-2904,2615,3380009,3378333.260,166.546437,71.081124,-2888.437,2613
130,166.634387,71.070764,313651.797,-2901,2614,3380008,3378331.605,166.545484,71.085798,-2886.436,2612
131,166.630485,71.078454,313654.919,-2899,2614,3380006,3378329.939,166.585868,71.097944,-2887.796,2612
132,166.626607,71.086093,313658.018,-2897,2614,3380005,3378328.285,166.591797,71.106103,-2883.976,2611
133,166.622700,71.093783,313661.137,-2894,2613,3380002,3378326.621,166.592509,71.115073,-2877.436,2610
134,166.618817,71.101421,313664.234,-2900,2614,3380002,3378324.968,166.593115,71.116712,-2877.015,2610
135,166.614905,71.109111,313667.351,-2900,2614,3380000,3378323.305,166.562232,71.118794,-2880.398,2611
136,166.611016,71.116749,313670.446,-2898,2614,3379999,3378321.654,166.709743,71.143843,-2881.153,2612
137,166.607099,71.124438,313673.561,-2900,2614,3379997,3378319.992,166.679386,71.143895,-2882.809,2612
138,166.603206,71.132076,313676.654,-2899,2614,3379995,3378318.341,166.685371,71.152050,-2880.404,2612
139,166.599283,71.139766,313679.766,-2896,2614,3379994,3378316.680,166.680202,71.156551,-2883.610,2612
140,166.595384,71.147403,313682.857,-2887,2612,3379993,3378315.031,166.594256,71.169169,-2885.355,2612
141,166.591457,71.155093,313685.967,-2885,2612,3379991,3378313.372,166.600330,71.174269,-2883.255,2611
142,166.587843,71.162163,313688.826,-2884,2611,3379990,3378311.846,166.594466,71.179136,-2882.206,2611
143,166.583937,71.169800,313691.914,-2886,2612,3379989,3378310.199,166.635397,71.195386,-2879.787,2612
144,166.580002,71.177489,313695.021,-2886,2612,3379987,3378308.541,166.632603,71.198974,-2877.986,2611
145,166.576090,71.185126,313698.106,-2890,2613,3379986,3378306.894,166.633216,71.200612,-2877.644,2611
146,166.572150,71.192815,313701.212,-2891,2613,3379984,3378305.238,166.632120,71.208446,-2880.947,2611
147,166.568233,71.200452,313704.295,-2894,2614,3379982,3378303.593,166.624417,71.216915,-2887.180,2613
148,166.564288,71.208141,313707.398,-2900,2615,3379981,3378301.937,166.632508,71.230429,-2887.216,2613
149,166.560366,71.215778,313710.479,-2903,2615,3379980,3378300.293,166.632136,71.233054,-2886.708,2613
150,166.556415,71.223467,313713.580,-2908,2616,3379978,3378298.639,166.632028,71.239901,-2885.402,2613
151,166.552488,71.231104,313716.658,-2917,2618,3379977,3378296.996,166.631385,71.248744,-2887.423,2613
152,166.548532,71.238792,313719.757,-2918,2618,3379975,3378295.342,166.624204,71.255217,-2895.944,2615
153,166.544600,71.246429,313722.834,-2920,2618,3379974,3378293.701,166.623558,71.264060,-2902.999,2616
154,166.540638,71.254117,313725.930,-2924,2619,3379973,3378292.049,166.614955,71.270458,-2908.737,2617
155,166.536674,71.261805,313729.026,-2926,2620,3379970,3378290.397,166.593036,71.278228,-2908.947,2617
156,166.532734,71.269442,313732.099,-2930,2620,3379970,3378288.757,166.591526,71.284948,-2910.627,2617
157,166.528765,71.277130,313735.192,-2936,2621,3379968,3378287.107,166.592257,71.293918,-2913.592,2618
158,166.524819,71.284766,313738.264,-2938,2622,3379967,3378285.468,166.602098,71.311626,-2915.929,2619
159,166.520845,71.292454,313741.355,-2945,2623,3379965,3378283.819,166.602122,71.315363,-2913.995,2618
160,166.516894,71.300090,313744.424,-2942,2622,3379964,3378282.182,166.600327,71.317913,-2913.516,2618
161,166.512914,71.307777,313747.513,-2941,2623,3379962,3378280.534,166.586017,71.324010,-2914.076,2618
162,166.508958,71.315413,313750.580,-2941,2622,3379961,3378278.898,166.586350,71.331866,-2914.394,2618
163,166.504973,71.323101,313753.667,-2941,2622,3379960,3378277.251,166.562509,71.338497,-2917.974,2619
164,166.501012,71.330737,313756.731,-2940,2622,3379958,3378275.616,166.561838,71.347339,-2917.138,2619
165,166.497021,71.338424,313759.816,-2940,2622,3379957,3378273.970,166.531413,71.361930,-2915.095,2618
166,166.493054,71.346060,313762.879,-2937,2622,3379955,3378272.336,166.537842,71.371149,-2901.258,2616
167,166.489058,71.353747,313765.961,-2934,2621,3379954,3378270.692,166.537707,71.377995,-2897.639,2615
168,166.485087,71.361382,313769.022,-2931,2621,3379952,3378269.059,166.537471,71.377511,-2897.698,2615
169,166.481085,71.369069,313772.102,-2931,2621,3379950,3378267.416,166.530494,71.388151,-2895.525,2615
170,166.477108,71.376705,313775.160,-2931,2621,3379950,3378265.784,166.530810,71.396008,-2905.737,2617
171,166.473101,71.384392,313778.238,-2931,2621,3379948,3378264.142,166.522549,71.403464,-2913.312,2618
172,166.469119,71.392027,313781.294,-2932,2621,3379947,3378262.511,166.616708,71.422491,-2897.643,2618
173,166.465107,71.399713,313784.370,-2933,2621,3379945,3378260.871,166.617035,71.430398,-2892.651,2617
174,166.461119,71.407348,313787.424,-2929,2621,3379944,3378259.241,166.616231,71.431961,-2891.679,2617
175,166.457101,71.415035,313790.498,-2920,2619,3379942,3378257.602,166.240962,71.426069,-2875.202,2616
176,166.453108,71.422670,313793.550,-2912,2618,3379941,3378255.973,166.155612,71.429254,-2825.200,2612
177,166.449409,71.429737,313796.374,-2904,2616,3379940,3378254.467,166.154658,71.436468,-2808.519,2609
178,166.445384,71.437423,313799.444,-2893,2614,3379938,3378252.829,166.227569,71.448349,-2817.232,2606
179,166.441383,71.445058,313802.493,-2880,2612,3379937,3378251.203,166.233478,71.456517,-2810.893,2604
180,166.437352,71.452744,313805.562,-2867,2610,3379935,3378249.566,166.240792,71.464814,-2810.082,2604
181,166.433345,71.460379,313808.608,-2866,2610,3379934,3378247.941,166.241578,71.463347,-2810.383,2603
182,166.429309,71.468065,313811.674,-2856,2608,3379932,3378246.305,166.468526,71.485483,-2834.675,2604
183,166.425297,71.475699,313814.719,-2864,2610,3379930,3378244.681,166.468982,71.490230,-2833.677,2604
184,166.421255,71.483385,313817.783,-2868,2610,3379930,3378243.047,166.249287,71.487411,-2823.321,2605
185,166.417238,71.491019,313820.825,-2873,2611,3379928,3378241.424,166.250927,71.495347,-2830.790,2606
186,166.413191,71.498704,313823.887,-2874,2611,3379927,3378239.790,166.263993,71.503952,-2835.761,2607
187,166.409168,71.506338,313826.927,-2872,2611,3379925,3378238.169,166.264209,71.511810,-2844.960,2608
188,166.405115,71.514024,313829.986,-2871,2611,3379924,3378236.537,166.374408,71.531850,-2857.828,2608
189,166.401087,71.521658,313833.024,-2866,2610,3379922,3378234.916,166.374500,71.542815,-2850.558,2607
190,166.397028,71.529343,313836.082,-2860,2609,3379921,3378233.285,166.373816,71.541321,-2850.897,2607
191,166.392967,71.537028,313839.138,-2858,2609,3379919,3378231.655,166.374052,71.549229,-2851.087,2607
192,166.388931,71.544662,313842.173,-2856,2608,3379917,3378230.036,166.374317,71.557086,-2853.422,2608
193,166.384864,71.552347,313845.227,-2855,2608,3379917,3378228.407,166.374555,71.564994,-2854.747,2608
194,166.380822,71.559980,313848.259,-2858,2609,3379915,3378226.790,166.397315,71.583395,-2850.184,2608
195,166.376750,71.567665,313851.311,-2860,2609,3379914,3378225.162,166.413555,71.589031,-2841.880,2606
196,166.372703,71.575298,313854.342,-2865,2610,3379912,3378223.546,166.412304,71.589532,-2843.552,2606
197,166.368625,71.582983,313857.392,-2871,2611,3379910,3378221.919,166.398169,71.596679,-2846.262,2607
198,166.364572,71.590616,313860.420,-2874,2612,3379909,3378220.304,166.281317,71.607659,-2850.852,2608
199,166.360489,71.598300,313863.467,-2878,2612,3379908,3378218.678,166.287699,71.616936,-2834.891,2605
200,166.356430,71.605933,313866.493,-2876,2612,3379907,3378217.064,166.288955,71.623806,-2817.706,2602
201,166.352341,71.613618,313869.539,-2877,2612,3379905,3378215.440,166.289531,71.625498,-2817.348,2602
202,166.348277,71.621250,313872.563,-2873,2612,3379904,3378213.827,166.288509,71.630169,-2818.295,2602
203,166.344183,71.628934,313875.606,-2867,2611,3379902,3378212.204,166.288717,71.638077,-2823.459,2603
204,166.340113,71.636567,313878.628,-2852,2608,3379901,3378210.592,166.295618,71.655643,-2827.586,2604
205,166.336013,71.644251,313881.669,-2842,2606,3379900,3378208.970,166.288612,71.663167,-2822.054,2603
206,166.331938,71.651883,313884.688,-2829,2604,3379897,3378207.360,166.288851,71.671022,-2814.610,2602
207,166.327832,71.659567,313887.727,-2822,2603,3379897,3378205.739,166.358855,71.683667,-2793.067,2598
208,166.323752,71.667199,313890.744,-2822,2603,3379895,3378204.130,166.351893,71.691140,-2777.871,2595
209,166.319640,71.674883,313893.781,-2821,2603,3379894,3378202.510,166.381068,71.700572,-2767.452,2594
210,166.315554,71.682515,313896.796,-2832,2604,3379892,3378200.902,166.381683,71.702210,-2761.173,2592
211,166.311437,71.690199,313899.831,-2839,2606,3379890,3378199.284,166.389174,71.710497,-2758.496,2592
212,166.307345,71.697831,313902.844,-2842,2606,3379890,3378197.677,166.389196,71.714183,-2765.254,2593
213,166.303554,71.704895,313905.632,-2840,2606,3379888,3378196.190,166.389782,71.721473,-2784.388,2597
214,166.299429,71.712578,313908.663,-2842,2607,3379887,3378194.573,166.388590,71.729304,-2799.808,2600
215,166.295329,71.720210,313911.673,-2845,2607,3379885,3378192.968,166.428995,71.748608,-2782.685,2598
216,166.291198,71.727893,313914.702,-2845,2607,3379884,3378191.353,166.429748,71.747189,-2782.584,2598
217,166.287092,71.735525,313917.710,-2845,2607,3379883,3378189.749,166.749295,71.780752,-2638.161,2595
218,166.282956,71.743208,313920.737,-2840,2606,3379881,3378188.135,166.689048,71.786629,-2652.540,2592
219,166.278844,71.750839,313923.742,-2834,2605,3379880,3378186.532,166.687560,71.793346,-2627.765,2588
220,166.274702,71.758522,313926.767,-2837,2606,3379877,3378184.919,166.687948,71.801249,-2615.909,2586
221,166.270584,71.766153,313929.771,-2833,2605,3379877,3378183.317,166.626187,71.806983,-2632.464,2584
222,166.266436,71.773835,313932.793,-2827,2604,3379875,3378181.705,166.623637,71.814738,-2615.318,2581
223,166.262313,71.781466,313935.794,-2814,2602,3379874,3378180.105,166.539084,71.817208,-2625.300,2577
224,166.258160,71.789149,313938.815,-2799,2599,3379873,3378178.494,166.537954,71.825037,-2604.662,2574
225,166.254003,71.796831,313941.834,-2784,2596,3379870,3378176.884,166.530993,71.832567,-2593.286,2572
226,166.249872,71.804462,313944.832,-2763,2593,3379870,3378175.285,166.531345,71.840420,-2584.711,2571
227,166.245709,71.812144,313947.849,-2743,2589,3379868,3378173.677,166.531672,71.848325,-2580.058,2570
228,166.241572,71.819774,313950.845,-2712,2584,3379867,3378172.079,166.758847,71.868698,-2446.800,2567
229,166.237404,71.827456,313953.860,-2684,2579,3379866,3378170.471,166.754885,71.876381,-2432.379,2565
230,166.233261,71.835087,313956.853,-2650,2573,3379864,3378168.875,166.570828,71.870765,-2521.569,2563
231,166.229087,71.842769,313959.866,-2613,2566,3379863,3378167.269,166.569711,71.878594,-2500.190,2560
232,166.224938,71.850399,313962.857,-2578,2560,3379861,3378165.674,166.206619,71.871725,-2565.235,2558
233,166.220758,71.858081,313965.868,-2569,2559,3379860,3378164.068,166.157175,71.876998,-2531.668,2552
234,166.216604,71.865711,313968.857,-2549,2555,3379859,3378162.474,166.155915,71.884773,-2479.678,2543
235,166.212418,71.873392,313971.865,-2535,2553,3379857,3378160.870,166.155869,71.888509,-2460.232,2539
236,166.208258,71.881022,313974.852,-2518,2550,3379856,3378159.278,166.131650,71.896106,-2450.680,2538
237,166.204066,71.888703,313977.858,-2515,2549,3379854,3378157.675,166.132223,71.897797,-2450.239,2538
238,166.199900,71.896333,313980.843,-2494,2545,3379853,3378156.083,166.124687,71.904202,-2456.726,2539
239,166.195703,71.904014,313983.847,-2474,2542,3379852,3378154.482,166.202209,71.926603,-2450.991,2538
240,166.191531,71.911643,313986.830,-2459,2539,3379850,3378152.891,166.202432,71.934457,-2419.822,2532
241,166.187328,71.919324,313989.832,-2438,2536,3379849,3378151.291,166.183583,71.941358,-2403.052,2530
242,166.183150,71.926954,313992.812,-2393,2527,3379847,3378149.702,166.179177,71.944811,-2394.556,2528
243,166.178941,71.934635,313995.812,-2435,2535,3379845,3378148.102,166.179758,71.946502,-2409.182,2530
244,166.174757,71.942264,313998.790,-2471,2542,3379845,3378146.514,166.178507,71.954282,-2448.252,2537
245,166.170542,71.949944,314001.787,-2495,2546,3379843,3378144.916,166.171361,71.961804,-2479.800,2543
246,166.166353,71.957573,314004.764,-2510,2549,3379842,3378143.330,166.078536,71.974085,-2476.113,2543
247,166.162132,71.965254,314007.759,-2513,2549,3379840,3378141.733,166.083297,71.979119,-2473.234,2542
248,166.157936,71.972883,314010.733,-2504,2548,3379839,3378140.147,166.110113,71.992547,-2467.145,2541
249,166.154050,71.979944,314013.485,-2487,2545,3379837,3378138.680,166.163513,72.002629,-2447.431,2538
250,166.149821,71.987624,314016.477,-2462,2540,3379836,3378137.085,166.272527,72.016232,-2418.231,2534
251,166.145617,71.995253,314019.447,-2442,2537,3379835,3378135.501,166.261013,72.023472,-2406.485,2532
252,166.141381,72.002933,314022.437,-2425,2534,3379833,3378133.907,166.241858,72.026210,-2392.362,2529
253,166.137171,72.010561,314025.406,-2405,2530,3379832,3378132.324,166.187440,72.034319,-2325.081,2516
254,166.132930,72.018241,314028.393,-2387,2527,3379830,3378130.732,166.193954,72.043594,-2297.026,2512
255,166.128714,72.025869,314031.360,-2382,2526,3379829,3378129.150,166.194762,72.042125,-2297.242,2511
256,166.124467,72.033549,314034.345,-2375,2525,3379828,3378127.559,166.187169,72.048584,-2305.460,2513
257,166.120245,72.041177,314037.309,-2382,2526,3379827,3378125.979,166.179830,72.059160,-2311.404,2514
258,166.115992,72.048857,314040.293,-2388,2527,3379825,3378124.388,166.178746,72.063882,-2319.738,2515
259,166.111764,72.056484,314043.255,-2403,2530,3379824,3378122.809,166.177494,72.071660,-2345.485,2520
260,166.107504,72.064164,314046.236,-2410,2531,3379822,3378121.220,166.177690,72.079568,-2375.850,2525
261,166.103242,72.071843,314049.216,-2423,2534,3379821,3378119.632,166.069085,72.082793,-2393.383,2528
262,166.099005,72.079471,314052.174,-2429,2535,3379820,3378118.054,166.006602,72.096685,-2384.312,2528
263,166.094737,72.087150,314055.152,-2431,2535,3379817,3378116.467,166.007174,72.098376,-2383.963,2527
264,166.090494,72.094777,314058.109,-2433,2536,3379817,3378114.891,166.007133,72.102062,-2387.846,2528
265,166.086220,72.102456,314061.084,-2439,2537,3379815,3378113.305,166.007258,72.109970,-2401.602,2530
266,166.081971,72.110083,314064.039,-2442,2537,3379814,3378111.730,165.945342,72.114520,-2398.163,2531
267,166.077691,72.117762,314067.012,-2450,2539,3379813,3378110.145,166.053809,72.129222,-2440.130,2537
268,166.073436,72.125389,314069.964,-2454,2539,3379810,3378108.571,166.078512,72.147725,-2434.182,2536
269,166.069149,72.133067,314072.935,-2440,2537,3379810,3378106.988,166.078459,72.151462,-2427.679,2535
270,166.064888,72.140694,314075.885,-2510,2549,3379808,3378105.415,166.077587,72.153023,-2427.279,2534
271,166.060596,72.148373,314078.854,-2548,2556,3379807,3378103.833,166.077746,72.160931,-2463.728,2541
272,166.056329,72.155999,314081.802,-2570,2560,3379805,3378102.261,165.790187,72.163856,-2453.748,2546
273,166.052030,72.163677,314084.769,-2573,2561,3379804,3378100.680,165.790224,72.171763,-2439.298,2543
274,166.047757,72.171304,314087.714,-2575,2561,3379803,3378099.110,165.788809,72.179538,-2421.265,2540
275,166.043452,72.178982,314090.679,-2585,2563,3379802,3378097.530,165.788847,72.187444,-2400.638,2537
276,166.039173,72.186608,314093.622,-2591,2564,3379800,3378095.961,165.913570,72.201980,-2381.927,2528
277,166.034862,72.194286,314096.585,-2569,2560,3379799,3378094.382,165.913485,72.205716,-2366.660,2525
278,166.030577,72.201912,314099.526,-2545,2556,3379797,3378092.815,165.811294,72.212259,-2330.237,2522
279,166.026260,72.209590,314102.486,-2479,2544,3379796,3378091.237,165.806887,72.219925,-2294.329,2516
280,166.021968,72.217216,314105.425,-2426,2535,3379795,3378089.670,165.805478,72.227699,-2261.866,2510
281,166.017645,72.224893,314108.383,-2334,2518,3379792,3378088.094,165.946831,72.243137,-2237.031,2502
282,166.013348,72.232519,314111.320,-2248,2503,3379792,3378086.529,165.945481,72.250910,-2172.437,2490
283,166.009018,72.240196,314114.276,-2191,2493,3379790,3378084.954,166.046893,72.264141,-2107.213,2479
284,166.004715,72.247822,314117.210,-2149,2486,3379789,3378083.389,165.653547,72.249949,-1997.533,2471
285,166.000728,72.254881,314119.926,-2148,2486,3379788,3378081.942,165.659844,72.257562,-1960.228,2463
286,165.996390,72.262558,314122.878,-2153,2486,3379785,3378080.369,165.648325,72.265883,-1932.145,2459
287,165.992077,72.270183,314125.810,-2155,2487,3379785,3378078.806,165.374543,72.258644,-1757.294,2454
288,165.987732,72.277860,314128.760,-2154,2487,3379784,3378077.234,165.371433,72.266383,-1692.596,2443
289,165.983413,72.285485,314131.690,-2155,2487,3379782,3378075.673,165.939237,72.305069,-1859.878,2435
290,165.979062,72.293162,314134.638,-2136,2484,3379781,3378074.102,165.936825,72.306600,-1809.698,2425
291,165.974737,72.300787,314137.565,-2107,2478,3379780,3378072.542,165.867358,72.315976,-1857.182,2435
292,165.970380,72.308463,314140.511,-2062,2470,3379778,3378070.972,165.945160,72.327983,-1761.061,2417
293,165.966049,72.316088,314143.436,-2016,2462,3379777,3378069.413,165.945304,72.335836,-1745.924,2414
294,165.961685,72.323764,314146.379,-1953,2451,3379775,3378067.845,165.944807,72.338510,-1745.122,2414
295,165.957348,72.331389,314149.302,-1856,2434,3379774,3378066.287,165.937007,72.352184,-1704.665,2407
296,165.952978,72.339065,314152.244,-1783,2421,3379772,3378064.720,165.944608,72.360479,-1644.028,2396
297,165.948634,72.346690,314155.164,-1642,2396,3379770,3378063.163,165.944333,72.367270,-1626.976,2393
298,165.944258,72.354366,314158.103,-1626,2393,3379770,3378061.597,165.835484,72.370468,-1606.324,2391
299,165.939879,72.362041,314161.042,-1624,2393,3379769,3378060.032,166.001987,72.387117,-1531.848,2377
300,165.935525,72.369666,314163.959,-1605,2389,3379767,3378058.477,166.000659,72.394891,-1499.082,2371
301,165.931140,72.377341,314166.895,-1593,2387,3379765,3378056.913,166.000597,72.398626,-1494.721,2370
302,165.926780,72.384965,314169.810,-1661,2399,3379764,3378055.359,165.999710,72.400186,-1494.403,2370
303,165.922388,72.392641,314172.744,-1679,2403,3379763,3378053.796,166.014874,72.408874,-1527.447,2376
304,165.918023,72.400265,314175.656,-1796,2424,3379762,3378052.244,166.015055,72.416730,-1572.960,2385
305,165.913624,72.407940,314178.588,-1951,2451,3379760,3378050.682,166.046779,72.426278,-1707.030,2409
306,165.909252,72.415563,314181.499,-2135,2484,3379759,3378049.131,166.006794,72.433097,-1844.245,2433
307,165.904847,72.423239,314184.428,-2320,2517,3379758,3378047.571,166.054667,72.442441,-1986.814,2460
308,165.900469,72.430862,314187.337,-2392,2530,3379756,3378046.021,166.115101,72.453395,-2028.724,2470
309,165.896058,72.438537,314190.264,-2517,2552,3379755,3378044.461,166.132311,72.463210,-2053.732,2475
310,165.891673,72.446160,314193.170,-2624,2571,3379754,3378042.913,166.132110,72.470002,-2072.254,2479
311,165.887255,72.453835,314196.095,-2747,2593,3379752,3378041.354,166.132318,72.477907,-2098.617,2484
312,165.882864,72.461458,314198.999,-2866,2614,3379750,3378039.807,166.123542,72.492574,-2108.311,2486
313,165.878440,72.469133,314201.922,-2995,2637,3379749,3378038.250,166.124144,72.494262,-2107.969,2486
314,165.874043,72.476755,314204.824,-3089,2654,3379748,3378036.704,166.194931,72.504664,-2104.529,2489
315,165.869612,72.484430,314207.744,-3190,2672,3379747,3378035.148,166.195169,72.512568,-2121.462,2493
316,165.865208,72.492053,314210.644,-3301,2692,3379745,3378033.603,166.193924,72.520347,-2190.688,2505
317,165.860771,72.499727,314213.562,-3375,2705,3379744,3378032.049,166.194162,72.528256,-2301.689,2525
318,165.856361,72.507349,314216.460,-3463,2721,3379743,3378030.505,166.507969,72.551700,-2180.349,2536
319,165.851918,72.515023,314219.376,-3522,2731,3379741,3378028.951,166.508348,72.559600,-2175.753,2536
320,165.847501,72.522646,314222.271,-3587,2743,3379740,3378027.409,166.523929,72.568191,-2198.218,2542
321,165.843051,72.530319,314225.185,-3663,2756,3379739,3378025.857,166.585163,72.589423,-2126.801,2540
322,165.838957,72.537375,314227.863,-3717,2766,3379737,3378024.430,166.601114,72.597434,-2038.519,2528
323,165.834530,72.544997,314230.755,-3766,2775,3379736,3378022.889,166.593961,72.604912,-2005.212,2521
324,165.830071,72.552671,314233.666,-3802,2781,3379735,3378021.339,166.594030,72.608643,-2000.660,2521
325,165.825638,72.560293,314236.556,-3846,2789,3379732,3378019.799,166.593189,72.610202,-2000.346,2520
326,165.821172,72.567966,314239.464,-3871,2793,3379732,3378018.250,166.646886,72.620663,-1966.239,2524
327,165.816733,72.575588,314242.352,-3904,2799,3379731,3378016.712,166.647359,72.628511,-1991.659,2529
328,165.812260,72.583261,314245.258,-3935,2805,3379729,3378015.164,166.655898,72.637837,-2016.850,2536
329,165.807815,72.590882,314248.143,-3977,2812,3379728,3378013.627,166.702975,72.653092,-1956.049,2535
330,165.803336,72.598555,314251.047,-4015,2819,3379725,3378012.080,166.702496,72.658869,-1952.554,2534
331,165.798883,72.606177,314253.931,-4035,2823,3379725,3378010.544,166.725713,72.674016,-1911.111,2533
332,165.794398,72.613849,314256.832,-4065,2828,3379724,3378008.999,166.707864,72.681043,-1888.983,2526
333,165.789909,72.621522,314259.733,-4079,2831,3379722,3378007.454,166.694206,72.684119,-1868.083,2520
334,165.785446,72.629143,314262.613,-4101,2835,3379720,3378005.920,166.694707,72.691964,-1842.442,2517
335,165.780951,72.636815,314265.511,-4099,2834,3379720,3378004.376,166.695373,72.693646,-1842.104,2517
336,165.776482,72.644436,314268.389,-4083,2831,3379718,3378002.843,166.703523,72.701855,-1837.791,2518
337,165.771980,72.652109,314271.285,-4039,2823,3379717,3378001.300,166.740947,72.721871,-1801.780,2521
338,165.767505,72.659729,314274.161,-3963,2810,3379716,3377999.769,166.742698,72.722513,-1791.917,2520
339,165.762996,72.667401,314277.055,-3854,2791,3379714,3377998.227,166.741751,72.727231,-1813.639,2524
340,165.758514,72.675022,314279.929,-3758,2774,3379712,3377996.697,166.780514,72.739986,-1817.242,2533
341,165.753998,72.682694,314282.820,-3635,2752,3379712,3377995.157,166.805421,72.755246,-1787.166,2535
342,165.749510,72.690314,314285.691,-3557,2738,3379710,3377993.628,166.804442,72.763017,-1744.746,2528
343,165.744987,72.697986,314288.581,-3491,2726,3379709,3377992.089,166.811115,72.771197,-1698.444,2522
344,165.740492,72.705606,314291.450,-3408,2712,3379708,3377990.561,166.812237,72.776991,-1652.453,2515
345,165.735963,72.713278,314294.337,-3349,2701,3379705,3377989.023,166.811383,72.778601,-1652.364,2515
346,165.731461,72.720897,314297.204,-3296,2692,3379705,3377987.497,166.812994,72.785457,-1647.395,2515
347,165.726926,72.728569,314300.089,-3253,2684,3379704,3377985.960,166.839958,72.804950,-1629.104,2520
348,165.722417,72.736189,314302.954,-3217,2678,3379702,3377984.435,166.827799,72.808055,-1617.219,2515
349,165.717875,72.743860,314305.837,-3188,2673,3379700,3377982.899,166.844166,72.820830,-1568.538,2512
350,165.713360,72.751479,314308.699,-3159,2668,3379700,3377981.375,166.844746,72.828672,-1534.042,2507
351,165.708810,72.759150,314311.580,-3129,2662,3379698,3377979.841,166.842216,72.836424,-1516.898,2504
352,165.704288,72.766770,314314.440,-3108,2658,3379697,3377978.318,166.820785,72.839102,-1532.564,2502
353,165.699732,72.774440,314317.319,-3088,2655,3379695,3377976.785,166.819930,72.840711,-1532.244,2502
354,165.695204,72.782059,314320.177,-3066,2651,3379694,3377975.263,166.828216,72.848913,-1529.011,2504
355,165.690641,72.789730,314323.053,-3045,2647,3379692,3377973.732,166.828764,72.856809,-1548.640,2509
356,165.686106,72.797349,314325.909,-3027,2644,3379691,3377972.211,166.833974,72.864870,-1590.236,2518
357,165.681536,72.805019,314328.783,-3026,2644,3379690,3377970.681,166.843797,72.873196,-1635.915,2530
358,165.676994,72.812638,314331.636,-3004,2640,3379689,3377969.161,166.819652,72.879903,-1714.383,2539
359,165.672786,72.819691,314334.277,-2991,2638,3379688,3377967.755,166.820530,72.887181,-1743.203,2545
360,165.668207,72.827361,314337.147,-2975,2635,3379685,3377966.227,166.819532,72.895007,-1774.249,2552
361,165.663654,72.834979,314339.998,-2958,2632,3379685,3377964.709,166.796750,72.907996,-1804.938,2554
362,165.659068,72.842649,314342.866,-2942,2629,3379684,3377963.182,166.797290,72.915890,-1784.638,2551
363,165.654509,72.850267,314345.714,-2931,2627,3379682,3377961.665,166.796310,72.923661,-1753.497,2546
364,165.649916,72.857937,314348.581,-2921,2626,3379680,3377960.139,166.795303,72.931483,-1724.012,2542
365,165.645350,72.865555,314351.427,-2909,2624,3379680,3377958.624,166.789670,72.939039,-1694.182,2536
366,165.640750,72.873225,314354.291,-2894,2621,3379678,3377957.099,166.788660,72.946863,-1687.166,2536
367,165.636146,72.880894,314357.154,-2878,2618,3379677,3377955.575,166.789201,72.954756,-1654.403,2531
368,165.631570,72.888512,314359.996,-2865,2616,3379676,3377954.061,166.782007,72.962240,-1615.321,2523
369,165.626960,72.896181,314362.857,-2852,2614,3379674,3377952.538,166.773227,72.969704,-1593.111,2518
370,165.622377,72.903799,314365.698,-2839,2611,3379673,3377951.026,166.773945,72.971333,-1592.789,2519
371,165.617759,72.911468,314368.556,-2832,2610,3379672,3377949.504,166.795180,72.981219,-1600.567,2526
372,165.613169,72.919085,314371.394,-2820,2608,3379670,3377947.993,166.757708,72.995610,-1669.124,2532
373,165.608545,72.926754,314374.251,-2813,2607,3379669,3377946.473,166.758477,72.994183,-1669.406,2532
374,165.603948,72.934371,314377.087,-2807,2606,3379667,3377944.963,166.891185,73.017394,-1478.022,2531
375,165.599317,72.942040,314379.941,-2802,2605,3379665,3377943.444,166.912043,73.026203,-1417.484,2527
376,165.594713,72.949657,314382.774,-2797,2604,3379665,3377941.935,166.912828,73.024722,-1417.776,2527
377,165.590075,72.957325,314385.626,-2790,2603,3379664,3377940.417,166.911873,73.032547,-1441.699,2532
378,165.585464,72.964942,314388.458,-2783,2602,3379662,3377938.910,166.827020,73.046880,-1547.808,2532
379,165.580819,72.972611,314391.307,-2772,2600,3379660,3377937.393,166.828781,73.047570,-1539.806,2531
380,165.576201,72.980227,314394.137,-2764,2598,3379660,3377935.887,166.827883,73.052235,-1551.220,2534
381,165.571549,72.987895,314396.984,-2758,2597,3379658,3377934.371,166.820645,73.059776,-1593.869,2540
382,165.566924,72.995512,314399.811,-2753,2596,3379657,3377932.866,166.818115,73.067478,-1611.486,2544
383,165.562264,73.003180,314402.657,-2755,2597,3379656,3377931.352,166.820180,73.078550,-1605.974,2545
384,165.557633,73.010796,314405.481,-2751,2596,3379654,3377929.848,166.819278,73.083214,-1608.657,2546
385,165.552966,73.018463,314408.324,-2747,2595,3379653,3377928.335,166.804499,73.100778,-1602.205,2544
386,165.548328,73.026079,314411.147,-2745,2595,3379652,3377926.833,166.804728,73.101346,-1595.627,2542
387,165.543654,73.033747,314413.988,-2744,2595,3379650,3377925.321,166.805293,73.109240,-1589.609,2542
388,165.539008,73.041363,314416.808,-2742,2595,3379649,3377923.820,166.741587,73.117263,-1667.701,2543
389,165.534328,73.049030,314419.647,-2741,2594,3379647,3377922.309,166.742282,73.118943,-1667.371,2543
390,165.529675,73.056646,314422.465,-2740,2594,3379645,3377920.809,166.742848,73.126786,-1667.365,2544
391,165.524987,73.064313,314425.301,-2742,2595,3379645,3377919.299,166.702625,73.132815,-1710.783,2544
392,165.520327,73.071928,314428.117,-2738,2594,3379644,3377917.801,166.701607,73.140587,-1724.592,2547
393,165.515632,73.079595,314430.951,-2736,2594,3379642,3377916.292,166.757326,73.161372,-1640.186,2547
394,165.510965,73.087210,314433.765,-2733,2593,3379640,3377914.795,166.756332,73.169141,-1603.464,2541
395,165.506263,73.094877,314436.597,-2725,2592,3379640,3377913.288,166.750595,73.176748,-1585.975,2538
396,165.501936,73.101926,314439.200,-2722,2591,3379639,3377911.903,166.779785,73.185305,-1498.767,2531
397,165.497259,73.109541,314442.010,-2716,2590,3379637,3377910.407,166.780375,73.193143,-1417.967,2517
398,165.492546,73.117207,314444.839,-2718,2591,3379636,3377908.902,166.779505,73.194749,-1387.386,2512
399,165.487862,73.124822,314447.647,-2718,2591,3379635,3377907.407,166.779665,73.198425,-1394.268,2513
400,165.483142,73.132488,314450.474,-2718,2591,3379633,3377905.903,166.773930,73.206034,-1406.913,2515
401,165.478450,73.140103,314453.280,-2719,2591,3379632,3377904.410,166.749317,73.212737,-1482.138,2524
402,165.473723,73.147769,314456.104,-2717,2591,3379631,3377902.907,166.740414,73.220204,-1523.347,2530
403,165.468992,73.155435,314458.927,-2716,2590,3379629,3377901.405,166.622667,73.225810,-1664.120,2530
404,165.464290,73.163049,314461.730,-2712,2590,3379627,3377899.914,166.591949,73.239476,-1671.919,2526
405,165.459552,73.170715,314464.550,-2708,2589,3379627,3377898.413,166.592042,73.243204,-1659.992,2525
406,165.454842,73.178329,314467.351,-2707,2589,3379625,3377896.922,166.586449,73.244542,-1670.132,2525
407,165.450097,73.185994,314470.170,-2707,2589,3379624,3377895.423,166.569571,73.251640,-1737.815,2535
408,165.445380,73.193608,314472.968,-2707,2589,3379623,3377893.934,166.554287,73.258756,-1754.828,2535
409,165.440627,73.201273,314475.784,-2706,2589,3379622,3377892.435,166.554755,73.266651,-1755.223,2537
410,165.435903,73.208887,314478.580,-2704,2588,3379620,3377890.948,166.553672,73.274426,-1830.443,2550
411,165.431143,73.216552,314481.394,-2706,2589,3379619,3377889.450,166.435722,73.287209,-2003.889,2560
412,165.426412,73.224165,314484.188,-2704,2589,3379618,3377887.964,166.434585,73.294978,-1977.644,2556
413,165.421644,73.231830,314487.000,-2706,2589,3379616,3377886.468,166.428673,73.302577,-1951.033,2551
414,165.416906,73.239443,314489.792,-2705,2589,3379615,3377884.983,166.421203,73.310051,-1935.447,2548
415,165.412131,73.247108,314492.602,-2706,2589,3379614,3377883.488,166.399448,73.316909,-1891.781,2537
416,165.407385,73.254721,314495.391,-2707,2589,3379612,3377882.004,166.396711,73.324600,-1788.503,2519
417,165.402603,73.262386,314498.198,-2709,2590,3379611,3377880.510,166.397113,73.332490,-1678.954,2500
418,165.397849,73.269998,314500.986,-2711,2590,3379610,3377879.027,166.383277,73.339665,-1623.762,2489
419,165.393060,73.277663,314503.791,-2713,2590,3379607,3377877.535,166.374158,73.347114,-1592.650,2483
420,165.388299,73.285275,314506.576,-2714,2591,3379607,3377876.054,166.366648,73.354586,-1560.800,2476
421,165.383503,73.292939,314509.379,-2716,2591,3379606,3377874.563,166.365451,73.362407,-1546.751,2474
422,165.378734,73.300552,314512.162,-2714,2591,3379605,3377873.082,166.367117,73.366158,-1541.891,2474
423,165.373930,73.308215,314514.962,-2716,2591,3379603,3377871.592,166.289540,73.373512,-1604.933,2473
424,165.369155,73.315828,314517.743,-2717,2591,3379602,3377870.113,166.288338,73.381281,-1584.028,2470
425,165.364343,73.323491,314520.541,-2718,2592,3379600,3377868.625,166.288046,73.380843,-1581.580,2469
426,165.359560,73.331103,314523.320,-2725,2593,3379599,3377867.147,166.281597,73.387328,-1585.392,2469
427,165.354741,73.338767,314526.116,-2728,2593,3379598,3377865.659,166.272421,73.405154,-1531.276,2460
428,165.349950,73.346379,314528.892,-2733,2594,3379597,3377864.183,166.273271,73.403678,-1531.562,2460
429,165.345124,73.354042,314531.686,-2739,2595,3379595,3377862.697,166.257709,73.410826,-1559.246,2463
430,165.340326,73.361653,314534.460,-2743,2596,3379594,3377861.221,166.257607,73.417612,-1583.268,2468
431,165.335492,73.369316,314537.252,-2749,2597,3379593,3377859.736,166.146138,73.426445,-1617.212,2458
432,165.330686,73.376928,314540.023,-2756,2599,3379592,3377858.262,166.146821,73.428077,-1616.314,2458
433,165.325845,73.384590,314542.813,-2762,2600,3379590,3377856.779,166.070081,73.441644,-1664.428,2457
434,165.321389,73.391636,314545.376,-2777,2602,3379589,3377855.415,166.021760,73.447609,-1635.693,2446
435,165.316573,73.399247,314548.145,-2789,2605,3379587,3377853.943,166.021767,73.451288,-1622.101,2444
436,165.311720,73.406910,314550.931,-2814,2609,3379587,3377852.461,166.022409,73.452972,-1621.776,2444
437,165.306864,73.414572,314553.716,-2831,2612,3379585,3377850.980,166.008295,73.460181,-1657.052,2449
438,165.302036,73.422183,314556.481,-2845,2615,3379584,3377849.509,166.006965,73.467953,-1702.888,2457
439,165.297172,73.429845,314559.264,-2873,2620,3379583,3377848.029,165.905993,73.480307,-1707.841,2448
440,165.292337,73.437455,314562.027,-2898,2624,3379580,3377846.560,165.906213,73.488151,-1644.997,2437
441,165.287465,73.445117,314564.808,-2955,2634,3379580,3377845.081,165.914393,73.496435,-1609.136,2432
442,165.282622,73.452728,314567.568,-3022,2646,3379579,3377843.613,165.913460,73.497991,-1610.503,2432
443,165.277743,73.460389,314570.347,-3111,2662,3379577,3377842.136,165.920510,73.507261,-1600.853,2432
444,165.272892,73.468000,314573.105,-3110,2662,3379575,3377840.669,165.824312,73.516656,-1666.003,2434
445,165.268005,73.475661,314575.881,-3117,2663,3379575,3377839.193,165.819902,73.521212,-1632.705,2428
446,165.263147,73.483271,314578.637,-3037,2649,3379574,3377837.727,165.818959,73.522768,-1632.406,2428
447,165.258253,73.490932,314581.411,-2947,2633,3379572,3377836.252,165.820257,73.529685,-1644.611,2430
448,165.253387,73.498542,314584.165,-2840,2614,3379571,3377834.788,165.733684,73.543677,-1696.191,2433
449,165.248484,73.506203,314586.937,-2738,2596,3379570,3377833.314,165.687410,73.542011,-1693.177,2428
450,165.243611,73.513813,314589.689,-2622,2575,3379567,3377831.851,165.556096,73.550604,-1727.212,2426
451,165.238701,73.521474,314592.458,-2498,2553,3379567,3377830.378,165.538505,73.557622,-1717.382,2423
452,165.233820,73.529083,314595.207,-2344,2526,3379566,3377828.916,165.490782,73.559951,-1714.669,2420
453,165.228902,73.536744,314597.974,-2168,2495,3379565,3377827.445,165.491376,73.561640,-1714.345,2420
454,165.224013,73.544353,314600.722,-2013,2467,3379563,3377825.985,165.320511,73.566022,-1657.371,2405
455,165.219087,73.552013,314603.487,-1892,2446,3379562,3377824.515,165.311245,73.574493,-1618.547,2398
456,165.214191,73.559622,314606.232,-1899,2447,3379560,3377823.055,165.311854,73.576131,-1618.233,2398
457,165.209257,73.567282,314608.994,-1896,2446,3379560,3377821.586,165.311774,73.584039,-1745.119,2420
458,165.204353,73.574891,314611.737,-1888,2445,3379558,3377820.128,165.163498,73.590511,-1730.947,2417
459,165.199412,73.582551,314614.498,-1886,2445,3379557,3377818.661,165.071571,73.596760,-1644.750,2403
460,165.194500,73.590160,314617.238,-1905,2448,3379555,3377817.204,165.070143,73.597252,-1611.656,2397
461,165.189551,73.597819,314619.996,-1914,2450,3379554,3377815.738,165.070324,73.602049,-1618.404,2398
462,165.184631,73.605428,314622.735,-1930,2452,3379553,3377814.282,165.070167,73.609902,-1647.569,2403
463,165.179674,73.613087,314625.491,-1973,2460,3379552,3377812.817,164.919939,73.620343,-1621.039,2403
464,165.174746,73.620695,314628.227,-2001,2465,3379551,3377811.362,164.920512,73.621985,-1617.659,2402
465,165.169782,73.628355,314630.980,-2033,2471,3379549,3377809.899,164.920249,73.625721,-1645.478,2407
466,165.164846,73.635962,314633.714,-2081,2480,3379548,3377808.445,164.786759,73.626490,-1648.981,2415
467,165.159873,73.643622,314636.466,-2123,2487,3379547,3377806.983,164.743090,73.632074,-1688.198,2424
468,165.154930,73.651229,314639.197,-2169,2495,3379545,3377805.531,164.742783,73.639928,-1733.115,2432
469,165.149949,73.658888,314641.947,-2198,2500,3379544,3377804.070,164.742442,73.647835,-1789.656,2442
470,165.144998,73.666496,314644.676,-2204,2502,3379542,3377802.619,164.623157,73.653446,-1757.118,2445
471,165.140411,73.673537,314647.202,-2209,2502,3379542,3377801.277,164.616821,73.656219,-1768.589,2448
472,165.135419,73.681196,314649.947,-2206,2502,3379540,3377799.817,164.614813,73.664038,-1822.965,2457
473,165.130423,73.688855,314652.692,-2190,2499,3379539,3377798.358,164.625672,73.672556,-1900.725,2470
474,165.125456,73.696462,314655.417,-2180,2498,3379538,3377796.910,164.795965,73.693734,-1996.374,2474
475,165.120452,73.704120,314658.160,-2169,2495,3379537,3377795.453,164.795651,73.701638,-2010.736,2476
476,165.115477,73.711727,314660.883,-2166,2495,3379535,3377794.005,165.358851,73.737585,-2031.102,2476
477,165.110465,73.719385,314663.623,-2172,2496,3379534,3377792.549,165.352329,73.745159,-2032.997,2477
478,165.105482,73.726991,314666.343,-2172,2496,3379533,3377791.103,164.998721,73.732839,-2069.870,2479
479,165.100462,73.734649,314669.081,-2171,2496,3379532,3377789.648,164.998505,73.740743,-2115.503,2487
480,165.095471,73.742255,314671.800,-2166,2495,3379530,3377788.204,165.187864,73.766687,-2131.846,2490
481,165.090443,73.749913,314674.535,-2168,2496,3379529,3377786.750,165.186543,73.775567,-2105.363,2486
482,165.085444,73.757519,314677.252,-2154,2493,3379528,3377785.306,165.155635,73.781842,-2076.573,2480
483,165.080408,73.765177,314679.985,-2137,2490,3379527,3377783.854,165.155783,73.782469,-2066.188,2478
484,165.075401,73.772783,314682.699,-2153,2493,3379525,3377782.412,165.156033,73.787213,-2066.289,2478
485,165.070357,73.780440,314685.430,-2142,2491,3379524,3377780.961,165.155895,73.795114,-2075.460,2480
486,165.065342,73.788045,314688.142,-2143,2491,3379522,3377779.520,165.110328,73.800641,-2108.346,2485
487,165.060289,73.795702,314690.871,-2146,2492,3379520,3377778.070,165.092724,73.808689,-2108.757,2485
488,165.055267,73.803308,314693.580,-2169,2496,3379520,3377776.630,165.061349,73.818061,-2163.318,2495
489,165.050206,73.810965,314696.307,-2218,2505,3379519,3377775.181,165.118016,73.824712,-2186.193,2499
490,165.045175,73.818570,314699.014,-2263,2513,3379518,3377773.743,165.117896,73.832563,-2208.277,2503
491,165.040106,73.826226,314701.739,-2305,2520,3379515,3377772.295,164.984353,73.833610,-2237.513,2508
492,165.035067,73.833831,314704.444,-2351,2529,3379515,3377770.858,164.961397,73.840283,-2268.519,2514
493,165.029990,73.841488,314707.166,-2395,2536,3379514,3377769.412,164.961170,73.848187,-2332.627,2525
494,165.024943,73.849092,314709.869,-2438,2544,3379513,3377767.976,164.936969,73.855838,-2374.849,2533
495,165.019857,73.856749,314712.588,-2465,2549,3379511,3377766.531,164.812590,73.856224,-2394.510,2539
496,165.014802,73.864353,314715.289,-2481,2551,3379510,3377765.096,164.857923,73.866462,-2433.979,2545
497,165.009708,73.872009,314718.007,-2496,2554,3379509,3377763.653,165.030960,73.892706,-2453.832,2547
498,165.004645,73.879613,314720.705,-2491,2554,3379508,3377762.219,165.031558,73.894345,-2453.524,2547
499,164.999543,73.887269,314723.420,-2479,2551,3379506,3377760.777,165.024079,73.908122,-2451.364,2547
500,164.994471,73.894873,314726.116,-2459,2548,3379505,3377759.345,165.031254,73.914264,-2448.908,2546
501,164.989361,73.902528,314728.829,-2494,2554,3379504,3377757.903,165.031399,73.914891,-2448.790,2546
502,164.984281,73.910132,314731.523,-2523,2559,3379502,3377756.472,164.881715,73.925456,-2487.204,2554
503,164.979162,73.917788,314734.234,-2567,2567,3379500,3377755.032,164.881035,73.923958,-2488.686,2554
504,164.974074,73.925391,314736.926,-2582,2570,3379500,3377753.603,164.880810,73.931808,-2491.610,2554
505,164.968947,73.933046,314739.634,-2592,2572,3379499,3377752.164,164.922679,73.940848,-2517.312,2558
506,164.963851,73.940650,314742.324,-2572,2568,3379498,3377750.736,164.936441,73.959835,-2523.814,2560
507,164.958716,73.948304,314745.030,-2542,2563,3379495,3377749.298,164.844037,73.961930,-2500.821,2556
508,164.953611,73.955908,314747.717,-2522,2559,3379495,3377747.871,164.886824,73.973048,-2473.581,2551
509,164.948467,73.963562,314750.421,-2484,2553,3379494,3377746.435,164.873855,73.977164,-2439.964,2545
510,164.943734,73.970600,314752.907,-2461,2549,3379493,3377745.115,164.867039,73.983045,-2398.262,2538
511,164.938583,73.978254,314755.608,-2437,2544,3379491,3377743.680,164.865545,73.991922,-2368.798,2532
512,164.933462,73.985857,314758.291,-2465,2549,3379490,3377742.255,164.866132,73.993562,-2368.158,2532
513,164.928302,73.993511,314760.991,-2511,2558,3379489,3377740.821,164.865868,74.001464,-2392.262,2536
514,164.923172,74.001114,314763.671,-2545,2564,3379488,3377739.398,164.819237,74.005873,-2421.053,2542
515,164.918004,74.008768,314766.369,-2584,2570,3379486,3377737.965,164.804164,74.013009,-2451.452,2548
516,164.912866,74.016370,314769.047,-2612,2576,3379485,3377736.543,164.802264,74.020776,-2507.599,2558
517,164.907689,74.024024,314771.742,-2619,2577,3379484,3377735.112,164.810195,74.029105,-2547.509,2565
518,164.902542,74.031626,314774.418,-2613,2576,3379482,3377733.691,164.773747,74.035079,-2578.993,2571
519,164.897357,74.039279,314777.111,-2625,2578,3379481,3377732.261,164.733487,74.048198,-2572.742,2570
520,164.892202,74.046881,314779.785,-2627,2578,3379480,3377730.841,164.734063,74.049839,-2573.969,2571
521,164.887008,74.054534,314782.475,-2624,2578,3379479,3377729.412,164.905966,74.068715,-2576.247,2569
522,164.881845,74.062136,314785.147,-2634,2580,3379478,3377727.994,164.906160,74.073459,-2577.696,2570
523,164.876642,74.069789,314787.835,-2684,2588,3379475,3377726.566,164.905921,74.081360,-2594.956,2572
524,164.871470,74.077390,314790.504,-2717,2594,3379475,3377725.149,164.905718,74.089212,-2650.161,2582
525,164.866259,74.085043,314793.190,-2713,2594,3379474,3377723.723,164.819179,74.099979,-2655.355,2584
526,164.861079,74.092644,314795.857,-2719,2595,3379473,3377722.307,164.819766,74.101619,-2655.050,2584
527,164.855859,74.100296,314798.541,-2743,2599,3379470,3377720.882,164.819487,74.109520,-2658.379,2584
528,164.850670,74.107897,314801.206,-2764,2603,3379470,3377719.467,164.749398,74.112725,-2697.850,2592
529,164.845442,74.115550,314803.888,-2784,2607,3379469,3377718.044,164.772238,74.121824,-2718.558,2595
530,164.840244,74.123150,314806.550,-2794,2609,3379468,3377716.630,164.771972,74.129674,-2736.099,2598
531,164.835007,74.130802,314809.229,-2803,2610,3379467,3377715.208,164.763395,74.137148,-2761.610,2603
532,164.829801,74.138403,314811.890,-2793,2608,3379465,3377713.796,164.588348,74.146335,-2739.337,2603
533,164.824556,74.146055,314814.567,-2787,2607,3379464,3377712.374,164.584647,74.154062,-2735.986,2603
534,164.819341,74.153655,314817.225,-2783,2607,3379462,3377710.963,164.585213,74.155704,-2735.664,2602
535,164.814087,74.161306,314819.899,-2786,2607,3379462,3377709.544,164.586541,74.159524,-2737.305,2602
536,164.808863,74.168906,314822.555,-2794,2608,3379460,3377708.134,164.540433,74.175403,-2729.044,2602
537,164.803600,74.176558,314825.228,-2802,2610,3379459,3377706.715,164.546659,74.183652,-2728.148,2602
538,164.798368,74.184158,314827.881,-2803,2610,3379458,3377705.307,164.547948,74.191588,-2724.628,2601
539,164.793097,74.191809,314830.552,-2804,2610,3379457,3377703.889,164.547611,74.195321,-2722.586,2600
540,164.787856,74.199408,314833.203,-2802,2610,3379455,3377702.482,164.546515,74.196876,-2725.232,2601
541,164.782575,74.207059,314835.871,-2817,2613,3379454,3377701.066,164.530146,74.214369,-2726.528,2602
542,164.777326,74.214658,314838.520,-2828,2615,3379453,3377699.660,164.530239,74.219115,-2724.984,2601
543,164.772037,74.222309,314841.186,-2829,2615,3379452,3377698.245,164.577610,74.232640,-2734.284,2601
544,164.766779,74.229908,314843.832,-2824,2614,3379450,3377696.841,164.576515,74.234194,-2733.979,2601
545,164.761480,74.237558,314846.496,-2815,2613,3379449,3377695.427,164.571191,74.237667,-2734.288,2601
546,164.756214,74.245157,314849.140,-2792,2609,3379448,3377694.024,164.569170,74.245430,-2737.721,2601
547,164.750907,74.252807,314851.802,-2790,2608,3379447,3377692.611,164.647843,74.267855,-2738.983,2600
548,164.746023,74.259841,314854.247,-2779,2606,3379446,3377691.313,164.622889,74.273846,-2730.745,2599
549,164.740708,74.267491,314856.906,-2780,2606,3379444,3377689.902,164.624193,74.281832,-2726.273,2598
550,164.735423,74.275090,314859.547,-2784,2607,3379442,3377688.501,164.623553,74.280282,-2726.558,2598
551,164.730099,74.282739,314862.203,-2776,2606,3379442,3377687.091,164.646900,74.298788,-2723.483,2597
552,164.724806,74.290337,314864.841,-2757,2603,3379441,3377685.692,164.641568,74.306377,-2700.420,2593
553,164.719473,74.297987,314867.496,-2751,2602,3379440,3377684.283,164.641214,74.314276,-2684.166,2590
554,164.714171,74.305585,314870.131,-2748,2601,3379438,3377682.885,164.622485,74.321175,-2672.430,2588
555,164.708828,74.313234,314872.783,-2735,2599,3379437,3377681.477,164.617146,74.324648,-2665.792,2587
556,164.703518,74.320832,314875.417,-2751,2601,3379435,3377680.080,164.609663,74.335256,-2662.610,2586
557,164.698166,74.328480,314878.067,-2768,2605,3379435,3377678.674,164.609392,74.334820,-2662.790,2586
558,164.692847,74.336078,314880.698,-2769,2605,3379433,3377677.278,164.610736,74.342755,-2671.715,2588
559,164.687486,74.343727,314883.345,-2787,2608,3379432,3377675.873,164.608692,74.350569,-2683.697,2590
560,164.682158,74.351324,314885.974,-2803,2611,3379430,3377674.479,164.594941,74.357727,-2688.484,2591
561,164.676788,74.358972,314888.620,-2802,2611,3379430,3377673.075,164.584498,74.365108,-2692.214,2592
562,164.671451,74.366569,314891.246,-2812,2613,3379428,3377671.682,164.594230,74.373476,-2715.696,2596
563,164.666073,74.374218,314893.889,-2815,2613,3379427,3377670.280,164.578738,74.380599,-2737.391,2600
564,164.660726,74.381814,314896.514,-2807,2612,3379426,3377668.887,164.257868,74.381085,-2678.569,2601
565,164.655339,74.389462,314899.155,-2815,2613,3379425,3377667.486,164.264044,74.389340,-2654.606,2596
566,164.649983,74.397059,314901.777,-2842,2618,3379424,3377666.095,164.263546,74.397189,-2653.285,2596
567,164.644586,74.404706,314904.415,-2856,2621,3379422,3377664.696,164.264576,74.395780,-2653.410,2596
568,164.639222,74.412303,314907.035,-2869,2623,3379421,3377663.306,164.264078,74.403629,-2662.323,2597
569,164.633816,74.419950,314909.671,-2875,2624,3379420,3377661.908,164.425236,74.429403,-2714.105,2599
570,164.628442,74.427546,314912.289,-2876,2624,3379419,3377660.519,164.423134,74.437164,-2704.393,2597
571,164.623027,74.435193,314914.923,-2868,2623,3379417,3377659.122,164.420994,74.444976,-2699.183,2596
572,164.617645,74.442789,314917.538,-2852,2620,3379415,3377657.735,164.444187,74.454050,-2697.027,2595
573,164.612221,74.450436,314920.170,-2835,2617,3379415,3377656.339,164.445432,74.462036,-2684.570,2592
574,164.606829,74.458032,314922.783,-2833,2617,3379414,3377654.953,164.445026,74.469884,-2671.006,2590
575,164.601395,74.465679,314925.413,-2828,2616,3379413,3377653.559,164.443382,74.474592,-2665.947,2589
576,164.595994,74.473274,314928.024,-2807,2612,3379410,3377652.174,164.444666,74.482527,-2665.502,2588
577,164.590552,74.480920,314930.651,-2804,2611,3379410,3377650.781,164.401471,74.491340,-2655.385,2588
578,164.585141,74.488515,314933.259,-2806,2612,3379409,3377649.397,164.399354,74.499100,-2646.584,2586
579,164.579690,74.496162,314935.884,-2803,2612,3379408,3377648.005,164.398890,74.506999,-2637.447,2584
580,164.574270,74.503757,314938.491,-2794,2610,3379407,3377646.623,164.398561,74.510680,-2633.844,2584
581,164.568809,74.511403,314941.113,-2793,2610,3379405,3377645.232,164.397796,74.513348,-2633.425,2583
582,164.563380,74.518997,314943.717,-2797,2610,3379404,3377643.852,164.399063,74.521284,-2638.899,2584
583,164.557910,74.526643,314946.338,-2794,2610,3379403,3377642.462,164.398601,74.529184,-2648.414,2586
584,164.552472,74.534237,314948.940,-2789,2609,3379402,3377641.082,164.437404,74.548444,-2649.717,2585
585,164.546993,74.541883,314951.558,-2790,2609,3379401,3377639.694,164.434862,74.555192,-2640.659,2584
586,164.541508,74.549528,314954.175,-2778,2607,3379399,3377638.307,164.371993,74.560911,-2622.155,2581
587,164.536462,74.556558,314956.580,-2772,2606,3379397,3377637.031,164.366975,74.563763,-2614.205,2580
588,164.531005,74.564151,314959.177,-2785,2609,3379397,3377635.654,164.367733,74.574803,-2611.237,2580
589,164.525507,74.571796,314961.791,-2776,2607,3379395,3377634.268,164.367064,74.573303,-2611.408,2579
590,164.520042,74.579390,314964.386,-2771,2606,3379395,3377632.893,164.368725,74.582303,-2627.028,2582
591,164.514534,74.587035,314966.998,-2790,2610,3379393,3377631.508,164.366550,74.590115,-2643.964,2585
592,164.509059,74.594628,314969.590,-2802,2612,3379392,3377630.134,164.359305,74.597612,-2651.940,2586
593,164.503542,74.602273,314972.199,-2817,2614,3379390,3377628.750,164.359123,74.610742,-2650.432,2586
594,164.498058,74.609866,314974.790,-2832,2617,3379390,3377627.377,164.360089,74.613446,-2650.193,2586
595,164.492531,74.617510,314977.397,-2840,2619,3379389,3377625.995,164.359212,74.620282,-2657.907,2587
596,164.487038,74.625103,314979.985,-2837,2618,3379387,3377624.623,164.233049,74.622654,-2652.662,2590
597,164.481502,74.632747,314982.590,-2840,2619,3379386,3377623.243,164.227003,74.629223,-2676.476,2594
598,164.475998,74.640340,314985.176,-2853,2621,3379385,3377621.872,164.209838,74.637247,-2691.944,2597
599,164.470453,74.647983,314987.778,-2853,2621,3379384,3377620.492,164.337289,74.651786,-2734.687,2601
600,164.464940,74.655576,314990.362,-2845,2620,3379383,3377619.123,164.202050,74.662037,-2718.305,2602
601,164.459385,74.663219,314992.962,-2845,2620,3379381,3377617.745,164.170743,74.668330,-2702.754,2600
602,164.453863,74.670811,314995.543,-2843,2619,3379380,3377616.377,164.170212,74.676178,-2702.623,2600
603,164.448298,74.678455,314998.141,-2837,2618,3379379,3377615.000,164.171264,74.674768,-2702.744,2600
604,164.442766,74.686046,315000.720,-2839,2619,3379377,3377613.633,164.202832,74.683246,-2725.284,2602
605,164.437192,74.693689,315003.316,-2857,2622,3379377,3377612.257,164.203990,74.691235,-2746.113,2606
606,164.431651,74.701281,315005.893,-2855,2621,3379375,3377610.892,164.311936,74.715127,-2787.883,2611
607,164.426067,74.708924,315008.486,-2864,2623,3379374,3377609.517,164.304694,74.718505,-2776.209,2609
608,164.420516,74.716515,315011.061,-2858,2622,3379373,3377608.153,164.305432,74.729543,-2773.660,2608
609,164.414922,74.724158,315013.652,-2861,2623,3379372,3377606.780,164.304761,74.728044,-2773.762,2608
610,164.409362,74.731749,315016.224,-2864,2623,3379370,3377605.417,164.306416,74.737044,-2805.914,2614
611,164.403759,74.739391,315018.813,-2863,2623,3379370,3377604.045,164.312788,74.745297,-2836.132,2619
612,164.398188,74.746982,315021.383,-2861,2623,3379368,3377602.683,164.360663,74.765003,-2828.050,2617
613,164.392575,74.754624,315023.969,-2856,2622,3379367,3377601.313,164.351690,74.768294,-2824.126,2616
614,164.386995,74.762214,315026.537,-2852,2621,3379366,3377599.952,164.352265,74.769934,-2825.833,2616
615,164.381373,74.769856,315029.121,-2856,2622,3379365,3377598.583,164.093635,74.768685,-2798.473,2618
616,164.375783,74.777447,315031.687,-2862,2623,3379364,3377597.223,164.086407,74.781404,-2790.612,2617
617,164.370150,74.785088,315034.269,-2862,2623,3379362,3377595.856,164.562044,74.810478,-2800.596,2615
618,164.364551,74.792678,315036.832,-2848,2621,3379361,3377594.497,164.561716,74.818323,-2779.727,2612
619,164.358909,74.800319,315039.412,-2850,2621,3379360,3377593.131,164.561351,74.826219,-2766.917,2610
620,164.353299,74.807909,315041.973,-2850,2621,3379359,3377591.774,164.515608,74.834924,-2768.897,2609
621,164.347647,74.815550,315044.550,-2849,2621,3379357,3377590.409,164.522139,74.843166,-2752.793,2607
622,164.341990,74.823191,315047.126,-2842,2620,3379356,3377589.044,164.523486,74.851149,-2734.069,2604
623,164.336366,74.830780,315049.684,-2832,2618,3379355,3377587.689,164.530066,74.859339,-2712.876,2600
624,164.330699,74.838421,315052.258,-2814,2615,3379354,3377586.326,164.524491,74.866976,-2701.449,2598
625,164.325065,74.846010,315054.813,-2799,2612,3379353,3377584.972,164.523829,74.865424,-2701.609,2598
626,164.319846,74.853035,315057.178,-2794,2611,3379352,3377583.720,164.444888,74.879180,-2702.210,2597
627,164.314164,74.860675,315059.748,-2787,2610,3379350,3377582.358,164.444539,74.882910,-2699.679,2596
628,164.308516,74.868264,315062.300,-2777,2608,3379349,3377581.006,164.445130,74.884549,-2698.521,2596
629,164.302825,74.875904,315064.868,-2770,2607,3379348,3377579.646,164.484911,74.903839,-2693.857,2597
630,164.297167,74.883493,315067.418,-2755,2605,3379347,3377578.296,164.484549,74.911683,-2675.380,2594
631,164.291465,74.891132,315069.984,-2755,2605,3379345,3377576.937,164.484150,74.919580,-2668.028,2592
632,164.285797,74.898721,315072.532,-2773,2608,3379345,3377575.587,164.463342,74.927448,-2657.898,2590
633,164.280086,74.906360,315075.095,-2788,2611,3379344,3377574.230,164.459454,74.935170,-2651.045,2589
634,164.274407,74.913948,315077.641,-2801,2613,3379342,3377572.882,164.454413,74.935485,-2650.272,2589
635,164.268686,74.921587,315080.202,-2803,2613,3379341,3377571.525,164.454485,74.940278,-2652.089,2589
636,164.262998,74.929175,315082.745,-2796,2612,3379340,3377570.179,164.421033,74.946472,-2668.324,2591
637,164.257266,74.936814,315085.304,-2782,2610,3379339,3377568.823,164.415379,74.954108,-2679.370,2593
638,164.251568,74.944401,315087.845,-2775,2608,3379337,3377567.478,164.420212,74.962215,-2689.635,2595
639,164.245826,74.952040,315090.402,-2802,2613,3379336,3377566.124,164.415234,74.980311,-2686.132,2595
640,164.240118,74.959627,315092.940,-2826,2617,3379335,3377564.780,164.414917,74.983990,-2683.898,2595
641,164.234366,74.967265,315095.495,-2839,2620,3379334,3377563.427,164.438162,74.986810,-2687.399,2596
642,164.228648,74.974852,315098.031,-2857,2623,3379333,3377562.085,164.437781,74.994656,-2712.345,2601
643,164.222886,74.982491,315100.583,-2869,2625,3379332,3377560.733,164.446099,75.002989,-2756.290,2609
644,164.217158,74.990077,315103.117,-2880,2627,3379330,3377559.392,164.335627,75.005342,-2805.841,2615
645,164.211385,74.997715,315105.667,-2886,2628,3379329,3377558.042,164.333409,75.013152,-2824.545,2618
646,164.205647,75.005301,315108.199,-2892,2629,3379328,3377556.701,164.116291,75.010030,-2834.347,2619
647,164.199864,75.012939,315110.746,-2899,2631,3379327,3377555.353,164.070290,75.015602,-2847.396,2622
648,164.194116,75.020525,315113.276,-2904,2632,3379325,3377554.014,164.070118,75.024513,-2857.657,2624
649,164.188323,75.028163,315115.821,-2909,2632,3379325,3377552.666,164.013597,75.038933,-2858.781,2626
650,164.182564,75.035748,315118.348,-2914,2634,3379324,3377551.328,164.014724,75.037472,-2859.038,2625
651,164.176761,75.043385,315120.891,-2917,2634,3379322,3377549.982,164.243234,75.065380,-2874.539,2627
652,164.170992,75.050971,315123.416,-2919,2634,3379321,3377548.646,164.240715,75.067906,-2874.511,2627
653,164.165178,75.058608,315125.957,-2917,2634,3379320,3377547.301,164.407041,75.079959,-2855.891,2628
654,164.159399,75.066193,315128.480,-2915,2634,3379319,3377545.966,164.411920,75.088065,-2859.183,2629
655,164.153575,75.073830,315131.018,-2915,2634,3379317,3377544.622,164.411493,75.095961,-2871.445,2631
656,164.147746,75.081466,315133.556,-2915,2634,3379317,3377543.279,164.079104,75.096585,-2889.136,2630
657,164.141951,75.089051,315136.075,-2913,2633,3379315,3377541.946,164.319843,75.117624,-2870.142,2629
658,164.136112,75.096687,315138.610,-2908,2633,3379314,3377540.604,164.315849,75.125343,-2846.389,2625
659,164.130306,75.104272,315141.127,-2904,2632,3379313,3377539.272,164.311890,75.133012,-2834.844,2623
660,164.124456,75.111908,315143.660,-2903,2632,3379312,3377537.932,164.311195,75.131511,-2835.257,2622
661,164.118641,75.119492,315146.174,-2901,2631,3379310,3377536.601,164.310758,75.139355,-2836.933,2623
662,164.112780,75.127128,315148.705,-2902,2632,3379310,3377535.262,164.304576,75.145926,-2866.448,2628
663,164.106954,75.134712,315151.217,-2904,2632,3379308,3377533.933,164.207718,75.159389,-2874.291,2628
664,164.101083,75.142347,315153.745,-2898,2631,3379307,3377532.595,164.203659,75.167107,-2858.007,2625
665,164.095247,75.149931,315156.255,-2881,2628,3379305,3377531.267,164.201939,75.171760,-2855.711,2624
666,164.089839,75.156951,315158.578,-2877,2627,3379305,3377530.038,164.202414,75.175939,-2854.063,2624
667,164.083953,75.164586,315161.103,-2897,2631,3379304,3377528.702,164.202010,75.179669,-2865.061,2626
668,164.078101,75.172169,315163.609,-2916,2635,3379303,3377527.376,164.147149,75.185831,-2890.251,2630
669,164.072204,75.179804,315166.132,-2931,2637,3379302,3377526.041,164.146590,75.193728,-2910.822,2634
670,164.066342,75.187387,315168.636,-2937,2638,3379300,3377524.716,164.147839,75.201662,-2925.304,2636
671,164.060435,75.195021,315171.157,-2938,2638,3379299,3377523.383,164.008923,75.201526,-2933.261,2637
672,164.054562,75.202604,315173.659,-2941,2639,3379298,3377522.059,163.992415,75.208562,-2933.200,2638
673,164.048644,75.210238,315176.177,-2941,2639,3379297,3377520.727,163.999288,75.227279,-2933.603,2638
674,164.042760,75.217821,315178.677,-2937,2638,3379296,3377519.404,163.993561,75.230687,-2930.576,2637
675,164.036831,75.225455,315181.192,-2936,2638,3379295,3377518.074,163.992311,75.232289,-2930.063,2637
676,164.030937,75.233037,315183.690,-2936,2638,3379292,3377516.752,163.992111,75.241198,-2930.545,2637
677,164.024997,75.240671,315186.203,-2935,2638,3379292,3377515.423,164.373061,75.276447,-2864.714,2635
678,164.019093,75.248253,315188.699,-2934,2638,3379290,3377514.103,164.372391,75.274894,-2865.133,2635
679,164.013142,75.255886,315191.210,-2935,2638,3379290,3377512.775,164.264066,75.287917,-2880.388,2634
680,164.007227,75.263468,315193.703,-2933,2638,3379289,3377511.456,164.179543,75.290554,-2892.931,2633
681,164.001266,75.271101,315196.212,-2934,2638,3379288,3377510.129,164.202566,75.300662,-2880.343,2632
682,163.995339,75.278682,315198.703,-2935,2638,3379287,3377508.812,164.201911,75.299109,-2880.696,2632
683,163.989368,75.286315,315201.209,-2937,2638,3379285,3377507.487,164.202630,75.310195,-2880.823,2632
684,163.983431,75.293896,315203.698,-2939,2639,3379284,3377506.170,164.195139,75.313520,-2901.714,2636
685,163.977448,75.301529,315206.202,-2939,2639,3379283,3377504.846,163.913535,75.317754,-2922.047,2636
686,163.971500,75.309110,315208.688,-2937,2638,3379282,3377503.531,163.913496,75.322496,-2913.558,2635
687,163.965507,75.316742,315211.190,-2933,2638,3379281,3377502.208,163.914014,75.324187,-2913.799,2634
688,163.959548,75.324322,315213.674,-2933,2638,3379280,3377500.895,163.889605,75.333957,-2919.240,2636
689,163.953543,75.331954,315216.174,-2930,2638,3379279,3377499.573,163.960894,75.351761,-2926.360,2637
690,163.947574,75.339535,315218.655,-2930,2638,3379277,3377498.261,163.959673,75.353311,-2924.225,2636
691,163.941559,75.347166,315221.153,-2931,2638,3379276,3377496.941,163.960997,75.357130,-2924.231,2636
692,163.935538,75.354798,315223.649,-2930,2637,3379275,3377495.621,163.905352,75.372688,-2920.709,2636
693,163.929552,75.362378,315226.127,-2926,2637,3379274,3377494.310,163.904722,75.371136,-2920.977,2636
694,163.923520,75.370009,315228.621,-2921,2636,3379272,3377492.992,163.921932,75.389331,-2920.069,2636
695,163.917523,75.377588,315231.097,-2926,2637,3379272,3377491.683,163.921501,75.393009,-2919.035,2636
696,163.911480,75.385219,315233.589,-2932,2638,3379270,3377490.366,163.922023,75.394700,-2918.327,2636
697,163.905472,75.392799,315236.062,-2942,2640,3379269,3377489.058,163.905673,75.402796,-2932.514,2638
698,163.899418,75.400429,315238.551,-2949,2641,3379268,3377487.742,164.054064,75.423377,-2921.402,2638
699,163.893399,75.408008,315241.023,-2943,2640,3379267,3377486.436,164.054643,75.425016,-2920.770,2638
700,163.887334,75.415639,315243.510,-2940,2640,3379265,3377485.121,164.063025,75.433356,-2922.251,2639
701,163.881305,75.423218,315245.979,-2939,2639,3379265,3377483.816,163.888678,75.442947,-2934.768,2639
702,163.875228,75.430848,315248.464,-2936,2639,3379264,3377482.503,163.882810,75.446404,-2933.840,2639
703,163.869187,75.438426,315250.931,-2936,2639,3379263,3377481.199,163.883769,75.449108,-2933.376,2638
704,163.863100,75.446056,315253.413,-2937,2639,3379261,3377479.887,163.952832,75.468855,-2926.783,2638
705,163.857048,75.453634,315255.878,-2936,2639,3379260,3377478.584,163.954025,75.476788,-2920.955,2637
706,163.851441,75.460649,315258.158,-2935,2639,3379259,3377477.379,163.953242,75.477774,-2920.786,2637
707,163.845337,75.468278,315260.637,-2935,2639,3379258,3377476.069,163.953183,75.482567,-2920.964,2637
708,163.839269,75.475856,315263.098,-2941,2640,3379257,3377474.768,163.929170,75.498636,-2917.875,2637
709,163.833154,75.483485,315265.575,-2943,2640,3379256,3377473.460,163.926706,75.506440,-2912.538,2636
710,163.827074,75.491063,315268.034,-2941,2640,3379255,3377472.160,163.929695,75.514463,-2907.164,2635
711,163.820948,75.498691,315270.508,-2939,2640,3379254,3377470.853,163.936259,75.522718,-2900.901,2634
712,163.814857,75.506269,315272.965,-2936,2639,3379252,3377469.554,163.951907,75.531370,-2891.421,2633
713,163.808719,75.513897,315275.437,-2933,2639,3379250,3377468.248,163.958493,75.539624,-2880.077,2631
714,163.802617,75.521474,315277.891,-2931,2638,3379250,3377466.951,163.959700,75.547556,-2868.955,2629
715,163.796468,75.529102,315280.361,-2921,2637,3379249,3377465.646,163.960868,75.555540,-2864.225,2629
716,163.790355,75.536679,315282.813,-2922,2637,3379248,3377464.351,163.996904,75.566240,-2853.732,2628
717,163.784194,75.544307,315285.281,-2925,2637,3379247,3377463.047,164.070202,75.576728,-2823.776,2626
718,163.778070,75.551883,315287.731,-2926,2638,3379245,3377461.753,164.093249,75.585725,-2809.392,2625
719,163.771898,75.559511,315290.196,-2928,2638,3379245,3377460.451,163.993266,75.589779,-2820.801,2623
720,163.765762,75.567087,315292.643,-2925,2638,3379243,3377459.158,163.992856,75.593456,-2816.842,2622
721,163.759579,75.574714,315295.106,-2923,2637,3379242,3377457.857,163.993398,75.595145,-2816.788,2622
722,163.753431,75.582290,315297.552,-2918,2636,3379241,3377456.565,163.992816,75.602988,-2822.052,2623
723,163.747236,75.589917,315300.012,-2916,2636,3379240,3377455.265,163.945589,75.614844,-2823.118,2622
724,163.741077,75.597493,315302.455,-2915,2636,3379239,3377453.975,163.946802,75.622776,-2812.486,2621
725,163.734871,75.605119,315304.913,-2919,2637,3379238,3377452.677,163.953433,75.631028,-2796.449,2618
726,163.728659,75.612746,315307.371,-2920,2637,3379237,3377451.379,163.952792,75.638922,-2787.741,2617
727,163.722483,75.620321,315309.810,-2921,2637,3379236,3377450.090,163.951962,75.641534,-2786.998,2617
728,163.716259,75.627947,315312.265,-2922,2637,3379234,3377448.794,163.907198,75.646206,-2793.788,2617
729,163.710071,75.635522,315314.702,-2916,2636,3379232,3377447.507,163.912447,75.655382,-2791.397,2617
730,163.703836,75.643148,315317.155,-2908,2635,3379232,3377446.211,163.915023,75.662392,-2792.292,2617
731,163.697637,75.650722,315319.590,-2904,2634,3379231,3377444.926,164.008706,75.677999,-2787.063,2620
732,163.691390,75.658348,315322.040,-2886,2631,3379230,3377443.632,164.008675,75.682790,-2792.584,2621
733,163.685179,75.665922,315324.473,-2871,2628,3379229,3377442.347,163.953300,75.687949,-2830.544,2626
734,163.678920,75.673547,315326.921,-2874,2629,3379228,3377441.055,163.711623,75.683882,-2865.233,2627
735,163.672698,75.681121,315329.351,-2873,2629,3379227,3377439.771,163.709070,75.691633,-2866.921,2628
736,163.666427,75.688746,315331.797,-2878,2629,3379225,3377438.480,163.922154,75.710141,-2840.206,2627
737,163.660193,75.696320,315334.225,-2884,2631,3379224,3377437.198,163.806651,75.722752,-2855.241,2627
738,163.653911,75.703945,315336.668,-2887,2631,3379223,3377435.908,163.804103,75.730554,-2849.673,2627
739,163.647665,75.711518,315339.094,-2883,2631,3379222,3377434.627,163.804270,75.731129,-2848.726,2626
740,163.641371,75.719142,315341.535,-2891,2632,3379220,3377433.339,163.802343,75.735830,-2848.783,2626
741,163.635113,75.726715,315343.958,-2900,2634,3379220,3377432.059,163.788838,75.743036,-2849.983,2626
742,163.628807,75.734339,315346.397,-2916,2637,3379219,3377430.772,163.773444,75.750202,-2854.108,2627
743,163.622538,75.741912,315348.818,-2922,2638,3379218,3377429.494,163.796600,75.759227,-2864.603,2629
744,163.616220,75.749536,315351.255,-2924,2638,3379217,3377428.208,163.805057,75.767574,-2873.513,2632
745,163.609939,75.757108,315353.674,-2924,2638,3379215,3377426.931,163.852143,75.777770,-2871.629,2633
746,163.604119,75.764118,315355.912,-2924,2638,3379214,3377425.749,163.842762,75.784598,-2884.314,2635
747,163.597784,75.771741,315358.345,-2924,2638,3379212,3377424.465,163.505900,75.775710,-2909.143,2636
748,163.591485,75.779313,315360.760,-2923,2638,3379212,3377423.190,163.506900,75.783645,-2909.057,2636
749,163.585138,75.786936,315363.191,-2925,2638,3379211,3377421.908,163.485818,75.790515,-2907.902,2636
750,163.578828,75.794508,315365.604,-2923,2638,3379210,3377420.634,163.484972,75.798357,-2908.083,2636
751,163.572468,75.802131,315368.033,-2922,2638,3379209,3377419.352,163.470206,75.812865,-2906.778,2636
752,163.566146,75.809702,315370.444,-2922,2638,3379208,3377418.080,163.468521,75.813348,-2908.430,2636
753,163.559775,75.817324,315372.870,-2924,2638,3379207,3377416.800,163.460261,75.820868,-2912.934,2637
754,163.553440,75.824896,315375.278,-2925,2639,3379205,3377415.529,163.617843,75.836681,-2918.231,2638
755,163.547057,75.832518,315377.702,-2924,2638,3379204,3377414.250,163.408863,75.844540,-2914.024,2638
756,163.540710,75.840088,315380.109,-2924,2638,3379203,3377412.980,163.404288,75.852195,-2911.297,2637
757,163.534315,75.847710,315382.530,-2923,2638,3379202,3377411.702,163.399288,75.858836,-2909.934,2637
758,163.527956,75.855281,315384.934,-2920,2638,3379200,3377410.434,163.399062,75.858348,-2910.083,2637
759,163.521548,75.862902,315387.353,-2915,2637,3379200,3377409.158,163.412894,75.866990,-2911.569,2637
760,163.515135,75.870524,315389.771,-2914,2637,3379199,3377407.882,163.513673,75.885239,-2914.433,2637
761,163.508758,75.878094,315392.172,-2913,2637,3379198,3377406.615,163.506521,75.890673,-2913.525,2637
762,163.502332,75.885715,315394.588,-2915,2637,3379197,3377405.341,163.500094,75.898288,-2915.252,2637
763,163.495943,75.893284,315396.986,-2914,2637,3379196,3377404.076,163.413406,75.904942,-2912.141,2637
764,163.489504,75.900905,315399.400,-2914,2637,3379194,3377402.803,163.399089,75.905885,-2911.150,2636
765,163.483103,75.908474,315401.796,-2914,2637,3379192,3377401.539,163.420041,75.913785,-2912.332,2636
766,163.476653,75.916095,315404.207,-2913,2637,3379192,3377400.267,163.430238,75.922238,-2913.005,2637
767,163.470239,75.923664,315406.601,-2913,2637,3379191,3377399.004,163.477353,75.941898,-2909.144,2636
768,163.463776,75.931284,315409.009,-2910,2636,3379190,3377397.734,163.369174,75.945436,-2904.305,2636
769,163.457351,75.938853,315411.401,-2907,2636,3379189,3377396.473,163.366412,75.953184,-2900.182,2635
770,163.450875,75.946472,315413.807,-2903,2635,3379188,3377395.203,163.398906,75.962763,-2894.288,2634
771,163.444437,75.954041,315416.196,-2903,2635,3379187,3377393.943,163.398347,75.966439,-2891.143,2633
772,163.437949,75.961660,315418.601,-2903,2635,3379185,3377392.675,163.397797,75.975397,-2889.570,2633
773,163.431499,75.969229,315420.987,-2903,2635,3379185,3377391.417,163.396091,75.975879,-2890.157,2633
774,163.424999,75.976848,315423.389,-2901,2635,3379183,3377390.150,163.397018,75.983865,-2891.663,2633
775,163.418536,75.984416,315425.774,-2898,2634,3379182,3377388.893,163.396129,75.991706,-2894.828,2634
776,163.412023,75.992034,315428.173,-2897,2634,3379180,3377387.628,163.398922,75.999786,-2896.437,2634
777,163.405548,75.999602,315430.556,-2897,2634,3379180,3377386.371,163.405491,76.008001,-2897.473,2634
778,163.399023,76.007220,315432.953,-2897,2634,3379179,3377385.108,163.415492,76.025849,-2893.032,2634
779,163.392535,76.014788,315435.333,-2900,2635,3379178,3377383.853,163.407144,76.033316,-2888.795,2633
780,163.385997,76.022406,315437.728,-2896,2634,3379177,3377382.590,163.406217,76.041208,-2883.572,2632
781,163.379497,76.029973,315440.106,-2889,2633,3379176,3377381.337,163.438215,76.048599,-2877.266,2631
782,163.372946,76.037590,315442.498,-2882,2632,3379175,3377380.075,163.466543,76.061081,-2865.869,2630
783,163.366433,76.045157,315444.874,-2874,2630,3379174,3377378.823,163.437924,76.063360,-2858.825,2628
784,163.359870,76.052775,315447.264,-2865,2629,3379173,3377377.563,163.438183,76.074445,-2845.161,2626
785,163.353345,76.060341,315449.637,-2856,2627,3379171,3377376.312,163.438024,76.079184,-2824.378,2622
786,163.346769,76.067958,315452.025,-2855,2627,3379170,3377375.053,163.436654,76.080782,-2825.131,2622
787,163.340717,76.074962,315454.220,-2860,2628,3379169,3377373.897,163.436661,76.089125,-2835.071,2624
788,163.334173,76.082527,315456.589,-2865,2629,3379167,3377372.648,163.614017,76.115144,-2812.449,2625
789,163.327579,76.090144,315458.974,-2868,2629,3379167,3377371.391,163.608235,76.119659,-2801.372,2623
790,163.321022,76.097710,315461.341,-2872,2630,3379165,3377370.143,163.608805,76.121297,-2801.102,2623
791,163.314415,76.105326,315463.724,-2876,2631,3379165,3377368.888,163.618878,76.128675,-2821.055,2627
792,163.307845,76.112891,315466.089,-2881,2632,3379164,3377367.641,163.655772,76.138347,-2821.880,2629
793,163.301225,76.120507,315468.469,-2885,2633,3379163,3377366.387,163.351955,76.131335,-2873.951,2631
794,163.294643,76.128072,315470.831,-2887,2633,3379162,3377365.142,163.360451,76.139644,-2876.251,2631
795,163.288010,76.135688,315473.209,-2888,2633,3379160,3377363.889,163.357619,76.147442,-2878.052,2632
796,163.281370,76.143304,315475.586,-2887,2633,3379160,3377362.637,163.140946,76.151826,-2874.398,2632
797,163.274769,76.150868,315477.945,-2887,2633,3379159,3377361.394,163.141092,76.152402,-2874.237,2632
798,163.268116,76.158483,315480.319,-2885,2633,3379157,3377360.143,163.381325,76.182834,-2870.409,2631
799,163.261502,76.166047,315482.676,-2886,2633,3379156,3377358.901,163.384928,76.187761,-2864.852,2630
800,163.254836,76.173662,315485.048,-2886,2633,3379155,3377357.652,163.383153,76.188293,-2864.764,2630
801,163.248209,76.181226,315487.403,-2885,2633,3379154,3377356.411,163.150040,76.194991,-2867.583,2630
802,163.241530,76.188840,315489.772,-2883,2633,3379153,3377355.163,163.141420,76.202502,-2864.770,2630
803,163.234890,76.196404,315492.125,-2882,2632,3379152,3377353.923,163.139278,76.207147,-2863.260,2629
804,163.228198,76.204018,315494.492,-2882,2632,3379151,3377352.677,163.139381,76.207774,-2864.074,2629
805,163.221545,76.211581,315496.842,-2882,2632,3379150,3377351.439,163.134573,76.215424,-2866.405,2630
806,163.214840,76.219195,315499.207,-2883,2632,3379149,3377350.193,163.139172,76.223601,-2871.484,2631
807,163.208174,76.226758,315501.555,-2882,2633,3379147,3377348.956,163.108243,76.230981,-2873.361,2631
808,163.201456,76.234371,315503.917,-2883,2633,3379147,3377347.712,163.161688,76.240570,-2878.961,2632
809,163.194777,76.241934,315506.263,-2885,2633,3379145,3377346.477,163.162569,76.248505,-2880.499,2632
810,163.188046,76.249547,315508.623,-2884,2633,3379145,3377345.234,163.091753,76.253934,-2877.530,2632
811,163.181353,76.257109,315510.967,-2885,2633,3379143,3377344.000,163.092597,76.261870,-2877.235,2632
812,163.174609,76.264722,315513.324,-2886,2633,3379142,3377342.758,163.087334,76.268505,-2878.153,2632
813,163.167903,76.272284,315515.665,-2887,2633,3379140,3377341.525,163.060392,76.282365,-2875.145,2632
814,163.161145,76.279896,315518.021,-2888,2634,3379140,3377340.285,163.060861,76.284057,-2874.819,2632
815,163.154426,76.287458,315520.360,-2890,2634,3379139,3377339.054,163.061691,76.291992,-2875.327,2632
816,163.147655,76.295070,315522.713,-2892,2634,3379138,3377337.814,163.056774,76.299692,-2877.324,2632
817,163.140923,76.302631,315525.049,-2895,2635,3379137,3377336.584,163.047725,76.306083,-2879.201,2632
818,163.134138,76.310243,315527.400,-2895,2635,3379136,3377335.347,163.048875,76.315135,-2886.813,2634
819,163.127393,76.317804,315529.734,-2896,2635,3379135,3377334.118,163.108370,76.324969,-2893.966,2635
820,163.120595,76.325415,315532.083,-2899,2636,3379134,3377332.881,163.114906,76.333241,-2897.956,2636
821,163.113836,76.332976,315534.415,-2901,2636,3379133,3377331.654,163.008510,76.345211,-2895.931,2636
822,163.107024,76.340587,315536.761,-2905,2637,3379132,3377330.419,163.007873,76.343707,-2896.174,2636
823,163.100252,76.348147,315539.090,-2909,2638,3379131,3377329.193,163.014774,76.352996,-2902.418,2637
824,163.093427,76.355758,315541.434,-2910,2638,3379130,3377327.959,163.021270,76.361271,-2907.077,2637
825,163.086641,76.363318,315543.762,-2913,2639,3379129,3377326.734,163.118392,76.376116,-2909.674,2638
826,163.079803,76.370928,315546.103,-2913,2638,3379127,3377325.501,163.021998,76.385521,-2907.152,2638
827,163.073003,76.378488,315548.428,-2912,2638,3379125,3377324.278,163.023191,76.394521,-2903.030,2637
828,163.066703,76.385485,315550.579,-2911,2638,3379125,3377323.146,163.021498,76.398604,-2901.037,2636
829,163.059845,76.393095,315552.917,-2905,2637,3379124,3377321.915,163.021969,76.400296,-2900.763,2636
830,163.053026,76.400654,315555.239,-2901,2636,3379123,3377320.694,163.030457,76.408614,-2900.420,2636
831,163.046154,76.408264,315557.575,-2901,2637,3379122,3377319.464,163.048123,76.416397,-2901.996,2637
832,163.039321,76.415822,315559.894,-2908,2638,3379120,3377318.244,163.047048,76.424236,-2903.148,2637
833,163.032435,76.423432,315562.228,-2910,2638,3379120,3377317.016,163.076637,76.433656,-2905.796,2637
834,163.025543,76.431041,315564.560,-2914,2639,3379119,3377315.789,163.075532,76.441546,-2905.524,2637
835,163.018690,76.438599,315566.876,-2919,2640,3379118,3377314.571,163.076394,76.449480,-2905.579,2637
836,163.011783,76.446208,315569.206,-2923,2641,3379117,3377313.345,163.067598,76.456988,-2908.954,2638
837,163.004916,76.453766,315571.519,-2926,2641,3379116,3377312.128,163.068458,76.464922,-2912.844,2639
838,162.997996,76.461374,315573.847,-2928,2642,3379115,3377310.903,163.100458,76.475498,-2914.810,2640
839,162.991115,76.468931,315576.158,-2932,2642,3379114,3377309.687,163.100960,76.482368,-2917.206,2640
840,162.984181,76.476540,315578.484,-2937,2643,3379113,3377308.464,163.061697,76.489415,-2924.740,2641
841,162.977286,76.484097,315580.792,-2940,2644,3379112,3377307.249,163.039043,76.495137,-2930.488,2642
842,162.970338,76.491704,315583.115,-2944,2645,3379111,3377306.027,163.037918,76.503027,-2935.638,2643
843,162.963430,76.499261,315585.422,-2951,2646,3379110,3377304.814,162.983174,76.509246,-2941.307,2644
844,162.956468,76.506869,315587.743,-2949,2645,3379107,3377303.594,162.827025,76.518794,-2939.026,2644
845,162.949546,76.514425,315590.047,-2948,2645,3379107,3377302.382,162.710016,76.520769,-2922.293,2644
846,162.942570,76.522032,315592.365,-2947,2645,3379106,3377301.163,162.710454,76.522462,-2922.155,2644
847,162.935633,76.529588,315594.667,-2948,2645,3379105,3377299.952,162.716910,76.530693,-2922.537,2643
848,162.928643,76.537195,315596.983,-2951,2646,3379104,3377298.734,162.716123,76.534419,-2922.773,2643
849,162.921693,76.544750,315599.283,-2954,2646,3379103,3377297.525,162.709062,76.541963,-2924.232,2644
850,162.914689,76.552357,315601.597,-2954,2646,3379102,3377296.308,162.748711,76.552975,-2930.221,2644
851,162.907724,76.559912,315603.894,-2954,2646,3379100,3377295.100,162.768100,76.571281,-2931.684,2644
852,162.900706,76.567518,315606.206,-2950,2646,3379100,3377293.885,162.765746,76.575974,-2929.796,2643
853,162.893728,76.575073,315608.500,-2947,2645,3379099,3377292.678,162.786916,76.588082,-2928.364,2643
854,162.886695,76.582679,315610.810,-2947,2645,3379098,3377291.464,162.754600,76.594409,-2923.743,2642
855,162.879702,76.590233,315613.102,-2945,2645,3379097,3377290.259,162.749477,76.602051,-2921.603,2642
856,162.872655,76.597839,315615.409,-2942,2645,3379095,3377289.046,162.748185,76.609940,-2919.963,2641
857,162.865649,76.605393,315617.699,-2939,2644,3379095,3377287.842,162.748883,76.617875,-2916.199,2641
858,162.858588,76.612998,315620.004,-2938,2644,3379094,3377286.631,162.748461,76.622666,-2914.103,2640
859,162.851567,76.620552,315622.292,-2936,2644,3379093,3377285.428,162.748958,76.624307,-2913.842,2640
860,162.844491,76.628156,315624.594,-2932,2643,3379092,3377284.218,162.739884,76.631805,-2913.649,2640
861,162.837456,76.635710,315626.880,-2924,2642,3379091,3377283.017,162.732795,76.639349,-2916.450,2641
862,162.830366,76.643314,315629.180,-2924,2642,3379090,3377281.808,162.727598,76.647042,-2919.394,2641
863,162.823316,76.650867,315631.463,-2930,2643,3379089,3377280.608,162.646121,76.649789,-2915.457,2642
864,162.816212,76.658471,315633.761,-2935,2643,3379087,3377279.401,162.673636,76.669611,-2919.894,2642
865,162.809148,76.666024,315636.042,-2940,2644,3379087,3377278.202,162.674126,76.671253,-2919.634,2642
866,162.802029,76.673627,315638.337,-2945,2645,3379085,3377276.996,162.687339,76.676731,-2921.849,2642
867,162.794951,76.681180,315640.615,-2950,2646,3379084,3377275.798,162.686059,76.684568,-2926.606,2642
868,162.787818,76.688783,315642.908,-2956,2647,3379083,3377274.594,162.874374,76.701906,-2934.611,2644
869,162.780725,76.696335,315645.185,-2963,2649,3379082,3377273.398,162.874788,76.708775,-2934.774,2644
870,162.774105,76.703377,315647.306,-2970,2650,3379080,3377272.283,162.868217,76.715812,-2938.327,2645
871,162.766998,76.710928,315649.580,-2977,2651,3379080,3377271.088,162.876840,76.724133,-2946.012,2646
872,162.759836,76.718531,315651.869,-2980,2652,3379079,3377269.886,162.881877,76.733377,-2953.635,2648
873,162.752714,76.726082,315654.141,-2982,2652,3379078,3377268.693,162.905846,76.741403,-2956.618,2649
874,162.745538,76.733684,315656.427,-2986,2653,3379077,3377267.492,162.906609,76.749388,-2958.358,2649
875,162.738402,76.741235,315658.696,-2986,2653,3379075,3377266.300,162.911350,76.757514,-2960.660,2650
876,162.731210,76.748837,315660.980,-2984,2652,3379075,3377265.100,162.914084,76.765595,-2963.386,2651
877,162.724059,76.756388,315663.247,-2984,2653,3379074,3377263.909,162.912935,76.773432,-2965.401,2651
878,162.716853,76.763989,315665.528,-2985,2653,3379073,3377262.711,162.907802,76.781128,-2967.107,2652
879,162.709688,76.771539,315667.793,-2987,2653,3379072,3377261.521,162.921869,76.799127,-2961.358,2652
880,162.702466,76.779140,315670.072,-2988,2653,3379071,3377260.325,162.947529,76.806230,-2950.075,2651
881,162.695286,76.786690,315672.335,-2990,2654,3379070,3377259.136,162.946019,76.813002,-2948.012,2650
882,162.688050,76.794291,315674.611,-2990,2654,3379069,3377257.941,162.944531,76.814596,-2948.011,2650
883,162.680855,76.801840,315676.872,-2991,2654,3379067,3377256.754,162.951299,76.822816,-2946.804,2650
884,162.673604,76.809441,315679.146,-2988,2654,3379067,3377255.560,162.967790,76.842024,-2934.458,2650
885,162.666395,76.816990,315681.404,-2984,2653,3379066,3377254.374,162.966673,76.849860,-2927.730,2649
886,162.659128,76.824590,315683.676,-2981,2652,3379065,3377253.181,162.961548,76.857556,-2920.442,2648
887,162.651904,76.832138,315685.932,-2977,2652,3379064,3377251.997,162.962409,76.865488,-2910.589,2646
888,162.644623,76.839738,315688.201,-2971,2651,3379063,3377250.805,162.750910,76.862067,-2929.902,2644
889,162.637383,76.847286,315690.455,-2965,2650,3379062,3377249.622,162.749667,76.869902,-2895.093,2638
890,162.630087,76.854886,315692.722,-2959,2648,3379060,3377248.432,162.750355,76.877885,-2853.095,2631
891,162.622832,76.862434,315694.973,-2945,2646,3379060,3377247.251,162.756305,76.883980,-2840.336,2629
892,162.615521,76.870032,315697.238,-2918,2641,3379059,3377246.062,162.764935,76.892353,-2813.500,2624
893,162.608251,76.877580,315699.487,-2887,2636,3379058,3377244.881,162.765079,76.892928,-2814.494,2624
894,162.600925,76.885178,315701.749,-2872,2633,3379057,3377243.694,162.764166,76.901880,-2818.513,2625
895,162.593640,76.892726,315703.996,-2873,2633,3379055,3377242.515,162.725195,76.907866,-2835.746,2628
896,162.586298,76.900324,315706.256,-2865,2632,3379055,3377241.328,162.578563,76.907525,-2853.049,2630
897,162.578998,76.907871,315708.500,-2861,2631,3379054,3377240.151,162.577574,76.916427,-2858.161,2631
898,162.571641,76.915468,315710.758,-2857,2631,3379053,3377238.966,162.562413,76.929916,-2855.809,2630
899,162.564325,76.923015,315713.000,-2850,2630,3379052,3377237.790,162.553812,76.939487,-2843.235,2628
900,162.556953,76.930612,315715.255,-2850,2630,3379051,3377236.606,162.553543,76.939048,-2842.637,2628
901,162.549622,76.938158,315717.495,-2853,2630,3379050,3377235.431,162.554174,76.946983,-2850.735,2630
902,162.542235,76.945755,315719.748,-2872,2634,3379049,3377234.249,162.556749,76.955068,-2863.061,2632
903,162.534889,76.953301,315721.985,-2887,2636,3379048,3377233.075,162.369274,76.963040,-2845.822,2630
904,162.527485,76.960897,315724.236,-2898,2638,3379046,3377231.894,162.367360,76.963567,-2844.907,2630
905,162.520124,76.968443,315726.471,-2908,2640,3379045,3377230.722,162.367884,76.971504,-2872.424,2634
906,162.512705,76.976039,315728.720,-2914,2641,3379044,3377229.542,162.547005,76.991544,-2875.897,2634
907,162.505329,76.983584,315730.952,-2920,2642,3379042,3377228.371,162.547498,76.993184,-2875.643,2634
908,162.497894,76.991180,315733.198,-2929,2644,3379042,3377227.193,162.544443,77.002038,-2893.020,2637
909,162.490502,76.998724,315735.428,-2937,2645,3379040,3377226.023,162.554719,77.009401,-2899.796,2639
910,162.483052,77.006320,315737.672,-2946,2647,3379040,3377224.846,162.639383,77.021520,-2897.587,2639
911,162.475594,77.013915,315739.915,-2956,2649,3379039,3377223.670,162.630010,77.029014,-2905.899,2641
912,162.468730,77.020898,315741.976,-2954,2648,3379038,3377222.589,162.412394,77.036056,-2918.255,2642
913,162.461307,77.028442,315744.202,-2937,2645,3379037,3377221.422,162.412953,77.043991,-2913.362,2641
914,162.453826,77.036036,315746.441,-2921,2642,3379035,3377220.247,162.541865,77.058331,-2896.815,2639
915,162.446388,77.043580,315748.664,-2909,2640,3379035,3377219.082,162.540498,77.066165,-2875.606,2635
916,162.438891,77.051174,315750.902,-2899,2639,3379034,3377217.908,162.523583,77.069097,-2865.987,2633
917,162.431437,77.058717,315753.122,-2894,2638,3379033,3377216.744,162.352500,77.071665,-2856.313,2631
918,162.423925,77.066311,315755.357,-2889,2637,3379032,3377215.572,162.358316,77.077820,-2851.892,2630
919,162.416455,77.073854,315757.576,-2884,2636,3379031,3377214.409,162.358790,77.079461,-2851.639,2630
920,162.408927,77.081447,315759.808,-2878,2635,3379030,3377213.239,162.532059,77.101230,-2854.537,2632
921,162.401441,77.088989,315762.024,-2875,2634,3379029,3377212.077,162.532557,77.102870,-2854.951,2632
922,162.393897,77.096582,315764.254,-2879,2635,3379028,3377210.908,162.367436,77.113159,-2864.452,2633
923,162.386395,77.104124,315766.468,-2870,2634,3379027,3377209.747,162.124319,77.108875,-2832.277,2630
924,162.378835,77.111717,315768.696,-2849,2630,3379026,3377208.580,162.124664,77.116861,-2805.716,2625
925,162.371317,77.119258,315770.908,-2827,2626,3379025,3377207.421,162.401313,77.138610,-2813.210,2624
926,162.363741,77.126851,315773.133,-2811,2623,3379024,3377206.254,162.367498,77.144897,-2807.828,2623
927,162.356207,77.134392,315775.342,-2820,2625,3379022,3377205.096,162.367629,77.145472,-2805.573,2622
928,162.348615,77.141984,315777.565,-2826,2626,3379022,3377203.931,162.469314,77.164731,-2786.788,2620
929,162.341066,77.149524,315779.772,-2827,2626,3379020,3377202.775,162.170989,77.158878,-2772.185,2618
930,162.333457,77.157116,315781.993,-2825,2626,3379020,3377201.611,161.963352,77.156328,-2719.131,2614
931,162.325891,77.164656,315784.197,-2820,2625,3379019,3377200.456,161.969714,77.164573,-2714.812,2613
932,162.318267,77.172247,315786.416,-2814,2624,3379018,3377199.294,161.968072,77.166164,-2714.152,2612
933,162.310685,77.179787,315788.618,-2809,2623,3379017,3377198.140,161.993696,77.172241,-2725.305,2613
934,162.303044,77.187378,315790.834,-2806,2622,3379015,3377196.979,162.010145,77.181051,-2744.512,2616
935,162.295446,77.194917,315793.034,-2802,2622,3379015,3377195.826,162.008457,77.188885,-2762.092,2619
936,162.287788,77.202508,315795.248,-2798,2621,3379014,3377194.667,162.100811,77.210969,-2778.218,2619
937,162.280174,77.210047,315797.445,-2795,2621,3379013,3377193.515,161.837733,77.205518,-2724.800,2618
938,162.272500,77.217637,315799.657,-2793,2620,3379012,3377192.357,161.835888,77.213401,-2702.930,2614
939,162.264870,77.225175,315801.852,-2791,2620,3379011,3377191.207,161.835199,77.218139,-2694.457,2612
940,162.257179,77.232765,315804.061,-2789,2619,3379010,3377190.050,161.829296,77.225815,-2692.898,2612
941,162.249532,77.240303,315806.254,-2782,2618,3379009,3377188.902,161.829710,77.227458,-2692.869,2612
942,162.241826,77.247892,315808.461,-2776,2617,3379008,3377187.746,161.829888,77.235447,-2712.401,2615
943,162.234162,77.255430,315810.651,-2778,2618,3379007,3377186.599,162.257953,77.273301,-2760.141,2615
944,162.226439,77.263019,315812.856,-2776,2617,3379006,3377185.444,162.257686,77.272862,-2760.625,2615
945,162.218707,77.270607,315815.059,-2776,2617,3379005,3377184.291,162.256093,77.280746,-2762.010,2615
946,162.211019,77.278144,315817.246,-2775,2617,3379004,3377183.145,162.101516,77.287277,-2758.102,2615
947,162.203271,77.285732,315819.447,-2773,2617,3379002,3377181.993,162.101917,77.288969,-2757.845,2615
948,162.195566,77.293269,315821.631,-2770,2617,3379002,3377180.849,162.140045,77.308226,-2755.508,2614
949,162.187801,77.300857,315823.830,-2769,2616,3379000,3377179.698,162.144176,77.315348,-2743.373,2612
950,162.180080,77.308393,315826.012,-2768,2616,3379000,3377178.556,162.139847,77.320948,-2741.330,2611
951,162.172298,77.315980,315828.208,-2767,2616,3378999,3377177.406,162.103395,77.327104,-2739.732,2611
952,162.164560,77.323516,315830.389,-2763,2615,3378998,3377176.265,162.103518,77.327679,-2739.645,2611
953,162.156761,77.331103,315832.582,-2757,2614,3378997,3377175.116,162.107971,77.335869,-2744.572,2612
954,162.149006,77.338639,315834.760,-2752,2613,3378995,3377173.977,162.124037,77.355072,-2745.503,2612
955,162.141821,77.345614,315836.775,-2749,2613,3378995,3377172.922,162.127094,77.362549,-2744.040,2612
956,162.133997,77.353200,315838.965,-2744,2612,3378995,3377171.776,162.126125,77.366271,-2743.034,2612
957,162.126218,77.360736,315841.140,-2747,2613,3378994,3377170.638,162.126586,77.367912,-2745.064,2612
958,162.118377,77.368321,315843.328,-2761,2615,3378993,3377169.493,162.026279,77.377195,-2740.581,2612
959,162.110581,77.375856,315845.500,-2776,2618,3378992,3377168.356,162.021882,77.382793,-2739.542,2612
960,162.102724,77.383441,315847.685,-2789,2620,3378991,3377167.212,162.029430,77.387990,-2743.287,2612
961,162.094911,77.390975,315849.855,-2799,2622,3378990,3377166.077,162.023634,77.395619,-2759.137,2615
962,162.087036,77.398560,315852.039,-2808,2624,3378989,3377164.935,162.038356,77.404321,-2779.077,2619
963,162.079206,77.406094,315854.206,-2816,2625,3378988,3377163.801,162.242433,77.427523,-2785.089,2621
964,162.071314,77.413679,315856.387,-2827,2627,3378987,3377162.660,162.256293,77.433014,-2782.958,2621
965,162.063467,77.421212,315858.552,-2845,2630,3378986,3377161.527,162.257826,77.437851,-2787.954,2622
966,162.055558,77.428796,315860.731,-2865,2634,3378985,3377160.387,162.270694,77.446439,-2803.915,2625
967,162.047694,77.436329,315862.893,-2884,2637,3378984,3377159.256,162.219539,77.451859,-2830.824,2629
968,162.039767,77.443913,315865.070,-2898,2640,3378982,3377158.118,162.197237,77.458734,-2850.655,2633
969,162.031886,77.451445,315867.230,-2925,2645,3378982,3377156.988,162.100505,77.461909,-2887.179,2638
970,162.023942,77.459028,315869.404,-2939,2647,3378981,3377155.851,162.098810,77.469792,-2903.860,2641
971,162.016043,77.466561,315871.562,-2942,2648,3378980,3377154.722,162.086816,77.477117,-2921.152,2644
972,162.008082,77.474143,315873.734,-2945,2648,3378979,3377153.586,162.085112,77.485000,-2936.305,2647
973,162.000166,77.481675,315875.889,-2947,2649,3378978,3377152.459,162.015414,77.490532,-2944.311,2648
974,161.992188,77.489257,315878.059,-2947,2649,3378977,3377151.325,161.954111,77.503868,-2944.263,2648
975,161.984254,77.496789,315880.212,-2946,2649,3378975,3377150.199,161.959691,77.508912,-2942.398,2648
976,161.976258,77.504371,315882.379,-2943,2648,3378975,3377149.066,161.907002,77.517421,-2938.239,2647
977,161.968307,77.511901,315884.530,-2943,2648,3378974,3377147.941,161.907315,77.525355,-2934.166,2647
978,161.960294,77.519483,315886.694,-2943,2648,3378973,3377146.810,161.905951,77.528010,-2933.965,2646
979,161.952271,77.527064,315888.858,-2944,2648,3378972,3377145.679,162.210024,77.557163,-2899.122,2644
980,161.944294,77.534594,315891.005,-2944,2648,3378970,3377144.556,162.210158,77.557737,-2900.120,2644
981,161.936254,77.542175,315893.166,-2943,2648,3378970,3377143.426,162.209558,77.562524,-2902.241,2645
982,161.928259,77.549705,315895.312,-2943,2648,3378969,3377142.305,162.172517,77.568642,-2915.081,2646
983,161.920201,77.557285,315897.470,-2942,2648,3378968,3377141.177,161.728095,77.565210,-2921.258,2646
984,161.912188,77.564815,315899.613,-2940,2648,3378967,3377140.057,161.728302,77.573145,-2914.329,2645
985,161.904113,77.572395,315901.769,-2938,2647,3378966,3377138.930,161.742734,77.580795,-2912.859,2644
986,161.896082,77.579924,315903.910,-2936,2647,3378965,3377137.811,161.742952,77.588729,-2908.625,2643
987,161.887989,77.587503,315906.064,-2933,2647,3378964,3377136.686,161.744576,77.594687,-2906.741,2643
988,161.879941,77.595032,315908.202,-2931,2646,3378962,3377135.568,161.734983,77.604233,-2904.297,2642
989,161.871829,77.602611,315910.354,-2929,2646,3378962,3377134.444,161.633102,77.608156,-2891.632,2642
990,161.863763,77.610139,315912.490,-2928,2646,3378961,3377133.328,161.626987,77.615776,-2887.503,2641
991,161.855634,77.617717,315914.639,-2929,2646,3378960,3377132.205,161.624076,77.620458,-2885.893,2641
992,161.847550,77.625245,315916.772,-2924,2645,3378960,3377131.091,161.624486,77.622101,-2885.816,2641
993,161.839402,77.632823,315918.919,-2918,2644,3378959,3377129.969,161.624579,77.630087,-2886.968,2641
994,161.831300,77.640350,315921.051,-2910,2643,3378958,3377128.856,161.811617,77.655735,-2901.009,2641
995,161.823135,77.647928,315923.195,-2902,2642,3378957,3377127.736,161.812322,77.658493,-2900.602,2641
996,161.815015,77.655455,315925.324,-2901,2641,3378955,3377126.624,161.811304,77.662163,-2900.810,2641
997,161.806831,77.663032,315927.466,-2902,2642,3378955,3377125.505,161.850155,77.681501,-2894.985,2640
998,161.799298,77.669999,315929.435,-2900,2641,3378954,3377124.477,161.836334,77.688152,-2890.894,2640
999,161.791151,77.677525,315931.560,-2897,2641,3378953,3377123.367,161.836776,77.689793,-2890.680,2639
1000,161.782941,77.685102,315933.699,-2894,2640,3378952,3377122.250,161.819203,77.693752,-2891.569,2640
1001,161.774776,77.692627,315935.822,-2893,2640,3378950,3377121.141,161.813167,77.701375,-2891.197,2640
1002,161.766547,77.700204,315937.958,-2894,2640,3378950,3377120.026,161.811283,77.709256,-2891.204,2639
1003,161.758364,77.707729,315940.079,-2896,2640,3378949,3377118.918,161.811560,77.717190,-2890.954,2639
1004,161.750117,77.715305,315942.213,-2899,2641,3378948,3377117.804,161.803346,77.724760,-2891.369,2640
1005,161.741915,77.722829,315944.332,-2900,2641,3378947,3377116.698,161.827662,77.743323,-2887.782,2639
1006,161.733649,77.730405,315946.463,-2900,2641,3378946,3377115.585,161.881086,77.754953,-2878.160,2639
1007,161.725430,77.737929,315948.580,-2902,2642,3378945,3377114.481,161.852588,77.757282,-2877.874,2638
1008,161.717145,77.745504,315950.709,-2900,2641,3378944,3377113.369,161.874008,77.766297,-2873.498,2638
1009,161.708907,77.753028,315952.823,-2898,2641,3378942,3377112.266,161.872343,77.767834,-2873.384,2638
1010,161.700604,77.760602,315954.950,-2896,2640,3378942,3377111.156,161.868375,77.775612,-2874.968,2638
1011,161.692347,77.768125,315957.061,-2893,2640,3378941,3377110.054,161.868696,77.783545,-2878.557,2639
1012,161.684025,77.775699,315959.186,-2893,2640,3378940,3377108.945,161.672172,77.782944,-2889.145,2639
1013,161.675750,77.783222,315961.295,-2897,2641,3378940,3377107.844,161.666011,77.790564,-2890.031,2639
1014,161.667409,77.790796,315963.417,-2900,2642,3378939,3377106.737,161.695841,77.800012,-2895.817,2641
1015,161.659059,77.798369,315965.538,-2900,2642,3378938,3377105.630,161.693877,77.807892,-2899.361,2641
1016,161.650756,77.805891,315967.644,-2898,2641,3378937,3377104.532,161.658702,77.823541,-2896.633,2641
1017,161.642387,77.813464,315969.762,-2895,2641,3378935,3377103.426,161.724448,77.833693,-2891.736,2641
1018,161.634065,77.820986,315971.866,-2894,2640,3378935,3377102.329,161.724685,77.841627,-2887.525,2640
1019,161.625677,77.828558,315973.982,-2891,2640,3378934,3377101.225,161.707829,77.848778,-2884.290,2639
1020,161.617336,77.836080,315976.083,-2892,2640,3378933,3377100.129,161.704004,77.850210,-2884.081,2639
1021,161.608929,77.843652,315978.197,-2894,2641,3378932,3377099.026,161.705343,77.855100,-2883.703,2639
1022,161.600569,77.851172,315980.295,-2895,2641,3378930,3377097.931,161.656542,77.860633,-2884.649,2639
1023,161.592143,77.858744,315982.407,-2897,2641,3378930,3377096.830,161.656682,77.868617,-2888.321,2640
1024,161.583764,77.866264,315984.503,-2895,2641,3378929,3377095.737,161.642258,77.876885,-2892.204,2640
1025,161.575319,77.873835,315986.613,-2894,2641,3378928,3377094.637,161.610051,77.882231,-2892.539,2640
1026,161.566921,77.881355,315988.706,-2897,2641,3378927,3377093.545,161.604125,77.890916,-2893.167,2640
1027,161.558456,77.888926,315990.813,-2900,2642,3378926,3377092.446,161.623474,77.899844,-2892.984,2641
1028,161.550039,77.896445,315992.905,-2900,2642,3378925,3377091.356,161.617236,77.907463,-2894.935,2641
1029,161.541555,77.904015,315995.009,-2898,2641,3378924,3377090.258,161.549213,77.920511,-2895.879,2641
1030,161.533119,77.911534,315997.099,-2895,2641,3378923,3377089.169,161.553942,77.929721,-2891.630,2640
1031,161.524616,77.919104,315999.201,-2895,2641,3378923,3377088.073,161.553373,77.928214,-2891.876,2640
1032,161.516160,77.926622,316001.288,-2896,2641,3378922,3377086.985,161.547700,77.937964,-2892.355,2641
1033,161.507638,77.934191,316003.388,-2898,2642,3378921,3377085.891,161.553592,77.944132,-2893.575,2641
1034,161.499163,77.941709,316005.472,-2895,2641,3378920,3377084.804,161.548847,77.957081,-2892.594,2641
1035,161.490621,77.949278,316007.570,-2894,2641,3378919,3377083.711,161.532669,77.967421,-2889.352,2640
1036,161.482127,77.956795,316009.652,-2893,2641,3378917,3377082.626,161.532157,77.965863,-2889.438,2640
1037,161.473565,77.964364,316011.747,-2891,2641,3378917,3377081.534,161.412729,77.978479,-2885.620,2640
1038,161.465051,77.971881,316013.827,-2886,2640,3378915,3377080.450,161.414933,77.986519,-2882.100,2639
1039,161.456470,77.979448,316015.920,-2883,2639,3378915,3377079.359,161.414028,77.991304,-2880.828,2639
1040,161.447936,77.986965,316017.997,-2883,2639,3378914,3377078.277,161.391291,78.001267,-2878.061,2638
1041,161.439335,77.994532,316020.087,-2882,2639,3378913,3377077.187,161.386665,78.007972,-2875.931,2638
1042,161.431418,78.001490,316022.008,-2882,2639,3378912,3377076.187,161.350988,78.014603,-2871.394,2637
1043,161.422856,78.009006,316024.083,-2883,2639,3378910,3377075.106,161.342375,78.022109,-2869.233,2637
1044,161.414226,78.016572,316026.169,-2882,2639,3378910,3377074.019,161.342712,78.023802,-2868.990,2637
1045,161.405644,78.024087,316028.241,-2884,2639,3378910,3377072.940,161.338406,78.031522,-2868.160,2637
1046,161.396995,78.031653,316030.326,-2886,2640,3378909,3377071.854,161.342677,78.039720,-2872.928,2637
1047,161.388393,78.039168,316032.395,-2899,2642,3378908,3377070.776,161.296136,78.041143,-2881.752,2639
1048,161.379723,78.046734,316034.477,-2903,2643,3378907,3377069.691,161.259321,78.047306,-2887.869,2641
1049,161.371043,78.054299,316036.558,-2906,2644,3378906,3377068.607,161.265709,78.055612,-2895.179,2642
1050,161.362412,78.061813,316038.624,-2910,2644,3378905,3377067.532,161.274329,78.063976,-2901.343,2643
1051,161.353712,78.069378,316040.703,-2913,2645,3378904,3377066.449,161.280737,78.072282,-2906.127,2644
1052,161.345060,78.076892,316042.766,-2915,2645,3378903,3377065.375,161.278546,78.080109,-2910.758,2644
1053,161.336340,78.084456,316044.843,-2916,2645,3378902,3377064.293,161.350337,78.092687,-2914.239,2645
1054,161.327668,78.091970,316046.904,-2922,2646,3378901,3377063.220,161.335163,78.099873,-2916.213,2645
1055,161.318928,78.099533,316048.978,-2922,2646,3378900,3377062.140,161.202675,78.101317,-2913.979,2645
1056,161.310236,78.107046,316051.037,-2922,2646,3378899,3377061.069,161.204897,78.117784,-2913.797,2645
1057,161.301475,78.114609,316053.108,-2916,2645,3378897,3377059.990,161.359555,78.134438,-2910.592,2645
1058,161.292763,78.122122,316055.165,-2914,2645,3378897,3377058.920,161.357480,78.134906,-2909.387,2644
1059,161.283982,78.129684,316057.234,-2914,2645,3378897,3377057.843,161.219815,78.142439,-2906.259,2644
1060,161.275250,78.137196,316059.288,-2912,2645,3378895,3377056.773,161.218312,78.145040,-2906.001,2644
1061,161.266448,78.144759,316061.355,-2914,2645,3378895,3377055.698,161.124018,78.154675,-2900.298,2644
1062,161.257696,78.152270,316063.407,-2915,2645,3378894,3377054.630,161.123547,78.153118,-2900.519,2643
1063,161.248873,78.159832,316065.471,-2920,2646,3378893,3377053.556,161.123368,78.161102,-2904.385,2644
1064,161.240100,78.167343,316067.521,-2924,2647,3378892,3377052.489,161.037921,78.163735,-2901.344,2645
1065,161.231258,78.174904,316069.583,-2924,2647,3378890,3377051.416,161.118705,78.176804,-2912.406,2645
1066,161.222464,78.182414,316071.630,-2923,2647,3378890,3377050.351,161.296150,78.202943,-2910.897,2645
1067,161.213600,78.189975,316073.690,-2918,2646,3378889,3377049.279,161.197252,78.205033,-2910.406,2645
1068,161.204786,78.197485,316075.734,-2910,2645,3378888,3377048.216,161.195738,78.207633,-2910.038,2644
1069,161.195902,78.205045,316077.792,-2911,2645,3378887,3377047.145,161.260468,78.215639,-2908.656,2644
1070,161.187067,78.212554,316079.834,-2914,2645,3378886,3377046.083,161.258252,78.223465,-2909.800,2645
1071,161.178162,78.220114,316081.889,-2914,2646,3378886,3377045.014,161.151080,78.235669,-2910.604,2645
1072,161.169306,78.227623,316083.929,-2912,2645,3378885,3377043.953,161.146595,78.243386,-2908.070,2645
1073,161.160380,78.235182,316085.982,-2908,2645,3378884,3377042.885,161.145293,78.247104,-2907.212,2644
1074,161.151503,78.242691,316088.020,-2908,2645,3378883,3377041.826,161.083960,78.253073,-2905.371,2644
1075,161.142556,78.250249,316090.070,-2909,2645,3378882,3377040.759,161.084272,78.254766,-2905.132,2644
1076,161.133659,78.257757,316092.105,-2915,2646,3378881,3377039.701,161.079739,78.262482,-2906.295,2644
1077,161.124691,78.265315,316094.153,-2918,2646,3378880,3377038.636,161.006689,78.265811,-2905.854,2645
1078,161.115772,78.272823,316096.186,-2914,2646,3378879,3377037.579,161.092959,78.288541,-2908.377,2645
1079,161.106783,78.280380,316098.232,-2909,2645,3378877,3377036.516,161.092772,78.296524,-2904.922,2644
1080,161.097843,78.287887,316100.262,-2903,2644,3378877,3377035.460,161.091510,78.300191,-2903.740,2644
1081,161.088833,78.295444,316102.306,-2906,2644,3378875,3377034.398,161.078591,78.301233,-2903.594,2644
1082,161.079872,78.302951,316104.334,-2910,2645,3378875,3377033.344,161.138064,78.312087,-2903.792,2644
1083,161.070840,78.310507,316106.375,-2914,2646,3378875,3377032.283,161.131281,78.319746,-2906.385,2645
1084,161.061858,78.318013,316108.401,-2918,2647,3378874,3377031.230,161.131183,78.327679,-2908.495,2645
1085,161.052804,78.325569,316110.439,-2922,2647,3378873,3377030.170,161.117750,78.335014,-2912.856,2646
1086,161.044471,78.332517,316112.312,-2925,2648,3378872,3377029.197,161.096175,78.341307,-2918.309,2647
1087,161.035397,78.340073,316114.349,-2928,2648,3378870,3377028.139,160.866308,78.348500,-2910.969,2646
1088,161.026373,78.347577,316116.370,-2928,2648,3378870,3377027.089,160.865859,78.346942,-2911.187,2646
1089,161.017277,78.355132,316118.404,-2928,2648,3378869,3377026.032,160.861097,78.354706,-2911.851,2646
1090,161.008232,78.362637,316120.423,-2925,2648,3378868,3377024.983,161.040709,78.380986,-2921.013,2647
1091,160.999114,78.370191,316122.454,-2923,2647,3378867,3377023.927,161.039365,78.384703,-2920.106,2647
1092,160.990047,78.377695,316124.471,-2927,2648,3378867,3377022.880,161.037800,78.387302,-2919.660,2647
1093,160.980908,78.385249,316126.500,-2926,2648,3378866,3377021.826,161.033138,78.395068,-2921.466,2647
1094,160.971820,78.392752,316128.514,-2926,2648,3378865,3377020.780,161.028533,78.402783,-2922.724,2648
1095,160.962659,78.400306,316130.541,-2925,2648,3378864,3377019.727,161.125521,78.420756,-2913.889,2647
1096,160.953549,78.407809,316132.553,-2923,2648,3378863,3377018.682,160.712339,78.412586,-2907.554,2647
1097,160.944366,78.415362,316134.577,-2922,2647,3378862,3377017.631,160.874429,78.428633,-2908.155,2645
1098,160.935234,78.422864,316136.587,-2920,2647,3378861,3377016.587,160.874782,78.430275,-2903.483,2644
1099,160.926029,78.430416,316138.609,-2915,2646,3378860,3377015.537,160.873382,78.433991,-2904.771,2644
1100,160.916875,78.437918,316140.616,-2914,2646,3378859,3377014.495,160.695125,78.443641,-2895.543,2645
1101,160.907648,78.445470,316142.635,-2911,2646,3378857,3377013.446,160.693921,78.448424,-2894.045,2644
1102,160.898472,78.452971,316144.640,-2911,2646,3378857,3377012.406,160.764189,78.456706,-2900.008,2644
1103,160.889223,78.460523,316146.658,-2911,2646,3378857,3377011.358,160.818855,78.464249,-2902.851,2644
1104,160.880025,78.468023,316148.660,-2913,2646,3378856,3377010.319,160.814088,78.471962,-2903.032,2644
1105,160.870753,78.475574,316150.675,-2917,2647,3378855,3377009.273,160.724017,78.474455,-2901.270,2645
1106,160.861533,78.483074,316152.675,-2920,2648,3378854,3377008.235,160.716948,78.482055,-2905.385,2646
1107,160.852239,78.490624,316154.688,-2921,2648,3378853,3377007.190,160.716522,78.490039,-2912.558,2647
1108,160.842997,78.498124,316156.685,-2921,2648,3378852,3377006.153,160.829003,78.506698,-2921.089,2648
1109,160.833681,78.505674,316158.695,-2924,2648,3378850,3377005.110,160.827852,78.511481,-2922.151,2648
1110,160.824416,78.513173,316160.691,-2929,2649,3378850,3377004.075,160.856754,78.520843,-2924.192,2648
1111,160.815078,78.520722,316162.699,-2933,2650,3378850,3377003.033,160.664859,78.525717,-2922.687,2649
1112,160.805790,78.528220,316164.692,-2934,2650,3378849,3377001.999,160.595862,78.524967,-2916.735,2649
1113,160.796429,78.535769,316166.697,-2934,2650,3378848,3377000.959,160.595339,78.542442,-2916.298,2649
1114,160.787120,78.543267,316168.688,-2932,2650,3378847,3376999.926,160.923673,78.566516,-2915.737,2648
1115,160.777736,78.550815,316170.691,-2931,2650,3378845,3376998.887,160.594392,78.558357,-2911.636,2648
1116,160.768403,78.558312,316172.679,-2928,2649,3378845,3376997.855,160.593952,78.566290,-2908.684,2647
1117,160.758997,78.565860,316174.680,-2927,2649,3378844,3376996.818,160.592701,78.571072,-2907.222,2646
1118,160.749642,78.573357,316176.666,-2926,2649,3378843,3376995.788,160.593021,78.572714,-2907.163,2646
1119,160.740212,78.580904,316178.664,-2927,2649,3378842,3376994.751,160.569972,78.579579,-2906.498,2646
1120,160.730835,78.588400,316180.648,-2929,2649,3378842,3376993.723,160.474703,78.592285,-2900.949,2647
1121,160.721382,78.595947,316182.644,-2931,2650,3378841,3376992.688,160.476375,78.600380,-2892.089,2645
1122,160.711982,78.603442,316184.625,-2932,2650,3378840,3376991.661,160.476680,78.602023,-2891.864,2645
1123,160.702506,78.610988,316186.618,-2932,2650,3378839,3376990.627,160.477398,78.605850,-2891.673,2645
1124,160.693083,78.618484,316188.597,-2930,2650,3378837,3376989.601,160.474621,78.613670,-2894.435,2645
1125,160.683584,78.626029,316190.588,-2931,2650,3378837,3376988.569,160.467252,78.621316,-2903.556,2647
1126,160.674074,78.633574,316192.578,-2932,2650,3378836,3376987.537,160.524966,78.639580,-2911.975,2647
1127,160.664616,78.641068,316194.554,-2930,2650,3378835,3376986.513,160.525279,78.641222,-2911.779,2647
1128,160.655082,78.648613,316196.541,-2929,2650,3378834,3376985.483,160.524732,78.649205,-2916.606,2648
1129,160.645601,78.656107,316198.514,-2926,2649,3378834,3376984.461,160.725687,78.673346,-2917.453,2648
1130,160.636814,78.663043,316200.340,-2928,2650,3378833,3376983.515,160.726469,78.673364,-2918.784,2648
1131,160.627247,78.670587,316202.324,-2933,2651,3378832,3376982.486,160.669502,78.689132,-2917.804,2648
1132,160.617731,78.678080,316204.293,-2936,2651,3378830,3376981.466,160.663528,78.692574,-2914.586,2647
1133,160.608140,78.685623,316206.275,-2935,2651,3378830,3376980.439,160.532749,78.692060,-2913.739,2647
1134,160.598602,78.693115,316208.242,-2933,2651,3378829,3376979.420,160.529009,78.695611,-2915.867,2647
1135,160.588987,78.700658,316210.222,-2924,2649,3378828,3376978.394,160.532233,78.710108,-2914.897,2647
1136,160.579425,78.708150,316212.187,-2927,2650,3378828,3376977.377,160.601993,78.719372,-2916.000,2648
1137,160.569786,78.715692,316214.164,-2926,2649,3378827,3376976.352,160.313409,78.709958,-2901.528,2648
1138,160.560201,78.723183,316216.126,-2920,2648,3378825,3376975.336,160.554350,78.738274,-2912.715,2647
1139,160.550538,78.730725,316218.101,-2937,2651,3378825,3376974.313,160.554860,78.741033,-2912.342,2647
1140,160.540929,78.738215,316220.061,-2936,2651,3378824,3376973.298,160.360573,78.741525,-2905.192,2647
1141,160.531243,78.745756,316222.033,-2929,2650,3378823,3376972.277,160.335905,78.743038,-2903.987,2647
1142,160.521610,78.753246,316223.991,-2927,2650,3378822,3376971.263,160.486029,78.757359,-2917.965,2648
1143,160.511900,78.760787,316225.961,-2924,2649,3378821,3376970.243,160.439545,78.772580,-2920.158,2648
1144,160.502243,78.768276,316227.916,-2927,2650,3378821,3376969.231,160.439371,78.772088,-2920.279,2648
1145,160.492509,78.775816,316229.883,-2943,2653,3378820,3376968.212,160.303338,78.782879,-2908.045,2648
1146,160.482828,78.783305,316231.837,-2944,2653,3378819,3376967.201,160.405259,78.792711,-2908.385,2647
1147,160.473070,78.790844,316233.802,-2944,2653,3378817,3376966.184,160.403203,78.794290,-2909.061,2646
1148,160.463365,78.798332,316235.752,-2929,2650,3378817,3376965.174,160.350527,78.802820,-2915.244,2648
1149,160.453583,78.805871,316237.715,-2924,2649,3378816,3376964.158,160.436394,78.821387,-2916.078,2648
1150,160.443854,78.813359,316239.663,-2912,2647,3378815,3376963.150,160.438164,78.829431,-2908.246,2647
1151,160.434047,78.820897,316241.624,-2911,2647,3378814,3376962.135,160.436594,78.833144,-2906.108,2646
1152,160.424294,78.828384,316243.570,-2917,2648,3378814,3376961.128,160.404893,78.834274,-2904.567,2646
1153,160.414463,78.835921,316245.528,-2919,2649,3378813,3376960.115,160.615811,78.858858,-2904.045,2648
1154,160.404685,78.843408,316247.471,-2919,2649,3378812,3376959.109,160.615890,78.859432,-2905.384,2648
1155,160.394829,78.850945,316249.427,-2925,2650,3378810,3376958.098,160.414645,78.858733,-2919.339,2648
1156,160.385027,78.858431,316251.368,-2928,2650,3378810,3376957.093,160.377139,78.864857,-2921.796,2649
1157,160.375147,78.865967,316253.321,-2935,2651,3378809,3376956.083,160.509581,78.884590,-2917.598,2649
1158,160.365321,78.873452,316255.260,-2944,2653,3378808,3376955.080,160.509105,78.892520,-2914.537,2649
1159,160.355415,78.880988,316257.211,-2949,2654,3378808,3376954.071,160.507048,78.894100,-2914.437,2649
1160,160.345498,78.888524,316259.161,-2952,2655,3378807,3376953.063,160.513460,78.902417,-2916.492,2649
1161,160.335634,78.896008,316261.096,-2937,2652,3378805,3376952.062,160.328917,78.907733,-2920.615,2649
1162,160.325692,78.903543,316263.043,-2956,2655,3378805,3376951.055,160.329150,78.909425,-2920.389,2649
1163,160.315804,78.911027,316264.976,-2932,2651,3378804,3376950.055,160.288887,78.924916,-2923.461,2649
1164,160.305836,78.918561,316266.921,-2925,2650,3378803,3376949.050,160.289348,78.927676,-2923.259,2649
1165,160.295923,78.926044,316268.852,-2961,2656,3378802,3376948.052,160.246905,78.933557,-2925.392,2650
1166,160.285931,78.933578,316270.794,-2961,2656,3378802,3376947.047,160.147599,78.943023,-2917.576,2649
1167,160.275993,78.941061,316272.722,-2956,2656,3378801,3376946.051,160.218974,78.954503,-2919.048,2649
1168,160.265975,78.948594,316274.662,-2923,2650,3378800,3376945.048,160.220330,78.961531,-2913.835,2648
1169,160.256012,78.956076,316276.588,-2948,2654,3378799,3376944.052,160.220617,78.963173,-2914.367,2648
1170,160.245969,78.963608,316278.526,-2949,2654,3378798,3376943.051,160.219190,78.967952,-2915.704,2648
1171,160.235981,78.971090,316280.450,-2955,2655,3378797,3376942.057,160.302703,78.981049,-2927.743,2651
1172,160.225913,78.978621,316282.385,-2956,2656,3378796,3376941.057,160.299684,78.988916,-2934.699,2652
1173,160.215899,78.986102,316284.306,-2956,2656,3378796,3376940.064,160.193677,79.001210,-2929.820,2651
1174,160.205806,78.993633,316286.239,-2937,2652,3378795,3376939.065,160.213731,79.009151,-2917.018,2649
1175,160.195767,79.001114,316288.158,-2918,2649,3378794,3376938.074,160.211909,79.011746,-2916.674,2649
1176,160.186463,79.008038,316289.933,-2949,2654,3378792,3376937.157,160.070603,79.018527,-2917.722,2649
1177,160.176332,79.015568,316291.862,-2947,2654,3378792,3376936.160,160.088479,79.027429,-2915.600,2649
1178,160.166256,79.023047,316293.778,-2940,2653,3378790,3376935.171,160.087879,79.024802,-2915.447,2648
1179,160.156099,79.030577,316295.705,-2950,2655,3378790,3376934.175,159.936346,79.032736,-2904.343,2648
1180,160.145997,79.038056,316297.618,-2955,2656,3378790,3376933.187,159.936593,79.034378,-2904.126,2648
1181,160.135814,79.045585,316299.542,-2954,2656,3378789,3376932.193,160.227862,79.063037,-2917.400,2649
1182,160.125687,79.053063,316301.453,-2956,2656,3378788,3376931.207,160.243425,79.070697,-2915.113,2649
1183,160.115478,79.060591,316303.375,-2948,2654,3378787,3376930.214,160.154216,79.078606,-2908.100,2648
1184,160.105325,79.068069,316305.284,-2923,2650,3378785,3376929.229,160.154499,79.080248,-2907.884,2647
1185,160.095090,79.075597,316307.203,-2957,2656,3378785,3376928.238,160.155165,79.084074,-2909.436,2648
1186,160.084911,79.083074,316309.109,-2947,2654,3378785,3376927.254,160.154449,79.092004,-2918.643,2649
1187,160.074650,79.090601,316311.027,-2940,2653,3378784,3376926.264,160.075744,79.106753,-2924.150,2650
1188,160.064445,79.098077,316312.930,-2936,2652,3378783,3376925.282,160.055882,79.112694,-2917.704,2649
1189,160.054158,79.105604,316314.846,-2917,2649,3378782,3376924.293,160.296034,79.132335,-2899.990,2649
1190,160.043927,79.113079,316316.747,-2921,2650,3378781,3376923.312,160.014307,79.127710,-2913.735,2648
1191,160.033613,79.120605,316318.659,-2932,2652,3378780,3376922.325,160.250690,79.139798,-2896.374,2647
1192,160.023356,79.128080,316320.558,-2935,2652,3378780,3376921.345,160.110408,79.140986,-2906.774,2648
1193,160.013016,79.135605,316322.469,-2941,2654,3378779,3376920.359,160.108923,79.145765,-2913.093,2649
1194,160.002732,79.143080,316324.365,-2941,2654,3378778,3376919.381,159.951713,79.156636,-2909.505,2648
1195,159.992366,79.150605,316326.273,-2930,2652,3378777,3376918.396,159.952944,79.163664,-2896.698,2646
1196,159.982055,79.158078,316328.167,-2896,2645,3378776,3376917.419,159.953410,79.166373,-2895.899,2645
1197,159.971662,79.165602,316330.073,-2927,2651,3378775,3376916.436,159.954015,79.170200,-2896.844,2645
1198,159.961325,79.173075,316331.964,-2917,2649,3378775,3376915.461,159.924701,79.176738,-2912.324,2648
1199,159.950905,79.180599,316333.868,-2931,2652,3378774,3376914.479,159.828484,79.190613,-2902.682,2647
1200,159.940472,79.188122,316335.770,-2916,2649,3378772,3376913.498,159.822717,79.198359,-2894.506,2646
1201,159.930095,79.195594,316337.658,-2927,2651,3378772,3376912.525,159.821568,79.205221,-2888.279,2645
1202,159.919634,79.203116,316339.557,-2926,2651,3378770,3376911.545,159.821143,79.203712,-2888.476,2644
1203,159.909231,79.210588,316341.443,-2924,2650,3378770,3376910.573,159.727012,79.217625,-2892.916,2646
1204,159.898743,79.218110,316343.340,-2924,2651,3378770,3376909.595,160.085608,79.242090,-2889.600,2646
1205,159.888312,79.225580,316345.224,-2922,2650,3378769,3376908.624,160.060963,79.248869,-2887.998,2646
1206,159.877798,79.233102,316347.119,-2918,2650,3378768,3376907.647,160.063115,79.248541,-2887.818,2646
1207,159.867340,79.240572,316349.000,-2914,2649,3378767,3376906.677,160.007165,79.252753,-2893.078,2646
1208,159.856798,79.248092,316350.892,-2917,2649,3378765,3376905.702,160.099544,79.265220,-2887.046,2647
1209,159.846313,79.255562,316352.771,-2926,2651,3378765,3376904.734,159.592563,79.249485,-2886.196,2646
1210,159.835744,79.263082,316354.661,-2931,2652,3378765,3376903.760,160.121940,79.282274,-2890.618,2648
1211,159.825231,79.270551,316356.537,-2937,2653,3378764,3376902.793,160.116414,79.289974,-2895.790,2649
1212,159.814635,79.278070,316358.425,-2936,2653,3378763,3376901.820,159.621747,79.284521,-2909.661,2650
1213,159.804095,79.285538,316360.299,-2931,2652,3378762,3376900.855,159.622501,79.289366,-2906.701,2649
1214,159.793470,79.293056,316362.184,-2915,2649,3378761,3376899.884,159.686565,79.303735,-2893.624,2646
1215,159.782903,79.300524,316364.055,-2915,2649,3378760,3376898.919,159.717380,79.303705,-2895.961,2646
1216,159.772251,79.308042,316365.938,-2922,2651,3378760,3376897.950,159.684917,79.309087,-2900.045,2647
1217,159.761657,79.315509,316367.807,-2922,2651,3378759,3376896.987,159.614486,79.314659,-2907.104,2649
1218,159.750976,79.323026,316369.688,-2926,2651,3378758,3376896.018,159.648580,79.333900,-2901.849,2647
1219,159.740354,79.330492,316371.555,-2927,2652,3378757,3376895.057,159.647505,79.341828,-2886.051,2645
1220,159.729646,79.338009,316373.433,-2932,2653,3378756,3376894.090,159.647652,79.343521,-2887.167,2645
1221,159.719788,79.344919,316375.159,-2933,2653,3378756,3376893.201,159.646630,79.346626,-2897.601,2646
1222,159.709125,79.352385,316377.022,-2932,2653,3378755,3376892.242,159.587790,79.351716,-2897.836,2647
1223,159.698376,79.359900,316378.897,-2924,2651,3378754,3376891.277,159.541030,79.358507,-2897.130,2647
1224,159.687684,79.367365,316380.758,-2913,2649,3378752,3376890.319,159.547984,79.372130,-2897.271,2647
1225,159.676907,79.374880,316382.630,-2911,2649,3378752,3376889.355,159.522818,79.379987,-2889.820,2646
1226,159.666188,79.382344,316384.488,-2908,2648,3378750,3376888.398,159.795135,79.403375,-2879.992,2644
1227,159.655382,79.389858,316386.358,-2890,2645,3378750,3376887.436,159.641621,79.403953,-2860.974,2640
1228,159.644635,79.397321,316388.214,-2860,2640,3378750,3376886.481,159.640542,79.411880,-2825.627,2634
1229,159.633800,79.404834,316390.082,-2838,2636,3378749,3376885.520,159.640877,79.414639,-2825.274,2634
1230,159.623024,79.412297,316391.936,-2837,2636,3378748,3376884.566,159.819641,79.433385,-2797.826,2631
1231,159.612162,79.419810,316393.801,-2865,2641,3378747,3376883.606,159.818212,79.439228,-2794.803,2630
1232,159.601357,79.427272,316395.652,-2868,2641,3378747,3376882.654,159.819079,79.444071,-2793.741,2630
1233,159.590466,79.434784,316397.515,-2875,2643,3378745,3376881.696,159.854329,79.452729,-2789.417,2630
1234,159.579560,79.442296,316399.376,-2874,2642,3378745,3376880.738,159.850903,79.460591,-2792.027,2631
1235,159.568712,79.449756,316401.224,-2871,2642,3378744,3376879.788,159.845109,79.468286,-2801.216,2632
1236,159.557777,79.457267,316403.083,-2868,2641,3378743,3376878.832,159.846548,79.476381,-2806.742,2634
1237,159.546901,79.464728,316404.929,-2863,2641,3378743,3376877.883,159.326433,79.469651,-2809.931,2633
1238,159.535937,79.472238,316406.786,-2853,2639,3378742,3376876.928,159.322615,79.477508,-2797.488,2631
1239,159.525032,79.479698,316408.629,-2841,2637,3378741,3376875.980,159.321299,79.485435,-2786.870,2629
1240,159.514039,79.487207,316410.483,-2829,2635,3378740,3376875.027,159.354011,79.495096,-2783.367,2627
1241,159.503105,79.494666,316412.324,-2811,2631,3378739,3376874.080,159.352237,79.499821,-2779.906,2627
1242,159.492083,79.502175,316414.176,-2799,2629,3378738,3376873.128,159.458245,79.513067,-2781.756,2626
1243,159.481120,79.509633,316416.014,-2800,2630,3378738,3376872.183,159.458443,79.514708,-2781.548,2626
1244,159.470068,79.517141,316417.864,-2809,2631,3378737,3376871.233,159.459599,79.522806,-2791.523,2628
1245,159.459075,79.524599,316419.700,-2828,2635,3378736,3376870.289,159.460831,79.530853,-2808.729,2631
1246,159.447994,79.532106,316421.547,-2849,2638,3378735,3376869.340,159.461820,79.537883,-2826.506,2634
1247,159.436972,79.539563,316423.380,-2868,2642,3378734,3376868.398,159.455710,79.545573,-2843.980,2637
1248,159.425861,79.547070,316425.225,-2888,2645,3378734,3376867.450,159.478933,79.554743,-2861.823,2641
1249,159.414810,79.554526,316427.056,-2896,2647,3378732,3376866.509,159.477734,79.562670,-2876.490,2643
1250,159.403669,79.562032,316428.899,-2912,2650,3378732,3376865.563,159.486282,79.571125,-2890.091,2646
1251,159.392589,79.569487,316430.728,-2918,2651,3378731,3376864.623,159.487547,79.579171,-2902.745,2648
1252,159.381418,79.576993,316432.567,-2922,2651,3378730,3376863.678,159.424818,79.584168,-2915.116,2650
1253,159.370307,79.584448,316434.394,-2926,2652,3378730,3376862.740,159.219771,79.583182,-2911.296,2650
1254,159.359107,79.591952,316436.232,-2929,2653,3378729,3376861.796,159.210931,79.590796,-2914.838,2651
1255,159.347966,79.599406,316438.056,-2931,2653,3378728,3376860.860,159.415339,79.618315,-2913.299,2650
1256,159.336735,79.606910,316439.891,-2932,2653,3378727,3376859.917,159.421421,79.626650,-2900.005,2648
1257,159.325565,79.614363,316441.712,-2931,2653,3378725,3376858.982,159.425119,79.634815,-2880.538,2645
1258,159.314304,79.621866,316443.545,-2927,2653,3378725,3376858.041,159.422601,79.635320,-2881.141,2645
1259,159.303103,79.629319,316445.365,-2926,2653,3378725,3376857.107,159.420844,79.640045,-2882.494,2645
1260,159.291812,79.636821,316447.195,-2918,2651,3378724,3376856.168,159.419527,79.648022,-2888.218,2646
1261,159.280581,79.644273,316449.012,-2929,2653,3378723,3376855.235,159.414883,79.665316,-2878.251,2645
1262,159.269259,79.651775,316450.840,-2930,2653,3378722,3376854.297,159.415006,79.667008,-2877.290,2644
1263,159.257997,79.659226,316452.655,-2923,2652,3378722,3376853.366,159.410765,79.671612,-2877.715,2645
1264,159.246645,79.666727,316454.480,-2912,2650,3378720,3376852.429,159.350097,79.677784,-2884.557,2645
1265,159.235353,79.674177,316456.292,-2903,2648,3378720,3376851.499,159.141757,79.684110,-2876.712,2644
1266,159.223970,79.681678,316458.116,-2902,2648,3378719,3376850.564,159.139501,79.686749,-2876.272,2644
1267,159.212647,79.689127,316459.925,-2916,2651,3378718,3376849.635,159.140091,79.691594,-2877.557,2644
1268,159.202076,79.696073,316461.612,-2924,2652,3378718,3376848.770,159.025171,79.692341,-2882.992,2646
1269,159.190724,79.703522,316463.419,-2931,2654,3378717,3376847.843,159.057254,79.712533,-2891.396,2647
1270,159.179280,79.711021,316465.238,-2921,2652,3378716,3376846.910,159.040743,79.719776,-2889.052,2647
1271,159.167897,79.718469,316467.043,-2918,2651,3378715,3376845.984,159.040884,79.721418,-2889.181,2646
1272,159.156421,79.725967,316468.859,-2919,2652,3378715,3376845.053,158.937696,79.727570,-2884.306,2647
1273,159.145007,79.733415,316470.662,-2922,2652,3378714,3376844.129,158.937820,79.729213,-2884.880,2647
1274,159.133500,79.740912,316472.475,-2926,2653,3378712,3376843.199,158.849767,79.739279,-2887.742,2649
1275,159.122055,79.748359,316474.276,-2943,2656,3378712,3376842.276,158.849761,79.739854,-2889.782,2649
1276,159.110517,79.755855,316476.087,-2932,2654,3378711,3376841.347,158.811452,79.753447,-2882.986,2648
1277,159.099040,79.763301,316477.885,-2917,2651,3378711,3376840.426,159.167145,79.781033,-2889.908,2647
1278,159.087471,79.770797,316479.694,-2917,2651,3378710,3376839.499,158.993138,79.781668,-2883.079,2645
1279,159.075963,79.778242,316481.490,-2911,2650,3378709,3376838.578,158.971163,79.785410,-2873.034,2644
1280,159.064361,79.785737,316483.296,-2910,2650,3378708,3376837.653,158.968586,79.785912,-2882.972,2645
1281,159.052822,79.793182,316485.089,-2904,2649,3378707,3376836.734,158.917080,79.792448,-2881.165,2645
1282,159.041188,79.800676,316486.893,-2904,2649,3378707,3376835.809,158.843144,79.800049,-2881.894,2646
1283,159.029617,79.808120,316488.684,-2906,2650,3378705,3376834.892,158.899703,79.816151,-2889.021,2647
1284,159.017952,79.815613,316490.486,-2906,2649,3378705,3376833.969,158.899498,79.815708,-2889.159,2647
1285,159.006349,79.823056,316492.274,-2910,2650,3378704,3376833.053,158.907893,79.824125,-2890.484,2647
1286,158.994651,79.830549,316494.074,-2916,2651,3378704,3376832.131,158.678806,79.830428,-2873.181,2647
1287,158.983016,79.837991,316495.860,-2933,2654,3378703,3376831.217,158.678587,79.828868,-2872.123,2646
1288,158.971287,79.845483,316497.657,-2932,2654,3378702,3376830.296,158.805810,79.852793,-2879.406,2646
1289,158.959619,79.852925,316499.440,-2938,2655,3378700,3376829.383,159.002598,79.866172,-2872.432,2644
1290,158.947857,79.860416,316501.235,-2925,2653,3378700,3376828.464,159.002796,79.868931,-2872.094,2644
1291,158.936158,79.867856,316503.016,-2892,2647,3378700,3376827.552,158.682154,79.870775,-2877.202,2647
1292,158.924363,79.875347,316504.808,-2908,2650,3378699,3376826.635,158.612239,79.875373,-2869.972,2646
1293,158.912631,79.882787,316506.587,-2897,2648,3378698,3376825.724,158.612316,79.877016,-2869.771,2646
1294,158.900804,79.890276,316508.377,-2896,2648,3378697,3376824.808,158.609985,79.880720,-2874.762,2647
1295,158.889040,79.897716,316510.154,-2898,2648,3378697,3376823.899,158.851705,79.911260,-2891.586,2647
1296,158.877179,79.905204,316511.941,-2900,2649,3378696,3376822.984,158.851744,79.912952,-2890.268,2647
1297,158.865382,79.912643,316513.715,-2898,2648,3378695,3376822.076,158.786417,79.914581,-2889.847,2647
1298,158.853489,79.920131,316515.500,-2901,2649,3378694,3376821.163,158.961886,79.930115,-2891.315,2647
1299,158.841659,79.927568,316517.272,-2915,2651,3378692,3376820.257,158.933156,79.943095,-2888.374,2647
1300,158.829733,79.935056,316519.054,-2930,2654,3378692,3376819.345,158.933209,79.944787,-2888.168,2647
1301,158.817870,79.942492,316520.824,-2923,2653,3378692,3376818.440,158.946840,79.953447,-2887.115,2647
1302,158.805911,79.949979,316522.604,-2910,2650,3378691,3376817.529,158.664171,79.958364,-2879.407,2646
1303,158.794015,79.957415,316524.371,-2889,2647,3378690,3376816.626,158.647090,79.965539,-2868.424,2644
1304,158.782022,79.964901,316526.149,-2890,2647,3378690,3376815.716,158.647096,79.967231,-2866.885,2643
1305,158.770093,79.972336,316527.913,-2902,2649,3378689,3376814.814,158.644844,79.970884,-2875.331,2645
1306,158.758066,79.979821,316529.688,-2904,2650,3378688,3376813.906,158.615620,79.984956,-2878.624,2646
1307,158.746104,79.987255,316531.451,-2891,2647,3378687,3376813.006,158.615702,79.986599,-2878.342,2645
1308,158.734043,79.994739,316533.224,-2893,2648,3378687,3376812.099,158.874651,80.012572,-2882.505,2647
1309,158.722047,80.002173,316534.983,-2898,2649,3378685,3376811.200,158.500506,80.006580,-2877.674,2646
1310,158.709953,80.009656,316536.754,-2898,2649,3378685,3376810.295,158.500489,80.008273,-2877.469,2646
1311,158.697842,80.017139,316538.523,-2901,2649,3378684,3376809.391,158.498094,80.011975,-2878.243,2646
1312,158.685796,80.024571,316540.279,-2897,2648,3378683,3376808.493,158.537912,80.032589,-2881.644,2646
1313,158.673650,80.032054,316542.046,-2898,2649,3378683,3376807.590,158.537625,80.031078,-2881.965,2646
1314,158.661570,80.039485,316543.800,-2900,2649,3378682,3376806.694,158.561282,80.040257,-2888.941,2647
1315,158.650372,80.046364,316545.423,-2900,2649,3378680,3376805.865,158.555147,80.047377,-2891.194,2648
1316,158.638177,80.053845,316547.186,-2901,2649,3378680,3376804.964,158.389691,80.053684,-2879.880,2647
1317,158.626046,80.061275,316548.936,-2899,2649,3378680,3376804.070,158.441718,80.067467,-2882.333,2647
1318,158.613817,80.068755,316550.697,-2886,2647,3378679,3376803.171,158.609080,80.082669,-2883.618,2646
1319,158.601652,80.076185,316552.445,-2893,2648,3378678,3376802.278,158.586716,80.090658,-2876.881,2645
1320,158.589388,80.083664,316554.204,-2876,2645,3378677,3376801.380,158.587209,80.097688,-2873.705,2645
1321,158.577189,80.091093,316555.950,-2876,2645,3378677,3376800.489,158.587886,80.105736,-2870.741,2644
1322,158.564890,80.098571,316557.706,-2878,2645,3378676,3376799.592,158.587986,80.108495,-2870.410,2644
1323,158.552656,80.105999,316559.449,-2883,2646,3378675,3376798.702,158.531653,80.110581,-2872.605,2644
1324,158.540322,80.113477,316561.203,-2880,2646,3378674,3376797.807,158.533050,80.128289,-2874.376,2645
1325,158.528053,80.120904,316562.944,-2893,2648,3378674,3376796.919,158.533124,80.129930,-2871.846,2644
1326,158.515685,80.128381,316564.695,-2891,2648,3378673,3376796.025,158.335317,80.134708,-2867.164,2645
1327,158.503381,80.135807,316566.433,-2889,2648,3378672,3376795.138,158.335579,80.139553,-2859.475,2643
1328,158.490977,80.143283,316568.182,-2887,2647,3378671,3376794.245,158.338561,80.147779,-2859.049,2643
1329,158.478639,80.150708,316569.918,-2886,2647,3378671,3376793.359,158.338529,80.148353,-2858.980,2643
1330,158.466199,80.158183,316571.665,-2883,2646,3378670,3376792.468,158.338931,80.156452,-2864.348,2643
1331,158.453826,80.165608,316573.399,-2881,2646,3378669,3376791.584,158.259855,80.171232,-2864.255,2644
1332,158.441351,80.173082,316575.143,-2891,2648,3378667,3376790.694,158.242056,80.178437,-2860.953,2644
1333,158.428942,80.180506,316576.874,-2881,2646,3378667,3376789.811,158.242083,80.180079,-2860.757,2644
1334,158.416431,80.187979,316578.616,-2877,2646,3378667,3376788.923,158.172745,80.191129,-2857.667,2644
1335,158.403987,80.195402,316580.345,-2876,2645,3378665,3376788.041,158.199066,80.200460,-2859.781,2644
1336,158.391440,80.202875,316582.084,-2878,2646,3378665,3376787.154,158.261548,80.208422,-2862.503,2643
1337,158.378960,80.210297,316583.810,-2880,2646,3378665,3376786.274,158.261580,80.210065,-2862.309,2643
1338,158.366378,80.217769,316585.547,-2884,2647,3378664,3376785.389,158.155806,80.222527,-2851.610,2642
1339,158.353862,80.225190,316587.272,-2877,2646,3378663,3376784.510,158.174386,80.231474,-2840.440,2640
1340,158.341243,80.232661,316589.006,-2878,2646,3378662,3376783.626,158.174318,80.233166,-2840.239,2640
1341,158.328691,80.240081,316590.728,-2870,2645,3378662,3376782.748,158.227031,80.246978,-2850.607,2641
1342,158.316036,80.247551,316592.460,-2864,2643,3378660,3376781.866,158.226973,80.248670,-2850.407,2641
1343,158.303448,80.254970,316594.179,-2859,2643,3378660,3376780.990,158.141729,80.262102,-2847.932,2641
1344,158.290757,80.262439,316595.909,-2877,2646,3378659,3376780.108,158.149776,80.269518,-2846.725,2641
1345,158.278047,80.269908,316597.637,-2870,2644,3378659,3376779.228,158.149705,80.271210,-2846.526,2641
1346,158.265404,80.277326,316599.353,-2876,2646,3378658,3376778.354,158.338880,80.291647,-2849.008,2641
1347,158.252658,80.284794,316601.079,-2871,2645,3378657,3376777.474,158.338920,80.294406,-2848.684,2641
1348,158.239978,80.292211,316602.793,-2862,2643,3378656,3376776.602,158.193064,80.304929,-2850.780,2641
1349,158.227195,80.299678,316604.516,-2858,2643,3378656,3376775.724,158.193187,80.309824,-2847.539,2641
1350,158.214479,80.307095,316606.227,-2849,2641,3378655,3376774.853,158.193211,80.311466,-2847.346,2640
1351,158.201659,80.314561,316607.948,-2862,2643,3378654,3376773.976,158.149194,80.323793,-2845.900,2640
1352,158.188906,80.321976,316609.657,-2868,2644,3378653,3376773.107,158.149211,80.325435,-2845.708,2640
1353,158.176048,80.329442,316611.376,-2860,2643,3378653,3376772.232,158.039300,80.334536,-2841.975,2640
1354,158.163258,80.336856,316613.082,-2861,2643,3378652,3376771.363,158.039252,80.335110,-2843.130,2640
1355,158.150363,80.344320,316614.798,-2860,2643,3378651,3376770.489,157.937061,80.345634,-2834.120,2639
1356,158.137536,80.351734,316616.502,-2856,2642,3378650,3376769.622,157.937042,80.347276,-2834.928,2639
1357,158.124604,80.359198,316618.216,-2852,2642,3378650,3376768.750,158.008263,80.357805,-2845.697,2641
1358,158.111739,80.366610,316619.918,-2847,2641,3378649,3376767.884,158.284024,80.389865,-2837.735,2640
1359,158.098769,80.374073,316621.629,-2851,2642,3378647,3376767.014,157.866464,80.377621,-2830.717,2639
1360,158.085867,80.381485,316623.328,-2853,2642,3378647,3376766.149,157.866434,80.379263,-2830.526,2639
1361,158.072858,80.388947,316625.037,-2851,2641,3378647,3376765.280,157.914258,80.396111,-2833.897,2639
1362,158.059919,80.396358,316626.734,-2855,2642,3378645,3376764.417,157.914137,80.394550,-2834.079,2639
1363,158.047924,80.403217,316628.303,-2856,2642,3378645,3376763.619,158.265683,80.424361,-2827.280,2639
1364,158.034860,80.410678,316630.009,-2856,2643,3378645,3376762.751,158.265637,80.426052,-2827.084,2639
1365,158.021865,80.418087,316631.702,-2846,2641,3378644,3376761.891,158.053786,80.430262,-2832.373,2638
1366,158.008763,80.425547,316633.406,-2836,2639,3378643,3376761.025,158.040705,80.437715,-2830.620,2638
1367,157.995729,80.432956,316635.096,-2840,2639,3378642,3376760.165,158.033014,80.445376,-2826.066,2637
1368,157.982588,80.440414,316636.797,-2834,2639,3378642,3376759.301,158.025224,80.453086,-2818.173,2636
1369,157.969517,80.447822,316638.485,-2825,2637,3378640,3376758.442,158.025271,80.455795,-2817.859,2636
1370,157.956337,80.455280,316640.184,-2833,2639,3378640,3376757.579,157.969827,80.469721,-2815.138,2635
1371,157.943227,80.462687,316641.870,-2830,2638,3378640,3376756.723,157.969736,80.469226,-2813.195,2635
1372,157.930009,80.470143,316643.566,-2827,2638,3378639,3376755.861,158.012823,80.484731,-2812.516,2635
1373,157.916860,80.477549,316645.249,-2822,2637,3378638,3376755.005,158.042711,80.498468,-2805.377,2634
1374,157.903603,80.485005,316646.943,-2811,2634,3378637,3376754.145,158.042627,80.500159,-2801.516,2634
1375,157.890415,80.492410,316648.624,-2815,2635,3378637,3376753.291,157.903754,80.501479,-2803.919,2633
1376,157.877119,80.499865,316650.315,-2810,2635,3378636,3376752.432,157.746146,80.508284,-2797.469,2633
1377,157.863892,80.507269,316651.994,-2823,2637,3378635,3376751.580,157.802356,80.515877,-2796.929,2632
1378,157.850556,80.514723,316653.683,-2823,2637,3378634,3376750.722,157.802230,80.517569,-2796.734,2632
1379,157.837290,80.522126,316655.359,-2809,2635,3378634,3376749.871,157.802334,80.525617,-2798.476,2632
1380,157.823915,80.529579,316657.046,-2811,2635,3378633,3376749.015,157.952876,80.546336,-2788.987,2631
1381,157.810520,80.537032,316658.731,-2813,2635,3378632,3376748.159,157.952777,80.548027,-2788.793,2631
1382,157.797195,80.544433,316660.403,-2821,2637,3378632,3376747.310,157.923420,80.554650,-2797.479,2633
1383,157.783759,80.551885,316662.086,-2807,2634,3378631,3376746.456,157.767642,80.561598,-2798.350,2633
1384,157.770395,80.559286,316663.757,-2787,2631,3378630,3376745.608,157.767723,80.569645,-2789.762,2631
1385,157.756920,80.566736,316665.437,-2813,2635,3378629,3376744.756,157.767612,80.572404,-2789.447,2631
1386,157.743515,80.574136,316667.105,-2797,2633,3378629,3376743.909,157.859621,80.593430,-2782.489,2630
1387,157.730000,80.581586,316668.783,-2812,2635,3378627,3376743.058,157.859413,80.591918,-2782.662,2630
1388,157.716555,80.588985,316670.448,-2811,2635,3378627,3376742.213,157.856906,80.600903,-2786.193,2631
1389,157.702999,80.596434,316672.124,-2803,2634,3378627,3376741.363,157.630116,80.607607,-2789.762,2631
1390,157.689514,80.603832,316673.787,-2806,2634,3378625,3376740.520,157.627384,80.615522,-2784.083,2630
1391,157.675918,80.611279,316675.460,-2811,2635,3378625,3376739.671,157.627240,80.619349,-2782.425,2630
1392,157.662393,80.618676,316677.121,-2790,2631,3378624,3376738.829,157.497345,80.625316,-2777.413,2630
1393,157.648756,80.626123,316678.792,-2798,2633,3378624,3376737.982,157.497165,80.627008,-2777.221,2630
1394,157.635190,80.633519,316680.450,-2802,2634,3378623,3376737.141,157.613521,80.646086,-2775.220,2629
1395,157.621512,80.640965,316682.118,-2773,2628,3378622,3376736.296,157.678517,80.654141,-2772.640,2628
1396,157.607905,80.648360,316683.774,-2794,2632,3378622,3376735.456,157.678475,80.656850,-2772.333,2628
1397,157.594186,80.655805,316685.440,-2803,2634,3378620,3376734.612,157.667530,80.664421,-2776.975,2629
1398,157.580539,80.663199,316687.094,-2782,2630,3378620,3376733.774,157.569664,80.677331,-2776.402,2629
1399,157.566778,80.670643,316688.757,-2784,2631,3378619,3376732.931,157.594004,80.685550,-2765.584,2627
1400,157.553089,80.678036,316690.408,-2793,2632,3378619,3376732.095,157.593936,80.687191,-2765.399,2627
1401,157.539287,80.685479,316692.069,-2789,2631,3378618,3376731.253,157.593785,80.692086,-2768.124,2628
1402,157.525557,80.692871,316693.718,-2788,2631,3378617,3376730.418,157.571930,80.708686,-2766.973,2628
1403,157.511714,80.700313,316695.377,-2789,2631,3378617,3376729.578,157.446190,80.710681,-2761.303,2627
1404,157.497942,80.707704,316697.023,-2785,2631,3378616,3376728.744,157.446122,80.710187,-2761.359,2627
1405,157.484057,80.715145,316698.679,-2776,2629,3378615,3376727.905,157.322900,80.718681,-2766.846,2628
1406,157.470243,80.722535,316700.323,-2779,2630,3378614,3376727.073,157.322784,80.720323,-2766.662,2628
1407,157.456316,80.729975,316701.977,-2781,2630,3378614,3376726.236,157.196589,80.728639,-2758.059,2628
1408,157.442460,80.737364,316703.618,-2775,2629,3378613,3376725.405,157.469803,80.753284,-2765.511,2627
1409,157.428490,80.744803,316705.270,-2768,2628,3378612,3376724.569,157.472372,80.754040,-2763.204,2627
1410,157.414593,80.752191,316706.909,-2766,2628,3378612,3376723.739,157.362407,80.763163,-2762.181,2627
1411,157.401710,80.759030,316708.425,-2764,2627,3378611,3376722.972,157.360571,80.765189,-2762.676,2627
1412,157.387678,80.766467,316710.073,-2769,2628,3378610,3376722.138,157.118788,80.764645,-2750.682,2627
1413,157.373718,80.773854,316711.709,-2769,2628,3378610,3376721.311,157.118636,80.766287,-2750.608,2627
1414,157.359643,80.781290,316713.354,-2770,2628,3378609,3376720.478,157.321038,80.792896,-2755.297,2626
1415,157.345547,80.788726,316714.998,-2765,2627,3378607,3376719.646,157.323425,80.801127,-2751.933,2625
1416,157.331524,80.796111,316716.630,-2752,2625,3378607,3376718.821,157.323157,80.809175,-2748.368,2624
1417,157.317384,80.803546,316718.272,-2752,2625,3378607,3376717.991,157.320167,80.811799,-2748.076,2624
1418,157.303318,80.810930,316719.902,-2781,2630,3378606,3376717.167,157.320000,80.815576,-2751.876,2625
1419,157.289135,80.818364,316721.541,-2801,2634,3378605,3376716.338,157.195157,80.827234,-2734.911,2622
1420,157.275026,80.825747,316723.168,-2789,2632,3378605,3376715.515,157.195100,80.826740,-2734.966,2622
1421,157.260799,80.833180,316724.805,-2815,2637,3378604,3376714.688,157.023031,80.836044,-2732.485,2623
1422,157.246647,80.840562,316726.430,-2814,2636,3378603,3376713.866,156.983848,80.842183,-2727.247,2623
1423,157.232377,80.847994,316728.065,-2795,2633,3378603,3376713.040,157.670926,80.883472,-2697.556,2622
1424,157.218180,80.855375,316729.687,-2789,2632,3378602,3376712.220,157.509546,80.883872,-2707.289,2620
1425,157.203866,80.862805,316731.319,-2769,2628,3378600,3376711.396,157.506572,80.891835,-2701.352,2620
1426,157.189627,80.870186,316732.939,-2761,2627,3378600,3376710.577,157.442435,80.895762,-2704.418,2619
1427,157.175268,80.877615,316734.569,-2759,2627,3378600,3376709.754,157.447789,80.900921,-2701.681,2619
1428,157.160985,80.884994,316736.186,-2751,2625,3378599,3376708.937,157.595523,80.919182,-2675.499,2618
1429,157.146582,80.892423,316737.814,-2733,2622,3378598,3376708.115,157.595345,80.917669,-2675.665,2618
1430,157.132254,80.899801,316739.429,-2746,2624,3378598,3376707.299,157.531068,80.932288,-2681.165,2618
1431,157.117807,80.907228,316741.054,-2743,2624,3378597,3376706.479,157.312942,80.926804,-2698.769,2617
1432,157.103435,80.914605,316742.667,-2742,2624,3378595,3376705.664,157.312829,80.928445,-2698.588,2617
1433,157.088943,80.922031,316744.289,-2739,2623,3378595,3376704.845,157.317986,80.940012,-2691.204,2616
1434,157.074527,80.929407,316745.899,-2736,2623,3378595,3376704.032,157.317802,80.944855,-2692.560,2617
1435,157.059990,80.936833,316747.520,-2738,2623,3378594,3376703.215,157.390165,80.962828,-2684.474,2617
1436,157.045528,80.944207,316749.127,-2739,2623,3378594,3376702.403,157.370282,80.973144,-2679.564,2616
1437,157.030946,80.951632,316750.745,-2741,2624,3378593,3376701.587,157.370138,80.971631,-2679.730,2616
1438,157.016440,80.959005,316752.351,-2734,2622,3378592,3376700.777,157.274408,80.978333,-2688.440,2616
1439,157.001813,80.966429,316753.966,-2735,2623,3378592,3376699.962,157.456783,80.995099,-2667.160,2617
1440,156.987261,80.973801,316755.569,-2732,2622,3378591,3376699.153,157.155463,80.995231,-2689.979,2616
1441,156.972588,80.981223,316757.182,-2733,2622,3378590,3376698.340,156.694749,80.981972,-2681.708,2615
1442,156.957991,80.988595,316758.783,-2732,2622,3378590,3376697.533,156.694812,80.980411,-2681.879,2615
1443,156.943272,80.996016,316760.393,-2730,2622,3378589,3376696.721,156.690624,80.993708,-2687.645,2616
1444,156.928629,81.003386,316761.991,-2725,2621,3378587,3376695.915,157.100125,81.024947,-2678.233,2614
1445,156.913865,81.010806,316763.599,-2721,2620,3378587,3376695.104,157.099684,81.030907,-2675.917,2613
1446,156.899176,81.018176,316765.195,-2709,2618,3378587,3376694.299,157.155760,81.040588,-2669.196,2613
1447,156.884365,81.025595,316766.801,-2709,2618,3378586,3376693.490,157.251340,81.056461,-2655.358,2613
1448,156.869630,81.032963,316768.394,-2703,2617,3378585,3376692.687,157.188689,81.062618,-2657.522,2612
1449,156.854773,81.040381,316769.997,-2704,2617,3378585,3376691.879,157.188497,81.063240,-2654.788,2612
1450,156.839992,81.047748,316771.588,-2677,2613,3378584,3376691.078,157.188252,81.068082,-2655.984,2612
1451,156.825087,81.055164,316773.189,-2687,2614,3378583,3376690.271,157.011954,81.070993,-2668.058,2612
1452,156.810260,81.062531,316774.778,-2690,2615,3378583,3376689.471,157.189905,81.095034,-2638.953,2611
1453,156.795309,81.069946,316776.376,-2682,2613,3378582,3376688.666,157.070109,81.096390,-2650.028,2610
1454,156.780435,81.077311,316777.962,-2673,2612,3378580,3376687.867,156.890699,81.095856,-2648.530,2608
1455,156.765436,81.084725,316779.558,-2677,2613,3378580,3376687.063,156.890629,81.094344,-2648.694,2608
1456,156.750414,81.092139,316781.153,-2677,2613,3378580,3376686.260,156.861286,81.104273,-2657.953,2610
1457,156.735469,81.099502,316782.736,-2677,2613,3378579,3376685.464,156.703864,81.111153,-2656.321,2609
1458,156.720400,81.106915,316784.328,-2673,2612,3378579,3376684.662,156.833815,81.125585,-2648.318,2608
1459,156.705408,81.114277,316785.908,-2660,2610,3378578,3376683.867,156.833618,81.127225,-2648.141,2608
1460,156.691509,81.121092,316787.370,-2661,2610,3378577,3376683.131,156.859250,81.142364,-2642.177,2608
1461,156.676369,81.128503,316788.958,-2670,2612,3378577,3376682.332,156.859184,81.140851,-2642.340,2608
1462,156.661308,81.135863,316790.535,-2659,2610,3378575,3376681.538,156.541123,81.144229,-2646.643,2608
1463,156.646120,81.143273,316792.121,-2666,2611,3378575,3376680.740,156.803280,81.157587,-2643.206,2607
1464,156.631010,81.150633,316793.696,-2668,2611,3378575,3376679.948,156.722297,81.164979,-2639.745,2607
1465,156.615775,81.158041,316795.280,-2648,2608,3378574,3376679.152,156.560966,81.169580,-2636.584,2606
1466,156.600617,81.165400,316796.852,-2646,2607,3378573,3376678.361,156.609298,81.173585,-2634.044,2605
1467,156.585333,81.172807,316798.433,-2645,2607,3378573,3376677.566,156.562893,81.176253,-2634.091,2605
1468,156.570127,81.180164,316800.003,-2658,2610,3378572,3376676.777,156.477961,81.189859,-2634.076,2606
1469,156.554794,81.187571,316801.582,-2656,2609,3378571,3376675.983,156.781065,81.211589,-2614.752,2604
1470,156.539539,81.194927,316803.149,-2647,2608,3378571,3376675.195,156.484841,81.203217,-2618.313,2603
1471,156.524157,81.202332,316804.725,-2651,2608,3378570,3376674.403,156.484476,81.204907,-2620.799,2603
1472,156.508853,81.209687,316806.290,-2649,2608,3378569,3376673.616,156.336045,81.215403,-2623.678,2604
1473,156.493422,81.217091,316807.864,-2659,2610,3378569,3376672.825,156.336063,81.213891,-2623.839,2604
1474,156.478070,81.224444,316809.426,-2651,2608,3378567,3376672.040,156.754209,81.250813,-2613.236,2604
1475,156.462589,81.231847,316810.998,-2655,2609,3378567,3376671.251,156.620599,81.252550,-2608.385,2602
1476,156.447187,81.239200,316812.558,-2630,2605,3378567,3376670.467,156.620673,81.250987,-2608.551,2602
1477,156.431656,81.246601,316814.127,-2656,2610,3378566,3376669.679,156.579312,81.257139,-2618.008,2603
1478,156.416205,81.253953,316815.685,-2652,2609,3378565,3376668.897,156.321625,81.253794,-2620.808,2603
1479,156.400624,81.261353,316817.252,-2648,2608,3378565,3376668.110,156.409027,81.272652,-2619.249,2603
1480,156.385123,81.268703,316818.807,-2629,2605,3378564,3376667.329,156.401940,81.282551,-2613.199,2602
1481,156.369493,81.276102,316820.371,-2630,2605,3378563,3376666.544,156.401170,81.287443,-2610.014,2601
1482,156.353941,81.283451,316821.924,-2629,2605,3378563,3376665.765,156.400763,81.290151,-2609.727,2601
1483,156.338260,81.290849,316823.486,-2632,2605,3378562,3376664.981,156.373145,81.300184,-2614.331,2602
1484,156.322659,81.298197,316825.036,-2635,2606,3378560,3376664.203,156.284280,81.310408,-2608.695,2601
1485,156.306927,81.305594,316826.595,-2615,2602,3378560,3376663.420,156.533283,81.326291,-2591.573,2600
1486,156.291275,81.312941,316828.143,-2617,2603,3378560,3376662.644,156.532918,81.328998,-2592.842,2600
1487,156.275492,81.320336,316829.700,-2628,2605,3378559,3376661.863,156.373626,81.339147,-2602.495,2601
1488,156.259789,81.327682,316831.246,-2617,2603,3378559,3376661.088,156.367258,81.342641,-2597.627,2600
1489,156.243955,81.335076,316832.801,-2624,2604,3378558,3376660.308,156.116229,81.336436,-2597.392,2599
1490,156.228201,81.342420,316834.344,-2635,2606,3378558,3376659.534,156.122819,81.350244,-2595.049,2599
1491,156.212316,81.349813,316835.896,-2620,2603,3378557,3376658.756,156.124313,81.358480,-2589.461,2598
1492,156.196404,81.357206,316837.447,-2607,2601,3378555,3376657.978,156.124202,81.358035,-2589.508,2598
1493,156.180573,81.364548,316838.986,-2605,2601,3378555,3376657.207,156.367758,81.380090,-2587.136,2599
1494,156.164610,81.371939,316840.535,-2612,2602,3378555,3376656.430,156.415554,81.396973,-2578.700,2598
1495,156.148727,81.379281,316842.072,-2606,2601,3378554,3376655.660,156.415663,81.395410,-2578.864,2598
1496,156.132712,81.386671,316843.618,-2597,2600,3378554,3376654.885,156.105736,81.398280,-2582.675,2597
1497,156.116777,81.394010,316845.153,-2597,2599,3378553,3376654.117,156.080993,81.405184,-2581.286,2597
1498,156.100709,81.401399,316846.697,-2621,2604,3378552,3376653.343,156.282333,81.419861,-2574.419,2596
1499,156.084723,81.408738,316848.229,-2590,2598,3378552,3376652.576,156.282033,81.421501,-2574.248,2596
1500,156.068602,81.416125,316849.770,-2603,2601,3378551,3376651.804,156.081009,81.421019,-2579.965,2596
1501,156.052564,81.423463,316851.300,-2595,2599,3378550,3376651.038,155.872711,81.428634,-2567.503,2595
1502,156.036390,81.430849,316852.839,-2603,2601,3378550,3376650.267,155.872223,81.430324,-2567.327,2595
1503,156.020298,81.438185,316854.366,-2609,2602,3378549,3376649.503,155.856792,81.433379,-2582.009,2597
1504,156.004072,81.445570,316855.903,-2602,2600,3378548,3376648.734,155.753499,81.446159,-2573.677,2597
1505,155.987927,81.452905,316857.427,-2606,2601,3378548,3376647.970,155.753515,81.445666,-2573.507,2597
1506,155.971647,81.460289,316858.961,-2597,2599,3378547,3376647.203,156.045174,81.473482,-2574.504,2596
1507,155.955449,81.467623,316860.484,-2608,2602,3378547,3376646.441,155.978139,81.482648,-2561.109,2593
1508,155.939115,81.475005,316862.016,-2599,2600,3378546,3376645.675,155.977853,81.483270,-2560.211,2593
1509,155.922864,81.482337,316863.536,-2590,2598,3378545,3376644.914,155.984190,81.498146,-2561.227,2593
1510,155.907797,81.489124,316864.942,-2595,2599,3378545,3376644.211,155.982443,81.496964,-2561.738,2593
1511,155.891384,81.496505,316866.470,-2576,2596,3378544,3376643.447,155.876402,81.505366,-2559.646,2593
1512,155.875054,81.503835,316867.986,-2555,2592,3378542,3376642.688,155.886704,81.513985,-2553.644,2592
1513,155.858587,81.511215,316869.512,-2582,2597,3378542,3376641.926,155.886217,81.515674,-2553.803,2592
1514,155.842203,81.518544,316871.026,-2592,2599,3378542,3376641.169,155.916733,81.528501,-2552.813,2592
1515,155.825681,81.525922,316872.549,-2581,2597,3378540,3376640.407,155.912718,81.533248,-2556.768,2593
1516,155.809243,81.533250,316874.061,-2574,2596,3378540,3376639.652,155.911210,81.541291,-2562.273,2594
1517,155.792666,81.540626,316875.582,-2572,2595,3378540,3376638.892,155.815436,81.555589,-2552.247,2592
1518,155.776173,81.547953,316877.091,-2582,2597,3378540,3376638.138,155.807881,81.563343,-2543.672,2591
1519,155.759541,81.555328,316878.610,-2557,2593,3378539,3376637.379,155.806973,81.567166,-2542.501,2590
1520,155.742993,81.562653,316880.117,-2559,2593,3378538,3376636.626,155.809358,81.570017,-2542.875,2590
1521,155.726306,81.570028,316881.632,-2577,2596,3378538,3376635.869,155.534549,81.574477,-2543.529,2591
1522,155.709702,81.577352,316883.137,-2574,2596,3378537,3376635.118,155.534104,81.576117,-2542.583,2591
1523,155.692959,81.584724,316884.650,-2561,2593,3378535,3376634.362,155.629159,81.595432,-2546.104,2591
1524,155.676300,81.592047,316886.153,-2563,2594,3378535,3376633.612,155.631043,81.600419,-2544.094,2591
1525,155.659501,81.599418,316887.664,-2572,2595,3378535,3376632.858,155.536040,81.606116,-2532.178,2589
1526,155.642787,81.606740,316889.163,-2569,2595,3378534,3376632.110,155.536305,81.604554,-2532.338,2588
1527,155.625931,81.614110,316890.672,-2563,2594,3378534,3376631.357,155.915976,81.641875,-2530.086,2591
1528,155.609160,81.621430,316892.169,-2569,2595,3378533,3376630.610,155.915606,81.643514,-2522.031,2589
1529,155.592248,81.628798,316893.675,-2574,2596,3378533,3376629.858,155.911736,81.647193,-2523.323,2590
1530,155.575307,81.636166,316895.180,-2562,2594,3378532,3376629.107,155.901079,81.654854,-2526.211,2590
1531,155.558452,81.643484,316896.674,-2571,2595,3378531,3376628.362,155.713741,81.664763,-2535.649,2590
1532,155.541454,81.650851,316898.176,-2557,2593,3378531,3376627.613,155.717955,81.673144,-2524.909,2589
1533,155.524542,81.658168,316899.668,-2533,2589,3378530,3376626.869,155.723790,81.674006,-2521.267,2588
1534,155.507487,81.665533,316901.168,-2552,2592,3378529,3376626.122,155.722626,81.678896,-2524.104,2588
1535,155.490517,81.672848,316902.657,-2563,2594,3378529,3376625.379,155.524630,81.678535,-2530.196,2588
1536,155.473405,81.680212,316904.154,-2530,2588,3378528,3376624.633,155.467126,81.689321,-2532.382,2589
1537,155.456378,81.687526,316905.641,-2542,2590,3378528,3376623.892,155.466420,81.692027,-2532.108,2589
1538,155.439207,81.694888,316907.136,-2531,2588,3378527,3376623.147,155.553131,81.713049,-2522.650,2587
1539,155.422123,81.702201,316908.620,-2537,2589,3378526,3376622.408,155.502576,81.719815,-2516.411,2586
1540,155.404894,81.709562,316910.113,-2542,2591,3378526,3376621.664,155.505036,81.721649,-2509.449,2585
1541,155.387752,81.716873,316911.594,-2534,2589,3378525,3376620.926,155.504099,81.725422,-2510.402,2585
1542,155.370464,81.724233,316913.084,-2545,2591,3378524,3376620.184,155.390653,81.737825,-2513.208,2585
1543,155.353264,81.731543,316914.564,-2522,2587,3378524,3376619.447,155.389920,81.740531,-2512.936,2585
1544,155.335917,81.738901,316916.052,-2530,2589,3378522,3376618.706,155.597790,81.757668,-2504.158,2586
1545,155.318658,81.746209,316917.528,-2536,2590,3378522,3376617.971,155.524494,81.768751,-2503.824,2585
1546,155.301253,81.753566,316919.014,-2535,2589,3378522,3376617.232,155.422680,81.768799,-2505.319,2585
1547,155.283935,81.760873,316920.488,-2544,2591,3378520,3376616.498,155.422210,81.770438,-2505.877,2584
1548,155.266470,81.768229,316921.971,-2518,2587,3378520,3376615.760,155.219418,81.779586,-2503.793,2584
1549,155.249093,81.775534,316923.443,-2539,2590,3378520,3376615.028,155.218349,81.783358,-2497.027,2583
1550,155.231568,81.782888,316924.924,-2544,2591,3378520,3376614.291,155.214672,81.784898,-2497.095,2583
1551,155.214131,81.790192,316926.393,-2525,2588,3378519,3376613.560,155.192206,81.799513,-2507.133,2584
1552,155.196547,81.797545,316927.871,-2513,2586,3378518,3376612.825,155.094635,81.805112,-2504.963,2584
1553,155.179050,81.804848,316929.338,-2520,2587,3378518,3376612.096,155.294203,81.822969,-2496.737,2583
1554,155.161405,81.812199,316930.814,-2512,2585,3378517,3376611.362,155.294399,81.821456,-2496.888,2583
1555,155.143849,81.819500,316932.279,-2524,2588,3378515,3376610.634,155.298410,81.829792,-2499.169,2584
1556,155.126143,81.826850,316933.752,-2531,2589,3378515,3376609.902,155.308451,81.838473,-2500.249,2584
1557,155.108526,81.834150,316935.214,-2518,2587,3378515,3376609.175,155.039578,81.844377,-2495.384,2583
1558,155.090760,81.841498,316936.685,-2522,2587,3378515,3376608.444,155.038909,81.846065,-2496.995,2583
1559,155.073082,81.848796,316938.145,-2535,2590,3378514,3376607.719,155.247770,81.867591,-2489.525,2582
1560,155.055254,81.856143,316939.613,-2532,2589,3378513,3376606.989,155.101076,81.867617,-2488.800,2581
1561,155.038835,81.862898,316940.962,-2512,2586,3378513,3376606.319,155.098777,81.868564,-2488.873,2581
1562,155.021068,81.870194,316942.418,-2516,2586,3378512,3376605.596,154.995825,81.879277,-2490.368,2582
1563,155.003149,81.877539,316943.883,-2533,2589,3378512,3376604.868,155.154823,81.890875,-2490.665,2583
1564,154.985200,81.884883,316945.347,-2512,2586,3378511,3376604.142,155.058930,81.897684,-2486.381,2581
1565,154.967341,81.892177,316946.800,-2507,2585,3378510,3376603.421,155.058383,81.899322,-2486.219,2581
1566,154.949329,81.899519,316948.261,-2502,2584,3378510,3376602.695,155.186315,81.923425,-2468.676,2580
1567,154.931408,81.906812,316949.711,-2512,2586,3378509,3376601.976,155.186651,81.921863,-2468.830,2580
1568,154.913334,81.914153,316951.170,-2523,2588,3378509,3376601.252,154.854257,81.920459,-2481.635,2580
1569,154.895350,81.921444,316952.618,-2494,2583,3378508,3376600.534,155.101824,81.943865,-2472.000,2580
1570,154.877213,81.928783,316954.074,-2508,2585,3378507,3376599.811,155.101165,81.945552,-2471.112,2580
1571,154.859167,81.936073,316955.519,-2504,2584,3378507,3376599.094,154.843335,81.944470,-2484.663,2581
1572,154.840966,81.943411,316956.973,-2482,2580,3378506,3376598.373,155.025820,81.965854,-2470.287,2579
1573,154.822857,81.950699,316958.416,-2486,2581,3378506,3376597.658,155.024650,81.969626,-2466.529,2579
1574,154.804593,81.958035,316959.867,-2498,2583,3378505,3376596.938,155.023974,81.971313,-2467.309,2579
1575,154.786420,81.965322,316961.308,-2504,2584,3378504,3376596.224,154.860776,81.978077,-2472.258,2579
1576,154.768093,81.972657,316962.757,-2507,2585,3378504,3376595.506,154.878752,81.980671,-2473.060,2579
1577,154.749856,81.979942,316964.195,-2513,2586,3378502,3376594.793,154.777560,81.990417,-2475.774,2579
1578,154.731465,81.987275,316965.642,-2489,2582,3378502,3376594.077,154.776489,81.993171,-2475.505,2580
1579,154.713164,81.994559,316967.077,-2479,2580,3378502,3376593.365,154.855508,82.013826,-2460.491,2577
1580,154.694708,82.001891,316968.521,-2485,2581,3378500,3376592.650,154.854793,82.015513,-2460.327,2577
1581,154.676343,82.009173,316969.955,-2509,2585,3378500,3376591.940,154.856339,82.020502,-2466.842,2579
1582,154.657822,82.016503,316971.396,-2498,2584,3378500,3376591.226,154.987539,82.038261,-2459.616,2579
1583,154.639393,82.023783,316972.827,-2482,2581,3378500,3376590.518,154.950210,82.045713,-2455.392,2578
1584,154.620806,82.031112,316974.266,-2496,2583,3378499,3376589.806,154.639966,82.038955,-2472.215,2579
1585,154.602312,82.038391,316975.695,-2481,2581,3378498,3376589.099,154.785054,82.053072,-2467.179,2579
1586,154.583659,82.045718,316977.132,-2477,2580,3378498,3376588.388,154.598986,82.055528,-2466.552,2578
1587,154.565100,82.052995,316978.558,-2483,2581,3378497,3376587.682,154.585250,82.067370,-2460.516,2577
1588,154.546382,82.060321,316979.992,-2495,2583,3378497,3376586.972,154.584843,82.067991,-2457.568,2576
1589,154.527756,82.067597,316981.416,-2491,2582,3378495,3376586.268,154.583090,82.072827,-2463.878,2578
1590,154.508972,82.074921,316982.847,-2484,2581,3378495,3376585.560,154.650044,82.091889,-2454.815,2577
1591,154.490280,82.082195,316984.269,-2497,2583,3378495,3376584.857,154.649767,82.092461,-2454.149,2576
1592,154.471429,82.089517,316985.698,-2506,2585,3378494,3376584.150,154.630956,82.109532,-2459.226,2578
1593,154.452672,82.096790,316987.117,-2497,2584,3378494,3376583.449,154.631402,82.107971,-2460.710,2578
1594,154.433753,82.104111,316988.544,-2484,2581,3378493,3376582.744,154.599989,82.114681,-2466.731,2579
1595,154.414929,82.111382,316989.960,-2482,2581,3378493,3376582.044,154.529555,82.122700,-2467.293,2579
1596,154.395943,82.118701,316991.385,-2492,2583,3378492,3376581.340,154.484187,82.131987,-2466.679,2579
1597,154.377052,82.125970,316992.799,-2489,2582,3378491,3376580.641,154.062026,82.123790,-2455.688,2578
1598,154.357999,82.133288,316994.221,-2472,2579,3378491,3376579.939,154.362739,82.145755,-2461.748,2577
1599,154.339040,82.140555,316995.632,-2495,2583,3378490,3376579.242,154.331083,82.152396,-2457.445,2577
1600,154.319918,82.147871,316997.052,-2474,2580,3378490,3376578.541,154.417973,82.161606,-2454.730,2577
1601,154.300891,82.155138,316998.461,-2499,2584,3378489,3376577.845,154.416892,82.164310,-2454.417,2576
1602,154.281702,82.162452,316999.878,-2459,2577,3378488,3376577.145,154.365979,82.178761,-2455.925,2577
1603,154.262607,82.169716,317001.285,-2482,2581,3378488,3376576.451,154.235071,82.181661,-2455.315,2576
1604,154.243348,82.177029,317002.700,-2478,2580,3378487,3376575.753,154.230194,82.185324,-2451.466,2576
1605,154.224184,82.184292,317004.104,-2484,2582,3378487,3376575.060,154.232231,82.188183,-2449.693,2575
1606,154.204857,82.191603,317005.516,-2469,2579,3378486,3376574.363,154.103299,82.193380,-2457.642,2577
1607,154.185494,82.198913,317006.927,-2470,2579,3378486,3376573.667,154.052961,82.204597,-2456.909,2577
1608,154.166227,82.206174,317008.328,-2495,2583,3378485,3376572.976,153.986630,82.207356,-2453.423,2577
1609,154.146794,82.213482,317009.737,-2488,2582,3378484,3376572.282,154.498862,82.239388,-2440.606,2577
1610,154.127458,82.220741,317011.135,-2486,2582,3378484,3376571.592,154.283571,82.238307,-2445.042,2575
1611,154.107955,82.228048,317012.541,-2474,2580,3378482,3376570.899,154.279927,82.238772,-2447.220,2576
1612,154.089992,82.234765,317013.833,-2473,2580,3378482,3376570.262,154.065792,82.245727,-2449.729,2576
1613,154.070553,82.242022,317015.227,-2442,2574,3378482,3376569.575,154.068231,82.247520,-2448.837,2575
1614,154.050948,82.249326,317016.630,-2479,2581,3378482,3376568.884,154.066004,82.252404,-2453.430,2576
1615,154.031438,82.256580,317018.022,-2461,2578,3378481,3376568.198,154.038311,82.263602,-2453.539,2576
1616,154.011762,82.263883,317019.423,-2484,2582,3378480,3376567.508,154.036510,82.267419,-2456.512,2577
1617,153.992181,82.271136,317020.812,-2472,2580,3378480,3376566.824,153.835498,82.276651,-2455.808,2577
1618,153.972433,82.278437,317022.210,-2466,2579,3378479,3376566.136,154.078339,82.292433,-2448.322,2576
1619,153.952782,82.285688,317023.597,-2485,2582,3378479,3376565.453,154.077572,82.294070,-2448.112,2576
1620,153.932962,82.292987,317024.993,-2480,2581,3378478,3376564.766,153.863360,82.301673,-2451.453,2576
1621,153.913239,82.300237,317026.378,-2472,2580,3378478,3376564.084,153.856007,82.310610,-2449.114,2576
1622,153.893347,82.307534,317027.771,-2476,2580,3378477,3376563.399,153.855531,82.311230,-2449.056,2576
1623,153.873552,82.314782,317029.153,-2474,2580,3378475,3376562.718,153.939638,82.330074,-2440.901,2574
1624,153.853587,82.322078,317030.543,-2477,2581,3378475,3376562.034,153.938706,82.331759,-2442.798,2575
1625,153.833720,82.329324,317031.923,-2478,2581,3378475,3376561.356,153.958301,82.347443,-2434.110,2573
1626,153.813682,82.336618,317033.311,-2481,2581,3378475,3376560.673,153.958755,82.345931,-2434.251,2573
1627,153.793742,82.343862,317034.689,-2469,2579,3378474,3376559.996,153.994239,82.363466,-2438.170,2575
1628,153.773631,82.351155,317036.075,-2467,2579,3378474,3376559.315,153.993317,82.365151,-2439.624,2575
1629,153.753618,82.358397,317037.450,-2471,2580,3378473,3376558.639,153.656915,82.366780,-2447.028,2575
1630,153.733433,82.365688,317038.833,-2472,2580,3378473,3376557.959,153.703669,82.372987,-2443.783,2575
1631,153.713346,82.372928,317040.206,-2462,2578,3378472,3376557.284,153.656792,82.373458,-2443.239,2575
1632,153.693087,82.380217,317041.586,-2465,2579,3378470,3376556.606,153.793312,82.387309,-2448.951,2576
1633,153.672927,82.387456,317042.957,-2466,2579,3378470,3376555.933,153.964113,82.408127,-2437.352,2576
1634,153.652593,82.394743,317044.335,-2485,2582,3378470,3376555.256,153.682723,82.409302,-2446.132,2575
1635,153.632358,82.401980,317045.703,-2456,2577,3378470,3376554.584,153.445354,82.402599,-2437.864,2574
1636,153.611949,82.409265,317047.079,-2473,2580,3378469,3376553.909,153.444840,82.403219,-2438.862,2574
1637,153.591639,82.416501,317048.444,-2464,2579,3378469,3376553.239,153.547039,82.426296,-2444.170,2575
1638,153.571155,82.423784,317049.817,-2465,2579,3378468,3376552.565,153.842411,82.446731,-2431.116,2575
1639,153.550770,82.431018,317051.180,-2457,2577,3378467,3376551.896,153.838779,82.447143,-2433.411,2575
1640,153.530210,82.438299,317052.551,-2456,2577,3378467,3376551.223,153.568890,82.442331,-2444.522,2575
1641,153.509611,82.445580,317053.921,-2439,2574,3378466,3376550.551,153.470849,82.456726,-2439.861,2574
1642,153.489113,82.452811,317055.280,-2453,2577,3378466,3376549.885,153.618567,82.471061,-2435.042,2574
1643,153.468438,82.460089,317056.648,-2459,2578,3378465,3376549.214,153.615801,82.469390,-2435.251,2574
1644,153.447863,82.467318,317058.004,-2455,2577,3378465,3376548.549,153.519631,82.472935,-2442.536,2575
1645,153.427111,82.474595,317059.369,-2458,2578,3378464,3376547.880,153.163714,82.463699,-2438.719,2576
1646,153.406460,82.481822,317060.724,-2468,2580,3378464,3376547.216,153.370763,82.493086,-2438.408,2574
1647,153.385631,82.489097,317062.086,-2454,2577,3378462,3376546.548,153.369689,82.501322,-2431.654,2573
1648,153.364903,82.496323,317063.438,-2440,2574,3378462,3376545.886,153.372055,82.503119,-2430.767,2573
1649,153.343995,82.503596,317064.798,-2454,2577,3378462,3376545.220,153.366578,82.506772,-2440.044,2574
1650,153.323190,82.510819,317066.148,-2462,2579,3378461,3376544.559,153.373916,82.525191,-2432.138,2573
1651,153.302204,82.518091,317067.505,-2444,2575,3378461,3376543.894,153.372840,82.526875,-2432.096,2573
1652,153.281321,82.525312,317068.852,-2458,2578,3378460,3376543.234,153.375226,82.535223,-2438.834,2574
1653,153.260257,82.532582,317070.207,-2443,2575,3378460,3376542.571,153.453858,82.547327,-2434.898,2575
1654,153.239295,82.539802,317071.552,-2453,2577,3378459,3376541.913,153.105515,82.542909,-2442.134,2575
1655,153.218152,82.547069,317072.905,-2460,2578,3378459,3376541.251,152.939969,82.546299,-2432.769,2575
1656,153.197111,82.554287,317074.247,-2458,2578,3378458,3376540.594,152.937095,82.551127,-2425.719,2573
1657,153.175888,82.561553,317075.597,-2461,2579,3378458,3376539.933,152.936529,82.551747,-2430.274,2574
1658,153.154769,82.568768,317076.937,-2454,2577,3378457,3376539.278,153.289118,82.587160,-2439.615,2575
1659,153.133466,82.576032,317078.285,-2449,2576,3378455,3376538.619,153.112296,82.584642,-2434.954,2574
1660,153.112266,82.583246,317079.622,-2429,2573,3378455,3376537.965,153.111297,82.586278,-2436.361,2574
1661,153.090883,82.590508,317080.967,-2461,2579,3378455,3376537.308,153.118562,82.603684,-2441.120,2575
1662,153.069604,82.597720,317082.302,-2464,2579,3378455,3376536.655,153.112657,82.601798,-2441.290,2575
1663,153.048140,82.604980,317083.645,-2451,2577,3378454,3376535.999,152.878463,82.602962,-2441.630,2576
1664,153.028368,82.611654,317084.879,-2464,2579,3378454,3376535.396,153.035991,82.623830,-2441.302,2575
1665,153.006971,82.618863,317086.210,-2450,2577,3378453,3376534.746,153.036508,82.628822,-2437.630,2574
1666,152.985388,82.626120,317087.549,-2436,2574,3378453,3376534.092,153.035344,82.630506,-2437.700,2575
1667,152.963909,82.633328,317088.878,-2457,2578,3378452,3376533.443,152.817112,82.632411,-2435.529,2574
1668,152.942244,82.640583,317090.215,-2456,2578,3378452,3376532.790,152.817973,82.636388,-2437.060,2575
1669,152.920684,82.647788,317091.542,-2455,2578,3378450,3376532.142,152.759719,82.652731,-2440.813,2576
1670,152.898937,82.655041,317092.876,-2450,2577,3378450,3376531.491,152.759908,82.657773,-2438.805,2575
1671,152.877294,82.662244,317094.200,-2455,2578,3378450,3376530.845,152.758824,82.659408,-2438.492,2575
1672,152.855464,82.669495,317095.532,-2450,2577,3378449,3376530.195,152.899498,82.684496,-2440.635,2575
1673,152.833739,82.676697,317096.854,-2456,2578,3378449,3376529.550,152.899934,82.689489,-2440.299,2575
1674,152.811825,82.683946,317098.183,-2450,2577,3378448,3376528.902,152.895985,82.689942,-2442.148,2575
1675,152.789869,82.691194,317099.511,-2456,2578,3378448,3376528.254,152.767022,82.701804,-2434.811,2574
1676,152.768019,82.698392,317100.829,-2430,2573,3378447,3376527.612,152.765288,82.704503,-2434.570,2574
1677,152.745979,82.705638,317102.155,-2455,2578,3378447,3376526.965,152.701928,82.705326,-2438.775,2575
1678,152.724045,82.712834,317103.471,-2464,2580,3378446,3376526.324,152.628610,82.711078,-2444.596,2576
1679,152.701921,82.720078,317104.794,-2454,2578,3378446,3376525.679,152.653778,82.720646,-2447.466,2576
1680,152.679903,82.727273,317106.107,-2458,2578,3378445,3376525.040,152.542364,82.725615,-2451.191,2577
1681,152.657694,82.734515,317107.428,-2460,2579,3378445,3376524.396,152.625813,82.742448,-2452.641,2578
1682,152.635591,82.741707,317108.739,-2457,2578,3378444,3376523.758,152.624690,82.744082,-2452.384,2577
1683,152.613296,82.748947,317110.057,-2458,2579,3378444,3376523.116,152.337009,82.744768,-2444.379,2577
1684,152.591108,82.756137,317111.366,-2458,2579,3378442,3376522.479,152.336533,82.745338,-2445.606,2577
1685,152.568727,82.763375,317112.682,-2455,2578,3378442,3376521.839,152.598682,82.767733,-2451.957,2577
1686,152.546453,82.770563,317113.988,-2450,2577,3378442,3376521.203,152.548492,82.780128,-2450.751,2577
1687,152.523985,82.777798,317115.301,-2454,2578,3378441,3376520.564,152.547197,82.781810,-2450.547,2577
1688,152.501625,82.784985,317116.604,-2454,2578,3378441,3376519.930,152.413027,82.782387,-2451.051,2577
1689,152.479071,82.792218,317117.915,-2454,2578,3378440,3376519.292,152.596700,82.803029,-2451.066,2577
1690,152.456624,82.799402,317119.217,-2455,2578,3378440,3376518.660,152.370609,82.798014,-2452.563,2578
1691,152.433982,82.806634,317120.525,-2456,2578,3378439,3376518.023,152.481220,82.817283,-2451.091,2577
1692,152.411448,82.813815,317121.824,-2451,2577,3378439,3376517.392,152.317569,82.818618,-2450.474,2577
1693,152.388718,82.821045,317123.130,-2455,2578,3378438,3376516.757,152.316214,82.820300,-2450.271,2577
1694,152.366097,82.828225,317124.426,-2456,2578,3378438,3376516.127,152.403971,82.831804,-2453.262,2578
1695,152.343278,82.835452,317125.730,-2458,2579,3378437,3376515.494,152.269729,82.841236,-2452.991,2578
1696,152.320569,82.842629,317127.023,-2457,2578,3378437,3376514.866,152.262887,82.845891,-2452.751,2578
1697,152.297661,82.849854,317128.325,-2454,2578,3378435,3376514.234,152.355452,82.860981,-2451.432,2578
1698,152.274863,82.857030,317129.616,-2455,2578,3378435,3376513.607,152.347772,82.872187,-2449.788,2578
1699,152.251865,82.864253,317130.915,-2457,2578,3378435,3376512.976,152.347859,82.871741,-2449.827,2577
1700,152.228978,82.871426,317132.203,-2456,2579,3378435,3376512.351,152.347789,82.882220,-2450.914,2578
1701,152.205891,82.878647,317133.500,-2460,2579,3378434,3376511.722,152.214764,82.888447,-2454.317,2578
1702,152.182913,82.885818,317134.786,-2462,2580,3378434,3376511.098,152.213530,82.890080,-2454.731,2578
1703,152.159736,82.893037,317136.080,-2461,2579,3378433,3376510.470,152.207420,82.903628,-2456.554,2579
1704,152.136668,82.900206,317137.364,-2464,2580,3378433,3376509.847,152.207411,82.908621,-2456.454,2579
1705,152.113399,82.907422,317138.655,-2462,2580,3378432,3376509.221,152.092270,82.919022,-2456.720,2579
1706,152.090241,82.914589,317139.937,-2455,2579,3378432,3376508.600,152.091004,82.920655,-2456.578,2579
1707,152.066880,82.921803,317141.226,-2467,2580,3378430,3376507.975,152.084585,82.924292,-2459.097,2579
1708,152.043631,82.928968,317142.505,-2465,2580,3378430,3376507.355,151.944884,82.933415,-2459.141,2579
1709,152.020178,82.936179,317143.792,-2462,2580,3378430,3376506.732,151.944209,82.934033,-2459.588,2579
1710,151.996837,82.943342,317145.068,-2465,2580,3378429,3376506.114,151.940871,82.943277,-2461.123,2579
1711,151.973291,82.950552,317146.352,-2467,2581,3378429,3376505.492,152.029405,82.964807,-2455.379,2579
1712,151.949858,82.957712,317147.627,-2470,2581,3378428,3376504.875,152.031606,82.966610,-2454.779,2578
1713,151.926219,82.964919,317148.908,-2468,2581,3378428,3376504.254,152.002625,82.971346,-2460.817,2580
1714,151.902693,82.972077,317150.180,-2466,2580,3378427,3376503.639,151.997424,82.978293,-2463.220,2580
1715,151.878960,82.979282,317151.459,-2469,2581,3378427,3376503.020,151.902624,82.988614,-2463.722,2580
1716,151.855340,82.986438,317152.728,-2468,2581,3378426,3376502.405,151.922606,82.995700,-2462.560,2580
1717,151.833274,82.993109,317153.911,-2469,2581,3378426,3376501.833,151.781615,82.996511,-2463.379,2580
1718,151.809564,83.000262,317155.178,-2472,2582,3378425,3376501.221,151.778632,83.000268,-2463.779,2580
1719,151.785645,83.007463,317156.452,-2468,2581,3378425,3376500.604,151.857689,83.020247,-2465.016,2580
1720,151.761841,83.014614,317157.717,-2469,2581,3378424,3376499.993,151.856355,83.021878,-2464.876,2580
1721,151.737827,83.021813,317158.989,-2469,2581,3378424,3376499.378,151.778106,83.028612,-2467.302,2581
1722,151.713927,83.028961,317160.251,-2478,2583,3378423,3376498.768,151.805116,83.036048,-2467.501,2581
1723,151.689817,83.036157,317161.520,-2471,2582,3378423,3376498.155,151.698706,83.045812,-2466.670,2581
1724,151.665822,83.043304,317162.780,-2465,2580,3378422,3376497.547,151.661462,83.051196,-2466.768,2581
1725,151.641616,83.050498,317164.047,-2470,2581,3378422,3376496.935,151.633872,83.062632,-2466.796,2581
1726,151.617524,83.057642,317165.304,-2467,2581,3378421,3376496.328,151.648588,83.071680,-2464.140,2580
1727,151.593221,83.064833,317166.569,-2473,2582,3378421,3376495.717,151.629376,83.072491,-2464.071,2580
1728,151.569032,83.071975,317167.823,-2476,2582,3378420,3376495.112,151.629819,83.076421,-2465.405,2580
1729,151.544632,83.079164,317169.085,-2475,2582,3378420,3376494.503,151.436851,83.078590,-2466.555,2581
1730,151.520346,83.086304,317170.338,-2476,2582,3378419,3376493.898,151.430145,83.086594,-2467.989,2581
1731,151.495847,83.093490,317171.597,-2471,2582,3378419,3376493.291,151.443579,83.092335,-2469.837,2581
1732,151.471463,83.100627,317172.847,-2472,2582,3378417,3376492.688,151.400589,83.099648,-2469.274,2581
1733,151.446865,83.107812,317174.104,-2475,2582,3378417,3376492.082,151.473509,83.118275,-2469.204,2581
1734,151.422383,83.114946,317175.352,-2474,2582,3378417,3376491.480,151.468517,83.119731,-2468.914,2581
1735,151.397686,83.122128,317176.607,-2470,2582,3378417,3376490.876,151.461650,83.127782,-2469.792,2582
1736,151.373104,83.129261,317177.852,-2473,2582,3378415,3376490.276,151.375763,83.141840,-2465.889,2581
1737,151.348307,83.136440,317179.104,-2472,2582,3378415,3376489.672,151.371460,83.142281,-2467.186,2581
1738,151.323626,83.143570,317180.347,-2473,2582,3378415,3376489.074,151.370874,83.147273,-2468.322,2581
1739,151.298728,83.150747,317181.596,-2477,2583,3378415,3376488.472,151.280963,83.152340,-2470.509,2582
1740,151.273947,83.157874,317182.836,-2476,2583,3378414,3376487.875,151.339165,83.162447,-2474.996,2582
1741,151.248948,83.165049,317184.084,-2477,2583,3378414,3376487.275,151.271301,83.171928,-2475.203,2583
1742,151.224066,83.172174,317185.322,-2482,2584,3378413,3376486.679,151.270643,83.176920,-2474.897,2582
1743,151.198965,83.179346,317186.566,-2483,2584,3378413,3376486.080,151.245599,83.184087,-2477.688,2583
1744,151.173982,83.186468,317187.802,-2483,2584,3378412,3376485.486,151.235003,83.191911,-2479.980,2583
1745,151.148779,83.193638,317189.044,-2483,2584,3378412,3376484.888,151.141455,83.204562,-2481.482,2584
1746,151.123693,83.200758,317190.277,-2482,2584,3378410,3376484.295,151.086685,83.211317,-2480.421,2584
1747,151.098387,83.207925,317191.517,-2481,2584,3378410,3376483.699,151.083076,83.215118,-2480.105,2584
1748,151.073199,83.215043,317192.747,-2481,2584,3378410,3376483.108,151.087766,83.218164,-2480.352,2584
1749,151.047789,83.222207,317193.985,-2482,2584,3378410,3376482.513,151.081316,83.225149,-2480.606,2584
1750,151.022498,83.229322,317195.213,-2485,2585,3378410,3376481.923,151.011929,83.231185,-2482.772,2584
1751,150.996984,83.236484,317196.448,-2487,2585,3378409,3376481.330,150.982820,83.238161,-2485.361,2585
1752,150.971417,83.243645,317197.682,-2487,2585,3378409,3376480.738,150.975281,83.246206,-2486.863,2585
1753,150.945970,83.250756,317198.906,-2489,2585,3378408,3376480.150,150.976084,83.253498,-2486.927,2585
1754,150.920298,83.257914,317200.137,-2491,2586,3378408,3376479.559,150.860206,83.256180,-2488.539,2585
1755,150.894745,83.265023,317201.359,-2491,2586,3378407,3376478.972,150.849066,83.263996,-2489.505,2585
1756,150.868968,83.272179,317202.588,-2490,2586,3378407,3376478.383,150.830499,83.271501,-2490.275,2585
1757,150.843310,83.279285,317203.807,-2490,2586,3378406,3376477.798,150.847924,83.285174,-2490.317,2586
1758,150.817426,83.286438,317205.034,-2490,2586,3378406,3376477.210,150.685409,83.284423,-2488.934,2586
1759,150.791662,83.293542,317206.251,-2493,2586,3378405,3376476.626,150.644501,83.287428,-2488.910,2586
1760,150.765671,83.300692,317207.475,-2493,2586,3378405,3376476.039,150.715253,83.300499,-2491.059,2586
1761,150.739800,83.307793,317208.689,-2494,2586,3378404,3376475.457,150.715790,83.307792,-2492.461,2586
1762,150.713701,83.314941,317209.911,-2496,2587,3378404,3376474.872,150.681401,83.315631,-2493.819,2586
1763,150.687724,83.322039,317211.123,-2498,2587,3378403,3376474.291,150.681905,83.322924,-2495.722,2587
1764,150.661516,83.329184,317212.342,-2499,2587,3378403,3376473.707,150.632834,83.330038,-2496.974,2587
1765,150.635430,83.336280,317213.551,-2499,2587,3378402,3376473.128,150.502588,83.341956,-2495.502,2587
1766,150.609114,83.343423,317214.768,-2498,2587,3378402,3376472.546,150.501183,83.346994,-2494.758,2587
1767,150.582920,83.350516,317215.975,-2496,2587,3378401,3376471.968,150.599121,83.360243,-2494.680,2586
1768,150.556493,83.357655,317217.189,-2493,2586,3378401,3376471.387,150.620789,83.365306,-2493.768,2586
1769,150.530190,83.364746,317218.394,-2495,2587,3378400,3376470.810,150.562106,83.374125,-2493.052,2586
1770,150.503653,83.371883,317219.606,-2493,2586,3378400,3376470.231,150.559173,83.376861,-2492.830,2586
1771,150.477239,83.378971,317220.808,-2496,2587,3378399,3376469.656,150.505036,83.384795,-2492.687,2586
1772,150.452740,83.385531,317221.920,-2494,2586,3378399,3376469.124,150.465297,83.395045,-2492.358,2586
1773,150.426041,83.392664,317223.128,-2494,2587,3378399,3376468.547,150.428644,83.400565,-2491.911,2586
1774,150.399465,83.399748,317224.327,-2493,2586,3378397,3376467.974,150.418930,83.406251,-2491.563,2586
1775,150.372654,83.406878,317225.532,-2491,2586,3378397,3376467.398,150.414851,83.410047,-2491.479,2586
1776,150.345967,83.413959,317226.729,-2492,2586,3378397,3376466.827,150.291825,83.416794,-2490.768,2586
1777,150.319043,83.421087,317227.932,-2491,2586,3378397,3376466.252,150.239445,83.425990,-2490.527,2586
1778,150.292244,83.428165,317229.126,-2492,2586,3378395,3376465.682,150.238015,83.430980,-2489.904,2586
1779,150.265206,83.435290,317230.326,-2493,2587,3378395,3376465.109,150.167334,83.442615,-2489.302,2586
1780,150.238294,83.442366,317231.518,-2490,2586,3378395,3376464.540,150.129231,83.449126,-2486.668,2585
1781,150.211143,83.449488,317232.716,-2488,2586,3378395,3376463.969,150.183353,83.460287,-2484.551,2585
1782,150.184116,83.456561,317233.905,-2483,2585,3378394,3376463.401,150.133413,83.459521,-2483.556,2585
1783,150.156850,83.463680,317235.101,-2483,2585,3378394,3376462.831,150.137513,83.473771,-2482.027,2585
1784,150.129710,83.470750,317236.287,-2481,2584,3378393,3376462.266,150.036148,83.477140,-2479.758,2584
1785,150.102328,83.477867,317237.480,-2481,2584,3378393,3376461.697,150.097783,83.488679,-2478.004,2584
1786,150.075072,83.484934,317238.665,-2477,2584,3378392,3376461.132,150.076802,83.497168,-2475.660,2584
1787,150.047575,83.492047,317239.855,-2475,2583,3378392,3376460.565,150.015782,83.502610,-2472.560,2583
1788,150.020018,83.499160,317241.045,-2471,2583,3378390,3376459.998,150.003075,83.510455,-2470.770,2583
1789,149.992588,83.506223,317242.225,-2469,2583,3378390,3376459.436,149.950444,83.511790,-2468.997,2582
1790,149.964915,83.513332,317243.413,-2467,2582,3378390,3376458.871,149.959094,83.525167,-2465.768,2582
1791,149.937368,83.520392,317244.590,-2465,2582,3378390,3376458.310,149.951136,83.528726,-2464.653,2582
1792,149.909576,83.527499,317245.775,-2464,2582,3378390,3376457.747,149.904665,83.534897,-2464.164,2582
1793,149.881912,83.534556,317246.951,-2463,2581,3378389,3376457.187,149.876992,83.541947,-2463.606,2581
1794,149.854001,83.541659,317248.133,-2464,2582,3378389,3376456.625,149.875085,83.546983,-2463.207,2581
1795,149.826219,83.548714,317249.306,-2463,2581,3378388,3376456.067,149.929803,83.558122,-2461.327,2581
1796,149.798189,83.555814,317250.486,-2463,2582,3378388,3376455.506,149.886085,83.572262,-2460.046,2581
1797,149.770287,83.562866,317251.656,-2463,2581,3378387,3376454.950,149.878033,83.575819,-2459.433,2581
1798,149.742137,83.569963,317252.834,-2461,2581,3378387,3376454.390,149.879682,83.577678,-2459.286,2581
1799,149.714116,83.577012,317254.002,-2462,2581,3378386,3376453.835,149.798247,83.589903,-2458.825,2581
1800,149.685845,83.584107,317255.177,-2460,2581,3378386,3376453.277,149.788576,83.591202,-2458.723,2581
1801,149.657703,83.591152,317256.342,-2461,2581,3378386,3376452.724,149.775776,83.602356,-2458.015,2581
1802,149.629310,83.598244,317257.515,-2460,2581,3378385,3376452.167,149.770005,83.607205,-2457.580,2581
1803,149.601047,83.605287,317258.678,-2461,2581,3378385,3376451.615,149.686452,83.610383,-2459.553,2581
1804,149.572531,83.612375,317259.848,-2460,2581,3378384,3376451.060,149.635451,83.619706,-2459.990,2581
1805,149.544146,83.619415,317261.009,-2461,2581,3378384,3376450.509,149.590705,83.623686,-2460.179,2581
1806,149.515508,83.626501,317262.176,-2460,2581,3378383,3376449.956,149.510437,83.627072,-2460.581,2581
1807,149.487000,83.633537,317263.335,-2460,2581,3378383,3376449.407,149.497083,83.634856,-2460.807,2581
1808,149.458237,83.640620,317264.499,-2461,2581,3378382,3376448.854,149.475928,83.642310,-2461.059,2581
1809,149.429606,83.647653,317265.655,-2461,2581,3378382,3376448.306,149.466295,83.650282,-2461.605,2581
1810,149.400718,83.654733,317266.818,-2463,2582,3378381,3376447.756,149.479234,83.666160,-2460.371,2581
1811,149.371963,83.661763,317267.971,-2462,2582,3378381,3376447.209,149.473381,83.667595,-2460.260,2581
1812,149.342950,83.668840,317269.131,-2464,2582,3378381,3376446.660,149.420372,83.674594,-2461.717,2582
1813,149.314069,83.675867,317270.283,-2463,2582,3378380,3376446.115,149.408098,83.681318,-2461.863,2582
1814,149.284929,83.682941,317271.440,-2464,2582,3378380,3376445.567,149.259570,83.686924,-2463.262,2582
1815,149.255923,83.689965,317272.589,-2463,2582,3378379,3376445.024,149.319569,83.697256,-2462.463,2582
1816,149.226656,83.697035,317273.744,-2462,2582,3378379,3376444.477,149.273786,83.704620,-2462.395,2582
1817,149.197523,83.704057,317274.890,-2464,2582,3378377,3376443.935,149.279213,83.709986,-2461.814,2582
1818,149.168128,83.711124,317276.043,-2462,2582,3378377,3376443.390,149.238435,83.716480,-2461.981,2582
1819,149.138868,83.718142,317277.186,-2463,2582,3378377,3376442.849,149.157005,83.719766,-2463.061,2582
1820,149.109344,83.725206,317278.336,-2463,2582,3378377,3376442.306,149.145335,83.728837,-2463.030,2582
1821,149.079955,83.732221,317279.478,-2465,2582,3378377,3376441.767,149.066181,83.733357,-2463.682,2582
1822,149.050303,83.739282,317280.625,-2464,2582,3378375,3376441.224,149.009704,83.739067,-2464.244,2582
1823,149.020784,83.746293,317281.764,-2467,2583,3378375,3376440.687,149.010863,83.747607,-2464.589,2582
1824,148.991001,83.753351,317282.910,-2466,2582,3378375,3376440.146,148.850630,83.748104,-2463.718,2582
1825,148.961353,83.760360,317284.046,-2467,2583,3378375,3376439.610,148.895195,83.757711,-2465.149,2582
1826,148.931439,83.767414,317285.189,-2466,2582,3378374,3376439.070,148.834504,83.763210,-2464.895,2582
1827,148.903876,83.773899,317286.238,-2465,2582,3378374,3376438.575,148.824040,83.778432,-2464.232,2582
1828,148.873834,83.780950,317287.379,-2465,2582,3378374,3376438.037,148.813881,83.779714,-2464.135,2582
1829,148.843929,83.787952,317288.510,-2464,2582,3378373,3376437.504,148.794800,83.794012,-2463.546,2582
1830,148.813755,83.795000,317289.648,-2464,2582,3378373,3376436.967,148.720043,83.794305,-2463.023,2582
1831,148.783717,83.801999,317290.777,-2463,2582,3378372,3376436.435,148.825556,83.804712,-2463.677,2582
1832,148.753409,83.809044,317291.913,-2464,2582,3378372,3376435.900,148.661985,83.809575,-2463.030,2582
1833,148.723238,83.816039,317293.039,-2464,2582,3378370,3376435.370,148.744037,83.822193,-2463.073,2582
1834,148.692796,83.823081,317294.173,-2464,2582,3378370,3376434.836,148.746462,83.826361,-2463.091,2582
1835,148.662490,83.830073,317295.297,-2463,2582,3378370,3376434.307,148.702754,83.837186,-2462.772,2582
1836,148.631913,83.837111,317296.427,-2463,2582,3378370,3376433.775,148.684295,83.841440,-2462.784,2582
1837,148.601473,83.844100,317297.549,-2463,2582,3378370,3376433.247,148.637929,83.851009,-2462.729,2582
1838,148.570759,83.851135,317298.677,-2462,2582,3378369,3376432.716,148.638853,83.856234,-2462.335,2582
1839,148.540183,83.858120,317299.796,-2463,2582,3378369,3376432.190,148.596668,83.862632,-2463.020,2582
1840,148.509332,83.865152,317300.922,-2463,2582,3378368,3376431.661,148.503003,83.869896,-2463.307,2582
1841,148.478620,83.872134,317302.039,-2463,2582,3378368,3376431.136,148.470395,83.872258,-2463.130,2582
1842,148.447631,83.879162,317303.162,-2463,2582,3378367,3376430.608,148.551240,83.886006,-2462.098,2582
1843,148.416781,83.886141,317304.276,-2463,2582,3378367,3376430.085,148.414920,83.887697,-2462.971,2582
1844,148.385653,83.893165,317305.397,-2463,2582,3378367,3376429.558,148.394976,83.898666,-2462.150,2582
1845,148.354665,83.900141,317306.509,-2462,2582,3378366,3376429.036,148.398127,83.914127,-2460.994,2582
1846,148.323397,83.907162,317307.627,-2462,2582,3378366,3376428.511,148.258532,83.914576,-2460.961,2582
1847,148.292270,83.914134,317308.737,-2462,2582,3378365,3376427.991,148.258485,83.917447,-2460.747,2582
1848,148.260861,83.921151,317309.853,-2462,2582,3378365,3376427.467,148.282912,83.929525,-2460.847,2582
1849,148.229594,83.928120,317310.960,-2460,2582,3378364,3376426.948,148.235055,83.933391,-2460.559,2582
1850,148.198044,83.935134,317312.073,-2460,2582,3378364,3376426.426,148.131306,83.943560,-2459.636,2582
1851,148.166635,83.942099,317313.177,-2460,2582,3378364,3376425.908,148.128098,83.948541,-2458.933,2582
1852,148.134943,83.949109,317314.288,-2459,2582,3378363,3376425.388,148.119070,83.948755,-2458.917,2582
1853,148.103392,83.956071,317315.390,-2460,2582,3378363,3376424.872,148.123010,83.957494,-2460.102,2582
1854,148.071557,83.963078,317316.499,-2460,2582,3378362,3376424.353,148.009983,83.964937,-2459.718,2582
1855,148.039863,83.970036,317317.598,-2460,2582,3378362,3376423.838,147.958466,83.976558,-2459.025,2582
1856,148.007883,83.977039,317318.704,-2460,2582,3378362,3376423.320,147.965970,83.979875,-2458.780,2582
1857,147.976046,83.983993,317319.802,-2460,2582,3378361,3376422.807,147.893704,83.988185,-2458.667,2582
1858,147.943921,83.990993,317320.905,-2458,2582,3378361,3376422.290,147.921675,84.000478,-2457.762,2582
1859,147.911939,83.997944,317322.000,-2458,2582,3378360,3376421.778,147.918271,84.005457,-2457.395,2582
1860,147.879668,84.004940,317323.101,-2457,2582,3378360,3376421.264,147.914646,84.010483,-2457.193,2581
1861,147.847540,84.011887,317324.193,-2458,2582,3378359,3376420.753,147.937406,84.023582,-2455.898,2581
1862,147.815121,84.018880,317325.291,-2456,2581,3378359,3376420.240,147.936997,84.026500,-2455.684,2581
1863,147.782629,84.025870,317326.389,-2457,2582,3378359,3376419.727,147.676590,84.031093,-2455.348,2581
1864,147.750281,84.032812,317327.477,-2455,2581,3378357,3376419.219,147.626543,84.038269,-2454.323,2581
1865,147.717639,84.039799,317328.572,-2455,2581,3378357,3376418.708,147.627643,84.040133,-2454.186,2581
1866,147.685143,84.046737,317329.658,-2454,2581,3378357,3376418.201,147.625639,84.044057,-2454.233,2581
1867,147.652353,84.053720,317330.751,-2455,2581,3378357,3376417.691,147.596813,84.051232,-2454.209,2581
1868,147.619707,84.060655,317331.834,-2455,2581,3378357,3376417.185,147.588101,84.059369,-2454.615,2581
1869,147.586766,84.067634,317332.924,-2455,2581,3378356,3376416.677,147.575148,84.067350,-2455.034,2581
1870,147.553971,84.074565,317334.006,-2454,2581,3378356,3376416.173,147.556699,84.076134,-2455.062,2581
1871,147.520878,84.081541,317335.093,-2456,2581,3378355,3376415.666,147.475570,84.080673,-2455.232,2581
1872,147.487932,84.088468,317336.172,-2456,2582,3378355,3376415.164,147.458639,84.088402,-2455.671,2581
1873,147.454687,84.095439,317337.257,-2457,2582,3378354,3376414.658,147.489618,84.098610,-2456.432,2582
1874,147.421589,84.102363,317338.333,-2457,2582,3378354,3376414.157,147.482403,84.105692,-2456.586,2582
1875,147.388190,84.109331,317339.415,-2458,2582,3378354,3376413.653,147.380714,84.109204,-2457.165,2582
1876,147.354939,84.116250,317340.489,-2459,2582,3378353,3376413.153,147.399815,84.118760,-2456.975,2582
1877,147.321386,84.123214,317341.569,-2460,2582,3378353,3376412.651,147.426825,84.128768,-2457.587,2582
1878,147.287981,84.130130,317342.641,-2459,2582,3378352,3376412.153,147.357211,84.133852,-2459.221,2582
1879,147.254273,84.137090,317343.718,-2461,2582,3378352,3376411.652,147.374403,84.144508,-2459.288,2582
1880,147.220713,84.144002,317344.787,-2461,2583,3378352,3376411.155,147.322485,84.149349,-2459.774,2583
1881,147.186848,84.150958,317345.862,-2461,2582,3378350,3376410.655,147.269581,84.159901,-2460.517,2582
1882,147.153132,84.157866,317346.929,-2461,2583,3378350,3376410.160,147.187310,84.164353,-2460.698,2582
1883,147.121853,84.164259,317347.915,-2463,2583,3378350,3376409.702,147.183439,84.167558,-2460.968,2582
1884,147.087757,84.171209,317348.986,-2461,2583,3378350,3376409.204,147.224797,84.179445,-2459.618,2582
1885,147.053812,84.178111,317350.049,-2464,2583,3378350,3376408.711,147.244427,84.191314,-2457.772,2583
1886,147.019557,84.185058,317351.118,-2463,2583,3378349,3376408.215,147.203465,84.194495,-2458.545,2582
1887,146.985453,84.191956,317352.179,-2464,2583,3378349,3376407.723,147.138438,84.206684,-2458.177,2583
1888,146.951039,84.198899,317353.245,-2464,2583,3378348,3376407.228,147.135344,84.208343,-2458.059,2582
1889,146.916775,84.205793,317354.303,-2464,2583,3378348,3376406.738,147.110904,84.222577,-2455.549,2582
1890,146.882199,84.212731,317355.367,-2463,2583,3378348,3376406.245,147.061005,84.223030,-2456.517,2582
1891,146.847775,84.219622,317356.423,-2462,2583,3378347,3376405.756,147.040424,84.237466,-2454.995,2582
1892,146.813037,84.226556,317357.485,-2462,2583,3378347,3376405.264,147.043204,84.238280,-2454.604,2582
1893,146.778452,84.233442,317358.538,-2461,2583,3378345,3376404.777,146.902304,84.239811,-2457.829,2582
1894,146.743550,84.240373,317359.597,-2461,2583,3378345,3376404.286,146.947731,84.251923,-2455.473,2582
1895,146.708802,84.247255,317360.647,-2460,2583,3378345,3376403.800,146.898612,84.256933,-2456.120,2582
1896,146.673736,84.254181,317361.704,-2459,2582,3378345,3376403.311,146.836136,84.269341,-2455.413,2582
1897,146.638824,84.261059,317362.752,-2459,2583,3378345,3376402.827,146.702642,84.271239,-2456.280,2582
1898,146.603593,84.267981,317363.806,-2458,2582,3378344,3376402.339,146.663980,84.282567,-2454.651,2582
1899,146.568279,84.274901,317364.859,-2456,2582,3378344,3376401.853,146.538113,84.284890,-2454.154,2582
1900,146.533118,84.281773,317365.904,-2452,2581,3378344,3376401.370,146.614170,84.297396,-2450.611,2581
1901,146.497637,84.288689,317366.954,-2453,2581,3378343,3376400.885,146.506385,84.299496,-2449.464,2581
1902,146.462310,84.295556,317367.996,-2449,2581,3378343,3376400.404,146.487548,84.307195,-2447.593,2581
1903,146.426660,84.302468,317369.044,-2447,2581,3378343,3376399.920,146.484957,84.315778,-2444.993,2580
1904,146.391166,84.309331,317370.084,-2445,2580,3378342,3376399.441,146.542803,84.328504,-2439.606,2580
1905,146.355347,84.316239,317371.129,-2444,2580,3378342,3376398.958,146.434405,84.330592,-2438.294,2579
1906,146.319684,84.323098,317372.167,-2443,2580,3378341,3376398.480,146.558807,84.346668,-2429.010,2578
1907,146.283694,84.330001,317373.210,-2437,2579,3378341,3376397.999,146.396054,84.346031,-2430.388,2578
1908,146.247861,84.336856,317374.244,-2435,2578,3378341,3376397.522,146.354158,84.353724,-2427.854,2578
1909,146.211700,84.343755,317375.285,-2431,2578,3378340,3376397.043,146.357500,84.361468,-2421.985,2576
1910,146.175696,84.350605,317376.317,-2427,2577,3378340,3376396.568,146.269620,84.366840,-2419.780,2576
1911,146.139362,84.357500,317377.355,-2420,2576,3378339,3376396.090,146.154208,84.369715,-2415.747,2575
1912,146.103186,84.364346,317378.385,-2417,2575,3378339,3376395.616,146.153367,84.377202,-2411.564,2574
1913,146.066678,84.371236,317379.420,-2409,2574,3378339,3376395.140,146.064805,84.382590,-2408.358,2574
1914,146.030328,84.378078,317380.448,-2408,2574,3378337,3376394.667,146.045106,84.390275,-2403.495,2573
1915,145.993646,84.384964,317381.481,-2405,2573,3378337,3376394.192,145.943683,84.392699,-2400.995,2572
1916,145.957122,84.391801,317382.506,-2401,2572,3378337,3376393.721,145.854927,84.398010,-2396.796,2572
1917,145.920262,84.398682,317383.536,-2397,2572,3378337,3376393.247,145.891048,84.407466,-2390.313,2571
1918,145.883563,84.405515,317384.559,-2390,2571,3378337,3376392.778,145.839649,84.414696,-2386.317,2570
1919,145.846526,84.412392,317385.587,-2386,2570,3378336,3376392.306,145.794162,84.421135,-2381.709,2569
1920,145.809650,84.419221,317386.607,-2381,2569,3378336,3376391.838,145.700694,84.423901,-2377.020,2568
1921,145.772435,84.426093,317387.633,-2376,2568,3378336,3376391.367,145.598411,84.428576,-2372.200,2568
1922,145.735380,84.432917,317388.650,-2373,2568,3378335,3376390.900,145.651331,84.438862,-2369.497,2567
1923,145.697985,84.439785,317389.673,-2369,2567,3378335,3376390.431,145.565513,84.444392,-2366.286,2566
1924,145.660752,84.446604,317390.689,-2367,2567,3378335,3376389.966,145.553325,84.452493,-2362.734,2566
1925,145.623176,84.453468,317391.709,-2365,2566,3378334,3376389.498,145.444180,84.455664,-2359.351,2565
1926,145.585762,84.460283,317392.722,-2361,2566,3378334,3376389.034,145.515957,84.468091,-2357.506,2565
1927,145.548003,84.467141,317393.740,-2359,2565,3378333,3376388.568,145.402276,84.471038,-2353.639,2564
1928,145.510408,84.473952,317394.750,-2355,2565,3378333,3376388.105,145.406660,84.480003,-2352.198,2564
1929,145.472466,84.480806,317395.766,-2352,2564,3378333,3376387.641,145.351709,84.485975,-2349.126,2564
1930,145.434687,84.487611,317396.774,-2350,2564,3378332,3376387.180,145.343766,84.489671,-2348.876,2563
1931,145.396561,84.494461,317397.787,-2349,2563,3378332,3376386.716,145.267060,84.499166,-2346.401,2563
1932,145.358598,84.501262,317398.792,-2347,2563,3378332,3376386.257,145.214273,84.504034,-2344.072,2563
1933,145.320286,84.508106,317399.803,-2347,2563,3378330,3376385.795,145.167339,84.510426,-2341.808,2562
1934,145.282138,84.514903,317400.806,-2344,2563,3378330,3376385.337,145.120556,84.516769,-2340.214,2562
1935,145.243638,84.521742,317401.814,-2342,2562,3378330,3376384.876,144.994911,84.520248,-2336.313,2562
1936,145.205304,84.528534,317402.815,-2341,2562,3378330,3376384.420,144.994445,84.528996,-2335.724,2561
1937,145.166615,84.535369,317403.820,-2339,2562,3378330,3376383.961,144.964014,84.536251,-2334.237,2561
1938,145.128093,84.542156,317404.818,-2337,2561,3378329,3376383.505,145.010264,84.547416,-2334.156,2561
1939,145.089215,84.548986,317405.822,-2336,2561,3378329,3376383.048,144.792758,84.544972,-2326.986,2561
1940,145.053384,84.555264,317406.743,-2334,2561,3378329,3376382.628,144.837381,84.555427,-2326.619,2560
1941,145.014322,84.562090,317407.744,-2330,2560,3378328,3376382.172,144.844924,84.564662,-2325.002,2560
1942,144.975427,84.568867,317408.737,-2329,2560,3378328,3376381.719,144.716379,84.566775,-2322.028,2559
1943,144.936173,84.575688,317409.736,-2327,2560,3378328,3376381.264,144.719451,84.565291,-2322.127,2560
1944,144.897086,84.582460,317410.726,-2329,2560,3378327,3376380.814,144.641762,84.580544,-2321.444,2559
1945,144.857638,84.589276,317411.722,-2328,2560,3378327,3376380.360,144.558058,84.581538,-2318.378,2559
1946,144.818358,84.596044,317412.711,-2328,2560,3378325,3376379.911,144.434507,84.587388,-2312.988,2559
1947,144.778715,84.602855,317413.704,-2325,2559,3378325,3376379.459,144.445688,84.596852,-2313.360,2558
1948,144.739241,84.609617,317414.690,-2321,2559,3378325,3376379.011,144.427248,84.604705,-2312.672,2558
1949,144.699402,84.616423,317415.681,-2321,2559,3378325,3376378.561,144.467168,84.612159,-2313.845,2558
1950,144.659732,84.623181,317416.664,-2319,2559,3378325,3376378.114,144.396054,84.613755,-2312.073,2558
1951,144.619696,84.629982,317417.653,-2320,2559,3378325,3376377.665,144.472749,84.621955,-2315.531,2558
1952,144.579829,84.636734,317418.633,-2321,2559,3378324,3376377.220,144.445679,84.629362,-2316.708,2558
1953,144.539593,84.643530,317419.620,-2327,2560,3378324,3376376.772,144.439770,84.637931,-2320.310,2559
1954,144.499528,84.650278,317420.598,-2334,2561,3378324,3376376.329,144.371371,84.644365,-2323.553,2560
1955,144.459092,84.657068,317421.582,-2343,2563,3378323,3376375.883,144.206077,84.644626,-2325.036,2560
1956,144.418827,84.663811,317422.557,-2365,2567,3378323,3376375.440,144.176731,84.650755,-2331.300,2561
1957,144.378190,84.670596,317423.539,-2365,2567,3378322,3376374.996,144.024116,84.651644,-2331.908,2562
1958,144.337724,84.677334,317424.512,-2395,2572,3378322,3376374.555,143.980842,84.659393,-2346.399,2565
1959,144.296883,84.684114,317425.491,-2416,2576,3378322,3376374.112,143.830522,84.659194,-2359.746,2568
1960,144.256215,84.690846,317426.462,-2432,2579,3378321,3376373.672,142.842430,84.626322,-2228.076,2565
1961,144.215169,84.697621,317427.438,-2424,2577,3378321,3376373.231,142.918679,84.639559,-2224.536,2561
1962,144.174297,84.704348,317428.406,-2355,2565,3378321,3376372.793,142.906368,84.647834,-2203.825,2556
1963,144.133046,84.711118,317429.380,-2343,2563,3378320,3376372.353,143.162282,84.670844,-2226.149,2552
1964,144.091968,84.717840,317430.346,-2282,2552,3378320,3376371.916,144.480046,84.747771,-2249.648,2548
1965,144.050509,84.724604,317431.317,-2284,2552,3378320,3376371.477,144.298363,84.747390,-2238.673,2545
1966,144.009225,84.731320,317432.281,-2254,2547,3378319,3376371.042,143.922140,84.737996,-2230.946,2543
1967,143.967558,84.738080,317433.250,-2235,2544,3378319,3376370.605,143.797470,84.740419,-2213.956,2540
1968,143.926066,84.744791,317434.211,-2214,2540,3378319,3376370.171,143.742699,84.746428,-2200.235,2538
1969,143.884188,84.751544,317435.177,-2204,2538,3378317,3376369.736,143.604675,84.748129,-2187.958,2536
1970,143.842487,84.758250,317436.136,-2191,2536,3378317,3376369.303,143.601945,84.756873,-2181.728,2535
1971,143.800397,84.764998,317437.100,-2182,2535,3378317,3376368.869,143.572704,84.764287,-2175.917,2534
1972,143.758485,84.771699,317438.056,-2183,2534,3378317,3376368.438,143.572593,84.771992,-2170.755,2533
1973,143.716182,84.778441,317439.017,-2175,2533,3378317,3376368.005,143.383077,84.772160,-2163.244,2532
1974,143.674057,84.785136,317439.971,-2170,2532,3378317,3376367.576,143.450011,84.784591,-2163.280,2532
1975,143.631540,84.791874,317440.930,-2167,2532,3378316,3376367.145,143.227818,84.781832,-2153.790,2531
1976,143.588915,84.798608,317441.887,-2165,2531,3378316,3376366.714,143.281079,84.793630,-2155.368,2531
1977,143.546468,84.805295,317442.837,-2164,2531,3378315,3376366.287,143.185733,84.797508,-2150.787,2530
1978,143.503626,84.812024,317443.792,-2163,2531,3378315,3376365.857,143.175075,84.797643,-2150.278,2530
1979,143.460963,84.818705,317444.740,-2162,2531,3378315,3376365.432,143.165364,84.814342,-2151.212,2530
1980,143.417902,84.825428,317445.693,-2162,2531,3378314,3376365.004,143.119966,84.816194,-2150.094,2530
1981,143.375021,84.832103,317446.638,-2162,2531,3378314,3376364.580,143.038855,84.822017,-2148.057,2529
1982,143.331741,84.838821,317447.588,-2161,2531,3378314,3376364.153,143.003366,84.822021,-2147.390,2530
1983,143.288641,84.845491,317448.531,-2164,2531,3378313,3376363.730,143.057224,84.837367,-2152.415,2530
1984,143.245140,84.852203,317449.478,-2165,2532,3378313,3376363.306,142.963126,84.836645,-2151.794,2530
1985,143.201819,84.858867,317450.418,-2169,2532,3378313,3376362.884,142.994590,84.847254,-2156.288,2530
1986,143.158094,84.865573,317451.364,-2177,2534,3378312,3376362.461,142.968409,84.854873,-2159.639,2531
1987,143.114552,84.872231,317452.301,-2175,2533,3378312,3376362.041,142.893801,84.859876,-2163.656,2532
1988,143.070602,84.878931,317453.244,-2190,2536,3378312,3376361.619,141.453693,84.802073,-1982.161,2528
1989,143.026836,84.885584,317454.179,-2206,2539,3378310,3376361.200,141.520710,84.814944,-1978.007,2523
1990,142.982661,84.892278,317455.120,-2218,2541,3378310,3376360.780,141.544450,84.825423,-1966.173,2519
1991,142.938669,84.898925,317456.052,-2222,2542,3378310,3376360.363,141.529560,84.833669,-1954.816,2516
1992,142.894266,84.905614,317456.990,-2249,2547,3378310,3376359.944,141.514320,84.841958,-1947.457,2514
1993,142.850048,84.912254,317457.921,-2299,2555,3378310,3376359.528,141.616879,84.856764,-1962.186,2512
1994,142.805415,84.918937,317458.856,-2358,2566,3378310,3376359.110,141.759131,84.873773,-1983.446,2511
1995,142.760968,84.925572,317459.784,-2371,2568,3378309,3376358.696,141.880637,84.889502,-1991.123,2509
1996,142.716105,84.932249,317460.717,-2343,2564,3378309,3376358.280,141.954012,84.902610,-1992.801,2507
1997,142.671428,84.938878,317461.642,-2259,2549,3378309,3376357.867,141.966111,84.912306,-1994.694,2506
1998,142.626333,84.945548,317462.572,-2160,2531,3378308,3376357.453,141.982384,84.922285,-1998.070,2506
1999,142.584766,84.951679,317463.427,-2128,2525,3378308,3376357.072,142.016717,84.921724,-1999.772,2506
2000,142.539749,84.958299,317464.348,-2094,2519,3378308,3376356.661,142.006779,84.930219,-2003.575,2506
2001,142.494311,84.964961,317465.275,-2085,2518,3378307,3376356.249,142.030719,84.939405,-2014.837,2507
2002,142.449061,84.971575,317466.194,-2082,2517,3378307,3376355.840,141.869481,84.939731,-2012.150,2508
2003,142.403386,84.978230,317467.119,-2093,2519,3378307,3376355.428,141.988176,84.955240,-2027.187,2509
2004,142.357900,84.984838,317468.036,-2098,2520,3378307,3376355.021,141.955793,84.962534,-2031.568,2510
2005,142.311988,84.991488,317468.957,-2119,2524,3378305,3376354.611,141.797962,84.963127,-2028.531,2511
2006,142.266264,84.998089,317469.872,-2134,2526,3378305,3376354.205,141.708555,84.968543,-2028.029,2511
2007,142.220112,85.004733,317470.791,-2153,2530,3378305,3376353.797,141.537150,84.968349,-2020.875,2512
2008,142.174149,85.011328,317471.703,-2157,2530,3378305,3376353.392,141.374960,84.968554,-2011.529,2512
2009,142.127755,85.017965,317472.620,-2169,2533,3378305,3376352.985,141.354645,84.976596,-2020.532,2513
2010,142.081552,85.024554,317473.529,-2180,2535,3378305,3376352.582,141.191004,84.975483,-2011.434,2514
2011,142.034915,85.031185,317474.444,-2201,2538,3378304,3376352.176,141.140412,84.983073,-2019.632,2515
2012,141.988470,85.037767,317475.351,-2206,2539,3378304,3376351.774,140.982174,84.983429,-2010.110,2516
2013,141.941588,85.044391,317476.262,-2210,2540,3378304,3376351.371,140.840228,84.983508,-2007.772,2518
2014,141.894582,85.051012,317477.173,-2211,2540,3378303,3376350.967,140.677209,84.983588,-1997.267,2519
2015,141.847769,85.057586,317478.076,-2204,2539,3378303,3376350.568,140.626087,84.991095,-2004.137,2520
2016,141.800516,85.064200,317478.984,-2196,2538,3378303,3376350.166,143.426858,85.157767,-1930.043,2520
2017,141.753457,85.070767,317479.885,-2186,2536,3378302,3376349.768,143.343411,85.162591,-1877.089,2510
2018,141.705954,85.077375,317480.791,-2177,2534,3378302,3376349.367,143.477086,85.178047,-1795.337,2502
2019,141.658647,85.083935,317481.689,-2173,2534,3378302,3376348.971,143.483513,85.187245,-1721.459,2491
2020,141.610893,85.090536,317482.592,-2174,2534,3378301,3376348.572,143.642198,85.203814,-1597.980,2477
2021,141.563335,85.097090,317483.488,-2169,2533,3378301,3376348.176,143.470460,85.203270,-1598.679,2472
2022,141.515329,85.103685,317484.389,-2160,2531,3378301,3376347.779,143.268737,85.203650,-1611.490,2468
2023,141.467519,85.110232,317485.282,-2155,2530,3378300,3376347.385,143.416152,85.218496,-1553.282,2465
2024,141.419258,85.116820,317486.181,-2146,2529,3378300,3376346.989,143.347491,85.225326,-1547.880,2463
2025,141.371195,85.123360,317487.072,-2140,2528,3378300,3376346.597,143.279509,85.226222,-1552.328,2462
2026,141.322678,85.129941,317487.967,-2131,2526,3378300,3376346.202,143.194976,85.234651,-1549.667,2461
2027,141.274358,85.136475,317488.856,-2129,2526,3378299,3376345.811,143.145240,85.242342,-1542.383,2460
2028,141.225583,85.143049,317489.749,-2129,2526,3378299,3376345.418,143.134653,85.249624,-1529.790,2459
2029,141.177006,85.149576,317490.635,-2109,2522,3378299,3376345.029,143.094270,85.257775,-1520.481,2458
2030,141.127971,85.156144,317491.526,-2126,2525,3378298,3376344.637,143.013234,85.262838,-1522.019,2457
2031,141.079135,85.162664,317492.409,-2121,2525,3378298,3376344.249,142.930621,85.266579,-1525.301,2456
2032,141.029839,85.169224,317493.298,-2147,2529,3378298,3376343.859,142.878097,85.273026,-1519.926,2455
2033,140.980742,85.175738,317494.179,-2151,2530,3378297,3376343.472,142.849815,85.280594,-1509.487,2454
2034,140.931181,85.182291,317495.065,-2183,2535,3378297,3376343.084,142.649565,85.281031,-1538.961,2453
2035,140.881821,85.188798,317495.943,-2172,2534,3378297,3376342.699,142.643274,85.288496,-1525.361,2452
2036,140.831995,85.195344,317496.827,-2183,2535,3378296,3376342.311,142.596581,85.296428,-1521.402,2452
2037,140.782371,85.201843,317497.703,-2203,2539,3378296,3376341.928,142.580541,85.303422,-1509.998,2451
2038,140.732277,85.208383,317498.584,-2229,2544,3378296,3376341.542,142.523940,85.310878,-1507.067,2450
2039,140.682386,85.214875,317499.457,-2256,2549,3378296,3376341.160,142.449746,85.311458,-1513.700,2450
2040,140.632023,85.221408,317500.336,-2270,2551,3378295,3376340.775,142.436342,85.324610,-1497.110,2449
2041,140.581864,85.227893,317501.207,-2273,2552,3378295,3376340.395,142.313503,85.326385,-1506.508,2448
2042,140.531229,85.234418,317502.083,-2262,2550,3378295,3376340.012,142.227181,85.332393,-1504.496,2446
2043,140.480800,85.240896,317502.951,-2266,2550,3378294,3376339.632,142.207191,85.340411,-1495.702,2446
2044,140.429892,85.247414,317503.825,-2261,2550,3378294,3376339.251,142.017326,85.340114,-1512.386,2444
2045,140.379190,85.253885,317504.691,-2255,2549,3378294,3376338.873,141.992105,85.347887,-1497.941,2442
2046,140.328008,85.260395,317505.562,-2241,2546,3378292,3376338.493,141.961620,85.355463,-1485.674,2441
2047,140.277031,85.266859,317506.426,-2223,2543,3378292,3376338.117,141.862008,85.358360,-1489.509,2439
2048,140.225572,85.273362,317507.294,-2231,2544,3378292,3376337.738,141.808455,85.365999,-1478.406,2438
2049,140.174319,85.279818,317508.156,-2208,2540,3378292,3376337.363,141.631023,85.365006,-1489.629,2435
2050,140.122580,85.286314,317509.022,-2164,2532,3378292,3376336.986,141.604688,85.372810,-1472.685,2433
2051,140.071050,85.292762,317509.880,-2125,2525,3378292,3376336.612,141.423560,85.372796,-1486.185,2432
2052,140.019030,85.299251,317510.744,-2114,2524,3378292,3376336.237,141.359441,85.379916,-1474.447,2430
2053,139.966869,85.305735,317511.606,-2089,2519,3378290,3376335.862,141.224728,85.381060,-1475.049,2427
2054,139.914916,85.312173,317512.461,-2096,2520,3378290,3376335.491,141.136346,85.386892,-1469.217,2425
2055,139.862471,85.318650,317513.321,-2067,2515,3378290,3376335.117,140.997790,85.389023,-1469.930,2423
2056,139.810236,85.325080,317514.174,-2036,2510,3378290,3376334.747,140.941583,85.395280,-1461.742,2422
2057,139.757504,85.331549,317515.031,-2014,2506,3378290,3376334.376,140.806321,85.396347,-1461.681,2420
2058,139.704984,85.337971,317515.881,-1967,2498,3378290,3376334.007,140.624286,85.396133,-1471.027,2419
2059,139.656240,85.343913,317516.667,-1938,2492,3378290,3376333.666,140.605129,85.403623,-1457.603,2417
2060,139.603087,85.350371,317517.521,-1923,2490,3378289,3376333.297,140.428373,85.404928,-1463.029,2416
2061,139.550146,85.356781,317518.367,-1877,2481,3378289,3376332.930,140.347102,85.409889,-1459.582,2415
2062,139.496702,85.363232,317519.219,-1839,2475,3378289,3376332.562,140.225719,85.411599,-1460.819,2414
2063,139.443471,85.369635,317520.063,-1754,2460,3378288,3376332.197,140.183681,85.419827,-1457.355,2413
2064,139.389733,85.376077,317520.911,-1713,2452,3378288,3376331.830,139.966736,85.417730,-1466.473,2413
2065,139.336210,85.382472,317521.753,-1625,2437,3378288,3376331.467,139.807897,85.418576,-1468.425,2412
2066,139.282177,85.388907,317522.599,-1639,2439,3378288,3376331.101,139.811834,85.428091,-1456.389,2410
2067,139.228360,85.395294,317523.438,-1582,2429,3378287,3376330.739,139.724683,85.432728,-1452.295,2409
2068,139.174030,85.401721,317524.282,-1527,2419,3378287,3376330.375,139.621689,85.435357,-1450.481,2408
2069,139.119916,85.408100,317525.119,-1508,2416,3378287,3376330.015,139.424634,85.435352,-1449.481,2407
2070,139.065287,85.414518,317525.960,-1494,2413,3378285,3376329.652,139.346180,85.440501,-1444.192,2406
2071,139.010874,85.420890,317526.794,-1496,2414,3378285,3376329.293,139.339938,85.449460,-1437.357,2405
2072,138.955943,85.427300,317527.633,-1475,2410,3378285,3376328.932,139.189113,85.450730,-1431.286,2403
2073,138.901230,85.433663,317528.465,-1460,2408,3378285,3376328.574,139.181789,85.458412,-1423.189,2402
2074,138.845995,85.440065,317529.301,-1446,2405,3378285,3376328.215,139.132270,85.466363,-1416.078,2401
2075,138.790979,85.446420,317530.130,-1438,2404,3378285,3376327.858,139.053328,85.471438,-1410.462,2400
2076,138.735439,85.452814,317530.964,-1419,2400,3378285,3376327.500,138.877677,85.471349,-1406.467,2398
2077,138.680118,85.459161,317531.791,-1420,2401,3378285,3376327.146,138.856045,85.479523,-1400.012,2398
2078,138.624269,85.465546,317532.622,-1415,2399,3378284,3376326.789,138.728111,85.482000,-1397.708,2397
2079,138.568641,85.471884,317533.447,-1407,2398,3378284,3376326.436,138.706162,85.490170,-1392.420,2396
2080,138.512482,85.478261,317534.275,-1399,2397,3378284,3376326.080,138.669300,85.497598,-1387.009,2395
2081,138.456545,85.484591,317535.097,-1394,2396,3378283,3376325.729,138.869775,85.517772,-1372.393,2394
2082,138.400073,85.490960,317535.924,-1386,2394,3378283,3376325.375,138.740764,85.520252,-1364.090,2392
2083,138.343824,85.497281,317536.743,-1386,2395,3378283,3376325.024,138.854824,85.535724,-1344.905,2390
2084,138.287038,85.503641,317537.567,-1382,2394,3378283,3376324.672,138.700324,85.535619,-1341.577,2389
2085,138.230475,85.509954,317538.384,-1373,2392,3378282,3376324.323,138.600855,85.540876,-1336.122,2387
2086,138.173372,85.516306,317539.205,-1363,2390,3378282,3376323.972,138.489880,85.543084,-1330.834,2386
2087,138.116493,85.522610,317540.020,-1353,2389,3378282,3376323.625,138.336061,85.544138,-1330.610,2385
2088,138.059071,85.528953,317540.839,-1354,2389,3378282,3376323.275,138.235591,85.549390,-1327.655,2385
2089,138.001874,85.535248,317541.651,-1341,2386,3378281,3376322.929,138.057293,85.549064,-1328.340,2384
2090,137.944130,85.541582,317542.467,-1332,2385,3378281,3376322.581,137.993335,85.551299,-1327.384,2384
2091,137.886223,85.547911,317543.282,-1328,2384,3378281,3376322.234,137.930164,85.556082,-1327.289,2384
2092,137.828545,85.554194,317544.090,-1329,2384,3378280,3376321.890,137.928088,85.557897,-1327.690,2384
2093,137.770313,85.560514,317544.903,-1334,2385,3378280,3376321.545,137.730136,85.557748,-1328.698,2384
2094,137.712310,85.566788,317545.709,-1333,2385,3378280,3376321.202,137.720153,85.565413,-1329.612,2384
2095,137.653752,85.573100,317546.519,-1336,2386,3378280,3376320.858,137.632651,85.570110,-1332.523,2385
2096,137.595423,85.579364,317547.322,-1341,2387,3378279,3376320.517,137.458691,85.571188,-1334.797,2386
2097,137.536535,85.585667,317548.130,-1344,2387,3378279,3376320.174,137.423934,85.578822,-1337.048,2386
2098,137.477877,85.591922,317548.931,-1346,2388,3378279,3376319.835,137.307012,85.580544,-1338.288,2386
2099,137.418657,85.598216,317549.736,-1348,2388,3378279,3376319.493,137.233265,85.586005,-1341.491,2387
2100,137.359669,85.604462,317550.535,-1351,2388,3378278,3376319.155,137.053767,85.586720,-1341.619,2388
2101,137.300114,85.610746,317551.337,-1354,2389,3378278,3376318.815,137.075962,85.596321,-1347.264,2388
2102,137.240792,85.616984,317552.133,-1354,2389,3378278,3376318.479,137.035918,85.603624,-1350.036,2389
2103,137.180901,85.623259,317552.933,-1354,2389,3378278,3376318.140,137.132612,85.627521,-1352.912,2389
2104,137.121244,85.629487,317553.727,-1353,2389,3378277,3376317.805,137.185795,85.643815,-1348.037,2388
2105,137.061014,85.635752,317554.525,-1350,2388,3378277,3376317.468,137.047286,85.645731,-1344.434,2387
2106,137.001019,85.641971,317555.316,-1345,2388,3378277,3376317.134,136.962763,85.650581,-1338.508,2386
2107,136.940447,85.648227,317556.111,-1340,2387,3378276,3376316.799,136.955889,85.659827,-1331.847,2385
2108,136.880111,85.654437,317556.899,-1333,2385,3378276,3376316.467,136.797630,85.660567,-1327.640,2384
2109,136.819196,85.660683,317557.692,-1330,2385,3378276,3376316.133,136.844289,85.672820,-1321.987,2383
2110,136.758517,85.666883,317558.478,-1322,2383,3378276,3376315.802,136.798261,85.679836,-1315.780,2382
2111,136.697255,85.673120,317559.268,-1316,2382,3378275,3376315.469,136.687855,85.683329,-1310.761,2381
2112,136.636231,85.679310,317560.052,-1308,2381,3378275,3376315.140,136.597298,85.687864,-1306.520,2381
2113,136.574621,85.685538,317560.840,-1305,2380,3378275,3376314.809,136.579768,85.696557,-1302.226,2380
2114,136.513249,85.691718,317561.621,-1301,2380,3378275,3376314.481,136.410296,85.696668,-1298.220,2379
2115,136.451287,85.697936,317562.406,-1298,2379,3378274,3376314.151,136.353084,85.703147,-1295.044,2379
2116,136.389566,85.704107,317563.185,-1294,2379,3378274,3376313.824,136.227436,85.705704,-1291.742,2378
2117,136.327250,85.710314,317563.968,-1294,2378,3378274,3376313.496,136.204244,85.712834,-1290.365,2378
2118,136.265175,85.716475,317564.744,-1293,2379,3378274,3376313.171,136.073222,85.716366,-1287.679,2378
2119,136.202503,85.722673,317565.524,-1292,2378,3378272,3376312.845,135.980907,85.720871,-1286.275,2377
2120,136.144720,85.728367,317566.240,-1292,2378,3378272,3376312.545,135.977429,85.724501,-1286.083,2377
2121,136.082126,85.734514,317567.013,-1293,2378,3378272,3376312.222,135.870867,85.725559,-1284.694,2377
2122,136.018929,85.740697,317567.790,-1294,2379,3378272,3376311.897,135.694924,85.725276,-1281.709,2377
2123,135.955976,85.746833,317568.560,-1300,2380,3378272,3376311.576,135.593398,85.725300,-1279.208,2377
2124,135.892416,85.753006,317569.334,-1299,2379,3378272,3376311.253,135.430359,85.733465,-1276.612,2377
2125,135.828674,85.759174,317570.107,-1300,2380,3378272,3376310.931,135.455182,85.740838,-1279.725,2377
2126,135.765177,85.765295,317570.873,-1306,2381,3378272,3376310.611,135.368253,85.740402,-1277.415,2377
2127,135.701068,85.771453,317571.644,-1312,2382,3378270,3376310.290,135.367612,85.750196,-1281.735,2377
2128,135.637207,85.777563,317572.408,-1314,2382,3378270,3376309.972,135.156944,85.747773,-1275.528,2378
2129,135.572729,85.783711,317573.175,-1316,2383,3378270,3376309.653,135.036974,85.755855,-1277.272,2378
2130,135.508500,85.789811,317573.937,-1320,2383,3378270,3376309.337,135.016442,85.764470,-1281.323,2378
2131,135.443650,85.795948,317574.702,-1323,2384,3378270,3376309.019,134.909107,85.762884,-1279.905,2379
2132,135.379051,85.802038,317575.461,-1327,2384,3378270,3376308.704,134.775989,85.764921,-1278.299,2379
2133,135.313827,85.808164,317576.224,-1333,2386,3378270,3376308.387,134.690505,85.771122,-1280.143,2380
2134,135.248855,85.814244,317576.981,-1334,2386,3378270,3376308.074,134.537552,85.771971,-1277.932,2381
2135,135.183254,85.820359,317577.741,-1337,2386,3378269,3376307.759,134.446125,85.779135,-1282.392,2381
2136,135.117906,85.826428,317578.495,-1342,2387,3378269,3376307.446,134.454734,85.786910,-1291.489,2382
2137,135.051926,85.832533,317579.253,-1343,2388,3378269,3376307.133,134.306217,85.786767,-1288.829,2383
2138,134.986200,85.838591,317580.005,-1351,2389,3378269,3376306.822,134.072867,85.786727,-1282.998,2385
2139,134.919838,85.844685,317580.760,-1349,2389,3378269,3376306.510,134.049075,85.796632,-1282.818,2384
2140,134.853731,85.850732,317581.509,-1349,2389,3378268,3376306.201,134.047960,85.802554,-1286.012,2383
2141,134.786985,85.856815,317582.262,-1368,2392,3378268,3376305.890,134.324172,85.827590,-1325.722,2387
2142,134.720494,85.862852,317583.009,-1377,2394,3378268,3376305.583,134.252618,85.833293,-1328.096,2387
2143,134.653360,85.868924,317583.760,-1373,2393,3378268,3376305.274,134.249382,85.843085,-1333.927,2388
2144,134.586483,85.874949,317584.504,-1395,2397,3378267,3376304.967,134.117627,85.846577,-1334.082,2388
2145,134.518959,85.881010,317585.252,-1404,2398,3378267,3376304.660,134.114765,85.855092,-1337.980,2388
2146,134.451693,85.887025,317585.993,-1411,2400,3378267,3376304.355,133.957873,85.857107,-1336.544,2389
2147,134.383776,85.893074,317586.739,-1431,2403,3378267,3376304.048,133.836383,85.858623,-1336.300,2389
2148,134.316119,85.899077,317587.478,-1431,2403,3378265,3376303.745,133.670233,85.858722,-1334.295,2390
2149,134.247806,85.905115,317588.221,-1472,2411,3378265,3376303.440,133.571386,85.864215,-1336.015,2391
2150,134.179755,85.911107,317588.958,-1502,2416,3378265,3376303.138,133.322794,85.857971,-1326.833,2392
2151,134.111044,85.917134,317589.698,-1551,2425,3378265,3376302.835,133.292890,85.866282,-1333.076,2392
2152,134.042595,85.923115,317590.433,-1543,2423,3378265,3376302.535,133.147852,85.871576,-1335.807,2394
2153,133.973483,85.929130,317591.171,-1613,2436,3378265,3376302.233,136.028960,86.052927,-1144.454,2391
2154,133.904634,85.935099,317591.903,-1618,2437,3378265,3376301.934,135.945238,86.058221,-1114.864,2385
2155,133.835118,85.941103,317592.638,-1669,2446,3378265,3376301.633,135.664371,86.053197,-1125.608,2380
2156,133.765867,85.947060,317593.367,-1692,2450,3378265,3376301.336,135.580155,86.058456,-1104.352,2376
2157,133.695945,85.953052,317594.100,-1690,2450,3378264,3376301.037,135.453187,86.060217,-1094.267,2372
2158,133.626288,85.958998,317594.827,-1698,2451,3378264,3376300.741,135.294536,86.061500,-1089.038,2368
2159,133.555956,85.964978,317595.558,-1703,2452,3378264,3376300.443,135.171846,86.066056,-1081.817,2366
2160,133.485892,85.970912,317596.282,-1683,2448,3378264,3376300.149,134.891895,86.060734,-1087.908,2361
2161,133.415147,85.976880,317597.010,-1694,2450,3378263,3376299.853,134.821784,86.066814,-1075.114,2359
2162,133.344672,85.982802,317597.732,-1652,2443,3378263,3376299.559,134.531802,86.060801,-1086.405,2356
2163,133.273512,85.988758,317598.458,-1606,2435,3378263,3376299.265,134.508820,86.068164,-1071.382,2354
2164,133.202623,85.994668,317599.177,-1579,2430,3378263,3376298.973,134.322794,86.069103,-1072.836,2352
2165,133.131045,86.000612,317599.900,-1609,2435,3378263,3376298.680,134.262110,86.075714,-1062.016,2351
2166,133.059257,86.006550,317600.622,-1567,2428,3378262,3376298.388,134.091567,86.076233,-1060.658,2348
2167,132.987741,86.012441,317601.338,-1545,2424,3378262,3376298.098,133.937853,86.076275,-1059.489,2346
2168,132.915530,86.018367,317602.057,-1531,2421,3378262,3376297.807,133.762053,86.076436,-1060.315,2345
2169,132.843593,86.024246,317602.770,-1507,2417,3378262,3376297.519,133.663591,86.082194,-1053.370,2343
2170,132.770957,86.030159,317603.487,-1502,2416,3378261,3376297.230,133.518593,86.084062,-1048.946,2341
2171,132.698597,86.036026,317604.198,-1442,2406,3378261,3376296.943,133.504452,86.091944,-1037.233,2340
2172,132.625533,86.041927,317604.912,-1417,2401,3378261,3376296.655,133.430703,86.099184,-1028.718,2339
2173,132.552745,86.047781,317605.621,-1307,2382,3378261,3376296.370,133.254350,86.099201,-1027.884,2337
2174,132.479250,86.053669,317606.333,-1291,2379,3378261,3376296.083,133.061999,86.098332,-1029.259,2336
2175,132.406033,86.059511,317607.038,-1217,2366,3378260,3376295.800,132.906304,86.099463,-1026.538,2335
2176,132.332105,86.065386,317607.748,-1132,2350,3378260,3376295.515,132.693462,86.097321,-1027.641,2333
2177,132.258455,86.071215,317608.451,-1096,2344,3378260,3376295.232,132.698209,86.106384,-1017.372,2332
2178,132.184089,86.077078,317609.158,-1083,2342,3378260,3376294.949,132.607245,86.112656,-1013.239,2332
2179,132.110005,86.082894,317609.859,-1050,2336,3378260,3376294.668,132.481708,86.115504,-1010.269,2331
2180,132.035199,86.088743,317610.563,-1042,2334,3378259,3376294.386,132.252852,86.112352,-1009.086,2329
2181,131.960676,86.094546,317611.262,-1018,2330,3378259,3376294.106,132.224446,86.120884,-1002.845,2328
2182,131.885428,86.100383,317611.963,-1021,2331,3378259,3376293.826,132.077358,86.122506,-999.767,2328
2183,131.816043,86.105743,317612.608,-1013,2329,3378259,3376293.568,132.060619,86.129629,-995.761,2327
2184,131.740874,86.111527,317613.302,-1004,2328,3378258,3376293.291,131.835416,86.127904,-993.510,2326
2185,131.664973,86.117344,317614.001,-996,2326,3378258,3376293.013,131.662399,86.127935,-990.508,2325
2186,131.589359,86.123115,317614.693,-993,2326,3378258,3376292.737,131.547450,86.129983,-986.744,2325
2187,131.513008,86.128918,317615.389,-988,2325,3378258,3376292.460,131.454095,86.136132,-982.118,2324
2188,131.436945,86.134676,317616.079,-980,2323,3378258,3376292.185,131.428868,86.144943,-978.699,2323
2189,131.360141,86.140465,317616.772,-977,2323,3378257,3376291.910,131.143326,86.138124,-973.356,2322
2190,131.283627,86.146210,317617.459,-976,2323,3378257,3376291.637,131.183499,86.150929,-970.914,2322
2191,131.206367,86.151986,317618.150,-970,2322,3378257,3376291.363,131.001062,86.148940,-967.342,2321
2192,131.129398,86.157716,317618.835,-966,2321,3378257,3376291.091,131.056169,86.162677,-964.525,2321
2193,131.051679,86.163479,317619.523,-963,2321,3378257,3376290.819,130.966344,86.169081,-960.556,2320
2194,130.974252,86.169195,317620.206,-962,2320,3378256,3376290.549,130.919370,86.176641,-958.199,2320
2195,130.896071,86.174944,317620.891,-957,2320,3378256,3376290.278,130.771477,86.176768,-954.193,2319
2196,130.818184,86.180647,317621.571,-954,2319,3378256,3376290.009,130.681380,86.183104,-952.395,2319
2197,130.739537,86.186381,317622.255,-952,2319,3378256,3376289.739,130.536385,86.184773,-948.150,2318
2198,130.661187,86.192070,317622.932,-951,2318,3378256,3376289.472,130.520872,86.192909,-946.434,2318
2199,130.582072,86.197790,317623.613,-949,2318,3378255,3376289.204,130.358194,86.194885,-943.008,2317
2200,130.503255,86.203465,317624.288,-946,2318,3378255,3376288.938,130.172581,86.193954,-938.719,2317
2201,130.423669,86.209171,317624.966,-944,2317,3378255,3376288.672,130.042133,86.196482,-935.600,2317
2202,130.343846,86.214870,317625.643,-945,2318,3378255,3376288.406,130.010203,86.196725,-934.589,2317
2203,130.264322,86.220524,317626.314,-950,2319,3378255,3376288.142,129.906120,86.203621,-933.933,2316
2204,130.184022,86.226208,317626.989,-955,2319,3378254,3376287.878,129.856794,86.204182,-933.406,2316
2205,130.104025,86.231847,317627.658,-953,2319,3378254,3376287.616,129.623857,86.204419,-931.562,2317
2206,130.023246,86.237517,317628.330,-963,2321,3378254,3376287.353,129.547057,86.204648,-933.718,2318
2207,129.942771,86.243141,317628.996,-968,2322,3378254,3376287.092,129.516999,86.213399,-940.142,2318
2208,129.861511,86.248796,317629.666,-977,2323,3378254,3376286.830,129.562089,86.226947,-952.178,2320
2209,129.780555,86.254406,317630.329,-982,2324,3378252,3376286.571,129.256943,86.219789,-948.511,2321
2210,129.698810,86.260046,317630.996,-990,2325,3378252,3376286.311,129.253119,86.228895,-958.088,2322
2211,129.617371,86.265641,317631.658,-1003,2328,3378252,3376286.054,129.076179,86.228370,-961.445,2323
2212,129.535137,86.271266,317632.322,-1008,2329,3378252,3376285.795,129.109787,86.241301,-974.179,2325
2213,129.453211,86.276846,317632.981,-1028,2332,3378252,3376285.539,128.872020,86.236897,-976.883,2327
2214,129.370486,86.282456,317633.643,-1052,2337,3378252,3376285.281,128.776804,86.243072,-988.930,2329
2215,129.288071,86.288021,317634.300,-1063,2339,3378252,3376285.027,128.474506,86.234377,-986.833,2331
2216,129.204852,86.293616,317634.959,-1073,2340,3378252,3376284.771,128.334326,86.234738,-989.650,2333
2217,129.121944,86.299165,317635.613,-1087,2343,3378252,3376284.518,127.603175,86.211712,-928.721,2334
2218,129.038227,86.304745,317636.270,-1094,2344,3378252,3376284.263,127.503723,86.211711,-920.221,2333
2219,128.954823,86.310279,317636.922,-1090,2344,3378252,3376284.012,127.386923,86.219237,-914.537,2333
2220,128.870605,86.315843,317637.576,-1088,2343,3378250,3376283.759,127.862828,86.262079,-957.719,2327
2221,128.786703,86.321362,317638.225,-1068,2340,3378250,3376283.508,127.923048,86.276975,-934.534,2321
2222,128.701981,86.326910,317638.877,-1028,2332,3378250,3376283.257,127.868082,86.284397,-901.527,2315
2223,128.617577,86.332413,317639.524,-1007,2329,3378250,3376283.008,127.818472,86.292106,-882.175,2311
2224,128.532348,86.337945,317640.174,-965,2321,3378250,3376282.758,127.808167,86.302467,-871.035,2308
2225,128.447439,86.343433,317640.818,-936,2316,3378250,3376282.511,127.838630,86.315406,-867.447,2306
2226,128.361700,86.348949,317641.465,-922,2314,3378250,3376282.262,128.046205,86.339797,-871.343,2305
2227,128.276283,86.354420,317642.106,-907,2311,3378250,3376282.016,127.975876,86.346212,-869.054,2305
2228,128.190031,86.359921,317642.751,-917,2313,3378250,3376281.769,127.973064,86.348336,-868.791,2304
2229,128.104102,86.365376,317643.390,-938,2317,3378250,3376281.525,127.944655,86.351647,-871.476,2305
2230,128.017334,86.370860,317644.032,-933,2316,3378250,3376281.279,127.868246,86.357764,-876.867,2306
2231,127.930890,86.376299,317644.669,-946,2318,3378249,3376281.036,127.814709,86.366737,-899.798,2310
2232,127.843603,86.381767,317645.308,-971,2323,3378249,3376280.792,128.993165,86.463574,-775.520,2300
2233,127.756642,86.387189,317645.942,-985,2325,3378249,3376280.550,128.695512,86.454978,-765.561,2295
2234,127.668832,86.392640,317646.579,-1018,2331,3378249,3376280.308,128.572971,86.459842,-743.682,2290
2235,127.581350,86.398046,317647.211,-1045,2336,3378249,3376280.068,128.565058,86.470171,-718.732,2287
2236,127.493014,86.403481,317647.846,-1070,2340,3378248,3376279.827,128.532626,86.477656,-706.240,2286
2237,127.405009,86.408870,317648.475,-1080,2342,3378248,3376279.588,128.298024,86.475662,-709.993,2284
2238,127.316144,86.414288,317649.107,-1103,2346,3378248,3376279.348,128.150655,86.477585,-708.743,2283
2239,127.227612,86.419660,317649.734,-1122,2350,3378248,3376279.111,128.123184,86.485345,-698.240,2282
2240,127.138215,86.425061,317650.363,-1136,2352,3378248,3376278.873,128.057179,86.493718,-689.211,2281
2241,127.049153,86.430417,317650.987,-1146,2354,3378248,3376278.637,127.994472,86.500784,-684.572,2281
2242,126.959221,86.435800,317651.615,-1140,2353,3378247,3376278.400,127.973322,86.500339,-683.592,2280
2243,126.869019,86.441174,317652.240,-1165,2357,3378247,3376278.164,127.785072,86.508486,-681.741,2279
2244,126.779156,86.446504,317652.861,-1166,2357,3378247,3376277.931,127.721555,86.515535,-676.271,2279
2245,126.688414,86.451862,317653.484,-1156,2356,3378247,3376277.696,127.627439,86.522240,-673.150,2279
2246,126.598013,86.457174,317654.102,-1120,2349,3378247,3376277.464,127.560129,86.523242,-674.273,2278
2247,126.514090,86.462084,317654.673,-1124,2350,3378247,3376277.250,127.382710,86.523901,-678.245,2278
2248,126.422555,86.467416,317655.293,-1103,2346,3378245,3376277.017,127.352566,86.531675,-672.912,2277
2249,126.331362,86.472703,317655.907,-1103,2346,3378245,3376276.787,127.173767,86.537470,-675.665,2277
2250,126.239278,86.478016,317656.525,-1092,2344,3378245,3376276.557,127.164273,86.546558,-667.777,2277
2251,126.147540,86.483285,317657.137,-1087,2343,3378245,3376276.328,126.973444,86.547210,-672.916,2277
2252,126.054906,86.488581,317657.751,-1064,2339,3378245,3376276.099,126.952142,86.546742,-674.103,2277
2253,125.962620,86.493832,317658.361,-1064,2339,3378245,3376275.871,126.896836,86.554398,-669.944,2277
2254,125.869432,86.499110,317658.973,-1063,2339,3378245,3376275.643,126.757814,86.562807,-666.921,2276
2255,125.776594,86.504343,317659.580,-1054,2337,3378245,3376275.418,126.680663,86.560229,-672.363,2276
2256,125.682850,86.509603,317660.190,-1065,2339,3378245,3376275.191,126.584760,86.577315,-661.140,2276
2257,125.589457,86.514818,317660.794,-1040,2335,3378245,3376274.967,126.535574,86.577986,-662.445,2276
2258,125.495153,86.520059,317661.401,-1013,2330,3378245,3376274.742,126.334441,86.585511,-661.628,2275
2259,125.401203,86.525255,317662.003,-1036,2334,3378245,3376274.519,126.250673,86.591455,-658.378,2275
2260,125.306336,86.530477,317662.608,-1003,2328,3378244,3376274.296,126.148576,86.594825,-657.570,2274
2261,125.211825,86.535655,317663.208,-972,2323,3378244,3376274.074,126.058972,86.600417,-653.836,2273
2262,125.116392,86.540859,317663.810,-998,2328,3378244,3376273.852,125.953537,86.600579,-654.329,2273
2263,125.021317,86.546018,317664.407,-985,2325,3378244,3376273.632,125.810983,86.608815,-650.651,2272
2264,124.925315,86.551203,317665.007,-954,2320,3378244,3376273.412,125.725007,86.608709,-653.155,2272
2265,124.829674,86.556343,317665.601,-982,2325,3378244,3376273.193,125.590817,86.615996,-650.184,2272
2266,124.733100,86.561509,317666.198,-918,2313,3378243,3376272.974,125.430746,86.617155,-651.969,2271
2267,124.636889,86.566630,317666.791,-921,2314,3378243,3376272.757,125.225241,86.616781,-655.651,2271
2268,124.539740,86.571776,317667.385,-917,2313,3378243,3376272.540,125.164286,86.624370,-651.002,2270
2269,124.442956,86.576878,317667.975,-848,2301,3378243,3376272.324,124.983461,86.624056,-653.181,2270
2270,124.345229,86.582005,317668.567,-833,2298,3378243,3376272.108,124.932281,86.632315,-646.005,2269
2271,124.247870,86.587088,317669.154,-828,2298,3378243,3376271.894,124.756258,86.632302,-647.005,2268
2272,124.149562,86.592195,317669.744,-779,2289,3378243,3376271.679,124.703532,86.638954,-640.729,2268
2273,124.051624,86.597258,317670.329,-749,2283,3378242,3376271.467,124.512367,86.639462,-641.875,2267
2274,123.952732,86.602345,317670.916,-735,2281,3378242,3376271.253,124.345660,86.640100,-641.349,2266
2275,123.854212,86.607388,317671.498,-725,2279,3378242,3376271.042,124.251912,86.645523,-637.457,2266
2276,123.754733,86.612456,317672.083,-692,2273,3378242,3376270.830,124.120401,86.646949,-636.065,2265
2277,123.655629,86.617479,317672.663,-696,2274,3378242,3376270.621,123.943630,86.646792,-633.072,2264
2278,123.555560,86.622526,317673.245,-669,2269,3378242,3376270.411,123.833408,86.652762,-629.325,2263
2279,123.455194,86.627563,317673.826,-662,2268,3378241,3376270.201,123.691570,86.655031,-626.065,2263
2280,123.355207,86.632556,317674.402,-659,2267,3378241,3376269.993,123.555012,86.655999,-624.025,2262
2281,123.254247,86.637572,317674.980,-649,2266,3378241,3376269.785,123.469400,86.663678,-620.042,2261
2282,123.153668,86.642545,317675.554,-636,2263,3378241,3376269.579,123.281580,86.662702,-618.915,2261
2283,123.052111,86.647541,317676.130,-632,2263,3378241,3376269.373,123.220535,86.670518,-614.427,2260
2284,122.950938,86.652493,317676.701,-627,2262,3378241,3376269.168,123.073023,86.670717,-611.919,2260
2285,122.848781,86.657468,317677.274,-630,2263,3378241,3376268.963,122.960472,86.676591,-609.178,2259
2286,122.747010,86.662399,317677.843,-616,2260,3378240,3376268.760,122.843142,86.678872,-607.251,2258
2287,122.644250,86.667353,317678.414,-609,2259,3378240,3376268.556,122.653964,86.677811,-604.295,2258
2288,122.541879,86.672264,317678.980,-609,2259,3378240,3376268.354,122.561365,86.685023,-600.500,2257
2289,122.438514,86.677197,317679.548,-604,2258,3378240,3376268.152,122.422574,86.685869,-598.465,2257
2290,122.335540,86.682086,317680.112,-598,2257,3378240,3376267.952,122.304025,86.691280,-595.578,2256
2291,122.231566,86.686997,317680.678,-597,2257,3378240,3376267.751,122.149489,86.692616,-593.356,2256
2292,122.127987,86.691865,317681.239,-593,2256,3378240,3376267.552,122.101052,86.701400,-590.665,2256
2293,122.023402,86.696755,317681.803,-589,2255,3378239,3376267.353,122.022606,86.703281,-589.089,2255
2294,121.919214,86.701601,317682.361,-590,2255,3378239,3376267.156,121.876730,86.710046,-586.147,2255
2295,121.814016,86.706470,317682.922,-585,2255,3378239,3376266.958,121.711128,86.710599,-583.792,2254
2296,121.709217,86.711294,317683.478,-583,2254,3378239,3376266.762,121.606154,86.715408,-581.763,2254
2297,121.603402,86.716141,317684.037,-581,2254,3378239,3376266.566,121.490820,86.717922,-578.662,2253
2298,121.497990,86.720943,317684.591,-579,2253,3378239,3376266.371,121.389579,86.724665,-577.222,2253
2299,121.391556,86.725767,317685.147,-578,2253,3378239,3376266.177,121.228141,86.725498,-575.022,2253
2300,121.285527,86.730548,317685.698,-574,2253,3378238,3376265.984,121.151855,86.732428,-572.409,2252
2301,121.178471,86.735350,317686.251,-572,2252,3378238,3376265.790,121.054604,86.737936,-570.521,2252
2302,121.071824,86.740108,317686.800,-570,2252,3378238,3376265.599,120.957750,86.743402,-567.968,2251
2303,120.964144,86.744887,317687.351,-568,2251,3378238,3376265.407,120.864823,86.749254,-566.066,2251
2304,120.856875,86.749623,317687.897,-565,2251,3378238,3376265.217,120.717648,86.751064,-563.494,2251
2305,120.748568,86.754380,317688.446,-565,2251,3378238,3376265.026,120.575637,86.751655,-562.137,2251
2306,120.640676,86.759093,317688.989,-565,2251,3378238,3376264.838,120.481367,86.759035,-560.175,2250
2307,120.531740,86.763827,317689.535,-562,2251,3378238,3376264.649,120.342675,86.761553,-558.074,2250
2308,120.423221,86.768517,317690.077,-561,2250,3378237,3376264.462,120.326708,86.768023,-557.483,2250
2309,120.313654,86.773227,317690.620,-558,2250,3378237,3376264.274,120.175033,86.772976,-556.452,2249
2310,120.204506,86.777895,317691.159,-560,2250,3378237,3376264.089,120.078383,86.775169,-555.698,2249
2311,120.094304,86.782582,317691.700,-561,2250,3378237,3376263.902,119.935833,86.780821,-554.974,2249
2312,119.984526,86.787226,317692.236,-559,2250,3378237,3376263.718,119.854999,86.782502,-554.407,2249
2313,119.881881,86.791545,317692.735,-560,2250,3378237,3376263.547,119.823778,86.783622,-554.862,2249
2314,119.771493,86.796167,317693.269,-559,2250,3378237,3376263.364,119.654897,86.783806,-554.855,2249
2315,119.660040,86.800807,317693.805,-560,2250,3378237,3376263.181,119.582940,86.791385,-555.555,2250
2316,119.549016,86.805405,317694.336,-560,2250,3378236,3376263.000,119.271419,86.796239,-553.696,2249
2317,119.436922,86.810022,317694.870,-557,2250,3378236,3376262.818,119.222649,86.805647,-552.992,2249
2318,119.325260,86.814596,317695.399,-557,2250,3378236,3376262.638,119.101207,86.809450,-551.175,2249
2319,119.212523,86.819188,317695.930,-555,2249,3378236,3376262.458,118.983580,86.813641,-549.177,2248
2320,119.100222,86.823738,317696.457,-552,2249,3378236,3376262.280,118.890686,86.819652,-546.941,2248
2321,118.986839,86.828306,317696.985,-549,2249,3378236,3376262.101,118.801540,86.826059,-544.523,2248
2322,118.873895,86.832832,317697.509,-546,2248,3378236,3376261.924,118.673974,86.829439,-542.391,2247
2323,118.759865,86.837375,317698.035,-543,2247,3378236,3376261.747,118.545370,86.832834,-540.259,2247
2324,118.646278,86.841876,317698.557,-540,2247,3378235,3376261.571,118.499524,86.842551,-538.880,2247
2325,118.531598,86.846395,317699.080,-541,2247,3378235,3376261.395,118.346025,86.844049,-536.821,2246
2326,118.417365,86.850871,317699.599,-539,2247,3378235,3376261.221,118.097039,86.837974,-532.725,2246
2327,118.302034,86.855365,317700.121,-537,2246,3378235,3376261.047,118.056177,86.846487,-531.726,2246
2328,118.187152,86.859816,317700.637,-536,2246,3378235,3376260.874,117.828878,86.843822,-527.997,2245
2329,118.071168,86.864285,317701.156,-533,2246,3378235,3376260.701,117.770342,86.852781,-528.148,2245
2330,117.955636,86.868711,317701.670,-533,2246,3378235,3376260.530,117.702692,86.860951,-527.165,2245
2331,117.838997,86.873155,317702.186,-532,2245,3378235,3376260.359,117.543166,86.861954,-525.126,2245
2332,117.722814,86.877555,317702.697,-532,2245,3378234,3376260.189,117.446137,86.867835,-523.565,2244
2333,117.605517,86.881973,317703.211,-530,2245,3378234,3376260.019,117.319422,86.871458,-521.759,2244
2334,117.488680,86.886348,317703.720,-528,2245,3378234,3376259.851,117.207438,86.876178,-520.244,2244
2335,117.370725,86.890740,317704.231,-527,2245,3378234,3376259.683,117.061175,86.878249,-518.497,2243
2336,117.253233,86.895089,317704.738,-525,2244,3378234,3376259.516,116.934391,86.881797,-516.361,2243
2337,117.134617,86.899455,317705.246,-523,2244,3378234,3376259.349,116.858424,86.889560,-515.396,2243
2338,117.016469,86.903778,317705.750,-521,2244,3378234,3376259.184,116.797068,86.898435,-501.222,2240
2339,116.897191,86.908118,317706.257,-518,2243,3378234,3376259.018,116.770477,86.897369,-500.930,2240
2340,116.778384,86.912415,317706.758,-515,2243,3378234,3376258.854,116.516636,86.903565,-509.693,2242
2341,116.658443,86.916727,317707.262,-514,2242,3378232,3376258.690,116.387401,86.907077,-507.392,2241
2342,116.538976,86.920998,317707.761,-513,2242,3378232,3376258.528,116.211910,86.906699,-505.073,2241
2343,116.418370,86.925284,317708.262,-510,2242,3378232,3376258.365,116.119524,86.913255,-504.323,2241
2344,116.298242,86.929528,317708.759,-509,2241,3378232,3376258.204,115.966969,86.914762,-501.433,2241
2345,116.176969,86.933787,317709.257,-506,2241,3378232,3376258.043,115.892443,86.922841,-500.459,2240
2346,116.056179,86.938004,317709.752,-506,2241,3378232,3376257.884,115.813688,86.930500,-498.835,2240
2347,115.934238,86.942236,317710.248,-502,2240,3378232,3376257.724,115.682536,86.933927,-496.872,2240
2348,115.812784,86.946426,317710.739,-500,2240,3378232,3376257.566,115.578848,86.937663,-495.064,2239
2349,115.690175,86.950631,317711.233,-498,2240,3378232,3376257.408,115.387837,86.937988,-492.219,2239
2350,115.568056,86.954794,317711.722,-497,2239,3378232,3376257.251,115.372206,86.951047,-492.727,2239
2351,115.444776,86.958970,317712.213,-493,2239,3378232,3376257.094,115.216587,86.952476,-490.673,2238
2352,115.321991,86.963105,317712.700,-493,2239,3378232,3376256.939,115.061653,86.953854,-488.621,2238
2353,115.198041,86.967254,317713.189,-492,2239,3378232,3376256.784,114.937846,86.957970,-486.467,2238
2354,115.074588,86.971362,317713.673,-490,2238,3378232,3376256.631,114.709508,86.953055,-481.985,2237
2355,114.949966,86.975483,317714.159,-490,2238,3378232,3376256.477,114.630754,86.961045,-480.351,2237
2356,114.825006,86.979589,317714.644,-487,2238,3378232,3376256.324,114.547034,86.968637,-479.067,2237
2357,114.700550,86.983654,317715.125,-485,2237,3378232,3376256.172,114.381911,86.969136,-476.048,2236
2358,114.574917,86.987733,317715.607,-481,2237,3378232,3376256.021,114.197841,86.968064,-472.755,2236
2359,114.449793,86.991769,317716.085,-482,2237,3378232,3376255.871,114.127233,86.976777,-473.096,2236
2360,114.323485,86.995819,317716.565,-479,2236,3378231,3376255.721,114.014760,86.981967,-471.570,2235
2361,114.197691,86.999827,317717.040,-479,2236,3378231,3376255.572,113.961361,86.992245,-471.188,2235
2362,114.070709,87.003848,317717.518,-477,2236,3378231,3376255.423,113.758086,86.989522,-468.289,2235
2363,113.944244,87.007827,317717.991,-477,2236,3378231,3376255.276,113.529319,86.984361,-463.481,2235
2364,113.816587,87.011819,317718.466,-474,2235,3378231,3376255.129,113.437764,86.991472,-463.216,2234
2365,113.689451,87.015769,317718.936,-475,2236,3378231,3376254.984,113.378296,86.999353,-463.591,2234
2366,113.561118,87.019731,317719.409,-471,2235,3378231,3376254.838,113.178852,86.998892,-460.608,2234
2367,113.433311,87.023652,317719.877,-471,2235,3378231,3376254.694,113.084590,86.999635,-459.580,2234
2368,113.304303,87.027585,317720.347,-469,2235,3378231,3376254.550,113.002487,87.013816,-461.723,2234
2369,113.175824,87.031476,317720.812,-472,2235,3378231,3376254.407,112.909662,87.020857,-461.464,2234
2370,113.046139,87.035379,317721.280,-468,2234,3378231,3376254.264,112.837640,87.029909,-461.799,2233
2371,112.916989,87.039240,317721.743,-470,2235,3378230,3376254.123,112.585475,87.022559,-458.235,2233
2372,112.786627,87.043113,317722.208,-466,2234,3378230,3376253.982,112.586886,87.030103,-459.458,2233
2373,112.656805,87.046945,317722.668,-467,2234,3378230,3376253.842,112.275189,87.023399,-454.204,2233
2374,112.525768,87.050787,317723.131,-465,2234,3378230,3376253.702,112.225474,87.030473,-454.778,2233
2375,112.395274,87.054588,317723.589,-467,2234,3378230,3376253.564,112.060993,87.031023,-452.758,2233
2376,112.263560,87.058400,317724.049,-464,2234,3378230,3376253.425,111.981837,87.045930,-455.547,2232
2377,112.132394,87.062171,317724.504,-467,2234,3378230,3376253.289,111.812146,87.046042,-453.209,2232
2378,112.000004,87.065952,317724.962,-465,2234,3378230,3376253.152,111.701706,87.051797,-453.166,2232
2379,111.868167,87.069692,317725.415,-468,2235,3378230,3376253.016,111.535952,87.052269,-451.149,2232
2380,111.735102,87.073442,317725.870,-465,2234,3378230,3376252.881,111.451545,87.054109,-450.916,2232
2381,111.612454,87.076876,317726.287,-468,2235,3378230,3376252.757,111.306763,87.061799,-450.803,2232
2382,111.479636,87.080571,317726.736,-465,2234,3378229,3376252.624,111.266980,87.061333,-449.820,2232
2383,111.345584,87.084276,317727.188,-468,2234,3378229,3376252.490,111.030065,87.061590,-446.811,2231
2384,111.212096,87.087939,317727.635,-466,2234,3378229,3376252.359,110.986105,87.060708,-446.010,2231
2385,111.077370,87.091612,317728.083,-469,2235,3378229,3376252.227,110.898819,87.068818,-447.716,2232
2386,110.943212,87.095244,317728.528,-465,2234,3378229,3376252.097,110.662176,87.068975,-445.710,2231
2387,110.807812,87.098885,317728.974,-470,2235,3378229,3376251.966,110.574938,87.083778,-449.176,2232
2388,110.672986,87.102485,317729.416,-470,2235,3378229,3376251.837,110.487226,87.076428,-446.274,2232
2389,110.536913,87.106094,317729.860,-472,2235,3378229,3376251.709,110.295690,87.076671,-444.766,2231
2390,110.400502,87.109686,317730.302,-471,2235,3378229,3376251.580,110.131745,87.084088,-445.832,2231
2391,110.264674,87.113238,317730.741,-469,2235,3378229,3376251.454,109.987345,87.084410,-444.487,2232
2392,110.127592,87.116798,317731.181,-470,2235,3378229,3376251.327,109.787076,87.083748,-442.177,2231
2393,109.991098,87.120318,317731.617,-471,2235,3378229,3376251.202,109.771103,87.092409,-444.866,2231
2394,109.853346,87.123845,317732.054,-473,2236,3378229,3376251.077,109.601905,87.092620,-443.359,2232
2395,109.716186,87.127333,317732.487,-471,2235,3378228,3376250.953,109.429551,87.092372,-442.867,2231
2396,109.577765,87.130827,317732.922,-471,2235,3378228,3376250.829,109.332984,87.099947,-445.596,2232
2397,109.439942,87.134282,317733.353,-469,2235,3378228,3376250.707,109.164243,87.100070,-445.258,2232
2398,109.300854,87.137743,317733.786,-469,2235,3378228,3376250.585,108.933549,87.107843,-445.814,2232
2399,109.162369,87.141164,317734.214,-467,2234,3378228,3376250.464,108.834926,87.108223,-445.967,2232
2400,109.022615,87.144592,317734.644,-465,2234,3378228,3376250.343,108.613755,87.107664,-443.654,2232
2401,108.883469,87.147980,317735.070,-463,2234,3378228,3376250.224,108.562652,87.115368,-446.879,2232
2402,108.743052,87.151374,317735.498,-461,2233,3378228,3376250.104,108.458848,87.115323,-446.714,2232
2403,108.603247,87.154729,317735.921,-460,2233,3378228,3376249.987,108.387509,87.123321,-449.263,2232
2404,108.462168,87.158089,317736.346,-458,2233,3378228,3376249.869,108.266820,87.152500,-455.733,2233
2405,108.321706,87.161409,317736.767,-459,2233,3378228,3376249.752,108.166582,87.152822,-455.055,2232
2406,108.179967,87.164736,317737.189,-457,2233,3378228,3376249.636,108.029431,87.154165,-454.174,2232
2407,108.038851,87.168022,317737.608,-458,2233,3378228,3376249.521,107.857481,87.154096,-453.177,2232
2408,107.896453,87.171314,317738.028,-456,2233,3378228,3376249.406,107.800031,87.154239,-453.005,2232
2409,107.754685,87.174566,317738.444,-457,2233,3378227,3376249.293,107.564203,87.169261,-453.146,2232
2410,107.611632,87.177823,317738.861,-456,2233,3378227,3376249.179,107.482451,87.169258,-452.479,2232
2411,107.469214,87.181041,317739.275,-454,2232,3378227,3376249.067,107.298410,87.177777,-451.682,2232
2412,107.325507,87.184264,317739.690,-454,2232,3378227,3376248.955,107.175038,87.180695,-451.580,2232
2413,107.182441,87.187447,317740.101,-453,2232,3378227,3376248.845,107.000391,87.182876,-450.338,2232
2414,107.038084,87.190634,317740.513,-453,2232,3378227,3376248.734,106.791642,87.178892,-448.476,2232
2415,106.894374,87.193782,317740.922,-452,2232,3378227,3376248.625,106.763563,87.184702,-447.941,2231
2416,106.749369,87.196934,317741.332,-449,2231,3378227,3376248.516,106.629806,87.196647,-447.527,2231
2417,106.605017,87.200047,317741.738,-448,2231,3378227,3376248.408,106.446229,87.197903,-445.817,2231
2418,106.459367,87.203163,317742.145,-446,2231,3378227,3376248.301,106.345682,87.206059,-444.202,2230
2419,106.314376,87.206241,317742.549,-444,2230,3378227,3376248.194,106.137129,87.201940,-441.011,2230
2420,106.168084,87.209321,317742.954,-442,2230,3378227,3376248.088,106.202032,87.226285,-436.840,2230
2421,106.022457,87.212363,317743.355,-437,2230,3378227,3376247.984,106.022032,87.225523,-435.533,2229
2422,105.875527,87.215407,317743.757,-437,2229,3378227,3376247.879,105.827885,87.225859,-433.855,2229
2423,105.729267,87.218413,317744.156,-434,2229,3378227,3376247.776,105.676068,87.225634,-432.529,2229
2424,105.581702,87.221421,317744.556,-435,2229,3378227,3376247.673,105.575683,87.226176,-431.844,2229
2425,105.434814,87.224391,317744.952,-432,2229,3378227,3376247.571,105.437169,87.232790,-430.285,2228
2426,105.286617,87.227362,317745.349,-437,2229,3378225,3376247.469,105.397425,87.237737,-430.068,2228
2427,105.139103,87.230296,317745.743,-431,2228,3378225,3376247.369,105.118308,87.233338,-431.993,2228
2428,104.990278,87.233231,317746.138,-432,2228,3378225,3376247.269,105.098823,87.238028,-431.833,2228
2429,104.842142,87.236127,317746.529,-432,2228,3378225,3376247.170,104.884488,87.241235,-431.657,2228
2430,104.692694,87.239025,317746.921,-432,2228,3378225,3376247.071,104.671795,87.242050,-432.063,2228
2431,104.542934,87.241904,317747.313,-432,2229,3378225,3376246.973,104.647940,87.246307,-431.918,2229
2432,104.393872,87.244746,317747.700,-432,2229,3378225,3376246.876,104.355733,87.256817,-430.925,2228
2433,104.243495,87.247587,317748.089,-431,2228,3378225,3376246.780,104.320637,87.256985,-430.599,2228
2434,104.093821,87.250392,317748.474,-431,2229,3378225,3376246.684,104.009404,87.256874,-429.172,2228
2435,103.942831,87.253196,317748.860,-428,2228,3378225,3376246.589,103.855087,87.256436,-428.006,2228
2436,103.792550,87.255963,317749.242,-427,2228,3378225,3376246.496,103.691002,87.257470,-427.305,2228
2437,103.640950,87.258729,317749.626,-427,2228,3378225,3376246.402,103.508049,87.259148,-425.961,2227
2438,103.490067,87.261458,317750.006,-426,2228,3378225,3376246.310,103.401985,87.264657,-424.363,2227
2439,103.337863,87.264186,317750.387,-424,2227,3378225,3376246.218,103.229505,87.264785,-423.298,2227
2440,103.186382,87.266878,317750.764,-423,2227,3378225,3376246.127,103.181930,87.272004,-422.840,2227
2441,103.033578,87.269568,317751.143,-422,2227,3378225,3376246.036,102.941844,87.272294,-422.061,2227
2442,102.881504,87.272221,317751.518,-422,2227,3378225,3376245.947,102.940716,87.276721,-421.845,2227
2443,102.728106,87.274872,317751.894,-422,2227,3378225,3376245.858,102.823327,87.278103,-422.500,2227
2444,102.575444,87.277487,317752.267,-423,2227,3378225,3376245.770,102.441171,87.274540,-422.178,2227
2445,102.421457,87.280100,317752.640,-422,2227,3378225,3376245.682,102.285362,87.279930,-420.732,2227
2446,102.268213,87.282676,317753.010,-420,2226,3378225,3376245.595,102.202940,87.292033,-419.240,2226
2447,102.113641,87.285250,317753.381,-419,2226,3378225,3376245.509,102.044726,87.294162,-418.462,2226
2448,101.959819,87.287788,317753.749,-419,2226,3378225,3376245.424,101.880942,87.295384,-417.623,2226
2449,101.804670,87.290323,317754.118,-419,2226,3378225,3376245.339,101.795813,87.294985,-417.499,2226
2450,101.661761,87.292636,317754.456,-418,2226,3378225,3376245.262,101.693801,87.302953,-416.587,2226
2451,101.507106,87.295116,317754.819,-419,2226,3378225,3376245.179,101.637417,87.303210,-416.579,2226
2452,101.351121,87.297594,317755.184,-419,2226,3378225,3376245.097,101.468732,87.303959,-417.534,2226
2453,101.195902,87.300035,317755.546,-418,2226,3378225,3376245.015,100.984396,87.285555,-416.283,2226
2454,101.039354,87.302472,317755.908,-417,2226,3378225,3376244.934,100.964513,87.310868,-416.745,2226
2455,100.883578,87.304874,317756.267,-416,2226,3378225,3376244.854,100.640912,87.285521,-412.083,2226
2456,100.726471,87.307271,317756.627,-414,2226,3378225,3376244.774,100.483948,87.291116,-409.007,2225
2457,100.570144,87.309633,317756.984,-412,2225,3378225,3376244.696,100.344240,87.292407,-406.466,2224
2458,100.412486,87.311991,317757.341,-411,2225,3378225,3376244.618,100.126646,87.285515,-401.191,2224
2459,100.255614,87.314313,317757.695,-408,2225,3378225,3376244.541,99.954019,87.285161,-397.435,2224
2460,100.097411,87.316630,317758.050,-406,2224,3378225,3376244.464,99.796902,87.276866,-391.014,2223
2461,99.940001,87.318912,317758.401,-403,2224,3378225,3376244.388,99.538765,87.277059,-384.648,2223
2462,99.781259,87.321188,317758.754,-400,2223,3378225,3376244.313,99.492834,87.293237,-387.972,2222
2463,99.623317,87.323430,317759.103,-398,2223,3378225,3376244.239,99.369774,87.300729,-385.173,2221
2464,99.464043,87.325666,317759.453,-395,2222,3378225,3376244.165,99.244972,87.308223,-383.144,2220
2465,99.305577,87.327866,317759.799,-392,2222,3378225,3376244.093,99.071034,87.307745,-379.553,2220
2466,99.145779,87.330061,317760.147,-389,2221,3378225,3376244.020,98.885136,87.309160,-376.962,2220
2467,98.985720,87.332236,317760.493,-389,2221,3378225,3376243.949,98.729274,87.308071,-374.485,2219
2468,98.826479,87.334375,317760.836,-386,2221,3378225,3376243.878,98.581549,87.315616,-375.276,2219
2469,98.665907,87.336509,317761.179,-383,2220,3378225,3376243.808,98.502486,87.327329,-375.117,2219
2470,98.506159,87.338607,317761.520,-381,2220,3378225,3376243.739,98.338027,87.328518,-373.934,2219
2471,98.345080,87.340699,317761.861,-378,2219,3378225,3376243.671,98.195938,87.333689,-373.127,2218
2472,98.184834,87.342756,317762.199,-376,2219,3378225,3376243.603,98.025759,87.333951,-370.964,2218
2473,98.023256,87.344806,317762.537,-373,2218,3378225,3376243.536,97.859607,87.335090,-368.485,2218
2474,97.862518,87.346822,317762.873,-372,2218,3378225,3376243.470,97.696943,87.336638,-366.524,2217
2475,97.700449,87.348830,317763.209,-369,2218,3378224,3376243.404,97.528522,87.341403,-364.381,2217
2476,97.539227,87.350804,317763.542,-364,2217,3378224,3376243.339,97.435522,87.355368,-362.082,2216
2477,97.376675,87.352770,317763.875,-361,2216,3378224,3376243.275,97.270284,87.356873,-357.817,2216
2478,97.214978,87.354702,317764.206,-356,2215,3378224,3376243.212,97.108423,87.358790,-355.374,2215
2479,97.051951,87.356626,317764.537,-354,2215,3378224,3376243.149,96.945232,87.360698,-354.171,2215
2480,96.889786,87.358517,317764.865,-353,2215,3378224,3376243.088,96.867446,87.361283,-353.805,2215
2481,96.726293,87.360398,317765.193,-353,2215,3378224,3376243.026,96.604914,87.361759,-353.177,2215
2482,96.563668,87.362246,317765.519,-353,2215,3378224,3376242.966,96.527023,87.362323,-352.852,2215
2483,96.399717,87.364085,317765.845,-352,2215,3378224,3376242.906,96.292359,87.368094,-351.407,2214
2484,96.236642,87.365891,317766.168,-350,2214,3378224,3376242.848,96.129128,87.369884,-349.802,2214
2485,96.072241,87.367687,317766.491,-349,2214,3378224,3376242.789,95.957711,87.370321,-346.783,2214
2486,95.908724,87.369450,317766.812,-347,2214,3378224,3376242.732,95.722203,87.357728,-342.140,2213
2487,95.743882,87.371204,317767.133,-346,2214,3378224,3376242.675,95.558130,87.359455,-339.312,2213
2488,95.579932,87.372924,317767.451,-344,2213,3378224,3376242.619,95.386794,87.354793,-335.328,2212
2489,95.414658,87.374634,317767.769,-341,2213,3378224,3376242.564,95.214092,87.354680,-332.066,2212
2490,95.250284,87.376312,317768.085,-339,2212,3378224,3376242.510,95.042508,87.354532,-329.809,2211
2491,95.084588,87.377979,317768.401,-338,2212,3378224,3376242.456,94.816300,87.347690,-324.560,2211
2492,94.919798,87.379613,317768.714,-335,2212,3378224,3376242.403,94.645191,87.347488,-320.100,2210
2493,94.753689,87.381237,317769.028,-332,2211,3378224,3376242.350,94.525717,87.338937,-311.480,2210
2494,94.588493,87.382828,317769.338,-329,2211,3378224,3376242.299,94.324248,87.346969,-312.202,2209
2495,94.421980,87.384408,317769.649,-325,2210,3378224,3376242.248,94.152126,87.346710,-308.514,2209
2496,94.256388,87.385956,317769.957,-321,2209,3378224,3376242.198,93.995618,87.355036,-307.736,2208
2497,94.089481,87.387492,317770.266,-315,2208,3378224,3376242.148,93.910902,87.370027,-309.994,2208
2498,93.923502,87.388997,317770.571,-312,2208,3378224,3376242.100,93.759932,87.380129,-307.500,2207
2499,93.756210,87.390489,317770.877,-306,2207,3378224,3376242.052,93.652265,87.395598,-304.224,2206
2500,93.589854,87.391950,317771.180,-303,2206,3378224,3376242.005,93.480041,87.395688,-300.242,2206
2501,93.422187,87.393398,317771.484,-298,2205,3378224,3376241.958,93.312244,87.397121,-296.854,2205
2502,93.255464,87.394815,317771.784,-295,2205,3378224,3376241.912,93.145392,87.398522,-294.151,2204
2503,93.087433,87.396219,317772.086,-293,2204,3378224,3376241.867,92.988044,87.402625,-291.610,2204
2504,92.920353,87.397592,317772.383,-291,2204,3378224,3376241.823,92.817120,87.403078,-289.129,2204
2505,92.751967,87.398951,317772.682,-288,2204,3378224,3376241.780,92.669494,87.409859,-284.777,2203
2506,92.584540,87.400280,317772.978,-285,2203,3378224,3376241.737,92.498044,87.410269,-280.623,2202
2507,92.415811,87.401595,317773.274,-280,2202,3378224,3376241.695,92.325406,87.410664,-277.075,2202
2508,92.246912,87.402888,317773.569,-277,2202,3378224,3376241.653,92.152716,87.411037,-274.184,2201
2509,92.078983,87.404151,317773.860,-275,2201,3378224,3376241.613,91.979481,87.410923,-271.429,2201
2510,91.909757,87.405399,317774.153,-272,2201,3378224,3376241.573,91.929007,87.426200,-265.635,2200
2511,91.741507,87.406617,317774.442,-269,2200,3378224,3376241.534,91.754770,87.426057,-261.784,2199
2512,91.571963,87.407820,317774.732,-262,2199,3378224,3376241.495,91.580983,87.426352,-257.484,2198
2513,91.403403,87.408993,317775.019,-257,2198,3378224,3376241.458,91.310247,87.417982,-252.159,2197
2514,91.233551,87.410152,317775.306,-252,2197,3378224,3376241.421,91.138446,87.418672,-246.668,2196
2515,91.064692,87.411280,317775.590,-247,2196,3378224,3376241.385,90.964775,87.418421,-241.511,2195
2516,90.894544,87.412394,317775.875,-241,2195,3378224,3376241.349,90.791425,87.418609,-236.543,2194
2517,90.725396,87.413477,317776.157,-236,2194,3378224,3376241.315,90.617795,87.418312,-231.927,2194
2518,90.554964,87.414546,317776.439,-231,2193,3378224,3376241.280,90.444431,87.418453,-227.325,2193
2519,90.385538,87.415584,317776.719,-225,2192,3378224,3376241.247,90.292355,87.425403,-222.995,2192
2520,90.214832,87.416608,317776.999,-223,2192,3378224,3376241.215,90.211842,87.426035,-221.404,2192
2521,90.045140,87.417601,317777.275,-223,2192,3378224,3376241.183,89.947076,87.426024,-220.669,2192
2522,89.887945,87.418501,317777.530,-221,2192,3378224,3376241.154,89.878988,87.426101,-220.140,2191
2523,89.716859,87.419458,317777.807,-222,2192,3378224,3376241.124,89.820096,87.426277,-220.135,2191
2524,89.546798,87.420385,317778.080,-224,2192,3378224,3376241.094,89.647325,87.426304,-220.493,2192
2525,89.375466,87.421297,317778.354,-226,2193,3378224,3376241.065,89.473400,87.426314,-222.216,2192
2526,89.205166,87.422179,317778.624,-228,2193,3378224,3376241.037,89.300626,87.426295,-224.435,2192
2527,89.033599,87.423045,317778.896,-229,2193,3378224,3376241.010,89.126704,87.426259,-226.743,2193
2528,88.863072,87.423882,317779.164,-231,2193,3378224,3376240.983,88.921491,87.441154,-227.130,2193
2529,88.691283,87.424701,317779.432,-233,2194,3378224,3376240.957,88.747659,87.441524,-228.789,2193
2530,88.520540,87.425493,317779.698,-235,2194,3378224,3376240.932,88.573887,87.441407,-230.693,2194
2531,88.348540,87.426267,317779.964,-236,2194,3378224,3376240.907,88.417404,87.449509,-229.744,2194
2532,88.177593,87.427013,317780.228,-238,2195,3378224,3376240.884,88.351106,87.456425,-228.608,2194
2533,88.005393,87.427741,317780.491,-241,2195,3378224,3376240.860,88.176166,87.456718,-230.194,2194
2534,87.834255,87.428442,317780.752,-243,2196,3378224,3376240.838,88.002356,87.456982,-231.673,2194
2535,87.661867,87.429124,317781.013,-245,2196,3378224,3376240.817,87.827343,87.457228,-233.336,2195
2536,87.490548,87.429778,317781.271,-247,2196,3378224,3376240.796,87.652572,87.456988,-235.088,2195
2537,87.317985,87.430414,317781.530,-250,2197,3378224,3376240.776,87.477529,87.457187,-236.859,2195
2538,87.146498,87.431023,317781.786,-251,2197,3378224,3376240.756,87.305293,87.458274,-238.641,2196
2539,86.973772,87.431613,317782.042,-253,2197,3378224,3376240.738,87.127739,87.457051,-240.535,2196
2540,86.802128,87.432177,317782.295,-256,2198,3378224,3376240.720,86.953829,87.457175,-242.386,2196
2541,86.629250,87.432720,317782.549,-258,2198,3378224,3376240.703,86.790569,87.464619,-241.994,2197
2542,86.457462,87.433238,317782.800,-259,2199,3378224,3376240.686,86.615422,87.464240,-243.714,2197
2543,86.284445,87.433735,317783.051,-260,2199,3378224,3376240.670,86.440511,87.464758,-244.198,2197
2544,86.111363,87.434209,317783.301,-261,2199,3378224,3376240.655,86.033440,87.464797,-244.698,2197
2545,85.939381,87.434658,317783.548,-259,2199,3378224,3376240.641,85.997371,87.464429,-244.798,2197
2546,85.766178,87.435086,317783.795,-261,2199,3378224,3376240.628,85.914797,87.464791,-245.131,2197
2547,85.594082,87.435488,317784.040,-262,2199,3378224,3376240.615,85.739792,87.464294,-246.551,2197
2548,85.420771,87.435869,317784.285,-264,2199,3378224,3376240.603,85.564723,87.464695,-247.682,2197
2549,85.248573,87.436226,317784.527,-265,2200,3378224,3376240.592,85.389797,87.464151,-249.019,2198
2550,85.075165,87.436561,317784.769,-266,2200,3378224,3376240.581,85.214688,87.464505,-250.280,2198
2551,84.902878,87.436871,317785.009,-267,2200,3378224,3376240.571,85.040708,87.464833,-251.316,2198
2552,84.729386,87.437160,317785.249,-268,2200,3378225,3376240.562,84.864717,87.464221,-252.541,2198
2553,84.557022,87.437424,317785.486,-269,2200,3378225,3376240.554,84.690716,87.464502,-253.594,2198
2554,84.383459,87.437666,317785.723,-269,2201,3378225,3376240.546,84.515501,87.464762,-254.414,2199
2555,84.211031,87.437884,317785.958,-269,2201,3378225,3376240.539,84.340826,87.464078,-255.344,2199
2556,84.037409,87.438079,317786.193,-266,2200,3378225,3376240.533,84.023154,87.457087,-256.029,2198
2557,83.864928,87.438251,317786.425,-266,2200,3378225,3376240.528,83.849143,87.456337,-255.939,2198
2558,83.691260,87.438400,317786.657,-267,2200,3378225,3376240.523,83.720596,87.456754,-256.489,2199
2559,83.518739,87.438526,317786.887,-265,2200,3378225,3376240.519,83.547015,87.456883,-257.600,2199
2560,83.345037,87.438628,317787.117,-266,2200,3378225,3376240.516,83.372245,87.456989,-258.872,2199
2561,83.172488,87.438707,317787.344,-266,2200,3378225,3376240.513,83.152426,87.456323,-260.451,2199
2562,82.998765,87.438764,317787.571,-267,2200,3378225,3376240.511,83.023778,87.456671,-260.405,2199
2563,82.826201,87.438796,317787.796,-269,2201,3378225,3376240.510,82.873188,87.456397,-262.157,2200
2564,82.652469,87.438806,317788.021,-271,2201,3378225,3376240.510,82.698438,87.456413,-264.015,2200
2565,82.479903,87.438793,317788.243,-271,2201,3378225,3376240.510,82.523136,87.487217,-250.780,2200
2566,82.306174,87.438756,317788.465,-272,2201,3378225,3376240.512,82.416186,87.487201,-251.753,2200
2567,82.133618,87.438696,317788.685,-274,2201,3378225,3376240.513,82.217059,87.487915,-252.788,2200
2568,81.959906,87.438613,317788.905,-275,2202,3378225,3376240.516,82.040257,87.487383,-254.301,2200
2569,81.787372,87.438507,317789.122,-277,2202,3378225,3376240.519,81.864427,87.487747,-255.247,2201
2570,81.613688,87.438377,317789.339,-281,2203,3378225,3376240.524,81.687717,87.487168,-256.635,2201
2571,81.441189,87.438225,317789.554,-281,2203,3378225,3376240.528,81.306316,87.479469,-259.803,2201
2572,81.267547,87.438049,317789.769,-278,2202,3378225,3376240.534,81.222082,87.480912,-257.964,2200
2573,81.095095,87.437850,317789.981,-280,2202,3378225,3376240.540,81.187148,87.479493,-258.796,2201
2574,80.921506,87.437627,317790.193,-280,2202,3378225,3376240.547,80.981964,87.487834,-255.421,2201
2575,80.749114,87.437383,317790.403,-282,2203,3378225,3376240.555,80.835498,87.479510,-260.733,2201
2576,80.575591,87.437113,317790.613,-283,2203,3378225,3376240.563,80.658902,87.479712,-261.648,2201
2577,80.403271,87.436823,317790.820,-284,2203,3378225,3376240.573,80.250962,87.479791,-261.762,2201
2578,80.229827,87.436507,317791.028,-282,2203,3378225,3376240.583,80.167492,87.479789,-260.874,2201
2579,80.057591,87.436170,317791.232,-284,2203,3378225,3376240.593,80.108730,87.479522,-260.907,2201
2580,79.884238,87.435808,317791.437,-286,2203,3378225,3376240.605,79.931598,87.480085,-261.725,2201
2581,79.712099,87.435425,317791.639,-287,2204,3378225,3376240.617,79.780185,87.479454,-263.010,2201
2582,79.538850,87.435016,317791.842,-288,2204,3378225,3376240.630,79.602990,87.479973,-263.917,2202
2583,79.366819,87.434587,317792.042,-290,2204,3378225,3376240.643,79.228022,87.472594,-267.373,2202
2584,79.193686,87.434132,317792.241,-293,2205,3378225,3376240.658,79.181210,87.479842,-263.925,2202
2585,79.020615,87.433654,317792.440,-295,2205,3378225,3376240.673,79.074128,87.480013,-264.799,2202
2586,78.848771,87.433156,317792.636,-298,2206,3378225,3376240.689,78.898630,87.479982,-266.630,2203
2587,78.675835,87.432632,317792.832,-302,2207,3378225,3376240.705,78.734054,87.472124,-272.388,2203
2588,78.504130,87.432088,317793.026,-305,2207,3378225,3376240.723,78.535503,87.472280,-274.441,2203
2589,78.331340,87.431517,317793.219,-305,2207,3378225,3376240.741,78.313693,87.471713,-273.629,2203
2590,78.159786,87.430927,317793.410,-310,2208,3378225,3376240.759,78.207280,87.472277,-274.851,2203
2591,77.987155,87.430311,317793.601,-317,2209,3378225,3376240.779,78.007520,87.472349,-277.923,2204
2592,77.815765,87.429675,317793.790,-324,2210,3378225,3376240.799,77.832600,87.472175,-282.125,2205
2593,77.643304,87.429012,317793.978,-333,2212,3378225,3376240.820,77.679313,87.472214,-288.228,2206
2594,77.472089,87.428331,317794.164,-335,2212,3378225,3376240.842,77.480732,87.472210,-295.708,2207
2595,77.299811,87.427622,317794.350,-361,2217,3378225,3376240.864,77.375136,87.449312,-314.952,2209
2596,77.128783,87.426895,317794.534,-399,2224,3378225,3376240.887,77.219354,87.440812,-326.631,2211
2597,76.970555,87.426202,317794.703,-399,2224,3378225,3376240.909,77.057412,87.441504,-338.728,2213
2598,76.798564,87.425426,317794.885,-390,2222,3378225,3376240.934,76.882488,87.441656,-356.814,2216
2599,76.627832,87.424632,317795.065,-433,2230,3378225,3376240.959,76.727741,87.433556,-390.104,2222
2600,76.456053,87.423811,317795.245,-501,2242,3378225,3376240.985,76.403266,87.495389,-386.597,2227
2601,76.285537,87.422972,317795.423,-603,2260,3378225,3376241.012,76.225768,87.495458,-407.241,2231
2602,76.113982,87.422104,317795.600,-637,2266,3378227,3376241.040,75.972827,87.488022,-423.747,2233
2603,75.943693,87.421220,317795.775,-666,2271,3378227,3376241.068,75.869570,87.495517,-426.512,2235
2604,75.772373,87.420307,317795.950,-686,2275,3378227,3376241.097,75.690878,87.495508,-448.680,2239
2605,75.602324,87.419377,317796.122,-686,2275,3378227,3376241.126,75.468890,87.510996,-453.701,2243
2606,75.431250,87.418419,317796.295,-704,2278,3378227,3376241.157,75.289103,87.510933,-472.687,2246
2607,75.261451,87.417444,317796.465,-713,2280,3378227,3376241.188,75.110517,87.510852,-485.047,2249
2608,75.090636,87.416440,317796.634,-736,2284,3378227,3376241.220,74.930756,87.510740,-500.320,2251
2609,74.921099,87.415420,317796.802,-753,2287,3378227,3376241.253,74.750754,87.511066,-515.351,2254
2610,74.750552,87.414370,317796.969,-758,2288,3378227,3376241.286,74.546712,87.511066,-522.626,2256
2611,74.581288,87.413306,317797.134,-744,2285,3378227,3376241.320,74.366675,87.518465,-520.380,2258
2612,74.411022,87.412211,317797.299,-729,2282,3378227,3376241.355,74.184866,87.518708,-528.661,2259
2613,74.242042,87.411101,317797.462,-729,2282,3378227,3376241.390,73.791008,87.518451,-529.888,2260
2614,74.072068,87.409962,317797.624,-708,2279,3378227,3376241.427,73.823963,87.518671,-529.881,2260
2615,73.903383,87.408807,317797.784,-697,2277,3378227,3376241.464,73.643288,87.518848,-533.261,2261
2616,73.733711,87.407622,317797.944,-686,2275,3378227,3376241.502,73.253178,87.510845,-539.837,2261
2617,73.565331,87.406423,317798.102,-670,2272,3378227,3376241.540,73.168781,87.510861,-536.156,2260
2618,73.395973,87.405194,317798.259,-648,2268,3378227,3376241.579,73.017398,87.503231,-544.752,2260
2619,73.226775,87.403942,317798.415,-648,2268,3378228,3376241.620,72.802182,87.487943,-557.772,2260
2620,73.058875,87.402676,317798.569,-631,2265,3378228,3376241.660,72.623664,87.487981,-543.890,2258
2621,72.890007,87.401379,317798.722,-608,2261,3378228,3376241.702,72.926006,87.370074,-575.412,2256
2622,72.722440,87.400069,317798.874,-592,2258,3378228,3376241.744,72.734062,87.369804,-559.327,2253
2623,72.553911,87.398728,317799.025,-564,2253,3378228,3376241.787,72.586747,87.363484,-545.466,2251
2624,72.386686,87.397374,317799.174,-550,2251,3378228,3376241.830,72.325797,87.386575,-539.123,2249
2625,72.218508,87.395988,317799.322,-550,2251,3378228,3376241.875,72.156685,87.385635,-524.237,2246
2626,72.051636,87.394590,317799.468,-535,2248,3378228,3376241.920,71.981400,87.386490,-514.070,2244
2627,71.883819,87.393160,317799.615,-519,2245,3378228,3376241.966,71.808653,87.386407,-506.399,2243
2628,71.717310,87.391718,317799.758,-503,2242,3378228,3376242.012,71.536713,87.415097,-498.051,2242
2629,71.549863,87.390244,317799.902,-500,2242,3378228,3376242.060,71.324616,87.418213,-493.174,2241
2630,71.383727,87.388758,317800.043,-500,2242,3378228,3376242.107,71.183195,87.410839,-490.362,2241
2631,71.216660,87.387240,317800.184,-499,2242,3378228,3376242.156,70.974089,87.418306,-485.694,2240
2632,71.050907,87.385710,317800.323,-494,2241,3378228,3376242.206,71.015188,87.370808,-488.366,2240
2633,70.884231,87.384148,317800.462,-486,2240,3378229,3376242.256,70.621439,87.418753,-475.213,2239
2634,70.718870,87.382576,317800.598,-483,2239,3378229,3376242.307,70.673004,87.370367,-476.235,2238
2635,70.552593,87.380970,317800.734,-483,2239,3378229,3376242.359,70.499308,87.370556,-467.381,2236
2636,70.387635,87.379354,317800.868,-474,2237,3378229,3376242.411,70.328824,87.370283,-458.346,2235
2637,70.221768,87.377705,317801.002,-465,2236,3378229,3376242.464,70.266153,87.347065,-445.031,2233
2638,70.057221,87.376046,317801.133,-449,2233,3378229,3376242.518,70.095049,87.347209,-441.102,2232
2639,69.891772,87.374353,317801.264,-449,2233,3378229,3376242.573,69.740750,87.388961,-441.266,2232
2640,69.727646,87.372651,317801.393,-444,2232,3378229,3376242.628,69.789046,87.339792,-433.694,2231
2641,69.562625,87.370916,317801.522,-444,2232,3378229,3376242.684,69.617298,87.339859,-430.203,2230
2642,69.398928,87.369170,317801.648,-437,2231,3378229,3376242.741,69.264511,87.380144,-430.074,2230
2643,69.234345,87.367392,317801.774,-432,2230,3378229,3376242.799,69.083103,87.381480,-427.373,2229
2644,69.071086,87.365604,317801.898,-432,2230,3378229,3376242.857,68.884050,87.381966,-422.254,2228
2645,68.906949,87.363783,317802.022,-426,2229,3378230,3376242.916,68.723263,87.383641,-416.889,2228
2646,68.744137,87.361953,317802.143,-421,2228,3378230,3376242.976,68.608043,87.372863,-414.996,2227
2647,68.580454,87.360089,317802.264,-413,2227,3378230,3376243.036,68.426821,87.374105,-409.541,2226
2648,68.418099,87.358217,317802.383,-412,2226,3378230,3376243.097,68.308300,87.364192,-407.299,2226
2649,68.254879,87.356310,317802.502,-409,2226,3378230,3376243.160,68.132518,87.364500,-403.501,2225
2650,68.092988,87.354396,317802.618,-405,2225,3378230,3376243.222,67.957792,87.364797,-399.630,2224
2651,67.930239,87.352447,317802.734,-397,2224,3378230,3376243.286,67.902890,87.339739,-395.363,2223
2652,67.768820,87.350491,317802.848,-397,2224,3378230,3376243.350,67.732291,87.339560,-386.587,2222
2653,67.606551,87.348500,317802.961,-392,2223,3378230,3376243.415,67.560635,87.339343,-379.572,2221
2654,67.445613,87.346502,317803.073,-386,2222,3378230,3376243.480,67.433983,87.331570,-372.484,2220
2655,67.283832,87.344469,317803.184,-371,2219,3378230,3376243.547,67.255053,87.332643,-365.802,2218
2656,67.123381,87.342430,317803.293,-374,2219,3378230,3376243.614,67.087598,87.331932,-360.342,2217
2657,66.962096,87.340355,317803.402,-366,2218,3378231,3376243.682,66.911175,87.332512,-355.307,2216
2658,66.802142,87.338274,317803.508,-360,2217,3378231,3376243.750,66.789908,87.339209,-351.912,2216
2659,66.641360,87.336158,317803.614,-351,2216,3378231,3376243.820,66.615666,87.339305,-347.807,2215
2660,66.481909,87.334036,317803.718,-347,2215,3378231,3376243.889,66.423027,87.331471,-345.612,2215
2661,66.321637,87.331879,317803.822,-346,2215,3378231,3376243.960,66.235420,87.333723,-342.762,2214
2662,66.161625,87.329701,317803.924,-343,2214,3378231,3376244.032,66.064329,87.333300,-340.179,2214
2663,66.002945,87.327518,317804.024,-340,2214,3378231,3376244.104,65.888706,87.333750,-337.154,2213
2664,65.843454,87.325299,317804.124,-338,2213,3378231,3376244.177,65.666072,87.337679,-334.018,2213
2665,65.685295,87.323074,317804.222,-337,2213,3378231,3376244.251,65.530442,87.335440,-331.905,2212
2666,65.526333,87.320815,317804.319,-336,2213,3378231,3376244.326,65.350611,87.336238,-329.535,2212
2667,65.368703,87.318550,317804.414,-335,2213,3378231,3376244.400,65.239387,87.326928,-325.775,2211
2668,65.210277,87.316250,317804.509,-329,2212,3378232,3376244.477,65.060044,87.327685,-322.631,2211
2669,65.053183,87.313945,317804.602,-329,2212,3378232,3376244.553,64.863711,87.331060,-316.539,2210
2670,64.895299,87.311604,317804.694,-325,2211,3378232,3376244.631,64.700380,87.326050,-316.124,2210
2671,64.738746,87.309259,317804.784,-326,2211,3378232,3376244.708,64.525065,87.326307,-315.144,2210
2672,64.581412,87.306878,317804.874,-324,2211,3378232,3376244.787,64.498075,87.318321,-316.159,2209
2673,64.425408,87.304494,317804.962,-324,2211,3378232,3376244.867,64.463086,87.318272,-316.377,2209
2674,64.281244,87.302268,317805.042,-322,2210,3378232,3376244.941,64.071925,87.318371,-315.495,2210
2675,64.124723,87.299829,317805.128,-318,2210,3378232,3376245.022,63.899149,87.318087,-314.433,2209
2676,63.969532,87.297387,317805.212,-321,2210,3378232,3376245.104,63.774817,87.311263,-312.728,2209
2677,63.813575,87.294908,317805.296,-318,2210,3378232,3376245.186,63.605707,87.310502,-311.088,2209
2678,63.658948,87.292426,317805.378,-318,2210,3378232,3376245.269,63.525406,87.310344,-310.635,2209
2679,63.503561,87.289907,317805.459,-320,2210,3378232,3376245.353,63.463584,87.310641,-309.869,2209
2680,63.349503,87.287386,317805.538,-323,2211,3378232,3376245.438,63.347107,87.302905,-311.964,2209
2681,63.194693,87.284829,317805.616,-318,2210,3378232,3376245.523,63.058940,87.302703,-313.615,2209
2682,63.041210,87.282269,317805.693,-326,2211,3378232,3376245.609,62.675182,87.318087,-306.220,2209
2683,62.886981,87.279672,317805.769,-329,2212,3378232,3376245.696,62.567570,87.318222,-304.218,2209
2684,62.734078,87.277074,317805.843,-328,2212,3378232,3376245.784,62.555415,87.318179,-303.867,2209
2685,62.580437,87.274438,317805.917,-336,2213,3378232,3376245.872,62.307838,87.318353,-302.990,2209
2686,62.428120,87.271801,317805.989,-335,2213,3378232,3376245.961,62.211471,87.317180,-305.808,2210
2687,62.275070,87.269127,317806.060,-338,2213,3378234,3376246.051,62.057884,87.302568,-315.993,2211
2688,62.123344,87.266452,317806.129,-341,2214,3378234,3376246.141,61.974522,87.302739,-320.512,2212
2689,61.970893,87.263740,317806.198,-344,2215,3378234,3376246.233,61.705725,87.302722,-323.669,2213
2690,61.819763,87.261027,317806.264,-344,2215,3378234,3376246.324,61.684831,87.295133,-329.231,2213
2691,61.667913,87.258276,317806.330,-355,2216,3378234,3376246.417,61.416797,87.295051,-329.957,2213
2692,61.517383,87.255526,317806.395,-357,2217,3378234,3376246.510,61.270145,87.302897,-326.267,2214
2693,61.366141,87.252737,317806.458,-364,2218,3378234,3376246.605,61.125960,87.287742,-335.170,2214
2694,61.216217,87.249949,317806.520,-365,2218,3378234,3376246.699,61.046560,87.287422,-335.887,2214
2695,61.065586,87.247123,317806.581,-370,2219,3378234,3376246.795,60.811744,87.294409,-333.819,2215
2696,60.915263,87.244278,317806.641,-379,2221,3378235,3376246.892,60.630260,87.294950,-333.502,2216
2697,60.766256,87.241434,317806.699,-389,2222,3378235,3376246.989,60.526257,87.286530,-343.070,2216
2698,60.616552,87.238552,317806.756,-394,2223,3378235,3376247.087,60.341585,87.287455,-345.165,2217
2699,60.468161,87.235670,317806.812,-456,2234,3378235,3376247.185,60.172568,87.286670,-350.796,2219
2700,60.319079,87.232751,317806.866,-475,2238,3378235,3376247.285,60.058194,87.279466,-357.992,2219
2701,60.171308,87.229833,317806.919,-537,2249,3378235,3376247.385,59.675800,87.302825,-343.338,2221
2702,60.022852,87.226877,317806.972,-601,2260,3378235,3376247.486,59.565869,87.295152,-353.078,2222
2703,59.875705,87.223923,317807.022,-712,2280,3378235,3376247.587,59.388983,87.295105,-353.527,2222
2704,59.727879,87.220930,317807.072,-758,2288,3378235,3376247.689,59.211092,87.295013,-367.852,2225
2705,59.581360,87.217939,317807.120,-789,2294,3378236,3376247.792,59.103795,87.287319,-383.254,2227
2706,59.434168,87.214910,317807.167,-796,2295,3378236,3376247.896,58.635885,87.318348,-355.998,2230
2707,59.288280,87.211884,317807.213,-818,2299,3378236,3376248.000,58.453530,87.318588,-369.669,2233
2708,59.141724,87.208819,317807.258,-821,2299,3378236,3376248.106,58.201450,87.325908,-362.422,2235
2709,58.996471,87.205756,317807.301,-825,2300,3378236,3376248.211,57.995895,87.325939,-370.424,2237
2710,58.850556,87.202655,317807.343,-818,2299,3378236,3376248.318,57.834624,87.326210,-381.481,2240
2711,58.705940,87.199557,317807.384,-806,2297,3378236,3376248.425,57.430615,87.348435,-377.219,2248
2712,58.560669,87.196420,317807.424,-772,2290,3378236,3376248.534,57.236661,87.349306,-413.732,2256
2713,58.416694,87.193287,317807.462,-751,2287,3378237,3376248.642,56.788116,87.372411,-401.047,2266
2714,58.272069,87.190115,317807.499,-719,2281,3378237,3376248.752,56.385864,87.394852,-374.791,2274
2715,58.128737,87.186946,317807.535,-712,2280,3378237,3376248.862,56.274042,87.387746,-407.061,2278
2716,57.984762,87.183739,317807.569,-709,2280,3378237,3376248.973,57.541703,87.221357,-690.176,2278
2717,57.842077,87.180535,317807.602,-705,2279,3378237,3376249.085,57.337435,87.224351,-677.073,2276
2718,57.698754,87.177293,317807.635,-703,2278,3378237,3376249.198,57.224957,87.217723,-676.134,2276
2719,57.556718,87.174055,317807.665,-701,2278,3378237,3376249.310,57.040973,87.218585,-666.604,2275
2720,57.414049,87.170778,317807.695,-697,2277,3378237,3376249.425,56.851816,87.219812,-658.874,2274
2721,57.272665,87.167506,317807.723,-688,2276,3378238,3376249.539,56.733430,87.213989,-654.429,2273
2722,57.130653,87.164194,317807.750,-679,2274,3378238,3376249.655,57.359244,87.130903,-649.161,2270
2723,56.989922,87.160888,317807.776,-666,2272,3378238,3376249.771,57.184757,87.131371,-636.478,2268
2724,56.848570,87.157542,317807.801,-647,2268,3378238,3376249.888,57.021114,87.130544,-619.174,2264
2725,56.708495,87.154202,317807.824,-635,2266,3378238,3376250.005,56.846601,87.130961,-605.826,2262
2726,56.567804,87.150822,317807.846,-612,2262,3378238,3376250.124,56.671105,87.131329,-593.479,2259
2727,56.428386,87.147448,317807.867,-597,2259,3378238,3376250.242,56.423940,87.139135,-584.703,2257
2728,56.288359,87.144035,317807.887,-579,2256,3378239,3376250.363,56.108932,87.153460,-572.032,2255
2729,56.149601,87.140628,317807.905,-572,2255,3378239,3376250.483,55.928791,87.154150,-562.841,2254
2730,56.010238,87.137181,317807.922,-566,2254,3378239,3376250.605,55.755949,87.153968,-555.681,2253
2731,55.872142,87.133740,317807.938,-563,2254,3378239,3376250.726,55.550563,87.157065,-549.572,2252
2732,55.733446,87.130260,317807.953,-560,2253,3378239,3376250.849,55.305710,87.163787,-541.170,2251
2733,55.596013,87.126786,317807.966,-555,2252,3378239,3376250.972,55.285925,87.148814,-543.529,2251
2734,55.457985,87.123273,317807.978,-547,2251,3378239,3376251.097,55.519341,87.108832,-536.279,2249
2735,55.321216,87.119767,317807.989,-536,2249,3378240,3376251.221,55.437043,87.100011,-523.427,2247
2736,55.183858,87.116221,317807.999,-528,2247,3378240,3376251.348,55.275746,87.098937,-514.466,2245
2737,55.047755,87.112682,317808.007,-513,2245,3378240,3376251.474,55.090456,87.100316,-505.583,2243
2738,54.911068,87.109104,317808.014,-510,2244,3378240,3376251.601,54.920883,87.100010,-498.594,2242
2739,54.774717,87.105509,317808.020,-496,2242,3378240,3376251.729,54.747126,87.100085,-491.091,2241
2740,54.639616,87.101922,317808.025,-491,2241,3378240,3376251.858,54.654742,87.092431,-485.365,2240
2741,54.503938,87.098295,317808.028,-483,2239,3378240,3376251.987,54.481434,87.092466,-480.864,2239
2742,54.369505,87.094676,317808.030,-480,2239,3378241,3376252.117,54.313301,87.092094,-474.544,2238
2743,54.234501,87.091017,317808.031,-477,2238,3378241,3376252.248,54.217128,87.084785,-468.473,2237
2744,54.100737,87.087367,317808.030,-468,2237,3378241,3376252.379,54.130880,87.076683,-463.432,2236
2745,53.966407,87.083676,317808.029,-465,2236,3378241,3376252.512,54.048479,87.068145,-457.407,2235
2746,53.833313,87.079994,317808.026,-457,2235,3378241,3376252.645,54.107737,87.046273,-443.201,2234
2747,53.699657,87.076272,317808.022,-454,2234,3378241,3376252.779,53.937128,87.046226,-437.869,2232
2748,53.567234,87.072559,317808.016,-447,2233,3378241,3376252.913,53.771692,87.045774,-433.552,2231
2749,53.434254,87.068806,317808.010,-443,2232,3378242,3376253.048,53.514891,87.053731,-431.096,2230
2750,53.302502,87.065062,317808.002,-435,2231,3378242,3376253.184,53.257600,87.061654,-427.809,2229
2751,53.170197,87.061277,317807.993,-430,2230,3378242,3376253.321,53.256572,87.045828,-423.217,2229
2752,53.039117,87.057503,317807.983,-424,2229,3378242,3376253.458,53.107115,87.045909,-422.047,2229
2753,52.907489,87.053688,317807.971,-423,2229,3378242,3376253.597,52.907609,87.046274,-421.034,2228
2754,52.786761,87.050166,317807.959,-421,2228,3378242,3376253.725,52.782894,87.043156,-420.981,2228
2755,52.656661,87.046348,317807.945,-421,2228,3378242,3376253.864,52.665024,87.044455,-420.934,2228
2756,52.526021,87.042488,317807.930,-421,2228,3378243,3376254.004,52.367263,87.049430,-420.419,2228
2757,52.396594,87.038639,317807.913,-422,2228,3378243,3376254.145,52.329664,87.051675,-420.338,2228
2758,52.266630,87.034749,317807.896,-425,2229,3378243,3376254.287,52.346912,87.034656,-423.292,2229
2759,52.137875,87.030870,317807.877,-426,2229,3378243,3376254.429,52.167049,87.029248,-424.490,2229
2760,52.008587,87.026950,317807.856,-425,2229,3378243,3376254.573,52.108661,87.031210,-424.418,2229
2761,51.880504,87.023042,317807.835,-425,2229,3378243,3376254.716,51.838007,87.027772,-425.377,2229
2762,51.751892,87.019092,317807.812,-428,2230,3378244,3376254.861,51.829077,87.025363,-425.966,2229
2763,51.624480,87.015155,317807.788,-429,2230,3378244,3376255.006,51.651664,87.025787,-427.450,2229
2764,51.496544,87.011176,317807.763,-435,2231,3378244,3376255.153,51.457965,87.025499,-428.961,2230
2765,51.369803,87.007209,317807.736,-437,2231,3378244,3376255.299,51.304994,87.025735,-430.619,2230
2766,51.242543,87.003200,317807.709,-441,2232,3378244,3376255.447,51.131240,87.025656,-432.621,2231
2767,51.116472,86.999205,317807.680,-441,2232,3378244,3376255.595,51.055130,87.017332,-437.094,2231
2768,50.989887,86.995167,317807.649,-451,2234,3378244,3376255.745,50.969399,87.009760,-442.206,2232
2769,50.864486,86.991143,317807.618,-453,2234,3378245,3376255.894,50.792817,87.010047,-445.862,2233
2770,50.738575,86.987077,317807.585,-462,2236,3378245,3376256.045,50.712568,87.002064,-450.991,2234
2771,50.613844,86.983024,317807.551,-465,2236,3378245,3376256.196,50.531777,87.002702,-454.800,2235
2772,50.488606,86.978929,317807.516,-477,2238,3378245,3376256.348,50.270583,87.009906,-458.201,2236
2773,50.363707,86.974820,317807.479,-479,2239,3378245,3376256.501,50.097813,87.009666,-462.210,2237
2774,50.239979,86.970725,317807.442,-496,2242,3378245,3376256.654,50.109444,86.994277,-472.279,2238
2775,50.115752,86.966588,317807.403,-511,2244,3378245,3376256.809,49.928173,86.994788,-479.427,2240
2776,49.992692,86.962465,317807.363,-512,2245,3378245,3376256.963,49.757137,86.994522,-484.103,2241
2777,49.869136,86.958300,317807.321,-539,2249,3378245,3376257.120,49.585301,86.994202,-493.115,2243
2778,49.746742,86.954149,317807.278,-546,2251,3378245,3376257.275,49.400020,86.995041,-499.584,2244
2779,49.623857,86.949956,317807.234,-572,2255,3378245,3376257.433,49.218607,86.995435,-508.236,2247
2780,49.502129,86.945778,317807.189,-582,2257,3378245,3376257.590,49.057255,86.994291,-519.278,2249
2781,49.379913,86.941558,317807.143,-588,2258,3378247,3376257.750,48.773939,87.002678,-524.301,2252
2782,49.258849,86.937352,317807.095,-588,2258,3378247,3376257.908,48.617263,87.001087,-540.860,2255
2783,49.137301,86.933105,317807.046,-586,2258,3378247,3376258.069,49.215984,86.922291,-583.480,2257
2784,49.016900,86.928872,317806.996,-587,2258,3378247,3376258.229,49.044108,86.920457,-582.050,2257
2785,48.896019,86.924598,317806.944,-582,2257,3378247,3376258.391,48.857574,86.921560,-580.841,2257
2786,48.776280,86.920339,317806.892,-580,2257,3378247,3376258.553,48.814246,86.922226,-580.482,2257
2787,48.656065,86.916037,317806.838,-581,2257,3378248,3376258.716,48.774645,86.916950,-580.683,2257
2788,48.536986,86.911752,317806.783,-584,2258,3378248,3376258.879,48.508046,86.924532,-580.395,2257
2789,48.417435,86.907423,317806.726,-583,2257,3378248,3376259.044,48.330690,86.924780,-580.385,2257
2790,48.299016,86.903111,317806.668,-588,2258,3378248,3376259.209,48.177898,86.924968,-580.712,2257
2791,48.180127,86.898757,317806.609,-589,2258,3378248,3376259.376,47.986386,86.924459,-581.398,2258
2792,48.062365,86.894419,317806.549,-589,2258,3378248,3376259.542,47.925245,86.899353,-587.687,2258
2793,47.944137,86.890038,317806.488,-588,2258,3378249,3376259.710,47.806636,86.896804,-586.451,2258
2794,47.827031,86.885674,317806.425,-586,2258,3378249,3376259.877,47.632222,86.895125,-585.016,2258
2795,47.709463,86.881268,317806.361,-585,2258,3378249,3376260.046,47.592028,86.884659,-585.417,2258
2796,47.593011,86.876878,317806.296,-586,2258,3378249,3376260.215,47.559915,86.880834,-585.231,2258
2797,47.476100,86.872446,317806.230,-585,2258,3378249,3376260.386,47.339618,86.877327,-584.533,2257
2798,47.360301,86.868030,317806.162,-585,2258,3378250,3376260.557,47.303046,86.873871,-584.333,2258
2799,47.244046,86.863573,317806.093,-584,2257,3378250,3376260.729,47.059201,86.872189,-582.731,2257
2800,47.128897,86.859132,317806.023,-584,2257,3378250,3376260.901,46.970380,86.871008,-581.776,2257
2801,47.013297,86.854649,317805.951,-584,2257,3378250,3376261.075,46.833464,86.862859,-582.091,2257
2802,46.898797,86.850184,317805.879,-584,2257,3378250,3376261.248,46.792213,86.852769,-582.149,2257
2803,46.783849,86.845676,317805.805,-583,2257,3378250,3376261.423,46.716411,86.845264,-579.774,2256
2804,46.669995,86.841185,317805.730,-578,2256,3378250,3376261.598,46.646594,86.837410,-576.080,2256
2805,46.555698,86.836652,317805.653,-576,2256,3378250,3376261.775,46.474065,86.837353,-572.915,2255
2806,46.442489,86.832138,317805.576,-571,2255,3378250,3376261.951,46.520549,86.822381,-569.334,2255
2807,46.328840,86.827580,317805.497,-569,2255,3378250,3376262.129,46.330671,86.821951,-566.684,2254
2808,46.216274,86.823041,317805.417,-567,2254,3378250,3376262.307,46.154851,86.822244,-564.340,2254
2809,46.103271,86.818459,317805.335,-563,2254,3378252,3376262.487,46.001290,86.822465,-561.331,2253
2810,45.991346,86.813895,317805.253,-562,2253,3378252,3376262.666,45.925470,86.813465,-559.517,2253
2811,45.878987,86.809289,317805.169,-559,2253,3378252,3376262.847,45.744406,86.814028,-556.995,2253
2812,45.767700,86.804701,317805.084,-557,2253,3378252,3376263.028,45.780857,86.798358,-553.779,2252
2813,45.655983,86.800071,317804.997,-555,2252,3378252,3376263.210,45.618574,86.799262,-550.744,2251
2814,45.545333,86.795460,317804.910,-550,2251,3378252,3376263.392,45.529603,86.791339,-547.890,2251
2815,45.434255,86.790806,317804.821,-548,2251,3378252,3376263.576,45.477832,86.782273,-544.416,2250
2816,45.323498,86.786140,317804.730,-545,2251,3378252,3376263.761,45.293514,86.783126,-542.215,2250
2817,45.213799,86.781493,317804.639,-542,2250,3378252,3376263.946,45.152420,86.782519,-539.906,2250
2818,45.103678,86.776804,317804.546,-540,2250,3378252,3376264.132,44.815528,86.792797,-523.499,2247
2819,44.994610,86.772134,317804.453,-539,2249,3378252,3376264.318,44.787644,86.788893,-523.153,2247
2820,44.885122,86.767421,317804.357,-538,2249,3378254,3376264.505,44.784660,86.786445,-523.250,2247
2821,44.776683,86.762728,317804.261,-537,2249,3378254,3376264.693,44.718180,86.761909,-536.393,2249
2822,44.667827,86.757992,317804.163,-535,2249,3378254,3376264.882,44.579695,86.759354,-535.162,2249
2823,44.560014,86.753277,317804.065,-534,2249,3378254,3376265.070,44.417192,86.758628,-533.858,2248
2824,44.451786,86.748518,317803.964,-534,2248,3378254,3376265.261,44.354059,86.750596,-532.846,2248
2825,44.344596,86.743780,317803.863,-533,2248,3378255,3376265.451,44.207061,86.748748,-531.753,2248
2826,44.236995,86.738998,317803.760,-532,2248,3378255,3376265.643,44.079568,86.745402,-530.721,2248
2827,44.130426,86.734237,317803.657,-531,2248,3378255,3376265.835,44.023237,86.737021,-530.391,2248
2828,44.023449,86.729433,317803.551,-531,2248,3378255,3376266.029,43.846192,86.737255,-529.215,2248
2829,43.917499,86.724650,317803.445,-531,2248,3378255,3376266.222,43.908072,86.722054,-529.328,2248
2830,43.811143,86.719824,317803.337,-530,2248,3378256,3376266.417,43.724539,86.721151,-528.364,2248
2831,43.705809,86.715019,317803.229,-528,2247,3378256,3376266.611,43.666216,86.717898,-527.996,2247
2832,43.600072,86.710170,317803.118,-528,2247,3378256,3376266.808,43.470763,86.716191,-527.565,2247
2833,43.495351,86.705344,317803.007,-528,2247,3378256,3376267.004,43.422846,86.712207,-527.726,2247
2834,43.390230,86.700473,317802.895,-529,2247,3378256,3376267.202,43.413776,86.708637,-527.871,2247
2835,43.286119,86.695625,317802.781,-530,2248,3378257,3376267.399,43.261901,86.697435,-528.827,2248
2836,43.181612,86.690732,317802.666,-529,2248,3378257,3376267.599,43.081031,86.693104,-528.837,2248
2837,43.085792,86.686225,317802.558,-530,2248,3378257,3376267.783,43.049393,86.695375,-528.744,2248
2838,42.982569,86.681345,317802.441,-530,2248,3378257,3376267.982,42.971987,86.693506,-528.987,2248
2839,42.878953,86.676421,317802.322,-532,2248,3378257,3376268.184,42.832194,86.686284,-530.115,2248
2840,42.776334,86.671520,317802.203,-533,2248,3378258,3376268.385,42.683578,86.679784,-530.547,2248
2841,42.673325,86.666575,317802.081,-532,2248,3378258,3376268.588,42.687277,86.676977,-530.996,2248
2842,42.571307,86.661653,317801.959,-533,2248,3378258,3376268.790,42.497121,86.671805,-531.874,2248
2843,42.468902,86.656687,317801.835,-534,2248,3378258,3376268.995,42.467192,86.668161,-532.524,2248
2844,42.367483,86.651744,317801.710,-535,2248,3378258,3376269.199,42.335500,86.655761,-534.035,2248
2845,42.265678,86.646758,317801.584,-536,2249,3378259,3376269.405,42.266969,86.656410,-534.008,2249
2846,42.164855,86.641794,317801.457,-538,2249,3378259,3376269.610,42.071468,86.654820,-534.740,2249
2847,42.063649,86.636786,317801.328,-539,2249,3378259,3376269.818,41.942445,86.654870,-534.738,2249
2848,41.963418,86.631802,317801.198,-539,2249,3378259,3376270.025,41.887852,86.646727,-537.741,2249
2849,41.862808,86.626774,317801.066,-543,2250,3378259,3376270.234,41.903965,86.633645,-540.616,2250
2850,41.762495,86.621736,317800.934,-545,2251,3378260,3376270.443,41.769298,86.632544,-542.662,2250
2851,41.663149,86.616722,317800.800,-548,2251,3378260,3376270.652,41.608601,86.631724,-544.029,2251
2852,41.563427,86.611663,317800.665,-550,2251,3378260,3376270.864,41.559598,86.623180,-547.885,2251
2853,41.464667,86.606629,317800.529,-553,2252,3378260,3376271.074,41.399398,86.622325,-550.420,2252
2854,41.365534,86.601550,317800.391,-561,2253,3378261,3376271.287,41.405882,86.608467,-555.665,2253
2855,41.267356,86.596496,317800.253,-562,2254,3378261,3376271.499,41.140158,86.616349,-556.336,2253
2856,41.168808,86.591397,317800.113,-566,2254,3378261,3376271.713,41.077192,86.608821,-560.150,2253
2857,41.071210,86.586323,317799.972,-570,2255,3378261,3376271.926,40.907529,86.608578,-562.994,2254
2858,40.973244,86.581205,317799.829,-571,2255,3378261,3376272.142,40.962958,86.593096,-568.309,2255
2859,40.876223,86.576112,317799.686,-577,2256,3378262,3376272.357,40.788960,86.593178,-570.973,2255
2860,40.778836,86.570974,317799.541,-582,2257,3378262,3376272.574,40.732303,86.585284,-574.638,2256
2861,40.682390,86.565861,317799.395,-585,2258,3378262,3376272.790,40.584367,86.583608,-578.042,2257
2862,40.585579,86.560704,317799.247,-589,2258,3378262,3376273.008,40.523209,86.576045,-583.361,2257
2863,40.489703,86.555572,317799.099,-599,2260,3378262,3376273.226,40.442477,86.569884,-587.788,2258
2864,40.393466,86.550396,317798.948,-600,2260,3378263,3376273.446,40.258721,86.570522,-591.094,2259
2865,40.298158,86.545245,317798.798,-605,2261,3378263,3376273.665,40.209424,86.562291,-596.109,2260
2866,40.202491,86.540050,317798.645,-611,2262,3378263,3376273.887,40.062093,86.560501,-600.685,2261
2867,40.107748,86.534880,317798.492,-615,2263,3378263,3376274.108,39.977397,86.554642,-604.934,2262
2868,40.012648,86.529666,317798.336,-621,2264,3378264,3376274.330,39.804708,86.554514,-609.106,2263
2869,39.918467,86.524478,317798.181,-634,2266,3378264,3376274.553,39.777328,86.544903,-616.681,2264
2870,39.823931,86.519245,317798.023,-634,2266,3378264,3376274.777,39.599965,86.545078,-621.840,2265
2871,39.730309,86.514039,317797.865,-651,2269,3378264,3376275.001,39.392081,86.547278,-624.913,2266
2872,39.636335,86.508787,317797.704,-679,2274,3378264,3376275.226,39.489323,86.529524,-639.004,2268
2873,39.543268,86.503562,317797.544,-689,2276,3378265,3376275.451,39.168092,86.539099,-640.262,2269
2874,39.449852,86.498293,317797.381,-730,2283,3378265,3376275.679,38.860210,86.547527,-640.903,2271
2875,39.357338,86.493049,317797.218,-784,2293,3378265,3376275.905,38.809321,86.539561,-656.742,2274
2876,39.264476,86.487762,317797.052,-847,2304,3378265,3376276.134,38.511102,86.547209,-658.083,2277
2877,39.172512,86.482500,317796.887,-868,2308,3378265,3376276.362,38.217516,86.554469,-663.941,2281
2878,39.080203,86.477195,317796.719,-913,2316,3378265,3376276.592,37.895610,86.561766,-669.465,2286
2879,38.988785,86.471916,317796.551,-943,2321,3378265,3376276.822,37.889204,86.552603,-713.354,2292
2880,38.897024,86.466592,317796.380,-953,2323,3378265,3376277.053,37.311908,86.576611,-683.503,2298
2881,38.806151,86.461295,317796.210,-962,2325,3378267,3376277.284,37.085141,86.577807,-705.620,2306
2882,38.714935,86.455954,317796.037,-973,2327,3378267,3376277.517,36.663330,86.593163,-689.140,2313
2883,38.624602,86.450640,317795.864,-972,2327,3378267,3376277.750,39.937917,86.358278,-819.678,2316
2884,38.533929,86.445281,317795.689,-945,2322,3378267,3376277.984,39.573363,86.372035,-828.895,2311
2885,38.444133,86.439950,317795.513,-917,2317,3378267,3376278.218,39.508545,86.365120,-800.038,2307
2886,38.353999,86.434573,317795.335,-912,2316,3378268,3376278.454,39.211243,86.373999,-793.974,2302
2887,38.264738,86.429225,317795.157,-865,2307,3378268,3376278.689,38.948076,86.380473,-785.518,2298
2888,38.175140,86.423831,317794.977,-832,2302,3378268,3376278.927,38.668296,86.387836,-780.856,2295
2889,38.086410,86.418465,317794.796,-826,2300,3378268,3376279.164,38.484058,86.388841,-765.812,2291
2890,37.997346,86.413055,317794.613,-791,2294,3378269,3376279.403,38.065114,86.404981,-762.595,2289
2891,37.908548,86.407636,317794.429,-766,2290,3378269,3376279.643,37.920243,86.403196,-754.841,2288
2892,37.820609,86.402245,317794.245,-751,2287,3378269,3376279.881,37.719625,86.405036,-746.759,2286
2893,37.732340,86.396809,317794.058,-746,2286,3378269,3376280.123,37.687635,86.397473,-743.761,2286
2894,37.644925,86.391401,317793.872,-745,2286,3378270,3376280.363,37.685194,86.395386,-743.687,2286
2895,37.557181,86.385949,317793.683,-747,2286,3378270,3376280.606,37.480552,86.393020,-743.626,2286
2896,37.470285,86.380525,317793.493,-746,2286,3378270,3376280.848,37.359734,86.398440,-742.718,2286
2897,37.383064,86.375056,317793.302,-754,2288,3378270,3376281.092,37.153348,86.400446,-742.796,2286
2898,37.296686,86.369615,317793.110,-758,2288,3378270,3376281.335,37.217322,86.384089,-750.357,2287
2899,37.209983,86.364130,317792.916,-757,2288,3378270,3376281.581,37.268562,86.358296,-752.844,2287
2900,37.124119,86.358673,317792.722,-753,2288,3378270,3376281.825,37.168068,86.352344,-751.111,2287
2901,37.037932,86.353171,317792.525,-750,2287,3378270,3376282.072,37.020612,86.350744,-747.850,2286
2902,36.952579,86.347699,317792.329,-747,2286,3378270,3376282.319,36.996859,86.341389,-744.604,2286
2903,36.866905,86.342181,317792.129,-745,2286,3378272,3376282.567,36.664843,86.351377,-727.654,2283
2904,36.782060,86.336692,317791.930,-742,2286,3378272,3376282.815,36.638820,86.347937,-724.976,2283
2905,36.696895,86.331158,317791.729,-739,2285,3378272,3376283.065,36.641586,86.345489,-726.086,2283
2906,36.612555,86.325654,317791.527,-739,2285,3378272,3376283.314,36.534512,86.327105,-735.583,2284
2907,36.527897,86.320105,317791.323,-735,2284,3378272,3376283.565,36.510727,86.319181,-733.609,2284
2908,36.444058,86.314584,317791.119,-734,2284,3378272,3376283.816,36.442388,86.312703,-732.903,2284
2909,36.359904,86.309019,317790.912,-733,2284,3378272,3376284.069,36.394192,86.304899,-732.258,2284
2910,36.276563,86.303484,317790.706,-733,2284,3378272,3376284.321,36.254657,86.302892,-731.349,2283
2911,36.192909,86.297903,317790.496,-732,2284,3378274,3376284.575,36.191949,86.303121,-731.339,2284
2912,36.110064,86.292352,317790.287,-731,2284,3378274,3376284.829,35.988833,86.300782,-730.779,2284
2913,36.026907,86.286756,317790.076,-731,2284,3378274,3376285.085,35.903828,86.291057,-730.889,2283
2914,35.944554,86.281190,317789.864,-732,2284,3378274,3376285.339,35.987604,86.279438,-730.754,2283
2915,35.861891,86.275578,317789.650,-731,2284,3378275,3376285.597,35.827091,86.280080,-730.392,2283
2916,35.780027,86.269997,317789.436,-731,2284,3378275,3376285.853,35.689948,86.276506,-730.056,2283
2917,35.697856,86.264371,317789.219,-730,2283,3378275,3376286.112,35.652391,86.263907,-730.468,2283
2918,35.616478,86.258775,317789.003,-731,2283,3378275,3376286.370,35.593221,86.261172,-730.594,2283
2919,35.534794,86.253133,317788.784,-732,2284,3378276,3376286.630,35.569794,86.261788,-730.566,2284
2920,35.453899,86.247522,317788.565,-732,2284,3378276,3376286.889,35.461678,86.253639,-731.608,2284
2921,35.372700,86.241866,317788.343,-732,2284,3378276,3376287.151,35.311225,86.243832,-732.061,2284
2922,35.292285,86.236240,317788.122,-732,2284,3378276,3376287.412,35.195069,86.240403,-731.220,2284
2923,35.211568,86.230569,317787.897,-732,2284,3378277,3376287.675,35.237278,86.227201,-730.833,2284
2924,35.137563,86.225349,317787.690,-731,2284,3378277,3376287.918,35.052243,86.227401,-730.157,2283
2925,35.057845,86.219702,317787.465,-731,2283,3378277,3376288.181,35.027574,86.219792,-729.178,2283
2926,34.977825,86.214010,317787.237,-729,2283,3378277,3376288.446,34.841600,86.219176,-727.206,2283
2927,34.898579,86.208349,317787.010,-727,2283,3378278,3376288.710,34.934921,86.204387,-726.897,2283
2928,34.819034,86.202642,317786.779,-727,2283,3378278,3376288.977,34.713897,86.205930,-725.491,2283
2929,34.739725,86.196928,317786.548,-726,2283,3378278,3376289.245,34.716548,86.195240,-724.825,2282
2930,34.661183,86.191246,317786.316,-725,2283,3378279,3376289.511,34.606469,86.197027,-724.241,2282
2931,34.582344,86.185518,317786.082,-724,2282,3378279,3376289.780,34.635906,86.179182,-723.746,2282
2932,34.504266,86.179821,317785.849,-724,2282,3378279,3376290.048,34.464632,86.180551,-723.015,2282
2933,34.425893,86.174079,317785.612,-723,2282,3378279,3376290.318,34.342043,86.176114,-722.224,2282
2934,34.348277,86.168369,317785.376,-723,2282,3378280,3376290.588,34.310886,86.175875,-722.235,2282
2935,34.270368,86.162613,317785.137,-724,2282,3378280,3376290.860,34.258501,86.168580,-723.079,2282
2936,34.193211,86.156889,317784.898,-723,2282,3378280,3376291.131,34.189895,86.167847,-723.447,2282
2937,34.115762,86.151119,317784.656,-725,2282,3378280,3376291.404,34.083367,86.162450,-723.869,2282
2938,34.039060,86.145381,317784.415,-727,2283,3378281,3376291.676,34.004960,86.154067,-725.599,2283
2939,33.962069,86.139597,317784.171,-727,2283,3378281,3376291.951,33.903925,86.152466,-725.842,2283
2940,33.885820,86.133846,317783.927,-730,2283,3378281,3376292.225,33.968625,86.139618,-728.452,2283
2941,33.809283,86.128049,317783.681,-732,2284,3378281,3376292.501,33.812218,86.137253,-730.064,2283
2942,33.733484,86.122284,317783.435,-736,2284,3378282,3376292.777,33.652767,86.137851,-731.369,2284
2943,33.657398,86.116474,317783.185,-740,2285,3378282,3376293.054,33.583587,86.130258,-733.897,2284
2944,33.582046,86.110696,317782.937,-741,2285,3378282,3376293.331,33.470452,86.128082,-736.501,2285
2945,33.506409,86.104872,317782.685,-745,2286,3378283,3376293.610,33.517190,86.114968,-740.961,2285
2946,33.431500,86.099080,317782.434,-749,2287,3378283,3376293.888,33.350376,86.114642,-742.477,2286
2947,33.356308,86.093243,317782.180,-754,2288,3378283,3376294.169,33.297487,86.106118,-746.219,2286
2948,33.281841,86.087439,317781.926,-754,2288,3378283,3376294.449,33.120848,86.106352,-748.541,2287
2949,33.207091,86.081589,317781.670,-763,2289,3378284,3376294.731,33.191906,86.093223,-755.838,2288
2950,33.133061,86.075772,317781.414,-766,2290,3378284,3376295.012,33.041351,86.091931,-758.400,2289
2951,33.058751,86.069909,317781.155,-773,2291,3378284,3376295.296,33.139816,86.075824,-766.177,2290
2952,32.985157,86.064078,317780.896,-776,2291,3378284,3376295.578,32.867781,86.081734,-770.225,2291
2953,32.911283,86.058202,317780.634,-783,2293,3378285,3376295.863,32.946400,86.066850,-778.112,2292
2954,32.838120,86.052360,317780.373,-788,2294,3378285,3376296.147,32.732963,86.067934,-781.559,2293
2955,32.764680,86.046471,317780.109,-797,2295,3378285,3376296.434,32.708138,86.060527,-788.752,2294
2956,32.691947,86.040615,317779.846,-800,2296,3378285,3376296.719,32.665783,86.052879,-794.123,2295
2957,32.618937,86.034714,317779.579,-809,2298,3378285,3376297.007,32.658573,86.043099,-803.266,2296
2958,32.546630,86.028846,317779.313,-816,2299,3378285,3376297.294,32.454235,86.044990,-807.674,2297
2959,32.474049,86.022932,317779.044,-822,2300,3378285,3376297.583,32.447555,86.035208,-816.318,2299
2960,32.402165,86.017052,317778.775,-829,2301,3378287,3376297.872,32.370495,86.029628,-822.257,2300
2961,32.330008,86.011126,317778.504,-833,2302,3378287,3376298.163,32.364040,86.019845,-829.736,2301
2962,32.258545,86.005233,317778.233,-847,2304,3378287,3376298.452,32.322760,86.012181,-837.446,2302
2963,32.186810,85.999295,317777.959,-851,2305,3378287,3376298.745,32.114304,86.014246,-844.678,2304
2964,32.115765,85.993390,317777.685,-857,2306,3378288,3376299.036,32.179688,86.000361,-852.694,2305
2965,32.044448,85.987439,317777.409,-868,2308,3378288,3376299.330,32.163661,85.991168,-860.314,2307
2966,31.973818,85.981522,317777.133,-875,2309,3378288,3376299.623,31.992049,85.991171,-868.480,2308
2967,31.902918,85.975559,317776.854,-886,2311,3378289,3376299.918,31.946244,85.983743,-874.848,2309
2968,31.832226,85.969590,317776.573,-894,2313,3378289,3376300.214,32.041323,85.968060,-882.458,2311
2969,31.762213,85.963656,317776.294,-899,2313,3378289,3376300.509,31.875719,85.967744,-890.807,2312
2970,31.691933,85.957675,317776.011,-905,2314,3378289,3376300.807,31.689513,85.968527,-898.935,2313
2971,31.622328,85.951728,317775.729,-912,2316,3378290,3376301.103,31.695299,85.958193,-906.282,2315
2972,31.552457,85.945736,317775.443,-916,2316,3378290,3376301.402,31.620254,85.952506,-912.399,2316
2973,31.483257,85.939778,317775.159,-916,2316,3378290,3376301.700,31.560956,85.945975,-915.391,2316
2974,31.413793,85.933773,317774.871,-917,2317,3378290,3376302.000,31.341349,85.935475,-915.916,2316
2975,31.344995,85.927803,317774.584,-917,2316,3378290,3376302.299,31.307838,85.927471,-915.317,2316
2976,31.275934,85.921788,317774.293,-915,2316,3378290,3376302.601,31.299033,85.917972,-913.128,2316
2977,31.207535,85.915806,317774.004,-913,2316,3378290,3376302.902,31.220722,85.912579,-908.732,2315
2978,31.138875,85.909779,317773.711,-908,2315,3378292,3376303.205,31.087068,85.910323,-903.679,2314
2979,31.070873,85.903786,317773.419,-903,2314,3378292,3376303.507,31.024210,85.904043,-900.329,2313
2980,31.002611,85.897747,317773.123,-899,2313,3378292,3376303.812,31.006103,85.895119,-896.780,2313
2981,30.935003,85.891743,317772.829,-895,2313,3378292,3376304.116,30.890870,85.893186,-895.044,2313
2982,30.867136,85.885693,317772.531,-895,2313,3378292,3376304.422,30.787548,85.891801,-894.281,2312
2983,30.799920,85.879678,317772.234,-895,2313,3378292,3376304.727,30.788857,85.889711,-894.387,2312
2984,30.732445,85.873617,317771.934,-897,2313,3378294,3376305.035,30.746319,85.882219,-895.600,2313
2985,30.665617,85.867590,317771.634,-899,2313,3378294,3376305.341,30.756517,85.873074,-897.397,2313
2986,30.598533,85.861518,317771.331,-901,2314,3378294,3376305.651,30.632201,85.868989,-898.772,2313
2987,30.532091,85.855481,317771.029,-900,2313,3378294,3376305.959,30.540699,85.864391,-900.506,2313
2988,30.465393,85.849397,317770.724,-902,2314,3378295,3376306.269,30.443322,85.853547,-902.059,2314
2989,30.399334,85.843349,317770.419,-902,2314,3378295,3376306.579,30.392246,85.846648,-902.411,2314
2990,30.333021,85.837255,317770.112,-902,2314,3378295,3376306.891,30.325957,85.840559,-902.723,2314
2991,30.267342,85.831196,317769.805,-902,2314,3378296,3376307.202,30.291385,85.836630,-902.924,2314
2992,30.201411,85.825091,317769.494,-904,2314,3378296,3376307.515,30.076771,85.829912,-902.769,2314
2993,30.136110,85.819021,317769.185,-904,2314,3378296,3376307.828,30.055499,85.830422,-902.743,2314
2994,30.070558,85.812905,317768.872,-905,2314,3378296,3376308.143,29.964097,85.821886,-903.848,2314
2995,30.005633,85.806825,317768.560,-905,2314,3378297,3376308.456,29.931222,85.808813,-904.688,2314
2996,29.940457,85.800698,317768.245,-905,2314,3378297,3376308.773,29.932486,85.806684,-904.798,2314
2997,29.875904,85.794607,317767.930,-905,2314,3378297,3376309.088,29.770449,85.807413,-903.927,2314
2998,29.811102,85.788470,317767.613,-907,2315,3378298,3376309.406,29.788995,85.799143,-905.355,2314
2999,29.746919,85.782369,317767.296,-907,2315,3378298,3376309.723,29.750714,85.788993,-906.880,2315
3000,29.682488,85.776221,317766.975,-909,2315,3378298,3376310.042,29.679412,85.781949,-907.746,2315
3001,29.618673,85.770110,317766.656,-910,2315,3378299,3376310.360,29.623011,85.780579,-908.484,2315
3002,29.554610,85.763952,317766.333,-910,2315,3378299,3376310.681,29.566911,85.772683,-910.561,2315
3003,29.491160,85.757830,317766.011,-914,2316,3378299,3376311.001,29.549700,85.765235,-911.782,2315
3004,29.427464,85.751662,317765.686,-917,2316,3378300,3376311.323,29.434654,85.760687,-914.353,2316
3005,29.364375,85.745530,317765.362,-917,2316,3378300,3376311.644,29.297302,85.758740,-915.955,2316
3006,29.301043,85.739352,317765.034,-919,2317,3378300,3376311.968,29.367280,85.745047,-917.671,2316
3007,29.238314,85.733210,317764.707,-921,2317,3378300,3376312.290,29.225524,85.743367,-919.092,2317
3008,29.175342,85.727021,317764.377,-922,2317,3378301,3376312.616,29.177285,85.736351,-921.127,2317
3009,29.112971,85.720869,317764.047,-922,2317,3378301,3376312.940,29.259250,85.723339,-921.811,2317
3010,29.050357,85.714671,317763.715,-924,2318,3378301,3376313.266,29.101378,85.721244,-922.921,2317
3011,28.987923,85.708467,317763.381,-925,2318,3378302,3376313.594,29.114033,85.708249,-923.607,2318
3012,28.926083,85.702300,317763.048,-925,2318,3378302,3376313.920,29.001452,85.707512,-924.646,2318
3013,28.864003,85.696087,317762.711,-926,2318,3378302,3376314.249,28.877071,85.702250,-925.424,2318
3014,28.802515,85.689910,317762.375,-927,2318,3378303,3376314.577,28.913593,85.686736,-925.747,2318
3015,28.740787,85.683687,317762.036,-927,2318,3378303,3376314.907,28.903903,85.683975,-925.893,2318
3016,28.684185,85.677961,317761.724,-928,2318,3378303,3376315.211,28.731590,85.678390,-927.190,2318
3017,28.623205,85.671770,317761.384,-928,2318,3378304,3376315.541,28.709341,85.677678,-927.228,2318
3018,28.561987,85.665533,317761.042,-928,2319,3378304,3376315.874,28.617597,85.664248,-927.944,2318
3019,28.501352,85.659332,317760.700,-929,2319,3378304,3376316.205,28.595438,85.663533,-927.982,2318
3020,28.440480,85.653085,317760.355,-930,2319,3378304,3376316.539,28.550916,85.653832,-929.000,2319
3021,28.380188,85.646876,317760.011,-931,2319,3378305,3376316.871,28.408007,85.648446,-929.122,2319
3022,28.319659,85.640619,317759.663,-929,2319,3378305,3376317.207,28.445302,85.632912,-927.622,2318
3023,28.259707,85.634400,317759.317,-929,2319,3378305,3376317.541,28.262276,85.632327,-927.154,2318
3024,28.199520,85.628134,317758.966,-927,2318,3378305,3376317.878,28.242524,85.625082,-927.044,2318
3025,28.139905,85.621906,317758.617,-926,2318,3378305,3376318.213,28.085607,85.624283,-926.420,2318
3026,28.080057,85.615630,317758.265,-927,2318,3378305,3376318.552,28.116888,85.611682,-925.433,2318
3027,28.020777,85.609393,317757.913,-926,2318,3378307,3376318.889,28.004240,85.608427,-924.442,2318
3028,27.961265,85.603108,317757.558,-924,2318,3378307,3376319.228,27.965593,85.602255,-924.276,2318
3029,27.902319,85.596861,317757.204,-924,2318,3378307,3376319.567,27.945510,85.593857,-923.731,2318
3030,27.843141,85.590568,317756.846,-923,2318,3378308,3376319.908,27.909255,85.585038,-922.710,2318
3031,27.784525,85.584312,317756.490,-924,2318,3378308,3376320.248,27.719865,85.586051,-922.155,2317
3032,27.725679,85.578009,317756.130,-923,2317,3378308,3376320.591,27.722107,85.583926,-922.270,2317
3033,27.667391,85.571744,317755.771,-922,2317,3378309,3376320.932,27.581325,85.582219,-921.697,2317
3034,27.608874,85.565432,317755.408,-923,2317,3378309,3376321.276,27.637746,85.563280,-922.395,2317
3035,27.550912,85.559158,317755.047,-923,2317,3378309,3376321.619,27.526671,85.559955,-922.577,2317
3036,27.492722,85.552837,317754.682,-923,2318,3378310,3376321.965,27.521759,85.560741,-922.701,2318
3037,27.435084,85.546555,317754.318,-924,2318,3378310,3376322.309,27.589507,85.547522,-923.257,2318
3038,27.377219,85.540225,317753.950,-924,2318,3378310,3376322.656,27.330076,85.548573,-924.200,2318
3039,27.319902,85.533933,317753.584,-925,2318,3378310,3376323.002,27.331876,85.540284,-924.654,2318
3040,27.262359,85.527595,317753.213,-926,2318,3378310,3376323.350,27.300704,85.535002,-924.944,2318
3041,27.205362,85.521295,317752.845,-927,2318,3378310,3376323.697,27.127813,85.535069,-924.941,2318
3042,27.148139,85.514947,317752.472,-928,2319,3378312,3376324.047,27.224804,85.520252,-926.923,2318
3043,27.091458,85.508639,317752.101,-929,2319,3378312,3376324.396,27.068028,85.520699,-928.232,2318
3044,27.034553,85.502283,317751.725,-931,2319,3378312,3376324.747,27.034058,85.511839,-929.220,2319
3045,26.977806,85.495923,317751.349,-931,2319,3378313,3376325.100,27.055202,85.502452,-931.073,2319
3046,26.921597,85.489601,317750.974,-935,2320,3378313,3376325.450,26.959405,85.497063,-932.038,2319
3047,26.865165,85.483232,317750.595,-935,2320,3378313,3376325.804,26.817462,85.496624,-932.896,2319
3048,26.809267,85.476902,317750.217,-936,2320,3378314,3376326.156,26.795145,85.488460,-935.682,2320
3049,26.753147,85.470525,317749.836,-940,2320,3378314,3376326.511,26.762941,85.480778,-938.275,2320
3050,26.697558,85.464186,317749.456,-942,2321,3378314,3376326.865,26.721641,85.473660,-939.838,2320
3051,26.641749,85.457800,317749.072,-945,2321,3378315,3376327.222,26.589093,85.471465,-941.961,2321
3052,26.586467,85.451454,317748.690,-949,2322,3378315,3376327.577,26.514607,85.466163,-944.756,2321
3053,26.530965,85.445060,317748.303,-950,2322,3378315,3376327.935,26.511739,85.456905,-947.773,2322
3054,26.475987,85.438705,317747.918,-953,2323,3378316,3376328.291,26.494927,85.448472,-950.578,2322
3055,26.420791,85.432302,317747.529,-957,2323,3378316,3376328.651,26.400547,85.442968,-953.554,2323
3056,26.366116,85.425939,317747.142,-960,2324,3378316,3376329.009,26.346716,85.437800,-957.010,2323
3057,26.311223,85.419529,317746.751,-964,2325,3378317,3376329.370,26.396560,85.425685,-960.691,2324
3058,26.256849,85.413157,317746.361,-967,2325,3378317,3376329.729,26.194420,85.427356,-962.930,2325
3059,26.202257,85.406739,317745.967,-970,2326,3378317,3376330.092,26.262701,85.413026,-967.405,2325
3060,26.148181,85.400359,317745.574,-974,2326,3378317,3376330.452,26.133311,85.411982,-970.464,2326
3061,26.093889,85.393933,317745.178,-981,2328,3378317,3376330.816,26.102723,85.404271,-974.233,2326
3062,26.040109,85.387545,317744.783,-982,2328,3378317,3376331.179,26.072599,85.396602,-978.167,2327
3063,25.986113,85.381111,317744.384,-989,2329,3378319,3376331.544,25.933073,85.394805,-981.435,2328
3064,25.932627,85.374715,317743.987,-991,2330,3378319,3376331.908,25.908034,85.386873,-986.052,2329
3065,25.878927,85.368273,317743.586,-994,2330,3378319,3376332.275,25.825829,85.381973,-989.663,2329
3066,25.825733,85.361870,317743.186,-999,2331,3378320,3376332.640,25.657991,85.380512,-992.080,2330
3067,25.772326,85.355419,317742.782,-1003,2332,3378320,3376333.008,25.780702,85.365800,-998.917,2331
3068,25.719422,85.349008,317742.380,-1008,2332,3378320,3376333.375,25.628363,85.364756,-1002.643,2332
3069,25.666305,85.342550,317741.973,-1015,2334,3378321,3376333.745,25.726445,85.350136,-1008.312,2333
3070,25.613689,85.336131,317741.568,-1017,2334,3378321,3376334.113,25.551004,85.350353,-1012.966,2334
3071,25.560861,85.329665,317741.160,-1025,2335,3378321,3376334.484,25.422530,85.347950,-1018.104,2335
3072,25.508531,85.323239,317740.752,-1028,2336,3378322,3376334.853,25.393870,85.340254,-1023.211,2336
3073,25.455990,85.316766,317740.341,-1037,2338,3378322,3376335.226,25.322466,85.334790,-1027.524,2336
3074,25.403943,85.310332,317739.931,-1044,2339,3378322,3376335.597,25.425910,85.320002,-1036.041,2337
3075,25.351687,85.303851,317739.517,-1054,2341,3378323,3376335.971,25.265369,85.319345,-1041.746,2339
3076,25.299922,85.297409,317739.105,-1065,2343,3378323,3376336.344,25.246540,85.311138,-1049.885,2340
3077,25.247948,85.290920,317738.689,-1066,2343,3378323,3376336.719,25.199242,85.304400,-1055.608,2341
3078,25.196463,85.284471,317738.274,-1075,2344,3378324,3376337.093,25.025492,85.304489,-1063.936,2343
3079,25.144770,85.277975,317737.855,-1086,2346,3378324,3376337.470,25.161639,85.287938,-1077.894,2345
3080,25.093563,85.271519,317737.438,-1108,2350,3378325,3376337.845,25.236544,85.274688,-1091.329,2347
3081,25.042149,85.265015,317737.017,-1124,2353,3378325,3376338.224,24.936589,85.280323,-1100.835,2349
3082,24.991218,85.258552,317736.597,-1140,2356,3378325,3376338.601,24.923659,85.273049,-1115.925,2352
3083,24.940080,85.252041,317736.174,-1163,2360,3378325,3376338.981,24.895896,85.265290,-1135.043,2355
3084,24.889423,85.245570,317735.751,-1204,2367,3378325,3376339.359,24.910569,85.255323,-1171.791,2362
3085,24.838560,85.239052,317735.325,-1221,2370,3378325,3376339.740,25.022469,85.240048,-1202.517,2367
3086,24.788175,85.232573,317734.900,-1247,2375,3378327,3376340.120,24.846405,85.240346,-1226.333,2371
3087,24.737585,85.226048,317734.472,-1268,2379,3378327,3376340.503,24.781753,85.234580,-1250.504,2376
3088,24.687131,85.219519,317734.042,-1260,2377,3378327,3376340.886,25.265804,85.186801,-1223.485,2374
3089,24.637151,85.213030,317733.613,-1264,2378,3378328,3376341.268,24.885176,85.199636,-1215.393,2370
3090,24.586967,85.206494,317733.181,-1241,2374,3378328,3376341.653,24.834364,85.191932,-1185.515,2365
3091,24.537254,85.199998,317732.750,-1190,2365,3378328,3376342.037,24.660043,85.192183,-1167.500,2361
3092,24.487338,85.193454,317732.315,-1166,2361,3378329,3376342.423,24.614702,85.185406,-1152.734,2358
3093,24.437890,85.186951,317731.882,-1151,2358,3378329,3376342.808,24.491415,85.182882,-1143.051,2356
3094,24.388241,85.180401,317731.444,-1143,2357,3378330,3376343.196,24.400253,85.178565,-1133.640,2355
3095,24.339056,85.173891,317731.008,-1139,2356,3378330,3376343.582,24.411045,85.168855,-1123.383,2353
3096,24.289671,85.167334,317730.568,-1129,2354,3378330,3376343.972,24.393870,85.160582,-1113.375,2351
3097,24.240748,85.160817,317730.130,-1118,2352,3378330,3376344.359,24.206835,85.161460,-1107.156,2350
3098,24.191626,85.154252,317729.688,-1107,2350,3378330,3376344.750,24.204159,85.153637,-1105.788,2350
3099,24.142962,85.147729,317729.247,-1105,2350,3378330,3376345.139,24.169327,85.146385,-1105.221,2349
3100,24.094100,85.141158,317728.802,-1106,2350,3378332,3376345.531,24.144989,85.144555,-1104.997,2350
3101,24.045695,85.134627,317728.359,-1106,2350,3378332,3376345.922,24.155271,85.131274,-1105.458,2350
3102,23.997092,85.128049,317727.911,-1108,2350,3378332,3376346.316,24.006004,85.131283,-1106.124,2350
3103,23.948943,85.121512,317727.466,-1107,2350,3378333,3376346.708,23.915549,85.122180,-1105.503,2350
3104,23.900597,85.114927,317727.016,-1105,2350,3378333,3376347.103,23.766562,85.122137,-1103.672,2349
3105,23.852702,85.108383,317726.568,-1105,2350,3378334,3376347.496,23.860913,85.108063,-1103.517,2349
3106,23.804611,85.101792,317726.115,-1103,2349,3378334,3376347.893,23.776917,85.106997,-1102.581,2349
3107,23.756968,85.095241,317725.665,-1102,2349,3378334,3376348.288,23.765043,85.093744,-1102.047,2349
3108,23.709131,85.088643,317725.210,-1101,2349,3378335,3376348.686,23.704360,85.092647,-1101.446,2349
3109,23.661739,85.082086,317724.756,-1102,2349,3378335,3376349.082,23.675630,85.087511,-1101.756,2349
3110,23.614153,85.075481,317724.299,-1103,2349,3378335,3376349.482,23.714626,85.076315,-1101.767,2349
3111,23.567011,85.068918,317723.843,-1103,2349,3378336,3376349.880,23.700024,85.072837,-1102.144,2349
3112,23.519674,85.062307,317723.384,-1104,2349,3378336,3376350.281,23.547159,85.067031,-1103.996,2349
3113,23.476261,85.056225,317722.960,-1106,2350,3378336,3376350.650,23.549841,85.063313,-1104.555,2349
3114,23.429479,85.049652,317722.500,-1107,2350,3378337,3376351.050,23.543678,85.053390,-1105.824,2350
3115,23.382504,85.043031,317722.037,-1109,2350,3378337,3376351.453,23.451169,85.049192,-1107.080,2350
3116,23.335968,85.036452,317721.575,-1109,2350,3378337,3376351.855,23.367976,85.042161,-1108.508,2350
3117,23.289239,85.029824,317721.109,-1109,2350,3378337,3376352.259,23.347943,85.029336,-1109.458,2350
3118,23.242945,85.023239,317720.645,-1110,2350,3378337,3376352.662,23.224726,85.028022,-1109.538,2350
3119,23.196460,85.016605,317720.176,-1110,2350,3378339,3376353.068,23.214903,85.025442,-1109.862,2350
3120,23.150407,85.010013,317719.710,-1110,2350,3378339,3376353.473,23.159386,85.013375,-1110.268,2350
3121,23.104164,85.003373,317719.239,-1110,2350,3378339,3376353.880,23.099700,85.009842,-1110.485,2350
3122,23.058352,84.996775,317718.770,-1111,2351,3378340,3376354.286,23.067336,85.000152,-1111.080,2350
3123,23.012349,84.990129,317718.296,-1111,2351,3378340,3376354.695,23.016899,84.996134,-1111.327,2351
3124,22.966774,84.983524,317717.825,-1113,2351,3378341,3376355.102,22.948818,84.994299,-1111.606,2351
3125,22.921011,84.976872,317717.349,-1114,2351,3378341,3376355.512,23.006678,84.982195,-1112.352,2351
3126,22.875366,84.970217,317716.871,-1115,2351,3378341,3376355.924,22.942923,84.976501,-1113.704,2351
3127,22.830145,84.963603,317716.396,-1116,2351,3378342,3376356.333,22.924586,84.969668,-1114.459,2351
3128,22.784737,84.956941,317715.916,-1117,2352,3378342,3376356.746,22.816166,84.962756,-1115.720,2351
3129,22.739750,84.950321,317715.439,-1117,2352,3378343,3376357.156,22.766704,84.952805,-1117.004,2352
3130,22.694577,84.943654,317714.956,-1118,2352,3378343,3376357.570,22.721425,84.949722,-1117.195,2352
3131,22.649822,84.937028,317714.476,-1118,2352,3378343,3376357.983,22.708092,84.937880,-1118.431,2352
3132,22.604882,84.930354,317713.991,-1119,2352,3378344,3376358.398,22.707611,84.936013,-1118.547,2352
3133,22.560358,84.923722,317713.509,-1120,2352,3378344,3376358.812,22.577999,84.932669,-1119.256,2352
3134,22.515648,84.917043,317713.021,-1120,2352,3378344,3376359.229,22.618154,84.921537,-1119.950,2352
3135,22.471354,84.910405,317712.536,-1121,2352,3378345,3376359.644,22.542418,84.917747,-1120.687,2352
3136,22.426874,84.903719,317712.046,-1122,2352,3378345,3376360.062,22.400504,84.905491,-1121.953,2352
3137,22.382807,84.897075,317711.559,-1122,2352,3378345,3376360.479,22.400434,84.903670,-1122.067,2352
3138,22.338555,84.890384,317711.067,-1123,2353,3378345,3376360.899,22.471863,84.890910,-1122.867,2353
3139,22.294714,84.883734,317710.576,-1125,2353,3378345,3376361.317,22.405472,84.887828,-1124.061,2353
3140,22.250689,84.877037,317710.082,-1125,2353,3378347,3376361.738,22.255000,84.883161,-1125.354,2353
3141,22.207072,84.870382,317709.589,-1127,2353,3378347,3376362.157,22.264141,84.878490,-1125.982,2353
3142,22.163272,84.863678,317709.092,-1129,2354,3378348,3376362.580,22.242438,84.870635,-1127.477,2354
3143,22.119877,84.857017,317708.597,-1129,2354,3378348,3376363.001,22.216804,84.861864,-1128.697,2354
3144,22.076301,84.850308,317708.097,-1131,2354,3378348,3376363.425,22.089424,84.855997,-1130.067,2354
3145,22.033127,84.843642,317707.600,-1132,2354,3378349,3376363.848,22.134071,84.849475,-1130.980,2354
3146,21.989773,84.836927,317707.098,-1132,2354,3378349,3376364.273,21.989579,84.843323,-1132.036,2354
3147,21.946819,84.830254,317706.598,-1134,2355,3378350,3376364.697,21.972348,84.840041,-1132.744,2354
3148,21.903685,84.823534,317706.093,-1135,2355,3378350,3376365.124,21.995396,84.829869,-1134.223,2355
3149,21.860950,84.816856,317705.590,-1138,2355,3378350,3376365.549,21.943712,84.823665,-1135.784,2355
3150,21.818035,84.810130,317705.083,-1139,2355,3378350,3376365.978,21.878856,84.816910,-1137.881,2355
3151,21.775516,84.803446,317704.578,-1140,2356,3378350,3376366.405,21.849457,84.809547,-1139.184,2355
3152,21.732818,84.796715,317704.069,-1144,2356,3378350,3376366.835,21.841612,84.802181,-1140.987,2356
3153,21.690514,84.790025,317703.561,-1144,2356,3378352,3376367.263,21.807953,84.795047,-1142.943,2356
3154,21.648032,84.783288,317703.049,-1148,2357,3378352,3376367.694,21.690660,84.792218,-1145.458,2357
3155,21.605942,84.776594,317702.539,-1150,2357,3378353,3376368.124,21.705795,84.781368,-1147.319,2357
3156,21.563674,84.769851,317702.025,-1152,2358,3378353,3376368.557,21.632453,84.777430,-1149.405,2357
3157,21.521796,84.763151,317701.512,-1154,2358,3378353,3376368.988,21.594851,84.770513,-1151.350,2357
3158,21.479742,84.756403,317700.995,-1155,2358,3378354,3376369.422,21.566100,84.761901,-1153.403,2358
3159,21.438075,84.749697,317700.480,-1157,2358,3378354,3376369.855,21.550254,84.755032,-1154.679,2358
3160,21.396231,84.742944,317699.961,-1159,2359,3378355,3376370.291,21.491100,84.748011,-1156.965,2359
3161,21.354773,84.736233,317699.443,-1162,2359,3378355,3376370.724,21.492833,84.740231,-1158.801,2359
3162,21.313140,84.729474,317698.921,-1163,2360,3378355,3376371.162,21.437963,84.734169,-1161.360,2359
3163,21.271612,84.722712,317698.398,-1168,2361,3378356,3376371.600,21.435757,84.724188,-1163.506,2360
3164,21.230465,84.715993,317697.877,-1170,2361,3378356,3376372.036,21.307111,84.723209,-1167.236,2360
3165,21.189145,84.709226,317697.351,-1174,2362,3378357,3376372.476,21.291772,84.715097,-1170.096,2361
3166,21.148204,84.702502,317696.827,-1175,2362,3378357,3376372.913,21.224627,84.709741,-1173.111,2361
3167,21.107090,84.695730,317696.299,-1179,2362,3378357,3376373.354,21.235482,84.700274,-1175.060,2362
3168,21.066353,84.689001,317695.773,-1183,2363,3378357,3376373.793,21.220588,84.692206,-1178.252,2362
3169,21.025444,84.682223,317695.242,-1184,2363,3378357,3376374.235,21.149193,84.687022,-1181.257,2363
3170,20.984911,84.675489,317694.714,-1188,2364,3378359,3376374.676,21.117161,84.679852,-1184.392,2363
3171,20.944205,84.668706,317694.181,-1191,2365,3378359,3376375.120,21.119500,84.670836,-1186.649,2364
3172,20.903873,84.661966,317693.650,-1196,2365,3378360,3376375.561,21.122103,84.661866,-1189.403,2365
3173,20.863370,84.655178,317693.114,-1198,2366,3378360,3376376.007,21.059822,84.656222,-1192.607,2365
3174,20.823238,84.648434,317692.581,-1200,2366,3378360,3376376.450,20.907409,84.655318,-1197.333,2366
3175,20.782935,84.641641,317692.042,-1202,2367,3378361,3376376.897,20.914389,84.646080,-1199.940,2366
3176,20.743002,84.634891,317691.506,-1206,2367,3378361,3376377.341,20.853208,84.639270,-1202.555,2367
3177,20.702899,84.628093,317690.966,-1208,2368,3378362,3376377.790,20.889901,84.629660,-1205.021,2367
3178,20.663164,84.621338,317690.427,-1211,2368,3378362,3376378.236,20.819912,84.624485,-1207.530,2368
3179,20.623259,84.614535,317689.884,-1215,2369,3378362,3376378.685,20.796983,84.616808,-1209.870,2368
3180,20.583719,84.607775,317689.343,-1217,2369,3378363,3376379.133,20.778668,84.608952,-1211.557,2368
3181,20.544011,84.600967,317688.798,-1221,2370,3378363,3376379.584,20.605922,84.609044,-1216.551,2369
3182,20.504666,84.594202,317688.254,-1223,2370,3378364,3376380.033,20.741924,84.593194,-1216.268,2369
3183,20.465153,84.587389,317687.706,-1226,2371,3378364,3376380.486,20.702160,84.586403,-1219.220,2370
3184,20.426002,84.580619,317687.160,-1229,2371,3378364,3376380.936,20.632900,84.581207,-1223.065,2370
3185,20.386683,84.573801,317686.610,-1232,2372,3378365,3376381.390,20.670035,84.570419,-1223.451,2371
3186,20.347724,84.567026,317686.061,-1235,2372,3378365,3376381.842,20.541395,84.568318,-1229.424,2372
3187,20.308598,84.560203,317685.508,-1238,2373,3378366,3376382.298,20.514824,84.560851,-1232.256,2372
3188,20.269830,84.553424,317684.958,-1242,2374,3378366,3376382.751,20.522583,84.551662,-1234.204,2373
3189,20.230895,84.546596,317684.402,-1245,2374,3378367,3376383.208,20.420196,84.546974,-1238.018,2373
3190,20.192316,84.539812,317683.849,-1249,2375,3378367,3376383.663,20.419093,84.539418,-1240.191,2374
3191,20.153572,84.532979,317683.291,-1251,2375,3378367,3376384.121,20.397060,84.531726,-1242.540,2374
3192,20.115181,84.526190,317682.735,-1254,2376,3378368,3376384.577,20.366881,84.524519,-1246.025,2375
3193,20.076626,84.519353,317682.174,-1257,2376,3378368,3376385.037,20.353432,84.516385,-1248.239,2375
3194,20.038422,84.512559,317681.616,-1260,2377,3378369,3376385.495,20.285911,84.509961,-1252.672,2376
3195,20.000054,84.505717,317681.053,-1265,2378,3378369,3376385.956,20.288950,84.502139,-1253.533,2376
3196,19.962036,84.498918,317680.492,-1267,2378,3378370,3376386.415,20.178932,84.499086,-1259.072,2377
3197,19.923855,84.492072,317679.927,-1270,2378,3378370,3376386.878,20.237424,84.487230,-1258.707,2377
3198,19.886022,84.485268,317679.364,-1272,2379,3378370,3376387.338,20.127729,84.484167,-1263.415,2378
3199,19.848025,84.478417,317678.796,-1275,2379,3378370,3376387.803,20.102100,84.476684,-1266.255,2378
3200,19.810375,84.471609,317678.230,-1277,2380,3378370,3376388.264,20.055780,84.470334,-1268.686,2379
3201,19.772562,84.464753,317677.660,-1281,2380,3378372,3376388.730,20.101643,84.459143,-1268.447,2379
3202,19.735094,84.457941,317677.092,-1284,2381,3378372,3376389.193,20.021933,84.454535,-1272.594,2380
3203,19.697464,84.451080,317676.518,-1286,2381,3378372,3376389.661,20.063546,84.443564,-1271.842,2380
3204,19.660177,84.444263,317675.948,-1289,2382,3378373,3376390.125,19.938059,84.441340,-1277.660,2381
3205,19.622728,84.437397,317675.372,-1293,2382,3378373,3376390.594,20.000611,84.429288,-1276.484,2381
3206,19.585370,84.430530,317674.796,-1294,2383,3378374,3376391.063,19.879393,84.426788,-1281.821,2381
3207,19.548352,84.423706,317674.222,-1297,2383,3378374,3376391.530,19.754356,84.424526,-1286.976,2382
3208,19.511173,84.416834,317673.642,-1299,2384,3378375,3376392.001,19.808770,84.412926,-1285.771,2382
3209,19.474333,84.410006,317673.066,-1303,2384,3378375,3376392.470,19.738289,84.407848,-1288.453,2382
3210,19.437333,84.403129,317672.484,-1304,2384,3378375,3376392.942,19.788411,84.396465,-1286.735,2382
3211,19.400669,84.396296,317671.905,-1306,2385,3378375,3376393.412,19.743090,84.390092,-1289.174,2383
3212,19.363846,84.389415,317671.320,-1309,2385,3378375,3376393.885,19.726678,84.382161,-1289.721,2383
3213,19.327358,84.382578,317670.739,-1312,2386,3378377,3376394.357,19.702270,84.374706,-1291.235,2383
3214,19.290711,84.375693,317670.152,-1313,2386,3378377,3376394.832,19.694237,84.366343,-1291.980,2384
3215,19.257093,84.369360,317669.612,-1316,2387,3378377,3376395.269,19.610598,84.362619,-1296.071,2384
3216,19.220859,84.362516,317669.026,-1318,2387,3378377,3376395.743,19.625599,84.349656,-1294.969,2385
3217,19.184467,84.355624,317668.436,-1319,2387,3378377,3376396.220,19.545536,84.348511,-1299.215,2385
3218,19.148405,84.348776,317667.848,-1323,2388,3378379,3376396.695,19.596407,84.335999,-1295.917,2385
3219,19.112186,84.341880,317667.255,-1324,2388,3378379,3376397.173,19.554974,84.330541,-1298.297,2385
3220,19.076296,84.335028,317666.665,-1328,2389,3378380,3376397.650,19.605002,84.319218,-1294.586,2386
3221,19.040249,84.328127,317666.070,-1330,2389,3378380,3376398.130,19.469845,84.317497,-1302.539,2386
3222,19.004529,84.321271,317665.477,-1336,2390,3378381,3376398.607,19.491878,84.306490,-1300.641,2387
3223,18.968653,84.314366,317664.880,-1338,2390,3378381,3376399.089,19.401520,84.303587,-1305.844,2387
3224,18.933103,84.307505,317664.284,-1342,2391,3378382,3376399.568,19.437288,84.289562,-1301.826,2387
3225,18.897396,84.300596,317663.684,-1344,2391,3378382,3376400.051,19.399037,84.286259,-1304.391,2387
3226,18.862014,84.293731,317663.087,-1349,2392,3378382,3376400.532,19.349633,84.275524,-1306.144,2387
3227,18.826476,84.286818,317662.484,-1355,2393,3378383,3376401.016,19.302640,84.273831,-1308.930,2388
3228,18.791260,84.279949,317661.884,-1360,2394,3378383,3376401.498,19.299814,84.258370,-1306.518,2388
3229,18.755890,84.273031,317661.279,-1367,2395,3378384,3376401.984,19.296377,84.256716,-1306.801,2388
3230,18.720840,84.266158,317660.676,-1377,2397,3378384,3376402.468,19.256743,84.250094,-1309.102,2388
3231,18.685636,84.259236,317660.068,-1383,2398,3378385,3376402.955,19.221028,84.243211,-1310.254,2389
3232,18.650750,84.252359,317659.463,-1392,2400,3378385,3376403.440,19.189699,84.236160,-1311.753,2389
3233,18.615712,84.245433,317658.853,-1399,2401,3378386,3376403.929,19.182564,84.227790,-1310.512,2389
3234,18.580990,84.238551,317658.246,-1405,2402,3378386,3376404.415,19.180060,84.212328,-1307.942,2390
3235,18.546116,84.231621,317657.633,-1410,2403,3378386,3376404.905,19.176680,84.210673,-1308.393,2390
3236,18.511556,84.224736,317657.023,-1418,2405,3378387,3376405.393,19.141531,84.203831,-1310.046,2390
3237,18.476845,84.217802,317656.408,-1425,2406,3378387,3376405.885,19.110265,84.196730,-1310.552,2390
3238,18.442447,84.210912,317655.796,-1429,2406,3378388,3376406.374,19.045235,84.188004,-1314.507,2391
3239,18.407898,84.203974,317655.178,-1431,2407,3378388,3376406.867,19.040881,84.181801,-1313.449,2391
3240,18.373660,84.197080,317654.563,-1430,2407,3378389,3376407.358,19.026195,84.173897,-1313.014,2391
3241,18.339272,84.190138,317653.943,-1431,2407,3378389,3376407.853,18.968585,84.165885,-1315.254,2391
3242,18.305194,84.183241,317653.326,-1428,2406,3378390,3376408.345,18.915231,84.151966,-1315.252,2391
3243,18.270966,84.176295,317652.703,-1425,2406,3378390,3376408.841,18.923999,84.149679,-1314.249,2391
3244,18.236817,84.169346,317652.079,-1423,2405,3378390,3376409.338,18.920564,84.142285,-1311.780,2391
3245,18.202976,84.162443,317651.458,-1420,2405,3378390,3376409.832,18.829149,84.133816,-1315.389,2391
3246,18.168986,84.155491,317650.832,-1415,2404,3378390,3376410.330,18.817110,84.133767,-1315.893,2391
3247,18.135302,84.148583,317650.208,-1411,2403,3378392,3376410.826,18.722806,84.118565,-1316.988,2391
3248,18.101469,84.141627,317649.579,-1406,2402,3378392,3376411.325,18.719635,84.111170,-1314.189,2391
3249,18.067941,84.134716,317648.953,-1403,2402,3378393,3376411.822,18.701547,84.103467,-1311.413,2391
3250,18.034264,84.127756,317648.322,-1400,2401,3378393,3376412.324,18.620300,84.097861,-1315.652,2391
3251,18.000891,84.120841,317647.694,-1397,2401,3378394,3376412.822,18.602379,84.090155,-1312.877,2391
3252,17.967370,84.113877,317647.060,-1392,2400,3378394,3376413.325,18.561045,84.088196,-1314.352,2391
3253,17.934150,84.106958,317646.429,-1388,2399,3378395,3376413.825,18.505945,84.078996,-1314.687,2390
3254,17.900783,84.099991,317645.793,-1389,2399,3378395,3376414.329,18.441127,84.072535,-1316.823,2390
3255,17.867716,84.093068,317645.159,-1386,2399,3378395,3376414.830,18.421485,84.072938,-1317.127,2390
3256,17.834502,84.086097,317644.521,-1384,2398,3378395,3376415.336,18.362035,84.059336,-1317.117,2390
3257,17.801587,84.079170,317643.885,-1379,2397,3378395,3376415.838,18.344554,84.051622,-1315.180,2390
3258,17.768525,84.072195,317643.243,-1376,2397,3378397,3376416.345,18.296514,84.048868,-1316.047,2390
3259,17.735760,84.065265,317642.605,-1375,2397,3378397,3376416.850,18.282228,84.042135,-1315.372,2390
3260,17.702850,84.058286,317641.961,-1373,2396,3378397,3376417.358,18.272588,84.033961,-1312.804,2390
3261,17.670235,84.051352,317641.321,-1375,2397,3378397,3376417.864,18.174910,84.026989,-1314.981,2389
3262,17.637475,84.044369,317640.674,-1374,2397,3378399,3376418.374,18.157534,84.019223,-1312.717,2389
3263,17.605009,84.037431,317640.031,-1379,2397,3378399,3376418.881,18.144371,84.011298,-1309.798,2389
3264,17.572398,84.030445,317639.383,-1379,2398,3378400,3376419.392,18.127076,84.003531,-1307.703,2389
3265,17.540080,84.023504,317638.737,-1380,2397,3378400,3376419.901,18.116432,84.002326,-1308.458,2389
3266,17.507618,84.016514,317638.086,-1379,2397,3378401,3376420.413,18.071627,83.995989,-1309.091,2389
3267,17.475447,84.009569,317637.438,-1380,2397,3378401,3376420.923,18.066491,83.987653,-1307.872,2389
3268,17.443132,84.002575,317636.784,-1377,2397,3378401,3376421.438,18.059321,83.981648,-1306.815,2389
3269,17.411106,83.995626,317636.133,-1379,2397,3378402,3376421.949,18.028563,83.972365,-1305.668,2389
3270,17.378938,83.988629,317635.477,-1376,2397,3378402,3376422.465,18.028373,83.967138,-1305.721,2390
3271,17.347057,83.981677,317634.824,-1375,2397,3378403,3376422.978,17.990820,83.957073,-1306.299,2390
3272,17.315034,83.974676,317634.165,-1375,2396,3378403,3376423.495,17.850313,83.948879,-1315.240,2390
3273,17.283298,83.967720,317633.510,-1370,2396,3378404,3376424.009,17.760372,83.943807,-1319.784,2390
3274,17.251420,83.960715,317632.849,-1375,2396,3378404,3376424.527,17.817060,83.933373,-1311.726,2390
3275,17.219827,83.953756,317632.191,-1372,2396,3378405,3376425.043,17.703945,83.934056,-1319.342,2390
3276,17.188092,83.946748,317631.527,-1371,2396,3378405,3376425.563,17.574087,83.927562,-1325.492,2390
3277,17.156641,83.939785,317630.867,-1370,2396,3378406,3376426.080,17.623346,83.917597,-1318.735,2390
3278,17.125049,83.932774,317630.201,-1369,2395,3378406,3376426.602,17.580653,83.910034,-1317.632,2389
3279,17.093739,83.925807,317629.538,-1368,2395,3378407,3376427.120,17.509991,83.905105,-1320.834,2389
3280,17.062289,83.918792,317628.869,-1367,2395,3378407,3376427.643,17.497672,83.897119,-1316.931,2389
3281,17.031120,83.911822,317628.204,-1370,2396,3378408,3376428.163,17.481707,83.889379,-1315.011,2389
3282,16.999811,83.904804,317627.533,-1370,2395,3378408,3376428.688,17.457797,83.881993,-1313.564,2388
3283,16.968572,83.897783,317626.860,-1371,2396,3378409,3376429.213,17.347446,83.880182,-1319.367,2389
3284,16.937612,83.890808,317626.191,-1374,2396,3378409,3376429.735,17.343360,83.871841,-1316.327,2388
3285,16.906512,83.883784,317625.517,-1371,2396,3378409,3376430.261,17.319680,83.864449,-1314.882,2388
3286,16.875690,83.876806,317624.845,-1372,2396,3378410,3376430.785,17.356188,83.856290,-1308.330,2388
3287,16.844730,83.869779,317624.168,-1370,2396,3378410,3376431.313,17.350865,83.849089,-1305.373,2387
3288,16.814045,83.862797,317623.494,-1366,2395,3378410,3376431.838,17.336767,83.848069,-1306.450,2388
3289,16.783222,83.855766,317622.814,-1367,2395,3378410,3376432.367,17.283854,83.831984,-1306.998,2388
3290,16.752674,83.848781,317622.138,-1363,2394,3378412,3376432.894,17.241315,83.825629,-1307.812,2388
3291,16.721988,83.841747,317621.455,-1361,2394,3378412,3376433.425,17.256445,83.816247,-1302.856,2388
3292,16.691576,83.834759,317620.777,-1358,2393,3378413,3376433.953,17.254725,83.817990,-1302.724,2388
3293,16.661026,83.827721,317620.092,-1357,2393,3378413,3376434.485,17.183046,83.802888,-1303.037,2387
3294,16.630748,83.820730,317619.410,-1355,2393,3378414,3376435.014,17.171534,83.794942,-1300.474,2387
3295,16.600333,83.813689,317618.723,-1358,2393,3378414,3376435.548,17.153537,83.794068,-1301.707,2387
3296,16.570189,83.806694,317618.039,-1356,2393,3378415,3376436.079,17.133059,83.779793,-1298.794,2388
3297,16.539909,83.799650,317617.350,-1353,2392,3378415,3376436.614,17.130819,83.773578,-1297.602,2388
3298,16.509898,83.792651,317616.663,-1352,2392,3378415,3376437.146,17.102411,83.764246,-1297.481,2388
3299,16.479751,83.785604,317615.971,-1351,2392,3378415,3376437.683,16.945563,83.763737,-1307.576,2387
3300,16.449873,83.778603,317615.283,-1348,2392,3378417,3376438.216,17.075723,83.748500,-1291.853,2387
3301,16.419858,83.771552,317614.588,-1345,2391,3378417,3376438.754,16.903992,83.748769,-1304.999,2387
3302,16.390111,83.764547,317613.897,-1342,2390,3378417,3376439.289,16.911995,83.739836,-1302.684,2387
3303,16.360228,83.757493,317613.200,-1341,2390,3378417,3376439.829,16.863707,83.732612,-1301.739,2387
3304,16.330612,83.750485,317612.506,-1338,2390,3378419,3376440.365,16.807009,83.727007,-1303.003,2387
3305,16.300860,83.743428,317611.806,-1334,2389,3378419,3376440.906,16.822435,83.725547,-1299.948,2387
3306,16.271373,83.736417,317611.110,-1336,2389,3378420,3376441.444,16.821900,83.710282,-1295.624,2387
3307,16.241752,83.729357,317610.408,-1332,2389,3378420,3376441.987,16.810788,83.702281,-1293.908,2387
3308,16.212394,83.722342,317609.709,-1329,2388,3378421,3376442.526,16.811275,83.693741,-1290.734,2387
3309,16.182902,83.715279,317609.005,-1325,2387,3378421,3376443.070,16.280650,83.711083,-1321.395,2387
3310,16.153671,83.708261,317608.304,-1324,2387,3378422,3376443.611,16.163600,83.708476,-1320.096,2386
3311,16.124308,83.701195,317607.597,-1320,2386,3378422,3376444.156,16.155918,83.701457,-1318.638,2386
3312,16.095205,83.694174,317606.893,-1319,2386,3378423,3376444.698,16.112788,83.694022,-1315.212,2386
3313,16.065969,83.687104,317606.184,-1316,2386,3378423,3376445.245,16.105177,83.687002,-1311.588,2385
3314,16.036993,83.680081,317605.478,-1311,2385,3378424,3376445.789,16.081218,83.678613,-1308.238,2384
3315,16.007884,83.673008,317604.766,-1310,2385,3378424,3376446.337,16.073657,83.671592,-1305.782,2384
3316,15.979034,83.665981,317604.057,-1308,2384,3378425,3376446.882,16.049794,83.663201,-1304.933,2384
3317,15.950051,83.658905,317603.343,-1309,2385,3378425,3376447.431,16.176008,83.648326,-1300.756,2384
3318,15.921325,83.651875,317602.632,-1309,2385,3378426,3376447.978,16.036212,83.648022,-1302.280,2383
3319,15.892468,83.644796,317601.915,-1308,2384,3378426,3376448.529,15.955544,83.642428,-1299.382,2383
3320,15.863867,83.637763,317601.202,-1306,2384,3378427,3376449.077,15.952182,83.638626,-1298.345,2383
3321,15.835134,83.630681,317600.482,-1302,2383,3378427,3376449.629,15.991290,83.624782,-1296.592,2383
3322,15.806656,83.623645,317599.766,-1301,2383,3378428,3376450.179,15.918686,83.618849,-1295.889,2382
3323,15.778047,83.616560,317599.044,-1299,2383,3378428,3376450.733,15.964088,83.609175,-1291.146,2382
3324,15.749500,83.609473,317598.321,-1295,2382,3378429,3376451.287,15.895255,83.603003,-1290.463,2381
3325,15.721205,83.602433,317597.602,-1294,2382,3378429,3376451.839,15.779058,83.601498,-1289.914,2381
3326,15.695068,83.595914,317596.935,-1290,2381,3378429,3376452.350,15.885684,83.587205,-1286.036,2381
3327,15.666700,83.588823,317596.208,-1289,2381,3378430,3376452.907,15.777095,83.585275,-1285.799,2380
3328,15.638583,83.581778,317595.485,-1290,2381,3378430,3376453.461,15.885095,83.570271,-1279.868,2380
3329,15.610336,83.574684,317594.755,-1287,2380,3378430,3376454.019,15.720573,83.571161,-1281.965,2380
3330,15.582340,83.567637,317594.030,-1287,2380,3378430,3376454.574,15.711225,83.563187,-1279.371,2379
3331,15.554214,83.560540,317593.298,-1284,2380,3378432,3376455.133,15.661829,83.556046,-1278.657,2379
3332,15.526337,83.553489,317592.570,-1281,2379,3378432,3376455.690,15.618923,83.549756,-1276.987,2378
3333,15.498331,83.546389,317591.836,-1280,2379,3378433,3376456.251,15.605802,83.541920,-1275.273,2378
3334,15.470573,83.539336,317591.105,-1278,2379,3378433,3376456.809,15.589168,83.534318,-1273.375,2378
3335,15.442687,83.532233,317590.369,-1276,2378,3378434,3376457.371,15.500216,83.531396,-1272.607,2378
3336,15.415046,83.525176,317589.636,-1275,2378,3378435,3376457.931,15.506098,83.522674,-1271.132,2378
3337,15.387279,83.518071,317588.897,-1271,2378,3378435,3376458.495,15.481992,83.515394,-1268.876,2377
3338,15.359756,83.511011,317588.161,-1271,2378,3378435,3376459.056,15.432077,83.509461,-1267.848,2377
3339,15.332106,83.503903,317587.420,-1270,2377,3378435,3376459.621,15.413129,83.500810,-1266.369,2377
3340,15.304700,83.496840,317586.682,-1270,2377,3378437,3376460.183,15.348523,83.495612,-1266.117,2377
3341,15.277168,83.489729,317585.938,-1269,2377,3378437,3376460.750,15.365514,83.486287,-1263.527,2376
3342,15.249878,83.482664,317585.197,-1266,2377,3378438,3376461.314,15.378935,83.477195,-1261.253,2376
3343,15.222461,83.475550,317584.451,-1265,2376,3378438,3376461.882,15.303288,83.472501,-1261.239,2376
3344,15.195287,83.468482,317583.708,-1263,2376,3378439,3376462.447,15.294567,83.464520,-1259.600,2376
3345,15.167986,83.461365,317582.959,-1263,2376,3378439,3376463.017,15.285683,83.456491,-1258.909,2375
3346,15.140926,83.454294,317582.214,-1262,2376,3378440,3376463.583,15.269618,83.448880,-1258.353,2375
3347,15.113741,83.447174,317581.462,-1262,2376,3378440,3376464.154,15.246029,83.441589,-1257.272,2375
3348,15.086795,83.440101,317580.714,-1261,2376,3378441,3376464.722,15.202597,83.439811,-1256.748,2375
3349,15.059723,83.432978,317579.960,-1259,2375,3378441,3376465.295,15.201220,83.431412,-1255.423,2375
3350,15.032890,83.425902,317579.210,-1258,2375,3378442,3376465.864,15.192668,83.423430,-1254.066,2375
3351,15.005933,83.418777,317578.454,-1257,2375,3378442,3376466.438,15.152205,83.415873,-1253.675,2374
3352,14.979212,83.411698,317577.701,-1259,2375,3378442,3376467.009,15.113358,83.407179,-1254.376,2375
3353,14.952368,83.404569,317576.942,-1258,2375,3378442,3376467.584,14.986840,83.408371,-1254.613,2374
3354,14.925759,83.397488,317576.187,-1254,2374,3378444,3376468.157,14.987700,83.395475,-1252.488,2374
3355,14.899027,83.390357,317575.426,-1255,2374,3378444,3376468.734,14.915547,83.391724,-1251.292,2374
3356,14.872529,83.383272,317574.668,-1253,2374,3378445,3376469.307,14.863383,83.385921,-1251.095,2374
3357,14.845908,83.376139,317573.904,-1252,2374,3378445,3376469.886,14.851444,83.378067,-1249.231,2373
3358,14.819521,83.369052,317573.144,-1249,2373,3378446,3376470.461,14.833774,83.369443,-1248.765,2373
3359,14.793011,83.361915,317572.378,-1249,2373,3378446,3376471.040,14.824167,83.362588,-1246.988,2373
3360,14.766557,83.354778,317571.610,-1247,2373,3378447,3376471.621,14.802741,83.354096,-1245.679,2373
3361,14.740334,83.347687,317570.846,-1245,2373,3378447,3376472.198,14.787452,83.346470,-1244.800,2372
3362,14.713990,83.340546,317570.076,-1245,2373,3378448,3376472.780,14.785211,83.339252,-1243.388,2372
3363,14.687876,83.333453,317569.310,-1243,2372,3378448,3376473.359,14.705814,83.333702,-1242.896,2372
3364,14.661640,83.326310,317568.538,-1244,2372,3378449,3376473.942,14.697781,83.325663,-1241.664,2372
3365,14.635635,83.319213,317567.769,-1243,2372,3378449,3376474.522,14.682671,83.318034,-1240.454,2372
3366,14.609508,83.312068,317566.994,-1241,2372,3378450,3376475.107,14.596973,83.314962,-1238.872,2371
3367,14.583610,83.304969,317566.223,-1239,2371,3378450,3376475.689,14.666884,83.302004,-1237.934,2371
3368,14.557591,83.297820,317565.445,-1238,2371,3378450,3376476.275,14.637189,83.295048,-1236.505,2371
3369,14.531800,83.290719,317564.672,-1238,2371,3378452,3376476.858,14.544726,83.292375,-1235.724,2371
3370,14.505888,83.283568,317563.892,-1235,2371,3378452,3376477.445,14.512996,83.284410,-1234.379,2370
3371,14.480204,83.276464,317563.116,-1235,2371,3378453,3376478.030,14.469231,83.278209,-1233.889,2371
3372,14.454399,83.269310,317562.333,-1234,2371,3378453,3376478.619,14.436223,83.271420,-1232.781,2370
3373,14.428819,83.262203,317561.555,-1232,2370,3378454,3376479.205,14.446804,83.262531,-1231.291,2370
3374,14.403120,83.255047,317560.770,-1231,2370,3378454,3376479.795,14.462973,83.254416,-1229.850,2370
3375,14.377646,83.247938,317559.989,-1230,2370,3378455,3376480.383,14.448273,83.246780,-1228.981,2370
3376,14.352052,83.240780,317559.202,-1229,2370,3378455,3376480.975,14.444229,83.238559,-1228.161,2370
3377,14.326682,83.233668,317558.418,-1230,2370,3378455,3376481.563,14.387856,83.231886,-1228.046,2369
3378,14.301193,83.226507,317557.628,-1230,2370,3378455,3376482.157,14.276036,83.229008,-1227.174,2369
3379,14.275927,83.219392,317556.842,-1227,2369,3378457,3376482.747,14.344214,83.217275,-1225.758,2369
3380,14.250542,83.212229,317556.050,-1226,2369,3378457,3376483.342,14.238382,83.215212,-1225.096,2369
3381,14.225379,83.205112,317555.262,-1225,2369,3378458,3376483.933,14.318668,83.201769,-1223.880,2369
3382,14.200097,83.197946,317554.467,-1224,2369,3378458,3376484.529,14.202330,83.200233,-1222.841,2368
3383,14.175037,83.190826,317553.676,-1224,2369,3378459,3376485.122,14.202349,83.191881,-1221.537,2368
3384,14.149858,83.183658,317552.879,-1223,2368,3378459,3376485.720,14.199296,83.185840,-1221.040,2368
3385,14.124899,83.176536,317552.086,-1222,2368,3378460,3376486.315,14.187926,83.175837,-1219.820,2368
3386,14.099823,83.169365,317551.286,-1221,2368,3378461,3376486.914,14.144962,83.169561,-1218.900,2368
3387,14.074966,83.162240,317550.490,-1219,2368,3378461,3376487.510,14.089436,83.162855,-1218.794,2368
3388,14.049991,83.155067,317549.688,-1218,2368,3378462,3376488.110,14.082290,83.154808,-1217.134,2367
3389,14.025234,83.147940,317548.890,-1217,2367,3378462,3376488.707,14.078885,83.146632,-1216.431,2367
3390,14.000361,83.140764,317548.085,-1217,2367,3378462,3376489.309,14.032641,83.140522,-1215.999,2367
3391,13.975704,83.133635,317547.285,-1218,2368,3378462,3376489.908,14.043512,83.131641,-1214.745,2367
3392,13.950931,83.126457,317546.478,-1217,2367,3378464,3376490.512,13.980848,83.130772,-1214.151,2367
3393,13.926373,83.119325,317545.675,-1214,2367,3378464,3376491.112,13.997649,83.117176,-1213.462,2367
3394,13.901700,83.112144,317544.865,-1216,2367,3378465,3376491.716,13.997732,83.108776,-1212.169,2366
3395,13.877242,83.105010,317544.059,-1214,2367,3378465,3376492.318,13.990903,83.100775,-1211.011,2366
3396,13.852668,83.097827,317543.247,-1213,2367,3378466,3376492.924,13.955642,83.094131,-1210.239,2366
3397,13.828308,83.090691,317542.439,-1212,2366,3378466,3376493.527,13.848426,83.092211,-1209.568,2366
3398,13.803832,83.083505,317541.625,-1209,2366,3378467,3376494.135,13.841617,83.084161,-1209.082,2366
3399,13.779570,83.076366,317540.814,-1211,2366,3378468,3376494.739,13.804706,83.076550,-1208.560,2366
3400,13.755193,83.069178,317539.997,-1208,2366,3378468,3376495.349,13.805013,83.068150,-1206.883,2365
3401,13.730864,83.061989,317539.179,-1207,2366,3378469,3376495.959,13.828483,83.059706,-1205.655,2365
3402,13.706748,83.054847,317538.365,-1207,2366,3378469,3376496.565,13.811333,83.052226,-1205.012,2365
3403,13.682517,83.047655,317537.544,-1205,2365,3378470,3376497.176,13.787026,83.045047,-1203.901,2365
3404,13.658497,83.040511,317536.728,-1207,2365,3378470,3376497.784,13.682619,83.044096,-1203.704,2365
3405,13.634362,83.033317,317535.904,-1205,2365,3378470,3376498.397,13.708632,83.031119,-1202.587,2365
3406,13.610438,83.026170,317535.085,-1206,2365,3378470,3376499.007,13.700224,83.029836,-1202.030,2364
3407,13.586400,83.018974,317534.260,-1204,2365,3378472,3376499.621,13.678094,83.015930,-1201.050,2364
3408,13.562570,83.011825,317533.438,-1202,2364,3378472,3376500.232,13.593169,83.012914,-1200.641,2364
3409,13.538628,83.004626,317532.610,-1202,2364,3378473,3376500.847,13.606683,83.007183,-1199.631,2364
3410,13.514893,82.997475,317531.786,-1200,2364,3378474,3376501.459,13.623871,82.993599,-1198.460,2364
3411,13.491045,82.990274,317530.955,-1200,2364,3378474,3376502.077,13.511123,82.991906,-1198.439,2364
3412,13.467405,82.983120,317530.129,-1201,2364,3378475,3376502.690,13.529370,82.982692,-1197.729,2364
3413,13.443651,82.975917,317529.296,-1198,2364,3378475,3376503.309,13.482687,82.975527,-1196.845,2363
3414,13.420104,82.968761,317528.467,-1198,2364,3378475,3376503.924,13.481992,82.968353,-1195.961,2363
3415,13.396445,82.961556,317527.632,-1196,2363,3378475,3376504.544,13.465255,82.960813,-1195.610,2363
3416,13.372991,82.954397,317526.800,-1196,2363,3378477,3376505.160,13.443278,82.952488,-1194.327,2363
3417,13.349425,82.947190,317525.962,-1196,2363,3378477,3376505.782,13.485645,82.942023,-1192.674,2363
3418,13.326064,82.940029,317525.129,-1196,2363,3378478,3376506.399,13.425976,82.937773,-1192.763,2363
3419,13.302590,82.932819,317524.288,-1196,2363,3378479,3376507.022,13.355407,82.931798,-1192.446,2363
3420,13.279321,82.925657,317523.452,-1195,2363,3378479,3376507.642,13.399872,82.922394,-1190.538,2362
3421,13.255940,82.918445,317522.609,-1194,2363,3378480,3376508.266,13.381386,82.913846,-1189.667,2362
3422,13.232762,82.911280,317521.770,-1193,2363,3378480,3376508.887,13.401521,82.905642,-1187.711,2362
3423,13.209473,82.904065,317520.925,-1192,2363,3378481,3376509.512,13.367744,82.898957,-1186.403,2362
3424,13.186385,82.896898,317520.084,-1191,2362,3378481,3376510.135,13.347985,82.891633,-1185.594,2362
3425,13.163187,82.889682,317519.236,-1191,2362,3378482,3376510.762,13.298616,82.884622,-1186.537,2362
3426,13.140190,82.882513,317518.392,-1190,2362,3378482,3376511.385,13.349736,82.874880,-1182.552,2361
3427,13.117083,82.875294,317517.542,-1189,2362,3378482,3376512.014,13.286720,82.868554,-1183.437,2361
3428,13.094176,82.868123,317516.696,-1189,2362,3378484,3376512.639,13.246499,82.862250,-1183.820,2361
3429,13.071159,82.860902,317515.843,-1187,2362,3378484,3376513.269,13.243974,82.854021,-1182.539,2361
3430,13.048341,82.853728,317514.995,-1186,2361,3378485,3376513.895,13.261784,82.852541,-1181.001,2361
3431,13.025414,82.846505,317514.139,-1185,2361,3378485,3376514.527,13.131262,82.844061,-1182.243,2361
3432,13.002685,82.839329,317513.288,-1187,2362,3378486,3376515.155,13.199080,82.831302,-1178.860,2361
3433,12.979846,82.832104,317512.431,-1185,2361,3378486,3376515.787,13.190482,82.827779,-1178.169,2361
3434,12.957206,82.824926,317511.577,-1186,2361,3378487,3376516.417,13.067799,82.821173,-1180.415,2360
3435,12.934456,82.817699,317510.717,-1185,2361,3378488,3376517.051,13.094696,82.812594,-1178.113,2360
3436,12.911903,82.810519,317509.861,-1183,2361,3378488,3376517.682,13.128840,82.805905,-1175.590,2360
3437,12.889242,82.803290,317508.998,-1184,2361,3378489,3376518.317,13.069702,82.797198,-1176.023,2360
3438,12.866776,82.796108,317508.140,-1183,2361,3378489,3376518.950,13.067541,82.789015,-1174.577,2360
3439,12.844202,82.788876,317507.275,-1181,2361,3378490,3376519.587,13.010762,82.783491,-1175.064,2360
3440,12.821823,82.781692,317506.414,-1179,2360,3378490,3376520.220,12.996614,82.774808,-1173.830,2359
3441,12.799336,82.774458,317505.547,-1178,2360,3378491,3376520.859,12.933197,82.769612,-1174.289,2359
3442,12.776893,82.767224,317504.678,-1178,2360,3378491,3376521.498,12.944627,82.760707,-1171.577,2359
3443,12.754644,82.760036,317503.813,-1177,2360,3378492,3376522.134,12.908677,82.754207,-1171.319,2359
3444,12.732287,82.752800,317502.942,-1176,2359,3378493,3376522.775,12.899770,82.746312,-1170.685,2359
3445,12.711769,82.746145,317502.140,-1175,2359,3378493,3376523.364,12.823335,82.743531,-1172.098,2359
3446,12.689644,82.738955,317501.272,-1176,2360,3378494,3376524.002,12.854008,82.737030,-1169.620,2359
3447,12.667413,82.731715,317500.397,-1175,2359,3378494,3376524.645,12.871724,82.723424,-1167.718,2359
3448,12.645373,82.724523,317499.526,-1174,2359,3378495,3376525.284,12.776987,82.720942,-1169.605,2358
3449,12.623227,82.717281,317498.649,-1174,2359,3378495,3376525.928,12.754742,82.713714,-1169.248,2358
3450,12.601271,82.710086,317497.776,-1172,2359,3378495,3376526.569,12.746191,82.705864,-1167.948,2358
3451,12.579210,82.702842,317496.896,-1172,2359,3378497,3376527.215,12.728969,82.697292,-1166.212,2358
3452,12.557338,82.695646,317496.021,-1171,2358,3378497,3376527.857,12.732358,82.689949,-1164.368,2358
3453,12.535361,82.688400,317495.138,-1169,2358,3378498,3376528.504,12.701727,82.682044,-1164.074,2358
3454,12.513573,82.681202,317494.261,-1169,2358,3378498,3376529.147,12.636091,82.677024,-1164.023,2357
3455,12.491679,82.673954,317493.376,-1167,2358,3378499,3376529.796,12.624193,82.669290,-1162.716,2357
3456,12.469974,82.666754,317492.496,-1164,2357,3378499,3376530.441,12.612466,82.661605,-1161.238,2357
3457,12.448164,82.659504,317491.608,-1164,2357,3378500,3376531.091,12.499910,82.658841,-1161.597,2357
3458,12.426541,82.652302,317490.726,-1163,2357,3378500,3376531.737,12.516925,82.650839,-1160.315,2356
3459,12.404814,82.645050,317489.836,-1161,2357,3378500,3376532.388,12.495133,82.643598,-1158.521,2356
3460,12.383273,82.637845,317488.951,-1160,2356,3378502,3376533.036,12.408125,82.638528,-1157.977,2356
3461,12.361628,82.630592,317488.058,-1161,2356,3378502,3376533.689,12.515535,82.628206,-1154.017,2356
3462,12.340169,82.623385,317487.171,-1158,2356,3378502,3376534.338,12.447015,82.621142,-1153.876,2355
3463,12.318605,82.616129,317486.276,-1159,2356,3378504,3376534.992,12.426979,82.612724,-1152.302,2355
3464,12.297227,82.608921,317485.386,-1155,2356,3378504,3376535.643,12.415536,82.605034,-1151.608,2355
3465,12.275746,82.601663,317484.489,-1154,2355,3378505,3376536.298,12.360625,82.599433,-1151.503,2355
3466,12.254448,82.594453,317483.597,-1154,2355,3378505,3376536.950,12.365926,82.590919,-1149.439,2354
3467,12.233048,82.587194,317482.697,-1152,2355,3378506,3376537.608,12.357759,82.583015,-1148.322,2354
3468,12.211830,82.579982,317481.802,-1152,2355,3378506,3376538.261,12.238337,82.581740,-1149.104,2354
3469,12.190510,82.572720,317480.900,-1151,2355,3378507,3376538.920,12.243619,82.573179,-1147.325,2354
3470,12.169373,82.565506,317480.003,-1148,2354,3378508,3376539.574,12.267426,82.567042,-1145.660,2354
3471,12.148132,82.558242,317479.098,-1148,2354,3378508,3376540.234,12.197855,82.558884,-1145.623,2354
3472,12.127074,82.551027,317478.198,-1148,2354,3378509,3376540.891,12.176767,82.551677,-1144.834,2354
3473,12.105914,82.543761,317477.291,-1146,2354,3378509,3376541.552,12.182092,82.543117,-1143.391,2353
3474,12.084935,82.536543,317476.389,-1146,2354,3378510,3376542.210,12.184235,82.534768,-1142.374,2353
3475,12.063853,82.529276,317475.479,-1145,2354,3378511,3376542.872,12.143236,82.528490,-1141.947,2353
3476,12.042952,82.522056,317474.575,-1144,2353,3378511,3376543.531,12.195031,82.519880,-1140.288,2353
3477,12.021950,82.514787,317473.663,-1145,2354,3378512,3376544.196,12.063219,82.514798,-1141.975,2353
3478,12.000986,82.507517,317472.749,-1144,2353,3378512,3376544.861,12.101632,82.504615,-1140.129,2353
3479,11.980203,82.500294,317471.841,-1143,2353,3378513,3376545.522,12.024765,82.504528,-1140.248,2353
3480,11.959317,82.493022,317470.925,-1143,2353,3378513,3376546.188,12.036770,82.491278,-1139.684,2352
3481,11.938611,82.485798,317470.015,-1143,2353,3378514,3376546.851,12.019304,82.483903,-1138.972,2352
3482,11.917803,82.478524,317469.096,-1142,2353,3378515,3376547.519,11.982012,82.481815,-1139.219,2352
3483,11.897174,82.471298,317468.183,-1141,2353,3378515,3376548.183,11.994188,82.468615,-1138.765,2352
3484,11.876444,82.464022,317467.263,-1142,2353,3378515,3376548.852,11.986520,82.460704,-1137.827,2352
3485,11.855891,82.456794,317466.347,-1140,2353,3378515,3376549.517,11.956051,82.458340,-1137.378,2352
3486,11.835237,82.449516,317465.424,-1140,2352,3378517,3376550.188,11.961538,82.445415,-1136.347,2352
3487,11.814760,82.442287,317464.506,-1140,2353,3378518,3376550.855,11.954062,82.437552,-1135.073,2352
3488,11.794183,82.435007,317463.580,-1138,2352,3378518,3376551.527,11.895764,82.433231,-1135.694,2352
3489,11.773782,82.427776,317462.660,-1139,2352,3378519,3376552.195,11.849134,82.427298,-1136.242,2352
3490,11.753281,82.420494,317461.732,-1139,2352,3378519,3376552.869,11.831849,82.419867,-1134.930,2351
3491,11.732954,82.413261,317460.809,-1137,2352,3378520,3376553.539,11.847371,82.410877,-1133.762,2352
3492,11.712529,82.405978,317459.878,-1137,2352,3378520,3376554.214,11.817080,82.404087,-1134.391,2352
3493,11.692278,82.398743,317458.953,-1139,2352,3378520,3376554.885,11.853709,82.397329,-1132.130,2351
3494,11.671927,82.391458,317458.020,-1138,2352,3378522,3376555.561,11.846244,82.389415,-1131.087,2351
3495,11.651750,82.384221,317457.092,-1139,2352,3378522,3376556.234,11.775590,82.381404,-1132.054,2351
3496,11.631475,82.376934,317456.156,-1139,2352,3378522,3376556.911,11.768219,82.373489,-1131.568,2351
3497,11.611372,82.369695,317455.226,-1137,2352,3378524,3376557.585,11.760998,82.365623,-1130.301,2351
3498,11.591171,82.362407,317454.288,-1138,2352,3378524,3376558.265,11.696928,82.359415,-1131.880,2351
3499,11.571141,82.355166,317453.355,-1137,2352,3378525,3376558.940,11.730263,82.350641,-1129.365,2351
3500,11.551014,82.347876,317452.415,-1136,2352,3378525,3376559.621,11.685768,82.343471,-1130.368,2351
3501,11.531058,82.340634,317451.480,-1136,2352,3378526,3376560.297,11.672185,82.335923,-1129.519,2351
3502,11.511004,82.333342,317450.537,-1136,2352,3378527,3376560.980,11.687573,82.326889,-1127.586,2351
3503,11.491121,82.326098,317449.599,-1135,2352,3378527,3376561.658,11.681832,82.326585,-1127.615,2351
3504,11.471140,82.318804,317448.654,-1136,2352,3378528,3376562.341,11.624866,82.313496,-1128.620,2351
3505,11.451329,82.311559,317447.714,-1135,2351,3378528,3376563.021,11.617836,82.305628,-1127.247,2350
3506,11.431421,82.304263,317446.766,-1133,2351,3378529,3376563.706,11.594584,82.298505,-1127.583,2350
3507,11.411682,82.297016,317445.824,-1133,2351,3378530,3376564.387,11.643841,82.288943,-1124.149,2351
3508,11.391847,82.289718,317444.873,-1134,2351,3378530,3376565.073,11.536916,82.288137,-1128.225,2350
3509,11.372180,82.282469,317443.928,-1134,2351,3378531,3376565.756,11.563891,82.275326,-1126.098,2350
3510,11.352416,82.275170,317442.976,-1134,2351,3378531,3376566.443,11.518077,82.273678,-1126.587,2350
3511,11.332820,82.267919,317442.028,-1134,2351,3378532,3376567.127,11.517602,82.265491,-1125.804,2350
3512,11.313127,82.260619,317441.073,-1134,2351,3378533,3376567.817,11.510583,82.257572,-1125.107,2350
3513,11.293603,82.253366,317440.123,-1133,2351,3378533,3376568.502,11.425428,82.250299,-1127.794,2350
3514,11.273981,82.246064,317439.166,-1133,2351,3378534,3376569.192,11.424915,82.242063,-1126.574,2350
3515,11.254527,82.238810,317438.213,-1134,2351,3378535,3376569.879,11.440518,82.233087,-1125.424,2350
3516,11.234976,82.231506,317437.253,-1132,2351,3378535,3376570.571,11.401660,82.226744,-1126.025,2350
3517,11.215592,82.224250,317436.298,-1132,2351,3378535,3376571.259,11.391579,82.221213,-1125.883,2350
3518,11.196112,82.216944,317435.336,-1132,2351,3378535,3376571.953,11.437263,82.211781,-1122.946,2350
3519,11.176667,82.209637,317434.372,-1132,2351,3378537,3376572.647,11.303213,82.205791,-1128.349,2350
3520,11.157387,82.202379,317433.414,-1131,2351,3378538,3376573.337,11.283491,82.202912,-1128.289,2350
3521,11.138012,82.195071,317432.448,-1131,2350,3378538,3376574.033,11.254461,82.196086,-1127.939,2350
3522,11.118802,82.187811,317431.487,-1129,2350,3378539,3376574.725,11.273695,82.182591,-1127.003,2350
3523,11.099496,82.180501,317430.518,-1130,2350,3378539,3376575.422,11.220818,82.178030,-1127.660,2350
3524,11.080354,82.173239,317429.555,-1130,2350,3378540,3376576.115,11.217274,82.172183,-1127.218,2350
3525,11.061118,82.165928,317428.584,-1129,2350,3378540,3376576.813,11.066004,82.172439,-1129.194,2350
3526,11.042044,82.158664,317427.618,-1128,2350,3378540,3376577.508,11.079149,82.159263,-1129.120,2350
3527,11.022876,82.151351,317426.644,-1130,2350,3378542,3376578.207,11.034108,82.157567,-1128.615,2350
3528,11.003871,82.144086,317425.676,-1129,2350,3378542,3376578.903,10.956801,82.149895,-1128.516,2350
3529,10.984772,82.136771,317424.700,-1129,2350,3378542,3376579.605,10.953596,82.141814,-1128.124,2350
3530,10.965834,82.129505,317423.729,-1129,2350,3378544,3376580.302,10.898411,82.135234,-1127.088,2350
3531,10.946803,82.122188,317422.751,-1128,2350,3378544,3376581.005,10.852396,82.130321,-1126.226,2349
3532,10.927932,82.114920,317421.778,-1127,2350,3378545,3376581.703,10.898580,82.118811,-1126.999,2349
3533,10.908968,82.107602,317420.797,-1127,2350,3378546,3376582.408,10.898600,82.110575,-1126.124,2349
3534,10.890165,82.100332,317419.821,-1126,2349,3378546,3376583.108,10.837068,82.106479,-1125.518,2349
3535,10.871268,82.093013,317418.838,-1127,2349,3378547,3376583.813,10.851483,82.096460,-1125.817,2349
3536,10.852532,82.085741,317417.860,-1125,2349,3378547,3376584.515,10.760287,82.092721,-1124.344,2349
3537,10.833702,82.078420,317416.874,-1125,2349,3378548,3376585.222,10.742961,82.086418,-1123.452,2349
3538,10.815032,82.071147,317415.894,-1126,2349,3378549,3376585.925,10.801620,82.074307,-1124.955,2349
3539,10.796268,82.063824,317414.905,-1124,2349,3378549,3376586.633,10.743433,82.069996,-1124.039,2349
3540,10.777664,82.056550,317413.922,-1124,2349,3378550,3376587.338,10.734305,82.062267,-1123.786,2349
3541,10.758967,82.049226,317412.932,-1124,2349,3378551,3376588.047,10.718792,82.054796,-1123.510,2349
3542,10.740428,82.041949,317411.946,-1124,2349,3378551,3376588.753,10.717062,82.049960,-1123.979,2349
3543,10.721797,82.034623,317410.953,-1124,2349,3378552,3376589.464,10.703638,82.039136,-1124.029,2349
3544,10.703323,82.027346,317409.965,-1125,2349,3378552,3376590.172,10.701596,82.036484,-1124.286,2349
3545,10.684758,82.020018,317408.970,-1126,2349,3378553,3376590.884,10.672572,82.026422,-1124.709,2349
3546,10.666349,82.012739,317407.979,-1124,2349,3378554,3376591.593,10.663555,82.018692,-1125.016,2349
3547,10.647848,82.005410,317406.981,-1125,2349,3378554,3376592.307,10.674560,82.011014,-1124.764,2349
3548,10.629504,81.998129,317405.989,-1126,2349,3378555,3376593.017,10.659317,82.003589,-1125.487,2349
3549,10.611068,81.990799,317404.988,-1126,2349,3378555,3376593.733,10.602405,81.994894,-1126.335,2349
3550,10.592788,81.983516,317403.993,-1126,2349,3378555,3376594.444,10.627739,81.985490,-1126.254,2349
3551,10.574417,81.976184,317402.990,-1128,2350,3378557,3376595.161,10.625609,81.982788,-1126.518,2349
3552,10.556201,81.968901,317401.992,-1129,2350,3378558,3376595.874,10.560025,81.972409,-1127.922,2349
3553,10.537894,81.961567,317400.987,-1129,2350,3378558,3376596.592,10.620406,81.964485,-1127.309,2349
3554,10.519741,81.954282,317399.987,-1130,2350,3378559,3376597.306,10.618406,81.961832,-1127.569,2350
3555,10.501498,81.946946,317398.979,-1130,2350,3378559,3376598.026,10.543568,81.951858,-1129.547,2350
3556,10.483408,81.939660,317397.976,-1129,2350,3378560,3376598.742,10.482045,81.946699,-1130.053,2350
3557,10.465228,81.932323,317396.966,-1131,2350,3378560,3376599.463,10.512430,81.933751,-1130.325,2350
3558,10.447202,81.925035,317395.961,-1131,2350,3378560,3376600.180,10.510471,81.931097,-1130.586,2350
3559,10.429085,81.917696,317394.948,-1132,2350,3378562,3376600.903,10.421544,81.925058,-1131.514,2350
3560,10.411121,81.910407,317393.941,-1132,2350,3378563,3376601.621,10.423098,81.920071,-1132.116,2350
3561,10.393067,81.903067,317392.926,-1133,2350,3378563,3376602.345,10.431863,81.908183,-1132.843,2350
3562,10.375044,81.895726,317391.909,-1134,2350,3378564,3376603.070,10.392216,81.901905,-1133.574,2350
3563,10.357174,81.888434,317390.898,-1135,2351,3378565,3376603.791,10.390303,81.899251,-1133.836,2350
3564,10.339213,81.881092,317389.879,-1136,2351,3378565,3376604.517,10.424685,81.889358,-1134.702,2351
3565,10.321404,81.873799,317388.866,-1137,2351,3378566,3376605.239,10.369318,81.878499,-1135.776,2351
3566,10.303506,81.866455,317387.844,-1138,2351,3378566,3376605.966,10.401515,81.871957,-1135.424,2351
3567,10.285759,81.859161,317386.828,-1138,2351,3378567,3376606.690,10.396921,81.867270,-1135.888,2351
3568,10.267922,81.851816,317385.804,-1140,2351,3378567,3376607.419,10.293327,81.854392,-1139.166,2351
3569,10.250236,81.844519,317384.786,-1140,2351,3378567,3376608.144,10.291454,81.851738,-1139.429,2351
3570,10.232460,81.837173,317383.760,-1142,2352,3378569,3376608.874,10.276227,81.838868,-1140.708,2351
3571,10.214835,81.829875,317382.739,-1142,2352,3378570,3376609.600,10.268658,81.834330,-1141.160,2352
3572,10.197120,81.822527,317381.710,-1144,2352,3378570,3376610.332,10.299845,81.824596,-1141.129,2352
3573,10.179555,81.815228,317380.687,-1145,2352,3378571,3376611.060,10.297975,81.821941,-1141.393,2352
3574,10.161901,81.807879,317379.656,-1146,2353,3378572,3376611.793,10.274110,81.814903,-1143.095,2352
3575,10.144396,81.800578,317378.630,-1148,2353,3378572,3376612.522,10.233370,81.802261,-1144.801,2352
3576,10.126803,81.793227,317377.596,-1150,2353,3378573,3376613.257,10.235767,81.800425,-1144.874,2352
3577,10.110654,81.786468,317376.645,-1151,2353,3378573,3376613.933,10.234769,81.792929,-1146.289,2352
3578,10.093236,81.779165,317375.616,-1152,2353,3378574,3376614.664,10.255088,81.784861,-1146.319,2353
3579,10.075730,81.771812,317374.578,-1156,2354,3378575,3376615.401,10.270895,81.775876,-1146.218,2353
3580,10.058372,81.764508,317373.547,-1158,2354,3378575,3376616.133,10.186511,81.771873,-1150.897,2353
3581,10.040926,81.757154,317372.507,-1161,2355,3378575,3376616.872,10.175029,81.764233,-1152.497,2354
3582,10.023627,81.749848,317371.473,-1164,2356,3378577,3376617.605,10.212234,81.754255,-1152.054,2354
3583,10.006240,81.742493,317370.431,-1168,2356,3378577,3376618.345,10.237113,81.744823,-1151.447,2354
3584,9.989000,81.735186,317369.394,-1171,2357,3378578,3376619.080,10.249948,81.736037,-1152.497,2355
3585,9.971672,81.727829,317368.349,-1173,2357,3378579,3376619.821,10.220309,81.729296,-1156.121,2355
3586,9.954490,81.720520,317367.311,-1176,2357,3378579,3376620.558,10.205944,81.721855,-1159.760,2356
3587,9.937222,81.713162,317366.263,-1181,2358,3378580,3376621.301,10.206582,81.713618,-1161.591,2356
3588,9.920098,81.705852,317365.222,-1183,2359,3378580,3376622.039,10.207334,81.705431,-1162.973,2357
3589,9.902887,81.698492,317364.172,-1184,2359,3378580,3376622.783,10.198927,81.697642,-1164.649,2357
3590,9.885821,81.691181,317363.129,-1186,2359,3378582,3376623.522,10.160543,81.691393,-1170.837,2358
3591,9.868669,81.683820,317362.077,-1188,2360,3378583,3376624.267,10.164227,81.683007,-1172.075,2359
3592,9.851661,81.676508,317361.030,-1189,2360,3378583,3376625.008,10.020632,81.681950,-1183.293,2359
3593,9.834567,81.669145,317359.976,-1190,2360,3378584,3376625.755,9.842567,81.681389,-1189.516,2360
3594,9.817615,81.661831,317358.927,-1193,2361,3378585,3376626.497,9.837645,81.673496,-1191.316,2360
3595,9.800579,81.654467,317357.870,-1194,2361,3378585,3376627.245,9.829609,81.665701,-1193.107,2360
3596,9.783571,81.647103,317356.812,-1197,2361,3378586,3376627.994,9.806558,81.658637,-1194.825,2361
3597,9.766705,81.639787,317355.760,-1197,2361,3378587,3376628.739,9.713867,81.651779,-1196.633,2361
3598,9.749754,81.632421,317354.699,-1199,2361,3378587,3376629.489,9.735980,81.642523,-1198.463,2361
3599,9.732945,81.625104,317353.644,-1201,2362,3378587,3376630.235,9.680186,81.637106,-1199.015,2361
3600,9.716051,81.617736,317352.581,-1203,2362,3378587,3376630.986,9.680207,81.633236,-1200.075,2362
3601,9.699298,81.610418,317351.524,-1203,2362,3378589,3376631.734,9.681450,81.625050,-1202.576,2362
3602,9.682460,81.603049,317350.459,-1205,2362,3378590,3376632.487,9.670603,81.617397,-1204.357,2362
3603,9.665764,81.595729,317349.399,-1208,2363,3378590,3376633.236,9.650915,81.610229,-1206.089,2363
3604,9.648982,81.588359,317348.331,-1212,2364,3378591,3376633.990,9.643101,81.602430,-1208.664,2363
3605,9.632341,81.581038,317347.269,-1212,2364,3378592,3376634.740,9.592393,81.595693,-1211.242,2364
3606,9.615616,81.573666,317346.198,-1214,2364,3378592,3376635.496,9.585850,81.588911,-1212.658,2364
3607,9.599030,81.566344,317345.134,-1217,2365,3378593,3376636.247,9.611020,81.579566,-1215.561,2364
3608,9.582360,81.558971,317344.061,-1221,2365,3378594,3376637.005,9.609223,81.571476,-1218.168,2365
3609,9.565830,81.551647,317342.994,-1222,2365,3378594,3376637.758,9.354451,81.564916,-1213.230,2365
3610,9.549215,81.544273,317341.919,-1223,2366,3378595,3376638.516,9.302270,81.559256,-1210.200,2365
3611,9.532740,81.536948,317340.849,-1225,2366,3378595,3376639.271,9.241334,81.554065,-1204.845,2364
3612,9.516181,81.529573,317339.772,-1226,2366,3378595,3376640.031,9.236914,81.546117,-1201.941,2364
3613,9.499760,81.522247,317338.700,-1226,2366,3378597,3376640.787,9.271247,81.536367,-1203.167,2363
3614,9.483255,81.514870,317337.620,-1223,2366,3378598,3376641.548,9.216323,81.530838,-1197.125,2363
3615,9.466889,81.507542,317336.545,-1222,2365,3378598,3376642.305,9.247649,81.521232,-1198.116,2362
3616,9.450439,81.500164,317335.463,-1220,2365,3378599,3376643.068,9.243235,81.513283,-1197.160,2362
3617,9.434126,81.492835,317334.386,-1217,2364,3378600,3376643.827,9.251936,81.505834,-1197.485,2362
3618,9.417730,81.485456,317333.301,-1213,2364,3378600,3376644.591,9.268230,81.496889,-1198.410,2361
3619,9.401472,81.478126,317332.222,-1210,2363,3378600,3376645.351,9.298731,81.489459,-1200.291,2361
3620,9.385130,81.470745,317331.134,-1208,2363,3378602,3376646.117,9.299436,81.488791,-1200.249,2362
3621,9.368925,81.463414,317330.053,-1208,2363,3378602,3376646.878,9.300998,81.480606,-1203.875,2362
3622,9.352637,81.456032,317328.963,-1209,2363,3378603,3376647.645,9.271801,81.472780,-1205.242,2362
3623,9.336485,81.448699,317327.879,-1212,2363,3378604,3376648.408,9.309891,81.463902,-1208.775,2363
3624,9.320251,81.441316,317326.786,-1214,2364,3378605,3376649.177,9.308383,81.455811,-1211.560,2363
3625,9.304152,81.433982,317325.700,-1218,2364,3378605,3376649.941,9.236396,81.451193,-1213.596,2364
3626,9.287970,81.426598,317324.605,-1220,2365,3378606,3376650.711,9.213233,81.443078,-1217.496,2365
3627,9.271924,81.419263,317323.516,-1224,2365,3378607,3376651.476,9.204254,81.436483,-1220.128,2365
3628,9.255796,81.411877,317322.419,-1229,2366,3378607,3376652.248,9.204640,81.427229,-1223.648,2365
3629,9.239802,81.404540,317321.327,-1232,2367,3378607,3376653.015,9.222071,81.419354,-1227.803,2366
3630,9.223726,81.397154,317320.228,-1235,2367,3378609,3376653.788,9.190213,81.411664,-1231.384,2367
3631,9.207785,81.389816,317319.134,-1239,2368,3378609,3376654.556,9.200633,81.403054,-1235.173,2367
3632,9.191762,81.382428,317318.032,-1244,2369,3378610,3376655.330,9.197440,81.396124,-1239.787,2368
3633,9.175872,81.375089,317316.935,-1247,2369,3378611,3376656.100,9.165794,81.388482,-1243.255,2369
3634,9.159901,81.367699,317315.831,-1253,2370,3378611,3376656.876,9.180150,81.380701,-1247.014,2369
3635,9.144063,81.360359,317314.732,-1258,2371,3378612,3376657.647,9.173038,81.372942,-1252.328,2370
3636,9.128144,81.352969,317313.625,-1267,2373,3378613,3376658.424,9.162917,81.365276,-1258.133,2371
3637,9.112357,81.345627,317312.524,-1274,2374,3378613,3376659.196,9.199498,81.355387,-1263.506,2372
3638,9.096490,81.338235,317311.414,-1283,2376,3378614,3376659.975,9.198095,81.347295,-1268.024,2373
3639,9.080648,81.330843,317310.303,-1290,2377,3378615,3376660.754,9.193788,81.339345,-1274.361,2374
3640,9.064938,81.323500,317309.199,-1308,2380,3378615,3376661.529,9.270829,81.327455,-1278.726,2376
3641,9.049148,81.316106,317308.086,-1311,2381,3378616,3376662.309,9.271121,81.318201,-1284.647,2377
3642,9.033489,81.308762,317306.978,-1333,2385,3378617,3376663.085,9.270894,81.311178,-1289.500,2378
3643,9.017750,81.301367,317305.863,-1346,2387,3378617,3376663.867,9.260749,81.303514,-1296.088,2379
3644,9.002141,81.294021,317304.753,-1388,2394,3378618,3376664.645,9.305616,81.293185,-1301.293,2381
3645,8.986453,81.286625,317303.635,-1420,2400,3378619,3376665.428,9.283917,81.286094,-1309.266,2382
3646,8.970894,81.279278,317302.523,-1461,2407,3378619,3376666.207,9.282543,81.278051,-1314.674,2383
3647,8.955256,81.271881,317301.402,-1490,2412,3378620,3376666.992,9.278184,81.270101,-1322.740,2385
3648,8.939748,81.264533,317300.288,-1528,2419,3378620,3376667.772,9.360242,81.257905,-1322.147,2387
3649,8.924160,81.257135,317299.165,-1569,2426,3378622,3376668.559,9.352947,81.250099,-1329.755,2388
3650,8.908702,81.249785,317298.048,-1607,2433,3378622,3376669.340,9.354381,81.241913,-1337.293,2390
3651,8.893164,81.242386,317296.923,-1634,2438,3378623,3376670.128,9.332761,81.234825,-1348.047,2392
3652,8.877755,81.235035,317295.803,-1654,2442,3378624,3376670.911,9.385775,81.224054,-1348.863,2394
3653,8.862267,81.227635,317294.675,-1664,2443,3378624,3376671.700,9.389926,81.215673,-1356.980,2396
3654,8.846908,81.220283,317293.554,-1672,2445,3378625,3376672.484,9.494159,81.202295,-1356.743,2399
3655,8.831470,81.212881,317292.423,-1683,2447,3378625,3376673.275,9.469666,81.195359,-1380.374,2403
3656,8.816159,81.205528,317291.299,-1691,2448,3378625,3376674.061,9.764092,81.172178,-1332.970,2408
3657,8.800770,81.198125,317290.166,-1703,2450,3378627,3376674.853,9.810417,81.161589,-1341.829,2413
3658,8.785509,81.190771,317289.040,-1715,2452,3378627,3376675.640,9.876566,81.150012,-1340.907,2418
3659,8.770168,81.183367,317287.905,-1724,2454,3378627,3376676.433,9.877381,81.141773,-1353.794,2421
3660,8.754956,81.176012,317286.776,-1739,2456,3378629,3376677.222,8.004135,81.216148,-1458.707,2422
3661,8.739664,81.168607,317285.638,-1744,2457,3378630,3376678.017,8.040276,81.205297,-1468.978,2422
3662,8.724500,81.161250,317284.507,-1737,2456,3378631,3376678.807,8.094660,81.194711,-1482.110,2422
3663,8.709257,81.153844,317283.366,-1732,2455,3378631,3376679.603,8.100007,81.186350,-1481.895,2421
3664,8.694141,81.146486,317282.233,-1720,2453,3378632,3376680.394,8.093966,81.178576,-1479.728,2420
3665,8.678946,81.139079,317281.090,-1704,2450,3378633,3376681.192,8.097421,81.171372,-1481.057,2420
3666,8.663878,81.131720,317279.954,-1686,2447,3378633,3376681.985,8.133357,81.160561,-1490.218,2420
3667,8.648731,81.124311,317278.809,-1662,2443,3378634,3376682.784,8.128190,81.153759,-1490.282,2420
3668,8.633711,81.116952,317277.670,-1639,2439,3378635,3376683.578,8.149730,81.143618,-1495.151,2420
3669,8.618612,81.109542,317276.522,-1617,2435,3378635,3376684.378,8.100740,81.137809,-1486.999,2419
3670,8.603639,81.102181,317275.381,-1601,2432,3378636,3376685.174,7.946224,81.136981,-1455.310,2418
3671,8.588588,81.094770,317274.231,-1595,2431,3378637,3376685.976,7.931678,81.129553,-1445.111,2416
3672,8.573662,81.087408,317273.088,-1594,2430,3378637,3376686.773,7.931520,81.121510,-1439.978,2415
3673,8.558659,81.079996,317271.935,-1594,2431,3378638,3376687.576,7.608604,81.128300,-1352.579,2413
3674,8.543779,81.072633,317270.790,-1598,2431,3378639,3376688.374,7.634450,81.119082,-1354.240,2411
3675,8.528823,81.065219,317269.635,-1589,2430,3378640,3376689.179,7.688676,81.108503,-1360.494,2409
3676,8.513991,81.057855,317268.486,-1579,2428,3378640,3376689.979,7.680182,81.100854,-1350.765,2407
3677,8.499082,81.050441,317267.329,-1574,2427,3378640,3376690.785,7.725701,81.090662,-1355.646,2405
3678,8.484296,81.043076,317266.178,-1562,2425,3378642,3376691.586,7.720034,81.082882,-1346.600,2403
3679,8.469433,81.035660,317265.018,-1555,2423,3378642,3376692.393,7.813684,81.070441,-1360.949,2401
3680,8.454594,81.028244,317263.857,-1542,2421,3378643,3376693.201,7.810691,81.062481,-1355.368,2400
3681,8.439878,81.020877,317262.703,-1534,2420,3378644,3376694.005,7.813466,81.054305,-1352.701,2399
3682,8.425085,81.013460,317261.540,-1511,2416,3378645,3376694.814,7.858592,81.044095,-1358.145,2398
3683,8.410415,81.006092,317260.383,-1501,2414,3378645,3376695.619,7.858488,81.036052,-1356.687,2397
3684,8.395668,80.998674,317259.217,-1475,2409,3378645,3376696.430,7.852637,81.028224,-1356.652,2397
3685,8.381044,80.991305,317258.058,-1465,2407,3378647,3376697.236,7.900502,81.017926,-1366.997,2397
3686,8.366343,80.983885,317256.889,-1456,2406,3378647,3376698.048,7.835418,81.012882,-1358.103,2396
3687,8.351764,80.976515,317255.728,-1442,2403,3378647,3376698.856,7.829695,81.005103,-1357.175,2396
3688,8.337109,80.969095,317254.557,-1435,2402,3378649,3376699.670,7.835146,80.996745,-1357.977,2396
3689,8.322575,80.961723,317253.393,-1430,2401,3378649,3376700.478,7.798485,80.990420,-1351.225,2395
3690,8.307966,80.954302,317252.219,-1430,2401,3378650,3376701.294,7.803953,80.982063,-1352.585,2395
3691,8.293477,80.946929,317251.053,-1433,2401,3378651,3376702.104,7.851622,80.971770,-1360.824,2394
3692,8.278913,80.939507,317249.877,-1434,2402,3378652,3376702.920,7.851419,80.963676,-1361.601,2394
3693,8.264470,80.932134,317248.708,-1433,2402,3378652,3376703.732,7.828891,80.956692,-1361.479,2394
3694,8.249951,80.924710,317247.530,-1433,2401,3378653,3376704.550,7.837107,80.948201,-1364.412,2394
3695,8.235552,80.917335,317246.359,-1432,2401,3378654,3376705.363,7.828615,80.940555,-1365.697,2394
3696,8.221078,80.909911,317245.178,-1430,2401,3378654,3376706.182,7.884347,80.933012,-1374.639,2394
3697,8.206723,80.902535,317244.005,-1427,2400,3378655,3376706.997,7.828336,80.924417,-1370.474,2394
3698,8.192294,80.895109,317242.822,-1425,2400,3378656,3376707.818,7.825358,80.916455,-1372.686,2395
3699,8.177983,80.887733,317241.645,-1424,2400,3378657,3376708.634,7.814113,80.908941,-1373.738,2395
3700,8.163598,80.880306,317240.460,-1425,2400,3378657,3376709.456,7.813949,80.910455,-1373.571,2395
3701,8.149332,80.872928,317239.281,-1425,2400,3378658,3376710.273,7.809213,80.894091,-1378.045,2395
3702,8.134991,80.865501,317238.093,-1424,2400,3378659,3376711.097,7.813688,80.894317,-1378.354,2395
3703,8.120769,80.858122,317236.912,-1424,2400,3378659,3376711.915,7.763537,80.885448,-1376.335,2395
3704,8.106472,80.850693,317235.722,-1421,2399,3378660,3376712.740,7.855989,80.870809,-1389.623,2396
3705,8.092294,80.843313,317234.538,-1420,2399,3378660,3376713.560,7.861458,80.868904,-1390.945,2396
3706,8.078041,80.835883,317233.346,-1421,2399,3378662,3376714.387,7.861234,80.860810,-1395.065,2396
3707,8.063905,80.828503,317232.160,-1423,2399,3378662,3376715.208,7.838936,80.853827,-1398.396,2397
3708,8.049696,80.821072,317230.965,-1424,2399,3378663,3376716.036,7.927289,80.841479,-1408.323,2397
3709,8.035604,80.813690,317229.776,-1423,2400,3378664,3376716.859,7.948267,80.831345,-1413.451,2398
3710,8.021438,80.806258,317228.579,-1425,2400,3378665,3376717.688,7.936920,80.823783,-1417.626,2399
3711,8.007389,80.798875,317227.388,-1429,2400,3378665,3376718.512,7.906373,80.817204,-1420.471,2399
3712,7.993267,80.791442,317226.188,-1431,2401,3378665,3376719.343,7.908860,80.808976,-1423.500,2400
3713,7.979260,80.784058,317224.995,-1433,2401,3378667,3376720.168,7.815913,80.806469,-1422.557,2400
3714,7.965181,80.776624,317223.792,-1433,2401,3378667,3376721.000,7.908408,80.792836,-1430.191,2401
3715,7.951217,80.769240,317222.597,-1436,2402,3378667,3376721.827,7.861476,80.787052,-1431.837,2401
3716,7.937180,80.761804,317221.392,-1438,2402,3378669,3376722.661,7.852996,80.779355,-1433.698,2402
3717,7.923259,80.754419,317220.194,-1442,2403,3378670,3376723.489,7.774103,80.776175,-1432.943,2402
3718,7.909265,80.746983,317218.986,-1443,2403,3378670,3376724.324,7.849891,80.763348,-1439.158,2402
3719,7.895386,80.739596,317217.786,-1444,2403,3378671,3376725.154,7.762900,80.760564,-1437.248,2402
3720,7.881434,80.732159,317216.576,-1445,2403,3378672,3376725.990,7.767323,80.747978,-1440.216,2403
3721,7.867504,80.724721,317215.365,-1446,2403,3378673,3376726.827,7.748016,80.734403,-1442.075,2403
3722,7.853688,80.717333,317214.161,-1446,2403,3378673,3376727.659,7.747949,80.732763,-1442.259,2403
3723,7.839799,80.709894,317212.947,-1446,2403,3378674,3376728.497,7.780607,80.719879,-1444.709,2403
3724,7.826025,80.702505,317211.741,-1448,2404,3378675,3376729.330,7.758683,80.716094,-1444.802,2403
3725,7.812179,80.695065,317210.525,-1448,2403,3378675,3376730.170,7.813093,80.705352,-1448.013,2403
3726,7.799466,80.688225,317209.406,-1449,2404,3378676,3376730.943,7.751305,80.700899,-1447.960,2404
3727,7.785752,80.680834,317208.196,-1452,2404,3378677,3376731.778,7.822081,80.692615,-1449.451,2404
3728,7.771967,80.673393,317206.976,-1455,2405,3378678,3376732.620,7.722037,80.690436,-1449.697,2404
3729,7.758294,80.666001,317205.764,-1458,2405,3378678,3376733.457,7.713838,80.682786,-1451.672,2404
3730,7.744550,80.658559,317204.542,-1460,2405,3378679,3376734.300,7.700119,80.675350,-1454.069,2405
3731,7.730919,80.651167,317203.327,-1461,2406,3378680,3376735.138,7.697385,80.667436,-1456.409,2405
3732,7.717216,80.643723,317202.103,-1462,2406,3378680,3376735.982,7.694563,80.659473,-1460.311,2406
3733,7.703626,80.636330,317200.885,-1467,2407,3378680,3376736.822,7.625802,80.653690,-1462.189,2406
3734,7.689964,80.628886,317199.659,-1470,2407,3378682,3376737.668,7.659194,80.645042,-1467.503,2407
3735,7.676414,80.621491,317198.439,-1472,2408,3378683,3376738.509,7.659208,80.636997,-1470.417,2407
3736,7.662793,80.614046,317197.210,-1475,2408,3378683,3376739.356,7.607678,80.631396,-1471.720,2408
3737,7.649284,80.606651,317195.987,-1478,2409,3378684,3376740.198,7.602321,80.623612,-1474.271,2408
3738,7.635704,80.599205,317194.756,-1480,2409,3378685,3376741.047,7.594177,80.615910,-1477.148,2409
3739,7.622235,80.591809,317193.531,-1481,2409,3378685,3376741.891,7.560932,80.608411,-1479.335,2409
3740,7.608695,80.584362,317192.297,-1483,2409,3378685,3376742.741,7.560934,80.600316,-1481.258,2409
3741,7.595267,80.576964,317191.070,-1487,2410,3378687,3376743.586,7.569120,80.591878,-1483.887,2410
3742,7.581767,80.569516,317189.834,-1489,2411,3378688,3376744.438,7.572687,80.584675,-1487.042,2410
3743,7.568378,80.562118,317188.604,-1490,2411,3378689,3376745.284,7.507229,80.578741,-1487.943,2411
3744,7.554919,80.554669,317187.365,-1492,2411,3378689,3376746.137,7.509966,80.570515,-1489.327,2411
3745,7.541570,80.547270,317186.133,-1495,2412,3378690,3376746.985,7.523547,80.561817,-1492.322,2411
3746,7.528151,80.539820,317184.892,-1497,2412,3378691,3376747.839,7.528949,80.553460,-1495.613,2412
3747,7.514841,80.532420,317183.658,-1500,2413,3378692,3376748.688,7.572891,80.544347,-1497.769,2412
3748,7.501462,80.524969,317182.414,-1504,2413,3378692,3376749.544,7.515666,80.537972,-1501.055,2412
3749,7.488192,80.517568,317181.177,-1507,2414,3378692,3376750.395,7.478245,80.531751,-1503.769,2413
3750,7.474852,80.510117,317179.931,-1510,2414,3378694,3376751.252,7.480986,80.523525,-1507.714,2414
3751,7.461621,80.502714,317178.692,-1514,2415,3378695,3376752.104,7.478456,80.515610,-1510.624,2414
3752,7.448320,80.495262,317177.443,-1516,2415,3378695,3376752.962,7.490079,80.508017,-1512.886,2415
3753,7.435128,80.487859,317176.202,-1521,2416,3378696,3376753.816,7.490217,80.499971,-1515.591,2415
3754,7.421867,80.480405,317174.951,-1523,2416,3378697,3376754.676,7.476048,80.491502,-1520.844,2416
3755,7.408714,80.473001,317173.707,-1529,2417,3378698,3376755.531,7.452175,80.484628,-1524.526,2417
3756,7.395492,80.465547,317172.453,-1529,2417,3378698,3376756.392,7.444251,80.476922,-1527.526,2417
3757,7.382289,80.458092,317171.198,-1533,2418,3378699,3376757.254,7.431863,80.470500,-1530.268,2418
3758,7.369194,80.450687,317169.951,-1538,2419,3378700,3376758.111,7.453348,80.461414,-1534.207,2418
3759,7.356030,80.443231,317168.694,-1541,2420,3378700,3376758.974,7.445439,80.453708,-1538.432,2419
3760,7.342974,80.435825,317167.444,-1546,2420,3378700,3376759.832,7.428800,80.445418,-1541.503,2420
3761,7.329848,80.428368,317166.184,-1553,2422,3378702,3376760.697,7.428891,80.437322,-1545.218,2420
3762,7.316830,80.420961,317164.932,-1559,2423,3378703,3376761.557,7.427267,80.430430,-1550.684,2421
3763,7.303743,80.413503,317163.669,-1565,2424,3378704,3376762.423,7.440617,80.421684,-1554.144,2422
3764,7.290763,80.406095,317162.415,-1572,2425,3378704,3376763.284,7.432834,80.414028,-1558.922,2423
3765,7.277714,80.398637,317161.150,-1579,2426,3378705,3376764.152,7.454095,80.404890,-1561.428,2424
3766,7.264772,80.391228,317159.893,-1586,2427,3378705,3376765.014,7.448957,80.397104,-1567.112,2425
3767,7.251761,80.383768,317158.626,-1592,2429,3378707,3376765.883,7.449024,80.389008,-1570.832,2426
3768,7.238857,80.376359,317157.366,-1600,2430,3378707,3376766.747,7.441257,80.381352,-1576.169,2427
3769,7.225884,80.368898,317156.097,-1603,2430,3378708,3376767.617,7.430773,80.373776,-1581.831,2428
3770,7.213017,80.361488,317154.835,-1610,2432,3378709,3376768.483,7.407208,80.366899,-1587.188,2428
3771,7.200082,80.354026,317153.563,-1614,2432,3378710,3376769.354,7.420479,80.358152,-1590.710,2429
3772,7.187252,80.346615,317152.299,-1618,2433,3378710,3376770.221,7.383791,80.351924,-1596.604,2430
3773,7.174355,80.339153,317151.024,-1621,2433,3378711,3376771.094,7.378643,80.344087,-1601.076,2431
3774,7.161563,80.331740,317149.758,-1624,2434,3378712,3376771.962,7.384106,80.335781,-1604.827,2432
3775,7.148703,80.324277,317148.481,-1625,2434,3378712,3376772.837,7.336923,80.330016,-1610.168,2432
3776,7.135947,80.316864,317147.212,-1626,2434,3378712,3376773.706,7.329283,80.322358,-1613.511,2433
3777,7.123124,80.309400,317145.932,-1627,2434,3378714,3376774.582,7.321566,80.314649,-1615.415,2433
3778,7.110406,80.301986,317144.661,-1627,2434,3378715,3376775.453,7.217359,80.302150,-1622.549,2434
3779,7.097620,80.294521,317143.379,-1627,2434,3378716,3376776.330,7.204503,80.294696,-1622.314,2434
3780,7.084939,80.287106,317142.105,-1626,2434,3378716,3376777.202,7.204844,80.286650,-1621.705,2434
3781,7.072190,80.279640,317140.821,-1624,2434,3378717,3376778.081,7.152403,80.287524,-1623.491,2434
3782,7.059545,80.272224,317139.545,-1625,2434,3378718,3376778.955,7.157561,80.271791,-1623.010,2434
3783,7.046833,80.264758,317138.258,-1626,2434,3378719,3376779.835,7.102970,80.266380,-1623.315,2434
3784,7.034224,80.257341,317136.979,-1626,2434,3378719,3376780.710,7.145981,80.257313,-1620.051,2433
3785,7.021548,80.249874,317135.690,-1627,2434,3378720,3376781.591,7.143307,80.255750,-1620.346,2433
3786,7.008976,80.242456,317134.409,-1626,2434,3378720,3376782.468,7.144052,80.241298,-1618.831,2433
3787,6.996337,80.234988,317133.118,-1627,2434,3378722,3376783.351,7.125306,80.233072,-1618.581,2433
3788,6.983800,80.227569,317131.834,-1625,2434,3378722,3376784.228,7.121301,80.226307,-1617.604,2433
3789,6.971198,80.220100,317130.540,-1625,2434,3378723,3376785.113,7.121613,80.218210,-1617.563,2433
3790,6.958697,80.212681,317129.254,-1625,2434,3378724,3376785.992,7.074817,80.218868,-1619.596,2433
3791,6.946130,80.205211,317127.958,-1627,2434,3378725,3376786.877,7.071566,80.213077,-1620.060,2433
3792,6.933666,80.197790,317126.669,-1631,2435,3378725,3376787.758,7.067603,80.206310,-1622.307,2434
3793,6.921135,80.190320,317125.371,-1638,2436,3378725,3376788.645,7.057569,80.198724,-1625.429,2434
3794,6.908706,80.182899,317124.080,-1658,2440,3378727,3376789.527,7.044244,80.190289,-1634.097,2436
3795,6.896210,80.175427,317122.779,-1674,2442,3378728,3376790.415,7.185317,80.176312,-1638.648,2439
3796,6.883817,80.168005,317121.485,-1688,2445,3378729,3376791.299,7.183067,80.168394,-1652.785,2441
3797,6.871357,80.160533,317120.182,-1700,2447,3378729,3376792.188,7.303917,80.153214,-1651.732,2444
3798,6.858915,80.153060,317118.877,-1695,2446,3378730,3376793.079,6.775537,80.162640,-1685.942,2444
3799,6.846575,80.145636,317117.580,-1694,2446,3378731,3376793.964,6.829778,80.150932,-1683.337,2444
3800,6.834168,80.138163,317116.273,-1680,2443,3378732,3376794.856,6.827729,80.142962,-1675.510,2442
3801,6.821863,80.130739,317114.974,-1672,2442,3378732,3376795.743,6.873022,80.133801,-1669.715,2441
3802,6.809492,80.123264,317113.664,-1671,2442,3378732,3376796.636,6.899315,80.124442,-1665.945,2441
3803,6.797221,80.115839,317112.363,-1671,2442,3378734,3376797.524,6.915335,80.115638,-1663.442,2441
3804,6.784885,80.108364,317111.051,-1676,2443,3378735,3376798.419,6.931003,80.109985,-1660.674,2440
3805,6.772649,80.100938,317109.746,-1677,2443,3378736,3376799.309,6.934106,80.101812,-1660.764,2441
3806,6.760347,80.093462,317108.432,-1681,2443,3378736,3376800.205,6.934076,80.100121,-1660.967,2441
3807,6.748146,80.086035,317107.125,-1683,2444,3378737,3376801.096,6.947453,80.091441,-1661.896,2441
3808,6.735880,80.078558,317105.809,-1686,2444,3378738,3376801.993,6.963289,80.082583,-1662.403,2441
3809,6.723713,80.071131,317104.499,-1689,2445,3378739,3376802.885,6.950961,80.075170,-1665.293,2442
3810,6.711481,80.063653,317103.180,-1690,2445,3378739,3376803.784,6.948822,80.067200,-1667.946,2443
3811,6.699348,80.056225,317101.869,-1691,2445,3378740,3376804.678,6.877060,80.058467,-1675.413,2443
3812,6.687151,80.048746,317100.547,-1691,2445,3378741,3376805.578,6.839631,80.056490,-1677.873,2443
3813,6.675052,80.041317,317099.233,-1691,2445,3378742,3376806.473,6.855585,80.047688,-1677.932,2444
3814,6.662889,80.033838,317097.909,-1692,2445,3378743,3376807.375,6.799794,80.042360,-1682.797,2444
3815,6.650824,80.026408,317096.593,-1693,2445,3378743,3376808.271,6.759494,80.036323,-1685.525,2444
3816,6.638695,80.018928,317095.266,-1694,2446,3378744,3376809.174,6.749841,80.028728,-1686.996,2445
3817,6.626665,80.011497,317093.948,-1697,2446,3378745,3376810.072,6.739530,80.020157,-1689.142,2445
3818,6.614570,80.004016,317092.619,-1702,2447,3378745,3376810.977,6.751077,80.012585,-1691.057,2446
3819,6.602573,79.996585,317091.298,-1708,2448,3378745,3376811.876,6.782331,80.003033,-1691.100,2446
3820,6.590512,79.989103,317089.966,-1712,2449,3378747,3376812.782,6.775236,79.995313,-1694.256,2446
3821,6.578548,79.981671,317088.643,-1721,2450,3378748,3376813.682,6.714009,79.989249,-1701.047,2447
3822,6.566521,79.974188,317087.309,-1729,2452,3378749,3376814.589,6.817106,79.977158,-1694.790,2447
3823,6.554591,79.966755,317085.983,-1739,2453,3378750,3376815.491,6.759257,79.972002,-1703.081,2448
3824,6.542597,79.959272,317084.647,-1762,2457,3378750,3376816.400,6.754737,79.964156,-1708.256,2449
3825,6.530700,79.951838,317083.318,-1793,2463,3378750,3376817.303,6.849239,79.951455,-1704.132,2450
3826,6.518739,79.944354,317081.980,-1835,2470,3378752,3376818.213,6.801576,79.945751,-1713.159,2451
3827,6.506876,79.936919,317080.649,-1873,2477,3378752,3376819.118,6.817374,79.936949,-1717.897,2453
3828,6.494948,79.929434,317079.308,-1900,2482,3378754,3376820.029,6.883648,79.925571,-1713.171,2454
3829,6.483118,79.921999,317077.975,-1914,2484,3378754,3376820.935,6.876602,79.917903,-1719.218,2455
3830,6.471224,79.914513,317076.631,-1909,2484,3378755,3376821.848,6.861909,79.910563,-1729.446,2456
3831,6.459426,79.907077,317075.296,-1904,2483,3378756,3376822.756,6.864982,79.902390,-1738.499,2458
3832,6.447564,79.899590,317073.950,-1894,2481,3378757,3376823.670,6.978830,79.888587,-1726.797,2460
3833,6.435799,79.892153,317072.612,-1891,2480,3378758,3376824.579,6.939015,79.882572,-1743.200,2462
3834,6.423971,79.884666,317071.264,-1886,2479,3378758,3376825.494,6.919293,79.875489,-1754.955,2464
3835,6.412238,79.877228,317069.923,-1892,2480,3378759,3376826.404,6.794026,79.873757,-1786.612,2466
3836,6.400443,79.869740,317068.573,-1898,2481,3378760,3376827.321,6.761843,79.867293,-1796.404,2467
3837,6.388742,79.862302,317067.230,-1905,2483,3378761,3376828.233,6.754922,79.859623,-1800.344,2468
3838,6.376979,79.854813,317065.877,-1909,2483,3378761,3376829.151,6.722806,79.853156,-1809.026,2469
3839,6.365311,79.847373,317064.531,-1921,2485,3378762,3376830.064,6.954808,79.823889,-1764.400,2470
3840,6.353581,79.839884,317063.176,-1935,2488,3378763,3376830.984,6.884390,79.818316,-1773.530,2469
3841,6.341866,79.832393,317061.819,-1957,2492,3378764,3376831.904,6.855329,79.815963,-1773.069,2468
3842,6.330246,79.824953,317060.470,-1975,2495,3378765,3376832.819,6.855384,79.814320,-1773.272,2468
3843,6.318564,79.817462,317059.111,-2000,2499,3378765,3376833.741,6.808339,79.808620,-1782.057,2468
3844,6.306976,79.810021,317057.760,-2012,2501,3378765,3376834.658,6.786421,79.801705,-1787.576,2469
3845,6.295326,79.802530,317056.398,-2041,2507,3378767,3376835.581,6.731975,79.796371,-1799.679,2470
3846,6.283770,79.795088,317055.044,-2059,2510,3378768,3376836.499,6.588667,79.785961,-1817.075,2470
3847,6.272151,79.787595,317053.680,-2076,2513,3378769,3376837.423,6.620833,79.785853,-1813.171,2470
3848,6.260627,79.780153,317052.324,-2092,2516,3378769,3376838.342,6.585882,79.778522,-1817.660,2470
3849,6.249040,79.772660,317050.958,-2099,2517,3378770,3376839.268,6.587588,79.768249,-1817.263,2470
3850,6.237547,79.765216,317049.599,-2101,2517,3378770,3376840.189,6.588005,79.763404,-1821.529,2472
3851,6.225993,79.757722,317048.231,-2103,2518,3378772,3376841.116,6.521401,79.758659,-1833.672,2472
3852,6.214531,79.750278,317046.870,-2106,2518,3378772,3376842.038,6.482340,79.752594,-1874.868,2479
3853,6.203008,79.742784,317045.498,-2108,2518,3378772,3376842.967,6.388453,79.749183,-1956.234,2492
3854,6.191577,79.735339,317044.135,-2103,2517,3378774,3376843.890,6.347015,79.743225,-1987.668,2498
3855,6.180085,79.727843,317042.761,-2095,2516,3378775,3376844.820,5.647546,79.758197,-1936.396,2498
3856,6.168686,79.720398,317041.396,-2074,2512,3378776,3376845.745,5.679005,79.748747,-1938.983,2497
3857,6.157225,79.712902,317040.020,-2087,2515,3378777,3376846.676,5.720318,79.738772,-1935.914,2495
3858,6.145857,79.705455,317038.651,-2057,2509,3378777,3376847.602,5.826437,79.725764,-1936.417,2491
3859,6.134428,79.697959,317037.273,-2173,2530,3378778,3376848.535,5.874980,79.715412,-1924.703,2488
3860,6.123090,79.690512,317035.902,-2241,2542,3378779,3376849.463,5.879396,79.708277,-1916.368,2486
3861,6.111691,79.683014,317034.521,-2369,2565,3378780,3376850.397,5.842116,79.704142,-1913.216,2486
3862,6.100385,79.675566,317033.148,-2414,2573,3378781,3376851.326,5.828058,79.704243,-1913.425,2487
3863,6.089017,79.668068,317031.765,-2421,2574,3378781,3376852.261,5.818708,79.695598,-1924.057,2488
3864,6.077741,79.660619,317030.390,-2424,2574,3378782,3376853.192,5.736782,79.689407,-1999.606,2504
3865,6.066404,79.653120,317029.004,-2392,2569,3378783,3376854.129,5.707710,79.685934,-2057.039,2514
3866,6.055158,79.645671,317027.626,-2393,2569,3378784,3376855.060,5.701662,79.678247,-2113.052,2524
3867,6.043852,79.638171,317026.238,-2339,2559,3378785,3376855.999,5.713488,79.666483,-2159.354,2532
3868,6.032636,79.630721,317024.858,-2272,2547,3378785,3376856.931,5.826734,79.645686,-2171.509,2531
3869,6.021360,79.623221,317023.467,-2247,2543,3378785,3376857.871,5.751330,79.641264,-2138.839,2526
3870,6.010175,79.615770,317022.085,-2195,2533,3378787,3376858.806,5.913165,79.625498,-2127.258,2522
3871,5.998929,79.608269,317020.692,-2139,2524,3378788,3376859.747,5.929106,79.616685,-2099.863,2517
3872,5.987774,79.600818,317019.307,-2107,2518,3378789,3376860.682,5.990069,79.606792,-2071.160,2511
3873,5.976559,79.593316,317017.911,-2079,2513,3378790,3376861.625,5.966555,79.599896,-2045.915,2507
3874,5.965434,79.585864,317016.524,-2042,2506,3378790,3376862.562,5.969537,79.590704,-2028.848,2504
3875,5.954248,79.578361,317015.126,-2033,2505,3378790,3376863.506,5.950984,79.583567,-2010.078,2500
3876,5.943153,79.570908,317013.736,-2016,2501,3378792,3376864.444,5.938092,79.577268,-2001.649,2499
3877,5.931998,79.563405,317012.336,-2002,2499,3378792,3376865.390,5.973556,79.567495,-1996.768,2498
3878,5.920932,79.555951,317010.944,-1997,2498,3378794,3376866.329,5.962467,79.560050,-1992.818,2497
3879,5.909806,79.548447,317009.541,-1996,2498,3378794,3376867.276,5.963565,79.551955,-1992.839,2497
3880,5.898770,79.540993,317008.147,-1996,2498,3378795,3376868.217,5.961303,79.550434,-1993.031,2497
3881,5.887674,79.533488,317006.741,-2000,2499,3378796,3376869.165,5.983282,79.543434,-1993.359,2497
3882,5.876593,79.525983,317005.335,-2001,2499,3378797,3376870.114,6.010417,79.528760,-1992.769,2498
3883,5.865601,79.518528,317003.937,-2006,2500,3378798,3376871.057,6.007497,79.526212,-1993.091,2498
3884,5.854550,79.511022,317002.528,-2009,2500,3378799,3376872.008,6.036524,79.514617,-1991.891,2498
3885,5.843587,79.503566,317001.128,-2012,2501,3378799,3376872.952,6.047381,79.506089,-1991.638,2498
3886,5.832565,79.496059,316999.716,-2019,2502,3378800,3376873.904,6.047941,79.501195,-1992.925,2499
3887,5.821632,79.488603,316998.314,-2024,2503,3378801,3376874.850,6.056339,79.492787,-1994.769,2499
3888,5.810639,79.481095,316996.900,-2027,2503,3378802,3376875.803,6.050052,79.485053,-2000.444,2500
3889,5.799734,79.473638,316995.495,-2034,2504,3378803,3376876.750,6.043848,79.477369,-2006.170,2501
3890,5.788771,79.466130,316994.079,-2036,2505,3378803,3376877.704,5.981688,79.472403,-2014.912,2502
3891,5.777895,79.458672,316992.671,-2040,2505,3378804,3376878.653,5.918225,79.461191,-2020.560,2502
3892,5.766960,79.451163,316991.252,-2052,2508,3378805,3376879.609,5.938593,79.447908,-2018.696,2503
3893,5.756113,79.443705,316989.842,-2052,2507,3378805,3376880.559,5.934910,79.440102,-2017.801,2502
3894,5.745208,79.436195,316988.421,-2049,2507,3378807,3376881.516,5.987499,79.430513,-2011.607,2502
3895,5.734389,79.428736,316987.009,-2048,2507,3378808,3376882.467,5.988623,79.422467,-2008.884,2502
3896,5.723512,79.421226,316985.586,-2049,2507,3378808,3376883.426,5.987253,79.414491,-2007.013,2502
3897,5.712723,79.413766,316984.171,-2051,2507,3378809,3376884.378,5.966632,79.407527,-2008.403,2502
3898,5.701874,79.406255,316982.745,-2055,2508,3378810,3376885.338,5.906683,79.401400,-2014.048,2502
3899,5.691113,79.398795,316981.328,-2051,2507,3378810,3376886.292,5.900620,79.393713,-2012.365,2502
3900,5.680293,79.391283,316979.899,-2047,2507,3378812,3376887.254,5.904139,79.385498,-2009.555,2501
3901,5.670358,79.384376,316978.585,-2044,2506,3378812,3376888.138,5.903714,79.378125,-2006.611,2501
3902,5.659638,79.376915,316977.164,-2035,2504,3378813,3376889.094,5.813968,79.375641,-2010.263,2500
3903,5.648859,79.369402,316975.733,-2033,2504,3378814,3376890.057,5.817545,79.367427,-2007.539,2500
3904,5.638168,79.361940,316974.310,-2028,2503,3378815,3376891.015,5.880704,79.355253,-1998.435,2500
3905,5.627418,79.354427,316972.876,-2021,2502,3378816,3376891.980,5.779052,79.353307,-2003.296,2499
3906,5.616754,79.346964,316971.450,-2019,2501,3378817,3376892.938,5.785122,79.345025,-1998.415,2499
3907,5.606032,79.339450,316970.013,-2015,2501,3378817,3376893.904,5.781501,79.337167,-1994.204,2498
3908,5.595396,79.331987,316968.585,-2012,2500,3378817,3376894.865,5.760530,79.329162,-1991.901,2497
3909,5.584702,79.324472,316967.147,-2008,2499,3378819,3376895.832,5.755153,79.322450,-1989.432,2497
3910,5.574094,79.317008,316965.716,-2005,2499,3378820,3376896.794,5.751631,79.314642,-1986.549,2496
3911,5.563428,79.309493,316964.275,-2001,2498,3378821,3376897.762,5.745025,79.305875,-1983.235,2496
3912,5.552848,79.302028,316962.842,-1999,2498,3378822,3376898.725,5.736726,79.298304,-1979.795,2495
3913,5.542209,79.294512,316961.398,-1997,2497,3378822,3376899.696,5.736161,79.291354,-1976.664,2495
3914,5.531657,79.287046,316959.963,-1995,2497,3378823,3376900.660,5.737440,79.283309,-1976.510,2495
3915,5.521046,79.279530,316958.517,-1997,2497,3378824,3376901.631,5.735103,79.277506,-1976.316,2495
3916,5.510521,79.272064,316957.079,-1998,2497,3378825,3376902.597,5.731688,79.273928,-1976.695,2495
3917,5.499938,79.264547,316955.631,-2003,2498,3378825,3376903.570,5.726968,79.268243,-1977.486,2495
3918,5.489369,79.257029,316954.181,-2011,2500,3378827,3376904.544,5.728794,79.261175,-1979.790,2496
3919,5.478884,79.249562,316952.740,-2016,2500,3378827,3376905.511,5.659082,79.253475,-1988.010,2496
3920,5.468342,79.242044,316951.288,-2041,2505,3378828,3376906.486,5.632952,79.248850,-1990.443,2497
3921,5.457885,79.234576,316949.844,-2069,2510,3378829,3376907.455,5.539561,79.246531,-2004.577,2499
3922,5.447371,79.227057,316948.390,-2106,2516,3378830,3376908.432,5.536139,79.238672,-2036.152,2504
3923,5.436940,79.219589,316946.944,-2172,2528,3378830,3376909.402,5.460740,79.233338,-2083.761,2513
3924,5.426453,79.212070,316945.487,-2241,2541,3378832,3376910.380,5.472252,79.225808,-2131.934,2521
3925,5.416050,79.204600,316944.038,-2259,2544,3378832,3376911.352,5.380891,79.222300,-2197.278,2533
3926,5.405590,79.197080,316942.579,-2310,2553,3378833,3376912.331,5.360931,79.215251,-2239.751,2540
3927,5.395213,79.189611,316941.128,-2367,2563,3378834,3376913.304,5.345823,79.208020,-2284.135,2548
3928,5.384780,79.182090,316939.666,-2392,2567,3378835,3376914.285,5.304516,79.202007,-2329.363,2557
3929,5.374430,79.174619,316938.213,-2404,2569,3378836,3376915.259,5.821892,79.158901,-2298.652,2558
3930,5.364024,79.167098,316936.749,-2424,2573,3378837,3376916.241,5.825367,79.150684,-2283.448,2556
3931,5.353701,79.159627,316935.293,-2428,2574,3378837,3376917.217,5.736262,79.146131,-2287.210,2554
3932,5.343321,79.152105,316933.827,-2421,2572,3378837,3376918.200,5.732718,79.138272,-2276.517,2552
3933,5.333024,79.144633,316932.369,-2395,2568,3378839,3376919.178,5.733965,79.130225,-2266.654,2551
3934,5.322671,79.137111,316930.900,-2389,2566,3378840,3376920.162,5.771078,79.121373,-2251.509,2550
3935,5.312401,79.129639,316929.439,-2365,2562,3378841,3376921.141,5.791116,79.112374,-2238.856,2549
3936,5.302074,79.122115,316927.968,-2362,2562,3378842,3376922.127,5.766379,79.105586,-2239.469,2548
3937,5.291830,79.114642,316926.505,-2343,2558,3378843,3376923.107,5.776992,79.097063,-2230.338,2548
3938,5.281530,79.107119,316925.031,-2335,2557,3378843,3376924.094,5.759341,79.089918,-2229.249,2547
3939,5.271313,79.099645,316923.566,-2338,2557,3378844,3376925.076,5.739437,79.082940,-2230.611,2547
3940,5.261039,79.092121,316922.090,-2348,2559,3378845,3376926.064,5.737218,79.081366,-2231.207,2547
3941,5.250847,79.084646,316920.622,-2367,2563,3378845,3376927.047,5.700397,79.078420,-2238.761,2547
3942,5.240599,79.077121,316919.144,-2392,2567,3378847,3376928.037,5.724418,79.068109,-2235.730,2548
3943,5.230434,79.069646,316917.674,-2415,2571,3378848,3376929.021,5.677061,79.063579,-2247.605,2549
3944,5.220212,79.062121,316916.193,-2440,2575,3378849,3376930.013,5.741469,79.052281,-2238.428,2550
3945,5.210072,79.054645,316914.720,-2455,2578,3378849,3376930.998,5.714622,79.045659,-2252.190,2552
3946,5.199877,79.047119,316913.237,-2491,2584,3378850,3376931.991,5.662013,79.040286,-2276.122,2554
3947,5.189763,79.039643,316911.762,-2520,2590,3378850,3376932.978,5.660951,79.032359,-2294.058,2558
3948,5.179593,79.032116,316910.276,-2549,2595,3378852,3376933.972,5.643471,79.025209,-2323.697,2563
3949,5.169505,79.024639,316908.799,-2576,2600,3378853,3376934.960,5.649424,79.016927,-2355.404,2569
3950,5.159361,79.017112,316907.311,-2595,2603,3378854,3376935.956,6.151028,78.975575,-2190.134,2571
3951,5.149298,79.009635,316905.831,-2607,2605,3378855,3376936.945,6.154123,78.974835,-2188.344,2571
3952,5.139180,79.002106,316904.341,-2623,2608,3378855,3376937.942,6.090441,78.966942,-2212.781,2571
3953,5.129142,78.994628,316902.859,-2638,2610,3378856,3376938.933,6.084034,78.962460,-2217.543,2573
3954,5.119050,78.987100,316901.366,-2663,2615,3378857,3376939.932,6.064069,78.955453,-2229.364,2574
3955,5.109037,78.979621,316899.881,-2684,2619,3378857,3376940.924,6.067351,78.947282,-2245.006,2578
3956,5.098970,78.972092,316898.386,-2702,2622,3378859,3376941.924,6.028913,78.941244,-2274.088,2581
3957,5.088984,78.964613,316896.899,-2720,2625,3378860,3376942.917,5.962825,78.936702,-2334.194,2587
3958,5.078942,78.957083,316895.401,-2729,2626,3378861,3376943.918,5.956853,78.928965,-2362.364,2593
3959,5.068913,78.949553,316893.902,-2733,2627,3378861,3376944.920,5.955511,78.920987,-2383.289,2597
3960,5.058964,78.942073,316892.412,-2730,2626,3378862,3376945.916,5.951931,78.913179,-2402.553,2601
3961,5.048960,78.934542,316890.910,-2726,2626,3378863,3376946.919,5.922900,78.906646,-2425.814,2604
3962,5.039036,78.927061,316889.418,-2718,2624,3378864,3376947.916,5.923959,78.898597,-2431.278,2605
3963,5.029057,78.919530,316887.914,-2698,2621,3378865,3376948.921,5.878843,78.892902,-2455.984,2607
3964,5.019158,78.912048,316886.419,-2685,2618,3378866,3376949.919,4.758697,78.930379,-2600.037,2606
3965,5.009204,78.904516,316884.912,-2681,2618,3378867,3376950.925,4.718705,78.924293,-2586.515,2605
3966,4.999330,78.897035,316883.415,-2675,2617,3378867,3376951.925,4.753136,78.914695,-2586.573,2603
3967,4.989401,78.889502,316881.906,-2670,2616,3378868,3376952.932,4.750327,78.906828,-2583.457,2603
3968,4.979551,78.882019,316880.406,-2669,2615,3378869,3376953.933,4.749126,78.902100,-2583.005,2603
3969,4.969647,78.874486,316878.895,-2667,2615,3378870,3376954.942,4.665986,78.894923,-2572.798,2602
3970,4.959822,78.867003,316877.393,-2659,2614,3378870,3376955.944,4.674889,78.886552,-2572.334,2602
3971,4.949943,78.859469,316875.879,-2658,2614,3378872,3376956.954,4.679083,78.878351,-2573.570,2602
3972,4.940142,78.851986,316874.375,-2656,2613,3378873,3376957.958,4.685648,78.870091,-2573.038,2601
3973,4.930287,78.844451,316872.859,-2655,2613,3378873,3376958.969,4.687515,78.862001,-2572.928,2601
3974,4.920511,78.836967,316871.352,-2652,2612,3378874,3376959.975,4.687134,78.854073,-2574.991,2601
3975,4.910681,78.829432,316869.834,-2652,2612,3378875,3376960.987,4.608187,78.849860,-2564.584,2601
3976,4.900929,78.821948,316868.324,-2651,2612,3378875,3376961.994,4.607860,78.841932,-2564.649,2600
3977,4.891124,78.814412,316866.803,-2650,2612,3378877,3376963.008,4.591323,78.834726,-2563.505,2600
3978,4.881396,78.806927,316865.292,-2646,2611,3378877,3376964.016,4.590688,78.831028,-2564.058,2600
3979,4.871615,78.799390,316863.769,-2645,2611,3378879,3376965.031,4.553766,78.820583,-2560.630,2600
3980,4.861911,78.791905,316862.254,-2645,2611,3378880,3376966.041,4.532750,78.813645,-2558.674,2600
3981,4.852154,78.784368,316860.729,-2645,2611,3378880,3376967.057,4.531579,78.808866,-2559.429,2600
3982,4.842474,78.776881,316859.212,-2642,2610,3378881,3376968.068,4.529644,78.807337,-2559.302,2600
3983,4.832741,78.769344,316857.684,-2639,2610,3378882,3376969.086,4.529304,78.799359,-2562.099,2601
3984,4.823086,78.761857,316856.165,-2636,2609,3378883,3376970.098,4.529518,78.792461,-2567.085,2601
3985,4.813377,78.754319,316854.635,-2632,2609,3378884,3376971.118,4.445861,78.782138,-2558.366,2602
3986,4.803745,78.746831,316853.114,-2631,2608,3378885,3376972.131,4.444310,78.776380,-2560.199,2602
3987,4.794060,78.739293,316851.581,-2628,2608,3378886,3376973.152,4.373745,78.768582,-2552.780,2602
3988,4.784452,78.731805,316850.057,-2629,2608,3378886,3376974.167,4.372312,78.768083,-2554.764,2603
3989,4.774791,78.724266,316848.522,-2632,2608,3378887,3376975.189,4.360611,78.760648,-2558.853,2604
3990,4.765207,78.716777,316846.996,-2636,2609,3378888,3376976.205,4.334762,78.752885,-2557.653,2604
3991,4.755569,78.709237,316845.458,-2642,2610,3378889,3376977.229,4.330443,78.746154,-2564.009,2605
3992,4.746008,78.701748,316843.930,-2650,2612,3378890,3376978.246,4.325721,78.738444,-2576.497,2607
3993,4.736395,78.694208,316842.390,-2650,2612,3378890,3376979.271,4.318185,78.729761,-2586.785,2609
3994,4.726857,78.686718,316840.859,-2657,2613,3378892,3376980.290,4.206427,78.728154,-2576.058,2611
3995,4.717267,78.679177,316839.317,-2686,2618,3378893,3376981.316,4.206307,78.720176,-2594.946,2614
3996,4.707753,78.671687,316837.783,-2724,2625,3378894,3376982.337,4.644251,78.691277,-2678.261,2617
3997,4.698187,78.664146,316836.239,-2784,2635,3378894,3376983.364,4.539429,78.684152,-2685.981,2619
3998,4.688696,78.656655,316834.703,-2849,2647,3378895,3376984.386,4.493284,78.682652,-2690.602,2621
3999,4.679153,78.649113,316833.156,-2862,2649,3378895,3376985.415,4.488409,78.674893,-2706.547,2623
4000,4.669685,78.641621,316831.618,-2863,2649,3378897,3376986.438,4.405793,78.669875,-2712.342,2626
4001,4.660166,78.634079,316830.068,-2865,2650,3378897,3376987.468,4.278146,78.667980,-2706.961,2629
4002,4.650657,78.626536,316828.518,-2863,2649,3378899,3376988.499,4.276158,78.661141,-2732.227,2633
4003,4.641224,78.619044,316826.976,-2861,2649,3378900,3376989.524,4.091347,78.660887,-2744.706,2642
4004,4.631739,78.611500,316825.423,-2857,2648,3378901,3376990.557,4.409331,78.637795,-2838.302,2647
4005,4.622330,78.604008,316823.879,-2857,2648,3378901,3376991.583,4.576894,78.612249,-2853.130,2647
4006,4.612868,78.596464,316822.323,-2856,2648,3378902,3376992.617,4.603629,78.602942,-2851.738,2647
4007,4.603481,78.588970,316820.777,-2852,2647,3378903,3376993.645,4.603972,78.601302,-2851.963,2647
4008,4.594042,78.581426,316819.219,-2854,2647,3378904,3376994.680,4.567122,78.599321,-2852.234,2647
4009,4.584677,78.573932,316817.670,-2865,2649,3378905,3376995.709,4.598411,78.589844,-2858.033,2648
4010,4.575261,78.566387,316816.110,-2877,2651,3378906,3376996.745,4.458061,78.588694,-2860.025,2649
4011,4.565920,78.558892,316814.559,-2884,2653,3378907,3376997.776,4.451044,78.581094,-2870.179,2651
4012,4.556526,78.551347,316812.996,-2891,2654,3378908,3376998.814,4.597259,78.565955,-2882.702,2653
4013,4.547208,78.543852,316811.442,-2894,2654,3378909,3376999.845,4.797323,78.543873,-2872.851,2653
4014,4.537837,78.536306,316809.877,-2896,2655,3378909,3377000.885,4.748119,78.535157,-2878.607,2653
4015,4.528541,78.528810,316808.321,-2896,2655,3378910,3377001.918,4.368707,78.542691,-2881.347,2653
4016,4.519193,78.521264,316806.754,-2893,2654,3378910,3377002.958,4.370705,78.534602,-2878.795,2653
4017,4.509919,78.513768,316805.195,-2891,2654,3378912,3377003.993,4.369672,78.529873,-2878.780,2652
4018,4.500593,78.506220,316803.625,-2888,2653,3378913,3377005.035,4.491467,78.512781,-2884.443,2652
4019,4.491342,78.498724,316802.065,-2883,2652,3378914,3377006.071,4.491192,78.504851,-2879.566,2651
4020,4.482039,78.491176,316800.492,-2879,2652,3378915,3377007.114,4.486374,78.497090,-2876.305,2651
4021,4.472810,78.483679,316798.929,-2875,2651,3378915,3377008.151,4.470428,78.489930,-2874.295,2651
4022,4.463529,78.476131,316797.355,-2873,2651,3378917,3377009.196,4.470103,78.481949,-2873.733,2650
4023,4.454322,78.468633,316795.789,-2873,2650,3378917,3377010.234,4.460896,78.474459,-2873.770,2650
4024,4.445064,78.461084,316794.212,-2873,2650,3378917,3377011.280,4.435646,78.471914,-2873.011,2650
4025,4.435879,78.453586,316792.644,-2872,2650,3378919,3377012.320,4.375426,78.462708,-2871.398,2650
4026,4.426643,78.446037,316791.065,-2871,2650,3378920,3377013.368,4.355528,78.456739,-2869.892,2650
4027,4.417480,78.438538,316789.495,-2870,2650,3378921,3377014.409,4.345947,78.448215,-2868.074,2650
4028,4.408266,78.430988,316787.913,-2868,2649,3378922,3377015.458,4.339011,78.440561,-2865.803,2649
4029,4.399125,78.423489,316786.340,-2867,2649,3378923,3377016.500,4.334374,78.432849,-2864.041,2649
4030,4.389933,78.415938,316784.756,-2868,2649,3378924,3377017.550,4.339056,78.425681,-2861.538,2648
4031,4.380813,78.408439,316783.181,-2866,2649,3378925,3377018.594,4.325517,78.418404,-2861.300,2648
4032,4.371643,78.400888,316781.594,-2865,2649,3378925,3377019.646,4.323060,78.410533,-2861.312,2648
4033,4.362546,78.393387,316780.017,-2865,2649,3378926,3377020.691,4.311311,78.402117,-2861.817,2648
4034,4.353398,78.385836,316778.428,-2865,2649,3378927,3377021.744,4.257740,78.396741,-2860.177,2648
4035,4.344322,78.378335,316776.848,-2866,2649,3378928,3377022.791,4.258978,78.391902,-2860.629,2648
4036,4.335196,78.370783,316775.256,-2866,2649,3378929,3377023.845,4.259297,78.390212,-2861.031,2648
4037,4.326142,78.363282,316773.674,-2867,2649,3378930,3377024.893,4.281699,78.371708,-2866.141,2649
4038,4.317037,78.355729,316772.080,-2868,2649,3378930,3377025.948,4.208766,78.368330,-2863.308,2649
4039,4.308004,78.348227,316770.496,-2869,2649,3378932,3377026.998,4.256976,78.356990,-2865.698,2649
4040,4.298921,78.340675,316768.900,-2868,2649,3378933,3377028.055,4.250141,78.349335,-2865.380,2649
4041,4.289910,78.333172,316767.313,-2868,2649,3378934,3377029.105,4.245186,78.345851,-2865.339,2649
4042,4.280849,78.325619,316765.714,-2869,2649,3378934,3377030.164,4.238365,78.338195,-2866.411,2649
4043,4.271798,78.318065,316764.114,-2869,2649,3378935,3377031.223,4.236021,78.335583,-2866.777,2649
4044,4.262819,78.310562,316762.524,-2869,2649,3378935,3377032.275,4.263213,78.317893,-2869.256,2649
4045,4.253789,78.303008,316760.922,-2869,2649,3378937,3377033.336,4.263014,78.309912,-2869.375,2649
4046,4.244831,78.295504,316759.329,-2869,2649,3378938,3377034.390,4.233751,78.302360,-2869.186,2649
4047,4.235824,78.287949,316757.724,-2869,2649,3378939,3377035.451,4.187273,78.296649,-2867.988,2649
4048,4.226887,78.280445,316756.129,-2868,2649,3378940,3377036.507,4.200404,78.288071,-2867.333,2649
4049,4.217900,78.272890,316754.522,-2867,2649,3378941,3377037.570,4.198043,78.280198,-2866.884,2649
4050,4.208984,78.265385,316752.924,-2867,2649,3378942,3377038.626,4.231395,78.271676,-2866.750,2648
4051,4.200019,78.257829,316751.315,-2867,2649,3378942,3377039.691,4.231213,78.263695,-2866.874,2649
4052,4.191124,78.250324,316749.715,-2867,2649,3378944,3377040.749,4.224500,78.256089,-2865.945,2648
4053,4.182179,78.242768,316748.103,-2868,2649,3378944,3377041.815,4.211187,78.254017,-2866.237,2648
4054,4.173306,78.235262,316746.501,-2869,2649,3378945,3377042.874,4.215425,78.240611,-2867.378,2648
4055,4.164382,78.227705,316744.887,-2871,2649,3378946,3377043.941,4.215742,78.238920,-2867.617,2649
4056,4.155529,78.220199,316743.282,-2873,2649,3378947,3377045.002,4.240643,78.231859,-2867.447,2649
4057,4.146627,78.212642,316741.665,-2875,2650,3378948,3377046.071,4.242136,78.217478,-2868.813,2649
4058,4.137794,78.205135,316740.058,-2876,2650,3378949,3377047.133,4.240319,78.215946,-2869.001,2649
4059,4.128913,78.197577,316738.439,-2878,2650,3378950,3377048.203,4.262456,78.207910,-2871.166,2650
4060,4.120101,78.190070,316736.830,-2881,2651,3378950,3377049.266,4.141553,78.204897,-2878.176,2650
4061,4.111240,78.182512,316735.208,-2886,2652,3378952,3377050.337,4.152801,78.197407,-2880.153,2651
4062,4.102449,78.175004,316733.597,-2890,2653,3378953,3377051.402,4.139170,78.189093,-2883.664,2651
4063,4.093609,78.167445,316731.973,-2891,2653,3378954,3377052.475,4.143850,78.181926,-2885.930,2652
4064,4.084838,78.159937,316730.359,-2891,2653,3378954,3377053.541,4.139412,78.174211,-2888.524,2652
4065,4.076019,78.152378,316728.732,-2891,2652,3378955,3377054.615,4.056836,78.160821,-2891.424,2652
4066,4.067269,78.144869,316727.116,-2891,2652,3378955,3377055.682,4.011038,78.155135,-2889.232,2652
4067,4.058470,78.137309,316725.487,-2889,2652,3378957,3377056.757,4.037137,78.145872,-2888.771,2652
4068,4.049740,78.129800,316723.868,-2890,2652,3378958,3377057.826,4.041485,78.137728,-2887.707,2652
4069,4.040962,78.122240,316722.237,-2888,2652,3378959,3377058.903,4.060115,78.131982,-2887.775,2652
4070,4.032252,78.114730,316720.616,-2889,2652,3378960,3377059.973,4.077928,78.118964,-2887.046,2652
4071,4.023494,78.107169,316718.983,-2890,2652,3378961,3377061.051,4.071318,78.111304,-2885.582,2651
4072,4.014805,78.099659,316717.359,-2891,2652,3378962,3377062.123,4.084309,78.102729,-2884.777,2651
4073,4.006067,78.092098,316715.723,-2892,2653,3378962,3377063.202,4.079871,78.094962,-2884.136,2651
4074,3.997398,78.084587,316714.097,-2893,2653,3378964,3377064.275,4.093704,78.093708,-2882.981,2651
4075,3.988680,78.077025,316712.459,-2896,2653,3378965,3377065.355,4.088395,78.089140,-2884.162,2651
4076,3.980031,78.069514,316710.831,-2900,2654,3378965,3377066.430,4.081850,78.081531,-2890.804,2652
4077,3.971334,78.061952,316709.190,-2900,2654,3378966,3377067.512,3.891250,78.072414,-2893.691,2653
4078,3.962705,78.054440,316707.559,-2899,2654,3378967,3377068.587,3.882671,78.064907,-2892.932,2653
4079,3.954027,78.046878,316705.917,-2899,2654,3378968,3377069.671,3.841992,78.059966,-2890.917,2653
4080,3.945418,78.039366,316704.283,-2902,2654,3378969,3377070.747,3.842105,78.052035,-2892.274,2653
4081,3.936761,78.031802,316702.638,-2905,2654,3378970,3377071.832,3.838140,78.050557,-2892.264,2653
4082,3.928172,78.024290,316701.003,-2907,2655,3378970,3377072.910,3.807579,78.043072,-2893.226,2653
4083,3.919534,78.016726,316699.355,-2909,2655,3378972,3377073.997,3.796321,78.039846,-2895.466,2654
4084,3.910907,78.009162,316697.706,-2909,2655,3378973,3377075.083,3.781282,78.032602,-2898.394,2654
4085,3.902347,78.001649,316696.067,-2910,2655,3378974,3377076.164,3.915770,78.008631,-2907.169,2655
4086,3.893740,77.994085,316694.416,-2912,2656,3378975,3377077.252,3.917924,78.000543,-2904.638,2654
4087,3.885200,77.986571,316692.774,-2911,2656,3378975,3377078.333,3.922285,77.992400,-2904.837,2654
4088,3.876612,77.979006,316691.120,-2910,2655,3378977,3377079.423,3.922214,77.989678,-2905.229,2654
4089,3.868092,77.971492,316689.477,-2910,2655,3378977,3377080.506,3.863287,77.987809,-2907.553,2655
4090,3.859523,77.963926,316687.821,-2922,2657,3378978,3377081.597,3.850418,77.980462,-2912.056,2655
4091,3.851023,77.956412,316686.174,-2926,2658,3378979,3377082.681,3.831174,77.973482,-2918.229,2657
4092,3.842474,77.948846,316684.516,-2923,2657,3378980,3377083.773,3.826931,77.965712,-2920.599,2657
4093,3.833993,77.941331,316682.867,-2922,2657,3378981,3377084.859,3.842673,77.947552,-2921.886,2657
4094,3.825464,77.933764,316681.207,-2922,2657,3378982,3377085.952,3.844859,77.939465,-2919.471,2657
4095,3.817001,77.926249,316679.556,-2920,2657,3378982,3377087.039,3.862090,77.930687,-2914.990,2656
4096,3.808492,77.918682,316677.892,-2916,2656,3378984,3377088.134,3.862118,77.922705,-2909.145,2655
4097,3.800049,77.911166,316676.239,-2910,2655,3378985,3377089.222,3.860063,77.914879,-2902.028,2653
4098,3.791559,77.903599,316674.574,-2904,2654,3378986,3377090.319,3.856226,77.908139,-2896.087,2653
4099,3.783135,77.896082,316672.918,-2899,2653,3378987,3377091.408,3.825994,77.900657,-2896.310,2652
4100,3.774665,77.888514,316671.250,-2899,2653,3378988,3377092.506,3.819637,77.892992,-2892.616,2652
4101,3.766260,77.880997,316669.592,-2898,2653,3378989,3377093.597,3.847892,77.884718,-2888.817,2651
4102,3.757809,77.873429,316667.922,-2897,2653,3378990,3377094.696,3.820100,77.883370,-2889.567,2651
4103,3.749423,77.865912,316666.261,-2899,2653,3378991,3377095.788,3.821832,77.879563,-2892.231,2652
4104,3.740991,77.858343,316664.588,-2904,2654,3378991,3377096.888,3.751120,77.874027,-2899.619,2653
4105,3.732625,77.850825,316662.926,-2909,2654,3378992,3377097.982,3.755532,77.865886,-2903.024,2654
4106,3.724211,77.843256,316661.250,-2913,2655,3378993,3377099.084,3.753493,77.858009,-2905.280,2654
4107,3.715864,77.835737,316659.585,-2915,2656,3378994,3377100.179,3.750712,77.848121,-2909.385,2655
4108,3.707470,77.828168,316657.908,-2916,2656,3378995,3377101.282,3.765009,77.832080,-2909.638,2655
4109,3.699141,77.820649,316656.240,-2916,2656,3378995,3377102.378,3.766348,77.827242,-2909.760,2655
4110,3.690766,77.813079,316654.560,-2917,2656,3378997,3377103.482,3.764583,77.825656,-2910.074,2655
4111,3.682456,77.805560,316652.891,-2919,2656,3378998,3377104.580,3.698652,77.814689,-2912.257,2655
4112,3.674100,77.797989,316651.208,-2920,2656,3378999,3377105.686,3.696108,77.811041,-2912.790,2655
4113,3.665809,77.790469,316649.536,-2921,2656,3379000,3377106.785,3.703439,77.804858,-2914.692,2655
4114,3.657472,77.782899,316647.851,-2919,2656,3379000,3377107.892,3.703556,77.796876,-2917.858,2656
4115,3.649199,77.775378,316646.177,-2924,2657,3379002,3377108.992,3.776354,77.775880,-2916.928,2656
4116,3.640880,77.767807,316644.490,-2928,2658,3379002,3377110.100,3.770479,77.769245,-2914.067,2656
4117,3.632627,77.760286,316642.813,-2922,2657,3379004,3377111.202,3.770605,77.761313,-2910.228,2655
4118,3.624327,77.752715,316641.123,-2918,2656,3379005,3377112.312,3.702691,77.755663,-2909.056,2654
4119,3.616092,77.745193,316639.444,-2921,2656,3379006,3377113.415,3.760247,77.745924,-2903.679,2654
4120,3.607810,77.737621,316637.752,-2921,2656,3379006,3377114.526,3.730395,77.738384,-2904.341,2654
4121,3.599593,77.730099,316636.071,-2920,2656,3379007,3377115.630,3.737533,77.737459,-2902.893,2654
4122,3.591331,77.722527,316634.376,-2920,2656,3379008,3377116.743,3.709035,77.727749,-2905.319,2654
4123,3.583741,77.715564,316632.817,-2920,2656,3379009,3377117.766,3.708885,77.723573,-2905.794,2654
4124,3.575496,77.707991,316631.121,-2920,2656,3379010,3377118.880,3.746609,77.707407,-2903.142,2654
4125,3.567316,77.700468,316629.435,-2919,2656,3379011,3377119.987,3.763563,77.698632,-2899.572,2654
4126,3.559089,77.692895,316627.736,-2917,2655,3379012,3377121.102,3.795141,77.689066,-2893.842,2654
4127,3.550927,77.685372,316626.047,-2914,2655,3379013,3377122.210,3.794645,77.690624,-2893.668,2654
4128,3.542718,77.677798,316624.346,-2912,2654,3379014,3377123.327,3.545024,77.684580,-2909.420,2654
4129,3.534574,77.670274,316622.655,-2908,2654,3379015,3377124.436,3.541083,77.676856,-2905.559,2653
4130,3.526384,77.662700,316620.951,-2907,2654,3379015,3377125.554,3.545487,77.668666,-2904.100,2653
4131,3.518258,77.655176,316619.258,-2912,2654,3379017,3377126.665,3.545164,77.664964,-2903.591,2653
4132,3.510086,77.647601,316617.552,-2916,2655,3379018,3377127.784,3.471714,77.665864,-2903.097,2653
4133,3.501979,77.640077,316615.856,-2921,2656,3379019,3377128.896,3.480409,77.657520,-2907.079,2654
4134,3.493825,77.632502,316614.148,-2924,2656,3379020,3377130.017,3.566955,77.646321,-2913.733,2655
4135,3.485735,77.624977,316612.449,-2929,2657,3379020,3377131.130,3.565102,77.638493,-2918.724,2656
4136,3.477600,77.617401,316610.739,-2933,2658,3379022,3377132.252,3.565288,77.630511,-2925.405,2657
4137,3.469528,77.609876,316609.038,-2935,2658,3379022,3377133.367,3.496126,77.624971,-2932.642,2658
4138,3.461410,77.602300,316607.325,-2938,2659,3379022,3377134.490,3.513876,77.606671,-2936.269,2658
4139,3.453356,77.594774,316605.622,-2940,2659,3379024,3377135.607,3.510511,77.606269,-2935.273,2658
4140,3.445256,77.587198,316603.907,-2944,2660,3379025,3377136.731,3.511855,77.601381,-2936.220,2659
4141,3.437220,77.579672,316602.201,-2947,2660,3379026,3377137.849,3.710853,77.574043,-2918.445,2659
4142,3.429139,77.572094,316600.483,-2945,2660,3379027,3377138.975,3.708859,77.566164,-2911.394,2658
4143,3.421120,77.564568,316598.776,-2945,2660,3379028,3377140.094,3.709002,77.558231,-2907.741,2657
4144,3.413056,77.556991,316597.056,-2943,2660,3379029,3377141.221,3.708448,77.559737,-2907.739,2657
4145,3.405055,77.549464,316595.346,-2944,2660,3379030,3377142.341,3.460896,77.557915,-2936.094,2658
4146,3.397009,77.541886,316593.623,-2943,2660,3379031,3377143.470,3.438257,77.551067,-2937.113,2658
4147,3.389026,77.534358,316591.911,-2942,2659,3379032,3377144.591,3.438331,77.548396,-2937.510,2658
4148,3.380998,77.526780,316590.186,-2943,2659,3379033,3377145.721,3.331377,77.536265,-2939.984,2659
4149,3.373032,77.519252,316588.471,-2943,2659,3379034,3377146.844,3.323442,77.528743,-2937.105,2658
4150,3.365022,77.511674,316586.743,-2942,2659,3379035,3377147.975,3.323768,77.520761,-2936.296,2658
4151,3.357073,77.504145,316585.026,-2941,2659,3379035,3377149.100,3.324505,77.513861,-2936.659,2658
4152,3.349080,77.496566,316583.297,-2940,2659,3379037,3377150.232,3.322754,77.505981,-2936.836,2658
4153,3.341150,77.489038,316581.577,-2939,2659,3379038,3377151.358,3.323131,77.498050,-2937.021,2658
4154,3.333174,77.481458,316579.845,-2938,2658,3379039,3377152.492,3.323174,77.495328,-2937.427,2658
4155,3.325261,77.473929,316578.123,-2939,2659,3379040,3377153.619,3.307981,77.485018,-2938.969,2658
4156,3.317303,77.466349,316576.389,-2940,2659,3379040,3377154.754,3.263790,77.476083,-2938.168,2658
4157,3.309407,77.458820,316574.665,-2941,2659,3379042,3377155.882,3.263545,77.472381,-2938.139,2658
4158,3.301466,77.451239,316572.928,-2942,2659,3379042,3377157.019,3.223563,77.463236,-2938.314,2659
4159,3.293587,77.443709,316571.201,-2943,2659,3379044,3377158.148,3.224695,77.457369,-2939.305,2659
4160,3.285664,77.436128,316569.462,-2943,2659,3379045,3377159.286,3.222309,77.447425,-2940.601,2659
4161,3.277749,77.428547,316567.721,-2944,2659,3379046,3377160.425,3.228529,77.438106,-2941.333,2659
4162,3.269896,77.421017,316565.991,-2944,2659,3379046,3377161.556,3.228955,77.430175,-2941.524,2658
4163,3.261999,77.413435,316564.249,-2943,2659,3379047,3377162.696,3.241692,77.421582,-2941.232,2658
4164,3.254163,77.405904,316562.516,-2941,2659,3379048,3377163.829,3.209153,77.415277,-2939.430,2658
4165,3.246283,77.398322,316560.771,-2941,2658,3379049,3377164.970,3.205419,77.407498,-2938.933,2658
4166,3.238464,77.390791,316559.036,-2941,2658,3379050,3377166.105,3.467248,77.387579,-2924.044,2658
4167,3.230601,77.383209,316557.289,-2941,2658,3379051,3377167.247,3.466676,77.389085,-2923.900,2658
4168,3.222799,77.375677,316555.552,-2944,2659,3379052,3377168.383,3.463793,77.378162,-2925.685,2658
4169,3.214953,77.368094,316553.802,-2949,2660,3379053,3377169.527,3.206071,77.385160,-2943.964,2659
4170,3.207168,77.360562,316552.062,-2953,2661,3379054,3377170.664,3.202397,77.377432,-2946.629,2659
4171,3.199339,77.352979,316550.310,-2956,2661,3379055,3377171.809,3.047026,77.378152,-2941.020,2660
4172,3.191571,77.345446,316548.568,-2960,2662,3379055,3377172.947,2.999978,77.371493,-2938.330,2660
4173,3.183759,77.337863,316546.813,-2961,2662,3379057,3377174.094,3.107222,77.351999,-2952.051,2661
4174,3.176007,77.330330,316545.069,-2959,2661,3379058,3377175.233,3.283826,77.335338,-2948.486,2660
4175,3.168212,77.322746,316543.312,-2957,2661,3379059,3377176.381,3.260951,77.326415,-2946.170,2659
4176,3.160477,77.315212,316541.566,-2955,2661,3379060,3377177.522,3.260412,77.327972,-2945.962,2660
4177,3.152699,77.307628,316539.806,-2952,2660,3379060,3377178.672,3.113159,77.319970,-2947.812,2659
4178,3.144981,77.300094,316538.057,-2949,2660,3379062,3377179.814,3.111597,77.312140,-2945.999,2659
4179,3.137219,77.292509,316536.295,-2948,2659,3379063,3377180.965,3.112365,77.305189,-2943.052,2658
4180,3.129518,77.284975,316534.544,-2944,2659,3379064,3377182.108,3.105705,77.294465,-2939.928,2658
4181,3.121773,77.277390,316532.780,-2941,2658,3379065,3377183.260,3.105110,77.289679,-2936.405,2657
4182,3.114089,77.269855,316531.026,-2940,2658,3379066,3377184.405,3.090306,77.279357,-2934.972,2657
4183,3.106360,77.262270,316529.260,-2937,2657,3379067,3377185.558,3.078518,77.271979,-2934.426,2657
4184,3.098692,77.254735,316527.504,-2941,2658,3379067,3377186.704,3.077984,77.267244,-2935.063,2657
4185,3.090980,77.247149,316525.735,-2948,2659,3379069,3377187.859,3.076034,77.264623,-2935.794,2657
4186,3.083329,77.239613,316523.977,-2955,2660,3379070,3377189.007,3.073824,77.254729,-2945.021,2659
4187,3.075633,77.232027,316522.205,-2959,2661,3379071,3377190.163,3.065799,77.246117,-2952.027,2660
4188,3.067998,77.224491,316520.445,-2957,2661,3379072,3377191.311,3.060201,77.238488,-2955.439,2660
4189,3.060319,77.216904,316518.671,-2957,2661,3379073,3377192.469,3.058621,77.230606,-2957.390,2661
4190,3.052700,77.209368,316516.908,-2959,2661,3379074,3377193.619,3.055064,77.222875,-2959.569,2661
4191,3.045038,77.201781,316515.132,-2965,2662,3379075,3377194.778,3.052457,77.218190,-2962.950,2662
4192,3.037435,77.194244,316513.366,-2970,2663,3379075,3377195.929,2.944521,77.206179,-2963.700,2662
4193,3.029789,77.186657,316511.588,-2973,2663,3379077,3377197.089,2.925732,77.202290,-2962.711,2662
4194,3.022203,77.179120,316509.820,-2974,2664,3379078,3377198.242,3.099502,77.182638,-2965.131,2662
4195,3.014573,77.171532,316508.040,-2974,2663,3379079,3377199.403,3.099922,77.174654,-2962.353,2662
4196,3.007003,77.163994,316506.269,-2971,2663,3379080,3377200.557,3.094329,77.167025,-2960.187,2661
4197,2.999389,77.156406,316504.486,-2971,2663,3379080,3377201.720,3.086670,77.159445,-2959.015,2661
4198,2.991835,77.148868,316502.714,-2971,2663,3379082,3377202.876,3.085127,77.151614,-2957.549,2661
4199,2.984238,77.141279,316500.928,-2970,2663,3379083,3377204.040,3.093623,77.143227,-2955.835,2661
4200,2.976700,77.133741,316499.154,-2969,2663,3379084,3377205.196,3.096440,77.142518,-2954.194,2661
4201,2.969118,77.126152,316497.366,-2969,2662,3379085,3377206.362,3.093494,77.136800,-2954.904,2661
4202,2.961596,77.118613,316495.589,-2966,2662,3379086,3377207.520,3.092283,77.130001,-2956.115,2661
4203,2.954031,77.111024,316493.798,-2966,2662,3379087,3377208.686,3.052075,77.123002,-2960.162,2661
4204,2.946474,77.103434,316492.007,-2970,2662,3379087,3377209.854,3.271036,77.095595,-2929.738,2661
4205,2.938976,77.095895,316490.226,-2968,2662,3379087,3377211.014,3.277416,77.087354,-2920.090,2660
4206,2.931435,77.088304,316488.432,-2966,2662,3379089,3377212.183,3.279722,77.079266,-2909.669,2658
4207,2.923952,77.080765,316486.649,-2962,2661,3379090,3377213.344,3.279199,77.080822,-2909.346,2658
4208,2.916427,77.073174,316484.853,-2958,2660,3379091,3377214.514,2.951312,77.079948,-2944.064,2658
4209,2.908961,77.065634,316483.068,-2960,2660,3379092,3377215.677,2.949781,77.078408,-2944.551,2658
4210,2.901452,77.058043,316481.269,-2967,2662,3379093,3377216.848,2.947232,77.073722,-2945.441,2658
4211,2.894001,77.050503,316479.482,-2969,2662,3379094,3377218.012,2.941761,77.066090,-2950.117,2659
4212,2.886507,77.042912,316477.681,-2969,2662,3379095,3377219.185,2.938250,77.058307,-2954.652,2660
4213,2.879072,77.035371,316475.891,-2970,2662,3379095,3377220.350,2.935907,77.041086,-2959.645,2660
4214,2.871595,77.027779,316474.087,-2969,2662,3379097,3377221.524,2.930402,77.033402,-2959.666,2660
4215,2.864175,77.020238,316472.295,-2969,2662,3379098,3377222.691,2.963935,77.026967,-2955.994,2660
4216,2.856713,77.012646,316470.489,-2971,2662,3379099,3377223.866,2.958418,77.019284,-2954.266,2660
4217,2.849309,77.005105,316468.694,-2971,2662,3379100,3377225.034,2.950959,77.011751,-2954.099,2660
4218,2.841863,76.997512,316466.886,-2972,2662,3379100,3377226.211,2.951061,77.009029,-2954.521,2660
4219,2.834474,76.989970,316465.089,-2972,2662,3379102,3377227.380,2.929704,76.995903,-2956.971,2660
4220,2.827044,76.982377,316463.279,-2973,2662,3379103,3377228.558,2.927494,76.992248,-2957.538,2660
4221,2.819671,76.974835,316461.480,-2972,2662,3379104,3377229.729,2.903067,76.988710,-2962.420,2661
4222,2.812256,76.967242,316459.667,-2970,2662,3379105,3377230.908,2.775729,76.979753,-2966.977,2661
4223,2.804898,76.959699,316457.865,-2968,2661,3379106,3377232.080,2.771764,76.969954,-2962.665,2660
4224,2.797499,76.952105,316456.050,-2965,2661,3379107,3377233.261,2.771285,76.965167,-2958.408,2660
4225,2.790157,76.944562,316454.246,-2963,2660,3379107,3377234.434,2.761659,76.956697,-2958.558,2660
4226,2.782773,76.936968,316452.428,-2962,2660,3379109,3377235.616,2.759499,76.953041,-2959.127,2660
4227,2.775446,76.929425,316450.622,-2965,2661,3379110,3377236.791,2.753868,76.944373,-2962.586,2660
4228,2.768077,76.921831,316448.802,-2966,2661,3379111,3377237.974,2.786414,76.928518,-2965.888,2661
4229,2.760765,76.914287,316446.993,-2967,2661,3379112,3377239.150,2.787039,76.920586,-2964.429,2661
4230,2.753412,76.906692,316445.171,-2964,2660,3379113,3377240.335,2.805475,76.911712,-2962.896,2660
4231,2.746116,76.899148,316443.360,-2964,2661,3379114,3377241.512,2.950790,76.896507,-2941.852,2659
4232,2.738778,76.891553,316441.535,-2964,2661,3379115,3377242.698,2.927501,76.889724,-2937.328,2658
4233,2.731496,76.884008,316439.722,-2964,2660,3379116,3377243.877,2.925354,76.886119,-2934.780,2657
4234,2.724174,76.876413,316437.895,-2966,2661,3379117,3377245.064,2.925774,76.884428,-2934.822,2657
4235,2.716907,76.868868,316436.079,-2965,2661,3379118,3377246.244,2.816332,76.871552,-2958.585,2660
4236,2.709600,76.861272,316434.249,-2966,2661,3379119,3377247.432,2.814905,76.863668,-2955.069,2659
4237,2.702349,76.853727,316432.431,-2966,2661,3379120,3377248.614,2.813838,76.856867,-2952.133,2659
4238,2.695056,76.846130,316430.600,-2965,2661,3379120,3377249.803,2.800252,76.848545,-2950.437,2658
4239,2.687820,76.838585,316428.779,-2965,2660,3379122,3377250.986,2.795119,76.848235,-2950.568,2658
4240,2.680543,76.830988,316426.945,-2966,2661,3379123,3377252.177,2.792655,76.843546,-2951.636,2659
4241,2.673322,76.823442,316425.122,-2966,2661,3379124,3377253.361,2.771250,76.835670,-2954.538,2659
4242,2.666059,76.815845,316423.286,-2965,2660,3379125,3377254.554,2.759988,76.828280,-2956.808,2659
4243,2.658853,76.808299,316421.460,-2965,2660,3379125,3377255.739,2.719672,76.817159,-2961.359,2660
4244,2.651606,76.800702,316419.622,-2965,2660,3379127,3377256.933,2.664210,76.808832,-2962.667,2660
4245,2.644366,76.793104,316417.782,-2967,2661,3379127,3377258.127,2.664842,76.800849,-2961.921,2660
4246,2.637182,76.785557,316415.953,-2967,2661,3379129,3377259.315,2.716374,76.789328,-2958.399,2659
4247,2.629957,76.777959,316414.111,-2967,2660,3379130,3377260.510,2.662216,76.785130,-2957.560,2659
4248,2.622788,76.770412,316412.280,-2965,2660,3379131,3377261.699,2.703864,76.774101,-2952.796,2658
4249,2.615578,76.762814,316410.435,-2964,2660,3379132,3377262.896,2.699777,76.770543,-2951.940,2658
4250,2.608423,76.755266,316408.602,-2964,2660,3379133,3377264.086,2.684725,76.763397,-2951.982,2658
4251,2.601228,76.747667,316406.755,-2965,2660,3379134,3377265.285,2.684870,76.760675,-2952.328,2658
4252,2.594088,76.740119,316404.919,-2965,2660,3379135,3377266.476,2.687493,76.752644,-2954.511,2659
4253,2.586908,76.732520,316403.069,-2965,2660,3379136,3377267.676,2.565842,76.741340,-2961.628,2659
4254,2.579783,76.724972,316401.231,-2963,2660,3379137,3377268.868,2.566570,76.733409,-2961.880,2659
4255,2.572617,76.717373,316399.379,-2963,2660,3379138,3377270.069,2.565290,76.725523,-2961.459,2659
4256,2.565506,76.709824,316397.539,-2961,2659,3379139,3377271.263,2.560143,76.717884,-2960.666,2659
4257,2.558355,76.702224,316395.685,-2960,2659,3379140,3377272.465,2.792412,76.701397,-2941.108,2658
4258,2.551259,76.694675,316393.842,-2959,2659,3379142,3377273.660,2.724047,76.694862,-2946.059,2658
4259,2.544122,76.687075,316391.986,-2957,2659,3379143,3377274.864,2.722374,76.685944,-2937.805,2657
4260,2.537041,76.679526,316390.140,-2955,2658,3379144,3377276.061,2.695691,76.679391,-2935.677,2656
4261,2.529919,76.671925,316388.282,-2953,2658,3379145,3377277.266,2.696129,76.677700,-2934.695,2656
4262,2.522852,76.664375,316386.434,-2950,2657,3379145,3377278.464,2.560732,76.671367,-2944.533,2656
4263,2.515744,76.656774,316384.573,-2948,2657,3379147,3377279.670,2.582851,76.662310,-2941.220,2656
4264,2.508691,76.649224,316382.723,-2947,2657,3379147,3377280.869,2.583557,76.654378,-2939.145,2655
4265,2.501598,76.641623,316380.860,-2946,2656,3379149,3377282.077,2.584215,76.646394,-2938.580,2655
4266,2.494560,76.634073,316379.007,-2945,2656,3379150,3377283.277,2.583347,76.646918,-2938.497,2655
4267,2.487481,76.626471,316377.142,-2944,2656,3379151,3377284.486,2.482175,76.634604,-2943.204,2656
4268,2.480457,76.618920,316375.287,-2942,2656,3379152,3377285.688,2.477101,76.626963,-2941.420,2655
4269,2.473393,76.611318,316373.419,-2940,2655,3379153,3377286.898,2.475873,76.619077,-2941.008,2655
4270,2.466383,76.603767,316371.562,-2942,2655,3379154,3377288.101,2.477763,76.615276,-2941.280,2655
4271,2.459333,76.596165,316369.691,-2945,2656,3379155,3377289.313,2.476001,76.612650,-2941.698,2655
4272,2.452338,76.588613,316367.832,-2949,2657,3379156,3377290.517,2.476763,76.604719,-2943.961,2656
4273,2.445302,76.581011,316365.959,-2951,2657,3379157,3377291.730,2.483580,76.597478,-2946.365,2656
4274,2.438320,76.573459,316364.098,-2952,2657,3379158,3377292.936,2.518620,76.578406,-2948.491,2657
4275,2.431299,76.565856,316362.222,-2953,2657,3379159,3377294.150,2.528988,76.569936,-2941.594,2656
4276,2.424332,76.558304,316360.358,-2950,2657,3379160,3377295.357,2.523906,76.562295,-2935.981,2654
4277,2.417324,76.550700,316358.481,-2945,2656,3379160,3377296.573,2.526519,76.554214,-2934.356,2654
4278,2.410371,76.543148,316356.615,-2941,2655,3379162,3377297.781,2.339321,76.554624,-2935.957,2654
4279,2.403378,76.535544,316354.735,-2935,2654,3379163,3377298.998,2.340377,76.547674,-2929.819,2653
4280,2.396438,76.527991,316352.866,-2931,2653,3379164,3377300.208,2.339274,76.539839,-2927.989,2653
4281,2.389459,76.520387,316350.984,-2931,2653,3379165,3377301.426,2.266338,76.534460,-2918.017,2652
4282,2.382534,76.512834,316349.113,-2931,2653,3379165,3377302.637,2.265276,76.526624,-2911.522,2650
4283,2.375569,76.505230,316347.228,-2931,2653,3379167,3377303.857,2.202359,76.521782,-2897.914,2649
4284,2.368657,76.497676,316345.355,-2931,2653,3379167,3377305.069,2.195541,76.514231,-2887.174,2647
4285,2.361706,76.490071,316343.468,-2931,2653,3379169,3377306.290,2.213771,76.505395,-2890.842,2647
4286,2.354809,76.482517,316341.592,-2933,2653,3379170,3377307.503,2.224572,76.498022,-2891.275,2647
4287,2.347871,76.474912,316339.703,-2934,2653,3379171,3377308.725,2.224012,76.492201,-2888.293,2646
4288,2.340941,76.467307,316337.812,-2935,2654,3379172,3377309.948,2.177834,76.483400,-2884.623,2646
4289,2.334064,76.459753,316335.933,-2936,2654,3379173,3377311.164,2.177222,76.484956,-2884.373,2646
4290,2.327148,76.452147,316334.040,-2940,2654,3379174,3377312.388,2.168719,76.478482,-2901.663,2650
4291,2.320285,76.444592,316332.159,-2942,2655,3379175,3377313.605,2.219417,76.467051,-2922.335,2652
4292,2.313382,76.436986,316330.263,-2941,2654,3379176,3377314.830,2.222181,76.458975,-2931.301,2653
4293,2.306533,76.429431,316328.380,-2946,2655,3379177,3377316.048,2.226475,76.441461,-2932.454,2653
4294,2.299644,76.421825,316326.482,-2945,2655,3379178,3377317.275,2.140907,76.437749,-2919.469,2652
4295,2.292809,76.414269,316324.596,-2942,2654,3379179,3377318.495,2.170625,76.428398,-2916.144,2651
4296,2.285934,76.406663,316322.696,-2940,2654,3379180,3377319.723,2.154482,76.422302,-2911.877,2650
4297,2.279111,76.399107,316320.807,-2945,2655,3379180,3377320.944,2.154763,76.419631,-2912.558,2650
4298,2.272250,76.391500,316318.905,-2954,2656,3379182,3377322.173,2.139403,76.416634,-2919.458,2652
4299,2.265442,76.383944,316317.014,-2960,2658,3379183,3377323.395,2.134578,76.408988,-2929.887,2654
4300,2.258594,76.376337,316315.110,-2970,2659,3379185,3377324.626,2.131629,76.401195,-2937.951,2655
4301,2.251799,76.368780,316313.216,-2970,2659,3379185,3377325.849,2.146849,76.388376,-2947.774,2656
4302,2.244965,76.361173,316311.309,-2978,2661,3379187,3377327.081,2.123869,76.385756,-2949.864,2657
4303,2.238183,76.353616,316309.414,-2977,2660,3379188,3377328.306,2.164696,76.374805,-2957.219,2658
4304,2.231363,76.346008,316307.505,-2976,2660,3379189,3377329.540,2.161734,76.367012,-2959.898,2658
4305,2.224595,76.338451,316305.607,-2970,2659,3379190,3377330.765,2.148882,76.350353,-2958.130,2657
4306,2.217788,76.330842,316303.695,-2966,2659,3379191,3377332.000,2.152420,76.345375,-2953.654,2656
4307,2.211033,76.323285,316301.795,-2966,2658,3379192,3377333.227,2.152815,76.335377,-2954.276,2656
4308,2.204239,76.315676,316299.881,-2971,2659,3379192,3377334.464,2.151908,76.335849,-2954.200,2657
4309,2.197498,76.308118,316297.978,-2974,2660,3379194,3377335.692,2.154719,76.327823,-2956.853,2657
4310,2.190718,76.300509,316296.062,-2974,2660,3379195,3377336.929,2.151768,76.320031,-2960.768,2658
4311,2.183990,76.292951,316294.157,-2970,2659,3379196,3377338.159,2.156079,76.302518,-2962.282,2658
4312,2.177223,76.285342,316292.238,-2969,2659,3379197,3377339.398,2.156932,76.294535,-2960.414,2657
4313,2.170508,76.277784,316290.331,-2961,2657,3379198,3377340.629,2.159728,76.286508,-2958.220,2657
4314,2.163755,76.270174,316288.410,-2960,2657,3379199,3377341.869,2.154881,76.278810,-2957.224,2656
4315,2.157053,76.262615,316286.501,-2958,2657,3379200,3377343.102,1.937398,76.281693,-2930.504,2655
4316,2.150313,76.255005,316284.577,-2961,2657,3379200,3377344.343,1.938372,76.273711,-2924.305,2653
4317,2.143625,76.247446,316282.665,-2964,2658,3379202,3377345.577,1.964063,76.264568,-2923.795,2653
4318,2.136898,76.239836,316280.740,-2966,2658,3379203,3377346.819,1.965020,76.256587,-2917.597,2651
4319,2.130223,76.232276,316278.825,-2970,2659,3379204,3377348.054,1.964398,76.258142,-2917.343,2651
4320,2.123509,76.224666,316276.897,-2973,2659,3379205,3377349.298,1.928610,76.248835,-2921.279,2653
4321,2.116847,76.217106,316274.981,-2973,2659,3379205,3377350.535,1.927733,76.240998,-2926.975,2654
4322,2.110146,76.209495,316273.050,-2972,2659,3379207,3377351.780,1.926812,76.233111,-2933.180,2654
4323,2.103497,76.201935,316271.132,-2970,2659,3379208,3377353.018,1.975581,76.216554,-2946.370,2655
4324,2.096810,76.194324,316269.199,-2969,2658,3379210,3377354.264,1.980304,76.208385,-2947.307,2655
4325,2.090173,76.186763,316267.278,-2970,2659,3379211,3377355.503,1.980124,76.203648,-2947.749,2655
4326,2.083499,76.179152,316265.342,-2965,2658,3379212,3377356.751,1.977088,76.203179,-2947.826,2656
4327,2.076876,76.171591,316263.419,-2964,2658,3379212,3377357.991,2.063919,76.186794,-2959.510,2657
4328,2.070215,76.163979,316261.481,-2970,2658,3379214,3377359.241,2.059397,76.180128,-2960.903,2657
4329,2.063560,76.156367,316259.543,-2974,2659,3379215,3377360.491,2.028733,76.175812,-2961.978,2657
4330,2.056956,76.148805,316257.616,-2975,2659,3379216,3377361.733,2.024275,76.169196,-2965.619,2658
4331,2.050314,76.141193,316255.675,-2973,2659,3379217,3377362.984,2.034271,76.151351,-2969.660,2658
4332,2.043723,76.133632,316253.745,-2973,2659,3379218,3377364.227,1.997588,76.145299,-2966.488,2658
4333,2.037094,76.126019,316251.802,-2970,2658,3379219,3377365.480,2.086612,76.131857,-2962.198,2657
4334,2.030516,76.118457,316249.870,-2965,2657,3379220,3377366.725,2.089402,76.123830,-2956.019,2656
4335,2.023900,76.110844,316247.924,-2960,2656,3379220,3377367.979,2.069617,76.116886,-2951.229,2655
4336,2.017335,76.103282,316245.991,-2959,2656,3379222,3377369.225,2.067774,76.113275,-2949.941,2655
4337,2.010732,76.095668,316244.042,-2959,2656,3379223,3377370.480,2.068011,76.110552,-2950.289,2655
4338,2.004179,76.088106,316242.106,-2961,2656,3379224,3377371.727,2.076431,76.102242,-2951.492,2655
4339,1.997589,76.080492,316240.156,-2964,2657,3379225,3377372.984,2.085044,76.094914,-2954.617,2656
4340,1.991049,76.072929,316238.217,-2968,2658,3379225,3377374.232,2.107675,76.082747,-2957.707,2656
4341,1.984471,76.065315,316236.264,-2972,2658,3379227,3377375.490,2.104780,76.074953,-2958.244,2656
4342,1.977944,76.057752,316234.323,-2976,2659,3379228,3377376.740,2.149034,76.058544,-2954.955,2657
4343,1.971379,76.050138,316232.368,-2979,2660,3379229,3377377.999,2.148398,76.060047,-2954.623,2657
4344,1.964864,76.042574,316230.425,-2982,2660,3379231,3377379.250,2.113764,76.053919,-2961.920,2658
4345,1.958312,76.034960,316228.468,-2981,2660,3379232,3377380.511,2.112736,76.046030,-2965.724,2658
4346,1.951810,76.027396,316226.522,-2980,2660,3379232,3377381.763,1.875902,76.039601,-2968.088,2658
4347,1.945270,76.019781,316224.562,-2977,2659,3379234,3377383.025,1.875006,76.031712,-2958.144,2656
4348,1.938781,76.012217,316222.614,-2971,2658,3379235,3377384.279,1.872986,76.027066,-2954.747,2655
4349,1.932254,76.004601,316220.652,-2965,2657,3379236,3377385.542,1.871158,76.023404,-2955.271,2655
4350,1.925777,75.997037,316218.702,-2962,2656,3379237,3377386.797,1.943464,76.005634,-2959.550,2656
4351,1.919262,75.989421,316216.737,-2960,2656,3379238,3377388.061,1.946254,75.997558,-2955.723,2655
4352,1.912798,75.981857,316214.785,-2960,2656,3379239,3377389.318,1.945361,75.989719,-2950.025,2654
4353,1.906296,75.974241,316212.818,-2958,2655,3379240,3377390.584,1.966746,75.980705,-2940.688,2652
4354,1.899844,75.966676,316210.863,-2951,2654,3379241,3377391.841,1.949110,75.973710,-2933.184,2651
4355,1.893354,75.959060,316208.894,-2948,2654,3379242,3377393.108,1.951649,75.964600,-2934.016,2651
4356,1.886914,75.951494,316206.937,-2953,2654,3379243,3377394.367,1.951042,75.966155,-2933.607,2651
4357,1.880437,75.943878,316204.965,-2961,2656,3379244,3377395.635,1.956814,75.954791,-2943.053,2653
4358,1.874010,75.936312,316203.006,-2965,2656,3379245,3377396.896,1.956631,75.950053,-2951.870,2654
4359,1.867545,75.928695,316201.032,-2968,2657,3379245,3377398.165,1.905829,75.945723,-2959.008,2655
4360,1.861130,75.921129,316199.070,-2970,2657,3379247,3377399.427,1.904957,75.937885,-2962.647,2656
4361,1.854678,75.913512,316197.094,-2969,2657,3379249,3377400.698,1.898480,75.930276,-2966.581,2657
4362,1.848275,75.905946,316195.130,-2970,2657,3379250,3377401.961,1.865640,75.913595,-2971.280,2657
4363,1.841835,75.898328,316193.151,-2972,2658,3379250,3377403.233,1.842534,75.906822,-2971.694,2657
4364,1.835444,75.890762,316191.185,-2971,2657,3379252,3377404.497,1.841695,75.898983,-2970.303,2657
4365,1.829016,75.883144,316189.204,-2970,2657,3379252,3377405.771,1.842663,75.891001,-2967.337,2656
4366,1.822638,75.875577,316187.235,-2968,2657,3379254,3377407.036,1.841824,75.883162,-2964.447,2656
4367,1.816222,75.867959,316185.252,-2968,2657,3379255,3377408.311,1.841863,75.879406,-2963.825,2656
4368,1.809813,75.860341,316183.267,-2972,2657,3379256,3377409.586,1.842363,75.877716,-2964.941,2656
4369,1.803452,75.852774,316181.295,-2974,2658,3379257,3377410.854,1.824905,75.870714,-2967.063,2657
4370,1.797055,75.845155,316179.308,-2971,2657,3379258,3377412.131,1.945257,75.846238,-2960.795,2656
4371,1.790707,75.837587,316177.334,-2970,2657,3379259,3377413.399,1.951728,75.838023,-2955.973,2656
4372,1.784322,75.829968,316175.344,-2969,2657,3379260,3377414.677,1.945263,75.830414,-2954.282,2655
4373,1.777986,75.822401,316173.368,-2969,2657,3379261,3377415.947,1.872834,75.827256,-2956.229,2655
4374,1.771613,75.814781,316171.376,-2969,2657,3379262,3377417.227,1.872183,75.828760,-2956.027,2655
4375,1.765289,75.807213,316169.397,-2967,2656,3379264,3377418.498,2.105646,75.804733,-2916.428,2655
4376,1.758928,75.799594,316167.403,-2965,2656,3379265,3377419.779,1.742147,75.813232,-2957.750,2655
4377,1.752615,75.792025,316165.421,-2963,2656,3379265,3377421.051,1.724145,75.803122,-2958.615,2655
4378,1.746267,75.784405,316163.425,-2963,2655,3379267,3377422.333,1.872093,75.787721,-2953.422,2655
4379,1.739966,75.776837,316161.441,-2964,2656,3379268,3377423.607,1.873323,75.789181,-2952.959,2655
4380,1.733629,75.769217,316159.443,-2967,2656,3379269,3377424.891,1.732682,75.787310,-2964.024,2656
4381,1.727341,75.761647,316157.457,-2973,2657,3379270,3377426.166,1.718387,75.777016,-2966.590,2656
4382,1.721016,75.754027,316155.456,-2976,2657,3379270,3377427.450,1.906804,75.753265,-2957.059,2656
4383,1.714739,75.746458,316153.468,-2979,2658,3379272,3377428.727,1.906863,75.749559,-2957.217,2656
4384,1.708426,75.738837,316151.464,-2982,2659,3379272,3377430.013,1.907348,75.747868,-2957.502,2657
4385,1.702162,75.731267,316149.474,-2981,2659,3379274,3377431.291,1.801944,75.735950,-2969.780,2657
4386,1.695861,75.723646,316147.468,-2981,2658,3379275,3377432.578,1.802909,75.727966,-2966.111,2656
4387,1.689608,75.716076,316145.475,-2983,2659,3379276,3377433.857,1.732400,75.722611,-2970.210,2656
4388,1.683318,75.708455,316143.467,-2980,2658,3379277,3377435.145,1.717616,75.718560,-2971.050,2656
4389,1.677077,75.700885,316141.472,-2979,2658,3379279,3377436.426,1.718164,75.716921,-2971.194,2657
4390,1.670799,75.693263,316139.462,-2979,2658,3379280,3377437.715,1.715738,75.710156,-2973.104,2657
4391,1.664570,75.685692,316137.464,-2980,2658,3379281,3377438.997,1.599801,75.698705,-2974.891,2657
4392,1.658304,75.678071,316135.451,-2980,2658,3379282,3377440.288,1.593358,75.690055,-2975.005,2657
4393,1.652086,75.670500,316133.451,-2980,2658,3379283,3377441.571,1.599943,75.681850,-2975.328,2657
4394,1.645832,75.662878,316131.436,-2978,2658,3379284,3377442.863,1.615806,75.674170,-2974.129,2657
4395,1.639626,75.655306,316129.434,-2978,2658,3379285,3377444.148,1.596649,75.666212,-2974.645,2657
4396,1.633384,75.647684,316127.417,-2978,2657,3379285,3377445.441,1.596741,75.662455,-2974.948,2657
4397,1.627189,75.640112,316125.412,-2978,2657,3379287,3377446.727,1.568085,75.652884,-2975.655,2657
4398,1.620958,75.632490,316123.393,-2980,2658,3379288,3377448.022,1.770999,75.634696,-2966.277,2656
4399,1.614775,75.624918,316121.386,-2978,2657,3379289,3377449.309,1.770191,75.626856,-2966.459,2657
4400,1.608556,75.617295,316119.364,-2982,2658,3379290,3377450.605,1.770685,75.625165,-2966.613,2657
4401,1.602384,75.609723,316117.354,-2985,2659,3379292,3377451.893,1.757618,75.620041,-2969.568,2657
4402,1.596177,75.602099,316115.330,-2986,2659,3379292,3377453.191,1.755184,75.613276,-2971.435,2658
4403,1.590017,75.594527,316113.319,-2985,2659,3379294,3377454.480,1.587357,75.604506,-2981.794,2658
4404,1.583821,75.586903,316111.292,-2982,2658,3379295,3377455.779,1.580953,75.595855,-2976.267,2657
4405,1.577672,75.579331,316109.278,-2976,2657,3379296,3377457.070,1.576830,75.589231,-2970.645,2656
4406,1.571488,75.571707,316107.249,-2970,2656,3379297,3377458.370,1.574061,75.580397,-2966.151,2655
4407,1.565351,75.564134,316105.233,-2967,2655,3379298,3377459.662,1.535329,75.574471,-2965.911,2655
4408,1.559178,75.556510,316103.202,-2969,2655,3379299,3377460.963,1.535433,75.570715,-2966.552,2655
4409,1.553010,75.548885,316101.170,-2972,2656,3379300,3377462.265,1.532331,75.569208,-2966.809,2655
4410,1.546890,75.541312,316099.150,-2976,2657,3379301,3377463.559,1.577844,75.554863,-2973.258,2656
4411,1.540734,75.533687,316097.115,-2979,2657,3379302,3377464.862,1.574320,75.551289,-2975.035,2656
4412,1.534625,75.526114,316095.093,-2982,2658,3379303,3377466.158,1.566386,75.543814,-2978.562,2657
4413,1.528481,75.518489,316093.056,-2985,2658,3379305,3377467.462,1.578285,75.535284,-2983.103,2658
4414,1.522383,75.510915,316091.032,-2987,2659,3379305,3377468.759,1.545015,75.519692,-2986.270,2658
4415,1.516250,75.503289,316088.992,-2986,2658,3379307,3377470.065,1.529648,75.511496,-2986.423,2658
4416,1.510164,75.495715,316086.966,-2986,2658,3379308,3377471.363,1.607295,75.503862,-2981.063,2658
4417,1.504042,75.488090,316084.924,-2986,2658,3379309,3377472.670,1.632684,75.490460,-2973.694,2657
4418,1.497967,75.480515,316082.895,-2985,2658,3379310,3377473.969,1.624748,75.482986,-2963.492,2655
4419,1.491857,75.472889,316080.851,-2985,2658,3379310,3377475.278,1.623972,75.475094,-2956.196,2654
4420,1.485793,75.465315,316078.820,-2986,2658,3379312,3377476.578,1.617845,75.467528,-2951.645,2653
4421,1.479693,75.457689,316076.773,-2985,2658,3379313,3377477.888,1.570565,75.463051,-2952.480,2652
4422,1.473641,75.450113,316074.740,-2984,2657,3379314,3377479.189,1.569858,75.455210,-2949.577,2652
4423,1.467553,75.442487,316072.691,-2984,2658,3379316,3377480.501,1.570366,75.453520,-2949.867,2652
4424,1.461511,75.434912,316070.655,-2982,2657,3379317,3377481.803,1.573248,75.445497,-2950.397,2652
4425,1.455434,75.427285,316068.604,-2981,2657,3379317,3377483.116,1.574921,75.440615,-2958.069,2654
4426,1.449403,75.419709,316066.566,-2975,2656,3379319,3377484.420,1.566409,75.430039,-2965.822,2655
4427,1.443338,75.412082,316064.513,-2975,2656,3379320,3377485.734,1.450310,75.424869,-2972.346,2655
4428,1.437318,75.404507,316062.472,-2976,2656,3379321,3377487.039,1.450670,75.422197,-2972.672,2655
4429,1.431263,75.396879,316060.416,-2979,2657,3379322,3377488.354,1.534319,75.401673,-2971.825,2656
4430,1.425255,75.389303,316058.374,-2981,2657,3379323,3377489.661,1.585290,75.390147,-2961.429,2655
4431,1.419211,75.381676,316056.316,-2981,2657,3379324,3377490.977,1.586319,75.382163,-2955.023,2654
4432,1.413214,75.374099,316054.270,-2982,2657,3379325,3377492.286,1.583814,75.374413,-2951.162,2653
4433,1.407181,75.366471,316052.210,-2984,2657,3379325,3377493.603,1.583896,75.370656,-2950.477,2653
4434,1.401195,75.358895,316050.163,-2984,2657,3379328,3377494.912,1.584439,75.369016,-2950.760,2653
4435,1.395173,75.351267,316048.100,-2982,2657,3379329,3377496.231,1.571186,75.361765,-2960.097,2655
4436,1.389197,75.343689,316046.050,-2980,2656,3379330,3377497.542,1.522642,75.349064,-2967.826,2655
4437,1.383187,75.336061,316043.985,-2976,2656,3379330,3377498.862,1.343144,75.348153,-2971.184,2655
4438,1.377222,75.328484,316041.933,-2971,2655,3379332,3377500.174,1.342358,75.339278,-2967.719,2654
4439,1.371222,75.320855,316039.866,-2973,2655,3379333,3377501.496,1.347267,75.332151,-2967.553,2654
4440,1.365268,75.313278,316037.811,-2974,2655,3379334,3377502.809,1.347640,75.329479,-2968.015,2654
4441,1.359280,75.305649,316035.742,-2974,2655,3379335,3377504.132,1.331742,75.326531,-2970.859,2655
4442,1.353336,75.298071,316033.685,-2976,2655,3379336,3377505.446,1.327591,75.318870,-2973.520,2655
4443,1.347359,75.290442,316031.613,-2981,2656,3379337,3377506.770,1.323405,75.311157,-2976.723,2656
4444,1.341426,75.282864,316029.554,-2980,2656,3379339,3377508.086,1.342431,75.292933,-2979.501,2656
4445,1.335459,75.275234,316027.480,-2979,2656,3379340,3377509.411,1.354624,75.286479,-2979.472,2656
4446,1.329537,75.267656,316025.419,-2981,2656,3379341,3377510.728,1.348888,75.279942,-2978.807,2656
4447,1.323581,75.260026,316023.342,-2979,2656,3379342,3377512.055,1.333466,75.269667,-2979.592,2656
4448,1.317670,75.252447,316021.278,-2980,2656,3379343,3377513.373,1.315129,75.262723,-2980.600,2656
4449,1.311725,75.244817,316019.200,-2981,2656,3379344,3377514.701,1.255776,75.256750,-2979.889,2656
4450,1.305824,75.237238,316017.134,-2982,2656,3379345,3377516.021,1.254200,75.253134,-2979.501,2656
4451,1.299890,75.229608,316015.052,-2984,2656,3379345,3377517.350,1.254734,75.251445,-2979.961,2656
4452,1.293960,75.221978,316012.970,-2987,2657,3379347,3377518.680,1.254143,75.243553,-2982.268,2656
4453,1.288076,75.214398,316010.901,-2990,2658,3379349,3377520.001,1.403916,75.217645,-2980.282,2657
4454,1.282157,75.206767,316008.816,-2992,2658,3379350,3377521.332,1.419355,75.209971,-2971.588,2655
4455,1.276284,75.199188,316006.744,-2988,2657,3379350,3377522.655,1.411649,75.202491,-2965.559,2654
4456,1.270376,75.191557,316004.657,-2989,2657,3379352,3377523.988,1.410395,75.200891,-2965.839,2654
4457,1.264512,75.183977,316002.583,-2996,2659,3379353,3377525.312,1.412121,75.196061,-2966.965,2655
4458,1.258615,75.176346,316000.494,-3002,2659,3379354,3377526.645,1.411446,75.188168,-2970.594,2655
4459,1.252762,75.168766,315998.417,-3004,2660,3379355,3377527.971,1.414340,75.180145,-2977.329,2657
4460,1.246875,75.161134,315996.326,-3001,2659,3379356,3377529.306,1.411900,75.172342,-2982.859,2658
4461,1.241033,75.153554,315994.247,-2996,2658,3379357,3377530.633,1.270264,75.162307,-2990.348,2657
4462,1.235157,75.145922,315992.153,-2992,2657,3379359,3377531.969,1.255564,75.155130,-2987.604,2657
4463,1.229325,75.138341,315990.072,-2990,2657,3379360,3377533.297,1.255008,75.147288,-2985.077,2656
4464,1.223460,75.130709,315987.976,-2988,2657,3379361,3377534.634,1.229578,75.139611,-2984.088,2656
4465,1.217638,75.123128,315985.893,-2986,2656,3379362,3377535.963,1.221995,75.132126,-2984.400,2656
4466,1.211783,75.115496,315983.794,-2984,2656,3379363,3377537.302,1.170398,75.126812,-2980.898,2655
4467,1.205972,75.107915,315981.708,-2986,2656,3379364,3377538.633,1.124153,75.121274,-2975.436,2655
4468,1.200128,75.100282,315979.608,-2985,2656,3379365,3377539.973,1.124159,75.116483,-2974.543,2655
4469,1.194327,75.092700,315977.520,-2989,2657,3379366,3377541.305,1.120866,75.112955,-2975.012,2655
4470,1.188493,75.085068,315975.416,-2993,2657,3379367,3377542.646,0.964443,75.105551,-2959.812,2655
4471,1.182703,75.077486,315973.326,-2996,2658,3379369,3377543.979,0.957005,75.098059,-2959.127,2655
4472,1.176879,75.069853,315971.221,-2995,2658,3379370,3377545.322,0.946022,75.090689,-2956.239,2655
4473,1.171099,75.062271,315969.128,-2993,2657,3379370,3377546.656,0.942111,75.083022,-2953.820,2654
4474,1.165285,75.054637,315967.020,-2992,2657,3379372,3377548.000,0.940915,75.081422,-2953.968,2654
4475,1.159516,75.047055,315964.926,-2988,2656,3379373,3377549.336,1.071014,75.060807,-2973.494,2654
4476,1.153712,75.039421,315962.815,-2985,2656,3379374,3377550.681,1.075940,75.053683,-2970.465,2653
4477,1.147953,75.031839,315960.718,-2984,2655,3379375,3377552.018,1.082474,75.045489,-2971.859,2654
4478,1.142160,75.024205,315958.606,-2984,2656,3379375,3377553.364,1.081265,75.043888,-2972.191,2654
4479,1.136411,75.016622,315956.506,-2983,2655,3379377,3377554.703,1.082367,75.034924,-2978.738,2655
4480,1.130628,75.008988,315954.392,-2987,2656,3379379,3377556.050,1.185820,75.016544,-2979.814,2655
4481,1.124890,75.001405,315952.290,-2990,2657,3379380,3377557.390,1.277607,75.002930,-2968.385,2654
4482,1.119117,74.993770,315950.173,-2992,2657,3379381,3377558.739,1.278737,74.994946,-2964.595,2653
4483,1.113388,74.986187,315948.069,-2991,2656,3379382,3377560.080,1.278916,74.991239,-2963.650,2653
4484,1.107626,74.978552,315945.949,-2989,2656,3379383,3377561.430,1.180150,74.985249,-2970.260,2653
4485,1.101908,74.970969,315943.843,-2992,2657,3379384,3377562.772,1.169171,74.977940,-2966.686,2652
4486,1.096156,74.963334,315941.721,-2990,2656,3379385,3377564.124,1.170354,74.969957,-2963.299,2652
4487,1.090447,74.955750,315939.613,-2990,2656,3379387,3377565.467,1.169179,74.968408,-2963.640,2652
4488,1.084705,74.948114,315937.488,-2992,2656,3379388,3377566.820,1.167423,74.963705,-2964.905,2652
4489,1.079007,74.940530,315935.378,-2990,2656,3379389,3377568.164,1.156463,74.956396,-2968.367,2653
4490,1.073275,74.932895,315933.251,-2986,2655,3379390,3377569.519,1.168084,74.947880,-2971.509,2653
4491,1.067587,74.925310,315931.138,-2991,2656,3379390,3377570.864,1.162349,74.940304,-2974.802,2654
4492,1.061865,74.917675,315929.009,-2991,2656,3379392,3377572.220,1.109665,74.935073,-2983.147,2655
4493,1.056148,74.910039,315926.879,-2991,2656,3379393,3377573.576,1.242700,74.909891,-2973.667,2655
4494,1.050475,74.902454,315924.763,-2990,2656,3379394,3377574.924,1.256006,74.901331,-2966.971,2655
4495,1.044768,74.894818,315922.631,-2987,2655,3379395,3377576.281,1.254974,74.900764,-2964.705,2654
4496,1.039105,74.887233,315920.512,-2986,2655,3379397,3377577.630,1.253048,74.895078,-2965.583,2655
4497,1.033408,74.879596,315918.377,-2987,2655,3379397,3377578.989,1.100125,74.885630,-2984.063,2655
4498,1.027755,74.872011,315916.256,-2990,2656,3379399,3377580.339,1.097905,74.877875,-2983.643,2655
4499,1.022068,74.864374,315914.119,-2993,2656,3379400,3377581.699,1.091686,74.877574,-2983.447,2655
4500,1.016844,74.857353,315912.153,-2997,2657,3379401,3377582.950,1.076553,74.863763,-2986.222,2655
4501,1.011205,74.849767,315910.029,-2999,2657,3379402,3377584.302,1.070887,74.856185,-2986.640,2655
4502,1.005532,74.842130,315907.888,-3002,2658,3379403,3377585.664,1.061731,74.848732,-2986.368,2655
4503,0.999903,74.834544,315905.762,-2999,2657,3379405,3377587.017,1.062987,74.840801,-2984.916,2655
4504,0.994241,74.826907,315903.619,-2999,2657,3379406,3377588.381,1.053843,74.833348,-2983.312,2654
4505,0.988622,74.819321,315901.490,-2997,2657,3379407,3377589.735,1.036803,74.830523,-2980.983,2654
4506,0.982969,74.811683,315899.345,-2995,2656,3379408,3377591.100,1.036305,74.822628,-2977.692,2653
4507,0.977360,74.804097,315897.214,-2988,2655,3379409,3377592.456,1.035845,74.814785,-2977.760,2653
4508,0.971717,74.796459,315895.066,-2991,2655,3379410,3377593.821,1.039830,74.802490,-2978.291,2653
4509,0.966118,74.788872,315892.933,-2989,2655,3379410,3377595.178,1.046257,74.794294,-2977.756,2653
4510,0.960485,74.781234,315890.783,-2986,2654,3379412,3377596.545,1.044721,74.790624,-2977.963,2653
4511,0.954895,74.773647,315888.647,-2985,2654,3379414,3377597.904,0.804199,74.790779,-2962.252,2652
4512,0.949272,74.766009,315886.495,-2983,2654,3379415,3377599.272,0.803816,74.782885,-2950.731,2650
4513,0.943692,74.758422,315884.357,-2981,2654,3379415,3377600.632,0.801906,74.776162,-2939.935,2648
4514,0.938079,74.750783,315882.203,-2980,2653,3379417,3377602.001,0.801368,74.767234,-2937.067,2647
4515,0.932508,74.743196,315880.062,-2983,2654,3379417,3377603.362,0.800242,74.765684,-2937.345,2647
4516,0.926905,74.735557,315877.906,-2983,2654,3379419,3377604.733,0.826582,74.751234,-2940.702,2647
4517,0.921344,74.727969,315875.763,-2985,2654,3379420,3377606.095,0.827783,74.742270,-2940.776,2647
4518,0.915750,74.720330,315873.604,-2990,2655,3379422,3377607.467,0.825059,74.741790,-2940.762,2647
4519,0.910199,74.712742,315871.459,-2995,2656,3379423,3377608.831,0.831886,74.735669,-2944.727,2648
4520,0.904615,74.705103,315869.298,-2995,2656,3379424,3377610.204,0.803554,74.726057,-2948.787,2648
4521,0.899073,74.697515,315867.150,-2995,2656,3379425,3377611.569,0.771229,74.723993,-2958.957,2651
4522,0.893499,74.689875,315864.987,-2994,2655,3379426,3377612.944,0.965109,74.698944,-2978.577,2653
4523,0.887966,74.682287,315862.837,-2983,2653,3379427,3377614.310,0.930115,74.690783,-2971.045,2651
4524,0.882402,74.674647,315860.672,-2979,2653,3379428,3377615.686,0.933085,74.682713,-2967.814,2651
4525,0.876879,74.667058,315858.519,-2970,2651,3379430,3377617.053,0.886334,74.676193,-2968.755,2651
4526,0.871324,74.659418,315856.351,-2970,2651,3379430,3377618.430,0.887039,74.675538,-2966.773,2651
4527,0.865811,74.651829,315854.197,-2976,2652,3379432,3377619.799,0.887133,74.670798,-2968.460,2651
4528,0.860265,74.644189,315852.027,-2981,2653,3379433,3377621.177,0.886702,74.662903,-2973.650,2652
4529,0.854724,74.636548,315849.855,-2989,2654,3379434,3377622.556,0.896519,74.654485,-2978.784,2653
4530,0.849226,74.628959,315847.697,-2993,2655,3379435,3377623.927,0.880757,74.647427,-2987.291,2654
4531,0.843694,74.621318,315845.524,-2994,2655,3379435,3377625.307,0.859953,74.630147,-2992.727,2655
4532,0.838205,74.613729,315843.364,-2993,2655,3379438,3377626.679,0.873368,74.622641,-2991.083,2655
4533,0.832683,74.606088,315841.188,-2991,2654,3379439,3377628.060,0.901901,74.613263,-2987.061,2654
4534,0.827203,74.598498,315839.025,-2990,2654,3379440,3377629.433,0.872553,74.606902,-2986.928,2654
4535,0.821691,74.590857,315836.847,-2989,2654,3379441,3377630.816,0.865318,74.599355,-2985.293,2653
4536,0.816220,74.583267,315834.682,-2989,2654,3379442,3377632.191,0.864932,74.591511,-2983.713,2653
4537,0.810717,74.575625,315832.502,-2989,2654,3379442,3377633.575,0.855846,74.583017,-2982.051,2653
4538,0.805256,74.568035,315830.334,-2990,2654,3379444,3377634.950,0.846967,74.575608,-2981.926,2652
4539,0.799762,74.560394,315828.152,-2993,2655,3379446,3377636.336,0.872191,74.567441,-2981.206,2653
4540,0.794310,74.552803,315825.982,-2992,2654,3379447,3377637.712,0.890473,74.558637,-2979.669,2653
4541,0.788826,74.545161,315823.797,-2990,2654,3379448,3377639.099,0.849311,74.552834,-2980.805,2652
4542,0.783384,74.537570,315821.625,-2989,2654,3379449,3377640.477,0.855715,74.544641,-2977.675,2652
4543,0.777909,74.529928,315819.438,-2992,2654,3379450,3377641.865,0.856254,74.542952,-2977.915,2652
4544,0.772476,74.522337,315817.264,-2991,2654,3379450,3377643.244,0.856350,74.538211,-2978.976,2652
4545,0.767010,74.514695,315815.074,-2993,2655,3379453,3377644.634,0.872712,74.528409,-2979.239,2653
4546,0.761586,74.507103,315812.898,-2995,2655,3379454,3377646.014,0.840559,74.513859,-2982.001,2653
4547,0.756130,74.499461,315810.706,-2995,2655,3379455,3377647.405,0.831683,74.506398,-2979.724,2652
4548,0.750715,74.491869,315808.527,-2994,2654,3379455,3377648.787,0.826234,74.498814,-2977.771,2652
4549,0.745268,74.484226,315806.333,-2993,2654,3379457,3377650.178,0.808170,74.498080,-2978.954,2652
4550,0.739863,74.476635,315804.152,-2991,2654,3379458,3377651.562,0.913130,74.477502,-2970.052,2652
4551,0.734425,74.468992,315801.955,-2992,2654,3379459,3377652.955,0.904890,74.474181,-2968.224,2652
4552,0.729029,74.461400,315799.772,-2991,2654,3379461,3377654.339,0.872412,74.467998,-2972.284,2652
4553,0.723600,74.453756,315797.573,-2989,2653,3379462,3377655.733,0.869087,74.463379,-2973.243,2652
4554,0.718213,74.446164,315795.388,-2989,2653,3379462,3377657.119,0.865801,74.458812,-2976.026,2653
4555,0.712794,74.438520,315793.186,-2987,2653,3379464,3377658.515,0.293198,74.469328,-2871.658,2647
4556,0.707415,74.430928,315790.999,-2989,2653,3379465,3377659.901,0.301537,74.461069,-2842.013,2641
4557,0.702005,74.423284,315788.795,-2986,2653,3379466,3377661.298,0.300069,74.456362,-2831.272,2639
4558,0.696636,74.415691,315786.605,-2978,2651,3379468,3377662.686,0.300699,74.454728,-2831.320,2639
4559,0.691235,74.408047,315784.399,-2970,2650,3379469,3377664.085,0.326806,74.439297,-2847.870,2639
4560,0.685875,74.400454,315782.207,-2970,2650,3379470,3377665.474,0.325871,74.438781,-2853.048,2640
4561,0.680483,74.392810,315779.999,-2968,2649,3379470,3377666.873,0.325706,74.430888,-2872.156,2643
4562,0.675132,74.385217,315777.804,-2966,2649,3379472,3377668.264,0.328947,74.422880,-2892.720,2646
4563,0.669750,74.377572,315775.594,-2966,2649,3379473,3377669.665,0.761405,74.382736,-2953.650,2647
4564,0.664408,74.369979,315773.397,-2964,2648,3379474,3377671.057,0.719087,74.377051,-2954.775,2647
4565,0.659034,74.362334,315771.184,-2960,2648,3379475,3377672.458,0.671875,74.372600,-2954.591,2647
4566,0.653701,74.354740,315768.985,-2959,2647,3379477,3377673.852,0.641364,74.366299,-2948.080,2645
4567,0.648336,74.347095,315766.770,-2951,2646,3379478,3377675.255,0.671231,74.356858,-2940.478,2644
4568,0.643012,74.339502,315764.568,-2941,2644,3379479,3377676.649,0.676253,74.350825,-2934.986,2643
4569,0.637657,74.331856,315762.351,-2941,2644,3379480,3377678.054,0.675275,74.350256,-2935.256,2643
4570,0.632306,74.324211,315760.132,-2940,2644,3379481,3377679.459,0.606593,74.336478,-2935.687,2643
4571,0.626995,74.316617,315757.928,-2942,2644,3379482,3377680.855,0.605077,74.331822,-2936.408,2643
4572,0.621653,74.308971,315755.707,-2943,2644,3379484,3377682.261,0.605633,74.330134,-2937.019,2644
4573,0.616351,74.301377,315753.500,-2946,2645,3379485,3377683.659,0.600337,74.322546,-2939.664,2644
4574,0.611018,74.293731,315751.277,-2948,2645,3379486,3377685.067,0.600029,74.314650,-2943.315,2644
4575,0.605725,74.286136,315749.067,-2951,2646,3379487,3377686.466,0.552785,74.308158,-2944.760,2645
4576,0.600401,74.278490,315746.842,-2956,2646,3379488,3377687.874,0.545812,74.300603,-2947.284,2645
4577,0.595117,74.270895,315744.630,-2959,2647,3379490,3377689.274,0.574931,74.286053,-2954.496,2646
4578,0.589801,74.263249,315742.402,-2965,2648,3379491,3377690.685,0.568807,74.284705,-2957.011,2647
4579,0.584526,74.255653,315740.188,-2972,2649,3379492,3377692.086,0.551854,74.277713,-2962.233,2648
4580,0.579220,74.248007,315737.958,-2977,2650,3379493,3377693.497,0.450069,74.264554,-2959.659,2648
4581,0.573953,74.240411,315735.742,-2981,2651,3379494,3377694.900,0.450673,74.262918,-2960.111,2648
4582,0.568655,74.232765,315733.510,-2985,2651,3379495,3377696.313,0.447636,74.259330,-2962.756,2649
4583,0.563398,74.225169,315731.291,-2988,2652,3379497,3377697.716,0.445767,74.251570,-2969.355,2650
4584,0.558109,74.217522,315729.056,-2993,2653,3379498,3377699.130,0.437198,74.244096,-2972.501,2651
4585,0.552860,74.209926,315726.836,-2997,2653,3379499,3377700.536,0.490160,74.232514,-2986.108,2652
4586,0.547580,74.202279,315724.599,-3001,2654,3379500,3377701.951,0.459535,74.223037,-2993.209,2653
4587,0.542340,74.194683,315722.376,-3002,2654,3379500,3377703.357,0.512272,74.210414,-2999.461,2654
4588,0.537068,74.187035,315720.136,-3003,2654,3379502,3377704.774,0.512001,74.202518,-3000.922,2654
4589,0.531837,74.179439,315717.911,-3006,2655,3379504,3377706.181,0.512457,74.199846,-3001.417,2654
4590,0.526574,74.171791,315715.670,-3006,2655,3379505,3377707.599,0.511493,74.186777,-3004.837,2655
4591,0.521351,74.164195,315713.442,-3008,2655,3379506,3377709.008,0.511947,74.184105,-3005.332,2655
4592,0.516098,74.156547,315711.198,-3009,2655,3379507,3377710.427,0.511675,74.176209,-3007.796,2655
4593,0.510883,74.148950,315708.968,-3011,2655,3379508,3377711.837,0.515164,74.158797,-3010.691,2655
4594,0.505638,74.141302,315706.722,-3011,2656,3379510,3377713.257,0.521515,74.150561,-3010.353,2655
4595,0.500433,74.133705,315704.490,-3011,2656,3379511,3377714.668,0.521271,74.142715,-3009.827,2655
4596,0.495196,74.126056,315702.241,-3014,2656,3379512,3377716.090,0.529405,74.135428,-3004.564,2654
4597,0.489999,74.118459,315700.007,-3015,2656,3379513,3377717.502,0.529156,74.127582,-2999.272,2653
4598,0.484771,74.110811,315697.756,-3015,2656,3379514,3377718.925,0.530525,74.119600,-2991.906,2652
4599,0.479583,74.103213,315695.519,-3017,2656,3379515,3377720.339,0.531113,74.117962,-2992.210,2652
4600,0.474364,74.095564,315693.266,-3018,2657,3379517,3377721.763,0.531246,74.113169,-2993.102,2652
4601,0.469184,74.087967,315691.027,-3019,2657,3379518,3377723.178,0.529343,74.105409,-2999.347,2654
4602,0.463973,74.080317,315688.772,-3020,2657,3379519,3377724.604,0.540614,74.096917,-3013.305,2656
4603,0.458802,74.072720,315686.531,-3022,2657,3379520,3377726.020,0.482874,74.081616,-3019.527,2656
4604,0.453600,74.065070,315684.273,-3022,2657,3379520,3377727.446,0.476013,74.074058,-3017.453,2656
4605,0.448437,74.057472,315682.030,-3023,2657,3379522,3377728.864,0.474138,74.066297,-3016.367,2656
4606,0.443243,74.049822,315679.770,-3025,2658,3379524,3377730.292,0.474693,74.064609,-3016.015,2656
4607,0.438089,74.042224,315677.524,-3027,2658,3379525,3377731.711,0.469932,74.060121,-3017.336,2656
4608,0.432904,74.034574,315675.262,-3031,2658,3379526,3377733.140,0.585265,74.036863,-3010.195,2656
4609,0.427758,74.026976,315673.014,-3035,2659,3379527,3377734.560,0.578979,74.033498,-3011.023,2656
4610,0.422581,74.019326,315670.749,-3038,2660,3379528,3377735.990,0.577877,74.031894,-3011.457,2657
4611,0.417444,74.011727,315668.499,-3036,2659,3379530,3377737.411,0.577599,74.024048,-3012.923,2657
4612,0.412276,74.004077,315666.232,-3035,2659,3379531,3377738.843,0.332717,74.018336,-3013.592,2656
4613,0.407112,73.996426,315663.964,-3036,2659,3379532,3377740.275,0.319373,74.011109,-3010.410,2655
4614,0.401987,73.988827,315661.710,-3034,2659,3379533,3377741.698,0.317953,74.006452,-3010.765,2655
4615,0.396832,73.981177,315659.440,-3033,2658,3379534,3377743.132,0.317006,74.005882,-3011.654,2656
4616,0.391715,73.973577,315657.184,-3031,2658,3379535,3377744.556,0.295501,73.999124,-3012.092,2656
4617,0.386568,73.965927,315654.911,-3028,2658,3379537,3377745.991,0.305170,73.990726,-3016.192,2656
4618,0.381460,73.958327,315652.653,-3022,2657,3379538,3377747.417,0.364548,73.970467,-3018.423,2656
4619,0.376321,73.950676,315650.378,-3019,2656,3379539,3377748.853,0.364333,73.962569,-3013.637,2655
4620,0.371221,73.943076,315648.118,-3017,2655,3379540,3377750.280,0.364152,73.954724,-3014.109,2655
4621,0.366091,73.935425,315645.840,-3014,2655,3379540,3377751.717,0.362946,73.952085,-3014.605,2655
4622,0.361000,73.927825,315643.578,-3020,2656,3379542,3377753.145,0.364531,73.945190,-3019.965,2656
4623,0.355878,73.920173,315641.298,-3030,2658,3379544,3377754.584,0.328705,73.942244,-3026.230,2657
4624,0.350794,73.912573,315639.033,-3037,2659,3379545,3377756.013,0.288030,73.926059,-3026.160,2657
4625,0.345681,73.904921,315636.751,-3035,2659,3379546,3377757.453,0.292752,73.917911,-3020.775,2656
4626,0.340606,73.897321,315634.484,-3036,2659,3379547,3377758.884,0.271737,73.914255,-3017.980,2656
4627,0.335501,73.889669,315632.200,-3038,2659,3379549,3377760.325,0.270795,73.913685,-3019.620,2656
4628,0.330434,73.882068,315629.930,-3036,2659,3379550,3377761.757,0.257590,73.906507,-3023.371,2657
4629,0.325337,73.874416,315627.644,-3035,2658,3379551,3377763.199,0.301494,73.896356,-3030.415,2658
4630,0.320278,73.866815,315625.372,-3036,2659,3379552,3377764.632,0.309989,73.878695,-3032.609,2658
4631,0.315189,73.859163,315623.083,-3034,2658,3379553,3377766.075,0.303277,73.871132,-3031.984,2658
4632,0.310139,73.851562,315620.809,-3033,2658,3379555,3377767.510,0.301490,73.863370,-3030.498,2657
4633,0.305058,73.843909,315618.518,-3034,2658,3379555,3377768.955,0.300424,73.861765,-3030.884,2657
4634,0.300016,73.836308,315616.242,-3036,2658,3379557,3377770.390,0.287619,73.857693,-3032.119,2658
4635,0.294944,73.828655,315613.949,-3037,2658,3379558,3377771.836,0.263412,73.840617,-3035.093,2658
4636,0.289909,73.821054,315611.670,-3041,2659,3379559,3377773.273,0.257259,73.837244,-3033.630,2658
4637,0.284845,73.813401,315609.375,-3039,2659,3379560,3377774.720,0.230588,73.826540,-3028.386,2657
4638,0.279819,73.805799,315607.093,-3038,2659,3379562,3377776.159,0.222338,73.819110,-3023.324,2656
4639,0.274763,73.798146,315604.796,-3038,2658,3379563,3377777.607,0.238908,73.814519,-3023.525,2656
4640,0.269745,73.790544,315602.512,-3036,2658,3379564,3377779.047,0.219173,73.806637,-3024.300,2656
4641,0.264697,73.782890,315600.213,-3035,2658,3379565,3377780.496,0.200806,73.796549,-3020.992,2655
4642,0.259687,73.775288,315597.927,-3034,2658,3379566,3377781.937,0.202313,73.788620,-3018.027,2655
4643,0.254648,73.767634,315595.625,-3035,2658,3379567,3377783.388,0.202523,73.783827,-3017.935,2655
4644,0.249646,73.760032,315593.337,-3036,2658,3379569,3377784.830,0.161650,73.775984,-3016.955,2655
4645,0.244614,73.752378,315591.032,-3037,2658,3379570,3377786.282,0.162457,73.776366,-3016.882,2655
4646,0.239620,73.744775,315588.742,-3037,2658,3379571,3377787.725,0.172080,73.768024,-3022.030,2656
4647,0.234597,73.737121,315586.435,-3040,2658,3379572,3377789.179,0.139206,73.758677,-3029.253,2657
4648,0.229611,73.729518,315584.143,-3041,2659,3379574,3377790.623,0.184907,73.752652,-3035.847,2658
4649,0.224595,73.721864,315581.834,-3045,2659,3379575,3377792.078,0.253450,73.733932,-3040.801,2658
4650,0.219617,73.714261,315579.539,-3047,2660,3379575,3377793.523,0.262752,73.723515,-3041.981,2659
4651,0.214610,73.706607,315577.228,-3050,2660,3379577,3377794.979,0.263312,73.721826,-3042.251,2659
4652,0.209640,73.699003,315574.931,-3052,2660,3379578,3377796.426,0.265025,73.715965,-3044.216,2659
4653,0.204640,73.691349,315572.617,-3052,2660,3379580,3377797.883,0.295501,73.706476,-3044.154,2659
4654,0.199645,73.683694,315570.302,-3055,2661,3379580,3377799.341,0.318347,73.688005,-3044.403,2660
4655,0.194687,73.676090,315568.002,-3055,2661,3379582,3377800.790,0.240955,73.685213,-3050.285,2660
4656,0.189699,73.668435,315565.685,-3057,2661,3379583,3377802.249,0.240148,73.685677,-3050.180,2660
4657,0.184749,73.660831,315563.382,-3055,2661,3379584,3377803.699,0.271602,73.670984,-3046.980,2660
4658,0.179769,73.653176,315561.063,-3053,2660,3379586,3377805.159,0.269803,73.663169,-3042.470,2659
4659,0.174827,73.645572,315558.758,-3050,2660,3379587,3377806.611,0.266430,73.655489,-3037.735,2658
4660,0.169855,73.637916,315556.436,-3048,2659,3379587,3377808.072,0.271066,73.647340,-3034.757,2657
4661,0.164921,73.630312,315554.129,-3046,2659,3379589,3377809.525,0.270909,73.639492,-3030.655,2657
4662,0.159957,73.622657,315551.805,-3046,2659,3379590,3377810.988,0.271464,73.637803,-3030.644,2657
4663,0.155031,73.615052,315549.496,-3045,2659,3379592,3377812.441,0.271306,73.629956,-3035.809,2658
4664,0.150075,73.607396,315547.170,-3046,2659,3379593,3377813.905,0.125403,73.619198,-3044.199,2658
4665,0.145156,73.599792,315544.858,-3047,2659,3379594,3377815.360,0.128985,73.615326,-3044.406,2658
4666,0.140208,73.592135,315542.530,-3047,2659,3379595,3377816.826,0.179727,73.600635,-3043.216,2658
4667,0.135297,73.584531,315540.216,-3047,2659,3379597,3377818.282,0.172422,73.600448,-3042.252,2658
4668,0.130356,73.576874,315537.885,-3047,2659,3379598,3377819.748,0.192396,73.585259,-3042.359,2658
4669,0.125453,73.569269,315535.569,-3049,2659,3379599,3377821.206,0.191387,73.583705,-3042.690,2658
4670,0.120521,73.561613,315533.236,-3050,2659,3379600,3377822.673,0.191588,73.578911,-3044.441,2659
4671,0.115625,73.554007,315530.917,-3054,2660,3379600,3377824.132,0.132101,73.573100,-3049.488,2659
4672,0.110701,73.546351,315528.582,-3055,2660,3379603,3377825.601,0.160545,73.561640,-3050.885,2659
4673,0.105813,73.538745,315526.261,-3055,2660,3379604,3377827.061,0.089700,73.554329,-3053.087,2660
4674,0.100896,73.531088,315523.923,-3055,2660,3379605,3377828.531,0.083192,73.546760,-3052.540,2659
4675,0.096016,73.523482,315521.600,-3052,2659,3379606,3377829.992,0.083115,73.538913,-3051.046,2659
4676,0.091107,73.515825,315519.261,-3051,2659,3379607,3377831.464,0.093733,73.526297,-3050.535,2659
4677,0.086234,73.508219,315516.935,-3049,2659,3379609,3377832.926,0.093650,73.518450,-3049.243,2659
4678,0.081333,73.500562,315514.593,-3047,2658,3379610,3377834.399,0.066853,73.516093,-3045.429,2658
4679,0.076468,73.492956,315512.266,-3044,2658,3379611,3377835.863,0.052087,73.505882,-3040.660,2657
4680,0.071575,73.485298,315509.921,-3044,2658,3379612,3377837.337,0.052323,73.501088,-3037.681,2657
4681,0.066718,73.477692,315507.591,-3044,2658,3379613,3377838.801,0.049291,73.495476,-3038.750,2657
4682,0.061832,73.470034,315505.245,-3048,2658,3379615,3377840.277,0.176050,73.475784,-3036.386,2657
4683,0.056982,73.462428,315502.913,-3050,2659,3379616,3377841.743,0.175404,73.477334,-3036.171,2657
4684,0.052104,73.454770,315500.564,-3054,2659,3379617,3377843.219,0.066882,73.474032,-3050.724,2659
4685,0.047262,73.447163,315498.229,-3055,2659,3379618,3377844.687,0.068399,73.466102,-3053.319,2659
4686,0.042391,73.439505,315495.878,-3057,2660,3379620,3377846.164,0.091925,73.454896,-3055.279,2660
4687,0.037557,73.431898,315493.542,-3056,2660,3379620,3377847.633,-0.058399,73.447515,-3048.436,2659
4688,0.032694,73.424239,315491.188,-3054,2659,3379622,3377849.112,-0.072758,73.440350,-3037.352,2657
4689,0.027867,73.416632,315488.849,-3056,2659,3379623,3377850.582,-0.063235,73.432014,-3033.694,2656
4690,0.023012,73.408973,315486.493,-3058,2659,3379624,3377852.062,-0.064560,73.427303,-3032.804,2656
4691,0.018192,73.401366,315484.152,-3062,2660,3379625,3377853.533,-0.067022,73.426864,-3032.688,2656
4692,0.013344,73.393707,315481.794,-3064,2661,3379627,3377855.014,-0.087817,73.418989,-3038.610,2657
4693,0.008533,73.386100,315479.451,-3066,2661,3379627,3377856.486,-0.094173,73.411468,-3046.997,2659
4694,0.003692,73.378441,315477.091,-3067,2661,3379629,3377857.969,-0.004667,73.390638,-3061.625,2660
4695,-0.001144,73.370782,315474.729,-3063,2660,3379630,3377859.453,-0.004746,73.382739,-3061.154,2660
4696,-0.005945,73.363174,315472.382,-3061,2660,3379632,3377860.927,-0.007961,73.375056,-3057.642,2659
4697,-0.010774,73.355514,315470.019,-3058,2659,3379633,3377862.411,-0.009623,73.367239,-3057.289,2659
4698,-0.015567,73.347906,315467.670,-3057,2659,3379634,3377863.886,-0.019161,73.359883,-3057.582,2659
4699,-0.020388,73.340247,315465.304,-3058,2659,3379635,3377865.372,-0.019236,73.351984,-3052.313,2658
4700,-0.025174,73.332638,315462.952,-3053,2658,3379637,3377866.849,-0.025602,73.344463,-3047.704,2657
4701,-0.029988,73.324979,315460.584,-3048,2657,3379638,3377868.336,-0.025139,73.341740,-3048.300,2657
4702,-0.034766,73.317370,315458.231,-3057,2659,3379639,3377869.814,-0.024859,73.336998,-3050.420,2658
4703,-0.039573,73.309710,315455.860,-3062,2660,3379640,3377871.302,0.177212,73.319554,-3033.073,2659
4704,-0.044343,73.302102,315453.504,-3068,2661,3379640,3377872.781,0.180231,73.311538,-3037.631,2660
4705,-0.049142,73.294441,315451.131,-3069,2661,3379643,3377874.270,0.021288,73.301575,-3063.215,2660
4706,-0.053906,73.286833,315448.773,-3068,2661,3379644,3377875.750,-0.024374,73.297142,-3063.763,2660
4707,-0.058697,73.279172,315446.398,-3068,2661,3379645,3377877.241,-0.017826,73.292020,-3061.892,2659
4708,-0.063453,73.271563,315444.038,-3066,2660,3379645,3377878.723,-0.152112,73.287992,-3058.542,2660
4709,-0.068238,73.263903,315441.661,-3067,2660,3379647,3377880.215,-0.152131,73.280094,-3058.079,2659
4710,-0.072986,73.256293,315439.298,-3064,2660,3379649,3377881.697,-0.164716,73.272894,-3054.681,2659
4711,-0.077763,73.248632,315436.918,-3063,2660,3379650,3377883.191,-0.164730,73.264995,-3051.420,2658
4712,-0.082505,73.241023,315434.554,-3063,2660,3379651,3377884.674,-0.165495,73.265510,-3051.319,2658
4713,-0.087274,73.233362,315432.172,-3065,2660,3379653,3377886.169,-0.160789,73.257369,-3055.755,2659
4714,-0.092008,73.225752,315429.805,-3066,2660,3379654,3377887.654,-0.097239,73.236876,-3062.501,2659
4715,-0.096770,73.218091,315427.420,-3063,2659,3379655,3377889.150,-0.087760,73.229523,-3062.068,2659
4716,-0.101497,73.210481,315425.051,-3063,2659,3379656,3377890.636,-0.106310,73.225758,-3062.837,2659
4717,-0.106252,73.202820,315422.665,-3067,2660,3379657,3377892.133,-0.086899,73.223092,-3063.724,2659
4718,-0.110971,73.195210,315420.293,-3069,2660,3379659,3377893.621,-0.086920,73.215244,-3066.973,2660
4719,-0.115719,73.187548,315417.904,-3072,2661,3379660,3377895.119,-0.172678,73.201380,-3065.699,2660
