x_km,surface_height_m,surface_slope_deg,upper_depth_m,lens_strength,lens_depth_m,ocean_depth_m,shell_mode,shell_scale_from_workbook
-60.0,119.42638570504096,-1.000319418716319,188.3637344208983,0.0014571201453582399,1112.0714690834523,2892.74508221095,thin_3km_reason_mode,0.1989734997529535
-59.5,110.69606493723512,-0.36864692791289094,188.30664519454825,0.0017423102885695018,1113.3259678069621,2894.8189659433356,thin_3km_reason_mode,0.1989734997529535
-59.0,112.99219424849355,1.3570697895096584,188.68773627615045,0.0020781165622737407,1114.4332752824448,2896.5245361013485,thin_3km_reason_mode,0.1989734997529535
-58.5,134.3858310571132,0.40549464520931483,189.57898773531164,0.0024724559900891306,1115.3913647817897,2897.6325864572054,thin_3km_reason_mode,0.1989734997529535
-58.0,120.06952906780961,0.2587278302284246,190.54727139850266,0.002934279637824933,1116.1983750932636,2899.6658066011814,thin_3km_reason_mode,0.1989734997529535
-57.5,138.90151425445745,0.9966465371333109,192.1388950188988,0.003473671086050251,1116.8526079233393,2900.7023634816055,thin_3km_reason_mode,0.1989734997529535
-57.0,137.46604725484156,0.146350878007846,193.92211263685041,0.004101948007251427,1117.352524831787,2902.226876488335,thin_3km_reason_mode,0.1989734997529535
-56.5,141.4558244940569,1.6982760287478718,196.08992500818863,0.004831765769462065,1117.696743748896,2903.5206591207707,thin_3km_reason_mode,0.1989734997529535
-56.0,167.1152389347629,1.095568402566077,198.75535306601074,0.00567722175025564,1117.8840351355304,2904.128588404793,thin_3km_reason_mode,0.1989734997529535
-55.5,160.57943103446084,0.5153344049158302,201.46881254198505,0.006653958791894301,1117.9133178592704,2905.5489000529715,thin_3km_reason_mode,0.1989734997529535
-55.0,176.10976359434375,1.9375832769621162,204.6369286699998,0.00777926596365537,1117.7836548730245,2906.2682145176877,thin_3km_reason_mode,0.1989734997529535
-54.5,194.40953580817023,1.1621733604129902,208.07684503088424,0.0090721745252693,1117.4942487959697,2906.8225912011158,thin_3km_reason_mode,0.1989734997529535
-54.0,196.39629745562698,1.1821598049761988,211.60376486802437,0.01055354671133019,1117.0444375102304,2907.7425084636902,thin_3km_reason_mode,0.1989734997529535
-53.5,215.04504497494062,1.3680971764865026,215.44402214597164,0.012246154686801397,1116.4336899000832,2908.1087064241096,thin_3km_reason_mode,0.1989734997529535
-53.0,220.27863667842527,0.770047118937855,219.3194401524424,0.014174746765614449,1115.6616018732775,2908.7587137474893,thin_3km_reason_mode,0.1989734997529535
-52.5,228.48571186718385,1.2010464885158898,223.3195330680751,0.01636609774605335,1114.72789281591,2909.236084463199,thin_3km_reason_mode,0.1989734997529535
-52.0,241.24392327938918,1.8849487235204285,227.41439961697364,0.018849040007151784,1113.6324026427849,2909.4973400128038,thin_3km_reason_mode,0.1989734997529535
-51.5,261.3961473371179,0.6143822994268798,231.58329109840838,0.021654471839431727,1112.3750896138208,2909.4641432366434,thin_3km_reason_mode,0.1989734997529535
-51.0,251.96732827517536,-0.6685128149453395,235.48826757067172,0.02481533936122231,1110.9560290933616,2910.167719162042,thin_3km_reason_mode,0.1989734997529535
-50.5,249.7278681272967,1.2458557628556246,239.37868187941078,0.028366588309059755,1109.3754134327235,2910.585395702511,thin_3km_reason_mode,0.1989734997529535
-50.0,273.71504099052385,0.5265113987513387,243.3637412233073,0.03234508199786936,1107.6335531564182,2910.1888520348107,thin_3km_reason_mode,0.1989734997529535
-49.5,258.91748425644914,-0.2820215504709324,246.8853236085602,0.03678948183408114,1105.730879628783,2910.7914159699235,thin_3km_reason_mode,0.1989734997529535
-49.0,268.7927966209557,0.3761400389770129,250.40998318553454,0.04174008694223705,1103.6679493697188,2910.628104429951,thin_3km_reason_mode,0.1989734997529535
-48.5,265.4824606971943,-0.8682954002182077,253.6006579896522,0.0472386297417321,1101.445450175511,2910.756574504283,thin_3km_reason_mode,0.1989734997529535
-48.0,253.6370227527636,-0.15628056679417154,256.4618727612991,0.053328024692427034,1099.0642091828852,2911.0506778734357,thin_3km_reason_mode,0.1989734997529535
-47.5,262.7548434853875,0.015916047778322624,259.1996258793381,0.06005206792152438,1096.5252029913174,2910.692427073497,thin_3km_reason_mode,0.1989734997529535
-47.0,253.9148101975453,-0.5160265108274331,261.4794697242074,0.06745508605265516,1093.8295699299763,2910.77006457322,thin_3km_reason_mode,0.1989734997529535
-46.5,253.748238320312,-0.9458739766924045,263.4931050396116,0.0755815332823163,1090.9786245215005,2910.5460902100267,thin_3km_reason_mode,0.1989734997529535
-46.0,237.40469511010875,-1.358394307892384,265.02715873006116,0.08447553658641699,1087.9738741552237,2910.7173858549772,thin_3km_reason_mode,0.1989734997529535
-45.5,230.03534200748854,-1.6372204797558647,266.2710513798756,0.09418038988521,1084.8170379376973,2910.5882518925587,thin_3km_reason_mode,0.1989734997529535
-45.0,208.8220272535724,-1.6251090668955641,267.03733983398917,0.10473799903926095,1081.5100676388706,2910.7994983307194,thin_3km_reason_mode,0.1989734997529535
-44.5,201.66422960156285,-0.4987646181100227,267.54716629010017,0.11618828067955557,1078.0551705986754,2910.5793770408873,thin_3km_reason_mode,0.1989734997529535
-44.0,200.11672258234324,0.5261991408127752,267.7372589698988,0.12856851907478206,1074.4548344018185,2910.1687990825676,thin_3km_reason_mode,0.1989734997529535
-43.5,210.8483953416035,-1.1204788430543995,267.66933523159736,0.14191268648789712,1070.7118530692874,2909.387865862872,thin_3km_reason_mode,0.1989734997529535
-43.0,180.5581841932563,-1.6679370744540953,266.9322816218574,0.15625073374829715,1066.8293544545525,2909.7274150967337,thin_3km_reason_mode,0.1989734997529535
-42.5,181.7291755177202,-0.5689290327839661,266.12025816114715,0.17160785903794926,1062.810828472027,2909.174582462438,thin_3km_reason_mode,0.1989734997529535
-42.0,170.6281729969748,-0.5926232832659023,264.9062647662564,0.18800376412943393,1058.6601557264644,2908.9540171150647,thin_3km_reason_mode,0.1989734997529535
-41.5,171.38557913735212,0.3459516619181111,263.50679722351043,0.20545190848839293,1054.3816360561566,2908.400079944541,thin_3km_reason_mode,0.1989734997529535
-41.0,176.66624192778235,1.1377983791383068,261.89081765202434,0.22395877272807038,1049.9800164517487,2907.723765666373,thin_3km_reason_mode,0.1989734997529535
-40.5,191.24651788731785,1.2029962332112984,260.1260659112662,0.24352314384431997,1045.460517767811,2906.7987875413282,thin_3km_reason_mode,0.1989734997529535
-40.0,197.66557297497732,0.5577722322250852,258.1051331330177,0.26413543543053436,1040.8288596077414,2906.1183844043617,thin_3km_reason_mode,0.1989734997529535
-39.5,200.98178735327417,-0.7517556220710591,255.90110677438,0.2857770566394118,1036.091282735693,2905.548552719897,thin_3km_reason_mode,0.1989734997529535
-39.0,184.54420924136062,0.6103214996274403,253.41497901418128,0.3084198439904323,1031.2545683535957,2905.5600690236606,thin_3km_reason_mode,0.1989734997529535
-38.5,211.63430992610967,1.053686425495853,251.18402796040928,0.33202557018976875,1026.3260535782817,2904.3971068044893,thin_3km_reason_mode,0.1989734997529535
-38.0,202.93658014849487,1.57826206245534,248.6101504397007,0.35654554390882975,1021.3136424644495,2904.2760590809717,thin_3km_reason_mode,0.1989734997529535
-37.5,239.1871485288169,1.9045055601530856,246.36807580802946,0.3819203139399223,1016.2258119445505,2902.954849670108,thin_3km_reason_mode,0.1989734997529535
-37.0,236.18872035541293,1.4702543101065069,243.8183114562215,0.4080794903002025,1011.0716120973018,2902.785790241189,thin_3km_reason_mode,0.1989734997529535
-36.5,264.8535608975177,2.1222605982983525,241.5538674944726,0.4349416936830342,1005.860660212613,2901.8003491945537,thin_3km_reason_mode,0.1989734997529535
-36.0,273.24610443212225,1.1514296103087744,239.1875804163689,0.4624146431619742,1000.6031281921773,2901.451992490512,thin_3km_reason_mode,0.1989734997529535
-35.5,284.9525044867838,0.4278388623715568,236.93054981258638,0.49039539024822354,995.30972291122,2901.090323265347,thin_3km_reason_mode,0.1989734997529535
-35.0,280.71344003946786,1.79634283503244,234.6497482005295,0.5187707053077272,989.99165926701,2901.2583322669357,thin_3km_reason_mode,0.1989734997529535
-34.5,316.314878049505,2.216344524717292,232.80606074517434,0.5474176199882153,984.6606257522916,2900.4083784413397,thin_3km_reason_mode,0.1989734997529535
-34.0,319.4152549266823,0.6949595800994695,230.83707004259145,0.5762041267270106,979.328742515008,2900.5618100735505,thin_3km_reason_mode,0.1989734997529535
-33.5,328.4448057508986,1.2970617181489326,229.0583399140441,0.6049900336531705,974.0085119973802,2900.6540963903667,thin_3km_reason_mode,0.1989734997529535
-33.0,342.0571204684842,1.2874220208702951,227.46518213198163,0.6336279703155745,968.7127623850281,2900.7285297022427,thin_3km_reason_mode,0.1989734997529535
-32.5,350.9183412247295,-0.0653347159225243,225.98571152582352,0.6619645367212721,963.4545842375398,2901.0506778398976,thin_3km_reason_mode,0.1989734997529535
-32.0,340.91681406553505,0.24258078197453273,224.50651047389675,0.6898415852200698,958.2472608126628,2902.0189572483146,thin_3km_reason_mode,0.1989734997529535
-31.5,355.15219987006986,0.7072343687024024,223.36618472468743,0.7170976218896598,953.1041927338358,2902.4378290155737,thin_3km_reason_mode,0.1989734997529535
-31.0,353.2610093246909,-0.9450107857655847,222.23599667601016,0.7435693113299406,948.0388177818305,2903.4364508806602,thin_3km_reason_mode,0.1989734997529535
-30.5,338.6571544092517,-0.9329541500542339,221.13287722538354,0.7690930662347593,943.0645267124879,2904.9242115416614,thin_3km_reason_mode,0.1989734997529535
-30.0,336.97644838088075,-0.710994350623123,220.24823103276034,0.7935067008411355,938.1945761107448,2906.1911716498707,thin_3km_reason_mode,0.1989734997529535
-29.5,326.24732503276135,-0.29215370447658356,219.39257816222468,0.8166511254230964,933.4419993833144,2907.8532340082293,thin_3km_reason_mode,0.1989734997529535
-29.0,331.8773601232655,-0.9169322078838358,218.75199072225945,0.8383720574564479,928.8195170658313,2909.2061578036173,thin_3km_reason_mode,0.1989734997529535
-28.5,310.24247262167495,-1.065245378781656,217.96205759340322,0.8585217239812488,924.3394476726058,2911.4683187352475,thin_3km_reason_mode,0.1989734997529535
-28.0,313.2831784265769,-0.767643676993971,217.41838436322132,0.8769605290700035,920.0136203465037,2913.195656089236,thin_3km_reason_mode,0.1989734997529535
-27.5,296.8437612590685,-1.3714511106024931,216.75167142557768,0.8935586602003637,915.8532905714941,2915.6206213295004,thin_3km_reason_mode,0.1989734997529535
-27.0,289.34226854097847,-0.3600409529531116,216.1706402605076,0.9081976077480743,911.8690601902711,2917.9536476897465,thin_3km_reason_mode,0.1989734997529535
-26.5,290.55977847508683,-1.0082293731231382,215.65698190417706,0.9207715727628553,908.0708029239189,2920.2024965762557,thin_3km_reason_mode,0.1989734997529535
-26.0,271.74352983421755,-1.079153407712656,214.96663331347432,0.9311887396574456,904.4675965202558,2923.169376632364,thin_3km_reason_mode,0.1989734997529535
-25.5,271.7227708541989,-0.6572766969575002,214.39518083332575,0.9393723924054478,901.0676625633769,2925.773505680984,thin_3km_reason_mode,0.1989734997529535
-25.0,260.2713841318971,0.2733483228771832,213.69075369056276,0.9452618552711984,897.8783148607167,2928.8573150071866,thin_3km_reason_mode,0.1989734997529535
-24.5,276.49363528949897,0.47599045940134993,213.15576113990744,0.9488132419368659,894.9059171879445,2931.3315308176802,thin_3km_reason_mode,0.1989734997529535
-24.0,268.5791759815676,-0.1466216677106448,212.37178964559038,0.9500000000893978,892.1558510190135,2934.639001418549,thin_3km_reason_mode,0.1989734997529535
-23.5,273.93459884711217,0.6288940376525912,211.63347503111368,0.9488132420144012,889.6324937019624,2937.736897551379,thin_3km_reason_mode,0.1989734997529535
-23.0,279.55588840773,0.7313274553901435,210.83736492729403,0.9452618554392868,887.3392073642874,2940.9862161471756,thin_3km_reason_mode,0.1989734997529535
-22.5,286.69936407981004,2.121970832760341,209.996711172226,0.9393723926920916,885.2783386487288,2944.350287147169,thin_3km_reason_mode,0.1989734997529535
-22.0,316.6082081776694,2.6194618609018545,209.28705571419013,0.9311887401098284,883.451229195282,2947.2352541464056,thin_3km_reason_mode,0.1989734997529535
-21.5,332.44947759769417,0.0750528803295403,208.424868794875,0.920771573454323,881.8582366022578,2950.664621207289,thin_3km_reason_mode,0.1989734997529535
-21.0,317.91812880175183,0.6262401777708254,207.29301935867664,0.9081976087888108,880.49876542236,2955.0896390279872,thin_3km_reason_mode,0.1989734997529535
-20.5,343.37986587370784,1.1595184723969092,206.4669988221291,0.8935586617531279,879.3713075829723,2958.546814369125,thin_3km_reason_mode,0.1989734997529535
-20.0,338.1583070999255,1.170657788886101,205.4022998327898,0.8769605313729038,878.473491466734,2963.001149644527,thin_3km_reason_mode,0.1989734997529535
-19.5,363.81454233496186,1.8916838160617877,204.60910301828636,0.8585217273803433,877.8021387523488,2966.733594286151,thin_3km_reason_mode,0.1989734997529535
-19.0,371.18641988344854,0.10736611893141246,203.71818410803218,0.8383720624520692,877.3533279992163,2971.109035844576,thin_3km_reason_mode,0.1989734997529535
-18.5,365.6884368087795,1.193621200750111,202.79609557739042,0.8166511327352994,877.1224638651648,2975.9716663920676,thin_3km_reason_mode,0.1989734997529535
-18.0,392.0220541536099,1.7974967936485995,202.2230077039789,0.7935067115016943,877.1043507760234,2980.070905528406,thin_3km_reason_mode,0.1989734997529535
-17.5,397.07097057156574,-0.6101169260376347,201.60100094306,0.7690930817158687,877.2932698200665,2984.880639520315,thin_3km_reason_mode,0.1989734997529535
-17.0,381.37310246850825,-0.568806059964467,200.95910247045165,0.7435693337234461,877.6830576199699,2990.3797850160363,thin_3km_reason_mode,0.1989734997529535
-16.5,387.1431058674635,1.8284043238927874,200.6574277779938,0.7170976541555157,878.2671859396012,2995.385949226705,thin_3km_reason_mode,0.1989734997529535
-16.0,413.2956148642764,1.0332885440088138,200.71032510345447,0.6898416315292177,879.0388408119877,2999.922580246935,thin_3km_reason_mode,0.1989734997529535
-15.5,405.1793484681727,0.1910592418521183,200.70414926700107,0.6619646029266818,879.991000026742,3000.0,thin_3km_reason_mode,0.1989734997529535
-15.0,416.63024006091615,1.1534596651604876,201.08653256932726,0.6336280645964288,881.1165078882038,3000.0,thin_3km_reason_mode,0.1989734997529535
-14.5,425.31373753688456,0.24793750591218955,201.69623520157376,0.6049901673918389,882.408146247228,3000.0,thin_3km_reason_mode,0.1989734997529535
-14.0,420.9575928892744,-0.37492216631878744,202.46495426993476,0.576204315697497,883.858700917169,3000.0,thin_3km_reason_mode,0.1989734997529535
-13.5,418.7700178970381,0.6833259363218679,203.52373592883768,0.5474178859593396,885.4610227051907,3000.0,thin_3km_reason_mode,0.1989734997529535
-13.0,432.8844458249992,1.7239849943803764,204.99129781500545,0.5187710781958308,887.2080824203282,3000.0,thin_3km_reason_mode,0.1989734997529535
-12.5,448.8683161255995,0.2926329842172927,206.75496509563226,0.4903959109944138,889.0930193564476,3000.0,thin_3km_reason_mode,0.1989734997529535
-12.0,437.9918993099811,0.575377840431031,208.58404089051606,0.46241536755992085,891.1091828880452,3000.0,thin_3km_reason_mode,0.1989734997529535
-11.5,458.910891472728,1.4062916783827868,210.93897083899014,0.4349426974475908,893.2501669564634,3000.0,thin_3km_reason_mode,0.1989734997529535
-11.0,462.5412492822977,0.6411554352371585,213.41830886344536,0.4080808757475939,895.5098373604715,3000.0,thin_3km_reason_mode,0.1989734997529535
-10.5,470.10163194835405,0.5141147301281155,216.1757796162575,0.38192221875034676,897.8823518954176,3000.0,thin_3km_reason_mode,0.1989734997529535
-10.0,471.5144848829251,0.027498641376871392,219.11177054698226,0.35654815256605005,900.3621735067377,3000.0,thin_3km_reason_mode,0.1989734997529535
-9.5,470.5815738170562,0.5215949534558089,222.23307029467713,0.3320291288441442,902.9440767342946,3000.0,thin_3km_reason_mode,0.1989734997529535
-9.0,480.618285675218,-0.5707022666461999,225.61838610296945,0.30842467967697906,905.6231478220056,3000.0,thin_3km_reason_mode,0.1989734997529535
-8.5,460.62061079024164,-0.2837471947933143,228.91063519642654,0.28578360200652886,908.3947789510543,3000.0,thin_3km_reason_mode,0.1989734997529535
-8.0,475.6659223963138,0.5525138263530324,232.59396501329562,0.2641442604041583,911.2546571237285,3000.0,thin_3km_reason_mode,0.1989734997529535
-7.5,470.2640951439132,-1.873410628379121,236.19032744565655,0.24353499597302528,914.1987482779779,3000.0,thin_3km_reason_mode,0.1989734997529535
-7.0,442.95708145426426,-0.8280982415636629,239.6496169107546,0.22397462833383863,917.2232772500209,3000.0,thin_3km_reason_mode,0.1989734997529535
-6.5,455.8100478474453,0.2748091503431723,243.4257631179128,0.20547303719226348,920.3247042239857,3000.0,thin_3km_reason_mode,0.1989734997529535
-6.0,447.7534427220802,-1.064319454011953,246.99171863903908,0.188031809837609,923.4996983142364,3000.0,thin_3km_reason_mode,0.1989734997529535
-5.5,437.23203216912464,-1.2178299231235363,250.45294070243182,0.17164494106807282,926.745108918686,3000.0,thin_3km_reason_mode,0.1989734997529535
-5.0,426.4950993655647,-0.797869602852069,253.7862658287721,0.15629957245233433,930.0579354611806,3000.0,thin_3km_reason_mode,0.1989734997529535
-4.5,423.30568039510905,-0.027522175066805838,257.0133176614023,0.14197675849033212,933.435296109478,3000.0,thin_3km_reason_mode,0.1989734997529535
-4.0,426.0147467563934,-1.0507229796476067,260.08232986775033,0.1286522480932888,936.8743960140141,3000.0,thin_3km_reason_mode,0.1989734997529535
-3.5,404.9650488225026,-0.336169262405436,262.72073754436167,0.11629727082714168,940.3724955633825,3000.0,thin_3km_reason_mode,0.1989734997529535
-3.0,420.14741895617453,0.9172954195737336,265.3721638471813,0.10487931851518159,943.9268790970991,3000.0,thin_3km_reason_mode,0.1989734997529535
-2.5,420.97624209793275,0.9072366040265913,267.60337229482104,0.09436291403447819,947.534824456718,3000.0,thin_3km_reason_mode,0.1989734997529535
-2.0,435.98300826713626,0.5803614519355313,269.6145045833561,0.08471036042594875,951.1935736946573,3000.0,thin_3km_reason_mode,0.1989734997529535
-1.5,431.10580672292525,0.2871297789463991,271.11163589300986,0.0758824647296312,954.9003051980919,3000.0,thin_3km_reason_mode,0.1989734997529535
-1.0,440.9944102420088,2.469463677709205,272.3521800139893,0.06783923221605759,958.6521074248266,3000.0,thin_3km_reason_mode,0.1989734997529535
-0.5,474.23278667183286,2.2593540095798836,273.3908457237591,0.06054052787473558,962.4459543909322,3000.0,thin_3km_reason_mode,0.1989734997529535
0.0,480.44802858922253,0.48771249609476164,273.81806734955893,0.05394670310728157,966.2786829977842,3000.0,thin_3km_reason_mode,0.1989734997529535
0.5,482.7451811280071,0.981588330391944,273.8141744956617,0.04801918652444669,970.1469722404094,3000.0,thin_3km_reason_mode,0.1989734997529535
1.0,497.58165314697214,1.9541129029405062,273.51172421222276,0.04272103853545682,974.0473243011369,3000.0,thin_3km_reason_mode,0.1989734997529535
1.5,516.864115303311,2.1146762401757253,272.8529754801113,0.03801747002116902,977.976047503511,3000.0,thin_3km_reason_mode,0.1989734997529535
2.0,534.5064840723982,1.8824455483848979,271.8011447905511,0.03387632578059738,981.9292410822004,3000.0,thin_3km_reason_mode,0.1989734997529535
2.5,549.7308148691991,0.13387822240875513,270.3664800723236,0.030268533619586264,985.9027817158903,3000.0,thin_3km_reason_mode,0.1989734997529535
3.0,536.8431041026216,0.7555846707677546,268.3654341431571,0.02716851990277489,989.8923117722308,3000.0,thin_3km_reason_mode,0.1989734997529535
3.5,562.919019674553,1.4221709779724694,266.3569730408151,0.024554592113773612,993.8932292269535,3000.0,thin_3km_reason_mode,0.1989734997529535
4.0,561.6697690573507,0.3279928993656474,263.84237751876185,0.022409288468860672,997.9006792429707,3000.0,thin_3km_reason_mode,0.1989734997529535
4.5,568.6436382247327,-0.7365010876407884,261.1367296050642,0.020719693919225655,1001.9095474290706,3000.0,thin_3km_reason_mode,0.1989734997529535
5.0,548.8146920903409,-1.6681164348679,257.9961835209444,0.019477720976596405,1005.9144548406981,3000.0,thin_3km_reason_mode,0.1989734997529535
5.5,539.5212853164131,-0.8663968311932131,254.75504649023728,0.018680352736261237,1009.9097548358759,3000.0,thin_3km_reason_mode,0.1989734997529535
6.0,533.6920620973987,-0.8648084110553427,251.3957928153804,0.018329844288099802,1013.8895319557598,3000.0,thin_3km_reason_mode,0.1989734997529535
6.5,524.4263848132822,0.04101058059333315,247.90326811570654,0.018433877447186543,1017.8476030593929,3000.0,thin_3km_reason_mode,0.1989734997529535
7.0,534.4078318791427,-1.199746213978504,244.49817152557148,0.019005662456400754,1021.7775210032679,3000.0,thin_3km_reason_mode,0.1989734997529535
7.5,503.48380224840304,-2.129355176152397,240.74169192578503,0.020063979077884698,1025.6725812152915,3000.0,thin_3km_reason_mode,0.1989734997529535
8.0,497.2264534493298,-1.3680680231651485,237.19482757574775,0.02163314836878428,1029.5258315662986,3000.0,thin_3km_reason_mode,0.1989734997529535
8.5,479.6019721372586,-0.9166871285811586,233.60849282814647,0.023742925505647647,1033.3300859867443,3000.0,thin_3km_reason_mode,0.1989734997529535
9.0,481.22587957439987,-0.07577926318680336,230.26210307605461,0.026428303360761397,1037.077942307802,3000.0,thin_3km_reason_mode,0.1989734997529535
9.5,478.27937371872196,-1.547966000016795,226.99937034052277,0.029729216223055854,1040.7618048209972,3000.0,thin_3km_reason_mode,0.1989734997529535
10.0,454.2022007690729,-2.3101319508348013,223.7188569265778,0.03369013317421013,1044.3739120449288,3000.0,thin_3km_reason_mode,0.1989734997529535
10.5,437.9381023255588,-0.5307496041882882,220.6779706566014,0.03835953124954955,1047.9063701581817,3000.0,thin_3km_reason_mode,0.1989734997529535
11.0,444.9386077034983,-0.2001576009051575,218.02308430540168,0.043789239695664,1051.3511925011694,3000.0,thin_3km_reason_mode,0.1989734997529535
11.5,434.44467895572086,-1.2660242872889511,215.44927944015416,0.05003364843063708,1054.7003454641056,3000.0,thin_3km_reason_mode,0.1989734997529535
12.0,422.8387186345762,-0.018360087988857333,213.10231880456436,0.057148776248117615,1057.9458009621633,3000.0,thin_3km_reason_mode,0.1989734997529535
12.5,434.12423495839124,0.34356890868341333,211.1844039542414,0.065191197390238,1061.0795955517656,3000.0,thin_3km_reason_mode,0.1989734997529535
13.0,428.8351991704085,-1.4480167873333565,209.38833369352253,0.07421682882713554,1064.0938960648473,3000.0,thin_3km_reason_mode,0.1989734997529535
13.5,408.84619240872695,-0.9329333884841002,207.73172362209834,0.08427958487344142,1066.9810714331227,3000.0,thin_3km_reason_mode,0.1989734997529535
14.0,412.55100068044544,0.3850983498844096,206.51875028715736,0.09542991056356534,1069.7337701458137,3000.0,thin_3km_reason_mode,0.1989734997529535
14.5,415.5675277705944,-0.7565507482993226,205.5500573924537,0.10771321038402228,1072.3450025373127,3000.0,thin_3km_reason_mode,0.1989734997529535
15.0,399.34593170493116,-1.1429660140822753,204.6690616582508,0.12116819437605508,1074.8082268429257,3000.0,thin_3km_reason_mode,0.1989734997529535
15.5,395.616361037493,0.05517500805027663,204.11602978428627,0.13582516909864947,1077.1174376995539,3000.0,thin_3km_reason_mode,0.1989734997529535
16.0,400.30891755789503,0.6064773779714534,203.8433481529833,0.15170430627742848,1079.2672555136744,3000.0,thin_3km_reason_mode,0.1989734997529535
16.5,406.20178346502695,0.14830641315675333,203.77579050829345,0.16881392693469272,1081.253014881935,3000.0,thin_3km_reason_mode,0.1989734997529535
17.0,402.8973585501548,0.3663989410603823,203.8107902020975,0.18714884316247493,1083.0708500414687,3000.0,thin_3km_reason_mode,0.1989734997529535
17.5,412.59673853506814,0.828998686107689,204.1036589198231,0.20668880322195862,1084.7177751591935,3000.0,thin_3km_reason_mode,0.1989734997529535
18.0,417.3671248555401,0.08216467364809543,204.4892239415303,0.22739708809306522,1086.1917571531424,3000.0,thin_3km_reason_mode,0.1989734997529535
18.5,414.03078360208366,0.6859202396219336,204.9192072738625,0.24921930873889886,1087.491778684747,3000.0,thin_3km_reason_mode,0.1989734997529535
19.0,429.33926339108206,1.2965808728556139,205.5835168754072,0.272082453001691,1088.617888977969,3000.0,thin_3km_reason_mode,0.1989734997529535
19.5,436.66425250955575,0.5541497171404852,206.24770384531956,0.2958942290614169,1089.5712402163576,3000.0,thin_3km_reason_mode,0.1989734997529535
20.0,439.0113020882822,0.2921756208380646,206.91415249547242,0.320542748668716,1090.3541074471214,3000.0,thin_3km_reason_mode,0.1989734997529535
20.5,441.7637232897853,0.1284805421299288,207.60560917455368,0.34589658787488875,1090.9698901837958,3000.0,thin_3km_reason_mode,0.1989734997529535
21.0,441.2537143317768,0.13611752134923158,208.2746398825562,0.371805255757265,1091.4230942445017,3000.0,thin_3km_reason_mode,0.1989734997529535
21.5,444.1394266764314,0.37389199155932445,208.9582232618384,0.39810009278565606,1091.7192927859317,3000.0,thin_3km_reason_mode,0.1989734997529535
22.0,447.7794532624074,-0.09340092686777356,209.621870054502,0.42459561017803377,1091.8650659853765,3000.0,thin_3km_reason_mode,0.1989734997529535
22.5,442.50927153418206,-0.5529159937242433,210.17799852006507,0.45109127010795935,1091.8679193720147,3000.0,thin_3km_reason_mode,0.1989734997529535
23.0,438.1289491107309,-0.6471953803110001,210.69694062583554,0.47737369427794657,1091.7361813987995,3000.0,thin_3km_reason_mode,0.1989734997529535
23.5,431.2131008039683,0.17953906863937727,211.1468873305613,0.5032192755463412,1091.4788814592453,3000.0,thin_3km_reason_mode,0.1989734997529535
24.0,441.2625072507224,-0.9038303127036112,211.68166957566584,0.5283971544213956,1091.105610168639,3000.0,thin_3km_reason_mode,0.1989734997529535
24.5,415.4369773442437,-1.2849536411091542,211.88251354010654,0.5526725097764887,1090.6263643246607,3000.0,thin_3km_reason_mode,0.1989734997529535
25.0,418.8320748478676,-1.4481326718176033,212.2723512436028,0.5758101015686332,1090.051379515449,3000.0,thin_3km_reason_mode,0.1989734997529535
25.5,390.1569109362959,-1.801766847214291,212.3711151880108,0.597577993124349,1089.3909538315772,3000.0,thin_3km_reason_mode,0.1989734997529535
26.0,387.3749410180904,-0.382144102492501,212.6505533819993,0.6177513721297303,1088.655266541294,3000.0,thin_3km_reason_mode,0.1989734997529535
26.5,383.48713922986474,-2.356174993645028,212.90859343149216,0.636116383212785,1087.8541958872695,3000.0,thin_3km_reason_mode,0.1989734997529535
27.0,346.2287328646241,-2.659591649470309,212.90330235440996,0.652473881254838,1086.9971403426955,3000.0,thin_3km_reason_mode,0.1989734997529535
27.5,337.0351401860322,-1.9498836860841802,213.14016050903655,0.6666430135473501,1086.0928477137995,3000.0,thin_3km_reason_mode,0.1989734997529535
28.0,312.18369818898617,-1.521942307041139,213.28893008585595,0.6784645407551045,1085.149256388223,3000.0,thin_3km_reason_mode,0.1989734997529535
28.5,310.4659866511931,-1.6154266995197604,213.6768657033565,0.6878038113820307,1084.1733528030704,3000.0,thin_3km_reason_mode,0.1989734997529535
29.0,283.98171018669603,-2.68756710167096,213.94152852898046,0.6945533119745639,1083.1710488469132,3000.0,thin_3km_reason_mode,0.1989734997529535
29.5,263.5246591496981,-1.4664902971973577,214.34658611261287,0.6986347254395479,1082.1470824261935,3000.0,thin_3km_reason_mode,0.1989734997529535
30.0,258.3810354027646,-1.3484088368580158,214.98381368766573,0.700000442292993,1081.104943832918,3000.0,thin_3km_reason_mode,0.1989734997529535
30.5,239.98613946244137,-1.0770631225717633,215.6425268202855,0.698634483990851,1080.0468298664853,3000.0,thin_3km_reason_mode,0.1989734997529535
31.0,239.58052305996605,-1.3418832967583543,216.5863466978322,0.6945528132421283,1078.973626910853,3000.0,thin_3km_reason_mode,0.1989734997529535
31.5,216.56157473369862,-0.9821150149933949,217.504971613552,0.6878030228270172,1077.8849233749681,3000.0,thin_3km_reason_mode,0.1989734997529535
32.0,222.43770342182788,0.653729494901289,218.8186685322514,0.6784634113599887,1076.7790510969674,3000.0,thin_3km_reason_mode,0.1989734997529535
32.5,227.97180197677312,0.20892691908821265,220.30215367958405,0.6666414710590522,1075.6531545193945,2996.62200641807,thin_3km_reason_mode,0.1989734997529535
33.0,226.0841822180117,-0.09925779501084045,221.90327930626526,0.6524718283293716,1074.5032856911555,2991.4743864625334,thin_3km_reason_mode,0.1989734997529535
33.5,226.23942491253771,0.9846023876064057,223.6981073054561,0.6361136923009646,1073.3245224679952,2986.376643643087,thin_3km_reason_mode,0.1989734997529535
34.0,243.2704274883201,1.2947793928580371,225.8017743408055,0.6177478788950673,1072.111106689905,2980.92205464663,thin_3km_reason_mode,0.1989734997529535
34.5,248.8414359782273,-0.07227969721180574,227.98207284400777,0.5975734881302166,1070.8565986302528,2975.906063580455,thin_3km_reason_mode,0.1989734997529535
35.0,242.00890812042311,-0.3554328613230168,230.22099757350614,0.5758043199108684,1069.554043652176,2971.360706023385,thin_3km_reason_mode,0.1989734997529535
35.5,242.63788270086079,0.5637221415371136,232.66237858754675,0.55266511826856,1068.1961467824449,2966.737993427161,thin_3km_reason_mode,0.1989734997529535
36.0,251.8480330414438,1.8142516748325945,235.2971805883667,0.5283877358607858,1066.7754508257874,2962.011729185975,thin_3km_reason_mode,0.1989734997529535
36.5,274.3131350022337,1.4562527987972702,238.14116391673187,0.5032073095015475,1065.2845136922815,2957.056319069449,thin_3km_reason_mode,0.1989734997529535
37.0,277.26991348245565,0.3650351449051495,240.90889081298192,0.477358533734111,1063.7160807905384,2952.7886245951354,thin_3km_reason_mode,0.1989734997529535
37.5,280.6842863692354,0.292312187895781,243.73167317885338,0.4510721131942753,1062.0632486388029,2948.6562589602563,thin_3km_reason_mode,0.1989734997529535
38.0,282.3717678695042,1.7468442052677176,246.5619928627159,0.4245714660703753,1060.3196162496022,2944.7234488368986,thin_3km_reason_mode,0.1989734997529535
38.5,311.18191933727104,1.1727828796685482,249.59723208863136,0.3980697407320988,1058.4794213326372,2940.189508008975,thin_3km_reason_mode,0.1989734997529535
39.0,302.8435496777789,-0.7019822384829778,252.29202002479585,0.37176719601112795,1056.5376589143577,2936.847325684617,thin_3km_reason_mode,0.1989734997529535
39.5,298.92940490783735,0.11330931135929098,254.94230812530913,0.3458489831386417,1054.4901805688585,2933.5409457262203,thin_3km_reason_mode,0.1989734997529535
40.0,304.82117281231683,0.10130462564023011,257.5554803460852,0.3204833544517672,1052.3337730707192,2930.122133087179,thin_3km_reason_mode,0.1989734997529535
40.5,300.6975060152245,-1.6189806208852662,259.9383854021793,0.29582031113496227,1050.0662158941554,2927.14428778414,thin_3km_reason_mode,0.1989734997529535
41.0,276.55710773836364,-1.8031881608041103,261.97667333082507,0.27199068989435554,1047.686317573728,2924.886832300706,thin_3km_reason_mode,0.1989734997529535
41.5,269.21554101681534,-0.31116491205454955,263.92984088409105,0.24910567695823424,1045.193931491532,2922.324619481482,thin_3km_reason_mode,0.1989734997529535
42.0,271.1262021129023,-0.5407808062905519,265.70612254911526,0.22725672748105447,1042.5899521486394,2919.6678447715108,thin_3km_reason_mode,0.1989734997529535
42.5,259.7768551367322,-1.3670030523229122,267.09701409485643,0.20651585955920898,1039.876293402331,2917.54317174735,thin_3km_reason_mode,0.1989734997529535
43.0,247.2629698422237,-1.971432462495926,268.17235073563785,0.18693628482825844,1037.0558504965418,2915.6128078435218,thin_3km_reason_mode,0.1989734997529535
43.5,225.35528260314678,-2.200382458391263,268.8435890322116,0.16855333211189957,1034.132447975754,2914.104724361399,thin_3km_reason_mode,0.1989734997529535
44.0,208.84015984832814,-2.6561795993731123,269.20918605924936,0.15138561686738508,1031.1107757506486,2912.6053618397123,thin_3km_reason_mode,0.1989734997529535
44.5,178.96296340227542,-2.4950524354974815,269.10484613408306,0.13543640718639832,1027.9963156788376,2911.635096192976,thin_3km_reason_mode,0.1989734997529535
45.0,165.26573251393552,-0.5833129630730663,268.7551742387539,0.12069513676921262,1024.795261040414,2910.3685536340636,thin_3km_reason_mode,0.1989734997529535
45.5,168.78187987738474,-1.0336229743085064,268.16262807183614,0.10713901644628038,1021.5144312329772,2908.774131589895,thin_3km_reason_mode,0.1989734997529535
46.0,147.2236511039814,-2.4918130688282223,266.98979068173037,0.09473469828738136,1018.1611838931383,2908.0266321685563,thin_3km_reason_mode,0.1989734997529535
46.5,125.26409736726505,-1.6123820344685962,265.437183331094,0.08343994989716268,1014.743326481657,2907.4352275098668,thin_3km_reason_mode,0.1989734997529535
47.0,119.07484471636309,-1.0032260389477026,263.64266992473324,0.0732053009130491,1011.26902915851,2906.5455704060823,thin_3km_reason_mode,0.1989734997529535
47.5,107.75271022723112,0.33931934469253117,261.4539649627683,0.06397562875675993,1007.7467405337779,2905.9357564566417,thin_3km_reason_mode,0.1989734997529535
48.0,124.99715373468393,0.3731127861491143,259.1581296253471,0.055691656108017254,1004.1851076215962,2904.6625448889267,thin_3km_reason_mode,0.1989734997529535
48.5,114.2648488799635,-0.88532866434644,256.3285177812908,0.0482913381457313,1000.5929010581048,2904.296230098109,thin_3km_reason_mode,0.1989734997529535
49.0,109.54402369059221,0.08903134938626442,253.26323533841588,0.04171112313593678,996.9789463800842,2903.8849551985063,thin_3km_reason_mode,0.1989734997529535
49.5,115.81874031490976,0.3260798198886672,250.03338011766277,0.035887075261226004,993.352061907096,2903.2845503963654,thin_3km_reason_mode,0.1989734997529535
50.0,115.23525161719914,1.2126250581319042,246.53167367968456,0.030755853537606265,989.7210035334858,2902.9867785025326,thin_3km_reason_mode,0.1989734997529535
50.5,136.98620076238512,1.2515787252153037,243.02816383029588,0.026255545137847985,986.0944165229334,2902.172638330547,thin_3km_reason_mode,0.1989734997529535
51.0,137.08289632779307,1.2965031906603026,239.21279044070687,0.022326355354089656,982.4807942112737,2902.061481536471,thin_3km_reason_mode,0.1989734997529535
51.5,159.61831316527434,1.7132189483437898,235.4782811422828,0.018911159736583496,978.8884433654365,2901.4188426780274,thin_3km_reason_mode,0.1989734997529535
52.0,166.9931224443313,0.2549708787579502,231.56831575885877,0.0159559266188011,975.3254558185776,2901.2857315699002,thin_3km_reason_mode,0.1989734997529535
52.5,164.06842387185546,0.9470220646393844,227.56501838107624,0.013410020286176487,971.7996859035999,2901.520218590639,thin_3km_reason_mode,0.1989734997529535
53.0,183.5232809151917,0.9724132897986455,223.77178029155692,0.011226396492872168,968.3187331380054,2901.2053395861753,thin_3km_reason_mode,0.1989734997529535
53.5,181.04186719105834,-0.1135279296827599,219.87842661288877,0.009361702922003404,964.8899295703136,2901.5688135606606,thin_3km_reason_mode,0.1989734997529535
54.0,181.54184215615243,-0.24994233312783184,216.12442031941316,0.0077762975768280234,961.5203311793707,2901.9096833259364,thin_3km_reason_mode,0.1989734997529535
54.5,176.67952286630316,0.39901383157985826,212.48251903768428,0.0064341980494993355,958.2167127196416,2902.453462021283,thin_3km_reason_mode,0.1989734997529535
55.0,188.50605986389118,0.3364797150828055,209.16485363775493,0.005302974211008596,954.9855654245983,2902.5789292092077,thin_3km_reason_mode,0.1989734997529535
55.5,182.5522692746181,-0.09179659710436296,205.93066386774564,0.00435359617319023,951.8330970131749,2903.2392860537993,thin_3km_reason_mode,0.1989734997529535
56.0,186.90390563143987,0.4307619270751348,203.0335534568681,0.003560248461720921,948.7652334875596,2903.6451810657486,thin_3km_reason_mode,0.1989734997529535
56.5,190.07062484954076,0.7895225145400301,200.4082389763905,0.0029001202743499403,945.787622261183,2904.1097229145494,thin_3km_reason_mode,0.1989734997529535
57.0,200.68454527158707,-0.6756527743974202,198.1453587307306,0.002353180541557958,942.9056362107268,2904.3855209340754,thin_3km_reason_mode,0.1989734997529535
57.5,178.2777126906697,-0.3527521056697766,195.94027957966384,0.0019019453105300916,940.1243783028286,2905.592988908431,thin_3km_reason_mode,0.1989734997529535
58.0,194.52778179385766,0.5760613514158108,194.3762635577785,0.0015312437827304003,937.4486865026942,2905.7286591852376,thin_3km_reason_mode,0.1989734997529535
58.5,188.33221875951745,-0.04509772600787184,192.97501965672834,0.0012279881870894578,934.8831387263572,2906.4879270168126,thin_3km_reason_mode,0.1989734997529535
59.0,193.74067782731254,-1.1087184055712198,192.0107860804074,0.0009809515932208178,932.4320576494395,2906.915720178438,thin_3km_reason_mode,0.1989734997529535
59.5,168.97901642333537,-0.8245248361698756,191.14960502911418,0.0007805567827152858,930.099515232034,2908.1692752036024,thin_3km_reason_mode,0.1989734997529535
60.0,179.34901119414707,1.1881435285599762,190.9051513420059,0.0006186784148549876,927.889336861067,2908.423249062102,thin_3km_reason_mode,0.1989734997529535
-60.0,119.42638570504096,-1.000319418716319,946.6774955196128,0.0014571201453582399,5589.043116114486,14538.343476908214,workbook_mid_shell,1.0
-59.5,110.69606493723512,-0.36864692791289094,946.3905767770619,0.0017423102885695018,5595.347969399308,14548.766391190573,workbook_mid_shell,1.0
-59.0,112.99219424849355,1.3570697895096584,948.3058623908515,0.0020781165622737407,5600.913069660687,14557.33823698979,workbook_mid_shell,1.0
-58.5,134.3858310571132,0.40549464520931483,952.7851094276066,0.0024724559900891306,5605.728230978824,14562.907070815563,workbook_mid_shell,1.0
-58.0,120.06952906780961,0.2587278302284246,957.6515045223967,0.002934279637824933,5609.784099285287,14573.125618242737,workbook_mid_shell,1.0
-57.5,138.90151425445745,0.9966465371333109,965.6506783941551,0.003473671086050251,5613.072139305129,14578.335140524403,workbook_mid_shell,1.0
-57.0,137.46604725484156,0.146350878007846,974.6127644014157,0.004101948007251427,5615.584619153291,14585.997030216358,workbook_mid_shell,1.0
-56.5,141.4558244940569,1.6982760287478718,985.5077447582461,0.004831765769462065,5617.314592830874,14592.499316370253,workbook_mid_shell,1.0
-56.0,167.1152389347629,1.095568402566077,998.903639493633,0.00567722175025564,5618.255880926359,14595.554644264555,workbook_mid_shell,1.0
-55.5,160.57943103446084,0.5153344049158302,1012.5409302853382,0.006653958791894301,5618.403049889946,14602.692839300287,workbook_mid_shell,1.0
-55.0,176.10976359434375,1.9375832769621162,1028.4632321594486,0.00777926596365537,5617.751390315144,14606.307966267492,workbook_mid_shell,1.0
-54.5,194.40953580817023,1.1621733604129902,1045.7515462573333,0.0090721745252693,5616.29689472948,14609.094149774926,workbook_mid_shell,1.0
-54.0,196.39629745562698,1.1821598049761988,1063.4771219823376,0.01055354671133019,5614.036235464312,14613.717465260237,workbook_mid_shell,1.0
-53.5,215.04504497494062,1.3680971764865026,1082.7774674188674,0.012246154686801397,5610.966743240949,14615.557901101563,workbook_mid_shell,1.0
-53.0,220.27863667842527,0.770047118937855,1102.254523465439,0.014174746765614449,5607.086387174617,14618.824704591409,workbook_mid_shell,1.0
-52.5,228.48571186718385,1.2010464885158898,1122.3581700344505,0.01636609774605335,5602.393756957393,14621.223871899127,workbook_mid_shell,1.0
-52.0,241.24392327938918,1.8849487235204285,1142.9381294460443,0.018849040007151784,5596.888048033917,14622.536888707544,workbook_mid_shell,1.0
-51.5,261.3961473371179,0.6143822994268798,1163.890122985942,0.021654471839431727,5590.5690506271,14622.37004851927,workbook_mid_shell,1.0
-51.0,251.96732827517536,-0.6685128149453395,1183.5157338191023,0.02481533936122231,5583.437143502679,14625.906076815862,workbook_mid_shell,1.0
-50.5,249.7278681272967,1.2458557628556246,1203.0681582051104,0.028366588309059755,5575.493293378915,14628.005233442185,workbook_mid_shell,1.0
-50.0,273.71504099052385,0.5265113987513387,1223.0962491259838,0.03234508199786936,5566.739060888317,14626.012286300014,workbook_mid_shell,1.0
-49.5,258.91748425644914,-0.2820215504709324,1240.7949999125224,0.03678948183408114,5557.17661397957,14629.040649051138,workbook_mid_shell,1.0
-49.0,268.7927966209557,0.3761400389770129,1258.5092160335162,0.04174008694223705,5546.808749607553,14628.219878746673,workbook_mid_shell,1.0
-48.5,265.4824606971943,-0.8682954002182077,1274.544893186902,0.0472386297417321,5535.638924495328,14628.865542990865,workbook_mid_shell,1.0
-48.0,253.6370227527636,-0.15628056679417154,1288.9247717898286,0.053328024692427034,5523.6712956624315,14630.343646203191,workbook_mid_shell,1.0
-47.5,262.7548434853875,0.015916047778322624,1302.684157443889,0.06005206792152438,5510.910771297527,14628.54315116047,workbook_mid_shell,1.0
-47.0,253.9148101975453,-0.5160265108274331,1314.142185008866,0.06745508605265516,5497.363072409545,14628.93334131051,workbook_mid_shell,1.0
-46.5,253.748238320312,-0.9458739766924045,1324.2623031045136,0.0755815332823163,5483.034805519655,14627.807692098573,workbook_mid_shell,1.0
-46.0,237.40469511010875,-1.358394307892384,1331.9721423160381,0.08447553658641699,5467.933546457481,14628.668588877104,workbook_mid_shell,1.0
-45.5,230.03534200748854,-1.6372204797558647,1338.2236916497877,0.09418038988521,5452.067935099958,14628.019588067555,workbook_mid_shell,1.0
-45.0,208.8220272535724,-1.6251090668955641,1342.0749002532702,0.10473799903926095,5435.447780642543,14629.081269338794,workbook_mid_shell,1.0
-44.5,201.66422960156285,-0.4987646181100227,1344.637183455526,0.11618828067955557,5418.084176723001,14627.9749848833,workbook_mid_shell,1.0
-44.0,200.11672258234324,0.5261991408127752,1345.5925502759046,0.12856851907478206,5399.989625431864,14625.911504274929,workbook_mid_shell,1.0
-43.5,210.8483953416035,-1.1204788430543995,1345.2511794984607,0.14191268648789712,5381.1781689455565,14621.986694083294,workbook_mid_shell,1.0
-43.0,180.5581841932563,-1.6679370744540953,1341.5468992266901,0.15625073374829715,5361.6655272140915,14623.693198890636,workbook_mid_shell,1.0
-42.5,181.7291755177202,-0.5689290327839661,1337.4658358603704,0.17160785903794926,5341.4692398315265,14620.914775457455,workbook_mid_shell,1.0
-42.0,170.6281729969748,-0.5926232832659023,1331.3645540494858,0.18800376412943393,5320.608809921433,14619.806259259834,workbook_mid_shell,1.0
-41.5,171.38557913735212,0.3459516619181111,1324.3311172125022,0.20545190848839293,5299.105847589162,14617.022284654113,workbook_mid_shell,1.0
-41.0,176.66624192778235,1.1377983791383068,1316.2095353260072,0.22395877272807038,5276.984210236083,14613.623267805096,workbook_mid_shell,1.0
-40.5,191.24651788731785,1.2029962332112984,1307.3402550301425,0.24352314384431997,5254.27013680646,14608.974517463,workbook_mid_shell,1.0
-40.0,197.66557297497732,0.5577722322250852,1297.1834613829596,0.26413543543053436,5230.9923728538715,14605.554950848293,workbook_mid_shell,1.0
-39.5,200.98178735327417,-0.7517556220710591,1286.1064769535044,0.2857770566394118,5207.182283178962,14602.691093675494,workbook_mid_shell,1.0
-39.0,184.54420924136062,0.6103214996274403,1273.611708739217,0.3084198439904323,5182.873948711796,14602.748972256197,workbook_mid_shell,1.0
-38.5,211.63430992610967,1.053686425495853,1262.3994063143114,0.33202557018976875,5158.104244296719,14596.90416266791,workbook_mid_shell,1.0
-38.0,202.93658014849487,1.57826206245534,1249.4636258013068,0.35654554390882975,5132.9128940915125,14596.295801636577,workbook_mid_shell,1.0
-37.5,239.1871485288169,1.9045055601530856,1238.1954185553418,0.3819203139399223,5107.342501420047,14589.655674119576,workbook_mid_shell,1.0
-37.0,236.18872035541293,1.4702543101065069,1225.3808258835852,0.4080794903002025,5081.438550121767,14588.806016104165,workbook_mid_shell,1.0
-36.5,264.8535608975177,2.1222605982983525,1214.0001949726325,0.4349416936830342,5055.24937472324,14583.853391519191,workbook_mid_shell,1.0
-36.0,273.24610443212225,1.1514296103087744,1202.107721447054,0.4624146431619742,5028.826097116104,14582.102622173152,workbook_mid_shell,1.0
-35.5,284.9525044867838,0.4278388623715568,1190.7643485527497,0.49039539024822354,5002.222527859245,14580.284946826363,workbook_mid_shell,1.0
-35.0,280.71344003946786,1.79634283503244,1179.3015074463274,0.5187707053077272,4975.495030726145,14581.129325609454,workbook_mid_shell,1.0
-34.5,316.314878049505,2.216344524717292,1170.0355124387293,0.5474176199882153,4948.702349684009,14576.85763200879,workbook_mid_shell,1.0
-34.0,319.4152549266823,0.6949595800994695,1160.1397690104457,0.5762041267270106,4921.90539811054,14577.628747923229,workbook_mid_shell,1.0
-33.5,328.4448057508986,1.2970617181489326,1151.2002362045403,0.6049900336531705,4895.167010716071,14578.092560023488,workbook_mid_shell,1.0
-33.0,342.0571204684842,1.2874220208702951,1143.1933519509057,0.6336279703155745,4868.551659330447,14578.466646582594,workbook_mid_shell,1.0
-32.5,350.9183412247295,-0.0653347159225243,1135.757836125959,0.6619645367212721,4842.125134421267,14580.08569704939,workbook_mid_shell,1.0
-32.0,340.91681406553505,0.24258078197453273,1128.3236750252931,0.6898415852200698,4815.954194917552,14584.952070760557,workbook_mid_shell,1.0
-31.5,355.15219987006986,0.7072343687024024,1122.5926316922605,0.7170976218896598,4790.106189604217,14587.057234351585,workbook_mid_shell,1.0
-31.0,353.2610093246909,-0.9450107857655847,1116.9125383628448,0.7435693113299406,4764.648654011315,14592.076103026691,workbook_mid_shell,1.0
-30.5,338.6571544092517,-0.9329541500542339,1111.368486255422,0.7690930662347593,4739.6488873312355,14599.553282966977,workbook_mid_shell,1.0
-30.0,336.97644838088075,-0.710994350623123,1106.9224359335371,0.7935067008411355,4715.173514440928,14605.92076461545,workbook_mid_shell,1.0
-29.5,326.24732503276135,-0.29215370447658356,1102.622100101891,0.8166511254230964,4691.288038569361,14614.27394913712,workbook_mid_shell,1.0
-29.0,331.8773601232655,-0.9169322078838358,1099.4026390140548,0.8383720574564479,4668.056390519633,14621.073466646072,workbook_mid_shell,1.0
-28.5,310.24247262167495,-1.065245378781656,1095.4325971248734,0.8585217239812488,4645.540480618124,14632.4426235159,workbook_mid_shell,1.0
-28.0,313.2831784265769,-0.767643676993971,1092.7002069781608,0.8769605290700035,4623.799759710701,14641.123866777607,workbook_mid_shell,1.0
-27.5,296.8437612590685,-1.3714511106024931,1089.349444497371,0.8935586602003637,4602.890795551278,14653.311244711229,workbook_mid_shell,1.0
-27.0,289.34226854097847,-0.3600409529531116,1086.429301032078,0.9081976077480743,4582.86687082678,14665.036556690677,workbook_mid_shell,1.0
-26.5,290.55977847508683,-1.0082293731231382,1083.8477594852473,0.9207715727628553,4563.7776088342625,14676.338809952047,workbook_mid_shell,1.0
-26.0,271.74352983421755,-1.079153407712656,1080.3782090598897,0.9311887396574456,4545.668632472401,14691.249740602572,workbook_mid_shell,1.0
-25.5,271.7227708541989,-0.6572766969575002,1077.5062061004098,0.9393723924054478,4528.581261736598,14704.337559090225,workbook_mid_shell,1.0
-25.0,260.2713841318971,0.2733483228771832,1073.9658997599292,0.9452618552711984,4512.552254322947,14719.836152269878,workbook_mid_shell,1.0
-24.5,276.49363528949897,0.47599045940134993,1071.277136928097,0.9488132419368659,4497.613593262742,14732.271053468106,workbook_mid_shell,1.0
-24.0,268.5791759815676,-0.1466216677106448,1067.3370569913695,0.9500000000893978,4483.792324740323,14748.893722340972,workbook_mid_shell,1.0
-23.5,273.93459884711217,0.6288940376525912,1063.6264391684263,0.9488132420144012,4471.110448409133,14764.46311292151,workbook_mid_shell,1.0
-23.0,279.55588840773,0.7313274553901435,1059.6253530699855,0.9452618554392868,4459.584861632389,14780.793521743944,workbook_mid_shell,1.0
-22.5,286.69936407981004,2.121970832760341,1055.4003997163388,0.9393723926920916,4449.227358155205,14797.700652613988,workbook_mid_shell,1.0
-22.0,316.6082081776694,2.6194618609018545,1051.833816935632,0.9311887401098284,4440.044680785027,14812.199905041163,workbook_mid_shell,1.0
-21.5,332.44947759769417,0.0750528803295403,1047.5006423149634,0.920771573454323,4432.038626737618,14829.43520052092,workbook_mid_shell,1.0
-21.0,317.91812880175183,0.6262401777708254,1041.8121991926196,0.9081976087888108,4425.206203416996,14851.674432510064,workbook_mid_shell,1.0
-20.5,343.37986587370784,1.1595184723969092,1037.6607893939624,0.8935586617531279,4419.5398315595,14869.049486702861,workbook_mid_shell,1.0
-20.0,338.1583070999255,1.170657788886101,1032.3098306448765,0.8769605313729038,4415.027591902696,14891.436062206292,workbook_mid_shell,1.0
-19.5,363.81454233496186,1.8916838160617877,1028.323386141019,0.8585217273803433,4411.653510855628,14910.194563445193,workbook_mid_shell,1.0
-19.0,371.18641988344854,0.10736611893141246,1023.8458104268644,0.8383720624520692,4409.397880062132,14932.184635308318,workbook_mid_shell,1.0
-18.5,365.6884368087795,1.193621200750111,1019.2115825935768,0.8166511327352994,4408.237604274964,14956.623219107312,workbook_mid_shell,1.0
-18.0,392.0220541536099,1.7974967936485995,1016.3313604829789,0.7935067115016943,4408.14657160396,14977.225154246555,workbook_mid_shell,1.0
-17.5,397.07097057156574,-0.6101169260376347,1013.2052820771048,0.7690930817158687,4409.096039971746,15001.397890806353,workbook_mid_shell,1.0
-17.0,381.37310246850825,-0.568806059964467,1009.979232008099,0.7435693337234461,4411.055033508008,15029.035468184995,workbook_mid_shell,1.0
-16.5,387.1431058674635,1.8284043238927874,1008.4630768777304,0.7170976541555157,4413.9907426368945,15054.19542273615,workbook_mid_shell,1.0
-16.0,413.2956148642764,1.0332885440088138,1008.7289279861761,0.6898416315292177,4417.868921757957,15076.99559977411,workbook_mid_shell,1.0
-15.5,405.1793484681727,0.1910592418521183,1008.6978894988346,0.6619646029266818,4422.654278682052,15105.051448537502,workbook_mid_shell,1.0
-15.0,416.63024006091615,1.1534596651604876,1010.6196695489465,0.6336280645964288,4428.310850350436,15130.78865834882,workbook_mid_shell,1.0
-14.5,425.31373753688456,0.24793750591218955,1013.683909927708,0.6049901673918389,4434.802359825959,15157.295315059795,workbook_mid_shell,1.0
-14.0,420.9575928892744,-0.37492216631878744,1017.5473342998755,0.576204315697497,4442.0925500861795,15185.969392963387,workbook_mid_shell,1.0
-13.5,418.7700178970381,0.6833259363218679,1022.8685537598412,0.5474178859593396,4450.145490754214,15214.640299238325,workbook_mid_shell,1.0
-13.0,432.8844458249992,1.7239849943803764,1030.2442188006125,0.5187710781958308,4458.92585455797,15241.286697126148,workbook_mid_shell,1.0
-12.5,448.8683161255995,0.2926329842172927,1039.1080488222817,0.4903959109944138,4468.399160995559,15267.885369240817,workbook_mid_shell,1.0
-12.0,437.9918993099811,0.575377840431031,1048.3006086212238,0.46241536755992085,4478.531985387254,15298.41367837706,workbook_mid_shell,1.0
-11.5,458.910891472728,1.4062916783827868,1060.1360035426478,0.4349426974475908,4489.292132196133,15324.614103451211,workbook_mid_shell,1.0
-11.0,462.5412492822977,0.6411554352371585,1072.5966479376732,0.4080808757475939,4500.648772184944,15353.311864414836,workbook_mid_shell,1.0
-10.5,470.10163194835405,0.5141147301281155,1086.4551303799874,0.38192221875034676,4512.572543631352,15381.489084576646,workbook_mid_shell,1.0
-10.0,471.5144848829251,0.027498641376871392,1101.2108186217388,0.35654815256605005,4525.035618434776,15410.508745213148,workbook_mid_shell,1.0
-9.5,470.5815738170562,0.5215949534558089,1116.89783097047,0.3320291288441442,4538.011734504316,15439.79021897657,workbook_mid_shell,1.0
-9.0,480.618285675218,-0.5707022666461999,1133.9117338896806,0.30842467967697906,4551.476196309719,15467.420577548042,workbook_mid_shell,1.0
-8.5,460.62061079024164,-0.2837471947933143,1150.45790258825,0.28578360200652886,4565.405845898684,15499.091325220408,workbook_mid_shell,1.0
-8.0,475.6659223963138,0.5525138263530324,1168.9695627914543,0.2641442604041583,4579.779007029312,15525.64240190194,workbook_mid_shell,1.0
-7.5,470.2640951439132,-1.873410628379121,1187.0441427572598,0.24353499597302528,4594.57540533313,15554.79313941637,workbook_mid_shell,1.0
-7.0,442.95708145426426,-0.8280982415636629,1204.4298221034699,0.22397462833383863,4609.776067611265,15586.69843418237,workbook_mid_shell,1.0
-6.5,455.8100478474453,0.2748091503431723,1223.407958447489,0.20547303719226348,4625.363203475164,15612.620101689698,workbook_mid_shell,1.0
-6.0,447.7534427220802,-1.064319454011953,1241.3297195139314,0.188031809837609,4641.320072576792,15641.05910048063,workbook_mid_shell,1.0
-5.5,437.23203216912464,-1.2178299231235363,1258.7251117027918,0.17164494106807282,4657.630840636252,15669.38478023053,workbook_mid_shell,1.0
-5.0,426.4950993655647,-0.797869602852069,1275.477720117877,0.15629957245233433,4674.280427373219,15697.23436626741,workbook_mid_shell,1.0
-4.5,423.30568039510905,-0.027522175066805838,1291.6962207555848,0.14197675849033212,4691.25434928991,15723.473778049667,workbook_mid_shell,1.0
-4.0,426.0147467563934,-1.0507229796476067,1307.1204466457586,0.1286522480932888,4708.538560045645,15748.287353885475,workbook_mid_shell,1.0
-3.5,404.9650488225026,-0.336169262405436,1320.3805424871002,0.11629727082714168,4726.1192909153915,15775.781421619797,workbook_mid_shell,1.0
-3.0,420.14741895617453,0.9172954195737336,1333.7060672736254,0.10487931851518159,4743.982893546545,15797.512523197016,workbook_mid_shell,1.0
-2.5,420.97624209793275,0.9072366040265913,1344.9196633073186,0.09436291403447819,4762.1156869290735,15820.518953735607,workbook_mid_shell,1.0
-2.0,435.98300826713626,0.5803614519355313,1355.0272017032964,0.08471036042594875,4780.50381018409,15840.763766829245,workbook_mid_shell,1.0
-1.5,431.10580672292525,0.2871297789463991,1362.551476601776,0.0758824647296312,4799.133082464253,15862.974345451357,workbook_mid_shell,1.0
-1.0,440.9944102420088,2.469463677709205,1368.7861969163891,0.06783923221605759,4817.988870955649,15882.259787427232,workbook_mid_shell,1.0
-0.5,474.23278667183286,2.2593540095798836,1374.0063177418228,0.06054052787473558,4837.0559676836865,15897.379848026414,workbook_mid_shell,1.0
0.0,480.44802858922253,0.48771249609476164,1376.153446009307,0.05394670310728157,4856.318475563433,15915.349780721906,workbook_mid_shell,1.0
0.5,482.7451811280071,0.981588330391944,1376.1338813240493,0.04801918652444669,4875.759703905036,15932.899548678191,workbook_mid_shell,1.0
1.0,497.58165314697214,1.9541129029405062,1374.6138282324848,0.04272103853545682,4895.362073394291,15947.69149082374,workbook_mid_shell,1.0
1.5,516.864115303311,2.1146762401757253,1371.3030922152293,0.03801747002116902,4915.107030422499,15960.826835798127,workbook_mid_shell,1.0
2.0,534.5064840723982,1.8824455483848979,1366.016806901526,0.03387632578059738,4934.974970543156,15973.127659706997,workbook_mid_shell,1.0
2.5,549.7308148691991,0.13387822240875513,1358.8064762795648,0.030268533619586264,4954.945170789036,15984.674832252715,workbook_mid_shell,1.0
3.0,536.8431041026216,0.7555846707677546,1348.7496298570459,0.02716851990277489,4974.995730593702,15999.039471084727,workbook_mid_shell,1.0
3.5,562.919019674553,1.4221709779724694,1338.6555162950103,0.024554592113773612,4995.103521127066,16006.80700146983,workbook_mid_shell,1.0
4.0,561.6697690573507,0.3279928993656474,1326.0176749484222,0.022409288468860672,5015.244142973658,16017.235991847305,workbook_mid_shell,1.0
4.5,568.6436382247327,-0.7365010876407884,1312.4196434665566,0.020719693919225655,5035.391892252217,16025.329990466256,workbook_mid_shell,1.0
5.0,548.8146920903409,-1.6681164348679,1296.6359029784055,0.019477720976596405,5055.519735490639,16035.975154282105,workbook_mid_shell,1.0
5.5,539.5212853164131,-0.8663968311932131,1280.3466130240581,0.018680352736261237,5075.599293824479,16043.928899152814,workbook_mid_shell,1.0
6.0,533.6920620973987,-0.8648084110553427,1263.463693042112,0.018329844288099802,5095.600837370856,16050.16829622489,workbook_mid_shell,1.0
6.5,524.4263848132822,0.04101058059333315,1245.9109802235196,0.018433877447186543,5115.493290931494,16055.648842831959,workbook_mid_shell,1.0
7.0,534.4078318791427,-1.199746213978504,1228.797663151835,0.019005662456400754,5135.244252485441,16057.186598182136,workbook_mid_shell,1.0
7.5,503.48380224840304,-2.129355176152397,1209.9183671428161,0.020063979077884698,5154.820026228476,16063.197058525908,workbook_mid_shell,1.0
8.0,497.2264534493298,-1.3680680231651485,1192.0925543866397,0.02163314836878428,5174.185672185306,16064.496639991332,workbook_mid_shell,1.0
8.5,479.6019721372586,-0.9166871285811586,1174.0683715077432,0.023742925505647647,5193.305074644272,16066.128989193123,workbook_mid_shell,1.0
9.0,481.22587957439987,-0.07577926318680336,1157.2501029632047,0.026428303360761397,5212.141031823048,16063.809243256452,workbook_mid_shell,1.0
9.5,478.27937371872196,-1.547966000016795,1140.8522774257192,0.029729216223055854,5230.6553692487305,16060.87573901286,workbook_mid_shell,1.0
10.0,454.2022007690729,-2.3101319508348013,1124.3650898453727,0.03369013317421013,5248.80907930769,16059.65300237692,workbook_mid_shell,1.0
10.5,437.9381023255588,-0.5307496041882882,1109.0822191427314,0.03835953124954955,5266.562489272529,16056.097371463005,workbook_mid_shell,1.0
11.0,444.9386077034983,-0.2001576009051575,1095.739304862709,0.043789239695664,5283.87545983024,16048.05644574271,workbook_mid_shell,1.0
11.5,434.44467895572086,-1.2660242872889511,1082.80388950115,0.05003364843063708,5300.707615705744,16041.249630235392,workbook_mid_shell,1.0
12.0,422.8387186345762,-0.018360087988857333,1071.0085467117644,0.057148776248117615,5317.018609391271,16033.398823391757,workbook_mid_shell,1.0
12.5,434.12423495839124,0.34356890868341333,1061.3695000412065,0.065191197390238,5332.768418252719,16021.161227495551,workbook_mid_shell,1.0
13.0,428.8351991704085,-1.4480167873333565,1052.3428192874937,0.07421682882713554,5347.917674393985,16010.081996804991,workbook_mid_shell,1.0
13.5,408.84619240872695,-0.9329333884841002,1044.0170368416855,0.08427958487344142,5362.428025631009,15999.920769914777,workbook_mid_shell,1.0
14.0,412.55100068044544,0.3850983498844096,1037.9208816428925,0.09542991056356534,5376.262524778427,15985.326614254289,workbook_mid_shell,1.0
14.5,415.5675277705944,-0.7565507482993226,1033.0524298344537,0.10771321038402228,5389.386043210486,15969.73928107725,workbook_mid_shell,1.0
15.0,399.34593170493116,-1.1429660140822753,1028.6247259678748,0.12116819437605508,5401.765703359558,15955.784004300433,workbook_mid_shell,1.0
15.5,395.616361037493,0.05517500805027663,1025.8453011969823,0.13582516909864947,5413.371323502418,15939.048750669783,workbook_mid_shell,1.0
16.0,400.30891755789503,0.6064773779714534,1024.4748592454584,0.15170430627742848,5424.1758669053825,15920.135353699008,workbook_mid_shell,1.0
16.5,406.20178346502695,0.14830641315675333,1024.13532837942,0.16881392693469272,5434.155886208084,15900.088700233617,workbook_mid_shell,1.0
17.0,402.8973585501548,0.3663989410603823,1024.3112296619902,0.18714884316247493,5443.291952879227,15880.399991454993,workbook_mid_shell,1.0
17.5,412.59673853506814,0.828998686107689,1025.783127769473,0.20668880322195862,5451.56906073414,15857.998232165117,workbook_mid_shell,1.0
18.0,417.3671248555401,0.08216467364809543,1027.7208984886186,0.22739708809306522,5458.976991919846,15835.432705922185,workbook_mid_shell,1.0
18.5,414.03078360208366,0.6859202396219336,1029.8819065267044,0.24921930873889886,5465.510633501357,15813.188429767826,workbook_mid_shell,1.0
19.0,429.33926339108206,1.2965808728556139,1033.2205903331887,0.272082453001691,5471.170232868209,15787.561669406818,workbook_mid_shell,1.0
19.5,436.66425250955575,0.5541497171404852,1036.5586578182408,0.2958942290614169,5475.961580658604,15762.323121828636,workbook_mid_shell,1.0
20.0,439.0113020882822,0.2921756208380646,1039.9080920443078,0.320542748668716,5479.896110793198,15737.095893870204,workbook_mid_shell,1.0
20.5,441.7637232897853,0.1284805421299288,1043.383211494585,0.34589658787488875,5482.990908529776,15711.171253853849,workbook_mid_shell,1.0
21.0,441.2537143317768,0.13611752134923158,1046.7456226138206,0.371805255757265,5485.268619186063,15685.108568743879,workbook_mid_shell,1.0
21.5,444.1394266764314,0.37389199155932445,1050.1811724741335,0.39810009278565606,5486.757252304532,15658.02240777977,workbook_mid_shell,1.0
22.0,447.7794532624074,-0.09340092686777356,1053.5165251391245,0.42459561017803377,5487.489878506643,15630.330005252259,workbook_mid_shell,1.0
22.5,442.50927153418206,-0.5529159937242433,1056.3115127442757,0.45109127010795935,5487.504219042654,15603.432448110258,workbook_mid_shell,1.0
23.0,438.1289491107309,-0.6471953803110001,1058.9196093320866,0.47737369427794657,5486.842131008926,15576.006285577792,workbook_mid_shell,1.0
23.5,431.2131008039683,0.17953906863937727,1061.1809491853053,0.5032192755463412,5485.548994285324,15548.580022641641,workbook_mid_shell,1.0
24.0,441.2625072507224,-0.9038303127036112,1063.8686550645732,0.5283971544213956,5483.67300933723,15518.47278025502,workbook_mid_shell,1.0
24.5,415.4369773442437,-1.2849536411091542,1064.8780556364588,0.5526725097764887,5481.264418019424,15493.131581035035,workbook_mid_shell,1.0
25.0,418.8320748478676,-1.4481326718176033,1066.8372999779428,0.5758101015686332,5478.374662298559,15463.492493885004,workbook_mid_shell,1.0
25.5,390.1569109362959,-1.801766847214291,1067.3336673059068,0.597577993124349,5475.055498265701,15438.185629581796,workbook_mid_shell,1.0
26.0,387.3749410180904,-0.382144102492501,1068.7380663557071,0.6177513721297303,5471.358084835286,15409.145316242713,workbook_mid_shell,1.0
26.5,383.48713922986474,-2.356174993645028,1070.0349227200634,0.636116383212785,5467.332068028932,15380.200342679758,workbook_mid_shell,1.0
27.0,346.2287328646241,-2.659591649470309,1070.008330851856,0.652473881254838,5463.024682645259,15355.916304404951,workbook_mid_shell,1.0
27.5,337.0351401860322,-1.9498836860841802,1071.1987313570523,0.6666430135473501,5458.4798933641805,15327.740262481037,workbook_mid_shell,1.0
28.0,312.18369818898617,-1.521942307041139,1071.9464167372869,0.6784645407551045,5453.737596893806,15301.840793373181,workbook_mid_shell,1.0
28.5,310.4659866511931,-1.6154266995197604,1073.8961015846771,0.6878038113820307,5448.8329056340945,15272.833757183122,workbook_mid_shell,1.0
29.0,283.98171018669603,-2.68756710167096,1075.2262426635273,0.6945533119745639,5443.795531524469,15247.471049891155,workbook_mid_shell,1.0
29.5,263.5246591496981,-1.4664902971973577,1077.2619790009558,0.6986347254395479,5438.649286310954,15221.486466946375,workbook_mid_shell,1.0
30.0,258.3810354027646,-1.3484088368580158,1080.4645540968556,0.700000442292993,5433.411711485315,15193.623838416177,workbook_mid_shell,1.0
30.5,239.98613946244137,-1.0770631225717633,1083.7751111983673,0.698634483990851,5428.09384771076,15167.924996429248,workbook_mid_shell,1.0
31.0,239.58052305996605,-1.3418832967583543,1088.5185563240677,0.6945528132421283,5422.700149771261,15140.057820585285,workbook_mid_shell,1.0
31.5,216.56157473369862,-0.9821150149933949,1093.13537673915,0.6878030228270172,5417.228549094605,15115.746926095402,workbook_mid_shell,1.0
32.0,222.43770342182788,0.653729494901289,1099.737748011357,0.6784634113599887,5411.670661841409,15087.819991779359,workbook_mid_shell,1.0
32.5,227.97180197677312,0.20892691908821265,1107.1934400968587,0.6666414710590522,5406.012136565577,15060.407592662797,workbook_mid_shell,1.0
33.0,226.0841822180117,-0.09925779501084045,1115.2403691033303,0.6524718283293716,5400.233131674641,15034.536710550718,workbook_mid_shell,1.0
33.5,226.23942491253771,0.9846023876064057,1124.2608065053928,0.6361136923009646,5394.308909481113,15008.916500694751,workbook_mid_shell,1.0
34.0,243.2704274883201,1.2947793928580371,1134.8334055598466,0.6177478788950673,5388.210530653798,14981.50285514281,workbook_mid_shell,1.0
34.5,248.8414359782273,-0.07227969721180574,1145.7911386545015,0.5975734881302166,5381.905630447441,14956.29351283138,workbook_mid_shell,1.0
35.0,242.00890812042311,-0.3554328613230168,1157.0435151381953,0.5758043199108684,5375.359256283574,14933.449478009088,workbook_mid_shell,1.0
35.5,242.63788270086079,0.5637221415371136,1169.3133953839156,0.55266511826856,5368.534745122956,14910.216672625642,workbook_mid_shell,1.0
36.0,251.8480330414438,1.8142516748325945,1182.5553698382591,0.5283877358607858,5361.3946186316325,14886.46343791321,workbook_mid_shell,1.0
36.5,274.3131350022337,1.4562527987972702,1196.8486467414461,0.5032073095015475,5353.901474392038,14861.558563029474,workbook_mid_shell,1.0
37.0,277.26991348245565,0.3650351449051495,1210.7586744571292,0.477358533734111,5346.0188523157785,14840.110005912007,workbook_mid_shell,1.0
37.5,280.6842863692354,0.292312187895781,1224.9453996711716,0.4510721131942753,5337.7120569194685,14819.341583785392,workbook_mid_shell,1.0
38.0,282.3717678695042,1.7468442052677176,1239.1700058995218,0.4245714660703753,5328.948918152922,14799.576086730554,workbook_mid_shell,1.0
38.5,311.18191933727104,1.1727828796685482,1254.4244957169299,0.3980697407320988,5319.7004759269485,14776.789430047362,workbook_mid_shell,1.0
39.0,302.8435496777789,-0.7019822384829778,1267.9679471791112,0.37176719601112795,5309.941576271012,14759.992307171664,workbook_mid_shell,1.0
39.5,298.92940490783735,0.11330931135929098,1281.2877515942916,0.3458489831386417,5299.6513700473615,14743.375119644172,workbook_mid_shell,1.0
40.0,304.82117281231683,0.10130462564023011,1294.4210192104342,0.3204833544517672,5288.8137082440735,14726.192868523865,workbook_mid_shell,1.0
40.5,300.6975060152245,-1.6189806208852662,1306.3970112850207,0.29582031113496227,5277.417430953986,14711.226828791258,workbook_mid_shell,1.0
41.0,276.55710773836364,-1.8031881608041103,1316.6410283585333,0.27199068989435554,5265.456550116174,14699.881320538967,workbook_mid_shell,1.0
41.5,269.21554101681534,-0.31116491205454955,1326.4572478837015,0.24910567695823424,5252.93032885912,14687.004164423177,workbook_mid_shell,1.0
42.0,271.1262021129023,-0.5407808062905519,1335.384475214123,0.22725672748105447,5239.843262761747,14673.651759639273,workbook_mid_shell,1.0
42.5,259.7768551367322,-1.3670030523229122,1342.3748108491102,0.20651585955920898,5226.204970478212,14662.973588793413,workbook_mid_shell,1.0
43.0,247.2629698422237,-1.971432462495926,1347.779232252546,0.18693628482825844,5212.0300029107175,14653.271975733256,workbook_mid_shell,1.0
43.5,225.35528260314678,-2.200382458391263,1351.1527382591607,0.16855333211189957,5197.337581435408,14645.692657462254,workbook_mid_shell,1.0
44.0,208.84015984832814,-2.6561795993731123,1352.990153932563,0.15138561686738508,5182.151276581459,14638.157168949723,workbook_mid_shell,1.0
44.5,178.96296340227542,-2.4950524354974815,1352.46576286895,0.13543640718639832,5166.498639040892,14633.280812812143,workbook_mid_shell,1.0
45.0,165.26573251393552,-0.5833129630730663,1350.708383641247,0.12069513676921262,5150.410794969204,14626.915429680796,workbook_mid_shell,1.0
45.5,168.78187987738474,-1.0336229743085064,1347.7303681384114,0.10713901644628038,5133.922017260061,14618.90219150512,workbook_mid_shell,1.0
46.0,147.2236511039814,-2.4918130688282223,1341.8359279664187,0.09473469828738136,5117.069283886007,14615.145412726702,workbook_mid_shell,1.0
46.5,125.26409736726505,-1.6123820344685962,1334.0328418641786,0.08343994989716268,5099.891833543499,14612.173134210097,workbook_mid_shell,1.0
47.0,119.07484471636309,-1.0032260389477026,1325.0139855411564,0.0732053009130491,5082.430727780868,14607.701900076461,workbook_mid_shell,1.0
47.5,107.75271022723112,0.33931934469253117,1314.0140033089374,0.06397562875675993,5064.728427579559,14604.637100240314,workbook_mid_shell,1.0
48.0,124.99715373468393,0.3731127861491143,1302.475605782273,0.055691656108017254,5046.828391059098,14598.23820003855,workbook_mid_shell,1.0
48.5,114.2648488799635,-0.88532866434644,1288.2545570116101,0.0482913381457313,5028.774697637856,14596.397177031604,workbook_mid_shell,1.0
49.0,109.54402369059221,0.08903134938626442,1272.849076147672,0.04171112313593678,5010.61170265356,14594.33019373929,workbook_mid_shell,1.0
49.5,115.81874031490976,0.3260798198886672,1256.6164862562375,0.035887075261226004,4992.383725171678,14591.31268234764,workbook_mid_shell,1.0
50.0,115.23525161719914,1.2126250581319042,1239.0176279041154,0.030755853537606265,4974.134770521343,14589.816141882691,workbook_mid_shell,1.0
50.5,136.98620076238512,1.2515787252153037,1221.4097059761268,0.026255545137847985,4955.908288024652,14585.724440359641,workbook_mid_shell,1.0
51.0,137.08289632779307,1.2965031906603026,1202.2344218587634,0.022326355354089656,4937.746963445518,14585.165789111039,workbook_mid_shell,1.0
51.5,159.61831316527434,1.7132189483437898,1183.4655440782508,0.018911159736583496,4919.692544890799,14581.93601801468,workbook_mid_shell,1.0
52.0,166.9931224443313,0.2549708787579502,1163.81486000083,0.0159559266188011,4901.785700254288,14581.267028886516,workbook_mid_shell,1.0
52.5,164.06842387185546,0.9470220646393844,1143.6951084622933,0.013410020286176487,4884.065903802221,14582.445512559116,workbook_mid_shell,1.0
53.0,183.5232809151917,0.9724132897986455,1124.6310718230975,0.011226396492872168,4866.571349150891,14580.862995264828,workbook_mid_shell,1.0
53.5,181.04186719105834,-0.1135279296827599,1105.0638747666947,0.009361702922003404,4849.338885672342,14582.689740911543,workbook_mid_shell,1.0
54.0,181.54184215615243,-0.24994233312783184,1086.1970090879154,0.0077762975768280234,4832.403975269064,14584.402882438928,workbook_mid_shell,1.0
54.5,176.67952286630316,0.39901383157985826,1067.8935602052718,0.0064341980494993355,4815.800666467486,14587.135802631929,workbook_mid_shell,1.0
55.0,188.50605986389118,0.3364797150828055,1051.219654363295,0.005302974211008596,4799.561582875675,14587.76637498493,workbook_mid_shell,1.0
55.5,182.5522692746181,-0.09179659710436296,1034.9652799163214,0.00435359617319023,4783.717923215783,14591.085193045687,workbook_mid_shell,1.0
56.0,186.90390563143987,0.4307619270751348,1020.4049971928703,0.003560248461720921,4768.299470359376,14593.125138126077,workbook_mid_shell,1.0
56.5,190.07062484954076,0.7895225145400301,1007.2107050698629,0.0029001202743499403,4753.334607048062,14595.45983017993,workbook_mid_shell,1.0
57.0,200.68454527158707,-0.6756527743974202,995.8379330752531,0.002353180541557958,4738.85033625806,14596.845934459488,workbook_mid_shell,1.0
57.5,178.2777126906697,-0.3527521056697766,984.7556575269786,0.0019019453105300916,4724.872304453064,14602.914420845136,workbook_mid_shell,1.0
58.0,194.52778179385766,0.5760613514158108,976.8952337829763,0.0015312437827304003,4711.424826253924,14603.596271830193,workbook_mid_shell,1.0
58.5,188.33221875951745,-0.04509772600787184,969.8528693334896,0.0012279881870894578,4698.530909327688,14607.412196224737,workbook_mid_shell,1.0
59.0,193.74067782731254,-1.1087184055712198,965.0068291446296,0.0009809515932208178,4686.212278555445,14609.562196914056,workbook_mid_shell,1.0
59.5,168.97901642333537,-0.8245248361698756,960.678709810334,0.0007805567827152858,4674.489398773456,14615.862307364549,workbook_mid_shell,1.0
60.0,179.34901119414707,1.1881435285599762,959.4501357167396,0.0006186784148549876,4663.381495591821,14617.138727886955,workbook_mid_shell,1.0
-60.0,119.42638570504096,-1.000319418716319,1883.637344208983,0.0014571201453582399,11120.71469083452,28927.450822109495,thick_30km_reason_mode,1.9897349975295349
-59.5,110.69606493723512,-0.36864692791289094,1883.0664519454824,0.0017423102885695018,11133.259678069619,28948.189659433356,thick_30km_reason_mode,1.9897349975295349
-59.0,112.99219424849355,1.3570697895096584,1886.8773627615044,0.0020781165622737407,11144.332752824446,28965.245361013483,thick_30km_reason_mode,1.9897349975295349
-58.5,134.3858310571132,0.40549464520931483,1895.7898773531165,0.0024724559900891306,11153.913647817895,28976.32586457205,thick_30km_reason_mode,1.9897349975295349
-58.0,120.06952906780961,0.2587278302284246,1905.4727139850265,0.002934279637824933,11161.983750932635,28996.658066011812,thick_30km_reason_mode,1.9897349975295349
-57.5,138.90151425445745,0.9966465371333109,1921.3889501889878,0.003473671086050251,11168.526079233392,29007.023634816054,thick_30km_reason_mode,1.9897349975295349
-57.0,137.46604725484156,0.146350878007846,1939.221126368504,0.004101948007251427,11173.525248317868,29022.26876488335,thick_30km_reason_mode,1.9897349975295349
-56.5,141.4558244940569,1.6982760287478718,1960.8992500818863,0.004831765769462065,11176.96743748896,29035.206591207705,thick_30km_reason_mode,1.9897349975295349
-56.0,167.1152389347629,1.095568402566077,1987.5535306601073,0.00567722175025564,11178.840351355304,29041.285884047928,thick_30km_reason_mode,1.9897349975295349
-55.5,160.57943103446084,0.5153344049158302,2014.6881254198502,0.006653958791894301,11179.133178592701,29055.489000529713,thick_30km_reason_mode,1.9897349975295349
-55.0,176.10976359434375,1.9375832769621162,2046.369286699998,0.00777926596365537,11177.836548730244,29062.682145176874,thick_30km_reason_mode,1.9897349975295349
-54.5,194.40953580817023,1.1621733604129902,2080.768450308842,0.0090721745252693,11174.942487959697,29068.225912011156,thick_30km_reason_mode,1.9897349975295349
-54.0,196.39629745562698,1.1821598049761988,2116.0376486802434,0.01055354671133019,11170.444375102303,29077.4250846369,thick_30km_reason_mode,1.9897349975295349
-53.5,215.04504497494062,1.3680971764865026,2154.440221459716,0.012246154686801397,11164.336899000831,29081.087064241092,thick_30km_reason_mode,1.9897349975295349
-53.0,220.27863667842527,0.770047118937855,2193.194401524424,0.014174746765614449,11156.616018732775,29087.58713747489,thick_30km_reason_mode,1.9897349975295349
-52.5,228.48571186718385,1.2010464885158898,2233.1953306807504,0.01636609774605335,11147.2789281591,29092.360844631985,thick_30km_reason_mode,1.9897349975295349
-52.0,241.24392327938918,1.8849487235204285,2274.143996169736,0.018849040007151784,11136.324026427848,29094.973400128038,thick_30km_reason_mode,1.9897349975295349
-51.5,261.3961473371179,0.6143822994268798,2315.8329109840834,0.021654471839431727,11123.750896138208,29094.641432366432,thick_30km_reason_mode,1.9897349975295349
-51.0,251.96732827517536,-0.6685128149453395,2354.8826757067172,0.02481533936122231,11109.560290933616,29101.677191620416,thick_30km_reason_mode,1.9897349975295349
-50.5,249.7278681272967,1.2458557628556246,2393.7868187941076,0.028366588309059755,11093.754134327233,29105.85395702511,thick_30km_reason_mode,1.9897349975295349
-50.0,273.71504099052385,0.5265113987513387,2433.6374122330726,0.03234508199786936,11076.33553156418,29101.888520348104,thick_30km_reason_mode,1.9897349975295349
-49.5,258.91748425644914,-0.2820215504709324,2468.853236085602,0.03678948183408114,11057.308796287829,29107.91415969923,thick_30km_reason_mode,1.9897349975295349
-49.0,268.7927966209557,0.3761400389770129,2504.099831855345,0.04174008694223705,11036.679493697187,29106.281044299503,thick_30km_reason_mode,1.9897349975295349
-48.5,265.4824606971943,-0.8682954002182077,2536.006579896522,0.0472386297417321,11014.454501755108,29107.565745042826,thick_30km_reason_mode,1.9897349975295349
-48.0,253.6370227527636,-0.15628056679417154,2564.618727612991,0.053328024692427034,10990.642091828851,29110.506778734354,thick_30km_reason_mode,1.9897349975295349
-47.5,262.7548434853875,0.015916047778322624,2591.9962587933805,0.06005206792152438,10965.252029913172,29106.92427073497,thick_30km_reason_mode,1.9897349975295349
-47.0,253.9148101975453,-0.5160265108274331,2614.794697242073,0.06745508605265516,10938.295699299762,29107.7006457322,thick_30km_reason_mode,1.9897349975295349
-46.5,253.748238320312,-0.9458739766924045,2634.9310503961156,0.0755815332823163,10909.786245215004,29105.460902100265,thick_30km_reason_mode,1.9897349975295349
-46.0,237.40469511010875,-1.358394307892384,2650.2715873006114,0.08447553658641699,10879.738741552235,29107.17385854977,thick_30km_reason_mode,1.9897349975295349
-45.5,230.03534200748854,-1.6372204797558647,2662.7105137987555,0.09418038988521,10848.170379376972,29105.882518925584,thick_30km_reason_mode,1.9897349975295349
-45.0,208.8220272535724,-1.6251090668955641,2670.3733983398915,0.10473799903926095,10815.100676388705,29107.99498330719,thick_30km_reason_mode,1.9897349975295349
-44.5,201.66422960156285,-0.4987646181100227,2675.4716629010018,0.11618828067955557,10780.551705986752,29105.79377040887,thick_30km_reason_mode,1.9897349975295349
-44.0,200.11672258234324,0.5261991408127752,2677.3725896989877,0.12856851907478206,10744.548344018183,29101.68799082567,thick_30km_reason_mode,1.9897349975295349
-43.5,210.8483953416035,-1.1204788430543995,2676.6933523159737,0.14191268648789712,10707.118530692875,29093.878658628717,thick_30km_reason_mode,1.9897349975295349
-43.0,180.5581841932563,-1.6679370744540953,2669.3228162185733,0.15625073374829715,10668.293544545522,29097.274150967336,thick_30km_reason_mode,1.9897349975295349
-42.5,181.7291755177202,-0.5689290327839661,2661.2025816114715,0.17160785903794926,10628.108284720269,29091.74582462438,thick_30km_reason_mode,1.9897349975295349
-42.0,170.6281729969748,-0.5926232832659023,2649.062647662564,0.18800376412943393,10586.601557264645,29089.540171150646,thick_30km_reason_mode,1.9897349975295349
-41.5,171.38557913735212,0.3459516619181111,2635.067972235104,0.20545190848839293,10543.816360561566,29084.000799445406,thick_30km_reason_mode,1.9897349975295349
-41.0,176.66624192778235,1.1377983791383068,2618.908176520243,0.22395877272807038,10499.800164517486,29077.23765666373,thick_30km_reason_mode,1.9897349975295349
-40.5,191.24651788731785,1.2029962332112984,2601.2606591126623,0.24352314384431997,10454.60517767811,29067.98787541328,thick_30km_reason_mode,1.9897349975295349
-40.0,197.66557297497732,0.5577722322250852,2581.0513313301767,0.26413543543053436,10408.288596077415,29061.183844043615,thick_30km_reason_mode,1.9897349975295349
-39.5,200.98178735327417,-0.7517556220710591,2559.0110677437997,0.2857770566394118,10360.91282735693,29055.48552719897,thick_30km_reason_mode,1.9897349975295349
-39.0,184.54420924136062,0.6103214996274403,2534.1497901418124,0.3084198439904323,10312.545683535956,29055.600690236603,thick_30km_reason_mode,1.9897349975295349
-38.5,211.63430992610967,1.053686425495853,2511.8402796040928,0.33202557018976875,10263.260535782816,29043.97106804489,thick_30km_reason_mode,1.9897349975295349
-38.0,202.93658014849487,1.57826206245534,2486.101504397007,0.35654554390882975,10213.136424644494,29042.760590809714,thick_30km_reason_mode,1.9897349975295349
-37.5,239.1871485288169,1.9045055601530856,2463.6807580802943,0.3819203139399223,10162.258119445505,29029.548496701078,thick_30km_reason_mode,1.9897349975295349
-37.0,236.18872035541293,1.4702543101065069,2438.183114562215,0.4080794903002025,10110.716120973017,29027.857902411884,thick_30km_reason_mode,1.9897349975295349
-36.5,264.8535608975177,2.1222605982983525,2415.5386749447257,0.4349416936830342,10058.606602126129,29018.003491945536,thick_30km_reason_mode,1.9897349975295349
-36.0,273.24610443212225,1.1514296103087744,2391.875804163689,0.4624146431619742,10006.031281921772,29014.51992490512,thick_30km_reason_mode,1.9897349975295349
-35.5,284.9525044867838,0.4278388623715568,2369.3054981258633,0.49039539024822354,9953.097229112198,29010.90323265347,thick_30km_reason_mode,1.9897349975295349
-35.0,280.71344003946786,1.79634283503244,2346.497482005295,0.5187707053077272,9899.916592670099,29012.583322669354,thick_30km_reason_mode,1.9897349975295349
-34.5,316.314878049505,2.216344524717292,2328.060607451743,0.5474176199882153,9846.606257522915,29004.083784413393,thick_30km_reason_mode,1.9897349975295349
-34.0,319.4152549266823,0.6949595800994695,2308.370700425914,0.5762041267270106,9793.28742515008,29005.6181007355,thick_30km_reason_mode,1.9897349975295349
-33.5,328.4448057508986,1.2970617181489326,2290.583399140441,0.6049900336531705,9740.0851199738,29006.540963903666,thick_30km_reason_mode,1.9897349975295349
-33.0,342.0571204684842,1.2874220208702951,2274.651821319816,0.6336279703155745,9687.127623850281,29007.285297022423,thick_30km_reason_mode,1.9897349975295349
-32.5,350.9183412247295,-0.0653347159225243,2259.857115258235,0.6619645367212721,9634.545842375399,29010.506778398973,thick_30km_reason_mode,1.9897349975295349
-32.0,340.91681406553505,0.24258078197453273,2245.0651047389674,0.6898415852200698,9582.472608126627,29020.18957248314,thick_30km_reason_mode,1.9897349975295349
-31.5,355.15219987006986,0.7072343687024024,2233.661847246874,0.7170976218896598,9531.041927338358,29024.378290155735,thick_30km_reason_mode,1.9897349975295349
-31.0,353.2610093246909,-0.9450107857655847,2222.3599667601015,0.7435693113299406,9480.388177818304,29034.364508806597,thick_30km_reason_mode,1.9897349975295349
-30.5,338.6571544092517,-0.9329541500542339,2211.3287722538353,0.7690930662347593,9430.645267124879,29049.24211541661,thick_30km_reason_mode,1.9897349975295349
-30.0,336.97644838088075,-0.710994350623123,2202.482310327603,0.7935067008411355,9381.945761107447,29061.911716498704,thick_30km_reason_mode,1.9897349975295349
-29.5,326.24732503276135,-0.29215370447658356,2193.9257816222466,0.8166511254230964,9334.419993833144,29078.532340082293,thick_30km_reason_mode,1.9897349975295349
-29.0,331.8773601232655,-0.9169322078838358,2187.5199072225946,0.8383720574564479,9288.195170658311,29092.06157803617,thick_30km_reason_mode,1.9897349975295349
-28.5,310.24247262167495,-1.065245378781656,2179.620575934032,0.8585217239812488,9243.394476726058,29114.68318735247,thick_30km_reason_mode,1.9897349975295349
-28.0,313.2831784265769,-0.767643676993971,2174.183843632213,0.8769605290700035,9200.136203465036,29131.956560892355,thick_30km_reason_mode,1.9897349975295349
-27.5,296.8437612590685,-1.3714511106024931,2167.5167142557766,0.8935586602003637,9158.532905714941,29156.206213295,thick_30km_reason_mode,1.9897349975295349
-27.0,289.34226854097847,-0.3600409529531116,2161.706402605076,0.9081976077480743,9118.69060190271,29179.53647689746,thick_30km_reason_mode,1.9897349975295349
-26.5,290.55977847508683,-1.0082293731231382,2156.56981904177,0.9207715727628553,9080.708029239187,29202.024965762554,thick_30km_reason_mode,1.9897349975295349
-26.0,271.74352983421755,-1.079153407712656,2149.666333134743,0.9311887396574456,9044.675965202558,29231.69376632364,thick_30km_reason_mode,1.9897349975295349
-25.5,271.7227708541989,-0.6572766969575002,2143.9518083332573,0.9393723924054478,9010.676625633769,29257.735056809837,thick_30km_reason_mode,1.9897349975295349
-25.0,260.2713841318971,0.2733483228771832,2136.9075369056277,0.9452618552711984,8978.783148607166,29288.573150071865,thick_30km_reason_mode,1.9897349975295349
-24.5,276.49363528949897,0.47599045940134993,2131.557611399074,0.9488132419368659,8949.059171879444,29313.3153081768,thick_30km_reason_mode,1.9897349975295349
-24.0,268.5791759815676,-0.1466216677106448,2123.717896455904,0.9500000000893978,8921.558510190134,29346.390014185487,thick_30km_reason_mode,1.9897349975295349
-23.5,273.93459884711217,0.6288940376525912,2116.3347503111368,0.9488132420144012,8896.324937019624,29377.36897551379,thick_30km_reason_mode,1.9897349975295349
-23.0,279.55588840773,0.7313274553901435,2108.37364927294,0.9452618554392868,8873.392073642874,29409.862161471752,thick_30km_reason_mode,1.9897349975295349
-22.5,286.69936407981004,2.121970832760341,2099.9671117222597,0.9393723926920916,8852.783386487286,29443.50287147169,thick_30km_reason_mode,1.9897349975295349
-22.0,316.6082081776694,2.6194618609018545,2092.870557141901,0.9311887401098284,8834.51229195282,29472.352541464057,thick_30km_reason_mode,1.9897349975295349
-21.5,332.44947759769417,0.0750528803295403,2084.24868794875,0.920771573454323,8818.582366022578,29506.64621207289,thick_30km_reason_mode,1.9897349975295349
-21.0,317.91812880175183,0.6262401777708254,2072.930193586766,0.9081976087888108,8804.987654223598,29550.896390279868,thick_30km_reason_mode,1.9897349975295349
-20.5,343.37986587370784,1.1595184723969092,2064.669988221291,0.8935586617531279,8793.713075829723,29585.46814369125,thick_30km_reason_mode,1.9897349975295349
-20.0,338.1583070999255,1.170657788886101,2054.0229983278978,0.8769605313729038,8784.73491466734,29630.011496445262,thick_30km_reason_mode,1.9897349975295349
-19.5,363.81454233496186,1.8916838160617877,2046.0910301828633,0.8585217273803433,8778.021387523488,29667.335942861504,thick_30km_reason_mode,1.9897349975295349
-19.0,371.18641988344854,0.10736611893141246,2037.1818410803216,0.8383720624520692,8773.533279992162,29711.090358445756,thick_30km_reason_mode,1.9897349975295349
-18.5,365.6884368087795,1.193621200750111,2027.960955773904,0.8166511327352994,8771.224638651647,29759.716663920673,thick_30km_reason_mode,1.9897349975295349
-18.0,392.0220541536099,1.7974967936485995,2022.2300770397887,0.7935067115016943,8771.043507760234,29800.709055284056,thick_30km_reason_mode,1.9897349975295349
-17.5,397.07097057156574,-0.6101169260376347,2016.0100094306,0.7690930817158687,8772.932698200664,29848.806395203148,thick_30km_reason_mode,1.9897349975295349
-17.0,381.37310246850825,-0.568806059964467,2009.5910247045163,0.7435693337234461,8776.830576199698,29903.79785016036,thick_30km_reason_mode,1.9897349975295349
-16.5,387.1431058674635,1.8284043238927874,2006.574277779938,0.7170976541555157,8782.67185939601,29953.859492267045,thick_30km_reason_mode,1.9897349975295349
-16.0,413.2956148642764,1.0332885440088138,2007.1032510345444,0.6898416315292177,8790.388408119878,29999.225802469347,thick_30km_reason_mode,1.9897349975295349
-15.5,405.1793484681727,0.1910592418521183,2007.0414926700107,0.6619646029266818,8799.910000267419,30000.0,thick_30km_reason_mode,1.9897349975295349
-15.0,416.63024006091615,1.1534596651604876,2010.8653256932723,0.6336280645964288,8811.165078882037,30000.0,thick_30km_reason_mode,1.9897349975295349
-14.5,425.31373753688456,0.24793750591218955,2016.9623520157372,0.6049901673918389,8824.081462472279,30000.0,thick_30km_reason_mode,1.9897349975295349
-14.0,420.9575928892744,-0.37492216631878744,2024.6495426993476,0.576204315697497,8838.58700917169,30000.0,thick_30km_reason_mode,1.9897349975295349
-13.5,418.7700178970381,0.6833259363218679,2035.2373592883766,0.5474178859593396,8854.610227051906,30000.0,thick_30km_reason_mode,1.9897349975295349
-13.0,432.8844458249992,1.7239849943803764,2049.912978150054,0.5187710781958308,8872.08082420328,30000.0,thick_30km_reason_mode,1.9897349975295349
-12.5,448.8683161255995,0.2926329842172927,2067.5496509563227,0.4903959109944138,8890.930193564474,30000.0,thick_30km_reason_mode,1.9897349975295349
-12.0,437.9918993099811,0.575377840431031,2085.8404089051605,0.46241536755992085,8911.091828880451,30000.0,thick_30km_reason_mode,1.9897349975295349
-11.5,458.910891472728,1.4062916783827868,2109.3897083899014,0.4349426974475908,8932.501669564634,30000.0,thick_30km_reason_mode,1.9897349975295349
-11.0,462.5412492822977,0.6411554352371585,2134.1830886344537,0.4080808757475939,8955.098373604715,30000.0,thick_30km_reason_mode,1.9897349975295349
-10.5,470.10163194835405,0.5141147301281155,2161.757796162575,0.38192221875034676,8978.823518954176,30000.0,thick_30km_reason_mode,1.9897349975295349
-10.0,471.5144848829251,0.027498641376871392,2191.1177054698223,0.35654815256605005,9003.621735067376,30000.0,thick_30km_reason_mode,1.9897349975295349
-9.5,470.5815738170562,0.5215949534558089,2222.330702946771,0.3320291288441442,9029.440767342947,30000.0,thick_30km_reason_mode,1.9897349975295349
-9.0,480.618285675218,-0.5707022666461999,2256.183861029694,0.30842467967697906,9056.231478220056,30000.0,thick_30km_reason_mode,1.9897349975295349
-8.5,460.62061079024164,-0.2837471947933143,2289.1063519642653,0.28578360200652886,9083.947789510541,30000.0,thick_30km_reason_mode,1.9897349975295349
-8.0,475.6659223963138,0.5525138263530324,2325.9396501329556,0.2641442604041583,9112.546571237284,30000.0,thick_30km_reason_mode,1.9897349975295349
-7.5,470.2640951439132,-1.873410628379121,2361.903274456565,0.24353499597302528,9141.987482779778,30000.0,thick_30km_reason_mode,1.9897349975295349
-7.0,442.95708145426426,-0.8280982415636629,2396.496169107546,0.22397462833383863,9172.232772500209,30000.0,thick_30km_reason_mode,1.9897349975295349
-6.5,455.8100478474453,0.2748091503431723,2434.2576311791277,0.20547303719226348,9203.247042239856,30000.0,thick_30km_reason_mode,1.9897349975295349
-6.0,447.7534427220802,-1.064319454011953,2469.9171863903907,0.188031809837609,9234.996983142364,30000.0,thick_30km_reason_mode,1.9897349975295349
-5.5,437.23203216912464,-1.2178299231235363,2504.529407024318,0.17164494106807282,9267.45108918686,30000.0,thick_30km_reason_mode,1.9897349975295349
-5.0,426.4950993655647,-0.797869602852069,2537.8626582877205,0.15629957245233433,9300.579354611806,30000.0,thick_30km_reason_mode,1.9897349975295349
-4.5,423.30568039510905,-0.027522175066805838,2570.133176614023,0.14197675849033212,9334.352961094779,30000.0,thick_30km_reason_mode,1.9897349975295349
-4.0,426.0147467563934,-1.0507229796476067,2600.8232986775033,0.1286522480932888,9368.74396014014,30000.0,thick_30km_reason_mode,1.9897349975295349
-3.5,404.9650488225026,-0.336169262405436,2627.2073754436165,0.11629727082714168,9403.724955633823,30000.0,thick_30km_reason_mode,1.9897349975295349
-3.0,420.14741895617453,0.9172954195737336,2653.7216384718126,0.10487931851518159,9439.26879097099,30000.0,thick_30km_reason_mode,1.9897349975295349
-2.5,420.97624209793275,0.9072366040265913,2676.0337229482107,0.09436291403447819,9475.34824456718,30000.0,thick_30km_reason_mode,1.9897349975295349
-2.0,435.98300826713626,0.5803614519355313,2696.145045833561,0.08471036042594875,9511.935736946572,30000.0,thick_30km_reason_mode,1.9897349975295349
-1.5,431.10580672292525,0.2871297789463991,2711.1163589300986,0.0758824647296312,9549.003051980919,30000.0,thick_30km_reason_mode,1.9897349975295349
-1.0,440.9944102420088,2.469463677709205,2723.521800139893,0.06783923221605759,9586.521074248265,30000.0,thick_30km_reason_mode,1.9897349975295349
-0.5,474.23278667183286,2.2593540095798836,2733.9084572375914,0.06054052787473558,9624.459543909323,30000.0,thick_30km_reason_mode,1.9897349975295349
0.0,480.44802858922253,0.48771249609476164,2738.180673495589,0.05394670310728157,9662.786829977842,30000.0,thick_30km_reason_mode,1.9897349975295349
0.5,482.7451811280071,0.981588330391944,2738.1417449566165,0.04801918652444669,9701.469722404092,30000.0,thick_30km_reason_mode,1.9897349975295349
1.0,497.58165314697214,1.9541129029405062,2735.1172421222277,0.04272103853545682,9740.473243011367,30000.0,thick_30km_reason_mode,1.9897349975295349
1.5,516.864115303311,2.1146762401757253,2728.5297548011126,0.03801747002116902,9779.76047503511,30000.0,thick_30km_reason_mode,1.9897349975295349
2.0,534.5064840723982,1.8824455483848979,2718.011447905511,0.03387632578059738,9819.292410822003,30000.0,thick_30km_reason_mode,1.9897349975295349
2.5,549.7308148691991,0.13387822240875513,2703.6648007232357,0.030268533619586264,9859.027817158903,30000.0,thick_30km_reason_mode,1.9897349975295349
3.0,536.8431041026216,0.7555846707677546,2683.65434143157,0.02716851990277489,9898.923117722306,30000.0,thick_30km_reason_mode,1.9897349975295349
3.5,562.919019674553,1.4221709779724694,2663.5697304081505,0.024554592113773612,9938.932292269534,30000.0,thick_30km_reason_mode,1.9897349975295349
4.0,561.6697690573507,0.3279928993656474,2638.4237751876185,0.022409288468860672,9979.006792429705,30000.0,thick_30km_reason_mode,1.9897349975295349
4.5,568.6436382247327,-0.7365010876407884,2611.367296050642,0.020719693919225655,10019.095474290705,30000.0,thick_30km_reason_mode,1.9897349975295349
5.0,548.8146920903409,-1.6681164348679,2579.961835209444,0.019477720976596405,10059.14454840698,30000.0,thick_30km_reason_mode,1.9897349975295349
5.5,539.5212853164131,-0.8663968311932131,2547.550464902373,0.018680352736261237,10099.097548358759,30000.0,thick_30km_reason_mode,1.9897349975295349
6.0,533.6920620973987,-0.8648084110553427,2513.9579281538036,0.018329844288099802,10138.895319557596,30000.0,thick_30km_reason_mode,1.9897349975295349
6.5,524.4263848132822,0.04101058059333315,2479.032681157065,0.018433877447186543,10178.476030593929,30000.0,thick_30km_reason_mode,1.9897349975295349
7.0,534.4078318791427,-1.199746213978504,2444.981715255715,0.019005662456400754,10217.775210032678,30000.0,thick_30km_reason_mode,1.9897349975295349
7.5,503.48380224840304,-2.129355176152397,2407.41691925785,0.020063979077884698,10256.725812152914,30000.0,thick_30km_reason_mode,1.9897349975295349
8.0,497.2264534493298,-1.3680680231651485,2371.9482757574774,0.02163314836878428,10295.258315662986,30000.0,thick_30km_reason_mode,1.9897349975295349
8.5,479.6019721372586,-0.9166871285811586,2336.0849282814643,0.023742925505647647,10333.300859867442,30000.0,thick_30km_reason_mode,1.9897349975295349
9.0,481.22587957439987,-0.07577926318680336,2302.621030760546,0.026428303360761397,10370.77942307802,30000.0,thick_30km_reason_mode,1.9897349975295349
9.5,478.27937371872196,-1.547966000016795,2269.9937034052277,0.029729216223055854,10407.618048209972,30000.0,thick_30km_reason_mode,1.9897349975295349
10.0,454.2022007690729,-2.3101319508348013,2237.188569265778,0.03369013317421013,10443.739120449287,30000.0,thick_30km_reason_mode,1.9897349975295349
10.5,437.9381023255588,-0.5307496041882882,2206.779706566014,0.03835953124954955,10479.063701581817,30000.0,thick_30km_reason_mode,1.9897349975295349
11.0,444.9386077034983,-0.2001576009051575,2180.2308430540165,0.043789239695664,10513.511925011693,30000.0,thick_30km_reason_mode,1.9897349975295349
11.5,434.44467895572086,-1.2660242872889511,2154.4927944015417,0.05003364843063708,10547.003454641055,30000.0,thick_30km_reason_mode,1.9897349975295349
12.0,422.8387186345762,-0.018360087988857333,2131.0231880456436,0.057148776248117615,10579.45800962163,30000.0,thick_30km_reason_mode,1.9897349975295349
12.5,434.12423495839124,0.34356890868341333,2111.8440395424136,0.065191197390238,10610.795955517655,30000.0,thick_30km_reason_mode,1.9897349975295349
13.0,428.8351991704085,-1.4480167873333565,2093.883336935225,0.07421682882713554,10640.938960648471,30000.0,thick_30km_reason_mode,1.9897349975295349
13.5,408.84619240872695,-0.9329333884841002,2077.3172362209834,0.08427958487344142,10669.810714331225,30000.0,thick_30km_reason_mode,1.9897349975295349
14.0,412.55100068044544,0.3850983498844096,2065.1875028715735,0.09542991056356534,10697.337701458135,30000.0,thick_30km_reason_mode,1.9897349975295349
14.5,415.5675277705944,-0.7565507482993226,2055.5005739245366,0.10771321038402228,10723.450025373126,30000.0,thick_30km_reason_mode,1.9897349975295349
15.0,399.34593170493116,-1.1429660140822753,2046.690616582508,0.12116819437605508,10748.082268429256,30000.0,thick_30km_reason_mode,1.9897349975295349
15.5,395.616361037493,0.05517500805027663,2041.1602978428625,0.13582516909864947,10771.17437699554,30000.0,thick_30km_reason_mode,1.9897349975295349
16.0,400.30891755789503,0.6064773779714534,2038.4334815298328,0.15170430627742848,10792.672555136744,30000.0,thick_30km_reason_mode,1.9897349975295349
16.5,406.20178346502695,0.14830641315675333,2037.7579050829345,0.16881392693469272,10812.530148819349,30000.0,thick_30km_reason_mode,1.9897349975295349
17.0,402.8973585501548,0.3663989410603823,2038.107902020975,0.18714884316247493,10830.708500414687,30000.0,thick_30km_reason_mode,1.9897349975295349
17.5,412.59673853506814,0.828998686107689,2041.0365891982308,0.20668880322195862,10847.177751591933,30000.0,thick_30km_reason_mode,1.9897349975295349
18.0,417.3671248555401,0.08216467364809543,2044.8922394153028,0.22739708809306522,10861.917571531423,30000.0,thick_30km_reason_mode,1.9897349975295349
18.5,414.03078360208366,0.6859202396219336,2049.1920727386246,0.24921930873889886,10874.917786847469,30000.0,thick_30km_reason_mode,1.9897349975295349
19.0,429.33926339108206,1.2965808728556139,2055.8351687540717,0.272082453001691,10886.17888977969,30000.0,thick_30km_reason_mode,1.9897349975295349
19.5,436.66425250955575,0.5541497171404852,2062.4770384531953,0.2958942290614169,10895.712402163575,30000.0,thick_30km_reason_mode,1.9897349975295349
20.0,439.0113020882822,0.2921756208380646,2069.141524954724,0.320542748668716,10903.541074471212,30000.0,thick_30km_reason_mode,1.9897349975295349
20.5,441.7637232897853,0.1284805421299288,2076.0560917455364,0.34589658787488875,10909.698901837955,30000.0,thick_30km_reason_mode,1.9897349975295349
21.0,441.2537143317768,0.13611752134923158,2082.7463988255618,0.371805255757265,10914.230942445016,30000.0,thick_30km_reason_mode,1.9897349975295349
21.5,444.1394266764314,0.37389199155932445,2089.5822326183843,0.39810009278565606,10917.192927859316,30000.0,thick_30km_reason_mode,1.9897349975295349
22.0,447.7794532624074,-0.09340092686777356,2096.21870054502,0.42459561017803377,10918.650659853763,30000.0,thick_30km_reason_mode,1.9897349975295349
22.5,442.50927153418206,-0.5529159937242433,2101.7799852006506,0.45109127010795935,10918.679193720147,30000.0,thick_30km_reason_mode,1.9897349975295349
23.0,438.1289491107309,-0.6471953803110001,2106.9694062583553,0.47737369427794657,10917.361813987993,30000.0,thick_30km_reason_mode,1.9897349975295349
23.5,431.2131008039683,0.17953906863937727,2111.4688733056128,0.5032192755463412,10914.788814592452,30000.0,thick_30km_reason_mode,1.9897349975295349
24.0,441.2625072507224,-0.9038303127036112,2116.816695756658,0.5283971544213956,10911.05610168639,30000.0,thick_30km_reason_mode,1.9897349975295349
24.5,415.4369773442437,-1.2849536411091542,2118.8251354010654,0.5526725097764887,10906.263643246606,30000.0,thick_30km_reason_mode,1.9897349975295349
25.0,418.8320748478676,-1.4481326718176033,2122.7235124360277,0.5758101015686332,10900.51379515449,30000.0,thick_30km_reason_mode,1.9897349975295349
25.5,390.1569109362959,-1.801766847214291,2123.711151880108,0.597577993124349,10893.909538315771,30000.0,thick_30km_reason_mode,1.9897349975295349
26.0,387.3749410180904,-0.382144102492501,2126.5055338199927,0.6177513721297303,10886.552665412937,30000.0,thick_30km_reason_mode,1.9897349975295349
26.5,383.48713922986474,-2.356174993645028,2129.0859343149214,0.636116383212785,10878.541958872693,30000.0,thick_30km_reason_mode,1.9897349975295349
27.0,346.2287328646241,-2.659591649470309,2129.0330235440997,0.652473881254838,10869.971403426953,30000.0,thick_30km_reason_mode,1.9897349975295349
27.5,337.0351401860322,-1.9498836860841802,2131.4016050903656,0.6666430135473501,10860.928477137993,30000.0,thick_30km_reason_mode,1.9897349975295349
28.0,312.18369818898617,-1.521942307041139,2132.889300858559,0.6784645407551045,10851.492563882228,30000.0,thick_30km_reason_mode,1.9897349975295349
28.5,310.4659866511931,-1.6154266995197604,2136.7686570335645,0.6878038113820307,10841.733528030703,30000.0,thick_30km_reason_mode,1.9897349975295349
29.0,283.98171018669603,-2.68756710167096,2139.4152852898046,0.6945533119745639,10831.710488469133,30000.0,thick_30km_reason_mode,1.9897349975295349
29.5,263.5246591496981,-1.4664902971973577,2143.4658611261284,0.6986347254395479,10821.470824261933,30000.0,thick_30km_reason_mode,1.9897349975295349
30.0,258.3810354027646,-1.3484088368580158,2149.8381368766572,0.700000442292993,10811.049438329179,30000.0,thick_30km_reason_mode,1.9897349975295349
30.5,239.98613946244137,-1.0770631225717633,2156.4252682028546,0.698634483990851,10800.468298664853,30000.0,thick_30km_reason_mode,1.9897349975295349
31.0,239.58052305996605,-1.3418832967583543,2165.863466978322,0.6945528132421283,10789.736269108527,30000.0,thick_30km_reason_mode,1.9897349975295349
31.5,216.56157473369862,-0.9821150149933949,2175.0497161355197,0.6878030228270172,10778.84923374968,30000.0,thick_30km_reason_mode,1.9897349975295349
32.0,222.43770342182788,0.653729494901289,2188.1866853225138,0.6784634113599887,10767.790510969673,30000.0,thick_30km_reason_mode,1.9897349975295349
32.5,227.97180197677312,0.20892691908821265,2203.0215367958403,0.6666414710590522,10756.531545193944,29966.2200641807,thick_30km_reason_mode,1.9897349975295349
33.0,226.0841822180117,-0.09925779501084045,2219.0327930626527,0.6524718283293716,10745.032856911555,29914.743864625332,thick_30km_reason_mode,1.9897349975295349
33.5,226.23942491253771,0.9846023876064057,2236.9810730545605,0.6361136923009646,10733.245224679951,29863.766436430866,thick_30km_reason_mode,1.9897349975295349
34.0,243.2704274883201,1.2947793928580371,2258.017743408055,0.6177478788950673,10721.111066899048,29809.2205464663,thick_30km_reason_mode,1.9897349975295349
34.5,248.8414359782273,-0.07227969721180574,2279.8207284400773,0.5975734881302166,10708.565986302528,29759.060635804544,thick_30km_reason_mode,1.9897349975295349
35.0,242.00890812042311,-0.3554328613230168,2302.2099757350616,0.5758043199108684,10695.540436521758,29713.607060233848,thick_30km_reason_mode,1.9897349975295349
35.5,242.63788270086079,0.5637221415371136,2326.623785875467,0.55266511826856,10681.961467824447,29667.379934271612,thick_30km_reason_mode,1.9897349975295349
36.0,251.8480330414438,1.8142516748325945,2352.9718058836665,0.5283877358607858,10667.754508257873,29620.11729185975,thick_30km_reason_mode,1.9897349975295349
36.5,274.3131350022337,1.4562527987972702,2381.4116391673183,0.5032073095015475,10652.845136922815,29570.563190694487,thick_30km_reason_mode,1.9897349975295349
37.0,277.26991348245565,0.3650351449051495,2409.088908129819,0.477358533734111,10637.160807905382,29527.886245951355,thick_30km_reason_mode,1.9897349975295349
37.5,280.6842863692354,0.292312187895781,2437.3167317885336,0.4510721131942753,10620.632486388027,29486.56258960256,thick_30km_reason_mode,1.9897349975295349
38.0,282.3717678695042,1.7468442052677176,2465.6199286271585,0.4245714660703753,10603.19616249602,29447.234488368984,thick_30km_reason_mode,1.9897349975295349
38.5,311.18191933727104,1.1727828796685482,2495.9723208863134,0.3980697407320988,10584.794213326371,29401.895080089744,thick_30km_reason_mode,1.9897349975295349
39.0,302.8435496777789,-0.7019822384829778,2522.9202002479583,0.37176719601112795,10565.376589143578,29368.473256846166,thick_30km_reason_mode,1.9897349975295349
39.5,298.92940490783735,0.11330931135929098,2549.4230812530914,0.3458489831386417,10544.901805688583,29335.4094572622,thick_30km_reason_mode,1.9897349975295349
40.0,304.82117281231683,0.10130462564023011,2575.5548034608514,0.3204833544517672,10523.337730707191,29301.221330871787,thick_30km_reason_mode,1.9897349975295349
40.5,300.6975060152245,-1.6189806208852662,2599.383854021792,0.29582031113496227,10500.662158941554,29271.4428778414,thick_30km_reason_mode,1.9897349975295349
41.0,276.55710773836364,-1.8031881608041103,2619.7667333082504,0.27199068989435554,10476.863175737279,29248.868323007056,thick_30km_reason_mode,1.9897349975295349
41.5,269.21554101681534,-0.31116491205454955,2639.2984088409103,0.24910567695823424,10451.93931491532,29223.24619481482,thick_30km_reason_mode,1.9897349975295349
42.0,271.1262021129023,-0.5407808062905519,2657.0612254911525,0.22725672748105447,10425.899521486393,29196.678447715105,thick_30km_reason_mode,1.9897349975295349
42.5,259.7768551367322,-1.3670030523229122,2670.970140948564,0.20651585955920898,10398.762934023309,29175.431717473497,thick_30km_reason_mode,1.9897349975295349
43.0,247.2629698422237,-1.971432462495926,2681.7235073563784,0.18693628482825844,10370.558504965418,29156.128078435213,thick_30km_reason_mode,1.9897349975295349
43.5,225.35528260314678,-2.200382458391263,2688.4358903221155,0.16855333211189957,10341.324479757539,29141.047243613986,thick_30km_reason_mode,1.9897349975295349
44.0,208.84015984832814,-2.6561795993731123,2692.0918605924935,0.15138561686738508,10311.107757506485,29126.05361839712,thick_30km_reason_mode,1.9897349975295349
44.5,178.96296340227542,-2.4950524354974815,2691.0484613408307,0.13543640718639832,10279.963156788375,29116.35096192976,thick_30km_reason_mode,1.9897349975295349
45.0,165.26573251393552,-0.5833129630730663,2687.551742387539,0.12069513676921262,10247.95261040414,29103.685536340632,thick_30km_reason_mode,1.9897349975295349
45.5,168.78187987738474,-1.0336229743085064,2681.626280718361,0.10713901644628038,10215.144312329772,29087.74131589895,thick_30km_reason_mode,1.9897349975295349
46.0,147.2236511039814,-2.4918130688282223,2669.897906817303,0.09473469828738136,10181.611838931383,29080.266321685558,thick_30km_reason_mode,1.9897349975295349
46.5,125.26409736726505,-1.6123820344685962,2654.37183331094,0.08343994989716268,10147.43326481657,29074.352275098663,thick_30km_reason_mode,1.9897349975295349
47.0,119.07484471636309,-1.0032260389477026,2636.426699247332,0.0732053009130491,10112.690291585099,29065.45570406082,thick_30km_reason_mode,1.9897349975295349
47.5,107.75271022723112,0.33931934469253117,2614.5396496276826,0.06397562875675993,10077.467405337778,29059.357564566413,thick_30km_reason_mode,1.9897349975295349
48.0,124.99715373468393,0.3731127861491143,2591.5812962534706,0.055691656108017254,10041.85107621596,29046.625448889266,thick_30km_reason_mode,1.9897349975295349
48.5,114.2648488799635,-0.88532866434644,2563.285177812908,0.0482913381457313,10005.929010581047,29042.96230098109,thick_30km_reason_mode,1.9897349975295349
49.0,109.54402369059221,0.08903134938626442,2532.6323533841587,0.04171112313593678,9969.78946380084,29038.849551985062,thick_30km_reason_mode,1.9897349975295349
49.5,115.81874031490976,0.3260798198886672,2500.3338011766277,0.035887075261226004,9933.520619070958,29032.84550396365,thick_30km_reason_mode,1.9897349975295349
50.0,115.23525161719914,1.2126250581319042,2465.3167367968454,0.030755853537606265,9897.210035334858,29029.867785025326,thick_30km_reason_mode,1.9897349975295349
50.5,136.98620076238512,1.2515787252153037,2430.2816383029585,0.026255545137847985,9860.944165229334,29021.726383305468,thick_30km_reason_mode,1.9897349975295349
51.0,137.08289632779307,1.2965031906603026,2392.1279044070684,0.022326355354089656,9824.807942112737,29020.61481536471,thick_30km_reason_mode,1.9897349975295349
51.5,159.61831316527434,1.7132189483437898,2354.7828114228278,0.018911159736583496,9788.884433654364,29014.188426780274,thick_30km_reason_mode,1.9897349975295349
52.0,166.9931224443313,0.2549708787579502,2315.6831575885876,0.0159559266188011,9753.254558185774,29012.857315699,thick_30km_reason_mode,1.9897349975295349
52.5,164.06842387185546,0.9470220646393844,2275.6501838107624,0.013410020286176487,9717.996859035999,29015.20218590639,thick_30km_reason_mode,1.9897349975295349
53.0,183.5232809151917,0.9724132897986455,2237.717802915569,0.011226396492872168,9683.187331380053,29012.05339586175,thick_30km_reason_mode,1.9897349975295349
53.5,181.04186719105834,-0.1135279296827599,2198.7842661288873,0.009361702922003404,9648.899295703135,29015.6881356066,thick_30km_reason_mode,1.9897349975295349
54.0,181.54184215615243,-0.24994233312783184,2161.2442031941314,0.0077762975768280234,9615.203311793706,29019.096833259362,thick_30km_reason_mode,1.9897349975295349
54.5,176.67952286630316,0.39901383157985826,2124.825190376843,0.0064341980494993355,9582.167127196415,29024.53462021283,thick_30km_reason_mode,1.9897349975295349
55.0,188.50605986389118,0.3364797150828055,2091.648536377549,0.005302974211008596,9549.855654245983,29025.78929209207,thick_30km_reason_mode,1.9897349975295349
55.5,182.5522692746181,-0.09179659710436296,2059.3066386774562,0.00435359617319023,9518.330970131748,29032.39286053799,thick_30km_reason_mode,1.9897349975295349
56.0,186.90390563143987,0.4307619270751348,2030.3355345686807,0.003560248461720921,9487.652334875595,29036.451810657483,thick_30km_reason_mode,1.9897349975295349
56.5,190.07062484954076,0.7895225145400301,2004.0823897639048,0.0029001202743499403,9457.876222611829,29041.09722914549,thick_30km_reason_mode,1.9897349975295349
57.0,200.68454527158707,-0.6756527743974202,1981.4535873073057,0.002353180541557958,9429.056362107267,29043.855209340752,thick_30km_reason_mode,1.9897349975295349
57.5,178.2777126906697,-0.3527521056697766,1959.4027957966382,0.0019019453105300916,9401.243783028285,29055.929889084306,thick_30km_reason_mode,1.9897349975295349
58.0,194.52778179385766,0.5760613514158108,1943.7626355777847,0.0015312437827304003,9374.48686502694,29057.28659185237,thick_30km_reason_mode,1.9897349975295349
58.5,188.33221875951745,-0.04509772600787184,1929.7501965672832,0.0012279881870894578,9348.831387263572,29064.879270168127,thick_30km_reason_mode,1.9897349975295349
59.0,193.74067782731254,-1.1087184055712198,1920.1078608040739,0.0009809515932208178,9324.320576494394,29069.157201784376,thick_30km_reason_mode,1.9897349975295349
59.5,168.97901642333537,-0.8245248361698756,1911.4960502911417,0.0007805567827152858,9300.99515232034,29081.692752036022,thick_30km_reason_mode,1.9897349975295349
60.0,179.34901119414707,1.1881435285599762,1909.0515134200589,0.0006186784148549876,9278.89336861067,29084.23249062102,thick_30km_reason_mode,1.9897349975295349
