column,method_code,method,problem_score,low_signal_z,stripe_z,neighbor_z,texture_z,surface_jitter_z
0,1,small pool,0.888408,0.167039,0.313662,0.000000,1.745759,2.973888
1,1,small pool,0.917773,0.000000,1.487946,1.408742,1.756732,4.402581
2,1,small pool,1.000255,0.000000,1.211675,3.398852,2.170905,2.336187
3,1,small pool,0.981605,0.424349,1.280203,2.329498,1.940311,4.488424
4,1,small pool,0.980914,0.000000,0.842783,0.814517,0.586920,4.004019
5,1,small pool,0.925588,0.000000,0.704721,2.106454,1.555999,4.286073
6,0,keep/sharp,0.777766,0.257141,0.228253,0.328450,0.000000,3.096523
7,0,keep/sharp,0.627572,0.323599,0.370741,0.703866,0.014129,2.642775
8,0,keep/sharp,0.564432,0.519037,1.158779,0.841376,0.044598,2.189027
9,0,keep/sharp,0.486806,0.377433,0.466619,0.346900,0.152479,2.268739
10,0,keep/sharp,0.515570,0.564962,0.472458,0.000000,0.298792,1.814992
11,0,keep/sharp,0.488653,0.217387,0.108255,0.273960,0.000000,2.201290
12,0,keep/sharp,0.432998,0.171326,0.311066,0.638837,1.239570,2.047998
13,0,keep/sharp,0.460785,0.489809,1.017181,0.000000,0.163638,1.888571
14,0,keep/sharp,0.473896,0.640903,0.114524,0.000000,0.681206,0.055186
15,0,keep/sharp,0.538364,0.450556,0.825206,0.000000,0.285587,0.000000
16,0,keep/sharp,0.532454,0.706572,1.033361,0.000000,0.186342,2.115445
17,0,keep/sharp,0.535428,0.961129,0.559477,0.099638,0.291659,0.312719
18,0,keep/sharp,0.563488,0.692938,1.279456,0.000000,0.199133,1.839518
19,0,keep/sharp,0.586470,0.583693,0.720106,0.000000,0.129174,1.686224
20,0,keep/sharp,0.559185,0.826883,0.940727,0.000000,0.478845,0.000000
21,0,keep/sharp,0.552651,0.772297,0.514922,0.000000,0.431428,1.312191
22,0,keep/sharp,0.505880,0.748082,0.922978,0.209777,0.245258,0.000000
23,0,keep/sharp,0.514205,0.731826,0.537634,0.000000,0.335918,0.858443
24,0,keep/sharp,0.481216,0.859344,0.500468,0.000000,0.349383,0.674491
25,0,keep/sharp,0.496253,0.665462,0.408256,0.000000,0.267857,0.692887
26,0,keep/sharp,0.500570,0.402649,1.134773,0.000000,0.698798,0.000000
27,0,keep/sharp,0.509501,0.688792,0.371193,0.000000,0.370974,0.000000
28,0,keep/sharp,0.524314,0.727502,1.142414,0.000000,0.346290,0.000000
29,0,keep/sharp,0.537560,0.685596,0.823271,0.605636,0.185142,0.000000
30,0,keep/sharp,0.496704,0.659940,0.985129,0.000000,0.238279,0.000000
31,0,keep/sharp,0.487946,0.793778,1.026278,0.000000,0.300056,0.000000
32,0,keep/sharp,0.480687,0.731773,0.507327,0.000000,0.383828,1.257003
33,0,keep/sharp,0.452132,0.531789,0.035152,0.000000,0.531864,0.723544
34,0,keep/sharp,0.445497,0.699470,0.154141,0.000000,0.215280,0.429221
35,0,keep/sharp,0.422771,0.830948,0.738829,0.000000,0.706846,0.000000
36,0,keep/sharp,0.453223,0.767873,0.083260,0.000000,0.239718,2.630512
37,0,keep/sharp,0.544146,0.562389,0.642852,0.000000,0.113196,2.078655
38,0,keep/sharp,0.551304,0.957799,0.054529,0.000000,0.326109,1.796594
39,0,keep/sharp,0.555073,1.015898,0.985922,0.000000,0.290162,1.073051
40,0,keep/sharp,0.525353,0.895261,1.698170,0.000000,0.605312,0.784861
41,0,keep/sharp,0.525342,0.783125,0.238570,0.000000,0.287379,0.233005
42,0,keep/sharp,0.529922,0.852853,0.940126,0.000000,0.351895,0.000002
43,0,keep/sharp,0.471633,0.592507,0.007710,0.000000,0.235672,0.000000
44,0,keep/sharp,0.413678,1.009042,0.400359,0.000000,0.376069,0.269796
45,0,keep/sharp,0.448739,0.906612,0.509612,0.000000,0.294182,0.000000
46,0,keep/sharp,0.460881,0.687535,0.081530,0.157691,0.205224,0.000000
47,0,keep/sharp,0.477706,0.668071,0.858820,0.000000,0.267519,0.049055
48,0,keep/sharp,0.469350,0.852314,0.676689,0.511792,0.186627,0.000000
49,0,keep/sharp,0.471773,0.829579,1.250517,0.000000,0.316518,0.000000
50,0,keep/sharp,0.483957,0.561096,0.406915,0.000000,0.264369,0.000000
51,0,keep/sharp,0.495360,0.761544,0.484786,0.000000,0.401665,0.000000
52,0,keep/sharp,0.454605,0.636844,0.904042,0.000000,0.091055,0.000000
53,0,keep/sharp,0.410509,0.926946,0.202451,0.000000,0.294095,0.000000
54,0,keep/sharp,0.404935,0.770935,1.063108,0.000000,0.168277,0.000000
55,0,keep/sharp,0.385474,0.576173,0.245785,0.000000,0.244429,0.735806
56,0,keep/sharp,0.348712,0.492044,0.328277,0.000000,0.853033,0.282060
57,0,keep/sharp,0.347071,0.515701,0.169959,0.000000,0.304595,0.864573
58,0,keep/sharp,0.305871,0.502011,0.001424,0.033075,0.873418,0.551856
59,0,keep/sharp,0.311549,0.334898,0.366768,0.000000,0.089386,0.000000
60,0,keep/sharp,0.304452,0.742395,0.262249,0.000000,0.505275,0.000000
61,0,keep/sharp,0.349734,0.537423,0.345626,0.000000,0.202217,0.000000
62,0,keep/sharp,0.353726,0.477971,0.645603,0.000000,0.094882,0.000000
63,0,keep/sharp,0.392439,0.564659,0.005497,0.034508,0.259093,2.127707
64,0,keep/sharp,0.421635,0.441456,0.884004,0.777293,0.222227,0.000000
65,0,keep/sharp,0.468324,0.716328,0.152472,0.000000,0.470851,0.000000
66,0,keep/sharp,0.515164,0.740923,0.131348,0.000000,0.229016,4.108256
67,0,keep/sharp,0.539573,0.667189,0.435146,0.000000,0.225197,4.138915
68,0,keep/sharp,0.546469,0.772347,0.942852,0.000000,0.253914,1.299927
69,0,keep/sharp,0.566278,0.359640,1.121246,0.000000,0.164691,4.151180
70,0,keep/sharp,0.568782,0.565735,0.156684,0.000000,0.376951,4.470028
71,0,keep/sharp,0.561252,0.611522,0.675501,0.000000,0.313268,4.439367
72,0,keep/sharp,0.545934,0.459283,0.300139,0.000000,0.265194,3.893645
73,0,keep/sharp,0.499789,0.627210,0.364559,0.000000,0.251061,3.642243
74,0,keep/sharp,0.496045,0.216034,0.979378,0.000000,0.151710,2.593718
75,0,keep/sharp,0.478610,0.293033,0.775550,0.357826,0.125349,1.802726
76,0,keep/sharp,0.509051,0.445287,0.517857,0.000000,0.128183,1.005602
77,0,keep/sharp,0.535803,0.162459,1.084336,0.197419,0.079259,0.459881
78,0,keep/sharp,0.605350,0.369358,1.301647,0.000000,0.054631,0.190084
79,0,keep/sharp,0.591315,0.424024,0.385663,0.000000,0.197139,9.780099
80,0,keep/sharp,0.615245,0.424866,0.465218,0.002492,0.237121,10.331955
81,0,keep/sharp,0.579008,0.220630,0.260254,1.439151,1.163839,10.056028
82,0,keep/sharp,0.560030,0.443454,0.656326,0.000000,0.303356,0.821651
83,0,keep/sharp,0.528611,0.581299,1.040520,0.000000,0.240085,0.030659
84,0,keep/sharp,0.524746,0.189854,0.429231,0.000000,0.142856,0.000000
85,0,keep/sharp,0.432554,0.461964,0.606815,0.254800,0.123111,0.000000
86,0,keep/sharp,0.446123,0.695258,0.633782,0.000000,0.378635,0.000000
87,0,keep/sharp,0.460593,0.451093,0.767058,0.797811,1.041593,0.000000
88,0,keep/sharp,0.574212,0.788319,0.219142,0.000000,0.288904,0.374034
89,0,keep/sharp,0.604249,0.865396,0.560839,0.000000,0.623951,0.012263
90,0,keep/sharp,0.611043,0.965728,0.965274,0.000000,0.302156,0.067449
91,0,keep/sharp,0.557598,0.853402,2.004134,0.000000,0.182241,2.066390
92,0,keep/sharp,0.553921,0.621159,1.192752,0.000000,0.282568,0.355640
93,0,keep/sharp,0.528499,0.729035,0.782904,0.000000,0.105970,0.478276
94,0,keep/sharp,0.508384,0.561775,0.357353,0.000000,0.168340,0.000000
95,0,keep/sharp,0.432934,0.304179,0.337917,0.235079,0.702811,0.000000
96,0,keep/sharp,0.388944,0.732680,0.232714,0.000000,0.325548,0.000000
97,0,keep/sharp,0.356750,0.591462,0.532235,0.616300,0.065998,0.036790
98,0,keep/sharp,0.363855,0.346698,1.098427,0.000000,0.248483,0.000000
99,0,keep/sharp,0.362611,0.526264,0.311613,0.103661,0.188130,0.000000
100,0,keep/sharp,0.366380,0.225060,0.621184,0.000000,0.104994,0.000000
101,0,keep/sharp,0.339388,0.642674,0.412921,0.000000,0.237006,0.000000
102,0,keep/sharp,0.320119,0.698416,0.271566,0.000000,0.247049,0.000000
103,0,keep/sharp,0.330435,0.516705,0.549002,0.000000,0.268257,0.000000
104,0,keep/sharp,0.401653,0.434631,0.384648,0.000000,0.410040,0.000000
105,0,keep/sharp,0.377650,0.470426,0.595242,0.000000,0.114995,0.000000
106,0,keep/sharp,0.399836,0.560562,0.447478,0.082782,0.128306,0.631567
107,0,keep/sharp,0.399566,0.894357,1.396925,0.000000,0.319022,0.631569
108,0,keep/sharp,0.414246,0.320469,0.171609,0.000000,0.000000,0.637701
109,0,keep/sharp,0.459131,0.840435,0.628922,0.000000,0.219589,0.104239
110,0,keep/sharp,0.463357,0.851210,0.207546,0.000000,0.298329,0.000000
111,0,keep/sharp,0.380549,0.434035,0.663171,0.218846,0.147109,0.000000
112,0,keep/sharp,0.413095,0.417387,0.700778,0.680147,1.346337,0.000000
113,0,keep/sharp,0.410142,0.581071,0.625211,0.000000,0.279345,0.000000
114,0,keep/sharp,0.409626,0.565186,0.008320,0.000000,0.161873,0.000000
115,0,keep/sharp,0.394863,0.245696,1.002526,0.000000,0.204608,0.000000
116,0,keep/sharp,0.327899,0.246226,0.802754,0.000000,1.127218,0.000000
117,0,keep/sharp,0.323714,0.682257,0.337016,0.000000,0.356164,0.000000
118,0,keep/sharp,0.344248,0.610050,0.172690,0.000000,0.514166,0.000000
119,0,keep/sharp,0.338755,0.522009,0.042898,0.000000,0.125015,0.000000
120,0,keep/sharp,0.320301,0.275779,0.564903,0.306861,0.391667,0.000000
121,0,keep/sharp,0.323427,0.402917,0.502603,0.000000,0.488427,0.000000
122,0,keep/sharp,0.342084,0.307583,0.627768,0.354176,0.048279,0.000000
123,0,keep/sharp,0.388596,0.295942,0.725213,0.000000,0.126751,0.000000
124,0,keep/sharp,0.380030,0.562969,0.585463,0.000000,0.194927,0.000000
125,0,keep/sharp,0.387268,0.515711,0.786458,0.000000,0.252756,0.000000
126,0,keep/sharp,0.402101,0.536843,1.037940,0.000000,0.230657,0.000000
127,0,keep/sharp,0.411563,0.587384,0.238839,0.129960,0.279604,0.000000
128,0,keep/sharp,0.436620,0.560307,0.121977,0.675600,0.261870,0.000000
129,0,keep/sharp,0.429834,0.692683,0.796309,0.000000,0.164693,0.000000
130,0,keep/sharp,0.388873,0.735081,0.045702,0.653549,0.138089,0.000000
131,0,keep/sharp,0.397187,0.786324,0.683708,0.000000,0.369168,1.140502
132,0,keep/sharp,0.423180,0.693540,0.172195,0.000000,0.317034,1.637171
133,0,keep/sharp,0.427076,0.532372,0.138184,0.000000,0.176789,0.000000
134,0,keep/sharp,0.385621,0.456664,0.660183,0.000000,0.241219,0.000000
135,0,keep/sharp,0.392266,0.762523,1.012265,0.000000,0.211278,0.000000
136,0,keep/sharp,0.371825,0.381184,1.168481,0.000000,0.209234,0.000000
137,0,keep/sharp,0.381812,0.177726,0.122071,0.000000,0.114173,0.000000
138,0,keep/sharp,0.372609,1.074643,0.720679,0.000000,0.415688,0.000000
139,0,keep/sharp,0.358513,0.332980,0.327607,0.080278,0.159518,0.000000
140,0,keep/sharp,0.317614,0.603593,0.258875,0.000000,0.259311,0.024525
141,0,keep/sharp,0.367342,0.280549,0.639915,0.000000,0.197023,0.000000
142,0,keep/sharp,0.337377,0.615974,0.839985,0.000000,0.200443,0.000000
143,0,keep/sharp,0.332869,0.131818,0.104499,0.571303,0.148097,0.000000
144,0,keep/sharp,0.357932,0.916461,0.399748,0.000000,0.450825,0.000000
145,0,keep/sharp,0.346933,0.257394,0.706726,0.398251,0.016783,0.000000
146,0,keep/sharp,0.337518,0.279012,0.306740,0.000000,0.148253,0.202347
147,0,keep/sharp,0.340533,0.440349,0.860039,0.000000,0.586640,0.000000
148,0,keep/sharp,0.305990,0.564023,0.102060,0.000000,0.236136,0.000000
149,0,keep/sharp,0.284118,0.335128,0.475926,0.158152,1.003899,0.000000
150,0,keep/sharp,0.312725,0.342315,0.308046,0.000000,0.319292,0.000000
151,0,keep/sharp,0.310410,0.074913,0.325113,0.000000,0.732513,0.000000
152,0,keep/sharp,0.328080,0.362536,0.183268,0.202913,0.188446,0.000000
153,0,keep/sharp,0.325343,0.025441,0.943408,0.000000,0.890491,0.000000
154,0,keep/sharp,0.320474,0.461858,0.918888,0.000000,0.245829,0.000000
155,0,keep/sharp,0.358465,0.424255,0.679146,0.000000,0.125499,0.000000
156,0,keep/sharp,0.411825,0.513510,0.669971,0.000000,0.186938,0.000000
157,0,keep/sharp,0.379896,0.577373,0.051800,0.000000,0.053386,0.134898
158,0,keep/sharp,0.367151,0.638325,0.719610,0.000000,0.285982,0.564118
159,0,keep/sharp,0.358143,0.640969,1.236400,0.000000,0.256398,0.000000
160,0,keep/sharp,0.349241,0.228970,0.278816,0.000000,0.105704,0.312719
161,0,keep/sharp,0.376550,0.349741,0.795651,0.000000,0.001418,0.239139
162,0,keep/sharp,0.332862,0.636723,0.195924,0.000000,0.225202,0.220743
163,0,keep/sharp,0.265067,0.488474,0.447892,0.000000,0.211983,0.220743
164,0,keep/sharp,0.267079,0.662353,0.457659,0.000000,0.344606,0.233007
165,0,keep/sharp,0.241659,0.364610,0.088762,0.000000,0.286522,0.000000
166,0,keep/sharp,0.288583,0.241615,0.092301,0.000000,0.255661,0.000000
167,0,keep/sharp,0.321522,0.454263,0.144362,0.000000,0.137495,0.000000
168,0,keep/sharp,0.310380,0.186138,0.271330,0.000000,0.381749,0.000000
169,0,keep/sharp,0.338482,0.648504,1.298186,0.000000,0.177415,0.000000
170,0,keep/sharp,0.383106,0.780366,0.774846,0.000000,0.403245,0.594777
171,0,keep/sharp,0.404944,0.623506,0.130267,0.000000,0.305373,1.030131
172,0,keep/sharp,0.411369,0.665664,0.342158,0.000000,0.260500,0.619305
173,0,keep/sharp,0.394231,0.777972,0.551199,0.000000,0.122900,0.502803
174,0,keep/sharp,0.414212,0.435538,0.226636,0.356393,0.329075,0.631569
175,0,keep/sharp,0.485732,0.376192,0.139706,0.000000,0.194757,1.024000
176,0,keep/sharp,0.498935,0.062595,1.273787,0.000000,0.227787,1.146633
177,0,keep/sharp,0.509483,0.254710,1.092724,0.000000,0.237572,4.972829
178,0,keep/sharp,0.533885,0.631008,1.299477,0.000000,0.199035,4.004015
179,0,keep/sharp,0.592094,0.527808,0.188062,0.000000,0.276240,4.212495
180,0,keep/sharp,0.585061,0.556999,0.894245,0.000000,0.286913,0.784861
181,0,keep/sharp,0.561121,0.516178,0.677265,0.000000,0.294135,2.422032
182,0,keep/sharp,0.513877,0.664576,0.576027,0.000000,0.267990,4.562002
183,0,keep/sharp,0.516856,0.828198,0.259505,0.000000,0.380650,1.490009
184,0,keep/sharp,0.519633,0.356990,0.094620,1.198466,0.282415,1.814990
185,0,keep/sharp,0.510638,0.615650,0.570842,0.000000,0.357664,1.618775
186,0,keep/sharp,0.521065,0.724403,0.448934,0.000000,0.339770,1.680093
187,0,keep/sharp,0.484742,0.521868,0.649579,0.000000,0.335940,2.783802
188,0,keep/sharp,0.493118,0.315945,0.477533,0.000000,0.727194,2.563061
189,0,keep/sharp,0.513936,0.009531,2.002811,0.000000,0.217834,1.226346
190,0,keep/sharp,0.481577,0.464147,0.015392,0.000000,0.188361,0.564118
191,0,keep/sharp,0.498536,0.719367,0.770678,0.000000,0.392429,1.631038
192,0,keep/sharp,0.502026,0.000000,1.501092,0.000000,0.460179,2.213550
193,0,keep/sharp,0.471937,0.435532,0.015461,0.000000,0.074427,2.207419
194,0,keep/sharp,0.552707,0.621159,0.956510,0.000000,0.332615,2.667298
195,0,keep/sharp,0.523400,0.495252,0.592820,0.000000,0.228129,2.458820
196,0,keep/sharp,0.526120,0.162512,0.056801,1.056186,0.680533,2.403636
197,0,keep/sharp,0.551452,0.484586,1.523033,0.000000,0.279623,2.182895
198,0,keep/sharp,0.534124,0.459754,0.272480,0.000000,0.148799,2.759277
199,0,keep/sharp,0.493899,0.541133,0.744396,0.000000,0.198851,4.666243
200,0,keep/sharp,0.486307,0.326592,0.659821,0.162213,0.782239,0.000000
201,0,keep/sharp,0.420617,0.271252,1.381363,0.000000,0.210400,0.000000
202,0,keep/sharp,0.404424,0.117002,0.296507,0.153829,0.335246,0.000000
203,0,keep/sharp,0.375731,0.403260,0.966029,0.000000,0.224839,0.000000
204,0,keep/sharp,0.380452,0.361857,0.451878,0.000000,0.252374,0.429221
205,0,keep/sharp,0.377195,0.339680,0.156183,0.263445,0.239047,0.557987
206,0,keep/sharp,0.403056,0.317569,0.420403,0.681754,0.232130,0.919757
207,0,keep/sharp,0.404709,0.342979,1.052984,0.000000,0.096547,0.484405
208,0,keep/sharp,0.423331,0.822873,0.672099,0.000000,0.361240,0.269796
209,0,keep/sharp,0.425534,0.556715,0.508124,0.000000,0.272901,0.496670
210,0,keep/sharp,0.399633,0.688736,0.726618,0.000000,0.226059,0.000000
211,0,keep/sharp,0.423786,0.696265,0.600000,0.000000,0.298844,0.000000
212,0,keep/sharp,0.411024,0.305485,0.374211,0.307272,0.041930,0.000000
213,0,keep/sharp,0.456635,0.375194,0.368237,0.000000,0.265863,0.190084
214,0,keep/sharp,0.482565,0.786455,1.025573,0.000000,0.406234,0.631567
215,0,keep/sharp,0.539789,0.810393,0.287719,0.000000,0.344661,0.981076
216,0,keep/sharp,0.557927,0.965432,0.865639,0.000000,0.265110,2.231950
217,0,keep/sharp,0.607033,0.680708,1.168638,0.000000,0.210628,0.974945
218,0,keep/sharp,0.590578,1.011780,1.295315,0.000000,0.316077,1.765939
219,0,keep/sharp,0.620484,0.770327,0.163386,0.000000,0.218058,1.986680
220,0,keep/sharp,0.659085,0.596451,0.330409,0.000000,0.270772,5.960037
221,0,keep/sharp,0.740131,0.616005,0.015531,0.000000,0.259036,5.966170
222,0,keep/sharp,0.699221,0.318726,0.712310,0.000000,0.169886,5.904852
223,0,keep/sharp,0.727548,0.420049,1.763834,0.731286,0.456876,1.661697
224,0,keep/sharp,0.794193,0.464284,2.024386,0.000000,0.890123,6.683580
225,0,keep/sharp,0.810039,0.356273,0.163439,0.231915,0.115285,6.450575
226,0,keep/sharp,0.773591,0.256053,0.494567,0.431190,0.135584,5.285546
227,0,keep/sharp,0.685553,0.565922,1.591299,0.728583,0.354518,4.249283
228,0,keep/sharp,0.575846,0.277538,0.296317,0.525470,0.361256,5.917113
229,0,keep/sharp,0.513597,0.677181,0.174511,0.000000,0.228233,1.845649
230,0,keep/sharp,0.534753,0.676520,0.445441,0.064943,0.000000,0.000000
231,0,keep/sharp,0.494539,0.347518,1.013111,0.000000,0.085224,0.226874
232,0,keep/sharp,0.489341,0.320141,0.020660,0.000000,0.000000,0.134900
233,0,keep/sharp,0.463853,0.738460,1.554876,0.000000,0.095407,0.772598
234,0,keep/sharp,0.453705,1.030720,1.339840,0.000000,0.352218,0.600911
235,0,keep/sharp,0.445464,0.567936,1.058300,0.000000,0.623782,0.404695
236,0,keep/sharp,0.495465,0.183709,0.187109,0.388136,0.000000,0.000000
237,0,keep/sharp,0.443915,0.751811,0.189523,0.000000,0.000000,0.000000
238,0,keep/sharp,0.424889,0.792263,0.380615,0.000000,0.221113,0.000000
239,0,keep/sharp,0.484922,0.325866,0.628174,0.312317,0.489626,0.784861
240,0,keep/sharp,0.564754,0.781367,0.060656,0.000000,0.189645,2.336189
241,0,keep/sharp,0.579790,0.601227,0.552096,0.000000,0.314858,5.487895
242,0,keep/sharp,0.595546,0.352111,1.840396,0.000000,0.253472,6.143991
243,0,keep/sharp,0.634485,0.478996,1.737886,0.000000,0.171845,1.085315
244,0,keep/sharp,0.638586,0.018950,0.944420,0.414035,0.000000,0.000000
245,0,keep/sharp,0.587558,0.511561,0.895853,0.206825,0.131764,0.000000
246,0,keep/sharp,0.492406,0.490622,0.520893,0.000000,0.192624,12.484192
247,0,keep/sharp,0.469038,0.396800,0.389000,0.000000,0.166486,3.237550
248,0,keep/sharp,0.497309,0.063982,0.833023,0.000000,0.042943,0.478273
249,0,keep/sharp,0.466632,0.730931,0.055943,0.000000,0.225689,1.680093
250,0,keep/sharp,0.414316,0.000000,0.865620,1.079208,0.000000,1.759806
251,0,keep/sharp,0.430902,0.176180,1.695474,0.000000,0.074865,0.000000
252,0,keep/sharp,0.454281,0.074077,0.824318,0.000000,0.000000,0.000000
253,0,keep/sharp,0.469733,0.536999,0.333203,0.000000,0.000000,2.023468
254,0,keep/sharp,0.431818,0.302286,0.632619,0.000000,0.000000,5.015752
255,0,keep/sharp,0.404347,0.318873,0.164270,0.102740,0.285259,5.334600
256,0,keep/sharp,0.428383,0.309650,0.030674,0.647906,0.000000,4.218625
257,0,keep/sharp,0.459610,0.425904,0.420976,0.022424,0.346152,0.472144
258,0,keep/sharp,0.450727,0.466578,0.332803,0.000000,0.068391,2.875778
259,0,keep/sharp,0.455634,0.246407,0.465379,0.308131,0.000000,3.200758
260,0,keep/sharp,0.504960,0.348341,0.839104,0.055973,0.061008,3.997884
261,0,keep/sharp,0.503317,0.203591,0.383755,0.630390,0.127849,2.826725
262,0,keep/sharp,0.522484,0.421243,0.610533,0.000000,0.000000,3.777143
263,0,keep/sharp,0.541253,0.227532,1.109804,0.000000,0.133738,7.456177
264,0,keep/sharp,0.509506,0.080587,0.241427,0.990159,0.000000,0.000000
265,0,keep/sharp,0.579259,0.426369,0.599303,0.536109,0.813903,0.000000
266,0,keep/sharp,0.580830,0.480462,1.107844,0.000000,0.000000,1.796596
267,0,keep/sharp,0.478488,0.265665,0.750290,0.000000,0.135160,0.668359
268,0,keep/sharp,0.565166,0.000000,2.552264,0.386803,0.000000,1.747541
269,0,keep/sharp,0.538122,0.232196,0.369810,1.238842,0.488724,0.000000
270,0,keep/sharp,0.502174,0.053731,0.187443,0.000000,0.087757,0.000000
271,0,keep/sharp,0.503627,0.137536,2.240138,0.483463,0.523650,0.374034
272,0,keep/sharp,0.400801,0.432059,0.523348,0.000000,0.155921,0.588646
273,0,keep/sharp,0.415217,0.128126,0.646687,0.303696,0.115892,0.122635
274,0,keep/sharp,0.495581,0.673870,0.455651,0.000000,0.239060,0.000000
275,0,keep/sharp,0.488917,0.675629,0.044757,0.000000,0.227757,0.000000
276,0,keep/sharp,0.538627,0.298704,0.857770,0.033923,0.075579,4.886984
277,0,keep/sharp,0.591951,0.268437,0.453555,0.101133,1.015504,5.641188
278,0,keep/sharp,0.571360,0.398755,1.095363,0.000000,0.148114,8.486306
279,0,keep/sharp,0.663560,0.342249,0.312495,0.324352,0.142190,11.055500
280,0,keep/sharp,0.617907,0.000000,0.371384,0.807652,0.051806,11.214924
281,0,keep/sharp,0.604137,0.185315,0.486791,0.000000,0.000000,0.429223
282,0,keep/sharp,0.657840,0.783883,1.357471,0.000000,0.000000,4.666241
283,0,keep/sharp,0.642077,0.318732,0.261383,0.000000,0.000000,2.403636
284,0,keep/sharp,0.617322,0.428399,0.596100,0.000000,0.000000,4.752086
285,0,keep/sharp,0.705229,0.523268,1.644948,0.603394,0.443515,10.669204
286,0,keep/sharp,0.709267,0.323350,0.508557,0.000000,0.024096,6.401522
287,0,keep/sharp,0.790883,0.349314,0.282880,0.000000,0.000000,6.665186
288,0,keep/sharp,0.752508,0.249568,0.958987,0.690910,0.000000,6.383128
289,0,keep/sharp,0.660790,0.431903,1.107777,0.202614,0.000000,10.092818
290,0,keep/sharp,0.691906,0.447146,0.957876,0.168430,0.000000,8.474041
291,0,keep/sharp,0.718357,0.626780,0.295927,0.000000,0.020999,0.000000
292,0,keep/sharp,0.673534,0.230569,1.242025,0.362298,0.000000,1.539063
293,0,keep/sharp,0.630403,0.219270,0.962078,0.522804,0.000000,6.327940
294,0,keep/sharp,0.613849,0.210269,0.799424,0.000000,0.000000,10.313560
295,0,keep/sharp,0.691522,0.382166,0.048066,0.000000,0.000000,12.858228
296,0,keep/sharp,0.707783,0.589027,1.096464,0.000000,0.000000,1.980545
297,0,keep/sharp,0.681476,0.372392,1.832870,0.000000,0.000000,1.447087
298,0,keep/sharp,0.620547,0.419968,1.951528,0.000000,0.000000,1.900837
299,0,keep/sharp,0.631408,0.392114,1.686238,0.259222,0.000000,0.545724
300,0,keep/sharp,0.660201,0.051259,0.587731,0.062339,0.000000,14.182678
301,0,keep/sharp,0.611880,0.192255,0.268529,0.000000,0.000000,2.869647
302,0,keep/sharp,0.548615,0.000000,0.663137,0.000000,0.000000,15.317048
303,0,keep/sharp,0.525832,0.449241,0.911033,0.000000,0.000000,10.577225
304,0,keep/sharp,0.596128,0.309298,0.183906,0.015037,0.000000,5.218097
305,0,keep/sharp,0.730014,0.387110,0.790132,0.000000,0.000000,0.441483
306,0,keep/sharp,0.768270,0.577816,0.503534,0.000000,0.000000,4.715296
307,0,keep/sharp,0.823235,0.749706,1.543392,0.000000,0.000000,9.724915
308,1,small pool,0.869809,0.636448,2.034416,0.000000,0.000000,12.735593
309,1,small pool,0.933733,0.504512,1.038753,0.000000,0.000000,11.392743
310,1,small pool,0.954885,0.519003,1.298145,1.108259,0.000000,15.188284
311,1,small pool,0.934090,0.885412,1.197627,0.000000,0.223391,1.526801
312,0,keep/sharp,0.843670,0.708546,1.540755,0.000000,0.000000,2.808329
313,0,keep/sharp,0.829723,0.322957,0.815315,0.000000,0.199448,6.793951
314,0,keep/sharp,0.719462,0.518373,1.128753,0.000000,0.436466,11.962995
315,0,keep/sharp,0.673645,0.090941,0.520595,0.000000,0.000000,9.982448
316,0,keep/sharp,0.631169,0.537625,0.856619,0.000000,0.000000,6.977905
317,0,keep/sharp,0.596862,0.789046,0.565016,0.000000,0.152044,0.000000
318,0,keep/sharp,0.623483,0.171098,0.468661,0.000000,0.966753,2.133841
319,0,keep/sharp,0.656107,0.582253,0.402208,0.000000,0.000000,4.678504
320,0,keep/sharp,0.659929,0.356625,0.730774,0.000000,0.044168,2.685694
321,0,keep/sharp,0.736593,0.340023,2.050092,0.030061,0.000000,10.834758
322,0,keep/sharp,0.799569,0.368713,1.186937,0.000000,0.000000,6.769425
323,1,small pool,0.881061,0.299178,1.033252,0.000000,0.000000,7.848609
324,1,small pool,0.952341,0.288970,1.704553,0.000000,0.000000,7.033087
325,1,small pool,0.955846,0.416514,1.081286,0.000000,0.000000,8.406594
326,1,small pool,1.021317,0.053868,2.217963,0.000000,0.000000,9.590017
327,1,small pool,1.111919,0.000000,1.685480,0.225337,0.000000,12.570035
328,1,small pool,1.108275,0.325663,2.502391,0.000000,0.000000,5.904850
329,1,small pool,1.167484,0.334891,2.468829,0.000000,0.079384,13.569507
330,1,small pool,1.176891,0.000000,3.750394,0.000000,0.000000,5.481763
331,1,small pool,1.162598,0.000000,2.524978,0.000000,0.000000,3.170101
332,1,small pool,1.150645,0.154774,2.671553,0.000000,0.000000,13.765722
333,1,small pool,1.135404,0.068802,2.637149,0.000000,0.000000,6.628394
334,1,small pool,1.026378,0.174677,1.823088,0.000000,0.000000,5.089333
335,1,small pool,0.998845,0.000000,3.259696,0.000000,0.000000,1.490009
336,1,small pool,0.953596,0.337816,2.545268,0.000000,0.085958,5.359128
337,1,small pool,0.886691,0.000000,1.850259,0.000000,0.000000,1.998943
338,0,keep/sharp,0.839436,0.010494,1.304649,0.000000,0.000000,6.818476
339,0,keep/sharp,0.775236,0.616180,1.203285,0.000000,0.000000,8.106140
340,0,keep/sharp,0.693719,0.430905,0.533869,0.000000,0.053910,13.955806
341,0,keep/sharp,0.695054,0.267832,0.034893,0.795157,0.034341,5.420445
342,0,keep/sharp,0.655447,0.230298,0.537151,0.000000,0.000000,9.326353
343,0,keep/sharp,0.592633,0.310813,0.338021,0.000000,0.000000,8.792893
344,0,keep/sharp,0.584310,0.644414,0.566226,0.000000,0.128345,5.972299
345,0,keep/sharp,0.630039,0.577361,0.281309,0.000000,0.017194,4.175705
346,0,keep/sharp,0.593629,0.564042,0.739006,0.000000,0.000000,2.397505
347,0,keep/sharp,0.558870,0.256499,0.535576,0.000000,0.000000,10.681464
348,0,keep/sharp,0.544816,0.783640,1.119238,0.000000,0.114863,5.310075
349,0,keep/sharp,0.570687,0.532387,0.647691,0.000000,0.000000,0.404693
350,0,keep/sharp,0.583056,0.515567,0.576610,0.000000,0.177517,0.000000
351,0,keep/sharp,0.550442,0.627469,1.271825,0.000000,0.016541,0.000000
352,0,keep/sharp,0.546661,0.507118,1.527594,0.000000,0.000000,0.533460
353,0,keep/sharp,0.602504,0.243944,1.714769,0.000000,0.000000,0.000000
354,0,keep/sharp,0.666584,0.442868,0.854820,0.000000,0.140191,0.000000
355,0,keep/sharp,0.684844,0.577414,1.995582,0.195550,0.000000,0.000000
356,0,keep/sharp,0.697727,0.437605,1.873796,0.000000,0.000000,1.189554
357,0,keep/sharp,0.754066,0.710130,1.670606,0.000000,0.000000,1.447087
358,0,keep/sharp,0.819929,0.691096,1.317990,0.000000,0.065040,1.772067
359,0,keep/sharp,0.832357,0.582380,1.831702,0.000000,0.000000,0.000000
360,0,keep/sharp,0.818811,0.800117,2.448704,0.000000,0.000000,0.000000
361,0,keep/sharp,0.797376,0.790168,2.039854,0.000000,0.052605,0.000000
362,0,keep/sharp,0.798297,0.355575,2.156186,0.260306,0.454730,0.699018
363,0,keep/sharp,0.821945,0.611724,1.535899,0.000000,0.000000,0.343376
364,0,keep/sharp,0.741241,0.326361,1.178075,0.347050,0.794805,0.367903
365,0,keep/sharp,0.627663,0.467769,1.849090,0.000000,0.000000,0.104241
366,0,keep/sharp,0.545385,0.340787,2.119368,0.676521,0.000000,0.000000
367,0,keep/sharp,0.524761,0.110639,1.267883,0.000000,0.000000,0.159423
368,0,keep/sharp,0.511288,0.092709,0.015941,0.000000,0.353339,0.110372
369,0,keep/sharp,0.450184,0.528107,0.604830,0.000000,0.000000,0.000000
370,0,keep/sharp,0.330915,0.216321,0.903856,0.419940,0.791402,0.000000
371,0,keep/sharp,0.285993,0.392314,1.423331,0.000000,0.000000,0.000000
372,0,keep/sharp,0.354456,0.548837,0.396682,0.000000,0.028372,0.000000
373,0,keep/sharp,0.337386,0.078424,0.160208,0.000000,0.000000,0.000000
374,0,keep/sharp,0.284390,0.002401,0.086710,0.418894,0.000000,0.000000
375,0,keep/sharp,0.334728,0.111372,0.776666,0.000000,0.063821,5.561475
376,0,keep/sharp,0.367520,0.125956,0.608574,0.000000,0.000000,0.000000
377,0,keep/sharp,0.415870,0.000000,0.256404,0.000000,0.683241,0.000000
378,0,keep/sharp,0.463582,0.000000,2.825508,0.022636,0.253372,0.000000
379,0,keep/sharp,0.473399,0.000000,1.369088,0.000000,0.801264,0.000000
380,0,keep/sharp,0.491988,0.000000,1.256685,0.100323,0.000000,0.000000
381,0,keep/sharp,0.526892,0.000000,1.441417,0.000000,0.057536,0.000000
382,0,keep/sharp,0.450627,0.000000,2.027835,0.000000,0.000000,0.000000
383,0,keep/sharp,0.441790,0.148635,0.998034,0.000000,0.021528,0.000000
384,0,keep/sharp,0.446566,0.151522,1.162406,0.000000,0.000000,0.000000
385,0,keep/sharp,0.421640,0.000000,0.957723,0.000000,0.671192,0.000000
386,0,keep/sharp,0.394825,0.101392,1.381583,0.000000,0.000000,0.000000
387,0,keep/sharp,0.376557,0.140074,1.059184,0.000000,0.622580,0.000000
388,0,keep/sharp,0.381441,0.232705,0.493073,0.257266,0.000000,0.000000
389,0,keep/sharp,0.347194,0.000000,1.195489,0.000000,0.586017,0.000000
390,0,keep/sharp,0.298633,0.119500,0.622060,0.000000,0.000000,0.000000
391,0,keep/sharp,0.302679,0.258173,1.108905,0.000000,0.156484,0.000000
392,0,keep/sharp,0.354853,0.305342,0.114317,0.000000,0.088890,0.000000
393,0,keep/sharp,0.362096,0.052796,0.215830,0.000000,0.300248,0.000000
394,0,keep/sharp,0.341885,0.000000,1.527109,0.000000,0.000000,0.000000
395,0,keep/sharp,0.310126,0.000000,2.078979,0.000000,0.000000,0.000000
396,0,keep/sharp,0.345932,0.316600,1.279480,0.000000,0.000000,0.000000
397,0,keep/sharp,0.371221,0.251882,0.037577,0.000000,0.000000,0.000000
398,0,keep/sharp,0.315903,0.000000,0.631638,0.000000,0.182260,0.000000
399,0,keep/sharp,0.279662,0.006837,1.217123,0.000000,0.074896,0.000000
400,0,keep/sharp,0.272665,0.000000,0.611026,0.000000,0.000000,2.127709
401,0,keep/sharp,0.298654,0.000000,0.277988,0.000000,0.000000,0.000000
402,0,keep/sharp,0.306403,0.738470,0.508630,0.000000,0.096482,0.000000
403,0,keep/sharp,0.289398,0.664099,0.702414,0.000000,0.213844,0.000000
404,0,keep/sharp,0.301627,0.713553,0.085980,0.000000,0.236840,0.000000
405,0,keep/sharp,0.334322,0.422905,0.415434,0.000000,0.135534,0.000000
406,0,keep/sharp,0.320229,0.162300,0.111696,0.277411,1.041372,0.000000
407,0,keep/sharp,0.319133,0.835852,0.371722,0.000000,0.128494,0.000000
408,0,keep/sharp,0.343918,0.226753,0.452702,0.484908,0.000000,0.000000
409,0,keep/sharp,0.336272,0.751065,0.109940,0.000000,0.272810,0.000000
410,0,keep/sharp,0.335151,0.696184,0.683847,0.007512,0.103902,0.000000
411,0,keep/sharp,0.340547,0.762280,0.656892,0.000000,0.085975,0.000000
412,0,keep/sharp,0.342020,0.465712,0.231951,0.000000,0.056460,0.000000
413,0,keep/sharp,0.403930,0.390247,0.106822,0.494700,0.020385,0.000000
414,0,keep/sharp,0.453981,0.801467,0.467594,0.000000,0.281511,0.000000
415,0,keep/sharp,0.460638,0.688608,0.297958,0.000000,0.220063,0.000000
416,0,keep/sharp,0.527930,0.883335,1.361416,0.000000,0.320594,0.000000
417,0,keep/sharp,0.526373,1.026947,1.499117,0.000000,0.104247,0.000000
418,0,keep/sharp,0.530443,0.781301,0.741477,0.000000,0.208244,0.000000
419,0,keep/sharp,0.514444,0.772344,1.158834,0.000000,0.337934,1.158896
420,0,keep/sharp,0.465726,0.544098,0.240860,0.000000,0.105626,0.000000
421,0,keep/sharp,0.452139,0.900118,0.490836,0.000000,0.212282,0.000000
422,0,keep/sharp,0.423316,0.643538,0.026680,0.000000,0.100260,0.000000
423,0,keep/sharp,0.424293,0.628897,0.605028,0.000000,0.068792,0.000000
424,0,keep/sharp,0.450017,0.656782,1.424235,0.234842,0.000000,0.000000
425,0,keep/sharp,0.422168,0.708218,0.205262,0.000000,0.094804,0.000000
426,0,keep/sharp,0.452163,0.742411,1.491703,0.000000,0.085049,0.018394
427,0,keep/sharp,0.442106,0.621227,0.787985,0.000000,0.000000,0.000000
428,0,keep/sharp,0.383954,0.672907,0.164030,0.000000,0.000000,0.000000
429,0,keep/sharp,0.384745,0.597174,0.773829,0.000000,0.000000,0.085845
430,0,keep/sharp,0.325206,0.597779,0.278816,0.000000,0.402625,0.000000
431,0,keep/sharp,0.317150,0.379247,0.262592,0.373398,0.000000,0.116502
432,0,keep/sharp,0.357765,0.634599,0.331067,0.000000,0.000000,0.000000
433,0,keep/sharp,0.361850,0.529610,0.310967,0.000000,0.000000,0.484407
434,0,keep/sharp,0.417883,0.774473,0.279485,0.000000,0.036447,1.017866
435,0,keep/sharp,0.465218,0.520422,0.877982,0.054117,0.078684,1.747541
436,0,keep/sharp,0.506045,0.839958,0.260260,0.000000,0.000000,2.385242
437,0,keep/sharp,0.606494,0.620267,1.187627,0.000000,0.104748,2.789935
438,0,keep/sharp,0.609295,0.702949,0.684035,0.000000,0.073635,3.654510
439,0,keep/sharp,0.571829,0.598795,0.547018,0.000000,0.058321,4.451634
440,0,keep/sharp,0.550015,0.677593,1.202121,0.000000,0.055978,8.308485
441,0,keep/sharp,0.514749,0.595943,0.642126,0.000000,0.133440,0.000000
442,0,keep/sharp,0.514260,0.493263,0.207232,0.000000,0.000000,1.250870
443,0,keep/sharp,0.574581,0.280453,0.057648,0.547060,0.505182,0.324980
444,0,keep/sharp,0.527660,0.621891,0.880254,0.000000,0.000000,0.000000
445,0,keep/sharp,0.513068,0.665611,0.753230,0.000000,0.084907,3.354052
446,0,keep/sharp,0.531189,0.308188,0.721914,1.294516,0.000000,11.282372
447,0,keep/sharp,0.573883,0.479558,0.311360,0.000000,0.115107,9.859815
448,0,keep/sharp,0.618887,0.447114,0.074506,0.271244,0.000000,1.496142
449,0,keep/sharp,0.611491,0.626113,0.521473,0.000000,0.000000,1.042392
450,0,keep/sharp,0.581774,0.182612,0.388845,1.149632,0.000000,3.396975
451,0,keep/sharp,0.619401,0.991814,0.248150,0.000000,0.000000,9.688125
452,0,keep/sharp,0.673411,0.695133,0.939642,0.000000,0.000000,1.189554
453,0,keep/sharp,0.661978,0.667336,0.622005,0.000000,0.000000,10.693725
454,0,keep/sharp,0.706812,0.439233,1.000419,0.286953,0.104668,11.877151
455,0,keep/sharp,0.665680,0.572977,0.315777,0.000000,0.000000,12.079494
456,0,keep/sharp,0.734587,0.307789,0.185655,0.000000,0.000000,3.433763
457,0,keep/sharp,0.714890,0.660021,0.963752,0.000000,0.126341,13.551111
458,0,keep/sharp,0.688563,0.583836,0.415109,0.000000,0.122549,3.360187
459,0,keep/sharp,0.687717,0.383485,0.861118,1.121714,0.107398,9.663597
460,0,keep/sharp,0.729610,0.252602,0.578580,0.000000,0.000000,8.222644
461,0,keep/sharp,0.667243,0.066087,0.993534,0.024891,0.000000,9.381539
462,0,keep/sharp,0.692984,0.362658,0.500217,0.000000,0.000000,11.165871
463,0,keep/sharp,0.649282,0.517139,0.643056,0.000000,0.046383,5.095464
464,0,keep/sharp,0.666570,0.178821,0.078642,0.000000,0.000000,7.946715
465,0,keep/sharp,0.581384,0.373608,0.438378,0.000000,0.156324,11.791306
466,0,keep/sharp,0.507256,0.250990,0.400648,0.619290,0.000000,8.173589
467,0,keep/sharp,0.464450,0.419273,0.901015,0.289407,0.055237,6.015223
468,0,keep/sharp,0.473660,0.419432,0.036029,0.000000,0.000000,0.000000
469,0,keep/sharp,0.486391,0.294398,0.139987,0.000000,0.110460,0.000000
470,0,keep/sharp,0.509573,0.397143,0.600637,0.000000,0.082045,0.000000
471,0,keep/sharp,0.581454,0.689471,0.223572,0.000000,0.168761,4.868588
472,0,keep/sharp,0.638467,0.514601,1.163015,0.000000,0.035465,4.733690
473,0,keep/sharp,0.687503,0.607880,1.263189,0.000000,0.000000,6.481234
474,0,keep/sharp,0.709184,0.120388,1.833939,1.783273,0.000000,5.647317
475,0,keep/sharp,0.706226,0.462457,0.694332,0.000000,0.000000,3.642245
476,0,keep/sharp,0.660356,0.298395,0.264854,0.655891,0.000000,3.446030
477,0,keep/sharp,0.599092,0.000000,0.144454,0.938061,0.158093,3.936566
478,0,keep/sharp,0.441171,0.000000,0.984611,0.066413,0.000000,3.985621
479,0,keep/sharp,0.416915,0.132710,0.884213,0.482703,0.065919,0.134900
480,0,keep/sharp,0.392938,0.103035,1.370596,0.023147,0.000000,0.165557
481,0,keep/sharp,0.479785,0.355949,0.184393,0.000000,0.082727,0.000000
482,0,keep/sharp,0.509266,0.000000,0.437092,0.905571,0.000000,0.631567
483,0,keep/sharp,0.537667,0.353960,0.596475,0.000000,0.231251,0.030659
484,0,keep/sharp,0.519985,0.276945,1.661981,0.731572,0.680949,4.678508
485,0,keep/sharp,0.575504,0.169658,1.487174,0.000000,0.154808,3.899778
486,0,keep/sharp,0.630180,0.075112,1.093290,0.376699,0.307297,3.047464
487,0,keep/sharp,0.682689,0.684100,0.182856,0.000000,0.243446,1.085315
488,0,keep/sharp,0.652276,0.428355,0.351006,1.280513,0.362294,0.000000
489,0,keep/sharp,0.672566,0.363020,0.485769,0.714842,0.030117,6.573208
490,0,keep/sharp,0.673807,0.000000,0.581354,0.903665,0.377125,5.273285
491,0,keep/sharp,0.675151,0.357414,1.424846,0.654135,0.178163,2.955494
492,0,keep/sharp,0.655922,0.478020,1.520280,0.000000,0.185599,4.611059
493,0,keep/sharp,0.571384,0.430035,1.282809,0.000000,0.030608,2.238082
494,0,keep/sharp,0.504313,0.288574,0.737791,0.113590,0.052095,0.165557
495,0,keep/sharp,0.440098,0.161358,0.589560,0.541628,0.534037,0.269793
496,0,keep/sharp,0.406722,0.184504,0.203587,0.000000,0.131721,0.459877
497,0,keep/sharp,0.368499,0.183790,0.170790,0.000000,0.109832,1.943757
498,0,keep/sharp,0.359599,0.018931,0.776412,0.686836,0.038277,0.208480
499,0,keep/sharp,0.376358,0.000000,1.223609,0.864198,0.074584,1.109845
500,0,keep/sharp,0.391713,0.000000,0.732174,0.275081,0.726679,0.000000
501,0,keep/sharp,0.449197,0.163098,0.578364,0.000000,0.195926,0.815520
502,0,keep/sharp,0.443682,0.035399,1.102434,0.000000,0.439462,2.802198
503,0,keep/sharp,0.378170,0.184760,0.099126,0.000000,0.172482,3.157836
504,0,keep/sharp,0.415671,0.000000,0.908799,0.885788,0.563256,1.532932
505,0,keep/sharp,0.499142,0.000000,0.803744,0.010714,0.076955,2.262603
506,0,keep/sharp,0.502527,0.000000,0.440593,0.063099,0.000000,0.496670
507,0,keep/sharp,0.543331,0.000000,1.832729,0.185136,0.236023,0.000000
508,0,keep/sharp,0.547022,0.000000,1.491929,1.703518,0.273269,0.134900
509,0,keep/sharp,0.634681,0.000000,0.663597,1.023484,0.095106,2.532403
510,0,keep/sharp,0.682201,0.000000,1.178049,0.000000,0.000000,3.703563
511,0,keep/sharp,0.663944,0.000000,0.278035,1.008111,0.397923,5.819007
512,0,keep/sharp,0.606138,0.000000,1.924314,0.879633,0.000000,3.948833
513,0,keep/sharp,0.569799,0.000000,1.032066,0.000000,0.363298,2.888041
514,0,keep/sharp,0.508108,0.000000,0.613137,1.078672,0.090725,1.422560
515,0,keep/sharp,0.505310,0.000000,0.671349,1.040539,0.144582,0.355640
516,0,keep/sharp,0.411566,0.065211,0.626797,0.000000,0.826189,0.030659
517,0,keep/sharp,0.387635,0.076194,0.159376,0.000000,0.196489,0.453746
518,0,keep/sharp,0.342788,0.000000,1.361761,0.487100,0.671782,0.343378
519,0,keep/sharp,0.305169,0.000000,1.045651,0.000000,0.059515,0.000000
520,0,keep/sharp,0.350619,0.000000,0.621496,0.490090,0.332783,0.000000
521,0,keep/sharp,0.373407,0.019963,0.527476,0.000000,0.216368,0.000000
522,0,keep/sharp,0.333497,0.332067,0.183551,0.000000,0.323548,0.269793
523,0,keep/sharp,0.304172,0.356544,1.040337,0.000000,0.188743,3.611585
524,0,keep/sharp,0.317424,0.000000,0.124170,0.351858,0.117148,2.961621
525,0,keep/sharp,0.343639,0.335799,0.365393,0.480585,0.233199,0.000000
526,0,keep/sharp,0.403780,0.028428,0.221488,0.000000,0.143735,0.631567
527,0,keep/sharp,0.371268,0.000000,0.289893,1.148647,0.338699,0.999472
528,0,keep/sharp,0.414692,0.282420,0.020178,0.823125,0.132051,1.821122
529,0,keep/sharp,0.417673,0.550570,0.565200,0.000000,0.327229,5.003486
530,0,keep/sharp,0.550723,0.000000,0.583853,0.711515,0.185073,0.907494
531,0,keep/sharp,0.567780,0.297684,1.030558,0.000000,0.079282,3.274340
532,0,keep/sharp,0.546689,0.000000,0.651387,0.000000,0.343885,2.507873
533,0,keep/sharp,0.524102,0.447448,2.531544,0.000000,0.222979,2.231946
534,0,keep/sharp,0.533404,0.280693,0.106487,0.742461,0.156577,5.064803
535,0,keep/sharp,0.497548,0.118334,0.063585,0.453165,0.156560,1.152764
536,0,keep/sharp,0.492180,0.385290,0.288288,0.000000,0.166300,4.936037
537,0,keep/sharp,0.407305,0.354745,0.057042,0.316889,0.420389,4.519081
538,0,keep/sharp,0.427945,0.160741,0.127450,0.028603,0.158449,4.359653
539,0,keep/sharp,0.444225,0.000415,0.113083,0.140873,0.441543,4.237022
540,0,keep/sharp,0.425227,0.291973,0.771945,0.000000,0.121964,2.434293
541,0,keep/sharp,0.409874,0.265843,1.702307,0.000000,0.174399,1.373505
542,0,keep/sharp,0.398588,0.118168,0.132612,0.000000,0.062657,5.224226
543,0,keep/sharp,0.429311,0.221181,0.077194,0.000000,0.187429,4.519081
544,0,keep/sharp,0.413838,0.063256,0.763478,0.000000,0.238442,1.569720
545,0,keep/sharp,0.399103,0.000000,0.059479,0.000000,0.022663,4.617187
546,0,keep/sharp,0.394962,0.476680,0.315411,0.000000,0.875724,4.004015
547,0,keep/sharp,0.437500,0.332478,0.181993,0.000000,0.197587,3.501216
548,0,keep/sharp,0.505535,0.338087,0.521213,0.000000,0.532427,5.340734
549,0,keep/sharp,0.623845,0.141062,0.221354,0.000000,0.091581,3.887516
550,0,keep/sharp,0.654120,0.000000,1.417773,0.014625,0.000000,3.875253
551,0,keep/sharp,0.712581,0.000000,1.239486,0.000000,0.570531,7.725974
552,0,keep/sharp,0.675678,0.000000,2.061229,0.000000,0.343380,8.449517
553,0,keep/sharp,0.737420,0.000000,0.914550,0.338566,0.000000,9.007503
554,0,keep/sharp,0.718227,0.000000,0.663175,0.720796,0.000000,9.283434
555,0,keep/sharp,0.683074,0.075998,0.175480,0.002292,0.148733,4.801143
556,0,keep/sharp,0.636328,0.002840,1.058514,0.066051,0.109643,7.836347
557,0,keep/sharp,0.574820,0.088235,1.318950,0.000000,0.250026,0.735808
558,0,keep/sharp,0.563441,0.014183,1.555931,0.000000,0.227032,1.581987
559,0,keep/sharp,0.593562,0.000000,1.326430,0.593777,0.747749,2.428162
560,0,keep/sharp,0.564533,0.096890,0.043392,1.082335,0.121761,0.643830
561,0,keep/sharp,0.603112,0.067776,1.180855,0.036950,0.546346,4.488420
562,0,keep/sharp,0.633115,0.096313,0.620032,0.380636,0.058933,4.690771
563,0,keep/sharp,0.604608,0.100048,0.941783,0.000000,0.118663,4.181837
564,0,keep/sharp,0.674774,0.514015,1.742708,0.318658,0.063636,0.000000
565,0,keep/sharp,0.651495,0.752431,0.115230,0.543310,0.264151,7.805686
566,0,keep/sharp,0.653025,0.795228,0.527882,0.000000,0.268716,2.379111
567,0,keep/sharp,0.685220,0.593071,0.625903,0.000000,0.388683,9.136270
568,0,keep/sharp,0.624615,0.337906,0.013897,0.000000,0.132306,9.111744
569,0,keep/sharp,0.616983,0.492605,1.173454,0.000000,0.231943,0.355640
570,0,keep/sharp,0.680137,0.491555,0.707996,0.000000,0.924384,5.855795
571,0,keep/sharp,0.656736,0.573545,0.376565,0.000000,0.255315,0.570250
572,0,keep/sharp,0.618493,1.002514,1.149999,0.000000,0.769033,0.000000
573,0,keep/sharp,0.581193,0.862646,1.430131,0.000000,0.400727,4.905380
574,0,keep/sharp,0.529805,0.488961,0.991742,0.000000,0.213310,3.501212
575,0,keep/sharp,0.542684,0.450516,0.025134,0.043665,0.087975,1.814990
576,0,keep/sharp,0.486851,0.313513,0.453677,0.000000,0.133321,0.907494
577,0,keep/sharp,0.405772,0.371749,0.627044,0.000000,0.709244,0.398560
578,0,keep/sharp,0.388628,0.827107,0.354900,0.000000,0.341779,0.778728
579,0,keep/sharp,0.380558,0.491152,0.293294,0.000000,0.574435,1.030129
580,0,keep/sharp,0.423788,0.495633,0.633274,0.000000,0.307917,0.919761
581,0,keep/sharp,0.437006,0.872068,0.579868,0.000000,0.420607,0.858439
582,0,keep/sharp,0.463085,0.341261,0.126919,0.000000,0.149473,0.754202
583,0,keep/sharp,0.468283,0.452545,0.887175,0.622031,0.192861,0.557987
584,0,keep/sharp,0.486639,0.309298,0.694914,0.000000,0.538763,2.612114
585,0,keep/sharp,0.467435,0.346318,1.069537,0.000000,0.248052,3.108786
586,0,keep/sharp,0.522027,0.105348,0.481865,0.000000,0.343275,3.458293
587,0,keep/sharp,0.504277,0.290420,1.008207,0.000000,0.243551,2.550797
588,0,keep/sharp,0.491895,0.423095,0.071963,0.000000,0.186592,4.574267
589,0,keep/sharp,0.446383,0.000000,0.797705,0.426967,0.243372,4.181837
590,0,keep/sharp,0.482367,0.129757,0.822879,0.000000,0.141624,3.268209
591,0,keep/sharp,0.478600,0.182260,0.340722,0.000000,0.941780,2.869647
592,0,keep/sharp,0.461054,0.393870,0.120614,0.000000,0.163262,2.538534
593,0,keep/sharp,0.460523,0.151170,0.368467,1.353080,0.605080,2.342319
594,0,keep/sharp,0.485957,0.298221,1.059038,0.000000,0.258788,1.624906
595,0,keep/sharp,0.511602,0.000000,0.258314,0.000000,0.000000,3.948833
596,0,keep/sharp,0.536293,0.598284,0.578410,0.000000,0.283139,3.660640
597,0,keep/sharp,0.571837,0.458282,0.969058,0.000000,0.352248,3.446030
598,0,keep/sharp,0.570725,0.320912,0.251252,0.000000,0.184585,8.302358
599,0,keep/sharp,0.584599,0.205830,0.072014,0.000000,0.178296,7.388730
600,0,keep/sharp,0.588458,0.000000,1.541573,0.000000,0.149182,10.062160
601,0,keep/sharp,0.576146,0.277379,0.905802,0.000000,0.205000,2.673432
602,0,keep/sharp,0.551978,0.327428,0.200500,0.000000,0.239721,3.709694
603,0,keep/sharp,0.571146,0.420900,0.843396,0.000000,0.295264,3.593190
604,0,keep/sharp,0.570412,0.619933,0.581934,0.000000,0.260691,3.372450
605,0,keep/sharp,0.579540,0.398337,0.686295,0.100161,0.417983,0.453746
606,0,keep/sharp,0.673670,0.531222,0.711431,0.000000,0.228633,4.034676
607,0,keep/sharp,0.687183,0.968415,1.054182,0.000000,0.565991,4.108256
608,0,keep/sharp,0.690706,0.675669,0.505139,0.000000,0.311806,3.789406
609,0,keep/sharp,0.693453,0.786308,1.731063,0.000000,0.343352,4.396446
610,0,keep/sharp,0.663431,0.331169,0.604074,0.278420,1.218929,4.065333
611,0,keep/sharp,0.608355,0.745410,0.484252,0.000000,0.195314,3.875249
612,0,keep/sharp,0.602015,0.443931,0.416361,0.000000,0.215966,3.163968
613,0,keep/sharp,0.542079,0.717288,0.045049,0.000000,0.387703,2.464954
614,0,keep/sharp,0.538488,0.492272,0.602311,0.078322,0.098749,2.832855
615,0,keep/sharp,0.504856,0.416635,0.734103,0.336697,0.055320,2.170629
616,0,keep/sharp,0.500463,0.708103,0.846406,0.000000,0.296228,2.072523
617,0,keep/sharp,0.483869,0.805404,0.798586,0.000000,0.846080,1.631038
618,0,keep/sharp,0.467560,0.510118,0.065864,0.000000,0.257647,3.022939
619,0,keep/sharp,0.490215,0.408299,0.507351,0.000000,0.393738,1.772067
620,0,keep/sharp,0.580575,0.272440,0.156368,0.000000,0.101193,2.808329
621,0,keep/sharp,0.562313,0.511969,0.159930,0.000000,0.246564,3.163972
622,0,keep/sharp,0.610475,0.602752,0.332945,0.000000,0.136285,9.258904
623,0,keep/sharp,0.603887,0.608763,2.045222,0.000000,0.248838,10.117346
624,0,keep/sharp,0.691785,0.677718,0.374499,0.000000,0.416321,3.501216
625,0,keep/sharp,0.733801,0.467642,0.573290,0.000000,0.247752,6.898190
626,0,keep/sharp,0.670984,0.462550,0.443993,0.000000,0.190759,1.404166
627,0,keep/sharp,0.544232,0.398908,1.172810,0.000000,0.278453,7.627864
628,0,keep/sharp,0.532713,0.497232,0.364880,0.000000,0.227408,7.909927
629,0,keep/sharp,0.472425,0.000000,0.294016,0.064083,0.191572,2.648904
630,0,keep/sharp,0.454374,0.187332,0.385228,0.324053,0.098085,2.011208
631,0,keep/sharp,0.453482,0.454977,0.369285,0.000000,0.450117,3.176231
632,0,keep/sharp,0.421604,0.627990,0.050746,0.000000,0.260434,0.705152
633,0,keep/sharp,0.461191,0.349760,0.210990,0.000000,0.088110,1.244743
634,0,keep/sharp,0.481488,1.116055,1.417668,0.000000,0.463195,1.238609
635,0,keep/sharp,0.463030,0.482176,0.792626,0.065453,0.067518,0.981076
636,0,keep/sharp,0.487470,0.796394,0.799629,0.000000,0.353328,0.171690
637,0,keep/sharp,0.535001,0.787060,0.709258,0.000000,0.377742,0.000000
638,0,keep/sharp,0.493611,0.834013,0.076185,0.000000,0.345493,0.386297
639,0,keep/sharp,0.528408,0.825140,0.296475,0.000000,0.371917,1.152764
640,0,keep/sharp,0.508319,0.293753,0.886502,0.444084,0.257577,1.686224
641,0,keep/sharp,0.491071,0.117747,1.437674,0.000000,0.086634,2.213554
642,0,keep/sharp,0.506043,0.464065,0.463810,0.000000,0.296600,7.738239
643,0,keep/sharp,0.480204,0.799216,0.000819,0.000000,0.159801,2.759274
644,0,keep/sharp,0.457606,0.499960,0.376747,0.000000,0.255971,1.661697
645,0,keep/sharp,0.418768,0.486398,0.412162,0.000000,0.366652,2.434293
646,0,keep/sharp,0.361667,0.312394,0.176895,0.010440,0.083687,1.998943
647,0,keep/sharp,0.352912,0.614431,0.351999,0.000000,0.197193,2.011206
648,0,keep/sharp,0.389865,0.634899,0.112911,0.000000,0.298005,1.379638
649,0,keep/sharp,0.357350,0.596139,0.126917,0.000000,0.257457,1.134370
650,0,keep/sharp,0.350818,0.821373,0.082555,0.000000,0.279313,0.607042
651,0,keep/sharp,0.371135,0.458238,1.523205,0.000000,0.159682,0.208478
652,0,keep/sharp,0.387583,0.542592,0.037757,0.000000,0.310978,0.000000
653,0,keep/sharp,0.375233,0.532035,0.053690,0.000000,0.290643,0.079712
654,0,keep/sharp,0.343400,0.869748,0.549807,0.000000,1.071025,0.000000
655,0,keep/sharp,0.285883,0.556447,0.886284,0.000000,0.030580,0.000000
656,0,keep/sharp,0.316130,0.648660,0.017433,0.000000,0.161215,0.000000
657,0,keep/sharp,0.314454,0.214101,0.109804,0.000000,0.026035,0.233005
658,0,keep/sharp,0.248453,0.627241,0.033699,0.000000,0.316766,0.000000
659,0,keep/sharp,0.222761,0.567958,0.708281,0.000000,0.279806,0.000000
660,0,keep/sharp,0.231628,0.440327,0.133323,0.000000,0.249608,0.000000
661,0,keep/sharp,0.281175,0.297500,0.004469,0.000000,0.060378,0.000000
662,0,keep/sharp,0.306920,0.677864,0.082627,0.000000,0.304457,0.000000
663,0,keep/sharp,0.273094,0.338368,0.530671,0.000000,0.128345,0.000000
664,0,keep/sharp,0.295673,0.256069,1.152195,0.000000,0.215600,0.000000
665,0,keep/sharp,0.314049,0.248169,0.907992,0.000000,0.206144,0.723544
666,0,keep/sharp,0.321809,0.402019,0.097175,0.000000,0.279730,0.049053
667,0,keep/sharp,0.348434,0.738953,0.383355,0.000000,0.174231,0.000000
668,0,keep/sharp,0.365350,0.478014,0.193554,0.000000,0.192576,0.000000
669,0,keep/sharp,0.361547,0.175292,0.254350,0.832543,0.043612,0.000000
670,0,keep/sharp,0.374601,0.500421,0.894962,0.000000,0.335228,0.000000
671,0,keep/sharp,0.431625,0.783318,1.006230,0.000000,0.261366,0.000000
672,0,keep/sharp,0.441486,0.568846,0.563672,0.111821,0.168556,0.000000
673,0,keep/sharp,0.434364,0.647476,0.051885,0.000000,0.564979,0.000000
674,0,keep/sharp,0.479061,0.972312,1.390226,0.000000,0.316172,0.000000
675,0,keep/sharp,0.420116,0.487667,0.427194,0.000000,0.140103,0.000000
676,0,keep/sharp,0.424275,0.484932,0.322105,0.000000,0.205370,0.000000
677,0,keep/sharp,0.474782,0.667548,1.850110,0.000000,0.057227,0.000000
678,0,keep/sharp,0.400153,0.350543,0.182451,0.000000,0.032949,0.000000
679,0,keep/sharp,0.428917,0.492677,0.697895,0.202253,0.089051,0.000000
680,0,keep/sharp,0.420764,0.482931,1.492932,0.000000,0.199927,0.000000
681,0,keep/sharp,0.350376,0.416361,0.274274,0.000000,0.235537,0.000000
682,0,keep/sharp,0.360669,0.139410,1.190594,0.000000,0.716540,0.000000
683,0,keep/sharp,0.356312,0.439781,0.261196,0.000000,0.000000,0.000000
684,0,keep/sharp,0.327550,0.317707,0.496773,0.175618,0.000000,0.000000
685,0,keep/sharp,0.380256,0.331244,0.308924,0.119607,0.135624,0.000000
686,0,keep/sharp,0.362920,0.670413,0.508665,0.000000,0.250212,0.000000
687,0,keep/sharp,0.383743,0.511402,0.818055,0.067222,0.071164,0.000000
688,0,keep/sharp,0.399575,0.687002,1.203547,0.000000,0.232821,0.000000
689,0,keep/sharp,0.489379,0.821514,0.323215,0.000000,0.240736,0.000000
690,0,keep/sharp,0.509547,0.635962,0.066370,0.000000,0.233649,2.385242
691,0,keep/sharp,0.486848,0.458257,0.563557,0.229523,0.175634,0.300452
692,0,keep/sharp,0.460659,0.464976,2.075461,0.000000,0.245951,1.079184
693,0,keep/sharp,0.452286,0.434375,1.066803,0.000000,0.247878,0.784861
694,0,keep/sharp,0.429142,0.350262,0.289050,0.000000,0.430227,0.502801
695,0,keep/sharp,0.438919,0.905577,0.398281,0.000000,0.238998,0.000000
696,0,keep/sharp,0.366446,0.552943,0.420119,0.000000,0.173367,0.000000
697,0,keep/sharp,0.350361,0.377580,0.214182,0.000000,0.141561,0.000000
698,0,keep/sharp,0.343106,0.551717,0.876236,0.000000,0.250498,0.000000
699,0,keep/sharp,0.338417,0.284007,0.745816,0.146753,0.086320,0.000000
700,0,keep/sharp,0.348768,0.388264,0.885258,0.000000,0.220898,0.000000
701,0,keep/sharp,0.360949,0.219860,0.012456,0.488894,0.360770,0.000000
702,0,keep/sharp,0.320817,0.672321,0.259120,0.401515,0.092780,0.190084
703,0,keep/sharp,0.358578,0.552706,0.251341,0.531326,0.239654,0.000000
704,0,keep/sharp,0.349664,0.321632,0.230225,0.000000,0.950594,0.000000
705,0,keep/sharp,0.347403,0.000000,0.542427,0.040052,0.077651,0.000000
706,0,keep/sharp,0.340288,0.108326,1.391625,0.268017,0.837602,0.000000
707,0,keep/sharp,0.307970,0.757270,0.267195,0.000000,0.375023,0.000000
708,0,keep/sharp,0.327039,0.551378,0.027139,0.000000,0.258487,0.000000
709,0,keep/sharp,0.378457,0.540833,0.561298,0.000000,0.041138,0.000000
710,0,keep/sharp,0.332422,0.298205,0.202109,0.000000,0.000000,0.220743
711,0,keep/sharp,0.363172,0.781276,0.286159,0.000000,0.769341,0.000000
712,0,keep/sharp,0.395708,0.857096,0.839665,0.000000,0.181097,0.141031
713,0,keep/sharp,0.446897,0.780706,0.136468,0.000000,0.205140,0.000000
714,0,keep/sharp,0.471485,0.687180,1.097619,0.000000,0.168034,0.073580
715,0,keep/sharp,0.485120,0.694709,0.663962,0.000000,0.153007,0.000000
716,0,keep/sharp,0.457030,1.046215,1.112666,0.000000,0.339309,0.000000
717,0,keep/sharp,0.457117,0.700811,0.369407,0.000000,0.087588,0.000000
718,0,keep/sharp,0.473646,0.908262,0.632253,0.000000,0.353165,0.000000
719,0,keep/sharp,0.446686,0.505650,0.576285,0.000000,0.160303,0.000000
720,0,keep/sharp,0.403281,0.634194,0.265421,0.000000,0.243388,0.000000
721,0,keep/sharp,0.398707,0.507820,1.630198,0.000000,0.235455,0.000000
722,0,keep/sharp,0.371110,0.361623,0.077217,0.000000,0.014164,2.195158
723,0,keep/sharp,0.360984,0.443841,0.844312,0.000000,0.006529,0.000000
724,0,keep/sharp,0.342672,0.632981,0.313089,0.000000,0.135846,0.000000
725,0,keep/sharp,0.348320,0.443987,0.588552,0.000000,0.016895,0.000000
726,0,keep/sharp,0.392723,0.493958,0.305674,0.000000,0.297956,0.000000
727,0,keep/sharp,0.388781,0.502039,0.074030,0.000000,0.000000,0.000000
728,0,keep/sharp,0.392628,0.605598,1.414868,0.191751,0.448555,0.183953
729,0,keep/sharp,0.411917,0.416040,1.310926,0.000000,0.027199,0.404695
730,0,keep/sharp,0.417500,0.379531,0.534907,0.114313,0.246024,0.674491
731,0,keep/sharp,0.469285,0.502008,0.052316,0.000000,0.638347,1.735279
732,0,keep/sharp,0.387418,0.348002,1.088849,0.000000,0.089629,0.000000
733,0,keep/sharp,0.332705,0.176857,0.843322,0.000000,0.027424,0.000000
734,0,keep/sharp,0.321161,0.748465,0.583529,0.000000,0.365539,1.735279
735,0,keep/sharp,0.289576,0.402631,0.073084,0.032938,0.011882,0.006133
736,0,keep/sharp,0.279562,0.442382,0.031129,0.000000,0.149977,0.226876
737,0,keep/sharp,0.300535,0.500964,0.359870,0.000000,0.211860,0.000000
738,0,keep/sharp,0.291772,0.309625,0.026519,0.000000,0.066504,0.000000
739,0,keep/sharp,0.322304,0.000000,0.337869,0.890920,0.000000,1.637169
740,0,keep/sharp,0.392041,0.000000,1.442313,0.000000,0.000000,0.349509
741,0,keep/sharp,0.391662,0.161920,1.371073,0.000000,0.009260,0.000000
742,0,keep/sharp,0.430223,0.337292,0.773418,0.000000,0.209991,0.000000
743,0,keep/sharp,0.412098,0.772045,1.315169,0.000000,0.171264,0.000000
744,0,keep/sharp,0.409443,0.651176,0.218286,0.000000,0.179969,0.000000
745,0,keep/sharp,0.372826,0.883956,0.172173,0.000000,0.358149,0.349509
746,0,keep/sharp,0.398885,0.534888,0.095321,0.197369,0.157646,0.067451
747,0,keep/sharp,0.360468,0.225874,0.892326,0.461923,0.000000,0.000000
748,0,keep/sharp,0.375720,0.564690,0.092711,0.000000,0.168772,0.000000
749,0,keep/sharp,0.392071,0.383291,1.355019,0.000000,0.112649,0.000000
750,0,keep/sharp,0.401806,0.535627,0.510641,0.000000,0.270138,0.790994
751,0,keep/sharp,0.402995,0.712995,0.481138,0.000000,0.236033,0.000000
752,0,keep/sharp,0.423746,0.402412,0.696427,0.643184,0.127998,0.000000
753,0,keep/sharp,0.375564,0.740013,0.236514,0.000000,0.237872,0.000000
754,0,keep/sharp,0.366692,0.298860,1.144861,0.000000,0.081380,0.000000
755,0,keep/sharp,0.350957,0.495271,0.600619,0.000000,0.240678,0.000000
756,0,keep/sharp,0.338042,0.478086,0.216703,0.000000,0.005750,0.000000
757,0,keep/sharp,0.336027,0.755368,0.232374,0.000000,0.251647,0.000000
758,0,keep/sharp,0.309103,0.417097,0.259259,0.000000,0.631118,0.000000
759,0,keep/sharp,0.275299,0.742445,0.452764,0.000000,0.333163,0.000000
760,0,keep/sharp,0.290750,0.739358,0.158297,0.000000,0.324023,0.000000
761,0,keep/sharp,0.279727,0.722622,0.053328,0.000000,0.271199,0.000000
762,0,keep/sharp,0.320736,0.346446,0.041747,0.000000,0.084593,0.000000
763,0,keep/sharp,0.312491,0.513750,0.421608,0.000000,0.288558,0.000000
764,0,keep/sharp,0.310420,0.397121,0.372291,0.000000,0.142813,0.000000
765,0,keep/sharp,0.313995,0.883778,0.906679,0.000000,0.184118,0.000000
766,0,keep/sharp,0.333352,0.595123,0.438666,0.000000,0.256940,0.000000
767,0,keep/sharp,0.339185,0.723202,0.184420,0.000000,0.176100,0.000000
768,0,keep/sharp,0.383740,0.376130,0.532067,0.000000,0.109203,0.000000
769,0,keep/sharp,0.398962,0.627728,0.154014,0.000000,0.220541,0.000000
770,0,keep/sharp,0.417109,0.674578,0.479819,0.000000,0.076362,0.000000
771,0,keep/sharp,0.437502,0.416988,0.435223,1.243576,0.249759,0.000000
772,0,keep/sharp,0.422612,0.120036,2.042214,0.000000,0.047914,0.000000
773,0,keep/sharp,0.439392,0.555144,0.436767,0.320415,0.209553,1.496140
774,0,keep/sharp,0.450044,0.529706,0.846358,0.000000,0.139421,0.000000
775,0,keep/sharp,0.416163,0.413368,0.125114,0.108470,0.000000,0.000000
776,0,keep/sharp,0.377937,0.719598,0.223984,0.087703,0.444202,0.441483
777,0,keep/sharp,0.352465,1.017111,0.323115,0.000000,0.246195,0.000000
778,0,keep/sharp,0.318797,0.733581,0.279210,0.000000,0.164808,0.000000
779,0,keep/sharp,0.341173,0.817651,0.452243,0.000000,0.181440,0.000000
780,0,keep/sharp,0.330206,0.477921,0.423801,0.000000,0.161073,0.000000
781,0,keep/sharp,0.335737,0.422235,0.070067,0.000000,0.449556,0.000000
782,0,keep/sharp,0.330743,0.763455,0.256071,0.000000,0.290597,0.000000
783,0,keep/sharp,0.327454,0.858428,0.060711,0.000000,0.223932,0.000000
784,0,keep/sharp,0.327085,0.875198,0.599410,0.000000,0.209825,0.000000
785,0,keep/sharp,0.333120,0.543515,0.374042,0.000000,0.103701,0.000000
786,0,keep/sharp,0.338819,0.568887,0.631458,0.000000,0.148504,0.000000
787,0,keep/sharp,0.329924,0.641352,0.255457,0.000000,0.165886,0.000000
788,0,keep/sharp,0.299009,0.558302,0.206029,0.000000,0.110165,0.000000
789,0,keep/sharp,0.325114,0.546018,0.707673,0.000000,0.000000,0.000000
790,0,keep/sharp,0.308124,0.600925,0.159904,0.000000,0.092583,0.000000
791,0,keep/sharp,0.318243,0.648617,0.123410,0.000000,0.202539,0.000000
792,0,keep/sharp,0.344227,0.792397,0.690671,0.000000,0.186343,0.000000
793,0,keep/sharp,0.344496,0.829632,0.004033,0.000000,0.126374,0.000000
794,0,keep/sharp,0.361785,0.507648,0.657405,0.000000,0.052084,0.000000
795,0,keep/sharp,0.403242,0.469328,0.874073,0.000000,0.122547,0.000000
796,0,keep/sharp,0.386359,0.413374,0.771217,0.000000,0.183146,0.000000
797,0,keep/sharp,0.398180,0.381860,0.755558,0.000000,0.109994,0.000000
798,0,keep/sharp,0.384868,0.982888,0.672968,0.000000,0.365487,0.000000
799,0,keep/sharp,0.429139,0.516599,0.626130,0.000000,0.057754,0.000000
800,0,keep/sharp,0.402881,0.783970,0.231794,0.000000,0.341695,0.000000
801,0,keep/sharp,0.378401,0.714915,0.058240,0.000000,0.305226,0.000000
802,0,keep/sharp,0.347165,0.707258,1.637060,0.000000,0.139124,0.000000
803,0,keep/sharp,0.335694,0.597982,0.018247,0.000000,0.135133,0.000000
804,0,keep/sharp,0.350505,0.474173,0.127301,0.000000,0.074190,0.000000
805,0,keep/sharp,0.405991,0.576672,0.439873,0.000000,0.161082,0.000000
806,0,keep/sharp,0.319402,0.509167,0.357318,0.000000,0.101600,0.000000
807,0,keep/sharp,0.360570,0.701643,0.697602,0.000000,0.208182,0.000000
808,0,keep/sharp,0.394037,0.733884,1.407797,0.000000,0.008123,0.000000
809,0,keep/sharp,0.388138,0.341249,0.054675,0.000000,0.090940,0.000000
810,0,keep/sharp,0.408869,0.603809,0.921798,0.000000,0.187860,0.000000
811,0,keep/sharp,0.396377,0.775749,0.571213,0.000000,0.125735,0.000000
812,0,keep/sharp,0.355604,0.690248,0.179220,0.000000,0.206408,0.000000
813,0,keep/sharp,0.391897,0.756228,0.548119,0.000000,0.200328,0.000000
814,0,keep/sharp,0.394737,0.960406,0.097083,0.000000,0.383900,0.000000
815,0,keep/sharp,0.407704,0.800366,0.272757,0.000000,0.395665,0.000000
816,0,keep/sharp,0.404140,0.749316,0.382742,0.000000,0.340374,0.000000
817,0,keep/sharp,0.402731,0.605102,0.466703,0.501078,0.607305,0.000000
818,0,keep/sharp,0.386783,0.417998,0.684705,0.746783,0.114233,0.000000
819,0,keep/sharp,0.410343,0.453091,0.324748,0.000000,0.215455,0.000000
820,0,keep/sharp,0.411074,0.621015,0.651472,0.000000,0.189195,0.000000
821,0,keep/sharp,0.382531,0.307817,0.395025,0.140860,0.057106,0.000000
822,0,keep/sharp,0.362640,0.654752,0.751542,0.334293,0.284319,0.000000
823,0,keep/sharp,0.392696,0.630490,0.536789,0.000000,0.282131,0.000000
824,0,keep/sharp,0.376127,0.370465,0.567683,0.000000,0.186703,0.000000
825,0,keep/sharp,0.411941,0.642222,0.452729,0.000000,0.361689,0.000000
826,0,keep/sharp,0.379420,0.480443,0.408468,0.000000,0.268667,3.396975
827,0,keep/sharp,0.375378,0.590197,0.288230,0.000000,0.238078,0.000000
828,0,keep/sharp,0.402056,0.513865,0.295850,0.265177,0.913414,1.790465
829,0,keep/sharp,0.428243,0.887008,0.018122,0.000000,0.314198,0.000000
830,0,keep/sharp,0.463106,0.620925,0.274649,0.000000,0.330986,0.999470
831,0,keep/sharp,0.508464,0.782062,0.705164,0.000000,0.358746,0.000000
832,0,keep/sharp,0.470407,0.945809,0.572844,0.000000,0.395923,1.017866
833,0,keep/sharp,0.514948,0.361716,1.497806,0.000000,0.439066,1.827253
834,0,keep/sharp,0.585056,0.804850,1.005371,0.000000,0.494732,0.000000
835,0,keep/sharp,0.588179,0.442990,0.220987,0.000000,0.296191,0.000000
836,0,keep/sharp,0.581689,0.692966,1.199006,0.000000,0.346875,0.000000
837,0,keep/sharp,0.515252,0.513413,2.043881,0.000000,0.497011,0.091976
838,0,keep/sharp,0.461453,0.524843,0.833242,0.000000,0.853110,0.000000
839,0,keep/sharp,0.497194,0.654774,0.819761,0.000000,0.385543,0.349509
840,0,keep/sharp,0.447365,0.519542,0.131350,0.000000,0.317298,0.343376
841,0,keep/sharp,0.365923,0.554131,0.035489,0.000000,0.348250,0.337244
842,0,keep/sharp,0.356404,0.507667,0.871593,0.000000,0.410957,0.306588
843,0,keep/sharp,0.359082,0.591830,0.119244,0.000000,0.482391,0.000000
844,0,keep/sharp,0.412715,0.389433,0.268670,0.108694,0.481207,0.000000
845,0,keep/sharp,0.429411,0.519826,0.856439,0.000000,0.250422,0.000000
846,0,keep/sharp,0.404957,0.435841,0.420707,0.548293,1.260388,0.000000
847,0,keep/sharp,0.430025,0.540219,1.334291,0.000000,0.429715,0.000000
848,0,keep/sharp,0.418060,0.368423,0.169779,0.712400,0.273969,0.000000
849,0,keep/sharp,0.394397,0.625539,0.285899,0.000000,0.330580,0.000000
850,0,keep/sharp,0.419678,0.724375,0.615987,0.000000,0.330074,0.000000
851,0,keep/sharp,0.393272,0.324076,0.148814,0.000000,0.210292,0.588646
852,0,keep/sharp,0.475758,0.480920,0.259177,0.000000,0.395291,0.275929
853,0,keep/sharp,0.516879,0.277694,1.772925,0.000000,0.417650,0.539593
854,0,keep/sharp,0.493036,0.198294,0.888192,0.251710,0.120835,0.754204
855,0,keep/sharp,0.515820,0.252371,1.367984,0.012072,0.231030,11.907808
856,0,keep/sharp,0.556262,0.110206,1.069401,0.000000,0.102995,4.537475
857,0,keep/sharp,0.513403,0.029812,0.652768,0.000000,0.422231,0.380168
858,0,keep/sharp,0.495877,0.557866,0.384482,0.000000,0.325623,0.637701
859,0,keep/sharp,0.420788,0.514367,1.153554,0.000000,0.319420,0.374037
860,0,keep/sharp,0.356417,0.445219,0.268830,0.719787,0.289539,0.000000
861,0,keep/sharp,0.425665,0.338028,0.585077,0.003924,0.300728,0.000000
862,0,keep/sharp,0.421389,0.316247,0.720566,0.013953,0.693507,0.000000
863,0,keep/sharp,0.396086,0.209877,0.231053,0.000000,0.155196,0.000000
864,0,keep/sharp,0.390647,0.763911,1.436138,0.000000,0.607875,0.367905
865,0,keep/sharp,0.400568,0.601420,0.247622,0.000000,0.323393,0.631569
866,0,keep/sharp,0.406893,0.631341,0.488039,0.000000,0.275312,0.361772
867,0,keep/sharp,0.462209,0.063823,0.258035,0.000000,0.689235,3.801668
868,0,keep/sharp,0.382063,0.417324,0.394357,0.000000,0.253679,2.225817
869,0,keep/sharp,0.434691,0.487084,0.739029,0.080029,0.223826,0.582512
870,0,keep/sharp,0.417608,0.360881,1.160837,0.000000,0.262719,0.815520
871,0,keep/sharp,0.401473,0.158191,0.414748,0.000000,0.238894,0.000000
872,0,keep/sharp,0.414458,0.614075,1.285410,0.000000,0.943885,0.000000
873,0,keep/sharp,0.429309,0.216520,0.113148,0.711702,0.000000,0.312719
874,0,keep/sharp,0.401255,0.279969,0.397982,0.000000,0.182362,0.594777
875,0,keep/sharp,0.448528,0.502473,0.810461,0.000000,0.502562,0.355640
876,0,keep/sharp,0.456612,0.515527,0.376046,0.941051,0.138004,1.158896
877,0,keep/sharp,0.499546,0.511948,0.364671,0.000000,0.295152,0.840047
878,0,keep/sharp,0.524251,0.515474,0.970522,0.000000,0.248490,1.005602
879,0,keep/sharp,0.516196,0.701974,1.434757,0.119321,0.261577,0.790994
880,0,keep/sharp,0.483820,0.899772,0.718468,0.000000,0.327871,0.815520
881,0,keep/sharp,0.501456,0.708935,0.435535,0.000000,0.359531,0.821651
882,0,keep/sharp,0.517725,0.451267,0.583695,0.000000,0.289176,1.453220
883,0,keep/sharp,0.586300,0.521148,0.078403,0.000000,0.456189,1.814990
884,0,keep/sharp,0.565586,0.599980,0.540558,0.000000,0.215113,1.882439
885,0,keep/sharp,0.604245,0.484502,1.202422,0.000000,0.175136,2.207423
886,0,keep/sharp,0.631855,0.943317,2.582965,0.000000,0.302919,2.250344
887,0,keep/sharp,0.676941,0.498186,0.352480,0.000000,0.368914,2.495612
888,0,keep/sharp,0.676641,0.377763,0.797342,0.000000,0.167638,6.438310
889,0,keep/sharp,0.669805,0.413465,0.373230,0.000000,0.264125,6.910452
890,0,keep/sharp,0.626009,0.599952,0.296068,0.000000,0.377526,6.493494
891,0,keep/sharp,0.642920,0.717272,0.087912,0.000000,0.417113,3.458295
892,0,keep/sharp,0.616513,0.462226,1.021900,0.000000,0.173220,2.507877
893,0,keep/sharp,0.589720,0.697238,1.772293,0.000000,0.577628,1.962151
894,0,keep/sharp,0.573577,0.497721,0.791496,0.000000,0.140694,2.691830
895,0,keep/sharp,0.633909,0.020717,0.539152,0.780457,0.444765,2.385242
896,0,keep/sharp,0.674476,0.047954,0.328954,0.766915,0.219101,2.360717
897,0,keep/sharp,0.634355,0.242385,0.344647,0.000000,0.178682,6.554814
898,0,keep/sharp,0.620717,0.000000,0.590894,1.433869,0.508793,6.560943
899,0,keep/sharp,0.636419,0.236873,2.320323,0.000000,0.374671,1.005604
900,0,keep/sharp,0.651301,0.357847,1.435293,0.000000,0.245005,1.269268
901,0,keep/sharp,0.665371,0.123300,0.628332,0.293656,0.207756,2.587589
902,0,keep/sharp,0.637240,0.240209,1.021168,0.275230,0.181326,3.133311
903,0,keep/sharp,0.620958,0.002039,0.368806,0.000000,0.155405,11.270108
904,0,keep/sharp,0.634428,0.331858,0.308445,0.061380,0.154559,10.994181
905,0,keep/sharp,0.629148,0.579129,0.258636,0.000000,0.307482,9.663597
906,0,keep/sharp,0.666409,0.061401,0.524510,0.356293,0.935224,9.436726
907,0,keep/sharp,0.683924,0.473852,0.366752,0.246054,0.245562,8.149061
908,0,keep/sharp,0.678027,0.427164,0.069537,0.125537,0.133082,4.408710
909,0,keep/sharp,0.668378,0.494747,1.539926,0.000000,0.300461,4.531343
910,0,keep/sharp,0.705803,0.572441,0.545760,0.478691,0.196351,3.728088
911,0,keep/sharp,0.658761,0.438784,0.636482,0.418022,0.210292,2.796067
912,0,keep/sharp,0.694564,0.441767,1.185105,0.000000,0.269164,1.821124
913,0,keep/sharp,0.654413,0.238928,1.721309,0.000000,0.236049,11.779044
914,0,keep/sharp,0.642057,0.510579,0.581877,0.000000,0.298508,0.815520
915,0,keep/sharp,0.628374,0.764827,0.651413,0.000000,0.285810,3.973358
916,0,keep/sharp,0.626365,0.472019,0.791082,0.000000,0.289419,3.715826
917,0,keep/sharp,0.559244,0.690828,0.558485,0.000000,0.249162,3.188497
918,0,keep/sharp,0.544382,0.700820,0.291669,0.000000,0.365679,2.912570
919,0,keep/sharp,0.511278,0.343930,0.976741,0.000000,0.676748,2.440428
920,0,keep/sharp,0.483811,0.144722,0.371120,1.292186,0.183302,1.980549
921,0,keep/sharp,0.451300,0.398203,0.207213,0.000000,0.154061,2.078655
922,0,keep/sharp,0.446810,0.798630,0.222762,0.000000,0.282020,1.802728
923,0,keep/sharp,0.450177,0.604526,0.475990,0.000000,0.286357,1.036261
924,0,keep/sharp,0.436718,0.558128,0.303157,0.000000,0.322585,0.840045
925,0,keep/sharp,0.475366,0.552531,0.673062,0.000000,0.156003,1.312189
926,0,keep/sharp,0.465942,0.759250,1.044153,0.000000,0.261139,0.999472
927,0,keep/sharp,0.485265,0.632735,0.404870,0.000000,0.194278,2.618248
928,0,keep/sharp,0.490150,0.795755,0.649463,0.000000,0.261911,2.103182
929,0,keep/sharp,0.476110,0.502847,0.363041,0.000000,0.293328,1.361244
930,0,keep/sharp,0.444114,0.649038,0.666577,0.000000,0.084340,2.777673
931,0,keep/sharp,0.476538,0.312684,0.826095,0.000000,0.015808,0.490540
932,0,keep/sharp,0.506720,0.465930,0.597532,0.000000,0.262186,0.079712
933,0,keep/sharp,0.517837,0.439417,0.672893,0.000000,0.209563,0.864575
934,0,keep/sharp,0.547523,0.742111,1.447895,0.000000,0.208712,0.000000
935,0,keep/sharp,0.549664,0.753463,1.723173,0.000000,0.230816,0.000000
936,0,keep/sharp,0.582376,0.537526,0.820944,0.000000,0.239421,0.000000
937,0,keep/sharp,0.565750,0.520995,1.866551,0.000000,0.193546,0.000000
938,0,keep/sharp,0.512833,0.594833,0.657665,0.000000,0.074827,0.000000
939,0,keep/sharp,0.504409,0.938766,0.865486,0.000000,0.214310,0.275927
940,0,keep/sharp,0.517387,0.386253,0.269017,0.264205,0.220325,0.171690
941,0,keep/sharp,0.454222,0.674107,0.232508,0.000000,0.260478,0.410827
942,0,keep/sharp,0.473694,0.339680,0.821935,0.842459,0.014383,3.703561
943,0,keep/sharp,0.429812,0.715249,0.966153,0.000000,0.177057,0.000000
944,0,keep/sharp,0.444403,0.434936,0.223374,0.515280,0.024255,0.000000
945,0,keep/sharp,0.445954,0.754118,0.905463,0.000000,0.172361,0.000000
946,0,keep/sharp,0.409276,0.440364,0.484376,0.000000,0.000000,0.000000
947,0,keep/sharp,0.373327,0.264409,0.477337,0.676870,0.152899,0.000000
948,0,keep/sharp,0.360968,0.436558,0.385789,0.000000,0.068538,1.563589
949,0,keep/sharp,0.326592,0.421527,0.960660,0.000000,0.307511,0.220743
950,0,keep/sharp,0.355078,0.546795,0.196230,0.000000,0.313875,0.423089
951,0,keep/sharp,0.349931,0.433786,0.221517,0.000000,0.255655,0.000000
952,0,keep/sharp,0.340562,0.695701,0.162233,0.000000,0.179474,0.128766
953,0,keep/sharp,0.364447,0.372242,1.019013,0.218934,0.049513,0.000000
954,0,keep/sharp,0.363472,0.657184,0.317643,0.000000,0.284030,0.576383
955,0,keep/sharp,0.408554,0.640520,0.110108,0.000000,0.265900,0.263664
956,0,keep/sharp,0.413651,0.673019,0.913320,0.107013,1.090149,0.000000
957,0,keep/sharp,0.435678,0.322445,0.494871,0.000000,0.209880,0.030659
958,0,keep/sharp,0.467799,0.410783,1.074014,0.068443,0.058260,1.336717
959,0,keep/sharp,0.551392,0.609788,0.391107,0.000000,0.148840,0.012263
960,0,keep/sharp,0.510249,0.507156,1.447717,0.000000,0.288458,0.006131
961,0,keep/sharp,0.628717,0.247517,1.196488,0.000000,0.275436,2.103182
962,0,keep/sharp,0.652992,0.444365,0.928542,0.000000,0.294781,8.682523
963,0,keep/sharp,0.711216,0.190824,0.471911,0.000000,0.228033,2.409768
964,0,keep/sharp,0.723477,0.664318,1.455594,0.000000,0.463448,8.878736
965,0,keep/sharp,0.724811,0.198656,1.723322,0.000000,0.376069,1.520667
966,0,keep/sharp,0.666737,0.182799,1.935231,0.000000,0.306887,0.772596
967,0,keep/sharp,0.663162,0.452570,1.693748,0.000000,0.507110,0.000000
968,0,keep/sharp,0.575153,0.439170,1.306460,0.061828,0.353024,0.000000
969,0,keep/sharp,0.541559,0.368922,1.007419,0.000000,0.225278,0.000000
970,0,keep/sharp,0.496274,0.442612,0.279742,0.000000,0.254395,1.526801
971,0,keep/sharp,0.487450,0.463451,0.987274,0.000000,0.374928,0.000000
972,0,keep/sharp,0.465406,0.872916,0.348064,0.000000,0.452135,1.115974
973,0,keep/sharp,0.441997,0.343266,0.904150,0.000000,0.249643,0.000000
974,0,keep/sharp,0.432669,0.514832,1.237073,0.000000,0.382814,1.520667
975,0,keep/sharp,0.428165,0.413596,0.631770,0.000000,0.223484,1.833386
976,0,keep/sharp,0.404666,0.681821,0.125416,0.000000,0.356001,0.000000
977,0,keep/sharp,0.388790,0.590038,0.124134,0.000000,0.367100,0.030659
978,0,keep/sharp,0.361113,0.583344,0.792278,0.000000,0.316200,0.000000
979,0,keep/sharp,0.357735,0.403129,0.475881,0.000000,0.237294,0.367903
980,0,keep/sharp,0.372705,0.495583,0.364555,0.000000,0.183430,0.367905
981,0,keep/sharp,0.412201,0.847647,0.415953,0.000000,0.512301,0.429221
982,0,keep/sharp,0.392474,0.563119,0.513888,0.000000,0.225367,1.189554
983,0,keep/sharp,0.458721,0.485936,0.585648,0.000000,0.246472,0.680622
984,0,keep/sharp,0.457191,0.771602,0.830454,0.000000,0.331115,0.177821
985,0,keep/sharp,0.479512,0.516755,0.357226,0.000000,0.310222,0.349509
986,0,keep/sharp,0.488996,0.788438,1.670832,0.000000,0.168982,0.085847
987,0,keep/sharp,0.478845,0.645907,0.089817,0.000000,0.371884,0.502801
988,0,keep/sharp,0.467460,0.487508,1.354686,0.000000,0.069938,0.956549
989,0,keep/sharp,0.465927,0.619375,0.610457,0.000000,0.306715,1.385772
990,0,keep/sharp,0.407178,0.363191,0.346742,0.000000,0.284584,1.385770
991,0,keep/sharp,0.443792,0.645016,0.779324,0.000000,0.171756,0.042921
992,0,keep/sharp,0.410731,0.677403,0.259709,0.000000,0.216738,0.000000
993,0,keep/sharp,0.445376,0.663304,0.458365,0.000000,0.222756,0.000000
994,0,keep/sharp,0.484093,0.689814,0.993781,0.000000,0.272190,0.000000
995,0,keep/sharp,0.469411,0.796176,0.298835,0.000000,0.495870,0.000000
996,0,keep/sharp,0.473574,0.883260,1.276700,0.000000,0.447596,0.183953
997,0,keep/sharp,0.467930,0.688817,1.082908,0.000000,0.404668,0.000000
998,0,keep/sharp,0.434824,0.442731,0.598857,0.000000,0.305081,0.000000
999,0,keep/sharp,0.471466,0.618290,0.234961,0.088824,0.508480,0.000000
1000,0,keep/sharp,0.403105,0.645443,0.279126,0.000000,0.401183,0.000000
1001,0,keep/sharp,0.351247,0.375986,0.573426,0.000000,0.211521,0.000000
1002,0,keep/sharp,0.333300,0.625580,0.831727,0.000000,0.400627,3.078125
1003,0,keep/sharp,0.359363,0.432841,0.241413,0.000000,0.337009,0.000000
1004,0,keep/sharp,0.361624,0.170278,0.514721,0.000000,0.143791,0.000000
1005,0,keep/sharp,0.358669,0.472963,0.118798,0.000000,0.249051,0.416956
1006,0,keep/sharp,0.331126,0.647554,0.828319,0.000000,0.409335,0.423087
1007,0,keep/sharp,0.361489,0.442419,0.207196,0.000000,1.226451,0.000000
1008,0,keep/sharp,0.375071,0.395351,0.488233,0.000000,0.210834,0.000000
1009,0,keep/sharp,0.384107,0.637898,0.724597,0.000000,0.322498,0.000000
1010,0,keep/sharp,0.350069,0.605218,0.724346,0.000000,0.429656,0.000000
1011,0,keep/sharp,0.345776,0.642624,0.262226,0.000000,0.407443,0.000000
1012,0,keep/sharp,0.357881,0.490978,0.378549,0.000000,0.233861,0.000000
1013,0,keep/sharp,0.326195,0.718289,0.075404,0.000000,0.368255,0.000000
1014,0,keep/sharp,0.321164,0.653337,0.208339,0.000000,0.445788,0.000000
1015,0,keep/sharp,0.315600,0.564404,0.433077,0.153119,0.356055,0.000000
1016,0,keep/sharp,0.322708,0.386630,0.258795,0.000000,0.285204,0.049053
1017,0,keep/sharp,0.334685,0.558358,0.677580,0.000000,0.374144,0.000000
1018,0,keep/sharp,0.322910,0.778159,0.008657,0.000000,0.399121,0.000000
1019,0,keep/sharp,0.330680,0.355709,0.645421,0.086295,0.139009,0.000000
1020,0,keep/sharp,0.368881,0.741747,0.313150,0.000000,0.394143,0.000000
1021,0,keep/sharp,0.364592,0.492562,0.175555,0.000000,0.245526,0.000000
1022,0,keep/sharp,0.380918,0.565816,0.762036,0.000000,0.236676,0.000000
1023,0,keep/sharp,0.410643,0.811394,0.663086,0.000000,0.427696,0.000000
1024,0,keep/sharp,0.434926,0.577429,0.622087,0.000000,0.219633,0.000000
1025,0,keep/sharp,0.472437,0.746669,0.403836,0.000000,0.409342,0.000000
1026,0,keep/sharp,0.467707,0.611129,0.994959,0.000000,0.489619,0.000000
1027,0,keep/sharp,0.432699,0.633555,0.719048,0.000000,1.032598,0.000000
1028,0,keep/sharp,0.434630,0.759711,0.695461,0.000000,0.422660,0.000000
1029,0,keep/sharp,0.444431,0.668336,0.439601,0.000000,0.292132,0.588646
1030,0,keep/sharp,0.415905,0.408146,0.247335,0.009792,0.449777,0.000000
1031,0,keep/sharp,0.376234,0.814586,0.351625,0.000000,0.438102,0.000000
1032,0,keep/sharp,0.334455,0.521401,0.914602,0.000000,0.224717,0.000000
1033,0,keep/sharp,0.324967,0.257650,0.840585,0.000000,0.108115,0.000000
1034,0,keep/sharp,0.331426,0.422715,0.352501,0.000000,0.192489,0.000000
1035,0,keep/sharp,0.367343,0.526829,0.034271,0.000000,0.275819,0.000000
1036,0,keep/sharp,0.360663,0.242937,0.047961,1.105269,0.032863,0.000000
1037,0,keep/sharp,0.354685,0.598200,0.254000,0.000000,0.352156,0.000000
1038,0,keep/sharp,0.348339,0.741111,1.281688,0.000000,0.314267,0.000000
1039,0,keep/sharp,0.364313,0.367883,0.861167,0.000000,0.356890,0.000000
1040,0,keep/sharp,0.413911,0.337208,0.548792,0.000000,0.314274,0.000000
1041,0,keep/sharp,0.423884,0.551917,0.001890,0.000000,0.405083,0.000000
1042,0,keep/sharp,0.387919,0.302529,0.201283,0.626590,0.188173,0.000000
1043,0,keep/sharp,0.391385,0.927682,1.153461,0.000000,0.384666,0.000000
1044,0,keep/sharp,0.426589,0.734579,0.067135,0.000000,0.444641,1.514536
1045,0,keep/sharp,0.423085,0.634712,0.517181,0.000000,0.355081,0.245268
1046,0,keep/sharp,0.414559,0.583163,0.671926,0.120168,0.289464,0.000000
1047,0,keep/sharp,0.357173,0.756933,0.859335,0.000000,0.516281,0.000000
1048,0,keep/sharp,0.344540,0.518666,0.006046,0.000000,0.273094,0.000000
1049,0,keep/sharp,0.363672,0.470510,0.245146,0.000000,0.306279,0.000000
1050,0,keep/sharp,0.353920,0.388757,0.427693,0.000000,0.259375,0.000000
1051,0,keep/sharp,0.318846,0.426385,0.308135,0.087653,0.325953,0.000000
1052,0,keep/sharp,0.318000,0.495480,1.086081,0.000000,0.451751,0.000000
1053,0,keep/sharp,0.344270,0.570237,0.286173,0.000000,0.969724,0.000000
1054,0,keep/sharp,0.342130,0.422525,0.457206,0.000000,0.345182,0.000000
1055,0,keep/sharp,0.335041,0.344394,0.197101,0.000000,0.165855,0.000000
1056,0,keep/sharp,0.336069,0.618060,0.442473,0.343188,0.330902,0.000000
1057,0,keep/sharp,0.355863,0.263380,0.504715,0.000000,0.248994,0.000000
1058,0,keep/sharp,0.386801,0.423214,0.236847,0.000000,0.265186,0.000000
1059,0,keep/sharp,0.405018,0.512365,0.971149,0.000000,0.766455,0.000000
1060,0,keep/sharp,0.380768,0.611441,0.929980,0.000000,0.353042,0.012263
1061,0,keep/sharp,0.368879,0.758454,0.101043,0.000000,0.403444,4.384183
1062,0,keep/sharp,0.376884,0.432261,0.489522,0.000000,0.253406,0.000000
1063,0,keep/sharp,0.351750,0.613414,0.136565,0.000000,0.347363,0.000000
1064,0,keep/sharp,0.339644,0.457113,0.053606,0.000000,0.236532,0.000000
1065,0,keep/sharp,0.327943,0.640567,0.156690,0.000000,0.395846,0.000000
1066,0,keep/sharp,0.395713,0.512637,0.571440,0.000000,0.332204,0.000000
1067,0,keep/sharp,0.397626,0.561099,0.705528,0.000000,0.357630,0.000000
1068,0,keep/sharp,0.411497,0.715766,0.619801,0.000000,0.314222,0.000000
1069,0,keep/sharp,0.403505,0.745260,1.644577,0.000000,0.440284,0.000000
1070,0,keep/sharp,0.387730,0.421611,0.030003,0.394290,0.490883,0.000000
1071,0,keep/sharp,0.353981,0.335422,0.522152,0.000000,0.139503,0.000000
1072,0,keep/sharp,0.362209,0.234616,0.308699,0.214561,0.158443,0.000000
1073,0,keep/sharp,0.330045,0.678662,0.075509,0.000000,0.278102,0.000000
1074,0,keep/sharp,0.318160,0.367737,0.174373,0.000000,0.244508,0.000000
1075,0,keep/sharp,0.331001,0.332388,1.223131,0.000000,0.194000,0.000000
1076,0,keep/sharp,0.347066,0.732325,1.007382,0.000000,0.242510,0.000000
1077,0,keep/sharp,0.359304,0.496964,0.043069,0.000000,0.298279,0.000000
1078,0,keep/sharp,0.404097,0.521694,0.557248,0.000000,0.286270,0.110370
1079,0,keep/sharp,0.372666,0.381966,0.569718,0.000000,0.395156,0.122635
1080,0,keep/sharp,0.348368,0.277391,0.726311,0.000000,0.313889,0.000000
1081,0,keep/sharp,0.386781,0.022741,1.461017,0.124042,0.168689,0.000000
1082,0,keep/sharp,0.368871,0.442522,0.344467,0.000000,0.355087,0.000000
1083,0,keep/sharp,0.425671,0.440767,0.683841,0.000000,0.389821,0.000000
1084,0,keep/sharp,0.407829,0.000000,1.408645,0.000000,0.253732,0.000000
1085,0,keep/sharp,0.361360,0.060839,0.370906,0.416714,0.157061,0.000000
1086,0,keep/sharp,0.359276,0.248321,1.906407,0.000000,0.640549,0.000000
1087,0,keep/sharp,0.397265,0.349507,0.283476,0.000000,0.236818,0.000000
1088,0,keep/sharp,0.380350,0.434478,0.115566,0.000000,0.131830,0.000000
1089,0,keep/sharp,0.377503,0.555234,0.164578,0.000000,0.416432,0.000000
1090,0,keep/sharp,0.302174,0.862612,1.089710,0.000000,0.502770,0.000000
1091,0,keep/sharp,0.318567,0.587727,0.354570,0.000000,0.520700,0.000000
1092,0,keep/sharp,0.349497,0.505859,0.123614,0.000000,0.281245,0.000000
1093,0,keep/sharp,0.369960,0.340185,0.233170,0.000000,0.339240,0.000000
1094,0,keep/sharp,0.317828,0.410506,0.523434,0.000000,0.420696,0.000000
1095,0,keep/sharp,0.336712,0.351578,0.564411,0.000000,0.983823,0.000000
1096,0,keep/sharp,0.371510,0.026370,1.208953,0.000000,0.234267,0.000000
1097,0,keep/sharp,0.380618,0.012487,0.834560,0.000000,0.246238,0.000000
1098,0,keep/sharp,0.436021,0.487860,0.746280,0.000000,0.859966,0.000000
1099,0,keep/sharp,0.417459,0.404442,0.981821,0.000000,0.347634,0.000000
1100,0,keep/sharp,0.449674,0.097520,0.726410,0.000000,0.203035,0.000000
1101,0,keep/sharp,0.433448,0.153430,1.703898,0.000000,1.245690,0.000000
1102,0,keep/sharp,0.430115,0.154428,0.616885,0.000000,0.258329,0.000000
1103,0,keep/sharp,0.412188,0.042635,1.830878,0.000000,0.279668,0.447617
1104,0,keep/sharp,0.425638,0.403076,0.005149,0.000000,0.391834,0.177819
1105,0,keep/sharp,0.369405,0.396573,0.942293,0.000000,0.387391,0.000000
1106,0,keep/sharp,0.346736,0.275973,0.698134,0.000000,0.355917,0.000000
1107,0,keep/sharp,0.305003,0.360828,0.570792,0.000000,0.731377,0.000000
1108,0,keep/sharp,0.412433,0.439096,0.509857,0.000000,0.335845,0.000000
1109,0,keep/sharp,0.393339,0.046118,0.075675,0.268192,0.113200,0.000000
1110,0,keep/sharp,0.431753,0.329248,0.417044,0.050404,0.875234,0.000000
1111,0,keep/sharp,0.433228,0.804157,2.089799,0.000000,0.344592,0.000000
1112,0,keep/sharp,0.433796,0.475040,0.429225,0.050990,0.309381,0.000000
1113,0,keep/sharp,0.467607,0.454722,1.432772,0.000000,0.252005,0.000000
1114,0,keep/sharp,0.444171,0.812968,0.298063,0.000000,0.391665,0.000000
1115,0,keep/sharp,0.354149,0.585168,0.334633,0.000000,0.456415,0.000000
1116,0,keep/sharp,0.381611,0.319827,0.725894,0.000000,0.213195,0.000000
1117,0,keep/sharp,0.361680,0.484465,0.016251,0.000000,0.247908,0.000000
1118,0,keep/sharp,0.358299,0.362992,0.540663,0.000000,0.198122,0.000000
1119,0,keep/sharp,0.344154,0.691018,0.846027,0.000000,0.388133,0.000000
1120,0,keep/sharp,0.357741,0.689253,0.679519,0.000000,0.448984,0.000000
1121,0,keep/sharp,0.362811,0.598512,0.467120,0.000000,0.293811,0.000000
1122,0,keep/sharp,0.355552,0.639962,0.012032,0.020032,0.290970,0.000000
1123,0,keep/sharp,0.351329,0.520375,0.776709,0.000000,0.373148,0.000000
1124,0,keep/sharp,0.352261,0.597405,0.022837,0.000000,0.244254,0.000000
1125,0,keep/sharp,0.336915,0.405034,0.299075,0.000000,0.293714,0.000000
1126,0,keep/sharp,0.355962,0.365283,1.171772,0.000000,0.114609,0.000000
1127,0,keep/sharp,0.355612,0.540581,0.894554,0.000000,0.319501,0.000000
1128,0,keep/sharp,0.390522,0.461637,0.275515,0.000000,0.235792,0.000000
1129,0,keep/sharp,0.391856,0.306190,0.524679,0.000000,0.948873,0.000000
1130,0,keep/sharp,0.404607,0.601632,0.717826,0.000000,0.301689,0.000000
1131,0,keep/sharp,0.400410,0.679214,0.678490,0.000000,0.382426,0.000000
1132,0,keep/sharp,0.437431,0.303677,0.193799,0.000000,0.896875,0.000000
1133,0,keep/sharp,0.415950,0.651158,1.055437,0.000000,0.352279,0.220741
1134,0,keep/sharp,0.381451,0.777735,0.576538,0.000000,0.303317,0.000000
1135,0,keep/sharp,0.429327,0.542698,0.844269,0.000000,0.723452,0.000000
1136,0,keep/sharp,0.424268,0.528877,0.030477,0.000000,0.415754,0.000000
1137,0,keep/sharp,0.365202,0.486167,0.026292,0.000000,0.364409,0.000000
1138,0,keep/sharp,0.434006,0.823207,1.608260,0.000000,0.413301,0.000000
1139,0,keep/sharp,0.417123,0.287514,0.315011,0.000000,0.329023,0.000000
1140,0,keep/sharp,0.464557,0.287664,0.143215,0.000000,0.264046,0.000000
1141,0,keep/sharp,0.481047,0.614253,2.364051,0.000000,0.107862,0.000000
1142,0,keep/sharp,0.410584,0.400308,0.754818,0.000000,0.325663,0.000000
1143,0,keep/sharp,0.465777,0.618362,1.006336,0.000000,0.438029,0.000000
1144,0,keep/sharp,0.475880,0.331474,0.128608,0.438777,0.644309,0.000000
1145,0,keep/sharp,0.400485,0.654727,0.196820,0.000000,0.370389,0.000000
1146,0,keep/sharp,0.381522,0.655036,1.178503,0.000000,0.340400,0.141029
1147,0,keep/sharp,0.344270,0.442148,0.200549,0.000000,0.319053,0.000000
1148,0,keep/sharp,0.332519,0.210026,0.995978,0.000000,0.254585,0.000000
1149,0,keep/sharp,0.324851,0.181499,0.360167,0.000000,0.231603,1.330583
1150,0,keep/sharp,0.318049,0.643697,0.151586,0.000000,0.409725,0.000000
1151,0,keep/sharp,0.320286,0.338190,0.147647,0.018961,0.207801,1.091447
1152,0,keep/sharp,0.334716,0.482775,0.162845,0.047938,0.352848,0.000000
1153,0,keep/sharp,0.372884,0.372694,1.301943,0.000000,0.389322,0.000000
1154,0,keep/sharp,0.368707,0.000000,0.264266,0.425970,0.609351,0.000000
1155,0,keep/sharp,0.387367,0.045977,1.436492,0.000000,0.368504,0.000000
1156,0,keep/sharp,0.373904,0.483124,1.083620,0.000000,0.389482,0.000000
1157,0,keep/sharp,0.391523,0.207311,0.461285,0.000000,0.456994,0.000000
1158,0,keep/sharp,0.404911,0.254186,0.643401,0.000000,0.293539,1.011735
1159,0,keep/sharp,0.371962,0.130833,0.181645,0.000000,0.180119,0.735808
1160,0,keep/sharp,0.361960,0.000000,1.914393,0.326557,0.167970,0.000000
1161,0,keep/sharp,0.370635,0.268013,0.315123,0.192398,1.017137,0.000000
1162,0,keep/sharp,0.359584,0.383176,0.372581,0.000000,0.351938,0.000000
1163,0,keep/sharp,0.369159,0.139883,1.094945,0.000000,0.525007,0.263664
1164,0,keep/sharp,0.315161,0.488898,0.415821,0.000000,0.376531,0.000000
1165,0,keep/sharp,0.299386,0.409761,0.401699,0.000000,0.305882,0.000000
1166,0,keep/sharp,0.301402,0.350000,0.279296,0.000000,0.245062,0.000000
1167,0,keep/sharp,0.278605,0.400015,0.488576,0.000000,0.300120,0.000000
1168,0,keep/sharp,0.284405,0.237101,0.346015,0.000000,0.447096,0.000000
1169,0,keep/sharp,0.277350,0.336712,0.471521,0.000000,0.330149,0.000000
1170,0,keep/sharp,0.318276,0.479052,0.142970,0.000000,0.916387,0.000000
1171,0,keep/sharp,0.333795,0.149960,0.547495,0.315992,0.642725,0.000000
1172,0,keep/sharp,0.373165,0.309890,0.345732,0.000000,0.288606,0.000000
1173,0,keep/sharp,0.369923,0.118278,1.345381,0.000000,0.281361,0.423089
1174,0,keep/sharp,0.453505,0.246407,0.449306,0.641116,0.242114,0.656097
1175,0,keep/sharp,0.480912,0.014457,1.475894,0.000000,0.381455,0.000000
1176,0,keep/sharp,0.507096,0.052883,0.481254,0.149656,0.551082,0.000000
1177,0,keep/sharp,0.492014,0.641842,2.049256,0.000000,0.276480,0.441483
1178,0,keep/sharp,0.473324,0.546346,1.093565,0.000000,0.337412,0.196215
1179,0,keep/sharp,0.432087,0.461163,0.758135,0.000000,0.372431,0.000000
1180,0,keep/sharp,0.426838,0.137452,1.030711,0.083031,0.190591,0.000000
1181,0,keep/sharp,0.322946,0.424134,0.381812,0.000000,0.330662,0.000000
1182,0,keep/sharp,0.286208,0.286024,0.222577,0.097831,0.355460,0.000000
1183,0,keep/sharp,0.283007,0.000000,0.450070,0.260916,0.133600,0.288192
1184,0,keep/sharp,0.272587,0.228708,0.181682,0.000000,0.257430,0.000000
1185,0,keep/sharp,0.279434,0.531686,0.285712,0.000000,0.399762,0.000000
1186,0,keep/sharp,0.254976,0.312762,0.311679,0.465449,0.856722,0.000000
1187,0,keep/sharp,0.257715,0.258046,0.631868,0.107748,0.266279,0.000000
1188,0,keep/sharp,0.246722,0.000000,0.834691,0.000000,0.446756,0.416956
1189,0,keep/sharp,0.240869,0.000000,0.084495,0.000000,0.179873,0.000000
1190,0,keep/sharp,0.228872,0.585925,0.074343,0.000000,0.397623,0.000000
1191,0,keep/sharp,0.202453,0.000000,0.169134,0.098080,0.040491,0.000000
1192,0,keep/sharp,0.199234,0.045164,0.146553,0.251125,1.173790,0.000000
1193,0,keep/sharp,0.225164,0.391949,0.363676,0.000000,0.598682,0.190086
1194,0,keep/sharp,0.213740,0.188052,0.171971,0.000000,0.285797,0.000000
1195,0,keep/sharp,0.246588,0.183940,0.667546,0.000000,0.164461,0.576383
1196,0,keep/sharp,0.280357,0.249718,0.129062,0.450412,0.127316,0.000000
1197,0,keep/sharp,0.291344,0.057245,0.395511,0.000000,0.223222,0.000000
1198,0,keep/sharp,0.344618,0.000000,0.546230,0.564513,0.088979,0.091976
1199,0,keep/sharp,0.378669,0.411840,1.003993,0.000000,0.472301,0.000000
1200,0,keep/sharp,0.388185,0.393293,0.687925,0.074348,0.341504,0.000000
1201,0,keep/sharp,0.438137,0.546261,1.037982,0.000000,0.258169,0.006133
1202,0,keep/sharp,0.459091,0.295957,0.589561,0.760126,0.918781,0.000000
1203,0,keep/sharp,0.407866,0.267361,0.561667,0.000000,0.231531,0.275931
1204,0,keep/sharp,0.402719,0.321554,1.200965,0.000000,0.275469,0.288194
1205,0,keep/sharp,0.369840,0.222235,1.061665,0.000000,0.379888,0.282060
1206,0,keep/sharp,0.417470,0.313279,0.022659,0.000000,0.166075,0.239137
1207,0,keep/sharp,0.442644,0.557878,0.361159,0.000000,0.513196,0.233005
1208,0,keep/sharp,0.419322,0.681568,0.087834,0.000000,0.459039,0.000000
1209,0,keep/sharp,0.394277,0.343774,1.833885,0.512552,0.817025,0.000000
1210,0,keep/sharp,0.436465,0.510944,0.883904,0.000000,0.373608,0.000000
1211,0,keep/sharp,0.428660,0.452807,0.312282,0.343624,0.372748,0.000000
1212,0,keep/sharp,0.436702,0.458307,0.332015,0.000000,0.331220,0.000000
1213,0,keep/sharp,0.364861,0.572516,0.727852,0.000000,0.256830,0.000000
1214,0,keep/sharp,0.406150,0.250900,0.642929,0.000000,0.194515,0.000000
1215,0,keep/sharp,0.400784,0.206170,0.806125,0.063248,0.145117,0.000000
1216,0,keep/sharp,0.407816,0.458890,0.591838,0.012171,0.464504,0.000000
1217,0,keep/sharp,0.359018,0.817161,1.480810,0.000000,0.474577,0.000000
1218,0,keep/sharp,0.347451,0.637277,0.216285,0.000000,0.476507,0.000000
1219,0,keep/sharp,0.331315,0.565875,0.105907,0.000000,1.056616,0.000000
1220,0,keep/sharp,0.340881,0.120429,0.024314,0.000000,0.357962,0.000000
1221,0,keep/sharp,0.265011,0.128622,0.337718,0.203536,0.240777,0.000000
1222,0,keep/sharp,0.244115,0.265880,0.382236,0.000000,0.265582,0.000000
1223,0,keep/sharp,0.235751,0.177764,0.481205,0.568462,0.991270,0.000000
1224,0,keep/sharp,0.306656,0.289806,0.361943,0.000000,0.257619,0.000000
1225,0,keep/sharp,0.343849,0.439538,0.020484,0.000000,0.257773,0.000000
1226,0,keep/sharp,0.353361,0.564665,0.192425,0.000000,0.348212,0.000000
1227,0,keep/sharp,0.350402,0.483567,0.090127,0.000000,0.314582,7.443914
1228,0,keep/sharp,0.359038,0.304219,1.088128,0.000000,0.342112,0.153292
1229,0,keep/sharp,0.414701,0.353922,0.494395,0.000000,0.310609,0.000000
1230,0,keep/sharp,0.491052,0.566455,0.593961,0.000000,0.419004,0.429223
1231,0,keep/sharp,0.452616,0.629589,0.163568,0.000000,0.424378,0.000000
1232,0,keep/sharp,0.425036,0.738495,0.935912,0.000000,0.392550,0.000000
1233,0,keep/sharp,0.450516,0.734888,1.539032,0.000000,0.897742,0.000000
1234,0,keep/sharp,0.430037,0.614166,0.267689,0.000000,0.307118,0.196217
1235,0,keep/sharp,0.447475,0.638313,0.082151,0.000000,0.489153,0.171690
1236,0,keep/sharp,0.406867,0.702454,0.509677,0.000000,0.502886,0.919759
1237,0,keep/sharp,0.363194,0.350745,0.031337,0.227156,0.815990,0.392433
1238,0,keep/sharp,0.374999,0.643915,0.317610,0.000000,0.836684,0.410827
1239,0,keep/sharp,0.467535,0.439660,0.382078,0.000000,0.137721,0.153294
1240,0,keep/sharp,0.455171,0.487701,0.791228,0.000000,0.383821,1.238607
1241,0,keep/sharp,0.486251,0.374730,0.659622,0.000000,0.239526,1.017866
1242,0,keep/sharp,0.504125,0.335029,1.406037,0.000000,0.251330,7.309016
1243,0,keep/sharp,0.536761,0.597869,0.432648,0.000000,0.359662,0.637699
1244,0,keep/sharp,0.509660,0.267841,0.322454,0.000000,0.661093,4.807272
1245,0,keep/sharp,0.486476,0.874643,0.100340,0.000000,0.361570,4.016278
1246,0,keep/sharp,0.394247,0.457680,1.010981,0.000000,0.435607,0.000000
1247,0,keep/sharp,0.386417,0.280437,0.415442,0.000000,0.217801,1.416428
1248,0,keep/sharp,0.368008,0.488830,0.147525,0.000000,0.348899,0.000000
1249,0,keep/sharp,0.343100,0.742517,0.037983,0.000000,0.432157,0.000000
1250,0,keep/sharp,0.360212,0.610269,0.371723,0.000000,0.295008,0.000000
1251,0,keep/sharp,0.392675,0.315764,0.750150,0.154165,0.019047,0.153294
1252,0,keep/sharp,0.442555,0.383896,0.656557,0.000000,0.300515,0.171690
1253,0,keep/sharp,0.448543,0.832594,0.998189,0.000000,0.463153,0.159425
1254,0,keep/sharp,0.489698,0.268976,1.363183,0.000000,0.281931,0.000000
1255,0,keep/sharp,0.476734,0.306997,1.431318,0.000000,0.396727,0.000000
1256,0,keep/sharp,0.472108,0.565133,0.305419,0.000000,0.281060,0.607040
1257,0,keep/sharp,0.432534,0.830883,0.790731,0.000000,0.359201,1.686224
1258,0,keep/sharp,0.417270,0.409184,0.168518,0.000000,0.722446,0.374037
1259,0,keep/sharp,0.397119,0.574754,0.390102,0.000000,0.313408,0.000000
1260,0,keep/sharp,0.403002,0.751733,0.264517,0.000000,0.318548,0.000000
1261,0,keep/sharp,0.338180,0.760528,0.516336,0.000000,0.350352,0.000000
1262,0,keep/sharp,0.380428,0.615291,0.598090,0.000000,0.603041,0.000000
1263,0,keep/sharp,0.413097,0.412623,0.599789,0.265277,0.011651,0.000000
1264,0,keep/sharp,0.412447,0.000000,0.170434,0.279578,0.038768,0.981076
1265,0,keep/sharp,0.418702,0.722650,0.923414,0.000000,0.509313,0.239139
1266,0,keep/sharp,0.395352,0.491639,0.865539,0.498948,0.283972,0.000000
1267,0,keep/sharp,0.363678,0.623843,0.373116,0.000000,0.319802,0.000000
1268,0,keep/sharp,0.416239,0.613851,0.389292,0.475290,0.364978,0.416958
1269,0,keep/sharp,0.365602,0.577221,0.207495,0.000000,0.345223,0.000000
1270,0,keep/sharp,0.327878,0.352210,0.057743,0.000000,0.173552,0.067451
1271,0,keep/sharp,0.355246,0.814059,0.746655,0.000000,0.502405,0.000000
1272,0,keep/sharp,0.381179,0.389916,0.207512,0.000000,0.336393,0.000000
1273,0,keep/sharp,0.380923,0.107241,0.615173,0.000000,0.605906,0.000000
1274,0,keep/sharp,0.437149,0.946070,0.579598,0.000000,0.388222,0.453746
1275,0,keep/sharp,0.397776,0.634599,1.411387,0.000000,0.230553,0.000000
1276,0,keep/sharp,0.421254,0.411525,0.332991,0.024505,0.188920,0.447615
1277,0,keep/sharp,0.435537,0.359971,0.690611,0.000000,0.222726,3.850723
1278,0,keep/sharp,0.418606,0.572896,0.204599,0.000000,0.208866,0.000000
1279,0,keep/sharp,0.360703,0.533893,0.370338,0.130932,0.325101,0.864575
1280,0,keep/sharp,0.361135,0.317965,0.829422,0.000000,0.208050,0.361772
1281,0,keep/sharp,0.362628,0.654631,0.465631,0.000000,0.364850,0.594775
1282,0,keep/sharp,0.488845,0.470310,0.060687,0.000000,0.407983,0.827781
1283,0,keep/sharp,0.546688,0.633960,0.007064,0.000000,0.271566,1.103711
1284,0,keep/sharp,0.560337,0.677203,0.748483,0.000000,0.971683,0.000000
1285,0,keep/sharp,0.556220,0.762199,2.190447,0.872258,0.369002,0.000000
1286,0,keep/sharp,0.545213,0.521968,1.736544,0.314074,0.224215,0.000000
1287,0,keep/sharp,0.557739,0.046311,1.121398,0.520437,0.115511,0.024529
1288,0,keep/sharp,0.513420,0.199747,0.746118,0.000000,0.228180,1.336717
1289,0,keep/sharp,0.396882,0.115740,0.396002,0.000000,0.130999,0.000000
1290,0,keep/sharp,0.349817,0.174590,0.866300,0.119695,0.171434,0.000000
1291,0,keep/sharp,0.297037,0.000000,0.120352,0.682576,0.294797,0.374034
1292,0,keep/sharp,0.280256,0.000000,0.888900,0.000000,0.420060,0.042921
1293,0,keep/sharp,0.327459,0.000000,1.049664,0.618493,0.000000,0.000000
1294,0,keep/sharp,0.288420,0.099562,0.239244,0.000000,0.146802,0.000000
1295,0,keep/sharp,0.326501,0.000000,0.845708,0.000000,0.048357,0.000000
1296,0,keep/sharp,0.378746,0.111515,1.068315,0.619240,0.000000,0.055184
1297,0,keep/sharp,0.370516,0.000000,0.010465,0.373435,0.076355,0.000000
1298,0,keep/sharp,0.399249,0.000000,0.307295,1.634676,0.443584,0.000000
1299,0,keep/sharp,0.445785,0.199192,1.717604,0.370009,0.127569,0.098110
1300,0,keep/sharp,0.398377,0.363247,0.658627,0.213265,0.206466,0.380168
1301,0,keep/sharp,0.434720,0.147466,0.724550,0.000000,0.449405,0.000000
1302,0,keep/sharp,0.408976,0.217796,1.541276,0.000000,0.403706,0.042923
1303,0,keep/sharp,0.328429,0.000000,0.554098,0.000000,0.000000,0.000000
1304,0,keep/sharp,0.412179,0.006868,0.158520,1.171271,0.333989,0.000000
1305,0,keep/sharp,0.454825,0.000000,0.615352,0.623426,0.000000,0.000000
1306,0,keep/sharp,0.444820,0.000000,0.350584,0.000000,0.177677,0.000000
1307,0,keep/sharp,0.484568,0.000000,1.842767,1.464465,0.805500,0.000000
1308,0,keep/sharp,0.460533,0.284425,1.494195,0.000000,0.606495,0.000000
1309,0,keep/sharp,0.486781,0.371020,1.234036,0.000000,0.248556,0.000000
1310,0,keep/sharp,0.496778,0.145717,0.995008,0.361239,0.084117,0.165557
1311,0,keep/sharp,0.360671,0.000000,0.501651,0.108582,0.010922,0.000000
1312,0,keep/sharp,0.296321,0.000000,0.721522,1.000836,0.564940,0.000000
1313,0,keep/sharp,0.349317,0.000000,0.576750,0.068456,0.000000,0.122635
1314,0,keep/sharp,0.330914,0.000000,0.120489,0.000000,0.000000,0.000000
1315,0,keep/sharp,0.409936,0.000000,0.097757,0.638874,0.000000,0.000000
1316,0,keep/sharp,0.463576,0.000000,1.060843,1.652242,1.685862,0.000000
1317,0,keep/sharp,0.550036,0.000000,0.637809,0.417835,0.262852,0.000000
1318,0,keep/sharp,0.630716,0.000000,1.177896,1.605862,0.128579,0.000000
1319,0,keep/sharp,0.694587,0.000000,0.076688,2.749190,1.901491,0.607040
1320,0,keep/sharp,0.670120,0.000000,0.295198,2.172904,1.603569,0.864575
1321,0,keep/sharp,0.683531,0.000000,0.327713,2.070936,0.374277,0.000000
1322,0,keep/sharp,0.600826,0.000000,0.589238,1.480237,0.913627,0.000000
1323,0,keep/sharp,0.596100,0.000000,1.127656,0.668611,1.654334,0.564118
1324,0,keep/sharp,0.581943,0.000000,0.475832,0.714194,0.669909,0.600907
1325,0,keep/sharp,0.577054,0.000000,0.303003,0.157903,0.218850,0.000000
1326,0,keep/sharp,0.587663,0.000000,0.671704,1.718904,2.194656,0.085847
1327,0,keep/sharp,0.556050,0.000000,0.258666,1.589093,2.042118,0.625434
1328,0,keep/sharp,0.574432,0.000000,0.153495,1.511195,1.176965,0.932024
1329,0,keep/sharp,0.572890,0.000000,0.281700,2.182035,1.040365,0.000000
1330,0,keep/sharp,0.556326,0.000000,0.710044,0.320278,1.762730,0.000000
1331,0,keep/sharp,0.614846,0.000000,0.552975,1.092301,1.084741,0.036790
1332,0,keep/sharp,0.565334,0.000000,0.107419,0.440894,0.115369,0.000000
1333,0,keep/sharp,0.515079,0.000000,1.524915,1.141746,0.044063,0.177819
1334,0,keep/sharp,0.603236,0.000000,1.519542,2.168843,1.396274,0.000000
1335,0,keep/sharp,0.656848,0.015034,0.187099,0.615241,0.195296,0.000000
1336,0,keep/sharp,0.685606,0.001253,0.880977,0.000000,0.557929,0.000000
1337,0,keep/sharp,0.641010,0.000000,1.716031,1.999142,1.013906,0.515064
1338,0,keep/sharp,0.508754,0.000000,1.036862,1.440459,2.032535,0.735808
1339,0,keep/sharp,0.565700,0.000000,0.106923,0.724222,0.865937,0.981076
1340,0,keep/sharp,0.576381,0.000000,1.012612,0.000000,0.159286,1.857912
1341,0,keep/sharp,0.500427,0.000000,0.389260,0.069639,0.449765,0.000000
1342,0,keep/sharp,0.448263,0.000000,1.365993,0.253379,1.172668,0.000000
1343,0,keep/sharp,0.458845,0.000000,0.174493,1.023758,1.132311,0.000000
1344,0,keep/sharp,0.448494,0.000000,1.442584,0.277124,0.661286,0.000000
1345,0,keep/sharp,0.443729,0.000000,1.377750,0.275168,0.551954,0.000000
1346,0,keep/sharp,0.387682,0.000000,1.010283,0.046692,0.800472,0.000000
1347,0,keep/sharp,0.386035,0.000000,0.222580,1.150516,0.261256,0.000000
1348,0,keep/sharp,0.335969,0.000000,0.258962,0.262361,0.155065,0.000000
1349,0,keep/sharp,0.284577,0.000000,0.240391,0.124105,0.565237,1.158898
1350,0,keep/sharp,0.260337,0.224979,0.740689,0.000000,0.887950,0.000000
1351,0,keep/sharp,0.247653,0.000000,0.693304,0.000000,0.184470,0.000000
1352,0,keep/sharp,0.276858,0.217702,0.343661,0.000000,0.160205,0.061318
1353,0,keep/sharp,0.256607,0.000000,0.476755,0.148995,0.577200,0.000000
1354,0,keep/sharp,0.260014,0.168342,0.577437,0.000000,0.229149,0.153294
1355,0,keep/sharp,0.245435,0.000000,0.757549,0.419205,0.283136,0.000000
1356,0,keep/sharp,0.245528,0.000000,0.187470,0.000000,0.154401,0.183953
1357,0,keep/sharp,0.251722,0.240321,0.628020,0.000000,1.293429,0.110372
1358,0,keep/sharp,0.267098,0.000000,0.279138,0.000000,0.232755,0.410827
1359,0,keep/sharp,0.248586,0.000000,0.316387,0.000000,0.639813,0.398564
1360,0,keep/sharp,0.333581,0.415529,0.334575,0.000000,0.361351,0.429223
1361,0,keep/sharp,0.296674,0.263816,0.679464,0.000000,0.378504,0.741940
1362,0,keep/sharp,0.317161,0.183201,0.376829,0.000000,0.208674,0.692885
1363,0,keep/sharp,0.332991,0.837717,1.030154,0.000000,0.521825,0.950418
1364,0,keep/sharp,0.340425,0.216153,0.074778,0.058651,0.568616,0.000000
1365,0,keep/sharp,0.312853,0.000000,0.612203,0.000000,0.738580,0.000000
1366,0,keep/sharp,0.313947,0.000000,0.574481,0.493093,0.158579,0.000000
1367,0,keep/sharp,0.246968,0.000000,1.046645,0.000000,0.173171,0.000000
1368,0,keep/sharp,0.248909,0.148872,0.321931,0.000000,0.244238,0.110372
1369,0,keep/sharp,0.271881,0.347023,0.096108,0.000000,0.593231,0.680624
1370,0,keep/sharp,0.334908,0.293229,0.158931,0.000000,0.446322,0.423091
1371,0,keep/sharp,0.367887,0.231217,0.098508,0.000000,0.314858,0.901365
1372,0,keep/sharp,0.381341,0.048976,0.827143,0.000000,0.156662,2.986149
1373,0,keep/sharp,0.416457,0.000000,0.829985,0.000000,0.745777,12.416740
1374,0,keep/sharp,0.448439,0.065943,0.389356,0.000000,0.296770,11.852622
1375,0,keep/sharp,0.489286,0.354670,0.407089,0.000000,0.340549,0.000000
1376,0,keep/sharp,0.489928,0.574259,0.703501,0.000000,0.450814,0.809389
1377,0,keep/sharp,0.421704,0.238058,0.759033,0.000000,0.593050,1.158896
1378,0,keep/sharp,0.366949,0.000000,0.524712,0.068966,0.413044,4.825666
1379,0,keep/sharp,0.390199,0.137230,1.140023,0.000000,0.174361,0.564120
1380,0,keep/sharp,0.377594,0.084519,0.470946,0.000000,0.503916,0.748069
1381,0,keep/sharp,0.375018,0.014762,0.216271,0.056770,0.086973,1.968282
1382,0,keep/sharp,0.342671,0.304104,0.771959,0.000000,0.213774,1.600379
1383,0,keep/sharp,0.303386,0.514819,0.417425,0.000000,0.311923,1.508403
1384,0,keep/sharp,0.298142,0.233141,0.640681,0.000000,0.349443,2.146103
1385,0,keep/sharp,0.338911,0.000000,0.190473,0.000000,0.693851,1.998939
1386,0,keep/sharp,0.311505,0.223657,0.187204,0.000000,0.363167,0.000000
1387,0,keep/sharp,0.308688,0.022597,0.191760,0.000000,0.156829,2.949358
1388,0,keep/sharp,0.303700,0.155014,0.985282,0.141085,0.070456,1.735279
1389,0,keep/sharp,0.380429,0.000000,0.337013,0.000000,0.951143,0.515068
1390,0,keep/sharp,0.414529,0.037223,0.474240,0.417087,0.486366,1.373505
1391,0,keep/sharp,0.397604,0.000000,0.082388,0.000000,0.098463,6.910452
1392,0,keep/sharp,0.377361,0.213584,1.690106,0.000000,0.299267,3.108786
1393,0,keep/sharp,0.353753,0.000000,0.675473,0.000000,0.219349,3.433767
1394,0,keep/sharp,0.331007,0.000000,0.010000,0.000000,0.730334,0.466009
1395,0,keep/sharp,0.398750,0.112344,0.634749,0.000000,0.267801,1.477746
1396,0,keep/sharp,0.366966,0.000000,0.065047,0.000000,0.337889,0.367903
1397,0,keep/sharp,0.408598,0.147915,0.358502,0.000000,0.283661,0.564118
1398,0,keep/sharp,0.450881,0.000000,0.927098,0.734612,0.067249,11.276243
1399,0,keep/sharp,0.457890,0.168585,1.238284,0.000000,0.184740,2.005074
1400,0,keep/sharp,0.511536,0.132787,1.219961,0.000000,0.347258,4.782745
1401,0,keep/sharp,0.543324,0.022613,0.307749,0.000000,0.753909,4.347395
1402,0,keep/sharp,0.476459,0.000000,0.640204,0.000000,0.028778,3.672904
1403,0,keep/sharp,0.438384,0.000000,0.798606,0.149556,0.002660,3.476691
1404,0,keep/sharp,0.383864,0.000000,0.682835,0.000000,0.318390,3.807802
1405,0,keep/sharp,0.449996,0.000000,0.546743,0.408878,0.558690,1.250872
1406,0,keep/sharp,0.471553,0.000000,0.605491,0.173886,0.000000,1.287664
1407,0,keep/sharp,0.502619,0.000000,0.846538,0.000000,0.011852,1.066921
1408,0,keep/sharp,0.574155,0.000000,1.709664,0.939182,0.528030,1.459354
1409,0,keep/sharp,0.531892,0.000000,1.245233,0.000000,0.188273,2.556930
1410,0,keep/sharp,0.510601,0.000000,1.619693,0.149519,0.043773,2.636644
1411,0,keep/sharp,0.481569,0.000000,2.883230,0.000000,0.130422,0.631569
1412,0,keep/sharp,0.390745,0.000000,0.118968,0.070063,0.039295,0.723544
1413,0,keep/sharp,0.356270,0.010045,0.149969,0.000000,0.233593,1.275399
1414,0,keep/sharp,0.284232,0.000000,0.271877,0.066114,0.034176,0.220743
1415,0,keep/sharp,0.204062,0.000000,0.725933,0.000000,0.004133,0.233007
1416,0,keep/sharp,0.247840,0.000000,0.246938,0.000000,1.821523,0.000000
1417,0,keep/sharp,0.308139,0.000000,0.170408,0.268379,0.466258,0.000000
1418,0,keep/sharp,0.350711,0.000000,0.093394,0.992813,0.245421,2.060261
1419,0,keep/sharp,0.337909,0.089850,0.762248,0.000000,0.201451,2.244211
1420,0,keep/sharp,0.398264,0.000000,0.077013,0.646747,1.772287,3.691298
1421,0,keep/sharp,0.482485,0.000000,0.656940,0.000000,0.220924,3.636112
1422,0,keep/sharp,0.450019,0.000000,0.005026,0.000000,0.133487,2.599849
1423,0,keep/sharp,0.422019,0.256368,1.406383,0.000000,0.280478,3.421503
1424,0,keep/sharp,0.402610,0.000000,1.789854,0.078061,0.642610,2.164500
1425,0,keep/sharp,0.413210,0.000000,0.259754,0.000000,0.000000,1.440954
1426,0,keep/sharp,0.410967,0.000000,0.414592,0.000000,0.000000,1.502271
1427,0,keep/sharp,0.388643,0.000000,0.774755,0.449141,0.717478,0.049053
1428,0,keep/sharp,0.335809,0.000000,1.246205,0.217563,0.433166,0.000000
1429,0,keep/sharp,0.319962,0.000000,0.384788,0.000000,0.071670,0.079712
1430,0,keep/sharp,0.344467,0.000000,1.724821,0.000000,0.022865,0.478276
1431,0,keep/sharp,0.310825,0.000000,0.380241,0.497677,1.086894,0.594775
1432,0,keep/sharp,0.309731,0.000000,0.000000,0.046081,0.183336,0.190086
1433,0,keep/sharp,0.343892,0.000000,0.972630,0.252570,0.000000,0.361774
1434,0,keep/sharp,0.338399,0.000000,0.291045,0.442315,0.037601,0.000000
1435,0,keep/sharp,0.314281,0.000000,0.995017,0.000000,1.187138,0.551856
1436,0,keep/sharp,0.337670,0.000000,0.724837,0.408853,0.469591,0.000000
1437,0,keep/sharp,0.308990,0.000000,0.926611,1.012122,0.108196,0.000000
1438,0,keep/sharp,0.301025,0.000000,0.705505,0.000000,0.000000,0.000000
1439,0,keep/sharp,0.251432,0.000000,0.172358,0.094580,1.092722,0.000000
1440,0,keep/sharp,0.247907,0.000000,0.255092,0.321785,0.204517,0.000000
1441,0,keep/sharp,0.268170,0.000000,0.386845,0.000000,0.136385,0.000000
1442,0,keep/sharp,0.262120,0.000000,0.246414,0.249854,0.000000,0.000000
1443,0,keep/sharp,0.268985,0.000000,0.767399,0.000473,0.902696,0.000000
1444,0,keep/sharp,0.316605,0.000000,1.965443,0.000000,0.462126,0.000000
1445,0,keep/sharp,0.372787,0.000000,0.564642,0.000000,0.010943,0.000000
1446,0,keep/sharp,0.417841,0.000000,0.013483,0.621782,0.937085,0.000000
1447,0,keep/sharp,0.380261,0.000000,1.378932,0.313949,0.093486,0.000000
1448,0,keep/sharp,0.359646,0.000000,0.909730,0.858966,0.488064,0.000000
1449,0,keep/sharp,0.403041,0.000000,0.575888,0.998655,0.404208,0.000000
1450,0,keep/sharp,0.423034,0.000000,0.183878,0.003962,0.211594,0.000000
1451,0,keep/sharp,0.400531,0.000000,0.166958,1.784855,0.633448,0.000000
1452,0,keep/sharp,0.408434,0.000000,1.001600,0.770989,0.000000,0.000000
1453,0,keep/sharp,0.359738,0.000000,0.925785,0.458472,0.045995,0.000000
1454,0,keep/sharp,0.428536,0.000000,1.061935,0.000000,0.175281,0.000000
1455,0,keep/sharp,0.402154,0.000000,0.812686,0.854269,1.208354,0.000000
1456,0,keep/sharp,0.413581,0.000000,0.027255,0.422731,0.036763,0.000000
1457,0,keep/sharp,0.362971,0.059346,1.724680,0.000000,0.103342,0.000000
1458,0,keep/sharp,0.351918,0.000000,1.014963,0.000000,0.007385,0.404695
1459,0,keep/sharp,0.298997,0.000000,0.723093,0.454050,1.967152,0.000000
1460,0,keep/sharp,0.351327,0.000000,0.085122,0.000000,0.105959,0.000000
1461,0,keep/sharp,0.322505,0.000000,0.880203,0.000000,0.000000,0.000000
1462,0,keep/sharp,0.335555,0.000000,0.420302,0.000000,0.701123,0.000000
1463,0,keep/sharp,0.284912,0.000000,0.544249,0.801187,1.059949,0.000000
1464,0,keep/sharp,0.381327,0.000000,0.996486,0.000000,0.441362,0.024527
1465,0,keep/sharp,0.359569,0.000000,1.249304,0.000000,0.331865,0.000000
1466,0,keep/sharp,0.341153,0.000000,0.528062,0.190492,0.000000,0.000000
1467,0,keep/sharp,0.298109,0.000000,1.947554,0.000000,0.918923,0.000000
1468,0,keep/sharp,0.269116,0.099817,0.215491,0.000000,0.198370,0.000000
1469,0,keep/sharp,0.269122,0.000000,0.196301,0.000000,0.205563,0.000000
1470,0,keep/sharp,0.246402,0.000000,0.522591,0.000000,0.073820,0.000000
1471,0,keep/sharp,0.161198,0.000000,0.023554,0.000000,1.273744,0.000000
1472,0,keep/sharp,0.179020,0.000000,0.207084,0.798733,1.335405,0.539591
1473,0,keep/sharp,0.197502,0.000000,0.104041,0.000000,0.091223,0.067451
1474,0,keep/sharp,0.218754,0.000000,0.351604,0.039043,0.000000,0.000000
1475,0,keep/sharp,0.266946,0.000000,0.283784,0.176266,0.977690,0.024527
1476,0,keep/sharp,0.350016,0.000000,0.581386,0.000000,0.000174,0.692885
1477,0,keep/sharp,0.393575,0.000000,0.431601,0.623875,0.404799,0.000000
1478,0,keep/sharp,0.429380,0.000000,0.956245,0.865158,0.000000,0.214609
1479,0,keep/sharp,0.438929,0.000000,1.593672,1.418222,1.688223,0.000000
1480,0,keep/sharp,0.451964,0.000000,1.037586,0.000000,0.248571,0.000000
1481,0,keep/sharp,0.437716,0.000000,1.187825,0.000000,0.000000,0.000000
1482,0,keep/sharp,0.400533,0.000000,0.912600,0.000000,0.243615,0.000000
1483,0,keep/sharp,0.323584,0.000000,0.528185,0.187677,0.842653,0.000000
1484,0,keep/sharp,0.352781,0.000000,0.398033,0.043154,0.308582,0.999470
1485,0,keep/sharp,0.371098,0.000000,0.736807,0.000000,0.073415,0.000000
1486,0,keep/sharp,0.351153,0.000000,1.272421,0.324775,0.034058,0.000000
1487,0,keep/sharp,0.338348,0.000000,1.283035,0.277685,0.808556,0.000000
1488,0,keep/sharp,0.421366,0.000000,1.340983,0.317923,0.090002,0.000000
1489,0,keep/sharp,0.418591,0.000000,0.081909,0.361401,0.563529,0.000000
1490,0,keep/sharp,0.374125,0.000000,0.612748,0.000000,0.221314,0.000000
1491,0,keep/sharp,0.320944,0.000000,1.134686,0.159186,0.118648,8.320749
1492,0,keep/sharp,0.280401,0.000000,0.183471,0.000000,0.183678,2.777671
1493,0,keep/sharp,0.270241,0.000000,0.245050,0.208095,0.308165,0.000000
1494,0,keep/sharp,0.283962,0.000000,0.557681,0.000000,0.089209,0.000000
1495,0,keep/sharp,0.209983,0.000000,0.675081,0.000000,0.000000,0.067449
1496,0,keep/sharp,0.239949,0.000000,0.078462,0.000000,0.642364,0.000000
1497,0,keep/sharp,0.313563,0.000000,0.143095,1.099763,0.001550,0.521197
1498,0,keep/sharp,0.296869,0.000000,0.909081,0.000000,0.011234,0.000000
1499,0,keep/sharp,0.274033,0.000000,1.267038,0.000000,0.269355,0.049055
1500,0,keep/sharp,0.272365,0.000000,1.763498,0.182993,0.725707,0.000000
1501,0,keep/sharp,0.266091,0.000000,0.085374,0.000000,0.202672,0.318850
1502,0,keep/sharp,0.268478,0.000000,0.072388,0.000000,0.000000,0.607042
1503,0,keep/sharp,0.221551,0.000000,0.147005,0.000000,0.235163,0.318850
1504,0,keep/sharp,0.169762,0.000000,0.432841,0.000000,0.995271,0.300454
1505,0,keep/sharp,0.199899,0.000000,0.789957,0.000000,0.340648,0.282060
1506,0,keep/sharp,0.255175,0.000000,0.214973,0.000000,0.270240,0.000000
1507,0,keep/sharp,0.269816,0.000000,0.962747,0.000000,0.032149,0.183953
1508,0,keep/sharp,0.276403,0.000000,0.585011,0.314983,0.225282,0.000000
1509,0,keep/sharp,0.265550,0.000000,0.123699,1.058503,1.345509,0.141029
1510,0,keep/sharp,0.307541,0.000000,0.620058,0.000000,0.000000,0.000000
1511,0,keep/sharp,0.296152,0.000000,0.613396,0.363120,0.255041,0.282060
1512,0,keep/sharp,0.276281,0.000000,0.253419,0.000000,1.211140,0.000000
1513,0,keep/sharp,0.335250,0.000000,0.675267,0.114861,1.320023,0.000000
1514,0,keep/sharp,0.375471,0.000000,0.143993,0.818241,0.059440,0.000000
1515,0,keep/sharp,0.491422,0.000000,0.143365,0.366471,0.112662,0.000000
1516,0,keep/sharp,0.488240,0.000000,2.750047,0.000000,0.000000,0.000000
1517,0,keep/sharp,0.459746,0.000000,0.688849,0.018525,1.431934,1.686226
1518,0,keep/sharp,0.483823,0.000000,2.565118,0.736468,0.255178,2.771537
1519,0,keep/sharp,0.487978,0.000000,0.650381,0.000000,0.000000,0.000000
1520,0,keep/sharp,0.434989,0.000000,0.571794,0.074062,0.000000,0.000000
1521,0,keep/sharp,0.372840,0.000000,0.329636,1.355161,0.000000,0.000000
1522,0,keep/sharp,0.311274,0.000000,0.458025,0.116730,0.000000,0.000000
1523,0,keep/sharp,0.319726,0.000000,0.936022,0.622616,0.193198,0.625438
1524,0,keep/sharp,0.334754,0.000000,0.102144,0.000000,0.000000,0.141031
1525,0,keep/sharp,0.289110,0.000000,0.686487,1.060982,2.015486,0.147160
1526,0,keep/sharp,0.327323,0.000000,0.130562,0.920121,0.148996,0.000000
1527,0,keep/sharp,0.285885,0.000000,0.215732,0.743407,0.569350,0.000000
1528,0,keep/sharp,0.302341,0.000000,0.155386,0.000000,0.049787,0.533458
1529,0,keep/sharp,0.208060,0.000000,0.377939,0.724920,1.308182,0.030659
1530,0,keep/sharp,0.212218,0.000000,0.379159,0.203934,0.000000,0.582514
1531,0,keep/sharp,0.206946,0.000000,0.404275,0.000000,0.187101,0.122635
1532,0,keep/sharp,0.236161,0.000000,0.114440,0.000000,0.000000,0.000000
1533,0,keep/sharp,0.199111,0.000000,0.465473,0.213265,0.822271,0.000000
1534,0,keep/sharp,0.227375,0.000000,0.629650,0.150615,0.097918,0.435352
1535,0,keep/sharp,0.275493,0.000000,0.864528,0.000000,0.144316,0.000000
1536,0,keep/sharp,0.279109,0.000000,0.510608,0.000000,0.146012,0.000000
1537,0,keep/sharp,0.246128,0.000000,1.175855,0.000000,0.207169,0.000000
1538,0,keep/sharp,0.253948,0.000000,1.142231,0.495011,0.231185,0.000000
1539,0,keep/sharp,0.258303,0.000000,0.191069,0.000000,0.012995,0.000000
1540,0,keep/sharp,0.261210,0.000000,0.179017,0.000000,0.029339,0.000000
1541,0,keep/sharp,0.243475,0.000000,0.716948,0.393704,0.064301,0.000000
1542,0,keep/sharp,0.200823,0.000000,0.035083,0.932006,0.832410,0.000000
1543,0,keep/sharp,0.343916,0.000000,0.400568,0.000000,0.599871,0.000000
1544,0,keep/sharp,0.406335,0.000000,0.343321,0.721830,0.000000,0.000000
1545,0,keep/sharp,0.436583,0.000000,0.605213,0.000000,0.032858,0.012265
1546,0,keep/sharp,0.445885,0.163531,2.687961,0.196908,1.139923,0.000000
1547,0,keep/sharp,0.498745,0.155319,1.318231,0.000000,0.339179,0.000000
1548,0,keep/sharp,0.511257,0.090159,1.492297,0.000000,0.322163,0.000000
1549,0,keep/sharp,0.608083,0.000000,0.279544,0.839270,0.400007,1.232478
1550,0,keep/sharp,0.513267,0.000000,0.715198,1.010154,1.018629,0.000000
1551,0,keep/sharp,0.482543,0.000000,1.088436,0.000000,0.128347,0.000000
1552,0,keep/sharp,0.509314,0.216823,2.366263,0.000000,0.257491,0.809389
1553,0,keep/sharp,0.483628,0.000000,1.158884,0.087304,0.168846,0.000000
1554,0,keep/sharp,0.418422,0.000000,0.433543,0.000000,0.484882,1.765938
1555,0,keep/sharp,0.406990,0.402911,1.707982,0.000000,0.322476,0.533460
1556,0,keep/sharp,0.307349,0.000000,0.450622,0.230744,0.068456,0.049055
1557,0,keep/sharp,0.280008,0.000000,0.079533,0.299884,0.159239,0.000000
1558,0,keep/sharp,0.331660,0.000000,0.463337,0.000000,0.708373,0.882967
1559,0,keep/sharp,0.330622,0.204548,0.235694,0.000000,0.299160,0.042921
1560,0,keep/sharp,0.397305,0.000000,0.561964,0.000000,0.099748,0.423089
1561,0,keep/sharp,0.386533,0.000000,1.260112,1.096200,0.088696,0.000000
1562,0,keep/sharp,0.412326,0.000000,1.687867,0.664823,0.324599,0.000000
1563,0,keep/sharp,0.442666,0.000000,1.657300,0.000000,0.183378,2.642775
1564,0,keep/sharp,0.507142,0.000000,0.060452,0.000000,0.129926,0.000000
1565,0,keep/sharp,0.456031,0.120541,1.237987,0.000000,0.278367,0.000000
1566,0,keep/sharp,0.357842,0.001998,1.005204,0.000000,0.413726,0.459879
1567,0,keep/sharp,0.281707,0.000000,1.311520,0.854045,0.105791,1.030129
1568,0,keep/sharp,0.290111,0.137929,0.670947,0.000000,0.294120,0.000000
1569,0,keep/sharp,0.287203,0.000000,0.015453,0.000000,0.136160,0.000000
1570,0,keep/sharp,0.270906,0.014114,0.012586,0.000000,1.056899,0.000000
1571,0,keep/sharp,0.252497,0.000000,0.231605,0.000000,0.019586,0.380166
1572,0,keep/sharp,0.313015,0.000000,1.313018,0.027382,0.000000,0.398562
1573,0,keep/sharp,0.312518,0.000000,0.865561,0.000000,0.000000,0.049053
1574,0,keep/sharp,0.302537,0.230560,1.168826,0.000000,0.543205,0.662226
1575,0,keep/sharp,0.335226,0.000000,1.733638,0.502486,0.242053,0.625436
1576,0,keep/sharp,0.412252,0.000000,0.053786,0.000000,0.000457,0.018396
1577,0,keep/sharp,0.418840,0.000000,0.000164,0.069477,0.414701,0.000000
1578,0,keep/sharp,0.386421,0.232274,0.682246,0.000000,0.340013,0.000000
1579,0,keep/sharp,0.301347,0.000000,2.442964,0.844714,0.037384,0.490536
1580,0,keep/sharp,0.361082,0.242497,0.434883,0.000000,0.359205,1.324454
1581,0,keep/sharp,0.434839,0.115163,0.387613,0.482740,0.119662,0.551854
1582,0,keep/sharp,0.408449,0.000000,0.324437,0.000000,0.101684,0.000000
1583,0,keep/sharp,0.355301,0.000000,1.343084,0.000000,0.161978,0.000000
1584,0,keep/sharp,0.332872,0.191625,0.837225,0.000000,0.363584,4.414842
1585,0,keep/sharp,0.354306,0.035330,0.408554,0.000000,0.000000,0.000000
1586,0,keep/sharp,0.350760,0.084753,1.075028,0.712724,0.705391,0.000000
1587,0,keep/sharp,0.306253,0.141869,0.213507,0.000000,0.426170,0.000000
1588,0,keep/sharp,0.279032,0.195850,0.819456,0.200720,0.130282,1.606510
1589,0,keep/sharp,0.287014,0.045298,0.147527,0.000000,0.238595,0.000000
1590,0,keep/sharp,0.222610,0.053248,0.075856,0.000000,0.527411,0.429221
1591,0,keep/sharp,0.246512,0.085878,0.965868,0.000000,0.087421,1.103709
1592,0,keep/sharp,0.200405,0.086932,0.329228,0.000000,0.186415,0.852310
1593,0,keep/sharp,0.242496,0.000000,0.368877,0.000000,0.171156,0.288192
1594,0,keep/sharp,0.245222,0.556525,0.378329,0.000000,0.358002,0.000000
1595,0,keep/sharp,0.280488,0.081541,0.104343,0.000000,0.174351,1.048525
1596,0,keep/sharp,0.316451,0.000000,1.047415,0.000000,0.142616,0.815520
1597,0,keep/sharp,0.374544,0.154527,0.205093,0.000000,0.278200,0.000000
1598,0,keep/sharp,0.356994,0.000000,1.695287,0.262748,0.205351,0.594779
1599,0,keep/sharp,0.401425,0.754754,0.482999,0.000000,0.572589,0.000000
1600,0,keep/sharp,0.358725,0.481525,1.143911,0.000000,0.261925,0.508932
1601,0,keep/sharp,0.380000,0.106923,0.474709,0.000000,0.209275,0.000000
1602,0,keep/sharp,0.323961,0.264359,1.015815,0.000000,0.391383,0.000000
1603,0,keep/sharp,0.332785,0.000000,0.217645,0.000000,0.135155,0.000000
1604,0,keep/sharp,0.279487,0.265977,0.420206,0.000000,0.232685,1.085315
1605,0,keep/sharp,0.285351,0.000000,0.734074,0.000000,0.149059,0.000000
1606,0,keep/sharp,0.231721,0.000000,1.221270,0.217663,0.667974,0.000000
1607,0,keep/sharp,0.263589,0.121626,0.163986,0.249356,0.144830,0.466011
1608,0,keep/sharp,0.266411,0.235442,0.439895,0.000000,0.319977,0.000000
1609,0,keep/sharp,0.363404,0.051552,0.065089,0.000000,0.251038,0.000000
1610,0,keep/sharp,0.329996,0.196576,0.667914,0.000000,0.227049,0.269796
1611,0,keep/sharp,0.343209,0.524808,0.341711,0.000000,0.405231,0.000000
1612,0,keep/sharp,0.400249,0.061232,1.315882,0.833502,0.211038,5.788349
1613,0,keep/sharp,0.472606,0.132348,0.611962,0.108420,0.162608,0.000000
1614,0,keep/sharp,0.501036,0.216851,0.427967,0.239688,0.207484,0.000000
1615,0,keep/sharp,0.512969,0.391017,1.477558,0.000000,0.266037,0.748071
1616,0,keep/sharp,0.461856,0.050124,1.678501,0.000000,0.307417,0.000000
1617,0,keep/sharp,0.490480,0.000000,1.532150,0.033474,0.174934,0.049051
1618,0,keep/sharp,0.482545,0.149408,0.944703,0.000000,0.333915,0.355642
1619,0,keep/sharp,0.443462,0.370976,1.394292,0.000000,0.151527,0.098108
1620,0,keep/sharp,0.442298,0.529435,0.884931,0.000000,0.333228,0.000000
1621,0,keep/sharp,0.380899,0.217200,0.346493,0.000000,0.339981,0.128766
1622,0,keep/sharp,0.383081,0.265241,0.805884,0.000000,0.288733,0.141031
1623,0,keep/sharp,0.371305,0.000000,1.498864,0.000000,0.455866,0.895233
1624,0,keep/sharp,0.356903,0.000000,0.183292,0.000000,0.159717,0.000000
1625,0,keep/sharp,0.385904,0.592401,0.521156,0.000000,0.460655,0.324982
1626,0,keep/sharp,0.374292,0.548855,0.935311,0.000000,0.246477,0.000000
1627,0,keep/sharp,0.339522,0.321385,0.550508,0.000000,0.877131,0.000000
1628,0,keep/sharp,0.405483,0.692701,0.514899,0.000000,0.461533,0.000000
1629,0,keep/sharp,0.405671,0.658547,0.181285,0.000000,0.300444,0.000000
1630,0,keep/sharp,0.368862,0.180364,0.749144,0.000000,0.286519,0.000000
1631,0,keep/sharp,0.333678,0.194434,1.317492,0.000000,0.591314,0.000000
1632,0,keep/sharp,0.335407,0.350914,0.744463,0.000000,0.327284,0.735808
1633,0,keep/sharp,0.374251,0.525298,0.003853,0.000000,0.339623,0.539591
1634,0,keep/sharp,0.382423,0.320129,0.025432,0.000000,0.184325,0.000000
1635,0,keep/sharp,0.398912,0.425324,0.850570,0.000000,0.363685,0.000000
1636,0,keep/sharp,0.366433,0.236829,1.468115,0.000000,0.296334,0.000000
1637,0,keep/sharp,0.354043,0.315792,0.795692,0.000000,0.304378,0.000000
1638,0,keep/sharp,0.367252,0.000000,2.052013,0.000000,0.141767,0.000000
1639,0,keep/sharp,0.364712,0.441640,0.040922,0.000000,0.329933,0.000000
1640,0,keep/sharp,0.326446,0.344759,0.008694,0.000000,0.280549,0.000000
1641,0,keep/sharp,0.341062,0.373140,0.229594,0.000000,0.294891,0.000000
1642,0,keep/sharp,0.274464,0.382880,0.905092,0.000000,0.180751,0.000000
1643,0,keep/sharp,0.341266,0.566779,0.238073,0.000000,0.416917,0.000000
1644,0,keep/sharp,0.375156,0.683545,0.662353,0.000000,0.582031,0.000000
1645,0,keep/sharp,0.409673,0.037020,0.229214,0.313189,0.155993,0.343376
1646,0,keep/sharp,0.397767,0.791718,1.208859,0.000000,0.334348,0.000000
1647,0,keep/sharp,0.432488,0.154951,0.791345,0.261203,0.231239,0.000000
1648,0,keep/sharp,0.465093,0.456929,0.818120,0.237770,0.142648,0.000000
1649,0,keep/sharp,0.490371,0.565632,0.425063,0.000000,0.269432,0.000000
1650,0,keep/sharp,0.495985,0.758691,0.822605,0.000000,0.452502,0.000000
1651,0,keep/sharp,0.502975,0.520194,1.665299,0.000000,0.301400,0.000000
1652,0,keep/sharp,0.483231,0.652701,0.371188,0.000000,0.441824,0.000000
1653,0,keep/sharp,0.497354,0.745360,1.125765,0.000000,0.992397,0.000000
1654,0,keep/sharp,0.468623,0.548846,0.665310,0.000000,0.445914,0.030661
1655,0,keep/sharp,0.421832,0.365751,0.578607,0.000000,0.273540,0.000000
1656,0,keep/sharp,0.433395,0.221749,1.083499,0.000000,0.134527,0.282060
1657,0,keep/sharp,0.391965,0.263237,0.767951,0.000000,0.156328,0.000000
1658,0,keep/sharp,0.396523,0.271698,0.795562,0.000000,0.440010,0.000000
1659,0,keep/sharp,0.456360,0.438884,0.572758,0.000000,0.335536,1.906967
1660,0,keep/sharp,0.455279,0.430428,0.774668,0.000000,0.269998,0.000000
1661,0,keep/sharp,0.448056,0.780955,0.563074,0.000000,0.349625,0.141029
1662,0,keep/sharp,0.429377,0.569641,1.590141,0.000000,0.273268,0.882969
1663,0,keep/sharp,0.418754,0.527440,0.649884,0.000000,0.384011,0.386299
1664,0,keep/sharp,0.393557,0.427024,0.370425,0.000000,0.352466,0.000000
1665,0,keep/sharp,0.357102,0.491617,0.114043,0.000000,0.561195,0.000000
1666,0,keep/sharp,0.320904,0.204380,0.660912,0.000000,0.868955,0.000000
1667,0,keep/sharp,0.289605,0.527200,0.099309,0.000000,0.302906,0.000000
1668,0,keep/sharp,0.323937,0.512780,0.039217,0.000000,0.305618,0.000000
1669,0,keep/sharp,0.380783,0.610892,0.846067,0.000000,0.348696,0.000000
1670,0,keep/sharp,0.400734,0.393134,0.034513,0.194728,0.287647,0.000000
1671,0,keep/sharp,0.394438,0.000000,1.589234,0.000000,0.274110,0.000000
1672,0,keep/sharp,0.392051,0.205730,1.703588,0.000000,0.316994,0.404693
1673,0,keep/sharp,0.384123,0.433839,1.049230,0.000000,0.455978,0.000000
1674,0,keep/sharp,0.432601,0.307568,0.148786,0.000000,0.356869,0.000000
1675,0,keep/sharp,0.414910,0.042177,0.276641,0.000000,0.729571,0.000000
1676,0,keep/sharp,0.346448,0.474959,0.773876,0.000000,0.412539,0.000000
1677,0,keep/sharp,0.328008,0.146437,1.473108,0.000000,0.372901,0.000000
1678,0,keep/sharp,0.387823,0.279296,0.899403,0.000000,0.325938,0.000000
1679,0,keep/sharp,0.415802,0.126889,0.348423,0.000000,0.189999,0.000000
1680,0,keep/sharp,0.365024,0.305089,0.805747,0.000000,0.331135,0.000000
1681,0,keep/sharp,0.307766,0.179800,1.588219,0.000000,0.446984,0.000000
1682,0,keep/sharp,0.271998,0.129997,0.862234,0.000000,0.350867,0.668359
1683,0,keep/sharp,0.275361,0.062782,0.074753,0.000000,0.286966,0.000000
1684,0,keep/sharp,0.244927,0.000000,0.444338,0.000000,0.056633,0.000000
1685,0,keep/sharp,0.164334,0.229871,0.158452,0.000000,0.277125,0.000000
1686,0,keep/sharp,0.146200,0.263184,0.206846,0.000000,0.411177,0.000000
1687,0,keep/sharp,0.197332,0.135497,0.302086,0.000000,0.280964,0.000000
1688,0,keep/sharp,0.199367,0.000000,0.034997,0.000000,0.207673,0.000000
1689,0,keep/sharp,0.212836,0.000000,0.746707,0.000000,0.194985,0.000000
1690,0,keep/sharp,0.201282,0.196810,1.018290,0.000000,0.497114,0.000000
1691,0,keep/sharp,0.212002,0.348846,0.085883,0.000000,0.229281,0.000000
1692,0,keep/sharp,0.336293,0.200367,0.350538,0.154415,0.247382,0.263662
1693,0,keep/sharp,0.361852,0.192841,0.026691,0.000000,0.378446,0.000000
1694,0,keep/sharp,0.350033,0.264041,0.415592,0.000000,0.291709,0.000000
1695,0,keep/sharp,0.374149,0.721721,2.047191,0.000000,0.455533,0.000000
1696,0,keep/sharp,0.387974,0.267000,1.051730,0.000000,0.230429,0.000000
1697,0,keep/sharp,0.425216,0.240449,0.639061,0.000000,0.351202,0.784859
1698,0,keep/sharp,0.436127,0.149620,0.780873,0.000000,0.338732,0.000000
1699,0,keep/sharp,0.351202,0.461624,0.512986,0.000000,0.374016,0.000000
1700,0,keep/sharp,0.324972,0.000000,1.112298,0.000000,0.228519,0.000000
1701,0,keep/sharp,0.317752,0.000000,0.931630,0.000000,0.255177,0.000000
1702,0,keep/sharp,0.331988,0.133595,0.734242,0.000000,0.363688,0.000000
1703,0,keep/sharp,0.304643,0.297310,0.411214,0.000000,0.279210,0.000000
1704,0,keep/sharp,0.279113,0.359921,0.493102,0.000000,0.335440,0.000000
1705,0,keep/sharp,0.293437,0.205502,0.979805,0.000000,0.515543,0.000000
1706,0,keep/sharp,0.295132,0.195164,0.194240,0.000000,0.248036,0.049053
1707,0,keep/sharp,0.280805,0.287147,0.123557,0.000000,0.437704,0.331113
1708,0,keep/sharp,0.263836,0.102742,1.148221,0.000000,0.274355,0.000000
1709,0,keep/sharp,0.263266,0.153305,0.782542,0.000000,0.288503,0.000000
1710,0,keep/sharp,0.258432,0.190637,0.145599,0.000000,0.396319,0.000000
1711,0,keep/sharp,0.261458,0.000000,0.515052,0.000000,0.188703,0.000000
1712,0,keep/sharp,0.254033,0.340666,0.885216,0.000000,0.388752,0.000000
1713,0,keep/sharp,0.234129,0.220807,0.011378,0.000000,0.256817,0.331115
1714,0,keep/sharp,0.281117,0.140395,0.359217,0.000000,0.244555,0.637699
1715,0,keep/sharp,0.316348,0.000000,1.122058,0.000000,0.165663,0.000000
1716,0,keep/sharp,0.322210,0.000000,0.508406,0.000000,0.218916,0.000000
1717,0,keep/sharp,0.341280,0.283072,1.096551,0.000000,0.449535,0.000000
1718,0,keep/sharp,0.346707,0.088064,1.177517,0.000000,0.312300,0.000000
1719,0,keep/sharp,0.321472,0.337953,1.067483,0.000000,0.266646,0.000000
1720,0,keep/sharp,0.375002,0.239701,0.493037,0.000000,0.215717,0.000000
1721,0,keep/sharp,0.345403,0.449961,0.230746,0.000000,0.384796,0.000000
1722,0,keep/sharp,0.354307,0.202017,0.350840,0.000000,0.180869,0.000000
1723,0,keep/sharp,0.343439,0.209347,1.424708,0.000000,0.369272,0.196215
1724,0,keep/sharp,0.416414,0.283630,0.517595,0.000000,0.217137,0.000000
1725,0,keep/sharp,0.457412,0.303858,1.229886,0.000000,0.156954,0.000000
1726,0,keep/sharp,0.450089,0.224053,0.910926,0.000000,0.321847,0.000000
1727,0,keep/sharp,0.406966,0.222765,2.083230,0.000000,0.406958,0.000000
1728,0,keep/sharp,0.398023,0.371837,1.293803,0.000000,0.225422,0.000000
1729,0,keep/sharp,0.395262,0.256549,0.015283,0.150266,0.208759,0.000000
1730,0,keep/sharp,0.377475,0.470585,0.220384,0.000000,0.393556,0.000000
1731,0,keep/sharp,0.316382,0.303315,0.213579,0.000000,0.431648,0.000000
1732,0,keep/sharp,0.285798,0.152463,1.268681,0.000000,0.274143,0.000000
1733,0,keep/sharp,0.301645,0.396192,0.363411,0.000000,0.268334,0.000000
1734,0,keep/sharp,0.353926,0.232966,0.665272,0.000000,0.480751,0.000000
1735,0,keep/sharp,0.354407,0.099431,0.814268,0.000000,0.361177,0.000000
1736,0,keep/sharp,0.319074,0.353570,0.319954,0.000000,0.379045,0.000000
1737,0,keep/sharp,0.330253,0.452268,1.409479,0.000000,0.409591,0.018396
1738,0,keep/sharp,0.329293,0.174023,0.248718,0.000000,0.692115,0.000000
1739,0,keep/sharp,0.323431,0.290367,0.315968,0.000000,0.329509,0.000000
1740,0,keep/sharp,0.330886,0.234329,0.729831,0.000000,0.378523,0.000000
1741,0,keep/sharp,0.307562,0.412919,0.502826,0.000000,0.394484,0.000000
1742,0,keep/sharp,0.379006,0.353068,0.428250,0.000000,0.382358,0.000000
1743,0,keep/sharp,0.424904,0.422550,0.393007,0.000000,0.452733,0.000000
1744,0,keep/sharp,0.434960,0.217540,1.124022,0.000000,0.345212,0.085843
1745,0,keep/sharp,0.475333,0.427915,1.699056,0.000000,0.478257,0.000000
1746,0,keep/sharp,0.505506,0.677153,0.919962,0.000000,0.479555,0.000000
1747,0,keep/sharp,0.506526,0.592999,0.590676,0.000000,0.427936,0.000000
1748,0,keep/sharp,0.522333,0.518641,1.354219,0.000000,0.285860,0.000000
1749,0,keep/sharp,0.464045,0.339359,1.119878,0.000000,0.390040,0.000000
1750,0,keep/sharp,0.469416,0.270635,0.602170,0.000000,0.351632,0.000000
1751,0,keep/sharp,0.448911,0.359737,1.348185,0.000000,0.368500,0.000000
1752,0,keep/sharp,0.420872,0.196838,0.464489,0.000000,0.845084,0.000000
1753,0,keep/sharp,0.437260,0.450575,1.335290,0.000000,0.286380,0.000000
1754,0,keep/sharp,0.449124,0.552619,0.225829,0.000000,0.275299,0.000000
1755,0,keep/sharp,0.412891,0.690865,0.513665,0.000000,0.391129,0.000000
1756,0,keep/sharp,0.462686,0.623597,1.196185,0.000000,0.438295,0.000000
1757,0,keep/sharp,0.489378,0.188498,0.943966,0.094679,0.192467,0.000000
1758,0,keep/sharp,0.529546,0.510021,0.137943,0.000000,1.005683,0.000000
1759,0,keep/sharp,0.540785,0.155569,1.847592,0.000000,0.279935,0.000000
1760,0,keep/sharp,0.508405,0.819032,1.506794,0.000000,0.479232,0.000000
1761,0,keep/sharp,0.510460,0.807100,0.796583,0.000000,0.507795,0.000000
1762,0,keep/sharp,0.492297,0.834019,0.571185,0.000000,0.540224,0.000000
1763,0,keep/sharp,0.427756,0.708390,0.268844,0.000000,0.733139,0.000000
1764,0,keep/sharp,0.348691,0.264989,0.937922,0.000000,0.310304,0.000000
1765,0,keep/sharp,0.356827,0.390209,0.118445,0.000000,0.296052,0.000000
1766,0,keep/sharp,0.339888,0.292721,0.258189,0.000000,0.278148,0.000000
1767,0,keep/sharp,0.363195,0.356204,0.281156,0.000000,0.190382,0.000000
1768,0,keep/sharp,0.353320,0.689066,1.146214,0.000000,0.374288,0.000000
1769,0,keep/sharp,0.419087,0.615591,0.335427,0.000000,0.707244,0.000000
1770,0,keep/sharp,0.489772,0.408673,1.203138,0.000000,0.428407,0.000000
1771,0,keep/sharp,0.486092,0.615846,0.305127,0.000000,0.491818,0.000000
1772,0,keep/sharp,0.468589,0.862765,1.094852,0.000000,0.428693,0.000000
1773,0,keep/sharp,0.476730,0.511178,1.623245,0.000000,0.328909,0.000000
1774,0,keep/sharp,0.428102,0.341526,0.123668,0.000000,0.419271,0.000000
1775,0,keep/sharp,0.423553,0.179706,0.949890,0.000000,1.133816,0.000000
1776,0,keep/sharp,0.401870,0.023660,1.243445,0.000000,0.316242,0.000000
1777,0,keep/sharp,0.351588,0.517201,0.006538,0.000000,0.411689,0.000000
1778,0,keep/sharp,0.396615,0.595250,0.234663,0.000000,0.459959,0.000000
1779,0,keep/sharp,0.373667,0.607996,0.853884,0.000000,0.423319,0.000000
1780,0,keep/sharp,0.376263,0.526763,0.452039,0.000000,0.382440,0.000000
1781,0,keep/sharp,0.381879,0.389265,1.123872,0.000000,0.342591,0.000000
1782,0,keep/sharp,0.375843,0.108700,0.849663,0.000000,0.231623,0.000000
1783,0,keep/sharp,0.373420,0.514616,0.806330,0.000000,0.369537,0.000000
1784,0,keep/sharp,0.431365,0.606303,0.057015,0.000000,0.386095,0.000000
1785,0,keep/sharp,0.383623,0.495548,0.226611,0.000000,0.377911,0.000000
1786,0,keep/sharp,0.386988,0.413627,0.482937,0.465075,0.873560,0.000000
1787,0,keep/sharp,0.375269,0.450912,1.819352,0.000000,0.419963,0.000000
1788,0,keep/sharp,0.378258,0.224848,0.153454,0.000000,0.475634,0.000000
1789,0,keep/sharp,0.393840,0.339331,0.632515,0.000000,0.412256,0.000000
1790,0,keep/sharp,0.367698,0.266407,0.789118,0.000000,0.350945,0.000000
1791,0,keep/sharp,0.305727,0.639893,0.053367,0.000000,0.485912,0.000000
1792,0,keep/sharp,0.344921,0.433340,0.677561,0.000000,0.277406,0.000000
1793,0,keep/sharp,0.343018,0.270654,0.631289,0.000000,0.175411,0.000000
1794,0,keep/sharp,0.388675,0.283929,0.659130,0.000000,0.219720,0.000000
1795,0,keep/sharp,0.422505,0.089495,1.272231,0.000000,0.210131,0.000000
1796,0,keep/sharp,0.389298,0.775995,0.146072,0.000000,0.466274,0.000000
1797,0,keep/sharp,0.398984,0.158200,1.366973,0.545154,0.777229,0.036792
1798,0,keep/sharp,0.399114,0.111740,1.407712,0.000000,0.211958,0.165559
1799,0,keep/sharp,0.392448,0.000000,0.218216,0.000000,0.487733,0.294323
1800,0,keep/sharp,0.419589,0.449674,0.512247,0.000000,0.421543,0.429223
1801,0,keep/sharp,0.347639,0.658085,0.135008,0.000000,0.415921,0.551858
1802,0,keep/sharp,0.313007,0.143425,0.929976,0.000000,0.284489,0.686753
1803,0,keep/sharp,0.391842,0.261553,1.222450,0.000000,0.217728,0.809389
1804,0,keep/sharp,0.380337,0.021160,0.343440,0.000000,0.229047,0.846179
1805,0,keep/sharp,0.379560,0.125670,0.456496,0.000000,0.277023,0.974947
1806,0,keep/sharp,0.386825,0.272141,1.594316,0.000000,0.513913,1.103714
1807,0,keep/sharp,0.406784,0.248356,0.395009,0.000000,0.329198,0.974947
1808,0,keep/sharp,0.420841,0.514077,0.006739,0.000000,0.464106,1.986680
1809,0,keep/sharp,0.428057,0.481977,0.595491,0.000000,0.347866,1.594250
1810,0,keep/sharp,0.387944,0.000000,1.488641,0.133299,0.833024,1.459350
1811,0,keep/sharp,0.381235,0.500945,0.045953,0.000000,0.306412,1.594248
1812,0,keep/sharp,0.380576,0.483639,0.235377,0.000000,0.279723,1.201819
1813,0,keep/sharp,0.344312,0.039570,0.892216,0.000000,0.188509,2.017337
1814,0,keep/sharp,0.305386,0.378549,0.097507,0.000000,0.391138,0.950420
1815,0,keep/sharp,0.304395,0.247579,0.463650,0.000000,0.343310,0.950418
1816,0,keep/sharp,0.351029,0.205549,0.020639,0.000000,0.183769,2.133841
1817,0,keep/sharp,0.362079,0.066274,0.772768,0.000000,0.209281,2.133843
1818,0,keep/sharp,0.354568,0.154100,0.472873,0.000000,0.171249,1.214082
1819,0,keep/sharp,0.441613,0.435482,1.278441,0.000000,0.310924,1.477744
1820,0,keep/sharp,0.449089,0.000000,1.248460,0.000000,0.292707,1.342848
1821,0,keep/sharp,0.430865,0.126533,0.200050,0.000000,0.210867,1.207950
1822,0,keep/sharp,0.434576,0.244511,1.631846,0.999141,0.581572,0.944286
1823,0,keep/sharp,0.390237,0.294666,0.138708,0.000000,0.367976,1.471617
1824,0,keep/sharp,0.349096,0.134895,0.470112,0.000000,0.198493,1.073053
1825,0,keep/sharp,0.401360,0.238884,0.453903,0.000000,0.219664,1.226344
1826,0,keep/sharp,0.339099,0.314704,0.452483,0.000000,0.300684,1.140502
1827,0,keep/sharp,0.363816,0.127250,0.237545,0.000000,0.270544,1.140502
1828,0,keep/sharp,0.400975,0.350262,1.225823,0.000000,0.160212,0.944286
1829,0,keep/sharp,0.395246,0.374989,0.911671,0.000000,0.315685,0.944286
1830,0,keep/sharp,0.408903,0.498722,0.572220,0.000000,0.353484,1.054655
1831,0,keep/sharp,0.408325,0.485537,0.837012,0.000000,0.505923,1.158896
1832,0,keep/sharp,0.369123,0.267068,0.256680,0.000000,0.309185,1.263135
1833,0,keep/sharp,0.344469,0.009157,0.953168,0.000000,0.470650,1.373505
1834,0,keep/sharp,0.325307,0.000000,0.264992,0.000000,0.343553,1.477746
1835,0,keep/sharp,0.285233,0.000000,0.296951,0.000000,0.931479,1.465481
1836,0,keep/sharp,0.314402,0.226394,0.294159,0.000000,0.271987,2.317791
1837,0,keep/sharp,0.302932,0.324060,0.119675,0.000000,0.356027,2.219682
1838,0,keep/sharp,0.315208,0.000000,0.370326,0.000000,0.140581,2.231948
1839,0,keep/sharp,0.307330,0.368438,0.697297,0.000000,0.320110,1.980545
1840,0,keep/sharp,0.296619,0.000000,0.652910,0.000000,0.278244,2.146105
1841,0,keep/sharp,0.293665,0.000000,0.474918,0.000000,0.254150,2.109313
1842,0,keep/sharp,0.288250,0.000000,0.269909,0.074435,0.091073,2.219684
1843,0,keep/sharp,0.290190,0.192860,0.147850,0.000000,0.318485,1.814990
1844,0,keep/sharp,0.284279,0.137598,0.372008,0.000000,0.207498,1.716885
1845,0,keep/sharp,0.358474,0.000000,0.181798,0.000000,0.184034,2.538534
1846,0,keep/sharp,0.387770,0.000000,1.230883,0.000000,0.175208,1.502273
1847,0,keep/sharp,0.402248,0.000000,0.111175,0.000000,0.022241,5.291679
1848,0,keep/sharp,0.397124,0.500615,1.738971,0.000000,0.369256,1.379640
1849,0,keep/sharp,0.410976,0.000000,0.412034,0.000000,0.197301,5.512418
1850,0,keep/sharp,0.361777,0.126144,0.706441,0.000000,0.272620,0.889102
1851,0,keep/sharp,0.343762,0.098215,0.454613,0.000000,0.187101,0.772600
1852,0,keep/sharp,0.239387,0.000000,0.869435,0.000000,0.000000,0.656097
1853,0,keep/sharp,0.206414,0.000000,0.259393,0.000000,0.216052,0.539595
1854,0,keep/sharp,0.216914,0.000000,0.459213,0.000000,0.098320,0.429223
1855,0,keep/sharp,0.250598,0.000000,0.114178,0.000000,0.171651,0.318850
1856,0,keep/sharp,0.250523,0.000000,0.620922,0.000000,0.031060,0.000000
1857,0,keep/sharp,0.266066,0.000000,1.314546,0.000000,0.000000,0.000000
1858,0,keep/sharp,0.314753,0.000000,1.507296,0.000000,0.000000,0.000000
1859,0,keep/sharp,0.341718,0.000000,0.637038,0.288897,0.339763,0.000000
1860,0,keep/sharp,0.385471,0.000000,0.668054,0.000000,0.291805,0.000000
1861,0,keep/sharp,0.383885,0.000000,1.563580,0.000000,0.264324,0.000000
1862,0,keep/sharp,0.335636,0.000000,0.840931,0.000000,0.000000,0.000000
1863,0,keep/sharp,0.362177,0.000000,1.595414,0.000000,0.065909,0.000000
1864,0,keep/sharp,0.422288,0.000000,0.862054,0.108508,0.877460,0.000000
1865,0,keep/sharp,0.414313,0.000000,0.361544,0.000000,0.145352,0.000000
1866,0,keep/sharp,0.432986,0.000000,1.527744,0.000000,0.116616,0.000000
1867,0,keep/sharp,0.383453,0.000000,2.106498,0.000000,0.082296,0.000000
1868,0,keep/sharp,0.343463,0.073036,1.335189,0.000000,0.206582,0.000000
1869,0,keep/sharp,0.342332,0.000000,0.960226,0.000000,0.781055,0.000000
1870,0,keep/sharp,0.295318,0.000000,0.265595,0.000000,0.611861,0.000000
1871,0,keep/sharp,0.224325,0.000000,0.359418,0.000000,0.042095,0.000000
1872,0,keep/sharp,0.233024,0.000000,0.322549,0.000000,0.180143,0.000000
1873,0,keep/sharp,0.178407,0.022947,0.424813,0.000000,0.165990,0.000000
1874,0,keep/sharp,0.228342,0.000000,0.439239,0.000000,0.248129,0.000000
1875,0,keep/sharp,0.244106,0.000000,1.682250,0.000000,0.000000,0.000000
1876,0,keep/sharp,0.290240,0.000000,0.021322,0.000000,0.020585,0.000000
1877,0,keep/sharp,0.300983,0.000000,1.610929,0.000000,0.049320,0.000000
1878,0,keep/sharp,0.338978,0.000000,0.639776,0.000000,0.237370,0.000000
1879,0,keep/sharp,0.328452,0.143834,1.156696,0.000000,0.356824,0.000000
1880,0,keep/sharp,0.349530,0.000000,0.621332,0.000000,0.219717,0.294321
1881,0,keep/sharp,0.298782,0.000000,1.326173,0.000000,0.173263,0.000000
1882,0,keep/sharp,0.296945,0.000000,1.320905,0.000000,0.319485,0.000000
1883,0,keep/sharp,0.234426,0.000000,0.286551,0.000000,0.564939,0.000000
1884,0,keep/sharp,0.215117,0.000000,0.441873,0.000000,0.109070,0.000000
1885,0,keep/sharp,0.214602,0.000000,0.687107,0.000000,0.007963,0.000000
1886,0,keep/sharp,0.158625,0.000000,0.014900,0.000000,0.019075,0.000000
1887,0,keep/sharp,0.180073,0.000000,0.221188,0.000000,0.249732,0.000000
1888,0,keep/sharp,0.199671,0.000000,1.253881,0.000000,0.250740,0.190084
1889,0,keep/sharp,0.223841,0.000000,0.088481,0.000000,0.079539,0.380168
1890,0,keep/sharp,0.265223,0.000000,0.825255,0.000000,0.076987,0.833916
1891,0,keep/sharp,0.305226,0.000000,0.762458,0.000000,0.000000,1.017866
1892,0,keep/sharp,0.278211,0.000000,0.985501,0.000000,0.228014,1.005604
1893,0,keep/sharp,0.299413,0.000000,0.439967,0.000000,0.103443,2.955490
1894,0,keep/sharp,0.334920,0.000000,0.685513,0.410796,0.134973,1.189556
1895,0,keep/sharp,0.306607,0.000000,0.524571,0.000000,0.178271,1.103711
1896,0,keep/sharp,0.290582,0.000000,0.339163,0.000000,0.183303,1.545197
1897,0,keep/sharp,0.265345,0.000000,1.556840,0.000000,0.000210,1.453219
1898,0,keep/sharp,0.261647,0.000000,0.042371,0.000000,0.029793,1.447087
1899,0,keep/sharp,0.295446,0.000000,0.641696,0.000000,0.000000,1.440956
1900,0,keep/sharp,0.305792,0.000000,0.075996,0.000000,0.207717,1.428691
1901,0,keep/sharp,0.358120,0.000000,0.561872,0.000000,0.892168,1.428691
1902,0,keep/sharp,0.439341,0.000000,1.242682,0.095277,0.000000,1.391901
1903,0,keep/sharp,0.442379,0.000000,0.447919,0.000000,0.000000,2.759277
1904,0,keep/sharp,0.448778,0.000000,2.120580,0.565198,0.013387,2.765408
1905,0,keep/sharp,0.489317,0.000000,1.320841,0.000000,0.034255,4.880853
1906,0,keep/sharp,0.472407,0.000000,0.669941,0.000000,0.025028,1.631040
1907,0,keep/sharp,0.498962,0.000000,0.248359,0.000000,0.102490,1.508405
1908,0,keep/sharp,0.425031,0.000000,0.936411,0.350476,0.042397,5.279417
1909,0,keep/sharp,0.395611,0.000000,0.073953,0.000000,0.587684,5.279417
1910,0,keep/sharp,0.392937,0.000000,0.640086,0.000000,0.000000,5.285548
1911,0,keep/sharp,0.444882,0.000000,0.449986,0.000000,0.000000,5.291679
1912,0,keep/sharp,0.384752,0.000000,0.646047,0.000000,0.000000,5.028015
1913,0,keep/sharp,0.425432,0.000000,0.301292,0.420177,0.000000,1.753673
1914,0,keep/sharp,0.401064,0.000000,0.703235,0.000000,0.600878,4.764351
1915,0,keep/sharp,0.389018,0.000000,0.474674,0.000000,0.005296,1.355111
1916,0,keep/sharp,0.380765,0.000000,1.097680,0.318708,0.000000,4.635584
1917,0,keep/sharp,0.375681,0.000000,0.181820,0.000000,0.030668,4.641716
1918,0,keep/sharp,0.335505,0.000000,0.281808,0.000000,0.000000,4.647849
1919,0,keep/sharp,0.385496,0.000000,0.777449,0.305914,0.156357,1.336717
1920,0,keep/sharp,0.331634,0.000000,0.295243,0.000000,0.665636,1.330583
1921,0,keep/sharp,0.303879,0.000000,0.153936,0.545303,0.000000,1.588116
1922,0,keep/sharp,0.307451,0.000000,1.104422,0.714505,0.000000,1.318321
1923,0,keep/sharp,0.300897,0.000000,0.585409,0.000000,0.040625,1.575854
1924,0,keep/sharp,0.302277,0.000000,0.042426,0.000000,0.054299,1.563591
1925,0,keep/sharp,0.322657,0.000000,0.658000,0.316578,0.000000,1.422560
1926,0,keep/sharp,0.268025,0.105663,0.721975,0.000000,0.237019,1.281531
1927,0,keep/sharp,0.236520,0.000000,0.622629,0.000000,0.000000,1.091449
1928,0,keep/sharp,0.263943,0.000000,0.620188,0.083854,0.000000,3.580926
1929,0,keep/sharp,0.276357,0.000000,0.335635,0.000000,0.206200,1.085315
1930,0,keep/sharp,0.246577,0.000000,0.002286,0.000000,0.107835,0.619305
1931,0,keep/sharp,0.240883,0.000000,0.825081,0.000000,0.000000,0.680620
1932,0,keep/sharp,0.205841,0.000000,1.270890,0.000000,0.114666,0.478276
1933,0,keep/sharp,0.212759,0.000000,0.092016,0.000000,0.815535,0.263664
1934,0,keep/sharp,0.227544,0.000000,0.324609,0.000000,0.877156,0.036792
1935,0,keep/sharp,0.217283,0.000000,0.406741,0.000000,0.038106,0.275927
1936,0,keep/sharp,0.180892,0.000000,0.671751,0.000000,0.134934,0.141029
1937,0,keep/sharp,0.178264,0.000000,0.448092,0.000000,0.000000,0.183951
1938,0,keep/sharp,0.187182,0.000000,0.703167,0.000000,0.000000,0.000000
1939,0,keep/sharp,0.177457,0.000000,0.415743,0.000000,0.361916,0.091976
1940,0,keep/sharp,0.152514,0.000000,0.180079,0.247088,0.091634,0.000000
1941,0,keep/sharp,0.138244,0.000000,0.871451,0.000000,0.000000,0.000000
1942,0,keep/sharp,0.149433,0.000000,0.246397,0.000000,0.000000,0.000000
1943,0,keep/sharp,0.136873,0.000000,0.183518,0.000000,0.000000,0.000000
1944,0,keep/sharp,0.144776,0.000000,0.139301,0.000000,0.041934,0.000000
1945,0,keep/sharp,0.139832,0.000000,0.881526,0.000000,0.158724,0.079714
1946,0,keep/sharp,0.170510,0.000000,0.287050,0.000000,0.000000,0.000000
1947,0,keep/sharp,0.179926,0.000000,0.515825,0.000000,0.138301,0.000000
1948,0,keep/sharp,0.191889,0.000000,0.759808,0.000000,0.000000,0.000000
1949,0,keep/sharp,0.177885,0.000000,0.936076,0.000000,0.007873,0.000000
1950,0,keep/sharp,0.213231,0.000000,0.396139,0.000000,0.000000,0.000000
1951,0,keep/sharp,0.254391,0.000000,0.425663,0.000000,0.000000,0.000000
1952,0,keep/sharp,0.310324,0.000000,0.639618,0.000000,0.000000,0.000000
1953,0,keep/sharp,0.378885,0.000000,1.039859,0.000000,0.117082,0.000000
1954,0,keep/sharp,0.484716,0.056428,1.283627,0.000000,0.363628,0.122637
1955,0,keep/sharp,0.626942,0.000000,1.876445,0.000000,0.000000,0.907494
1956,0,keep/sharp,0.754518,0.000000,0.783833,0.455968,0.231289,9.050425
1957,1,small pool,0.866683,0.059106,2.421624,0.000000,0.312882,1.152764
1958,1,small pool,1.004601,0.396242,3.005173,0.000000,0.266602,0.901365
1959,1,small pool,1.060216,0.315755,3.128888,0.000000,0.221946,0.000000
1960,1,small pool,1.016629,0.609944,2.817744,0.000000,0.542279,0.000000
1961,1,small pool,0.912132,0.658344,3.777826,0.000000,0.363639,0.355640
1962,1,small pool,0.869718,0.401284,2.753167,0.000000,0.354284,0.000000
1963,1,small pool,0.861717,0.000000,0.781881,0.000000,0.186992,4.022411
1964,0,keep/sharp,0.739354,0.000000,0.353084,0.000000,0.189048,0.000000
1965,0,keep/sharp,0.549867,0.000000,2.192276,0.363207,0.000000,1.422562
1966,0,keep/sharp,0.483241,0.000000,2.233960,0.564526,1.231375,1.416430
1967,0,keep/sharp,0.511935,0.000000,0.712482,0.000000,0.000000,0.882971
1968,0,keep/sharp,0.536575,0.000000,0.163045,0.000000,0.069412,0.895233
1969,0,keep/sharp,0.485177,0.000000,1.672336,0.000000,0.000000,0.631569
1970,0,keep/sharp,0.442070,0.000000,2.056020,0.000000,0.000000,0.588646
1971,0,keep/sharp,0.507319,0.000000,0.891664,0.000000,0.000000,0.564118
1972,0,keep/sharp,0.556582,0.000000,1.442734,0.000000,0.000000,0.472144
1973,0,keep/sharp,0.610897,0.000000,2.312917,0.000000,0.000000,0.331115
1974,0,keep/sharp,0.603866,0.000000,2.304521,0.000000,0.000000,0.147162
1975,0,keep/sharp,0.709020,0.000000,1.446708,0.000000,0.000000,0.000000
1976,0,keep/sharp,0.738178,0.000000,1.945749,1.486453,0.000000,0.000000
1977,0,keep/sharp,0.740754,0.000000,1.992198,0.000000,0.000000,0.000000
1978,0,keep/sharp,0.726921,0.000000,2.405138,0.567354,1.419122,0.000000
1979,1,small pool,0.850407,0.000000,2.177296,0.000000,0.000000,0.000000
1980,1,small pool,0.876565,0.000000,2.424484,0.000000,0.000000,0.000000
1981,1,small pool,0.905901,0.000000,2.015900,0.000000,0.000000,0.000000
1982,1,small pool,0.877268,0.000000,2.362012,0.821157,0.000000,12.508717
1983,1,small pool,0.915894,0.000000,2.300986,0.000000,0.000000,11.840360
1984,1,small pool,0.850920,0.000000,1.364311,0.000000,0.000000,11.423402
1985,0,keep/sharp,0.843401,0.000000,1.000083,1.486914,1.692737,0.000000
1986,0,keep/sharp,0.725182,0.000000,2.401186,0.859502,0.007083,0.220741
1987,0,keep/sharp,0.701660,0.000000,0.948421,0.000000,0.000000,0.055184
1988,0,keep/sharp,0.712069,0.000000,1.846126,0.000000,0.000000,0.000000
1989,0,keep/sharp,0.734779,0.000000,0.931407,0.525620,0.225073,1.079186
1990,0,keep/sharp,0.757576,0.000000,1.716636,1.713161,0.048959,0.674489
1991,1,small pool,0.881424,0.000000,1.976142,0.680944,1.111547,0.000000
1992,1,small pool,0.976322,0.000000,2.205404,1.360268,0.135975,0.000000
1993,1,small pool,1.088276,0.000000,2.362472,1.402164,0.000000,1.281531
1994,1,small pool,1.128893,0.000000,2.813154,0.577258,0.000000,3.292738
1995,1,small pool,1.135006,0.000000,2.577077,0.839806,0.000000,5.058672
1996,1,small pool,1.156957,0.000000,1.483704,1.859390,0.000000,8.412727
1997,1,small pool,1.181144,0.000000,0.658726,3.341758,0.951891,3.587059
1998,1,small pool,1.147474,0.000000,1.562294,1.387115,0.442924,1.919229
1999,1,small pool,1.092870,0.000000,3.065541,0.613298,0.563864,0.000000
2000,1,small pool,1.009004,0.000000,2.764756,1.662370,0.428584,0.000000
2001,0,keep/sharp,0.846080,0.000000,2.353649,0.901784,0.000000,0.000000
2002,0,keep/sharp,0.765627,0.000000,2.682296,0.103848,0.000000,0.000000
2003,0,keep/sharp,0.629003,0.000000,1.251146,0.837813,0.914807,0.000000
2004,0,keep/sharp,0.532152,0.000000,0.086339,0.000000,0.547857,0.000000
2005,0,keep/sharp,0.416575,0.000000,1.211014,0.000000,0.000000,0.000000
2006,0,keep/sharp,0.474636,0.000000,0.569709,0.000000,0.000000,0.398562
2007,0,keep/sharp,0.406169,0.000000,1.803267,0.087142,0.000000,0.361772
2008,0,keep/sharp,0.489115,0.000000,0.166695,0.112245,0.000000,0.852308
2009,0,keep/sharp,0.481924,0.000000,2.729334,1.454973,0.338617,1.079184
2010,0,keep/sharp,0.521036,0.000000,0.376570,0.000000,0.067293,1.557458
2011,0,keep/sharp,0.550786,0.000000,1.796258,0.000000,0.476015,1.183425
2012,0,keep/sharp,0.678151,0.000000,0.311348,0.717209,0.260178,0.790994
2013,0,keep/sharp,0.533474,0.000000,1.444965,0.000000,0.000000,0.447617
2014,0,keep/sharp,0.568685,0.241946,2.337352,0.000000,0.053667,0.018394
2015,0,keep/sharp,0.528633,0.196978,2.134364,1.313514,0.006854,0.000000
2016,0,keep/sharp,0.532381,0.000000,0.767804,0.000000,0.083543,0.000000
2017,0,keep/sharp,0.542610,0.000000,0.806699,0.691583,0.391083,0.000000
2018,0,keep/sharp,0.453808,0.000000,0.272235,1.126821,0.504002,0.000000
2019,0,keep/sharp,0.405202,0.000000,1.133268,0.000000,0.000000,0.000000
2020,0,keep/sharp,0.457877,0.000000,0.769077,1.189883,0.347784,0.000000
2021,0,keep/sharp,0.414694,0.000000,0.150861,0.532683,0.157885,0.000000
2022,0,keep/sharp,0.476854,0.000000,2.162266,0.000000,0.000000,0.000000
2023,0,keep/sharp,0.511558,0.000000,1.710884,0.257540,0.000000,0.594777
2024,0,keep/sharp,0.510737,0.000000,0.339649,0.007836,0.000000,0.797124
2025,0,keep/sharp,0.601617,0.000000,1.782691,0.544307,0.805396,1.177292
2026,0,keep/sharp,0.604518,0.000000,1.480333,0.299810,0.036528,1.299925
2027,0,keep/sharp,0.572539,0.000000,1.383223,0.276264,0.000000,0.932022
2028,0,keep/sharp,0.633119,0.000000,1.967576,0.540980,0.653727,0.233005
2029,0,keep/sharp,0.614018,0.000000,1.480245,0.881926,0.000000,0.754204
2030,0,keep/sharp,0.625289,0.000000,1.051871,0.262000,0.000000,0.183953
2031,0,keep/sharp,0.586744,0.000000,1.841723,0.000000,0.000000,0.000000
2032,0,keep/sharp,0.587540,0.000000,1.711935,0.000000,0.749214,1.471615
2033,0,keep/sharp,0.590030,0.000000,1.603765,0.000000,0.263025,2.888043
2034,0,keep/sharp,0.640765,0.000000,0.061947,0.423877,0.000000,3.078125
2035,0,keep/sharp,0.694084,0.000000,2.140907,0.000000,0.000000,3.219158
2036,0,keep/sharp,0.650587,0.000000,1.164028,0.461412,0.003438,4.905378
2037,0,keep/sharp,0.579164,0.000000,0.891845,0.777891,0.000000,6.009091
2038,0,keep/sharp,0.646666,0.000000,1.608408,0.000000,0.662442,7.321277
2039,0,keep/sharp,0.551225,0.000000,0.025837,0.000000,0.000000,7.633996
2040,0,keep/sharp,0.583888,0.000000,0.558614,0.000000,0.000000,0.000000
2041,0,keep/sharp,0.530369,0.000000,1.962933,0.560527,0.000000,0.141031
2042,0,keep/sharp,0.471594,0.000000,0.500063,0.000000,0.000000,0.030659
2043,0,keep/sharp,0.529959,0.000000,3.021543,0.000000,0.000000,0.000000
2044,0,keep/sharp,0.578321,0.000000,1.029595,0.246640,0.000000,0.000000
2045,0,keep/sharp,0.612759,0.000000,1.227744,0.487026,0.180732,0.466013
2046,0,keep/sharp,0.664199,0.000000,1.595420,0.000000,0.238997,5.500157
2047,0,keep/sharp,0.646131,0.000000,0.417107,0.174584,0.000000,6.879796
2048,0,keep/sharp,0.672984,0.000000,2.680750,0.534714,0.000000,0.625436
2049,0,keep/sharp,0.682232,0.000000,0.851930,0.544469,0.000000,2.655038
2050,0,keep/sharp,0.641358,0.000000,1.523688,0.000000,0.000000,6.757160
2051,0,keep/sharp,0.646250,0.000000,0.538678,0.041086,0.000000,7.707578
2052,0,keep/sharp,0.699533,0.000000,0.259724,0.515554,0.029480,14.808114
2053,0,keep/sharp,0.721314,0.000000,0.267857,0.000000,0.242574,13.361029
2054,0,keep/sharp,0.719451,0.000000,1.332175,0.522206,0.000000,0.361774
2055,0,keep/sharp,0.793887,0.000000,2.839531,0.330319,0.000000,13.434609
2056,1,small pool,0.855259,0.000000,0.534793,0.469597,0.000000,14.906221
2057,1,small pool,0.940001,0.000000,1.880430,0.381496,0.000000,2.605983
2058,1,small pool,1.068587,0.000000,3.004114,0.362497,0.000000,1.428691
2059,1,small pool,1.048549,0.000000,2.579481,0.311944,0.000000,3.176233
2060,1,small pool,1.120278,0.000000,2.890059,0.598212,0.339277,0.741940
2061,1,small pool,1.162333,0.000000,2.662941,1.224839,0.421848,6.009091
2062,1,small pool,1.226698,0.000000,2.440259,0.255360,0.000000,12.073365
2063,1,small pool,1.219503,0.000000,1.999348,0.688182,0.000000,10.190924
2064,1,small pool,1.187840,0.000000,2.143438,1.188762,0.000000,3.311128
2065,1,small pool,1.099409,0.000000,2.792551,1.105942,0.513550,7.247696
2066,1,small pool,0.959994,0.000000,2.368412,0.000000,0.000000,4.850194
2067,1,small pool,0.888076,0.000000,1.146814,1.283640,1.023663,2.458820
2068,0,keep/sharp,0.754560,0.000000,1.922259,1.050604,0.000000,0.000000
2069,0,keep/sharp,0.617469,0.000000,0.605631,0.000000,0.408410,0.000000
2070,0,keep/sharp,0.562281,0.000000,1.323141,0.784306,0.698554,0.024529
2071,0,keep/sharp,0.618057,0.000000,0.277898,0.061155,0.000000,1.146633
2072,0,keep/sharp,0.644583,0.000000,1.247990,0.489567,0.000000,1.575854
2073,0,keep/sharp,0.784847,0.000000,0.694306,1.585468,0.000000,0.527326
2074,1,small pool,0.858209,0.000000,2.843664,0.820671,0.877932,2.133839
2075,1,small pool,1.027707,0.000000,1.197813,1.973454,1.726939,0.000000
2076,1,small pool,1.186542,0.000000,3.357296,0.000000,1.482005,0.000000
2077,1,small pool,1.248747,0.000000,2.976980,0.911937,0.481814,0.000000
2078,1,small pool,1.322926,0.000000,3.322841,1.424276,0.000000,0.000000
2079,1,small pool,1.424721,0.000000,4.706930,1.027595,0.000000,0.000000
2080,3,muted/repaired,1.575230,0.000000,2.979337,0.464751,0.000000,0.000000
2081,3,muted/repaired,1.592442,0.000000,4.667632,1.255000,0.585948,0.000000
2082,3,muted/repaired,1.647501,0.000000,2.821231,2.160907,1.763121,3.274342
2083,3,muted/repaired,1.502178,0.000000,5.982401,1.248198,1.191861,0.000000
2084,1,small pool,1.437248,0.000000,3.532315,0.456865,0.885501,0.000000
2085,1,small pool,1.240994,0.000000,3.507410,2.225513,1.266029,0.000000
2086,1,small pool,1.113889,0.000000,1.283792,0.741775,0.889946,0.000000
2087,1,small pool,0.862154,0.000000,1.143666,0.121077,1.426240,0.380168
2088,0,keep/sharp,0.766244,0.000000,0.865321,0.335389,0.646400,0.000000
2089,0,keep/sharp,0.585268,0.000000,0.915536,2.507819,0.000000,0.000000
2090,0,keep/sharp,0.539655,0.000000,0.123065,1.675139,0.861195,0.000000
2091,0,keep/sharp,0.510752,0.000000,0.885959,1.431041,0.341221,0.000000
2092,0,keep/sharp,0.516126,0.000000,0.747800,0.920321,0.230907,0.000000
2093,0,keep/sharp,0.532983,0.000000,0.701447,0.193868,0.738068,0.000000
2094,0,keep/sharp,0.610653,0.000000,0.413111,0.915138,0.330145,0.000000
2095,0,keep/sharp,0.575197,0.000000,1.276965,0.278905,0.000000,0.000000
2096,0,keep/sharp,0.580236,0.000000,2.023942,1.132315,0.641712,0.000000
2097,0,keep/sharp,0.687477,0.000000,2.347508,1.077277,0.741540,0.000000
2098,0,keep/sharp,0.759284,0.000000,0.786897,0.100597,0.968037,0.000000
2099,1,small pool,0.942894,0.000000,1.224779,0.534477,0.000000,0.000000
2100,1,small pool,0.971935,0.000000,2.206054,1.736806,0.278199,0.000000
2101,1,small pool,0.973424,0.000000,2.659967,0.075494,0.253859,0.000000
2102,1,small pool,1.028642,0.000000,3.236138,1.480685,0.704734,6.579341
2103,1,small pool,1.168574,0.000000,1.972648,1.880033,1.097449,0.000000
2104,1,small pool,1.121778,0.000000,2.158716,1.146704,1.188840,0.000000
2105,1,small pool,1.247846,0.000000,2.401465,0.000000,0.202538,0.000000
2106,1,small pool,1.143091,0.000000,3.520806,0.755803,1.825517,0.000000
2107,1,small pool,1.160920,0.000000,2.311869,0.250489,0.000000,0.000000
2108,1,small pool,1.110902,0.000000,3.694407,2.533919,0.428410,0.000000
2109,1,small pool,1.079430,0.000000,2.375621,0.789314,0.825952,0.000000
2110,1,small pool,0.989951,0.000000,3.631532,0.613597,0.173822,0.000000
2111,1,small pool,0.930121,0.000000,1.244257,0.810567,1.249709,0.000000
2112,0,keep/sharp,0.745271,0.000000,0.100762,1.350751,1.833781,0.000000
2113,0,keep/sharp,0.653550,0.000000,1.538527,1.173301,0.961405,0.000000
2114,0,keep/sharp,0.667813,0.000000,0.686933,0.101332,0.981093,0.000000
2115,0,keep/sharp,0.744479,0.000000,1.484487,0.000000,0.000000,0.000000
2116,1,small pool,0.890013,0.000000,0.326885,0.797611,0.752930,0.000000
2117,1,small pool,0.924385,0.000000,2.313605,1.776932,2.277678,0.000000
2118,1,small pool,1.031135,0.000000,2.177735,1.329921,2.358235,0.000000
2119,1,small pool,1.132330,0.000000,2.346156,2.387950,2.621121,0.000000
2120,1,small pool,1.171465,0.000000,1.667475,1.258737,2.476709,0.000000
2121,1,small pool,1.093327,0.000000,1.090065,2.249843,2.227816,0.000000
2122,1,small pool,1.171611,0.000000,2.405540,1.270086,1.195142,0.000000
2123,1,small pool,0.992181,0.000000,1.281124,0.924120,0.338791,0.000000
2124,1,small pool,0.988809,0.000000,2.553283,0.028964,0.305075,0.000000
2125,1,small pool,1.096994,0.000000,4.340802,1.519467,0.915259,0.177821
2126,1,small pool,1.018523,0.000000,0.797360,0.072891,0.077814,0.772596
2127,1,small pool,1.081544,0.000000,3.080617,0.000000,0.610010,0.784861
2128,1,small pool,1.239375,0.000000,3.594667,1.791047,2.375561,1.281533
2129,1,small pool,1.205216,0.000000,0.755282,0.519080,1.764579,1.183423
2130,1,small pool,1.323522,0.000000,2.464030,0.820434,0.469661,1.631040
2131,1,small pool,1.277108,0.000000,4.486545,1.551533,1.118179,1.459350
2132,1,small pool,1.320912,0.000000,2.916209,1.697464,1.596937,1.808861
2133,3,muted/repaired,1.522319,0.000000,2.135010,1.141920,1.269709,1.477746
2134,3,muted/repaired,1.612210,0.000000,2.074842,0.000000,0.252956,1.379638
2135,3,muted/repaired,1.529315,0.000000,4.537624,1.728210,2.610045,1.281531
2136,1,small pool,1.428450,0.000000,4.129183,2.125888,1.930797,0.993339
2137,1,small pool,1.437712,0.000000,2.922093,2.645727,1.566832,0.711281
2138,2,wide pool,1.473494,0.000000,3.544486,0.903141,0.311221,0.484407
2139,1,small pool,1.223574,0.000000,1.406941,1.896963,0.000000,0.000000
2140,1,small pool,1.065295,0.000000,2.589752,1.218187,0.638518,1.134370
2141,1,small pool,0.966389,0.000000,1.465532,1.397667,1.288008,1.532930
2142,1,small pool,0.954698,0.000000,0.662899,0.471578,0.388375,1.177292
2143,1,small pool,0.988566,0.000000,1.969007,0.643807,0.632650,1.864043
2144,1,small pool,0.893354,0.000000,1.216441,1.383191,1.943367,2.090917
2145,1,small pool,0.940852,0.000000,1.431875,1.582030,0.710741,13.170945
2146,1,small pool,1.086972,0.000000,0.433483,1.873368,1.200298,12.128551
2147,1,small pool,1.153580,0.000000,0.070673,0.526255,0.000000,12.097893
2148,1,small pool,1.099544,0.000000,2.192462,1.024667,0.170038,9.148534
2149,1,small pool,1.066927,0.000000,2.080940,1.751032,0.279241,7.474573
2150,1,small pool,1.080766,0.000000,2.588020,1.365800,0.527405,4.427106
2151,1,small pool,1.068448,0.000000,0.925938,0.000000,0.787340,5.187440
2152,1,small pool,0.981753,0.000000,2.606503,0.089908,1.127137,1.716883
2153,1,small pool,0.922035,0.000000,2.636925,0.916459,0.733624,1.606510
2154,1,small pool,0.957813,0.000000,0.740788,0.187527,0.142954,3.268209
2155,1,small pool,1.088180,0.000000,1.584325,0.000000,0.000000,4.549739
2156,1,small pool,1.113991,0.000000,2.504539,0.000000,0.000000,4.862456
2157,1,small pool,1.210104,0.092441,3.542819,0.485394,0.042154,12.852093
2158,1,small pool,1.219718,0.309092,3.405015,0.000000,0.043135,12.944071
2159,1,small pool,1.205460,0.000000,3.683931,0.398002,0.000000,0.000000
2160,1,small pool,1.230354,0.453964,4.205954,0.000000,0.168156,11.601223
2161,1,small pool,1.148911,0.000000,0.063082,0.450960,0.000000,12.747856
2162,1,small pool,1.073362,0.000000,1.501101,0.000000,0.080744,2.875780
2163,1,small pool,1.101435,0.000000,3.002379,0.000000,0.000000,5.261020
2164,1,small pool,1.054892,0.000000,2.464267,0.000000,0.000000,6.076540
2165,1,small pool,1.112468,0.000000,2.459977,0.399472,0.000000,3.482820
2166,1,small pool,1.140527,0.000000,3.614256,0.000000,0.000000,6.113330
2167,1,small pool,1.085598,0.000000,2.766750,1.368877,0.000000,7.511363
2168,1,small pool,1.107632,0.000000,2.932023,0.000000,0.000000,0.257533
2169,1,small pool,1.119987,0.000000,1.206537,0.000000,0.343339,10.276771
2170,1,small pool,1.098844,0.000000,1.848914,0.753523,0.039480,1.312187
2171,1,small pool,1.053677,0.165779,1.665167,1.002468,0.295943,14.985933
2172,1,small pool,1.020947,0.000000,2.020943,0.166399,0.399980,10.614016
2173,1,small pool,1.070076,0.055037,2.779270,0.000000,0.000000,10.172532
2174,1,small pool,1.122051,0.066579,2.370516,0.534490,0.000000,6.916585
2175,1,small pool,1.041696,0.000000,1.001770,1.024904,0.000000,3.133311
2176,1,small pool,1.047907,0.303883,3.141427,0.000000,0.000000,1.882439
2177,1,small pool,0.994919,0.000000,3.284728,0.689889,0.000000,0.061318
2178,1,small pool,0.868656,0.000000,0.883600,1.345194,0.213094,1.281531
2179,0,keep/sharp,0.838128,0.000000,2.568544,0.576834,1.294953,1.520667
2180,0,keep/sharp,0.692241,0.000000,2.061845,0.000000,1.055504,2.826727
2181,0,keep/sharp,0.602903,0.000000,0.239747,0.343362,0.559385,2.348450
2182,0,keep/sharp,0.534533,0.000000,1.072269,0.246852,0.000000,1.845649
2183,0,keep/sharp,0.391788,0.000000,0.087894,0.000000,0.000000,2.213554
2184,0,keep/sharp,0.305986,0.000000,0.782680,1.094294,0.536363,0.000000
2185,0,keep/sharp,0.325960,0.000000,0.580637,0.000000,0.000000,0.018396
2186,0,keep/sharp,0.303676,0.000000,0.432215,0.070686,0.000000,0.116504
2187,0,keep/sharp,0.330937,0.000000,0.426768,0.792080,0.000000,0.000000
2188,0,keep/sharp,0.309623,0.000000,1.313192,0.296434,0.016007,0.000000
2189,0,keep/sharp,0.422806,0.000000,0.893001,0.000000,0.384798,0.000000
2190,0,keep/sharp,0.518818,0.000000,0.451662,0.426805,0.790361,0.000000
2191,0,keep/sharp,0.707204,0.000000,1.205313,0.031219,0.150176,0.000000
2192,1,small pool,0.864335,0.000000,2.141079,0.863252,0.996267,0.000000
2193,1,small pool,0.985869,0.000000,2.630192,0.016307,0.070835,0.000000
2194,1,small pool,1.085389,0.000000,4.301416,1.007513,0.584698,0.000000
2195,1,small pool,1.346984,0.000000,4.539515,0.609972,0.272505,0.000000
2196,1,small pool,1.379297,0.000000,3.596154,0.000000,0.440042,0.122635
2197,3,muted/repaired,1.519066,0.000000,3.131485,0.000000,0.455251,0.000000
2198,3,muted/repaired,1.549615,0.000000,3.898914,3.134946,2.702512,0.141029
2199,3,muted/repaired,1.654760,0.000000,1.515344,1.938012,2.361186,0.398560
2200,3,muted/repaired,1.661736,0.000000,3.610590,1.886449,2.091598,0.410825
2201,3,muted/repaired,1.740755,0.000000,4.504437,1.387638,0.716123,1.030129
2202,3,muted/repaired,1.540574,0.000000,4.725519,2.405279,2.048959,1.404166
2203,3,muted/repaired,1.557210,0.000000,2.480783,1.054940,1.365128,1.152764
2204,2,wide pool,1.479746,0.000000,4.015021,0.736070,1.011163,1.011735
2205,1,small pool,1.417776,0.000000,0.996773,1.771550,0.467647,1.471613
2206,1,small pool,1.207101,0.000000,0.905573,3.993526,0.581468,1.735277
2207,1,small pool,1.274731,0.000000,0.192879,4.617126,0.751853,1.956019
2208,1,small pool,1.169220,0.000000,0.931609,4.158753,0.780569,2.158368
2209,1,small pool,1.226227,0.000000,0.150623,2.236252,1.509818,2.311660
2210,1,small pool,1.248975,0.000000,2.659680,2.770006,1.082901,2.642773
2211,1,small pool,1.255988,0.000000,0.814603,1.323829,0.769145,4.077598
2212,1,small pool,1.115147,0.000000,0.832672,2.909223,1.162937,3.795537
2213,1,small pool,1.088507,0.000000,2.474610,1.044475,0.651365,9.632940
2214,1,small pool,1.045923,0.000000,2.464334,1.702671,0.000000,3.482820
2215,1,small pool,1.168700,0.000000,0.031490,0.791794,0.618379,3.225285
2216,1,small pool,1.192515,0.000000,0.518988,1.318236,0.000000,3.961094
2217,1,small pool,1.161101,0.000000,1.229686,3.423792,1.498012,1.673961
2218,1,small pool,1.110384,0.000000,2.248530,2.752117,1.429469,4.506816
2219,1,small pool,1.105134,0.000000,0.978284,3.414175,0.897689,4.641716
2220,1,small pool,1.187610,0.000000,1.327177,2.017044,0.000000,8.578284
2221,1,small pool,1.173843,0.000000,1.353975,0.626914,0.000000,10.816361
2222,1,small pool,1.058195,0.000000,0.190221,0.661722,0.000000,3.562534
2223,1,small pool,1.058507,0.000000,2.080259,1.091242,0.327888,6.039748
2224,1,small pool,1.176539,0.000000,2.878617,1.585630,0.129620,0.895231
2225,1,small pool,1.291121,0.000000,1.249002,1.217352,0.000000,4.696902
2226,1,small pool,1.283333,0.000000,0.529226,3.313902,0.860501,8.014164
2227,1,small pool,1.191542,0.000000,3.385895,2.367831,1.308738,7.076011
2228,1,small pool,1.059475,0.000000,2.834663,2.237971,1.235542,4.807272
2229,1,small pool,0.998655,0.000000,0.114728,0.000000,0.821021,3.881382
2230,1,small pool,0.854339,0.000000,0.373249,0.915238,0.942447,3.071995
2231,0,keep/sharp,0.672070,0.000000,0.650421,0.667776,0.000000,0.570250
2232,0,keep/sharp,0.505983,0.000000,0.422394,1.198080,0.000000,1.391899
2233,0,keep/sharp,0.539925,0.000000,0.564945,0.206027,0.129030,3.004545
2234,0,keep/sharp,0.554906,0.000000,0.979888,1.085001,0.000000,5.261018
2235,0,keep/sharp,0.551817,0.000000,1.395032,0.000000,0.038473,3.200760
2236,0,keep/sharp,0.618321,0.000000,1.223095,0.000000,0.154864,3.360183
2237,0,keep/sharp,0.608004,0.000000,0.384770,0.615553,1.063664,6.125591
2238,0,keep/sharp,0.561323,0.000000,0.131455,1.143776,0.423202,0.245268
2239,0,keep/sharp,0.569119,0.000000,1.060687,0.983731,0.364972,6.812343
2240,0,keep/sharp,0.648645,0.000000,0.634641,0.000000,0.918002,0.141031
2241,0,keep/sharp,0.705332,0.000000,1.498856,0.000000,0.000000,0.282060
2242,0,keep/sharp,0.736746,0.000000,0.811879,0.000000,0.000000,9.626805
2243,0,keep/sharp,0.722475,0.000000,2.330440,0.000000,0.000000,9.363141
2244,0,keep/sharp,0.745768,0.000000,2.007456,0.129536,0.288512,8.431124
2245,0,keep/sharp,0.766234,0.000000,0.548658,0.000000,0.043681,11.742254
2246,0,keep/sharp,0.759622,0.000000,0.944966,0.383103,0.437751,12.097893
2247,0,keep/sharp,0.749753,0.000000,0.659408,0.449378,0.967343,1.152762
2248,0,keep/sharp,0.696105,0.000000,0.732553,1.149333,0.404625,1.870175
2249,0,keep/sharp,0.790718,0.000000,0.730102,0.879870,0.362923,2.838988
2250,0,keep/sharp,0.751315,0.000000,2.247119,1.157493,0.000000,2.041864
2251,0,keep/sharp,0.769820,0.000000,0.951397,0.000000,0.124690,8.578280
2252,0,keep/sharp,0.719232,0.000000,1.780918,0.825454,0.866126,9.025899
2253,0,keep/sharp,0.685099,0.000000,0.477799,0.026435,0.000000,9.173059
2254,0,keep/sharp,0.642054,0.000000,0.105195,1.038969,0.220802,6.376993
2255,0,keep/sharp,0.610770,0.000000,0.122029,0.582901,0.848556,0.000000
2256,0,keep/sharp,0.527292,0.000000,0.926326,0.000000,0.060522,1.440956
2257,0,keep/sharp,0.584492,0.000000,0.929195,0.935843,1.036858,2.673434
2258,0,keep/sharp,0.598580,0.000000,0.738766,0.390814,0.829771,1.526801
2259,0,keep/sharp,0.668381,0.000000,1.603611,0.000000,0.072397,2.949361
2260,0,keep/sharp,0.737825,0.000000,0.541289,1.530542,0.415146,13.226130
2261,0,keep/sharp,0.708643,0.000000,0.822473,0.200135,0.051216,9.841418
2262,0,keep/sharp,0.820566,0.000000,1.149997,0.000000,0.000000,11.306900
2263,0,keep/sharp,0.808262,0.000000,0.185242,1.310213,0.890918,12.711067
2264,1,small pool,0.921706,0.000000,0.228879,0.349105,0.000000,11.871018
2265,1,small pool,0.902088,0.000000,2.082482,0.913357,0.232191,11.386616
2266,1,small pool,1.027228,0.000000,0.495615,0.000000,0.112537,12.024312
2267,1,small pool,1.101552,0.000000,2.736305,1.795507,0.876508,11.374349
2268,1,small pool,1.142401,0.000000,0.541334,0.000000,0.000000,8.093877
2269,1,small pool,1.067595,0.000000,4.023898,0.000000,0.000000,7.701447
2270,1,small pool,1.126189,0.000000,2.888578,0.290292,0.112710,8.093877
2271,1,small pool,0.994490,0.000000,2.286759,0.000000,0.033438,2.415899
2272,1,small pool,1.032341,0.000000,2.138450,0.116231,0.000000,1.244739
2273,1,small pool,0.965198,0.000000,2.333688,0.893399,0.178649,0.717412
2274,1,small pool,0.864385,0.000000,1.256288,1.021129,0.043404,4.145046
2275,1,small pool,0.918252,0.000000,1.631728,0.862267,0.078231,2.556930
2276,1,small pool,1.010697,0.000000,1.403999,2.049733,1.101720,2.881912
2277,1,small pool,0.998132,0.000000,0.140862,1.712314,1.425406,1.514536
2278,1,small pool,0.946392,0.000000,0.723170,2.662147,2.428931,2.189025
2279,1,small pool,0.888081,0.000000,1.125410,3.251601,1.709578,2.569193
2280,1,small pool,0.919748,0.000000,0.538753,2.106092,0.939599,2.924833
2281,1,small pool,0.883832,0.000000,0.080124,1.797961,0.238789,0.306588
2282,0,keep/sharp,0.782867,0.000000,0.233230,1.379653,0.158614,0.594779
2283,0,keep/sharp,0.682971,0.000000,3.078806,1.285409,1.096651,0.306588
2284,0,keep/sharp,0.768851,0.000000,0.239218,0.891599,1.109707,0.245270
2285,1,small pool,0.934518,0.000000,0.495600,1.146517,0.817965,0.000000
2286,1,small pool,1.128827,0.000000,1.196766,1.278047,0.386673,0.000000
2287,1,small pool,1.183979,0.000000,2.736254,2.002431,1.561034,0.288194
2288,1,small pool,1.373565,0.000000,2.565417,2.527877,1.886143,0.925890
2289,1,small pool,1.444223,0.000000,2.709611,2.628100,2.515877,1.293795
2290,3,muted/repaired,1.503529,0.000000,1.631117,2.814008,2.228892,7.560418
2291,3,muted/repaired,1.497170,0.000000,2.810211,1.030572,2.454313,7.008560
2292,3,muted/repaired,1.556012,0.000000,0.527653,0.996637,2.334068,6.714237
2293,3,muted/repaired,1.508557,0.000000,0.997655,1.427117,1.465963,6.291150
2294,1,small pool,1.420444,0.000000,2.169068,1.485993,1.103422,6.285018
2295,1,small pool,1.414396,0.000000,3.434197,1.791034,2.238129,6.174646
2296,3,muted/repaired,1.620900,0.000000,2.585422,0.884467,2.202364,3.844592
2297,3,muted/repaired,1.587937,0.000000,1.951514,0.464116,2.097189,3.893643
2298,3,muted/repaired,1.569402,0.000000,2.813042,1.400632,2.690671,3.948833
2299,3,muted/repaired,1.512322,0.000000,3.798845,2.799071,3.767113,3.973358
2300,2,wide pool,1.468697,0.000000,1.003418,0.520163,2.195038,3.881384
2301,2,wide pool,1.487541,0.000000,1.675892,0.907097,3.399954,3.783274
2302,1,small pool,1.335389,0.000000,2.353269,1.914504,2.624212,3.415369
2303,1,small pool,1.136159,0.000000,0.590921,2.033177,2.767930,3.691300
2304,1,small pool,1.159303,0.000000,1.393870,1.633020,2.575773,3.697432
2305,1,small pool,1.211764,0.000000,0.145258,0.660538,2.053508,3.973358
2306,1,small pool,1.205412,0.000000,0.858618,1.720747,1.551832,4.371920
2307,1,small pool,1.317675,0.000000,0.261155,2.080081,2.508237,4.108256
2308,1,small pool,1.271081,0.000000,0.671804,3.351375,2.815951,10.589488
2309,1,small pool,1.381289,0.000000,0.813280,2.480151,3.284674,10.203189
2310,3,muted/repaired,1.556604,0.000000,1.579533,2.950844,3.285022,9.816889
2311,3,muted/repaired,1.680784,0.000000,0.467545,0.385283,2.745603,9.823021
2312,3,muted/repaired,1.657033,0.000000,0.921593,1.360866,3.515060,10.092820
2313,3,muted/repaired,1.594659,0.000000,2.550640,3.306813,2.987968,10.362616
2314,2,wide pool,1.454729,0.000000,2.770673,1.669646,2.400076,10.632411
2315,1,small pool,1.430672,0.000000,1.218053,2.546731,3.139082,4.053070
2316,1,small pool,1.361130,0.000000,0.400226,2.101894,1.406691,10.914470
2317,1,small pool,1.151205,0.000000,0.741825,1.413600,1.979270,3.501216
2318,1,small pool,1.071997,0.000000,0.209601,1.304893,2.309588,3.231421
2319,1,small pool,1.000767,0.000000,1.400238,0.573171,1.545686,3.488954
2320,1,small pool,1.039569,0.000000,0.090440,1.689852,1.944443,3.482820
2321,1,small pool,1.144372,0.000000,1.069808,2.163610,3.262452,3.213025
2322,1,small pool,1.231498,0.000000,0.585945,1.646138,2.620600,3.206893
2323,1,small pool,1.288118,0.000000,0.150067,3.030749,4.613204,3.200762
2324,1,small pool,1.430589,0.000000,0.833239,2.685667,5.654785,3.188497
2325,1,small pool,1.409670,0.000000,0.745697,2.535638,3.661243,3.446030
2326,1,small pool,1.399134,0.000000,0.409419,2.828820,3.403079,3.176233
2327,1,small pool,1.362980,0.000000,1.576470,2.424165,3.187937,11.515378
2328,1,small pool,1.315813,0.000000,1.426243,1.674305,1.923922,3.439897
2329,1,small pool,1.222286,0.000000,0.808065,1.327741,1.921387,3.433765
2330,1,small pool,1.212556,0.000000,0.692256,1.368740,2.150905,11.907810
2331,1,small pool,1.047628,0.000000,0.979642,1.813832,2.118717,12.294109
2332,1,small pool,1.022581,0.000000,0.003771,1.475864,2.553065,2.274870
2333,1,small pool,1.112824,0.000000,0.821787,2.578231,2.656296,2.152235
2334,1,small pool,1.105708,0.000000,0.268638,1.206688,1.777808,1.759806
2335,1,small pool,1.076052,0.000000,0.396669,2.615953,2.367124,1.109843
2336,1,small pool,1.071127,0.000000,3.067650,1.750727,1.702043,0.723544
2337,1,small pool,1.003695,0.000000,1.606715,1.239751,2.534523,0.981076
2338,1,small pool,1.001554,0.000000,0.826915,2.473585,2.766575,0.337244
2339,1,small pool,1.007370,0.000000,0.468846,1.542277,1.749926,0.337244
2340,1,small pool,0.865670,0.000000,1.323041,0.675002,1.678466,0.324982
2341,0,keep/sharp,0.813185,0.000000,0.284284,0.828544,2.906161,0.318848
2342,0,keep/sharp,0.728116,0.000000,1.317626,1.444608,2.804284,0.318848
2343,0,keep/sharp,0.768617,0.000000,0.107887,0.720971,3.143908,0.306586
2344,0,keep/sharp,0.738294,0.000000,0.645049,0.639883,3.340544,0.300454
2345,0,keep/sharp,0.729681,0.000000,0.714936,0.310087,2.080313,0.288192
2346,0,keep/sharp,0.670851,0.000000,1.322486,1.115410,2.715429,0.275929
2347,0,keep/sharp,0.710324,0.000000,0.582884,0.302800,2.527023,0.269798
2348,0,keep/sharp,0.773847,0.000000,0.434351,0.817270,2.059757,0.263664
2349,0,keep/sharp,0.763877,0.000000,0.172452,1.373013,2.595010,0.000000
2350,0,keep/sharp,0.696951,0.000000,0.167169,1.788966,3.463080,0.000000
2351,0,keep/sharp,0.658370,0.000000,1.096998,2.290966,2.976718,0.000000
2352,0,keep/sharp,0.620075,0.000000,0.208553,0.462197,2.648136,0.000000
2353,0,keep/sharp,0.597973,0.000000,1.275163,0.202950,0.721436,0.000000
2354,0,keep/sharp,0.562973,0.000000,0.273299,0.168293,1.435268,0.000000
2355,0,keep/sharp,0.512093,0.000000,0.100295,0.455495,1.461935,0.000000
2356,0,keep/sharp,0.578875,0.000000,1.143602,0.000000,1.314120,0.000000
2357,0,keep/sharp,0.568405,0.000000,1.556934,0.008870,1.094741,0.000000
2358,0,keep/sharp,0.606257,0.000000,2.004957,0.297941,1.317037,0.000000
2359,0,keep/sharp,0.700958,0.000000,1.011312,1.653837,2.285248,0.000000
2360,0,keep/sharp,0.692495,0.000000,0.085392,0.887469,1.929304,0.000000
2361,0,keep/sharp,0.737285,0.000000,0.716970,0.000000,2.805708,0.000000
2362,0,keep/sharp,0.748395,0.000000,2.084249,0.313538,2.121217,0.000000
2363,0,keep/sharp,0.712606,0.000000,0.350729,0.872994,1.268216,0.000000
2364,0,keep/sharp,0.797773,0.000000,0.998103,2.020607,1.462942,0.000000
2365,0,keep/sharp,0.836883,0.000000,2.159477,0.428760,1.326099,0.000000
2366,0,keep/sharp,0.806489,0.000000,1.853737,0.000000,1.053317,0.000000
2367,1,small pool,0.872022,0.000000,2.052547,0.855328,1.874511,0.000000
2368,0,keep/sharp,0.844526,0.000000,1.188489,0.985911,2.061494,0.000000
2369,0,keep/sharp,0.795438,0.000000,1.280041,0.870153,1.405337,0.000000
2370,0,keep/sharp,0.774929,0.000000,1.044469,1.072530,2.933002,0.000000
2371,0,keep/sharp,0.738589,0.000000,0.872440,0.669084,2.661400,0.000000
2372,1,small pool,0.867935,0.000000,0.241495,0.991604,2.385527,0.000000
2373,0,keep/sharp,0.822511,0.000000,0.320705,0.907576,2.153440,0.000000
2374,1,small pool,0.869470,0.000000,1.048620,0.422718,3.141234,0.000000
2375,1,small pool,0.850979,0.000000,3.360465,1.687373,2.709769,0.000000
2376,1,small pool,0.895299,0.000000,0.024733,1.002941,1.754995,0.000000
2377,1,small pool,0.910620,0.000000,2.531790,0.955414,2.044757,0.000000
2378,0,keep/sharp,0.836485,0.000000,0.069049,1.986697,1.242556,0.000000
2379,0,keep/sharp,0.669853,0.000000,1.421220,0.616761,2.610461,0.000000
2380,0,keep/sharp,0.756711,0.000000,0.384544,1.489892,1.814649,0.000000
2381,0,keep/sharp,0.711742,0.000000,0.067516,0.188898,1.779892,0.000000
2382,0,keep/sharp,0.774505,0.000000,0.638789,0.656265,1.910970,0.000000
2383,0,keep/sharp,0.762702,0.000000,2.261040,0.375640,2.194586,0.000000
2384,0,keep/sharp,0.809048,0.000000,0.931531,1.673196,2.239656,0.000000
2385,1,small pool,0.850375,0.000000,2.022774,0.521372,2.543030,0.000000
2386,1,small pool,0.957918,0.000000,0.280239,2.019249,2.298269,0.000000
2387,1,small pool,0.937840,0.000000,1.139382,0.406224,4.554904,0.000000
2388,1,small pool,0.950922,0.000000,0.069251,0.618418,3.398669,0.000000
2389,1,small pool,0.914883,0.000000,2.692399,0.969753,2.304449,0.000000
2390,1,small pool,0.958982,0.000000,2.009547,0.000000,2.361707,0.000000
2391,1,small pool,0.991858,0.000000,0.995017,1.564402,3.038247,0.000000
2392,1,small pool,1.021229,0.000000,0.503036,1.517361,2.540738,0.000000
2393,1,small pool,0.940489,0.000000,2.158970,0.940353,1.995312,0.000000
2394,1,small pool,0.907238,0.000000,2.090990,1.263857,2.442056,0.000000
2395,1,small pool,0.894519,0.000000,0.764501,0.723026,3.124116,0.000000
2396,1,small pool,0.869454,0.000000,0.868117,1.008223,2.236809,0.000000
2397,0,keep/sharp,0.816859,0.000000,0.981457,0.840267,1.537457,0.000000
2398,0,keep/sharp,0.746156,0.000000,2.274884,0.345605,1.224465,0.000000
2399,0,keep/sharp,0.799025,0.000000,0.466067,1.052610,2.026146,0.000000
2400,0,keep/sharp,0.838425,0.000000,0.437290,0.907850,3.434538,0.000000
2401,0,keep/sharp,0.781445,0.000000,0.883516,0.642748,2.575739,0.000000
2402,0,keep/sharp,0.776656,0.000000,0.184146,2.713685,4.057847,0.000000
2403,0,keep/sharp,0.766189,0.000000,0.474174,2.526967,2.768450,0.000000
2404,0,keep/sharp,0.737401,0.000000,0.183495,0.000000,1.815500,0.000000
2405,0,keep/sharp,0.710629,0.000000,1.978063,0.371230,1.664959,0.000000
2406,0,keep/sharp,0.672459,0.000000,1.050039,0.000000,1.836733,0.000000
2407,0,keep/sharp,0.593645,0.000000,0.685066,0.254090,2.313720,0.000000
2408,0,keep/sharp,0.635784,0.000000,0.781903,0.603419,1.348634,0.000000
2409,0,keep/sharp,0.582547,0.000000,1.476040,0.932293,1.759752,0.000000
2410,0,keep/sharp,0.726337,0.000000,1.386380,0.000000,0.447195,0.000000
2411,0,keep/sharp,0.801455,0.000000,0.897044,0.505638,1.503324,0.000000
2412,1,small pool,0.893340,0.000000,0.543556,0.379116,2.250768,0.000000
2413,1,small pool,0.860104,0.000000,2.795806,1.466309,3.026371,0.000000
2414,1,small pool,0.904196,0.000000,0.312092,2.762607,3.060157,0.000000
2415,1,small pool,0.953761,0.000000,1.107358,1.834774,3.610340,0.000000
2416,1,small pool,0.920862,0.000000,1.136289,0.000000,2.407889,0.000000
2417,0,keep/sharp,0.771806,0.000000,0.896929,1.109742,2.249136,0.000000
2418,0,keep/sharp,0.788825,0.000000,1.967392,0.488408,1.661140,0.000000
2419,0,keep/sharp,0.698855,0.000000,0.333129,0.074386,1.433931,0.000000
2420,0,keep/sharp,0.738076,0.000000,0.530932,0.481469,1.987916,0.000000
2421,0,keep/sharp,0.749833,0.000000,1.472924,1.629974,3.130574,0.000000
2422,0,keep/sharp,0.712232,0.000000,0.621129,0.347722,2.344450,0.000000
2423,0,keep/sharp,0.764779,0.000000,1.583824,0.494214,2.633587,0.000000
2424,0,keep/sharp,0.775726,0.000000,0.925314,1.419792,2.293199,0.000000
2425,0,keep/sharp,0.751159,0.000000,1.098990,0.636146,1.440268,0.000000
2426,0,keep/sharp,0.844215,0.000000,0.143602,1.579850,2.228788,0.000000
2427,0,keep/sharp,0.799994,0.000000,0.203399,1.144200,2.257643,0.000000
2428,0,keep/sharp,0.736867,0.000000,1.095325,1.315470,3.249500,0.000000
2429,0,keep/sharp,0.726390,0.000000,2.003602,0.495721,3.930033,0.000000
2430,0,keep/sharp,0.778847,0.000000,0.160456,0.723363,3.236861,0.177821
2431,0,keep/sharp,0.760457,0.000000,0.046642,0.584334,2.333165,0.190084
2432,0,keep/sharp,0.740985,0.000000,0.790449,0.000000,2.639160,0.367905
2433,0,keep/sharp,0.692286,0.000000,1.397817,1.252166,2.337783,0.748071
2434,0,keep/sharp,0.719181,0.000000,0.139746,0.951391,1.500963,0.484407
2435,0,keep/sharp,0.766817,0.000000,1.141836,1.101520,2.058716,0.784859
2436,0,keep/sharp,0.823288,0.000000,0.947855,0.849922,2.714977,1.085315
2437,0,keep/sharp,0.787154,0.000000,0.300955,1.261353,3.080921,1.079186
2438,1,small pool,0.869059,0.000000,0.319103,1.489443,2.485564,0.821653
2439,0,keep/sharp,0.804797,0.000000,1.781960,0.615677,2.054098,0.821651
2440,0,keep/sharp,0.796006,0.000000,0.305483,1.476686,2.609524,0.821653
2441,0,keep/sharp,0.760900,0.000000,1.036578,1.698647,2.454035,0.815520
2442,0,keep/sharp,0.818800,0.000000,0.432160,0.458834,1.196479,1.085317
2443,0,keep/sharp,0.838878,0.000000,1.407137,0.397342,1.847948,1.079184
2444,1,small pool,0.867929,0.000000,0.723254,0.379888,1.558186,1.079184
2445,1,small pool,0.887233,0.000000,1.014306,2.011675,1.515443,4.647847
2446,1,small pool,1.015428,0.000000,0.370255,2.221875,2.330700,4.653981
2447,1,small pool,1.073132,0.000000,0.770853,0.950419,2.470008,4.653978
2448,1,small pool,1.105294,0.000000,1.074626,1.479938,2.280873,4.660110
2449,1,small pool,0.989206,0.000000,0.878251,2.362561,2.539870,4.666241
2450,1,small pool,1.056575,0.000000,1.530485,0.776832,2.705046,4.666241
2451,1,small pool,1.026461,0.000000,0.909791,0.305104,3.097171,1.060788
2452,1,small pool,1.078930,0.000000,0.017482,0.314759,1.921839,1.066919
2453,1,small pool,1.108279,0.000000,1.751513,1.952276,3.184013,4.660112
2454,1,small pool,1.178525,0.000000,0.186943,1.448694,2.406882,2.017337
2455,1,small pool,1.280093,0.000000,1.799756,2.633718,2.730151,1.355111
2456,1,small pool,1.332008,0.000000,1.390001,1.836169,2.505841,9.896605
2457,1,small pool,1.195380,0.000000,2.156818,1.803430,1.913574,9.884340
2458,1,small pool,1.202769,0.000000,1.573893,2.764562,2.659386,1.391901
2459,1,small pool,1.056293,0.000000,1.113628,0.457364,1.757426,1.306058
2460,1,small pool,0.988886,0.000000,0.636446,0.710294,1.659230,1.569722
2461,0,keep/sharp,0.836730,0.000000,0.466467,1.271793,2.736505,1.306058
2462,0,keep/sharp,0.778836,0.000000,0.528468,0.762817,0.807896,1.575854
2463,0,keep/sharp,0.762799,0.000000,1.618496,1.602000,1.199361,1.312189
2464,0,keep/sharp,0.805472,0.000000,1.374840,0.000000,1.038421,1.581985
2465,0,keep/sharp,0.842597,0.000000,1.391582,1.077152,2.877445,1.318321
2466,1,small pool,0.906002,0.000000,0.907008,0.210967,1.799753,1.324452
2467,1,small pool,0.900202,0.000000,1.052073,1.281759,2.088439,1.422562
2468,1,small pool,0.950255,0.000000,1.167648,2.027434,1.835657,0.993341
2469,1,small pool,0.867633,0.000000,1.051503,1.734052,1.686487,0.827785
2470,0,keep/sharp,0.847675,0.000000,1.131594,1.280015,2.982517,0.656095
2471,0,keep/sharp,0.785014,0.000000,2.171872,0.468551,1.494956,0.490540
2472,0,keep/sharp,0.702459,0.000000,0.425836,0.997734,1.224535,0.055186
2473,0,keep/sharp,0.655187,0.000000,0.212192,1.385184,0.804076,0.061320
2474,0,keep/sharp,0.616464,0.000000,0.516496,0.750982,1.244639,0.331115
2475,0,keep/sharp,0.584895,0.000000,0.770901,0.751119,0.798694,0.000000
2476,0,keep/sharp,0.549871,0.000000,0.507926,1.677170,0.782409,0.000000
2477,0,keep/sharp,0.603788,0.000000,0.964628,1.729617,0.604073,0.000000
2478,0,keep/sharp,0.580875,0.000000,1.292237,1.238518,0.718623,0.000000
2479,0,keep/sharp,0.671504,0.000000,0.184225,0.402412,0.920051,0.000000
2480,0,keep/sharp,0.633239,0.000000,0.277846,1.220965,1.421031,6.444443
2481,0,keep/sharp,0.634050,0.000000,0.370459,0.640282,0.626261,0.000000
2482,0,keep/sharp,0.639768,0.000000,2.952397,0.243475,1.380545,0.000000
2483,0,keep/sharp,0.737112,0.000000,0.080623,0.632632,1.569089,0.000000
2484,0,keep/sharp,0.736196,0.000000,0.707434,1.665061,1.434157,0.000000
2485,0,keep/sharp,0.779158,0.000000,0.553349,1.263185,2.915779,0.000000
2486,0,keep/sharp,0.663812,0.000000,2.077341,0.377185,1.754127,0.000000
2487,0,keep/sharp,0.754613,0.000000,1.142769,1.274970,1.719404,0.000000
2488,0,keep/sharp,0.769381,0.000000,0.775626,0.878874,1.648292,0.000000
2489,0,keep/sharp,0.764872,0.000000,0.036567,0.359707,1.971457,0.000000
2490,0,keep/sharp,0.844356,0.000000,1.677046,1.148498,1.796003,0.000000
2491,1,small pool,0.858220,0.000000,1.312789,1.197482,1.588986,0.000000
2492,1,small pool,0.863933,0.000000,0.870652,0.813831,2.656921,0.000000
2493,1,small pool,0.948667,0.000000,2.600949,1.795469,2.437820,0.000000
2494,1,small pool,0.910592,0.000000,1.576634,1.227144,1.494991,0.000000
2495,1,small pool,0.870316,0.000000,0.163080,2.151601,1.230646,0.000000
2496,1,small pool,0.913034,0.000000,0.683441,2.302951,1.680584,0.000000
2497,0,keep/sharp,0.801733,0.000000,0.697462,1.424762,1.599020,0.000000
2498,1,small pool,0.860017,0.000000,1.059139,0.434267,1.294085,0.000000
2499,1,small pool,0.955889,0.000000,0.822474,2.731998,1.756593,0.000000
2500,1,small pool,1.046471,0.000000,0.483327,1.549714,1.866351,0.000000
2501,1,small pool,1.136223,0.000000,2.996671,1.387202,0.933037,0.000000
2502,1,small pool,1.324405,0.000000,1.838542,2.452058,1.944026,0.000000
2503,1,small pool,1.287113,0.000000,3.328882,1.493779,1.613986,0.000000
2504,1,small pool,1.324908,0.000000,2.299926,2.319432,1.054636,0.000000
2505,1,small pool,1.243427,0.000000,3.219308,2.528574,2.851368,0.000000
2506,1,small pool,1.113539,0.000000,0.755472,1.951952,1.184361,0.000000
2507,1,small pool,1.055693,0.000000,1.982870,0.746958,1.668987,0.000000
2508,1,small pool,1.002402,0.000000,1.675614,0.724870,0.806993,0.000000
2509,1,small pool,0.854008,0.000000,0.656203,0.657498,0.711609,0.000000
2510,1,small pool,0.893084,0.000000,1.204048,2.258962,2.325977,0.000000
2511,0,keep/sharp,0.831060,0.000000,2.016631,0.678540,1.686105,0.000000
2512,0,keep/sharp,0.759995,0.000000,1.299483,1.616638,0.826507,0.000000
2513,0,keep/sharp,0.783801,0.000000,2.532185,0.039902,2.379381,0.000000
2514,0,keep/sharp,0.724715,0.000000,0.381616,0.725811,2.226254,0.000000
2515,0,keep/sharp,0.734373,0.000000,0.339146,0.000000,1.443011,0.000000
2516,0,keep/sharp,0.750218,0.000000,0.614973,0.652677,2.215663,0.000000
2517,0,keep/sharp,0.717136,0.000000,0.717551,1.064009,2.326811,0.000000
2518,0,keep/sharp,0.775941,0.000000,0.959266,1.873057,2.755290,0.085843
2519,0,keep/sharp,0.807790,0.000000,0.682602,1.638812,3.273077,0.073580
2520,1,small pool,0.877703,0.000000,0.964673,1.080902,2.590531,0.000000
2521,1,small pool,0.873458,0.000000,1.525956,1.213715,1.805830,0.000000
2522,0,keep/sharp,0.843859,0.000000,0.113632,1.449827,1.225438,0.000000
2523,0,keep/sharp,0.815183,0.000000,1.754916,1.625782,1.565062,0.000000
2524,0,keep/sharp,0.777445,0.000000,0.836832,1.277785,1.379086,0.000000
2525,0,keep/sharp,0.768452,0.000000,0.547859,1.797562,2.265664,0.000000
2526,0,keep/sharp,0.781768,0.000000,1.175000,0.859078,1.788468,0.000000
2527,0,keep/sharp,0.707372,0.000000,0.502678,0.596617,2.470459,0.000000
2528,0,keep/sharp,0.699411,0.000000,0.876600,1.641553,2.174412,0.000000
2529,0,keep/sharp,0.662186,0.000000,0.590817,0.957644,1.671800,0.000000
2530,0,keep/sharp,0.640979,0.000000,0.099178,1.176042,2.327123,0.000000
2531,0,keep/sharp,0.614329,0.000000,0.772634,0.763028,2.024271,0.000000
2532,0,keep/sharp,0.641460,0.000000,0.288679,1.746984,0.856508,0.000000
2533,0,keep/sharp,0.681332,0.000000,0.628971,1.195402,1.345336,0.000000
2534,0,keep/sharp,0.705544,0.000000,1.071153,0.000000,0.541120,0.000000
2535,0,keep/sharp,0.774571,0.000000,1.760271,1.049708,2.559315,0.000000
2536,0,keep/sharp,0.822194,0.000000,0.409626,2.338779,1.933644,0.000000
2537,1,small pool,0.881791,0.000000,0.168798,2.055514,1.947290,0.000000
2538,1,small pool,0.936280,0.000000,0.920404,2.244461,2.953106,0.000000
2539,1,small pool,0.911339,0.000000,1.026511,1.516938,2.150193,0.000000
2540,1,small pool,0.938372,0.000000,0.841611,2.086397,2.639073,0.000000
2541,1,small pool,1.028395,0.000000,0.319445,1.865993,2.240525,0.000000
2542,1,small pool,1.043942,0.000000,0.876918,1.092101,3.308703,0.000000
2543,1,small pool,1.004667,0.000000,2.004171,0.906169,2.017778,0.000000
2544,1,small pool,0.896988,0.000000,2.338439,1.448856,2.705914,0.000000
2545,0,keep/sharp,0.833256,0.000000,1.703698,2.217154,1.886595,0.000000
2546,0,keep/sharp,0.763173,0.000000,0.286245,1.459246,1.877254,0.000000
2547,0,keep/sharp,0.690796,0.000000,0.279996,0.000000,1.633709,0.000000
2548,0,keep/sharp,0.537014,0.000000,0.321222,0.288610,1.410094,0.000000
2549,0,keep/sharp,0.464777,0.000000,0.855968,0.013068,1.252903,0.000000
2550,0,keep/sharp,0.434407,0.000000,0.514339,1.119826,1.252799,0.000000
2551,0,keep/sharp,0.449830,0.000000,0.343858,0.322931,0.952169,0.000000
2552,0,keep/sharp,0.531935,0.000000,1.267493,1.121639,0.808104,0.000000
2553,0,keep/sharp,0.510717,0.000000,0.051580,1.405179,0.810986,0.000000
2554,0,keep/sharp,0.456416,0.000000,0.395360,0.613535,1.110540,0.000000
2555,0,keep/sharp,0.497723,0.000000,1.439556,1.422632,1.231514,0.000000
2556,0,keep/sharp,0.443786,0.000000,0.486013,0.000000,0.994843,0.000000
2557,0,keep/sharp,0.452384,0.000000,0.175222,0.000000,1.014288,0.000000
2558,0,keep/sharp,0.442473,0.000000,1.372308,0.111684,1.092241,0.000000
2559,0,keep/sharp,0.343572,0.000000,0.435160,0.000000,1.868296,0.000000
2560,0,keep/sharp,0.368955,0.000000,0.302675,1.100809,1.221896,0.000000
2561,0,keep/sharp,0.383828,0.000000,0.299055,0.389942,1.191062,0.000000
2562,0,keep/sharp,0.323859,0.000000,0.207977,0.000000,1.252070,0.000000
2563,0,keep/sharp,0.339070,0.000000,0.117287,1.053806,1.496033,0.000000
2564,0,keep/sharp,0.371741,0.000000,0.569686,0.000000,0.862862,0.000000
2565,0,keep/sharp,0.458798,0.000000,0.151957,0.000000,0.951370,0.000000
2566,0,keep/sharp,0.546274,0.000000,0.731210,0.682240,0.740082,0.000000
2567,0,keep/sharp,0.580504,0.000000,1.679929,0.000000,1.587909,0.000000
2568,0,keep/sharp,0.674594,0.000000,1.624963,1.393095,1.005052,0.000000
2569,0,keep/sharp,0.735589,0.000000,1.541276,0.910467,1.241271,0.000000
2570,0,keep/sharp,0.762171,0.000000,1.028713,0.842459,1.525755,0.000000
2571,0,keep/sharp,0.758458,0.000000,0.910456,2.148761,1.531693,0.000000
2572,0,keep/sharp,0.726223,0.000000,1.397002,0.000000,1.293078,0.000000
2573,0,keep/sharp,0.823863,0.000000,0.879571,1.118425,1.107762,0.000000
2574,1,small pool,0.952394,0.000000,1.204577,0.991156,0.782166,0.000000
2575,1,small pool,0.974249,0.000000,1.827085,0.000000,1.156513,0.000000
2576,1,small pool,1.037509,0.000000,2.270467,2.125950,2.824840,0.000000
2577,1,small pool,1.180246,0.000000,3.042757,1.259447,3.055955,0.000000
2578,1,small pool,1.216267,0.000000,2.958993,0.412291,0.698033,0.000000
2579,1,small pool,1.246688,0.000000,2.250205,0.288025,2.251080,0.000000
2580,1,small pool,1.239982,0.000000,3.624395,1.490066,1.582770,0.190086
2581,1,small pool,1.253408,0.000000,1.853879,1.025490,0.992343,0.361772
2582,1,small pool,1.306677,0.000000,2.394506,0.331303,0.648344,0.502801
2583,1,small pool,1.289971,0.000000,3.294168,0.822813,1.805170,0.895231
2584,1,small pool,1.250386,0.000000,3.253540,2.180403,1.299640,0.735806
2585,1,small pool,1.236653,0.000000,3.232899,1.346154,0.933454,1.085313
2586,1,small pool,1.188921,0.000000,1.071128,2.168195,0.400319,1.140502
2587,1,small pool,1.059509,0.000000,2.777489,1.866018,0.363478,1.171158
2588,1,small pool,0.963927,0.000000,1.629374,0.791955,0.964357,0.925890
2589,1,small pool,0.900531,0.000000,0.572441,1.569211,0.000000,1.226346
2590,1,small pool,0.891420,0.000000,0.930466,0.945211,0.000000,1.226344
2591,0,keep/sharp,0.844935,0.000000,1.026702,2.709001,0.290422,1.257005
2592,1,small pool,0.871674,0.000000,2.172806,1.407184,0.000000,0.754202
2593,1,small pool,0.908292,0.000000,0.683671,2.696792,0.074411,0.723544
2594,1,small pool,0.990242,0.000000,1.404587,2.785915,0.000000,0.000000
2595,1,small pool,1.060121,0.000000,2.263399,1.287913,0.000000,0.870706
2596,1,small pool,1.108665,0.000000,1.580302,0.707940,0.000000,3.893645
2597,1,small pool,1.225814,0.000000,2.117896,1.478169,0.000000,2.992282
2598,1,small pool,1.270815,0.000000,3.501587,0.876058,0.000000,4.457765
2599,1,small pool,1.240224,0.000000,1.934074,1.641391,0.000000,10.816363
2600,1,small pool,1.234136,0.000000,3.011218,1.531376,0.000000,8.210379
2601,1,small pool,1.252023,0.000000,2.943981,0.623638,0.078022,6.082670
2602,1,small pool,1.196722,0.000000,1.904115,0.000000,0.000000,4.482291
2603,1,small pool,1.225806,0.000000,2.065907,0.000000,0.000000,3.145576
2604,1,small pool,1.149679,0.000000,3.617712,0.017541,0.000000,2.624379
2605,1,small pool,1.136021,0.000000,3.384898,0.000000,0.000000,1.293793
2606,1,small pool,1.188534,0.000000,3.924419,1.305877,0.301394,0.484405
2607,1,small pool,1.269104,0.000000,3.669333,0.000000,0.000000,0.000000
2608,1,small pool,1.246156,0.000000,3.758554,0.247474,0.000000,0.962680
2609,1,small pool,1.249938,0.000000,3.515153,0.000000,0.000000,1.845651
2610,1,small pool,1.187561,0.000000,3.910028,0.378929,0.000000,1.324454
2611,1,small pool,1.205228,0.000000,3.063526,0.000000,0.000000,2.924833
2612,1,small pool,1.115193,0.000000,2.849413,0.485705,0.468237,1.882439
2613,1,small pool,1.125932,0.000000,1.985477,1.673395,0.302922,2.152235
2614,1,small pool,1.013530,0.000000,1.330223,2.858930,1.188076,1.545195
2615,1,small pool,0.995140,0.000000,0.364088,1.691895,0.769249,1.201819
2616,1,small pool,0.919084,0.000000,2.433559,1.798609,0.626469,0.637699
2617,1,small pool,0.919215,0.000000,0.351173,1.401728,1.060713,0.607042
2618,1,small pool,0.895759,0.000000,1.950286,1.014552,0.277783,2.121578
2619,1,small pool,0.936908,0.000000,0.036134,1.895817,0.739596,1.821122
2620,1,small pool,0.955033,0.000000,0.517808,3.067935,0.612858,4.390318
2621,1,small pool,1.073352,0.000000,1.121213,1.961108,0.242886,5.776084
2622,1,small pool,1.116261,0.000000,0.072859,3.241572,0.948037,1.520667
2623,1,small pool,1.184230,0.000000,0.725146,4.561464,0.648657,1.557458
2624,1,small pool,1.260258,0.000000,1.675083,2.795483,1.668015,1.373505
2625,1,small pool,1.319782,0.000000,1.123546,2.584211,1.974964,2.274872
2626,1,small pool,1.424787,0.000000,0.702553,2.859329,1.234292,1.778200
2627,1,small pool,1.442564,0.000000,1.965137,3.116919,2.573204,1.140502
2628,1,small pool,1.401130,0.000000,1.981128,1.323144,1.736627,12.061102
2629,1,small pool,1.381878,0.000000,2.412426,1.453029,1.608708,11.852622
2630,1,small pool,1.325447,0.000000,1.776998,1.502088,1.892845,11.625751
2631,1,small pool,1.301647,0.000000,2.264677,0.616562,1.689369,1.453219
2632,1,small pool,1.320252,0.000000,2.560421,0.517261,1.399538,1.146633
2633,1,small pool,1.151881,0.000000,0.839778,1.526219,0.182746,1.416426
2634,1,small pool,1.153036,0.000000,2.780849,2.111910,0.705533,1.655567
2635,1,small pool,1.076915,0.000000,2.791663,2.596145,1.042830,1.643302
2636,1,small pool,1.023458,0.000000,0.441065,1.201344,0.000000,1.618777
2637,1,small pool,1.100629,0.000000,2.394998,2.352184,1.693987,1.066921
2638,1,small pool,1.031909,0.000000,1.136760,0.242765,0.914495,1.293795
2639,1,small pool,0.984428,0.000000,1.675774,0.309402,0.932273,1.183425
2640,1,small pool,0.985266,0.000000,2.462577,1.313041,0.929009,1.306058
2641,0,keep/sharp,0.805380,0.000000,0.997909,2.057756,1.606451,1.165029
2642,0,keep/sharp,0.817665,0.000000,2.179601,2.000151,1.227973,0.968816
2643,0,keep/sharp,0.791877,0.000000,0.016743,1.538801,0.889147,0.748071
2644,0,keep/sharp,0.769201,0.000000,0.434977,0.225561,0.300839,0.735808
2645,0,keep/sharp,0.781397,0.000000,0.722198,1.224167,1.247695,0.466011
2646,0,keep/sharp,0.714307,0.000000,0.875485,0.526816,1.395718,0.466013
2647,0,keep/sharp,0.704283,0.000000,1.225383,1.322845,1.146686,5.236491
2648,0,keep/sharp,0.768261,0.000000,1.544532,1.799095,1.655931,0.502803
2649,0,keep/sharp,0.765063,0.000000,1.709501,0.999403,0.557683,0.502803
2650,0,keep/sharp,0.804039,0.000000,0.004789,1.328551,1.032448,0.000000
2651,0,keep/sharp,0.795501,0.000000,1.421623,0.760101,0.810639,0.000000
2652,0,keep/sharp,0.747830,0.000000,1.011131,0.881552,1.137033,0.000000
2653,0,keep/sharp,0.707732,0.000000,0.554852,2.420727,1.219639,0.000000
2654,0,keep/sharp,0.685821,0.000000,1.900091,1.141509,1.419955,0.000000
2655,0,keep/sharp,0.668467,0.000000,0.824680,1.657860,1.203146,0.000000
2656,0,keep/sharp,0.707056,0.000000,0.497413,1.382393,0.857237,0.000000
2657,0,keep/sharp,0.685597,0.000000,0.481488,0.326233,0.360423,0.000000
2658,0,keep/sharp,0.614831,0.000000,0.055367,1.951665,1.143283,0.000000
2659,0,keep/sharp,0.570228,0.000000,1.406808,1.155549,1.863574,0.000000
2660,0,keep/sharp,0.547274,0.000000,1.956206,0.000000,0.785673,0.000000
2661,0,keep/sharp,0.570536,0.000000,1.486207,0.121065,0.231983,0.000000
2662,0,keep/sharp,0.586963,0.000000,1.282811,0.000000,0.457195,0.000000
2663,0,keep/sharp,0.574649,0.000000,0.479807,0.586364,1.023108,0.000000
2664,0,keep/sharp,0.574744,0.000000,0.314825,0.022736,2.704352,0.000000
2665,0,keep/sharp,0.572248,0.000000,0.149853,1.437382,2.800291,0.000000
2666,0,keep/sharp,0.626788,0.000000,0.742255,1.596693,2.053264,0.000000
2667,0,keep/sharp,0.710594,0.000000,0.502311,1.441854,1.903679,0.000000
2668,0,keep/sharp,0.796720,0.000000,0.501758,0.539149,1.863053,0.000000
2669,0,keep/sharp,0.783775,0.000000,1.010638,1.207884,2.127363,0.000000
2670,0,keep/sharp,0.758155,0.000000,2.378162,0.617808,0.950051,0.000000
2671,0,keep/sharp,0.781528,0.000000,2.206816,0.891244,1.248494,0.000000
2672,0,keep/sharp,0.736056,0.000000,1.105556,0.657785,1.005503,0.000000
2673,0,keep/sharp,0.719451,0.000000,0.873292,1.046120,1.229639,0.000000
2674,0,keep/sharp,0.749805,0.000000,1.120820,1.511942,1.540790,0.000000
2675,0,keep/sharp,0.654411,0.000000,0.057614,0.101569,1.160124,0.000000
2676,0,keep/sharp,0.675228,0.000000,0.948406,0.935008,1.819788,0.000000
2677,0,keep/sharp,0.734641,0.000000,1.637879,2.300908,1.547422,0.000000
2678,0,keep/sharp,0.752178,0.000000,0.843965,0.230245,0.416361,0.000000
2679,0,keep/sharp,0.847877,0.000000,0.778195,1.121427,2.215489,0.000000
2680,1,small pool,0.887918,0.000000,0.711935,2.365751,2.692928,0.000000
2681,1,small pool,0.926954,0.000000,1.192868,1.385607,2.609281,0.000000
2682,1,small pool,1.108574,0.000000,1.255603,0.986011,2.026250,0.000000
2683,1,small pool,1.232764,0.000000,1.310115,1.047752,3.014427,0.000000
2684,1,small pool,1.295929,0.000000,2.432795,1.980898,2.357679,0.000000
2685,1,small pool,1.443063,0.000000,3.617141,1.064208,2.317887,0.000000
2686,3,muted/repaired,1.571679,0.000000,3.207023,1.493156,2.503897,0.000000
2687,3,muted/repaired,1.691081,0.000000,2.618585,1.662769,2.740880,0.000000
2688,3,muted/repaired,1.704196,0.000000,3.589919,2.507570,2.942759,0.000000
2689,3,muted/repaired,1.573362,0.000000,3.262089,2.039231,2.414521,0.000000
2690,2,wide pool,1.470165,0.000000,3.582277,1.817993,2.697685,0.000000
2691,1,small pool,1.328653,0.000000,1.967335,3.272941,1.956422,0.000000
2692,1,small pool,1.124277,0.000000,0.457703,1.904027,1.308113,0.000000
2693,1,small pool,1.093068,0.000000,0.915258,1.890759,1.675515,0.000000
2694,1,small pool,0.927924,0.000000,0.061256,2.202479,0.102988,0.000000
2695,1,small pool,0.898031,0.000000,1.230620,0.521210,0.757339,0.000000
2696,1,small pool,1.029001,0.000000,2.632845,2.447412,0.357298,2.673432
2697,1,small pool,1.139299,0.000000,1.627291,0.123357,1.221479,0.000000
2698,1,small pool,1.333244,0.000000,3.877501,0.263956,0.000000,1.906967
2699,1,small pool,1.422153,0.000000,3.080065,2.386916,0.184586,2.648906
2700,2,wide pool,1.450506,0.000000,3.904969,0.607642,0.490182,5.395918
2701,3,muted/repaired,1.487820,0.000000,4.587629,0.258039,0.000000,7.891531
2702,2,wide pool,1.452001,0.000000,2.965840,0.009580,0.000000,5.757688
2703,1,small pool,1.380245,0.000000,4.228652,0.787807,0.747409,3.114915
2704,1,small pool,1.317053,0.000000,2.540960,0.000000,0.878175,0.925890
2705,1,small pool,1.277672,0.000000,3.331185,0.000000,0.418966,0.435352
2706,1,small pool,1.256119,0.000000,3.455993,0.000000,0.507405,0.000000
2707,1,small pool,1.092633,0.000000,3.192074,0.473671,1.139499,0.000000
2708,1,small pool,1.047965,0.000000,4.411909,0.983033,0.036494,0.190084
2709,1,small pool,0.925172,0.000000,2.435943,1.052598,0.598482,0.000000
2710,1,small pool,0.875327,0.000000,1.263847,0.615092,0.484349,0.000000
2711,0,keep/sharp,0.734831,0.000000,1.355235,0.000000,0.681644,2.495612
2712,0,keep/sharp,0.595941,0.000000,0.081722,0.282057,0.458897,2.054129
2713,0,keep/sharp,0.540515,0.000000,0.309270,2.211884,1.377315,0.711281
2714,0,keep/sharp,0.487287,0.000000,0.277759,0.164319,0.863383,0.423089
2715,0,keep/sharp,0.489587,0.000000,1.506325,0.308729,0.480164,0.662226
2716,0,keep/sharp,0.542568,0.000000,0.812544,1.051165,1.296029,0.637699
2717,0,keep/sharp,0.540758,0.000000,0.532272,0.134295,0.000000,0.361772
2718,0,keep/sharp,0.634493,0.000000,1.257350,0.608851,0.665254,0.784859
2719,0,keep/sharp,0.625897,0.000000,1.397036,0.313052,0.628691,0.772598
2720,0,keep/sharp,0.731960,0.000000,1.638948,0.587797,0.658414,1.085317
2721,0,keep/sharp,0.832357,0.000000,1.445854,0.941474,0.378930,4.046937
2722,1,small pool,0.971109,0.000000,0.382248,1.081151,0.000000,4.181837
2723,1,small pool,0.997546,0.000000,1.204405,1.952014,1.751523,9.798495
2724,1,small pool,0.983040,0.000000,0.308311,1.390553,0.949357,10.503645
2725,1,small pool,1.013126,0.000000,1.151018,2.912462,1.804198,13.532717
2726,1,small pool,1.018779,0.000000,1.342592,0.926400,1.061824,1.073053
2727,1,small pool,0.928500,0.000000,0.174702,1.456156,2.145974,0.741940
2728,1,small pool,0.888936,0.000000,2.177866,0.913357,1.684334,0.711281
2729,0,keep/sharp,0.847423,0.000000,0.448937,1.959987,0.000000,0.692887
2730,1,small pool,0.918256,0.000000,0.931108,1.697725,0.704630,0.686751
2731,1,small pool,0.996514,0.000000,0.597876,1.669496,0.546711,0.404693
2732,1,small pool,0.949233,0.000000,2.826904,1.320291,1.147138,0.380166
2733,1,small pool,0.963154,0.000000,1.735294,2.183393,1.325474,2.391373
2734,1,small pool,0.948703,0.000000,1.442086,2.359173,1.669022,1.011735
2735,1,small pool,0.952484,0.000000,0.403679,2.052013,1.289224,1.030131
2736,0,keep/sharp,0.846474,0.000000,1.827003,0.220566,0.407785,0.772598
2737,0,keep/sharp,0.752635,0.000000,0.183122,2.047042,1.112623,0.784861
2738,0,keep/sharp,0.653635,0.000000,0.626289,1.407234,1.011163,0.797126
2739,0,keep/sharp,0.701795,0.000000,0.066795,1.019286,2.466501,0.809386
2740,0,keep/sharp,0.721261,0.000000,0.647645,1.357602,0.936648,0.564116
2741,0,keep/sharp,0.749592,0.000000,1.109649,0.238069,0.817792,0.588646
2742,1,small pool,0.866117,0.000000,1.987299,1.609387,0.992725,0.613171
2743,1,small pool,0.907255,0.000000,1.304114,1.315071,1.007587,0.484407
2744,1,small pool,0.995849,0.000000,0.694781,1.906655,1.884824,0.343376
2745,1,small pool,1.026417,0.000000,1.993798,3.130548,1.417802,0.073580
2746,1,small pool,0.935789,0.000000,1.061468,2.024593,0.770360,0.049053
2747,1,small pool,0.911408,0.000000,2.089055,2.141909,1.178145,0.000000
2748,1,small pool,0.973909,0.000000,1.274504,0.963362,1.090609,0.000000
2749,1,small pool,1.074303,0.000000,0.610867,0.877428,0.859320,0.000000
2750,1,small pool,1.159490,0.000000,0.131262,1.778153,1.968055,0.000000
2751,1,small pool,1.136389,0.000000,1.745810,1.903940,2.963593,0.000000
2752,1,small pool,1.170970,0.000000,3.271280,3.146780,3.974895,0.000000
2753,1,small pool,1.198687,0.000000,1.920757,1.721408,4.096008,0.000000
2754,1,small pool,1.309914,0.000000,1.334891,1.677494,2.630288,0.000000
2755,1,small pool,1.234555,0.000000,1.272493,1.325673,2.448792,0.000000
2756,1,small pool,1.052202,0.000000,0.653702,1.269488,1.646730,0.000000
2757,1,small pool,0.963964,0.000000,2.207470,2.075783,2.547092,0.000000
2758,1,small pool,0.939446,0.000000,1.499593,0.575788,1.638639,0.000000
2759,1,small pool,1.044949,0.000000,1.707550,0.725518,1.816246,0.000000
2760,1,small pool,1.174013,0.000000,0.408290,1.639410,3.006336,0.000000
2761,1,small pool,1.160008,0.000000,0.632160,1.681642,3.007899,0.000000
2762,1,small pool,1.178079,0.000000,2.542428,2.305841,3.525477,0.000000
2763,1,small pool,1.207900,0.000000,2.861012,1.499908,3.050781,0.000000
2764,1,small pool,1.256657,0.000000,1.286593,2.900265,2.597545,0.000000
2765,1,small pool,1.243632,0.000000,1.781256,0.898121,1.374225,0.000000
2766,1,small pool,1.076118,0.000000,1.096204,2.536086,1.815691,0.000000
2767,1,small pool,0.955852,0.000000,0.645552,3.149696,2.468723,0.000000
2768,0,keep/sharp,0.807773,0.000000,0.300353,2.545529,1.521484,0.000000
2769,0,keep/sharp,0.794272,0.000000,0.120342,1.509201,1.471414,0.000000
2770,0,keep/sharp,0.713763,0.000000,0.098508,2.011986,2.232920,0.000000
2771,0,keep/sharp,0.627331,0.000000,0.327480,0.600902,0.652789,0.000000
2772,0,keep/sharp,0.709108,0.000000,0.401268,2.366946,1.458775,0.000000
2773,0,keep/sharp,0.771258,0.000000,0.673242,0.904711,1.197729,0.012265
2774,1,small pool,0.881140,0.000000,1.047727,1.038707,0.252956,0.012265
2775,1,small pool,0.951146,0.000000,2.562753,2.674991,0.209934,0.000000
2776,1,small pool,0.965787,0.000000,1.769446,0.544107,0.000000,6.254357
2777,1,small pool,1.091557,0.000000,2.872302,0.940527,0.503273,7.051483
2778,1,small pool,1.135138,0.000000,1.957951,0.759578,0.233546,0.000000
2779,1,small pool,0.977917,0.000000,2.121494,0.684046,0.954218,0.000000
2780,1,small pool,1.033062,0.000000,4.145014,0.000000,1.229327,0.000000
2781,1,small pool,0.958880,0.000000,0.256192,2.407098,2.336360,0.000000
2782,1,small pool,1.017395,0.000000,0.199785,0.747680,0.676470,0.000000
2783,1,small pool,1.013410,0.000000,2.098752,1.810743,2.649872,0.000000
2784,1,small pool,0.911886,0.000000,0.799715,2.131693,2.284484,0.000000
2785,0,keep/sharp,0.831536,0.000000,1.385729,2.505328,1.924651,0.000000
2786,1,small pool,0.952304,0.000000,1.206101,1.472189,1.641556,0.000000
2787,1,small pool,0.952725,0.000000,0.889717,1.518520,0.932690,0.000000
2788,1,small pool,0.876142,0.000000,0.794722,0.038931,0.599733,0.000000
2789,1,small pool,0.916287,0.000000,2.689223,0.904325,1.003003,0.000000
2790,1,small pool,0.868445,0.000000,4.057773,0.250551,0.473966,0.000000
2791,1,small pool,0.874631,0.000000,0.354045,1.185386,0.703380,0.000000
2792,1,small pool,0.881613,0.000000,2.355536,2.236239,2.254448,0.000000
2793,0,keep/sharp,0.753371,0.000000,1.149354,0.248309,1.241132,0.000000
2794,0,keep/sharp,0.669715,0.000000,1.497759,0.000000,2.506744,0.000000
2795,0,keep/sharp,0.729783,0.000000,0.465105,0.260231,1.452768,0.000000
2796,0,keep/sharp,0.597712,0.000000,0.100767,0.000000,1.867011,0.000000
2797,0,keep/sharp,0.556550,0.000000,0.647503,1.869693,1.435476,0.000000
2798,0,keep/sharp,0.528112,0.000000,0.260050,2.199090,2.591711,0.000000
2799,0,keep/sharp,0.652225,0.000000,0.574208,1.174884,1.097901,0.000000
2800,0,keep/sharp,0.712513,0.000000,0.569333,0.000000,0.793625,0.000000
2801,0,keep/sharp,0.634586,0.000000,1.027077,0.354051,1.414677,0.000000
2802,0,keep/sharp,0.562101,0.000000,2.947637,0.683647,1.503255,0.000000
2803,0,keep/sharp,0.507875,0.000000,1.186189,0.142418,2.318686,0.000000
2804,0,keep/sharp,0.613435,0.000000,0.276603,0.107262,1.079046,0.000000
2805,0,keep/sharp,0.700046,0.000000,0.195565,0.586975,1.485546,0.000000
2806,0,keep/sharp,0.725815,0.000000,0.527053,0.000000,0.210455,0.000000
2807,0,keep/sharp,0.733540,0.000000,1.684611,1.978250,0.443376,0.000000
2808,0,keep/sharp,0.755968,0.000000,2.575202,1.571117,0.236393,0.000000
2809,0,keep/sharp,0.787336,0.000000,2.068342,2.765285,1.461622,0.000000
2810,0,keep/sharp,0.818104,0.000000,0.685026,1.814480,0.998489,0.000000
2811,0,keep/sharp,0.774045,0.000000,0.839624,0.462446,0.281706,0.000000
2812,0,keep/sharp,0.711654,0.000000,0.280772,1.938385,0.617684,0.000000
2813,0,keep/sharp,0.572186,0.000000,0.530806,1.088489,0.000000,0.000000
2814,0,keep/sharp,0.584691,0.000000,0.995868,1.238867,1.008038,0.000000
2815,0,keep/sharp,0.591688,0.000000,1.088107,1.234295,1.056095,0.000000
2816,0,keep/sharp,0.637497,0.000000,0.309293,0.890721,1.306863,0.000000
2817,0,keep/sharp,0.676591,0.000000,0.852199,1.631188,1.632146,0.000000
2818,0,keep/sharp,0.700377,0.000000,0.442183,0.646672,1.378808,0.000000
2819,0,keep/sharp,0.674049,0.000000,1.029603,1.626006,1.928089,0.000000
2820,0,keep/sharp,0.657874,0.000000,0.538923,1.285297,1.898713,0.000000
2821,0,keep/sharp,0.611150,0.000000,1.557934,0.762692,1.816559,0.000000
2822,0,keep/sharp,0.620364,0.000000,1.236541,0.000000,1.399711,0.000000
2823,0,keep/sharp,0.579762,0.000000,0.656511,0.319593,0.513412,0.000000
2824,0,keep/sharp,0.570404,0.000000,0.559734,1.007550,0.805430,0.000000
2825,0,keep/sharp,0.666862,0.000000,0.647114,0.353553,1.924269,0.000000
2826,0,keep/sharp,0.660743,0.000000,1.240458,0.867823,0.404972,0.000000
2827,0,keep/sharp,0.681462,0.000000,0.671291,1.354887,0.883244,0.000000
2828,0,keep/sharp,0.727179,0.000000,3.454129,1.471890,1.244605,0.000000
2829,0,keep/sharp,0.694567,0.000000,0.533136,0.862255,1.279102,0.000000
2830,0,keep/sharp,0.686645,0.000000,0.686452,0.351833,1.585548,0.000000
2831,0,keep/sharp,0.690094,0.000000,1.022512,1.346963,1.654473,0.000000
2832,0,keep/sharp,0.545679,0.000000,0.626563,0.037074,0.655254,0.000000
2833,0,keep/sharp,0.523687,0.000000,0.468424,0.642424,2.350492,0.000000
2834,0,keep/sharp,0.533191,0.000000,0.868549,0.517348,2.110349,0.000000
2835,0,keep/sharp,0.546881,0.000000,0.693437,0.353715,2.002152,0.000000
2836,0,keep/sharp,0.622690,0.000000,0.049808,0.149980,2.550704,0.000000
2837,0,keep/sharp,0.597060,0.000000,0.017277,1.480137,1.800066,0.000000
2838,0,keep/sharp,0.623420,0.000000,1.208650,1.623851,1.464574,0.000000
2839,0,keep/sharp,0.613334,0.000000,1.131095,1.167297,1.701974,0.000000
2840,0,keep/sharp,0.630784,0.000000,0.391535,0.589130,1.151791,0.000000
2841,0,keep/sharp,0.618306,0.000000,1.552397,0.274470,2.326637,0.000000
2842,0,keep/sharp,0.595952,0.000000,0.007844,1.116357,1.786767,0.000000
2843,0,keep/sharp,0.569284,0.000000,0.249271,0.714568,2.018264,0.000000
2844,0,keep/sharp,0.647865,0.000000,0.139446,1.235466,1.205125,0.000000
2845,0,keep/sharp,0.686302,0.000000,1.867877,0.000000,1.434643,0.000000
2846,0,keep/sharp,0.687980,0.000000,1.693523,0.068244,0.708380,0.000000
2847,0,keep/sharp,0.727744,0.000000,2.109340,0.722491,1.053525,0.000000
2848,0,keep/sharp,0.736482,0.000000,1.925250,1.722417,0.951023,0.000000
2849,0,keep/sharp,0.766140,0.000000,0.871527,0.540893,0.708450,0.000000
2850,0,keep/sharp,0.798071,0.000000,0.993569,1.374470,1.205229,0.000000
2851,0,keep/sharp,0.749263,0.000000,0.673070,0.999478,0.768972,0.000000
2852,0,keep/sharp,0.734169,0.000000,2.276655,0.945436,0.375354,0.000000
2853,0,keep/sharp,0.792411,0.000000,2.239960,0.444495,0.469626,0.000000
2854,0,keep/sharp,0.814010,0.000000,1.825256,0.000000,0.264831,0.000000
2855,0,keep/sharp,0.817240,0.000000,1.227355,1.837490,1.662459,0.000000
2856,0,keep/sharp,0.801731,0.000000,1.332883,1.278769,1.561311,0.000000
2857,1,small pool,0.882378,0.000000,1.278811,1.509812,1.480164,0.000000
2858,1,small pool,0.894534,0.000000,0.471993,1.608789,0.359798,0.000000
2859,1,small pool,0.901088,0.000000,2.080986,0.652827,0.512543,0.000000
2860,1,small pool,0.937779,0.000000,2.496893,2.152025,1.379815,0.000000
2861,1,small pool,0.951701,0.000000,1.818380,0.185609,0.651470,0.000000
2862,1,small pool,0.972941,0.000000,2.284959,1.260469,0.370492,0.000000
2863,1,small pool,0.931730,0.000000,1.684150,2.368803,0.795778,0.000000
2864,0,keep/sharp,0.849960,0.000000,2.512431,0.602285,0.730915,0.091976
2865,1,small pool,0.933335,0.000000,0.546878,1.846845,0.871821,0.233007
2866,1,small pool,0.930512,0.000000,1.250312,0.747020,0.000000,0.196215
2867,1,small pool,0.867606,0.000000,1.072744,1.577595,1.155575,0.447617
2868,1,small pool,0.983469,0.000000,1.424725,2.623690,1.643153,1.005604
2869,1,small pool,1.191347,0.000000,0.670541,3.196014,0.528967,0.717412
2870,1,small pool,1.415723,0.000000,1.634846,0.695358,0.099307,0.533462
2871,2,wide pool,1.487633,0.000000,4.478212,1.938473,0.000000,0.000000
2872,3,muted/repaired,1.532507,0.000000,5.517490,1.524325,0.000000,2.029602
2873,3,muted/repaired,1.614784,0.000000,5.222539,0.449341,0.121183,12.668144
2874,3,muted/repaired,1.705319,0.000000,3.197318,1.603956,0.000000,0.000000
2875,3,muted/repaired,1.580701,0.000000,4.085703,1.053183,0.684873,0.000000
2876,2,wide pool,1.466123,0.000000,3.937106,0.922688,0.692234,1.594250
2877,1,small pool,1.379190,0.000000,3.959976,0.475116,0.000000,0.000000
2878,1,small pool,1.331680,0.000000,2.548284,0.535325,0.000000,0.692885
2879,1,small pool,1.263439,0.000000,4.026023,0.285483,0.000000,0.686755
2880,1,small pool,1.168534,0.000000,4.176495,0.884068,0.000000,0.692887
2881,1,small pool,1.102225,0.000000,2.618435,0.471154,0.292366,1.220213
2882,1,small pool,1.037084,0.000000,2.658658,0.792578,0.469939,0.956549
2883,1,small pool,0.970783,0.000000,2.810839,0.000000,0.421466,0.000000
2884,1,small pool,0.893436,0.000000,2.667336,0.000000,0.000000,0.821651
2885,1,small pool,0.879230,0.000000,1.308918,0.000000,0.000000,1.612644
2886,1,small pool,0.908952,0.000000,1.430038,1.203985,0.000000,3.458293
2887,0,keep/sharp,0.805593,0.000000,1.300871,1.007613,0.000000,7.149591
2888,0,keep/sharp,0.768000,0.000000,1.089173,0.792616,0.000000,8.210381
2889,0,keep/sharp,0.794143,0.000000,1.864020,1.513537,0.000000,10.062161
2890,1,small pool,0.878508,0.000000,0.104326,0.361937,0.000000,1.729145
2891,1,small pool,0.936326,0.000000,0.738809,1.213727,0.408132,1.195686
2892,1,small pool,0.962725,0.000000,0.595138,1.902320,0.195559,0.858441
2893,1,small pool,0.860630,0.000000,3.038711,1.928382,0.538655,0.815520
2894,1,small pool,0.939924,0.000000,2.233497,2.314063,1.197278,0.840047
2895,1,small pool,0.926426,0.000000,3.051435,0.144374,0.898001,0.226874
2896,1,small pool,0.893554,0.000000,0.939351,1.015062,0.483654,0.472144
2897,0,keep/sharp,0.796385,0.000000,1.494565,0.721407,0.908974,0.447619
2898,0,keep/sharp,0.671842,0.000000,0.648458,1.017629,0.566225,0.349511
2899,0,keep/sharp,0.656721,0.000000,0.281255,0.870041,1.101512,0.570252
2900,0,keep/sharp,0.685096,0.000000,1.178774,1.372215,0.909530,0.300456
2901,0,keep/sharp,0.655466,0.000000,1.021601,0.433482,0.848001,0.030659
2902,0,keep/sharp,0.693093,0.000000,2.805038,0.000000,0.891613,0.288192
2903,0,keep/sharp,0.845811,0.000000,1.163487,1.421822,0.888175,0.294325
2904,0,keep/sharp,0.821900,0.000000,0.859735,0.506584,1.278251,0.294325
2905,1,small pool,0.871940,0.000000,0.142582,1.759927,2.745429,0.257535
2906,0,keep/sharp,0.837532,0.000000,1.947439,2.288786,3.268250,0.177821
2907,1,small pool,0.885643,0.000000,0.099426,1.289844,2.546016,0.079712
2908,1,small pool,0.882104,0.000000,1.932588,0.597103,1.126443,0.000000
2909,1,small pool,0.856820,0.000000,1.428413,0.509911,1.626000,0.000000
2910,0,keep/sharp,0.736832,0.000000,2.726133,0.631723,1.228945,0.000000
2911,0,keep/sharp,0.683616,0.000000,0.302339,1.429011,0.943280,0.000000
2912,0,keep/sharp,0.602956,0.000000,1.228151,0.342665,1.171721,0.000000
2913,0,keep/sharp,0.580315,0.000000,0.762798,1.016196,1.736453,0.000000
2914,0,keep/sharp,0.536876,0.000000,0.186139,0.472238,0.749909,0.000000
2915,0,keep/sharp,0.563704,0.000000,0.054392,0.555145,1.350232,0.000000
2916,0,keep/sharp,0.563716,0.000000,0.174107,2.025079,0.767722,0.000000
2917,0,keep/sharp,0.603168,0.000000,1.628153,1.051763,0.761402,0.000000
2918,0,keep/sharp,0.701441,0.000000,0.550158,1.355347,2.003090,0.000000
2919,0,keep/sharp,0.708993,0.000000,1.407542,0.149506,1.063109,0.000000
2920,0,keep/sharp,0.659135,0.000000,1.444129,1.411731,1.552561,0.000000
2921,0,keep/sharp,0.617133,0.000000,1.856369,0.984952,1.227799,0.000000
2922,0,keep/sharp,0.611514,0.000000,0.624565,0.000000,1.335578,0.000000
2923,0,keep/sharp,0.621821,0.000000,0.133634,0.332163,1.067588,0.000000
2924,0,keep/sharp,0.597420,0.000000,1.080466,0.570692,0.608101,0.000000
2925,0,keep/sharp,0.615971,0.000000,1.128949,0.826289,1.150020,0.000000
2926,0,keep/sharp,0.719973,0.000000,1.022339,1.195775,0.741297,0.000000
2927,0,keep/sharp,0.798408,0.000000,1.538059,0.959501,0.715603,0.000000
2928,1,small pool,0.860167,0.000000,2.119474,1.305055,1.043421,0.000000
2929,1,small pool,0.868923,0.000000,2.418284,1.407234,0.188649,0.000000
2930,1,small pool,0.868660,0.000000,1.191623,1.546600,0.683345,0.000000
2931,0,keep/sharp,0.814922,0.000000,0.748928,2.150330,2.171183,0.000000
2932,0,keep/sharp,0.726178,0.000000,1.569644,0.864609,0.452056,0.000000
2933,0,keep/sharp,0.673477,0.000000,1.493162,0.264591,1.216861,0.000000
2934,0,keep/sharp,0.608970,0.000000,0.086356,0.495883,2.181079,0.000000
2935,0,keep/sharp,0.668485,0.000000,0.189407,0.739147,1.890171,0.000000
2936,0,keep/sharp,0.721917,0.000000,1.317059,0.400481,1.804996,0.000000
2937,0,keep/sharp,0.674423,0.000000,0.285199,0.661933,0.883939,0.000000
2938,0,keep/sharp,0.650525,0.000000,2.891969,1.407608,1.468359,0.000000
2939,0,keep/sharp,0.629773,0.000000,2.592700,0.518469,1.560617,0.000000
2940,0,keep/sharp,0.603526,0.000000,0.781224,0.000000,0.770638,0.000000
2941,0,keep/sharp,0.633232,0.000000,0.199408,0.306088,0.842896,0.000000
2942,0,keep/sharp,0.530395,0.000000,0.051212,1.013704,0.533308,0.000000
2943,0,keep/sharp,0.406004,0.000000,0.371838,1.281834,1.099915,0.000000
2944,0,keep/sharp,0.436989,0.000000,0.683083,0.751879,1.424017,0.000000
2945,0,keep/sharp,0.486366,0.000000,0.721154,1.280065,1.239743,0.171690
2946,0,keep/sharp,0.565478,0.000000,0.320637,0.000000,0.973767,0.361774
2947,0,keep/sharp,0.630536,0.000000,0.897846,0.952661,0.484314,0.110372
2948,0,keep/sharp,0.684384,0.000000,0.154744,1.317364,1.821108,0.392433
2949,0,keep/sharp,0.737294,0.000000,0.802075,2.043866,1.153735,0.398564
2950,0,keep/sharp,0.795306,0.000000,0.533256,2.415383,2.228580,0.410829
2951,1,small pool,0.850595,0.000000,0.741365,1.949460,2.152606,0.159425
2952,1,small pool,0.878095,0.000000,0.868149,2.326371,1.923436,0.423089
2953,1,small pool,0.873938,0.000000,0.369210,1.551396,1.469886,0.165559
2954,1,small pool,0.857454,0.000000,0.950227,2.214500,1.235264,0.171690
2955,0,keep/sharp,0.843354,0.000000,0.637072,1.738276,1.499540,0.171692
2956,0,keep/sharp,0.799732,0.000000,0.448986,2.062154,1.634021,0.772598
2957,0,keep/sharp,0.798120,0.000000,1.468899,0.508964,2.158509,0.858443
2958,0,keep/sharp,0.832218,0.000000,0.559780,2.180005,0.934565,1.220215
2959,0,keep/sharp,0.841658,0.000000,0.790149,1.539424,0.535079,1.594250
2960,0,keep/sharp,0.790384,0.000000,0.054012,1.061231,0.492960,6.395387
2961,0,keep/sharp,0.800516,0.000000,1.575266,1.363520,0.906161,5.604394
2962,1,small pool,0.908059,0.000000,0.938246,1.493081,0.973107,1.968284
2963,1,small pool,0.895060,0.000000,0.285209,1.048163,0.424382,1.974417
2964,1,small pool,0.879223,0.000000,0.026418,2.354439,0.458480,7.180248
2965,0,keep/sharp,0.779442,0.000000,1.970319,2.886176,0.774736,4.807271
2966,0,keep/sharp,0.769687,0.000000,0.021291,2.041461,1.506901,0.000000
2967,0,keep/sharp,0.787930,0.000000,0.009613,1.409203,0.034619,4.022409
2968,1,small pool,0.874195,0.000000,0.261051,1.014427,0.635705,1.968284
2969,0,keep/sharp,0.819344,0.000000,0.634695,1.625682,1.057588,1.698487
2970,0,keep/sharp,0.837114,0.000000,0.349336,1.035655,1.225750,2.262607
2971,0,keep/sharp,0.823971,0.000000,2.462339,2.029464,1.937117,2.035733
2972,0,keep/sharp,0.832562,0.000000,1.022186,2.078449,2.644768,2.072523
2973,1,small pool,0.964849,0.000000,0.403606,1.319843,1.892602,2.366846
2974,1,small pool,1.077990,0.000000,0.122580,0.635647,1.068768,2.403638
2975,1,small pool,1.024686,0.000000,0.128466,0.362323,2.493480,2.403636
2976,1,small pool,1.003677,0.000000,2.907404,1.613274,2.524800,2.661169
2977,1,small pool,1.050327,0.000000,1.309634,1.338828,2.398513,10.454590
2978,1,small pool,1.103552,0.000000,0.717261,1.397530,2.009271,10.975787
2979,1,small pool,1.190656,0.000000,1.082764,0.317450,2.021424,11.503116
2980,1,small pool,1.036486,0.000000,1.857132,0.000000,0.931474,11.766779
2981,1,small pool,0.895562,0.000000,0.776736,0.340597,0.692790,12.030441
2982,0,keep/sharp,0.757876,0.000000,2.245609,0.917680,1.186756,2.164500
2983,0,keep/sharp,0.703807,0.000000,1.138697,0.297567,0.809215,1.949890
2984,0,keep/sharp,0.615027,0.000000,0.286513,0.641577,0.732582,1.680093
2985,0,keep/sharp,0.551374,0.000000,0.099750,0.000000,0.658379,1.943757
2986,0,keep/sharp,0.456885,0.000000,0.080819,1.643123,1.763433,1.428691
2987,0,keep/sharp,0.486220,0.000000,0.518406,0.235029,1.490060,1.496140
2988,0,keep/sharp,0.489638,0.000000,0.414783,0.524798,0.315075,1.428691
2989,0,keep/sharp,0.550767,0.000000,0.516519,0.247038,1.751905,1.250872
2990,0,keep/sharp,0.489971,0.000000,1.643308,0.533119,1.076234,1.250872
2991,0,keep/sharp,0.481524,0.000000,0.122450,0.682676,1.980520,0.000000
2992,0,keep/sharp,0.565720,0.000000,1.316221,0.135641,1.642910,0.000000
2993,0,keep/sharp,0.573872,0.000000,0.131384,0.000000,1.694022,0.000000
2994,0,keep/sharp,0.533407,0.000000,0.811665,0.000000,1.294050,0.000000
2995,0,keep/sharp,0.583079,0.000000,1.600208,0.186194,3.380232,0.000000
2996,0,keep/sharp,0.572930,0.000000,0.760339,0.152185,1.873643,1.005602
2997,0,keep/sharp,0.651439,0.000000,0.629074,0.000000,2.303060,1.275397
2998,0,keep/sharp,0.728197,0.000000,0.780632,0.389942,3.177902,1.287662
2999,0,keep/sharp,0.657191,0.000000,0.615688,0.450138,1.995277,0.692885
3000,0,keep/sharp,0.609560,0.000000,1.555077,0.380536,1.752599,0.349509
3001,0,keep/sharp,0.628142,0.000000,1.807143,0.947784,1.462317,0.000000
3002,0,keep/sharp,0.634493,0.000000,0.714163,0.000000,1.868504,0.000000
3003,0,keep/sharp,0.651780,0.000000,0.249333,0.000000,1.113318,0.000000
3004,0,keep/sharp,0.576382,0.000000,1.715583,0.000000,1.111616,0.000000
3005,0,keep/sharp,0.522061,0.000000,1.745313,0.792198,0.855292,0.000000
3006,0,keep/sharp,0.603324,0.000000,1.603470,0.000000,1.565895,0.000000
3007,0,keep/sharp,0.706121,0.000000,0.349331,0.000000,1.312523,0.000000
3008,0,keep/sharp,0.694423,0.000000,1.329265,0.015186,1.237868,0.000000
3009,0,keep/sharp,0.743128,0.000000,2.573217,0.616811,0.675463,0.000000
3010,0,keep/sharp,0.723658,0.000000,2.510469,0.095938,1.092658,0.000000
3011,0,keep/sharp,0.787950,0.000000,0.304868,1.421311,1.467803,0.000000
3012,0,keep/sharp,0.821187,0.000000,2.351532,0.683722,2.329276,0.000000
3013,0,keep/sharp,0.778795,0.000000,0.885554,0.411195,1.530860,0.000000
3014,0,keep/sharp,0.761116,0.000000,1.071456,0.724297,1.869529,0.000000
3015,1,small pool,0.858680,0.000000,0.403545,1.568825,2.719821,0.000000
3016,1,small pool,0.875463,0.000000,1.400955,0.523315,1.402316,0.000000
3017,1,small pool,0.912977,0.000000,1.095035,1.173974,1.741558,0.000000
3018,1,small pool,0.896327,0.000000,2.051610,1.879522,1.806524,0.000000
3019,1,small pool,0.852991,0.000000,2.308965,1.694586,1.565062,0.000000
3020,0,keep/sharp,0.830240,0.000000,1.835283,0.821730,0.513030,0.000000
3021,0,keep/sharp,0.774491,0.000000,0.759072,0.912908,1.359468,0.000000
3022,0,keep/sharp,0.664029,0.000000,0.060683,1.669234,0.893557,0.000000
3023,0,keep/sharp,0.526640,0.000000,0.875867,0.542936,1.395649,0.000000
3024,0,keep/sharp,0.484417,0.000000,0.703632,0.901622,0.000000,0.000000
3025,0,keep/sharp,0.588031,0.000000,0.308121,1.171533,1.164916,0.000000
3026,0,keep/sharp,0.672436,0.000000,0.200070,0.587598,1.028143,0.000000
3027,0,keep/sharp,0.758785,0.000000,1.003338,0.734811,0.358548,0.000000
3028,0,keep/sharp,0.819393,0.000000,2.876942,0.904736,1.947464,0.000000
3029,1,small pool,0.854418,0.000000,2.370072,0.938883,1.190229,0.000000
3030,1,small pool,0.886116,0.000000,2.204265,0.728956,2.659941,0.000000
3031,1,small pool,0.920421,0.000000,0.343642,2.086110,2.293859,0.000000
3032,0,keep/sharp,0.784805,0.000000,0.873184,1.127183,1.829615,0.000000
3033,0,keep/sharp,0.648472,0.000000,0.213265,1.042818,2.008541,0.000000
3034,0,keep/sharp,0.566085,0.000000,0.998895,1.079345,1.739509,0.000000
3035,0,keep/sharp,0.505095,0.000000,0.358382,0.669582,0.973906,0.000000
3036,0,keep/sharp,0.448332,0.000000,0.327134,0.117340,0.021250,0.000000
3037,0,keep/sharp,0.444589,0.000000,0.143812,1.540944,1.688189,0.000000
3038,0,keep/sharp,0.410327,0.000000,0.343245,0.862766,0.979947,0.000000
3039,0,keep/sharp,0.435972,0.000000,1.093900,0.000000,0.014757,0.000000
3040,0,keep/sharp,0.465725,0.000000,0.615857,0.795730,1.203180,0.000000
3041,0,keep/sharp,0.434023,0.000000,0.621749,0.912572,1.020920,0.000000
3042,0,keep/sharp,0.506955,0.000000,0.552932,1.232862,0.934599,0.000000
3043,0,keep/sharp,0.564450,0.000000,0.226310,0.523203,1.273251,0.000000
3044,0,keep/sharp,0.709573,0.000000,0.965919,0.000000,0.540183,0.000000
3045,0,keep/sharp,0.747683,0.000000,1.394503,1.156795,1.979478,0.000000
3046,0,keep/sharp,0.807154,0.000000,1.268878,0.426805,2.134169,0.000000
3047,0,keep/sharp,0.825734,0.000000,3.109030,1.314984,2.275977,0.000000
3048,0,keep/sharp,0.810867,0.000000,1.186905,0.575900,2.401291,0.000000
3049,0,keep/sharp,0.688514,0.000000,0.760033,1.542439,3.301168,0.000000
3050,0,keep/sharp,0.626048,0.000000,0.665784,0.294067,1.641868,0.000000
3051,0,keep/sharp,0.528876,0.000000,0.392173,0.000000,1.155124,0.000000
3052,0,keep/sharp,0.444516,0.000000,0.218879,0.000000,0.000000,0.000000
3053,0,keep/sharp,0.360330,0.000000,0.635025,0.275666,0.404868,0.000000
3054,0,keep/sharp,0.341126,0.000000,1.431200,1.385084,0.813521,0.000000
3055,0,keep/sharp,0.335885,0.000000,0.069502,0.266809,0.933558,0.000000
3056,0,keep/sharp,0.387815,0.000000,0.510998,0.619377,0.725950,0.000000
3057,0,keep/sharp,0.400429,0.000000,0.126477,0.785104,1.014601,0.000000
3058,0,keep/sharp,0.431212,0.000000,0.121934,0.062351,1.433184,0.000000
3059,0,keep/sharp,0.626520,0.000000,0.503782,0.485419,1.403323,0.000000
3060,0,keep/sharp,0.704582,0.000000,0.210267,0.687796,1.482421,0.000000
3061,0,keep/sharp,0.784515,0.000000,2.300390,0.186107,2.541467,0.049055
3062,0,keep/sharp,0.837706,0.000000,1.641715,2.906345,3.387489,0.091976
3063,1,small pool,0.985510,0.000000,1.241984,1.167010,2.295248,0.220743
3064,1,small pool,1.137408,0.000000,2.181844,0.601961,0.601191,0.245270
3065,1,small pool,1.064418,0.000000,1.098797,0.373498,1.344919,0.233007
3066,1,small pool,0.890055,0.000000,2.594748,1.593927,2.466119,0.300456
3067,1,small pool,0.865493,0.000000,2.722450,2.153370,1.120471,0.110370
3068,1,small pool,0.917571,0.000000,0.116279,2.022961,0.377020,0.484407
3069,1,small pool,1.000237,0.000000,0.012629,0.514981,1.683779,0.392431
3070,1,small pool,0.901300,0.000000,1.543970,0.692878,0.793139,0.600909
3071,0,keep/sharp,0.840125,0.000000,2.522890,1.300483,1.227035,0.846179
3072,1,small pool,0.862098,0.000000,1.631335,2.118538,1.116964,1.373507
3073,1,small pool,0.965425,0.000000,0.346250,2.038011,1.124603,1.655567
3074,1,small pool,1.011881,0.000000,1.829640,1.634975,0.854772,0.000000
3075,1,small pool,0.963506,0.000000,0.825517,1.380599,1.134499,0.171690
3076,1,small pool,0.875300,0.000000,1.716316,1.355509,1.866143,0.159425
3077,1,small pool,0.937388,0.000000,1.436540,1.885203,1.845066,0.000000
3078,1,small pool,0.993234,0.000000,1.110884,1.654945,0.754041,2.403636
3079,1,small pool,1.147894,0.000000,0.162714,1.157281,0.000000,5.040278
3080,1,small pool,1.244503,0.000000,2.173693,1.347860,0.319971,3.985621
3081,1,small pool,1.326603,0.241849,2.833251,1.938298,0.185297,0.416958
3082,1,small pool,1.340097,0.017540,4.450058,1.760725,0.123736,0.000000
3083,1,small pool,1.399869,0.091125,4.787951,0.893100,0.081840,0.410827
3084,1,small pool,1.413218,0.178874,4.699408,0.352880,0.000000,1.361242
3085,1,small pool,1.377585,0.000000,2.666230,0.468040,0.090140,1.465483
3086,1,small pool,1.291326,0.000000,1.448752,1.403048,0.654039,2.783804
3087,1,small pool,1.199721,0.000000,4.193861,0.006353,0.000000,0.000000
3088,1,small pool,1.102715,0.000000,3.554304,0.314124,0.000000,0.000000
3089,1,small pool,1.217890,0.000000,3.643080,0.000000,0.101008,0.833916
3090,1,small pool,1.299687,0.000000,1.905173,1.388361,0.232921,3.464424
3091,1,small pool,1.192610,0.000000,1.315189,0.951341,0.785986,5.316205
3092,1,small pool,1.203945,0.000000,2.839736,2.199015,1.030677,6.640656
3093,1,small pool,1.232899,0.000000,2.515316,1.660676,0.258754,7.437780
3094,1,small pool,1.228778,0.000000,0.277363,0.299897,0.000000,8.222642
3095,1,small pool,1.165580,0.000000,1.307728,1.823774,0.363826,9.007503
3096,1,small pool,0.958953,0.000000,0.546466,3.236676,0.869772,10.111215
3097,0,keep/sharp,0.830508,0.000000,0.243034,3.108772,1.564124,2.428164
3098,0,keep/sharp,0.791191,0.000000,0.569804,0.834150,0.570947,2.121580
3099,0,keep/sharp,0.743087,0.000000,0.216185,0.791744,0.238303,2.072525
3100,0,keep/sharp,0.640681,0.000000,0.307945,1.426257,1.195125,1.925365
3101,0,keep/sharp,0.590611,0.000000,0.177804,0.000000,1.131478,1.716887
3102,0,keep/sharp,0.557154,0.000000,0.983088,1.530193,1.626695,1.539065
3103,0,keep/sharp,0.571213,0.000000,1.246876,0.411893,0.972864,1.502273
3104,0,keep/sharp,0.559492,0.000000,0.339132,1.477260,1.682564,1.716885
3105,0,keep/sharp,0.601160,0.000000,0.064425,0.953446,0.000000,1.416430
3106,0,keep/sharp,0.670213,0.000000,0.093562,0.890111,1.519297,1.293795
3107,0,keep/sharp,0.749514,0.000000,1.390529,0.000000,0.600358,1.275399
3108,1,small pool,0.861968,0.000000,0.454813,0.813607,1.533707,1.287664
3109,1,small pool,0.868150,0.000000,2.204314,1.902930,1.946943,1.226346
3110,1,small pool,0.891186,0.000000,1.997349,1.260780,2.356672,0.895233
3111,1,small pool,0.933342,0.000000,3.729694,1.333422,0.132919,0.790994
3112,1,small pool,1.068585,0.000000,0.611605,0.000000,0.914773,0.889100
3113,1,small pool,1.006955,0.000000,0.949548,0.966278,0.767583,0.680622
3114,1,small pool,0.978177,0.000000,1.805112,0.996924,0.508203,0.441485
3115,1,small pool,0.997957,0.000000,3.531175,1.205007,1.294605,0.000000
3116,1,small pool,1.035918,0.000000,2.557245,0.000000,1.439816,0.000000
3117,1,small pool,1.006008,0.000000,1.855845,0.811427,2.240316,0.000000
3118,1,small pool,0.943996,0.000000,3.468142,1.338779,2.282192,0.000000
3119,1,small pool,0.850724,0.000000,1.009095,0.169040,2.162884,0.000000
3120,0,keep/sharp,0.753991,0.000000,0.695671,0.000000,1.733780,0.000000
3121,0,keep/sharp,0.635420,0.000000,0.678419,0.301641,1.260056,0.000000
3122,0,keep/sharp,0.479422,0.000000,2.115265,0.178022,1.394364,0.000000
3123,0,keep/sharp,0.482768,0.000000,0.491444,0.000000,1.133700,0.000000
3124,0,keep/sharp,0.482423,0.000000,0.271830,0.000000,0.903314,0.000000
3125,0,keep/sharp,0.555658,0.000000,0.343474,1.059811,1.765829,0.000000
3126,0,keep/sharp,0.551643,0.000000,0.609906,1.409065,1.115922,0.000000
3127,0,keep/sharp,0.667074,0.000000,0.454299,0.634159,1.174534,0.000000
3128,0,keep/sharp,0.785472,0.000000,1.790257,1.162687,1.081269,0.000000
3129,0,keep/sharp,0.778181,0.000000,2.053361,0.579575,0.583899,0.000000
3130,0,keep/sharp,0.728862,0.000000,0.988532,1.607568,3.635861,0.000000
3131,0,keep/sharp,0.712619,0.000000,1.852869,0.790224,2.276775,0.000000
3132,0,keep/sharp,0.649267,0.000000,0.018216,1.118450,2.073247,0.000000
3133,0,keep/sharp,0.689334,0.000000,0.451543,0.265339,0.744926,0.000000
3134,0,keep/sharp,0.614075,0.000000,0.792365,0.281621,0.000000,0.000000
3135,0,keep/sharp,0.567807,0.000000,0.395117,0.994183,1.298738,0.000000
3136,0,keep/sharp,0.622286,0.000000,1.932206,1.439463,1.657667,0.000000
3137,0,keep/sharp,0.654998,0.000000,0.209056,2.075783,0.401014,0.000000
3138,0,keep/sharp,0.696424,0.000000,1.437896,0.580434,1.034462,0.000000
3139,0,keep/sharp,0.708421,0.000000,0.412410,2.302477,2.062153,0.000000
3140,0,keep/sharp,0.743998,0.000000,0.460980,0.643359,1.935658,0.000000
3141,0,keep/sharp,0.839078,0.000000,0.436674,0.928618,2.149273,0.000000
3142,1,small pool,0.927609,0.000000,0.755149,0.650435,1.698675,0.000000
3143,1,small pool,0.861574,0.000000,2.031428,2.363546,1.782531,0.000000
3144,1,small pool,0.862488,0.000000,3.269471,0.000000,1.846855,0.000000
3145,1,small pool,0.883984,0.000000,2.090030,1.975659,1.956179,0.000000
3146,1,small pool,0.877274,0.000000,0.643363,0.191551,1.483532,0.000000
3147,0,keep/sharp,0.755046,0.000000,0.067879,1.876819,0.743103,0.000000
3148,0,keep/sharp,0.655186,0.000000,1.457305,0.505177,1.453462,0.214613
3149,0,keep/sharp,0.566451,0.000000,0.368615,1.299200,1.009115,0.257535
3150,0,keep/sharp,0.591783,0.000000,0.807586,0.505762,0.875189,0.827785
3151,0,keep/sharp,0.641116,0.000000,0.385501,1.014153,1.252417,0.864575
3152,0,keep/sharp,0.692250,0.000000,0.629026,1.371979,1.173006,1.171160
3153,0,keep/sharp,0.687809,0.000000,0.526125,0.554460,1.875692,1.735277
3154,0,keep/sharp,0.673143,0.000000,0.863510,1.384150,1.855587,1.471615
3155,0,keep/sharp,0.742896,0.000000,0.880627,2.425747,1.771350,1.735279
3156,0,keep/sharp,0.810633,0.000000,0.455347,0.000000,2.292123,1.735279
3157,1,small pool,0.908796,0.000000,0.112421,0.417897,1.598500,1.735279
3158,1,small pool,0.851644,0.000000,2.418964,0.180850,1.343009,1.471615
3159,0,keep/sharp,0.740240,0.000000,1.698704,1.644418,1.623917,1.741412
3160,0,keep/sharp,0.724194,0.000000,2.330288,1.406811,1.373374,1.747543
3161,0,keep/sharp,0.744415,0.000000,0.556762,0.709759,0.433028,1.753675
3162,0,keep/sharp,0.705270,0.000000,0.387568,0.408442,0.124794,2.023470
3163,0,keep/sharp,0.758657,0.000000,0.103398,0.305690,1.694647,1.759804
3164,0,keep/sharp,0.655641,0.000000,0.174802,0.770628,1.957464,1.765938
3165,0,keep/sharp,0.743425,0.000000,0.634373,1.004785,2.036563,1.765938
3166,0,keep/sharp,0.819533,0.000000,1.938601,1.464229,1.841073,10.816361
3167,1,small pool,1.011706,0.000000,0.440366,0.429757,2.029965,1.765938
3168,1,small pool,1.126646,0.000000,0.556013,1.061381,2.308442,10.552697
3169,1,small pool,1.184015,0.000000,0.189183,0.597178,2.240698,10.289036
3170,1,small pool,1.106690,0.000000,1.384075,2.730179,2.551294,9.491910
3171,1,small pool,1.186343,0.000000,1.198916,1.264916,2.512960,9.209851
3172,1,small pool,1.267344,0.000000,1.470116,0.618020,1.335648,8.664127
3173,1,small pool,1.266126,0.000000,1.649827,0.000000,0.760881,9.203720
3174,1,small pool,1.164075,0.000000,1.478676,0.752240,0.805326,8.676392
3175,1,small pool,1.060734,0.000000,3.470441,1.150167,1.596937,2.587589
3176,1,small pool,0.979555,0.000000,0.711160,1.417836,1.574402,2.581455
3177,1,small pool,0.935908,0.000000,1.712313,0.906530,1.351447,2.581455
3178,1,small pool,0.890722,0.000000,0.222391,1.285584,1.117415,2.845118
3179,0,keep/sharp,0.786561,0.000000,0.736414,0.061454,1.551450,3.114917
3180,0,keep/sharp,0.749614,0.000000,0.602635,0.816697,1.463324,3.102650
3181,0,keep/sharp,0.683639,0.000000,0.620134,0.905384,2.147155,3.102650
3182,0,keep/sharp,0.784962,0.000000,1.867000,0.000000,1.559714,3.096523
3183,0,keep/sharp,0.841049,0.000000,0.443945,0.093072,2.323547,3.096523
3184,0,keep/sharp,0.836330,0.000000,0.292697,0.654384,1.308043,3.360187
3185,1,small pool,0.879400,0.000000,2.808944,0.970065,0.822271,3.090388
3186,1,small pool,0.859589,0.000000,1.942778,0.147326,1.452247,3.347920
3187,0,keep/sharp,0.848762,0.000000,1.277050,0.000000,0.843452,3.341789
3188,1,small pool,0.917111,0.000000,1.970405,0.559331,1.846664,3.004545
3189,1,small pool,0.852589,0.000000,1.447535,0.039454,1.346377,3.262078
3190,1,small pool,0.861035,0.000000,0.106246,0.412902,1.937117,3.194629
3191,1,small pool,0.892578,0.000000,1.638429,0.242491,1.135367,6.812346
3192,1,small pool,0.871105,0.000000,0.415355,0.656221,1.916456,7.652394
3193,1,small pool,0.873009,0.000000,0.494134,1.222547,2.009340,7.443912
3194,1,small pool,0.935188,0.000000,0.954273,0.785976,2.117259,3.243680
3195,1,small pool,0.880752,0.000000,0.397911,1.220797,1.767600,7.026956
3196,1,small pool,0.860124,0.000000,0.928556,1.197220,0.841646,2.863516
3197,0,keep/sharp,0.827429,0.000000,1.614311,0.745824,1.093838,3.108786
3198,0,keep/sharp,0.831469,0.000000,0.364198,1.223344,0.896960,3.347920
3199,0,keep/sharp,0.804838,0.000000,0.570348,0.539324,1.137693,6.186913
3200,0,keep/sharp,0.839038,0.000000,0.115469,1.431029,1.170784,6.309544
3201,0,keep/sharp,0.782317,0.000000,1.191673,1.075794,0.945155,3.875253
3202,0,keep/sharp,0.829936,0.000000,1.896046,0.001520,0.015139,3.580928
3203,1,small pool,0.941306,0.000000,2.008107,1.005893,0.000000,3.820063
3204,1,small pool,1.002497,0.000000,0.836036,0.132065,0.747131,3.525742
3205,1,small pool,0.991142,0.000000,1.427063,1.059038,1.061650,3.752618
3206,1,small pool,0.989405,0.000000,1.143171,2.846678,2.953905,3.715826
3207,1,small pool,1.106067,0.000000,2.008038,0.535543,2.591468,3.672902
3208,1,small pool,1.246980,0.000000,0.622639,0.850482,2.270629,3.623847
3209,1,small pool,1.215596,0.000000,0.184757,1.454736,1.629542,3.679034
3210,1,small pool,1.129844,0.000000,3.187483,1.612277,1.752634,5.966168
3211,1,small pool,1.109062,0.000000,3.580064,0.606210,0.007535,5.929380
3212,1,small pool,1.234646,0.000000,0.351662,1.219707,0.815153,5.910982
3213,1,small pool,1.395075,0.000000,0.880396,1.201413,0.627476,6.162383
3214,1,small pool,1.410281,0.000000,1.671491,0.974026,0.399729,6.180777
3215,2,wide pool,1.472337,0.000000,3.672079,0.611492,0.976475,6.456704
3216,3,muted/repaired,1.588924,0.000000,3.174728,1.272727,2.445215,6.444443
3217,3,muted/repaired,1.682901,0.000000,3.221368,1.285048,2.822444,6.757158
3218,3,muted/repaired,1.750643,0.000000,2.782682,2.494789,1.880067,6.757160
3219,3,muted/repaired,1.733764,0.000000,2.145581,1.518084,2.174169,6.536420
3220,3,muted/repaired,1.684703,0.000000,2.909242,1.427279,1.948783,2.575324
3221,3,muted/repaired,1.568235,0.000000,3.030789,1.607406,1.180923,2.575324
3222,2,wide pool,1.479236,0.000000,3.851265,0.935930,0.551364,2.575324
3223,1,small pool,1.418658,0.000000,3.387861,1.102603,0.757513,3.053597
3224,1,small pool,1.337227,0.000000,2.264045,0.888516,0.804858,2.973888
3225,1,small pool,1.286988,0.000000,2.249753,1.427379,1.399225,3.452162
3226,1,small pool,1.191470,0.000000,1.696978,1.427590,1.053629,3.924304
3227,1,small pool,1.062928,0.000000,0.710882,2.073291,0.931995,4.402577
3228,1,small pool,1.015449,0.000000,0.919487,2.438753,1.419052,4.402579
3229,1,small pool,0.938548,0.000000,1.272457,0.408280,1.627702,4.929905
3230,1,small pool,0.898762,0.000000,1.076015,0.897174,0.604524,0.662228
3231,1,small pool,0.919023,0.000000,2.026734,0.327018,0.214240,1.686224
3232,1,small pool,0.883503,0.000000,1.642318,0.630652,0.691748,1.655567
3233,1,small pool,0.996901,0.000000,2.461876,0.000000,0.000000,2.422030
3234,1,small pool,1.076636,0.000000,2.529884,1.121664,0.000000,2.385242
3235,1,small pool,1.142541,0.000000,2.554491,0.121563,0.000000,2.894176
3236,1,small pool,1.241182,0.000000,5.111889,0.000000,0.000000,2.704088
3237,1,small pool,1.270108,0.000000,3.401053,0.000000,0.000000,2.808329
3238,1,small pool,1.195085,0.000000,2.047617,1.114040,1.292071,4.733690
3239,1,small pool,1.250626,0.000000,3.588770,0.982510,0.309971,2.765408
3240,1,small pool,1.208167,0.000000,1.400444,1.298353,1.188041,4.488422
3241,1,small pool,1.123016,0.000000,1.068863,0.391786,0.784666,2.268736
3242,1,small pool,1.125403,0.000000,2.810641,1.177001,0.801576,2.514007
3243,1,small pool,1.055358,0.000000,2.640406,1.322247,0.796541,4.353524
3244,1,small pool,1.038939,0.000000,0.916143,0.278868,0.174447,4.647849
3245,1,small pool,1.087454,0.000000,2.250275,1.338193,1.038455,3.433767
3246,1,small pool,0.953445,0.000000,2.217661,0.530192,0.000000,4.194103
3247,1,small pool,0.880726,0.000000,1.475044,1.264767,0.329103,3.936566
3248,1,small pool,0.867693,0.000000,1.451153,1.273599,0.422837,3.679034
3249,0,keep/sharp,0.815016,0.000000,0.094979,0.446301,0.769735,3.881380
3250,0,keep/sharp,0.833266,0.000000,1.065612,1.219208,1.010990,3.875253
3251,0,keep/sharp,0.757844,0.000000,0.273730,0.333383,1.372350,3.691300
3252,0,keep/sharp,0.727386,0.000000,0.985680,1.165329,1.071685,4.580398
3253,0,keep/sharp,0.777216,0.000000,1.974943,0.778551,1.039566,4.666241
3254,0,keep/sharp,0.724738,0.000000,0.543990,0.179990,0.021980,4.660110
3255,1,small pool,0.930202,0.000000,0.751207,1.107238,0.690290,3.844592
3256,1,small pool,1.022892,0.000000,0.342955,1.735161,0.476258,4.353526
3257,1,small pool,1.052912,0.000000,0.566699,0.504354,1.361655,1.925359
3258,1,small pool,1.127582,0.000000,3.407531,1.555432,1.226375,8.792893
3259,1,small pool,1.098972,0.000000,1.970554,2.636496,2.223372,2.213552
3260,1,small pool,1.164529,0.000000,1.721807,2.317614,2.567336,0.000000
3261,1,small pool,1.164871,0.000000,1.320830,1.086022,2.585114,0.159425
3262,1,small pool,0.966122,0.000000,0.807742,0.646585,1.242556,0.190086
3263,0,keep/sharp,0.801721,0.000000,2.446115,1.540508,0.859251,0.429225
3264,0,keep/sharp,0.763824,0.000000,0.826318,0.743731,0.928662,0.349509
3265,0,keep/sharp,0.808325,0.000000,0.876424,0.370931,1.290543,0.925888
3266,0,keep/sharp,0.816082,0.000000,0.176290,0.676521,1.367662,0.999472
3267,0,keep/sharp,0.788831,0.000000,1.742549,0.561660,2.117154,3.372450
3268,0,keep/sharp,0.832647,0.000000,1.867119,2.066165,1.408184,1.514534
3269,1,small pool,0.904675,0.000000,0.133990,1.096748,2.145315,1.306056
3270,1,small pool,0.943488,0.000000,1.464716,0.000000,1.474609,8.921659
3271,1,small pool,0.872178,0.000000,1.031937,0.114898,0.918592,8.982977
3272,0,keep/sharp,0.769572,0.000000,0.752431,1.025577,1.664786,9.056558
3273,0,keep/sharp,0.763189,0.000000,0.710519,0.176751,0.251011,8.915528
3274,0,keep/sharp,0.759091,0.000000,0.023778,0.817693,0.000000,9.019766
3275,0,keep/sharp,0.736048,0.000000,0.325871,0.171968,1.520443,4.770482
3276,0,keep/sharp,0.696097,0.000000,0.699895,0.229772,0.342054,5.046409
3277,0,keep/sharp,0.692052,0.000000,0.848850,1.079095,2.170801,4.825668
3278,0,keep/sharp,0.705630,0.000000,0.753299,0.000000,1.909269,4.629453
3279,0,keep/sharp,0.720510,0.000000,0.171906,1.132191,2.111946,4.463894
3280,0,keep/sharp,0.791596,0.000000,0.813102,0.149344,1.332453,4.322865
3281,0,keep/sharp,0.754717,0.000000,0.220172,1.027333,1.529575,4.089862
3282,0,keep/sharp,0.741054,0.000000,1.034436,0.551781,0.464626,3.323395
3283,0,keep/sharp,0.747869,0.000000,1.884619,0.768996,1.313391,2.949363
3284,0,keep/sharp,0.836094,0.000000,1.103986,0.769095,0.753971,2.845122
3285,1,small pool,0.860022,0.000000,0.413058,1.472837,1.066650,0.367907
3286,1,small pool,0.916503,0.000000,0.297294,1.006853,2.514974,4.224760
3287,1,small pool,0.910816,0.000000,0.258045,2.456157,3.440962,4.905380
3288,1,small pool,0.942243,0.000000,0.815923,0.497690,3.052275,2.422034
3289,1,small pool,1.032616,0.000000,1.137864,1.532859,1.946457,2.716355
3290,1,small pool,1.004072,0.000000,2.053842,0.734432,1.811212,0.061316
3291,1,small pool,0.968332,0.000000,0.723804,1.544980,1.886317,3.470556
3292,1,small pool,1.027975,0.000000,1.902030,0.793762,0.814059,7.382598
3293,1,small pool,1.008347,0.000000,0.558794,1.132851,0.955121,1.796596
3294,1,small pool,1.013440,0.000000,1.780985,0.474823,2.193788,2.170633
3295,1,small pool,0.915449,0.000000,2.096439,1.217863,2.000208,2.189027
3296,1,small pool,0.882840,0.000000,0.466433,1.859403,2.149412,2.207421
3297,1,small pool,0.948922,0.000000,0.079707,1.547285,2.761922,7.155722
3298,1,small pool,0.924299,0.000000,0.239246,0.076229,1.139186,1.011735
3299,1,small pool,0.894529,0.000000,0.565525,2.634827,1.620722,1.066921
3300,1,small pool,0.927720,0.000000,0.059500,2.698623,1.507213,5.929380
3301,1,small pool,0.957264,0.000000,1.166810,0.692692,0.618604,5.352997
3302,1,small pool,1.045368,0.000000,0.763575,1.149009,1.610340,7.523623
3303,1,small pool,1.011032,0.000000,0.590412,1.873630,1.325648,10.718254
3304,1,small pool,0.993954,0.000000,1.400879,1.857671,1.727044,4.218625
3305,1,small pool,0.932330,0.000000,0.291509,1.326844,2.626990,3.948829
3306,0,keep/sharp,0.828769,0.000000,0.505312,0.747294,2.142884,3.685165
3307,0,keep/sharp,0.778983,0.000000,0.915802,1.231230,2.008472,3.482820
3308,0,keep/sharp,0.671592,0.000000,0.134009,0.382168,1.270438,2.930964
3309,0,keep/sharp,0.645376,0.000000,0.226183,0.359296,0.444140,2.630510
3310,0,keep/sharp,0.575889,0.000000,1.217919,0.802856,1.100401,2.391371
3311,0,keep/sharp,0.662993,0.000000,0.352722,0.582465,1.479053,1.888573
3312,0,keep/sharp,0.728679,0.000000,0.884346,0.719675,1.499505,1.980547
3313,0,keep/sharp,0.744985,0.000000,0.219735,0.000000,1.229396,1.207950
3314,0,keep/sharp,0.739590,0.000000,2.688111,1.768473,2.394833,1.398032
3315,0,keep/sharp,0.793404,0.000000,0.234164,0.823941,1.921352,12.061102
3316,0,keep/sharp,0.794488,0.000000,0.805098,0.000000,1.033733,1.490011
3317,0,keep/sharp,0.847663,0.000000,0.141110,0.512776,1.762322,8.014166
3318,0,keep/sharp,0.696578,0.000000,0.603126,0.595097,1.401708,8.633469
3319,0,keep/sharp,0.618649,0.000000,1.757515,0.126783,0.662303,1.336715
3320,0,keep/sharp,0.684356,0.000000,1.227078,0.000000,1.869477,0.870704
3321,0,keep/sharp,0.645678,0.000000,0.873451,0.000000,1.810552,0.680622
3322,0,keep/sharp,0.643663,0.000000,0.393429,0.000000,1.406830,0.962680
3323,0,keep/sharp,0.667793,0.000000,0.586712,1.618382,2.775464,0.741940
3324,0,keep/sharp,0.603042,0.000000,0.690436,0.534938,1.203423,0.423089
3325,0,keep/sharp,0.602369,0.000000,2.311789,0.498487,0.365249,0.036790
3326,0,keep/sharp,0.626477,0.000000,2.391876,0.000000,1.202659,0.042921
3327,0,keep/sharp,0.552397,0.000000,0.474300,0.000000,0.379382,0.049053
3328,0,keep/sharp,0.519803,0.000000,0.841171,0.733553,0.770395,0.055184
3329,0,keep/sharp,0.474392,0.000000,0.753222,0.000000,2.259240,0.061318
3330,0,keep/sharp,0.392519,0.000000,0.487576,0.000000,1.960867,0.061318
3331,0,keep/sharp,0.425502,0.000000,0.283692,0.000000,1.484296,0.061318
3332,0,keep/sharp,0.447140,0.000000,0.707642,0.684482,1.506588,0.067449
3333,0,keep/sharp,0.458200,0.000000,0.125629,0.539336,1.284744,0.061316
3334,0,keep/sharp,0.573112,0.000000,0.356405,1.067223,0.643692,0.067451
3335,0,keep/sharp,0.652808,0.000000,0.407181,1.515891,1.716939,0.061320
3336,0,keep/sharp,0.618282,0.000000,1.495790,0.093471,0.812201,0.067451
3337,0,keep/sharp,0.619299,0.000000,2.812035,0.297436,2.139446,0.000000
3338,0,keep/sharp,0.613785,0.000000,1.875976,0.327391,1.445129,0.000000
3339,0,keep/sharp,0.592230,0.000000,0.272013,0.218211,1.500894,0.000000
3340,0,keep/sharp,0.550964,0.000000,0.636803,0.000000,1.037900,0.000000
3341,0,keep/sharp,0.400952,0.000000,0.976351,0.384647,0.000000,0.000000
3342,0,keep/sharp,0.318586,0.000000,1.205405,0.346962,0.566051,0.000000
3343,0,keep/sharp,0.389997,0.000000,0.740967,0.000000,0.554419,0.000000
3344,0,keep/sharp,0.403865,0.000000,0.081343,0.000000,0.855536,0.318848
3345,0,keep/sharp,0.514954,0.000000,0.267704,0.343412,0.765777,0.000000
3346,0,keep/sharp,0.581484,0.000000,0.945779,0.991692,2.507925,0.000000
3347,0,keep/sharp,0.634769,0.000000,0.383090,0.487736,1.608118,0.000000
3348,0,keep/sharp,0.681861,0.000000,3.632310,0.000000,0.324138,0.000000
3349,0,keep/sharp,0.744514,0.000000,2.538513,0.647071,0.452890,0.000000
3350,0,keep/sharp,0.786865,0.000000,0.864834,1.102030,1.322349,0.000000
3351,0,keep/sharp,0.823695,0.000000,1.527313,0.000000,0.000000,0.000000
3352,0,keep/sharp,0.817272,0.000000,0.676228,0.929527,2.290630,0.000000
3353,0,keep/sharp,0.833478,0.000000,2.439059,0.769619,1.527908,0.000000
3354,0,keep/sharp,0.820721,0.000000,0.355767,1.202478,2.516710,0.000000
3355,0,keep/sharp,0.837736,0.000000,1.459508,1.472164,2.863591,0.000000
3356,0,keep/sharp,0.793228,0.000000,1.719184,1.341183,2.242296,0.000000
3357,0,keep/sharp,0.657309,0.000000,0.712846,0.595782,1.898956,0.000000
3358,0,keep/sharp,0.626403,0.000000,0.954595,0.936777,0.754666,0.000000
3359,0,keep/sharp,0.594314,0.000000,1.217549,0.000000,0.000000,0.000000
3360,0,keep/sharp,0.471439,0.000000,0.311811,0.000000,0.505703,0.000000
3361,0,keep/sharp,0.408495,0.000000,0.693462,0.000000,2.046007,0.000000
3362,0,keep/sharp,0.425716,0.000000,0.594549,0.958753,3.045851,2.691828
3363,0,keep/sharp,0.463563,0.000000,0.091057,0.137509,1.487352,0.000000
3364,0,keep/sharp,0.460985,0.000000,0.096919,0.000000,0.910606,0.000000
3365,0,keep/sharp,0.445936,0.000000,1.976054,0.000000,0.837862,0.000000
3366,0,keep/sharp,0.417309,0.000000,1.478263,0.000000,1.534262,0.000000
3367,0,keep/sharp,0.470105,0.000000,0.052146,0.000000,1.026129,0.000000
3368,0,keep/sharp,0.509687,0.000000,0.709675,0.000000,1.126269,0.000000
3369,0,keep/sharp,0.484366,0.000000,0.329467,1.202154,2.736054,0.000000
3370,0,keep/sharp,0.422339,0.000000,0.747766,0.627550,1.864928,0.257531
3371,0,keep/sharp,0.477935,0.000000,0.887470,0.266572,0.596607,0.220743
3372,0,keep/sharp,0.459557,0.000000,1.048107,0.133211,1.421795,0.220741
3373,0,keep/sharp,0.497498,0.000000,0.266654,0.000000,1.046025,0.000000
3374,0,keep/sharp,0.497427,0.000000,1.246454,0.000000,1.183944,0.000000
3375,0,keep/sharp,0.505693,0.000000,0.071887,0.000000,1.635410,0.159425
3376,0,keep/sharp,0.485593,0.000000,1.582713,1.302626,1.527491,0.000000
3377,0,keep/sharp,0.516474,0.000000,1.322418,0.000000,1.634091,0.000000
3378,0,keep/sharp,0.468552,0.000000,1.210599,0.000000,0.796646,0.067449
3379,0,keep/sharp,0.483109,0.000000,1.262878,0.000000,0.000000,0.073580
3380,0,keep/sharp,0.393705,0.000000,1.071181,0.000000,0.769076,0.000000
3381,0,keep/sharp,0.361064,0.000000,0.154881,0.000000,1.208354,0.000000
3382,0,keep/sharp,0.342276,0.000000,0.511873,0.000000,1.414365,0.000000
3383,0,keep/sharp,0.309581,0.000000,0.741081,0.001071,0.872654,0.000000
3384,0,keep/sharp,0.299897,0.000000,0.406291,0.011810,2.075070,0.000000
3385,0,keep/sharp,0.354384,0.000000,0.789062,0.000000,0.817722,0.000000
3386,0,keep/sharp,0.391760,0.000000,0.519960,0.000000,0.042709,0.000000
3387,0,keep/sharp,0.425786,0.000000,1.150196,0.000000,0.000000,0.000000
3388,0,keep/sharp,0.433329,0.000000,1.779810,0.000000,0.000000,0.453748
3389,0,keep/sharp,0.460685,0.000000,1.357009,0.000000,1.411378,0.000000
3390,0,keep/sharp,0.482510,0.000000,0.681133,1.190923,0.830952,0.000000
3391,0,keep/sharp,0.469858,0.000000,0.469319,0.000000,2.287053,0.208476
3392,0,keep/sharp,0.510030,0.000000,0.485662,0.481407,2.212503,0.245268
3393,0,keep/sharp,0.478650,0.000000,0.371363,0.000000,1.699682,0.000000
3394,0,keep/sharp,0.451663,0.000000,0.410156,0.064183,1.056095,0.000000
3395,0,keep/sharp,0.458994,0.000000,1.950759,0.000000,2.072917,0.042923
3396,0,keep/sharp,0.424788,0.000000,0.424298,0.332711,1.255195,0.300456
3397,0,keep/sharp,0.448241,0.000000,0.555945,0.000000,1.622979,0.337246
3398,0,keep/sharp,0.491417,0.000000,0.771838,0.000000,1.879511,0.337244
3399,0,keep/sharp,0.462996,0.000000,0.234776,0.178271,1.492595,0.073580
3400,0,keep/sharp,0.433906,0.000000,1.302625,0.000000,0.661991,0.000000
3401,0,keep/sharp,0.480978,0.000000,1.013271,0.995167,0.309866,0.000000
3402,0,keep/sharp,0.476637,0.000000,1.702828,0.000000,1.073386,0.000000
3403,0,keep/sharp,0.503993,0.000000,0.152428,0.025152,0.949634,0.000000
3404,0,keep/sharp,0.499554,0.000000,1.096258,0.584608,2.041806,0.000000
3405,0,keep/sharp,0.505618,0.000000,0.790126,0.000000,1.719578,0.000000
3406,0,keep/sharp,0.529720,0.000000,0.354108,0.754171,1.754891,0.000000
3407,0,keep/sharp,0.617364,0.000000,0.346694,0.829105,1.352523,0.000000
3408,0,keep/sharp,0.547538,0.000000,1.152169,0.447559,1.308703,0.000000
3409,0,keep/sharp,0.512523,0.000000,1.579020,0.676073,1.559749,0.000000
3410,0,keep/sharp,0.508378,0.000000,2.061605,0.000000,1.176235,0.000000
3411,0,keep/sharp,0.486367,0.000000,0.186608,0.000000,1.390336,0.000000
3412,0,keep/sharp,0.451217,0.000000,0.415541,0.000000,0.644699,0.000000
3413,0,keep/sharp,0.347874,0.000000,1.119289,0.000000,0.919078,0.000000
3414,0,keep/sharp,0.253276,0.000000,0.282708,0.173326,1.436101,0.000000
3415,0,keep/sharp,0.257434,0.000000,0.806569,0.000000,0.971614,0.000000
3416,0,keep/sharp,0.261435,0.000000,0.239976,0.000000,0.204483,0.061318
3417,0,keep/sharp,0.333686,0.000000,0.099148,0.000000,0.717512,0.024527
3418,0,keep/sharp,0.348252,0.000000,0.397050,0.000000,0.987031,0.245268
3419,0,keep/sharp,0.367307,0.000000,0.026196,0.066101,1.543013,0.527328
3420,0,keep/sharp,0.393436,0.000000,1.979310,0.566793,1.535651,0.809389
3421,0,keep/sharp,0.490036,0.000000,0.047391,0.339575,2.266983,0.772598
3422,0,keep/sharp,0.487132,0.000000,0.693682,0.374532,1.120922,1.361244
3423,0,keep/sharp,0.540795,0.000000,0.306562,0.247998,0.534801,1.422560
3424,0,keep/sharp,0.499119,0.000000,1.471893,0.553289,1.081633,1.729147
3425,0,keep/sharp,0.531235,0.000000,0.266305,0.000000,0.539697,1.723014
3426,0,keep/sharp,0.566574,0.000000,0.757709,0.651867,1.214049,1.716881
3427,0,keep/sharp,0.596383,0.000000,0.820163,0.454561,1.929200,1.710751
3428,0,keep/sharp,0.585320,0.000000,0.882382,0.502523,1.296272,1.704620
3429,0,keep/sharp,0.638853,0.000000,0.968345,0.775349,1.599993,1.692357
3430,0,keep/sharp,0.648719,0.000000,0.234316,0.864796,1.219639,1.686226
3431,0,keep/sharp,0.658256,0.000000,1.610057,0.000000,1.001753,1.949890
3432,0,keep/sharp,0.702044,0.000000,1.503131,0.000000,0.485217,1.680093
3433,0,keep/sharp,0.753990,0.000000,1.516636,0.000000,1.041997,1.673959
3434,0,keep/sharp,0.764065,0.000000,1.622534,0.000000,1.151548,1.937623
3435,0,keep/sharp,0.708095,0.000000,1.037427,0.000000,1.748259,10.056028
3436,0,keep/sharp,0.706080,0.000000,1.777231,0.000000,1.333842,10.068291
3437,0,keep/sharp,0.746571,0.000000,0.443732,0.000000,0.221080,9.755571
3438,0,keep/sharp,0.778229,0.000000,0.339209,0.000000,0.631539,2.881914
3439,0,keep/sharp,0.719279,0.000000,1.305251,0.000000,0.383201,2.869649
3440,0,keep/sharp,0.680565,0.000000,1.245423,0.041833,1.392072,9.455119
3441,0,keep/sharp,0.695370,0.000000,1.569444,0.000000,0.609420,9.461253
3442,0,keep/sharp,0.735396,0.000000,0.764054,0.000000,1.025643,3.176233
3443,0,keep/sharp,0.697278,0.000000,0.361049,0.488770,1.837879,9.081085
3444,0,keep/sharp,0.620124,0.000000,0.755508,0.052435,0.183198,8.749972
3445,0,keep/sharp,0.547578,0.000000,0.653157,0.000000,0.062883,7.903795
3446,0,keep/sharp,0.552489,0.000000,0.124318,0.000000,0.543586,4.470026
3447,0,keep/sharp,0.545092,0.000000,0.570276,0.027370,0.000000,4.788876
3448,0,keep/sharp,0.519902,0.000000,0.026702,0.000000,1.565582,5.113858
3449,0,keep/sharp,0.522375,0.000000,0.241038,0.192498,1.367558,5.438839
3450,0,keep/sharp,0.643795,0.000000,0.387789,0.868770,1.710342,5.432708
3451,0,keep/sharp,0.669860,0.000000,0.113786,0.346688,0.878835,5.487895
3452,0,keep/sharp,0.736068,0.000000,0.387169,0.039591,1.695411,5.806745
3453,0,keep/sharp,0.742327,0.000000,2.396060,0.152309,0.676331,6.395391
3454,0,keep/sharp,0.722069,0.000000,0.612610,0.000000,0.656435,6.720372
3455,0,keep/sharp,0.795785,0.000000,1.013459,0.274408,1.683154,6.775555
3456,1,small pool,0.856660,0.000000,0.396927,0.370769,1.097658,5.211967
3457,0,keep/sharp,0.783963,0.000000,0.148742,0.088226,1.767253,7.376463
3458,1,small pool,0.877464,0.000000,1.572392,0.425870,1.357697,5.267154
3459,1,small pool,0.877022,0.000000,1.303657,1.038084,1.165784,5.524687
3460,1,small pool,0.937725,0.000000,0.690525,0.114300,0.497474,7.388730
3461,1,small pool,0.921238,0.000000,1.741393,0.543796,1.919165,7.388726
3462,1,small pool,0.919751,0.000000,0.836046,0.279292,1.986666,7.063748
3463,0,keep/sharp,0.843338,0.000000,1.156494,0.841587,1.797948,5.248756
3464,1,small pool,0.870508,0.000000,0.153021,0.242622,1.428636,5.175176
3465,0,keep/sharp,0.802134,0.000000,1.567938,0.567466,1.061164,5.175176
3466,0,keep/sharp,0.830859,0.000000,0.484901,0.000000,0.984704,4.905380
3467,0,keep/sharp,0.781855,0.000000,1.433145,0.048224,1.330040,4.880855
3468,0,keep/sharp,0.799381,0.000000,0.593278,0.708737,1.782253,4.537479
3469,0,keep/sharp,0.741166,0.000000,1.276065,0.566706,3.084497,4.457767
3470,0,keep/sharp,0.744449,0.000000,0.776275,0.000000,1.937186,4.114388
3471,0,keep/sharp,0.718830,0.000000,0.371269,0.378618,0.460841,8.811288
3472,0,keep/sharp,0.676647,0.000000,0.922418,0.000000,1.211201,3.163972
3473,0,keep/sharp,0.582168,0.000000,0.713291,0.023022,1.410128,2.826727
3474,0,keep/sharp,0.566990,0.000000,1.453883,0.000000,0.866855,2.489483
3475,0,keep/sharp,0.527796,0.000000,0.148654,0.356244,2.002951,2.409768
3476,0,keep/sharp,0.529508,0.000000,0.005262,0.361962,2.337749,1.802728
3477,0,keep/sharp,0.583112,0.000000,0.682281,0.000000,2.288477,1.729147
3478,0,keep/sharp,0.557741,0.000000,0.436824,0.000000,1.317280,1.716885
3479,0,keep/sharp,0.652986,0.000000,0.080641,0.365574,0.800430,11.208790
3480,0,keep/sharp,0.690704,0.000000,1.864938,0.751430,0.837132,1.361242
3481,0,keep/sharp,0.723235,0.000000,0.592489,0.247362,1.631313,1.355111
3482,0,keep/sharp,0.753061,0.000000,0.809349,0.960248,2.415493,11.564433
3483,0,keep/sharp,0.759239,0.000000,0.512715,0.001458,1.305786,11.907808
3484,0,keep/sharp,0.755060,0.000000,1.366012,0.409476,2.108543,0.674491
3485,0,keep/sharp,0.749897,0.000000,1.007508,0.047938,1.684057,1.263137
3486,0,keep/sharp,0.672374,0.000000,1.427140,0.247474,0.818313,0.993341
3487,0,keep/sharp,0.713516,0.000000,2.145072,0.000000,1.293251,1.250874
3488,0,keep/sharp,0.702235,0.000000,0.602214,0.413462,0.939183,1.502275
3489,0,keep/sharp,0.686288,0.000000,0.491434,0.383800,2.481362,1.496140
3490,0,keep/sharp,0.662991,0.000000,1.321887,0.805933,2.850448,1.496144
3491,0,keep/sharp,0.686631,0.000000,1.392548,0.000000,1.787739,1.502271
3492,0,keep/sharp,0.789442,0.000000,0.781685,0.000000,1.322905,1.508407
3493,0,keep/sharp,0.849923,0.000000,0.520554,0.106963,1.933714,1.293793
3494,0,keep/sharp,0.757891,0.000000,1.584125,1.162451,1.926353,1.404166
3495,0,keep/sharp,0.762367,0.000000,1.897328,1.081276,2.361325,1.514538
3496,0,keep/sharp,0.791279,0.000000,2.341410,0.246415,1.428531,1.624906
3497,1,small pool,0.880787,0.000000,0.359814,0.000000,1.342662,1.741410
3498,0,keep/sharp,0.791642,0.000000,0.721830,1.224989,1.390076,1.851782
3499,0,keep/sharp,0.673055,0.000000,1.219457,0.334417,1.076338,1.962151
3500,0,keep/sharp,0.571738,0.000000,2.274314,0.976817,0.705290,2.072523
3501,0,keep/sharp,0.608430,0.000000,0.595067,0.251847,0.874112,1.588118
3502,0,keep/sharp,0.639482,0.000000,0.268849,0.225661,1.142589,1.698491
3503,0,keep/sharp,0.644574,0.000000,0.584665,0.114923,0.221045,1.808859
3504,0,keep/sharp,0.574856,0.000000,0.385081,0.844253,1.869963,1.741410
3505,0,keep/sharp,0.637957,0.000000,1.158424,0.737340,0.405840,11.699330
3506,0,keep/sharp,0.713188,0.000000,0.510403,0.153854,1.020365,11.699330
3507,0,keep/sharp,0.727484,0.000000,1.311880,0.000000,1.298772,1.152764
3508,0,keep/sharp,0.703430,0.000000,2.015321,0.509350,0.592788,1.158896
3509,0,keep/sharp,0.620677,0.000000,1.834758,0.557649,1.089185,1.189556
3510,0,keep/sharp,0.615198,0.000000,0.456832,0.697712,0.541606,1.269268
3511,0,keep/sharp,0.618563,0.000000,0.874948,0.380835,0.211844,1.355111
3512,0,keep/sharp,0.620644,0.000000,0.623321,0.006042,0.927308,1.698487
3513,0,keep/sharp,0.611488,0.000000,0.880441,0.623588,1.366169,2.041866
3514,0,keep/sharp,0.636923,0.000000,0.779965,0.513000,2.115227,0.705148
3515,0,keep/sharp,0.671958,0.000000,2.196927,0.309383,0.943766,0.361772
3516,0,keep/sharp,0.644900,0.000000,1.457193,0.429495,2.112884,0.355640
3517,0,keep/sharp,0.599361,0.000000,0.551853,1.031170,1.692251,0.012261
3518,0,keep/sharp,0.682416,0.000000,0.975204,0.870427,1.663588,0.000000
3519,0,keep/sharp,0.705492,0.000000,0.085320,0.000000,1.457525,0.000000
3520,0,keep/sharp,0.685453,0.000000,0.089100,0.764498,1.346516,0.000000
3521,0,keep/sharp,0.738794,0.000000,1.613264,1.287340,3.681556,0.000000
3522,0,keep/sharp,0.788625,0.000000,1.046190,1.562521,3.115956,0.000000
3523,1,small pool,0.973427,0.000000,1.369908,0.000000,2.018160,0.208480
3524,1,small pool,1.079682,0.000000,1.774086,0.750957,2.029757,0.324980
3525,1,small pool,1.035751,0.000000,0.996225,1.232812,1.690289,5.187438
3526,1,small pool,1.011256,0.000000,2.804154,0.666306,1.779926,5.310073
3527,1,small pool,1.059722,0.000000,1.563002,0.148572,2.745742,5.089333
3528,1,small pool,1.040265,0.000000,1.105954,0.534328,1.781454,4.868592
3529,1,small pool,1.096296,0.000000,0.545697,1.080603,1.804267,4.942172
3530,1,small pool,1.042704,0.000000,1.547758,0.715078,1.291619,4.488424
3531,1,small pool,1.006460,0.000000,0.617408,0.810904,1.115887,6.701974
3532,1,small pool,0.997599,0.000000,1.937857,1.526854,1.292175,6.855270
3533,1,small pool,1.127296,0.000000,1.299177,1.141322,1.180194,6.487365
3534,1,small pool,1.052485,0.000000,0.163366,1.072717,2.013889,6.383124
3535,1,small pool,0.991196,0.000000,1.074954,0.145071,1.470685,6.278887
3536,1,small pool,0.919147,0.000000,3.108013,1.432474,1.545964,6.285018
3537,1,small pool,0.906088,0.000000,0.429325,0.022848,0.225021,6.554814
3538,1,small pool,0.878598,0.000000,0.102629,0.000000,0.615254,6.082672
3539,0,keep/sharp,0.824470,0.000000,0.576547,1.189347,1.633570,5.874194
3540,0,keep/sharp,0.666211,0.000000,1.404369,0.514246,1.638674,5.665712
3541,0,keep/sharp,0.651326,0.000000,0.812631,0.000000,1.088040,5.451102
3542,0,keep/sharp,0.727236,0.000000,0.906825,0.000000,0.546433,2.599851
3543,0,keep/sharp,0.649747,0.000000,1.636129,0.000000,0.188823,2.814461
3544,0,keep/sharp,0.605667,0.000000,0.100493,0.000000,0.976267,4.807274
3545,0,keep/sharp,0.593217,0.000000,1.118314,1.220205,1.365336,3.243683
3546,0,keep/sharp,0.568237,0.000000,0.099093,0.000000,1.533880,3.458293
3547,0,keep/sharp,0.532154,0.000000,1.283651,0.000000,1.106338,3.783274
3548,0,keep/sharp,0.638927,0.000000,0.246936,1.298253,0.000000,4.114388
3549,0,keep/sharp,0.570468,0.000000,0.026402,0.000000,0.597232,4.439367
3550,0,keep/sharp,0.603091,0.000000,0.079499,0.756600,0.610879,3.071994
3551,0,keep/sharp,0.603820,0.000000,1.447209,1.539337,1.759440,2.753145
3552,0,keep/sharp,0.566035,0.000000,0.434140,0.247013,1.255681,2.446558
3553,0,keep/sharp,0.689249,0.000000,0.649628,0.000000,1.212417,5.383656
3554,0,keep/sharp,0.742317,0.000000,0.940342,0.307484,0.810292,5.371391
3555,0,keep/sharp,0.701577,0.000000,0.022501,0.000000,0.234622,5.365259
3556,0,keep/sharp,0.709095,0.000000,0.910982,1.947006,1.549367,5.352997
3557,0,keep/sharp,0.669334,0.000000,0.532313,0.474443,2.106147,5.346863
3558,0,keep/sharp,0.614682,0.000000,0.653698,1.173974,1.024497,5.340732
3559,0,keep/sharp,0.665123,0.000000,0.588328,0.164717,1.674195,1.900835
3560,0,keep/sharp,0.643480,0.000000,0.461625,0.000000,0.829875,1.900835
3561,0,keep/sharp,0.601977,0.000000,0.042459,0.280039,1.435650,1.906967
3562,0,keep/sharp,0.570381,0.000000,1.216361,0.218136,1.024045,2.170631
3563,0,keep/sharp,0.539456,0.000000,2.458161,0.224502,0.881196,1.913098
3564,0,keep/sharp,0.527078,0.000000,0.152785,0.831440,1.528672,1.704620
3565,0,keep/sharp,0.516926,0.000000,1.297897,0.000000,1.273945,1.490009
3566,0,keep/sharp,0.582952,0.000000,0.390348,0.292771,0.315561,1.496140
3567,0,keep/sharp,0.509142,0.000000,0.039115,0.218510,1.056789,1.281529
3568,0,keep/sharp,0.520306,0.000000,0.075307,0.398164,0.889460,1.073051
3569,0,keep/sharp,0.535871,0.000000,2.742056,0.285309,1.247903,1.122105
3570,0,keep/sharp,0.592410,0.000000,0.336897,0.198191,2.630115,0.649961
3571,0,keep/sharp,0.606704,0.000000,0.524694,0.522306,2.312158,0.441483
3572,0,keep/sharp,0.683716,0.000000,1.300412,0.913967,0.931613,0.453748
3573,0,keep/sharp,0.585805,0.000000,1.313465,0.512240,1.145957,0.729675
3574,0,keep/sharp,0.616480,0.000000,0.745408,0.000000,0.801298,0.478276
3575,0,keep/sharp,0.566279,0.000000,1.774071,0.475552,1.186166,0.269796
3576,0,keep/sharp,0.567433,0.000000,0.027259,1.106727,1.485685,0.061318
3577,0,keep/sharp,0.501743,0.000000,0.596375,1.668076,1.325231,0.000000
3578,0,keep/sharp,0.557346,0.000000,0.524590,0.136326,0.275595,0.000000
3579,0,keep/sharp,0.541090,0.000000,1.397510,1.038446,0.708936,0.000000
3580,0,keep/sharp,0.525087,0.000000,0.236347,0.349305,0.699387,0.000000
3581,0,keep/sharp,0.514943,0.000000,0.652926,1.235728,2.217469,0.000000
3582,0,keep/sharp,0.506337,0.000000,0.588816,1.185635,2.110418,0.000000
3583,0,keep/sharp,0.486756,0.000000,0.024985,0.407345,1.865796,0.000000
3584,0,keep/sharp,0.547092,0.000000,0.706884,1.534154,0.693554,0.000000
3585,0,keep/sharp,0.490364,0.000000,0.148993,0.309776,0.425841,0.000000
3586,0,keep/sharp,0.467665,0.000000,1.018386,0.591173,1.366135,0.000000
3587,0,keep/sharp,0.471271,0.000000,0.406560,1.249269,2.129307,0.000000
3588,0,keep/sharp,0.412565,0.000000,0.492692,0.106016,1.393461,0.000000
3589,0,keep/sharp,0.471313,0.000000,1.059358,0.727972,0.409799,0.000000
3590,0,keep/sharp,0.464782,0.000000,0.548212,0.025999,1.336690,0.208480
3591,0,keep/sharp,0.456792,0.000000,0.201854,0.236474,0.848070,0.251403
3592,0,keep/sharp,0.472030,0.000000,1.051478,0.243002,1.416413,0.545726
3593,0,keep/sharp,0.461027,0.000000,1.193928,0.000000,1.393218,0.533462
3594,0,keep/sharp,0.532867,0.000000,0.344020,1.341955,1.437664,0.521199
3595,0,keep/sharp,0.546753,0.000000,1.035104,0.000000,0.858348,0.521197
3596,0,keep/sharp,0.547799,0.000000,0.831498,0.566494,0.440563,0.508934
3597,0,keep/sharp,0.518814,0.000000,1.140648,1.779947,0.656157,0.508934
3598,0,keep/sharp,0.497582,0.000000,0.576418,0.083928,0.862827,0.508932
3599,0,keep/sharp,0.497220,0.000000,0.508091,0.730339,2.003055,0.508932
3600,0,keep/sharp,0.491839,0.000000,0.336857,0.000000,1.924200,0.515066
3601,0,keep/sharp,0.473854,0.000000,0.484217,0.562209,1.263945,0.527328
3602,0,keep/sharp,0.474723,0.000000,0.327071,0.874090,1.058699,0.533462
3603,0,keep/sharp,0.471971,0.000000,0.080172,0.814155,1.485789,0.815520
3604,0,keep/sharp,0.556258,0.000000,0.393742,1.399623,2.210802,0.564120
3605,0,keep/sharp,0.626614,0.000000,0.080972,0.271717,1.818469,0.582514
3606,0,keep/sharp,0.720413,0.000000,0.232278,1.159810,1.622076,0.858441
3607,1,small pool,0.874762,0.000000,1.362884,1.951528,0.579350,0.594779
3608,1,small pool,0.875753,0.000000,1.374385,0.517448,0.467890,6.965641
3609,1,small pool,0.939487,0.000000,0.712556,1.761547,1.342349,6.689710
3610,1,small pool,0.979271,0.000000,1.471497,2.196711,1.808191,6.941111
3611,1,small pool,0.991730,0.000000,0.027694,0.913706,1.006823,10.098949
3612,1,small pool,0.915264,0.000000,0.173078,1.259335,0.397090,10.350351
3613,1,small pool,0.883438,0.000000,0.442889,0.888317,0.920814,10.080556
3614,0,keep/sharp,0.772844,0.000000,1.592699,1.469262,1.241445,1.447087
3615,0,keep/sharp,0.734965,0.000000,0.327985,0.436260,1.084706,1.624906
3616,0,keep/sharp,0.848971,0.000000,0.518587,2.061357,1.624299,1.440954
3617,1,small pool,0.877575,0.000000,1.192302,0.765732,0.852758,1.778198
3618,0,keep/sharp,0.830473,0.000000,1.100812,0.000000,0.522474,1.226346
3619,1,small pool,1.014711,0.000000,2.311482,2.628635,1.842914,1.207948
3620,1,small pool,0.937447,0.000000,1.701687,1.428226,1.302870,0.907498
3621,1,small pool,1.038233,0.000000,1.141743,0.781167,1.162971,0.864575
3622,1,small pool,1.165566,0.000000,4.203508,1.045223,0.987309,0.944286
3623,1,small pool,1.081739,0.000000,0.408247,0.629107,0.000000,1.508405
3624,1,small pool,1.060158,0.000000,2.856141,1.141422,1.862428,1.496142
3625,1,small pool,1.019225,0.000000,2.302335,1.951329,1.059358,1.729147
3626,1,small pool,0.896191,0.000000,1.786486,0.395722,2.111668,1.906969
3627,1,small pool,1.054515,0.000000,2.056636,0.313445,0.698172,2.041864
3628,1,small pool,1.059333,0.000000,0.493519,0.000000,1.240612,2.403636
3629,1,small pool,1.069770,0.000000,1.765709,0.405875,0.822792,2.041866
3630,1,small pool,1.063428,0.000000,3.576787,1.040701,0.213823,1.704620
3631,1,small pool,0.983502,0.000000,2.242770,1.904538,2.382645,1.367378
3632,1,small pool,1.044160,0.000000,2.874621,1.298727,1.682564,1.017869
3633,1,small pool,1.083426,0.000000,2.161631,0.804513,0.575010,0.582516
3634,1,small pool,1.038995,0.000000,0.475252,0.717856,0.171635,0.141031
3635,1,small pool,0.933831,0.000000,0.655564,2.544632,0.696783,0.000000
3636,0,keep/sharp,0.806000,0.000000,0.362899,1.975148,2.133127,6.186909
3637,0,keep/sharp,0.781422,0.000000,0.721550,2.711442,1.756176,2.133841
3638,0,keep/sharp,0.804076,0.000000,0.797524,1.738425,0.000000,2.054127
3639,0,keep/sharp,0.773504,0.000000,0.572221,1.487326,0.032223,0.527328
3640,0,keep/sharp,0.725938,0.000000,0.322652,2.994334,0.000000,0.288192
3641,0,keep/sharp,0.705023,0.000000,0.360753,1.340847,0.243060,1.109843
3642,0,keep/sharp,0.720526,0.000000,0.789944,1.066937,0.690324,1.404168
3643,0,keep/sharp,0.773654,0.000000,0.004969,1.717484,0.000000,13.502058
3644,1,small pool,0.877359,0.000000,0.676668,1.733928,0.000000,11.588958
3645,1,small pool,0.910362,0.000000,0.151116,1.633231,0.289623,9.602280
3646,1,small pool,0.955805,0.000000,0.938186,0.836019,0.266393,8.664127
3647,1,small pool,1.019664,0.000000,1.658268,2.231181,1.346273,6.652919
3648,1,small pool,1.135101,0.000000,0.159394,1.346403,1.101859,4.893115
3649,1,small pool,1.211532,0.000000,2.293819,0.375902,0.000000,3.139442
3650,1,small pool,1.244420,0.000000,2.396783,1.148660,0.486561,3.446030
3651,1,small pool,1.163306,0.000000,3.861999,1.311185,0.784145,4.390316
3652,1,small pool,1.251975,0.000000,2.435617,1.314548,0.878522,4.525212
3653,1,small pool,1.223078,0.038741,1.995513,0.618518,1.152116,4.647847
3654,1,small pool,1.223988,0.000000,2.105231,0.000000,0.224943,5.034146
3655,1,small pool,1.079801,0.172386,2.763086,0.786212,0.146612,4.886984
3656,1,small pool,0.980476,0.000000,1.177333,0.546125,0.000000,5.267150
3657,1,small pool,0.892255,0.000000,2.271358,0.664113,0.829667,5.659585
3658,0,keep/sharp,0.834907,0.000000,1.193174,0.268628,0.560773,5.874192
3659,0,keep/sharp,0.715525,0.000000,1.175039,0.032017,0.000000,6.186911
3660,0,keep/sharp,0.658504,0.000000,1.300963,0.349367,0.000000,0.784859
3661,0,keep/sharp,0.552991,0.000000,0.423887,1.435015,0.000000,1.655565
3662,0,keep/sharp,0.542652,0.000000,0.570273,1.054541,0.000000,1.974414
3663,0,keep/sharp,0.506534,0.000000,0.199819,0.636706,0.295074,2.238080
3664,0,keep/sharp,0.514547,0.000000,0.225565,0.969841,0.487578,3.047468
3665,0,keep/sharp,0.479955,0.000000,0.421897,1.647284,0.000000,4.488422
3666,0,keep/sharp,0.489353,0.000000,0.052854,1.425647,0.000000,1.956019
3667,0,keep/sharp,0.472400,0.000000,0.698149,1.371518,0.000000,1.146633
3668,0,keep/sharp,0.468326,0.000000,0.075335,0.369436,1.485060,0.098110
3669,0,keep/sharp,0.403907,0.000000,1.764057,0.056347,0.116981,0.000000
3670,0,keep/sharp,0.410820,0.000000,0.744076,0.000000,0.000000,0.000000
3671,0,keep/sharp,0.420302,0.000000,0.488660,0.148721,0.000000,5.628923
3672,0,keep/sharp,0.411511,0.000000,0.834553,0.000000,0.000000,0.159425
3673,0,keep/sharp,0.374885,0.000000,0.305202,0.911139,1.077866,1.036261
3674,0,keep/sharp,0.362973,0.000000,0.403387,1.151388,1.506068,1.655567
3675,0,keep/sharp,0.361811,0.000000,0.122018,0.153817,0.552058,1.765938
3676,0,keep/sharp,0.408657,0.000000,0.500081,0.000000,0.452265,2.152237
3677,0,keep/sharp,0.409888,0.000000,0.108173,0.000000,0.000000,2.274870
3678,0,keep/sharp,0.361808,0.000000,0.042277,1.239639,0.536537,2.146103
3679,0,keep/sharp,0.386083,0.000000,0.607441,0.981077,0.631678,2.293264
3680,0,keep/sharp,0.440988,0.000000,0.135671,1.173040,0.517266,2.452691
3681,0,keep/sharp,0.444912,0.000000,0.197468,0.692816,0.000000,1.833386
3682,0,keep/sharp,0.390026,0.000000,0.165908,1.166624,0.194603,1.293793
3683,0,keep/sharp,0.333110,0.000000,1.503163,1.069378,0.000000,0.000000
3684,0,keep/sharp,0.324153,0.000000,0.090121,0.664537,0.000000,0.012265
3685,0,keep/sharp,0.336632,0.000000,0.005665,0.325273,0.000000,0.000000
3686,0,keep/sharp,0.362615,0.000000,0.182311,0.245008,0.714804,0.000000
3687,0,keep/sharp,0.352041,0.000000,0.892048,0.265389,0.655220,0.171688
3688,0,keep/sharp,0.388942,0.000000,0.452437,0.955153,0.224483,0.306586
3689,0,keep/sharp,0.478856,0.000000,0.105248,1.601676,1.529262,0.190082
3690,0,keep/sharp,0.473078,0.000000,0.081384,2.023759,1.306446,0.000000
3691,0,keep/sharp,0.472984,0.000000,0.018295,1.093011,1.557648,0.000000
3692,0,keep/sharp,0.477007,0.000000,1.631064,0.895854,0.000000,0.000000
3693,0,keep/sharp,0.456940,0.000000,0.397587,0.000000,0.270803,0.000000
3694,0,keep/sharp,0.431577,0.000000,0.457651,0.916982,0.648865,0.000000
3695,0,keep/sharp,0.490357,0.000000,0.475746,1.030199,0.389104,0.000000
3696,0,keep/sharp,0.472603,0.000000,0.580095,0.898445,0.500495,0.000000
3697,0,keep/sharp,0.504277,0.000000,0.133189,1.701787,0.283373,0.000000
3698,0,keep/sharp,0.539366,0.000000,1.536893,1.473335,0.366187,0.000000
3699,0,keep/sharp,0.519143,0.000000,1.070872,0.774353,0.634247,0.000000
3700,0,keep/sharp,0.572391,0.000000,0.229207,0.467099,1.697112,0.000000
3701,0,keep/sharp,0.587095,0.000000,1.240124,0.793563,0.900606,0.000000
3702,0,keep/sharp,0.571589,0.000000,0.156364,0.986920,0.113821,0.000000
3703,0,keep/sharp,0.631507,0.000000,1.552413,1.294043,0.369555,0.000000
3704,0,keep/sharp,0.694577,0.000000,0.967968,0.295624,1.562562,0.000000
3705,0,keep/sharp,0.691000,0.000000,0.268850,2.142743,1.510165,0.000000
3706,0,keep/sharp,0.718923,0.000000,0.599085,2.671278,1.870553,0.000000
3707,0,keep/sharp,0.722341,0.000000,1.250445,1.684346,0.506398,0.000000
3708,0,keep/sharp,0.773403,0.000000,1.009383,1.185797,0.568899,0.000000
3709,0,keep/sharp,0.778201,0.000000,0.970468,0.000000,1.448914,0.000000
3710,0,keep/sharp,0.716019,0.000000,1.894915,0.931097,0.349572,0.000000
3711,0,keep/sharp,0.747338,0.000000,2.253897,0.349479,1.120471,0.000000
3712,0,keep/sharp,0.791921,0.000000,1.495724,1.184937,0.376604,0.000000
3713,1,small pool,0.866614,0.000000,0.563731,1.270996,0.901752,0.000000
3714,0,keep/sharp,0.788425,0.000000,2.947561,0.394302,0.314241,0.000000
3715,0,keep/sharp,0.753671,0.000000,1.883509,0.967910,1.310856,0.000000
3716,0,keep/sharp,0.749047,0.000000,1.478225,1.384412,1.956214,0.000000
3717,0,keep/sharp,0.771196,0.000000,0.265186,0.930374,0.000000,0.000000
3718,0,keep/sharp,0.681316,0.000000,0.183676,1.956549,1.494956,0.000000
3719,0,keep/sharp,0.591782,0.000000,1.071718,1.282270,1.023733,0.000000
3720,0,keep/sharp,0.510503,0.000000,1.010522,1.094780,1.362662,0.000000
3721,0,keep/sharp,0.535930,0.000000,0.003852,1.080080,1.418566,0.000000
3722,0,keep/sharp,0.549464,0.000000,0.878322,0.000000,0.459279,0.000000
3723,0,keep/sharp,0.491349,0.000000,1.282553,0.051675,0.163753,0.000000
3724,0,keep/sharp,0.439330,0.000000,0.746957,0.558309,0.920814,0.000000
3725,0,keep/sharp,0.418871,0.000000,1.021983,0.816859,2.208232,0.000000
3726,0,keep/sharp,0.459474,0.000000,0.160546,0.491174,1.437872,0.000000
3727,0,keep/sharp,0.478766,0.000000,0.504566,0.788430,0.196948,0.000000
3728,0,keep/sharp,0.456855,0.000000,0.363474,0.696118,0.000000,0.000000
3729,0,keep/sharp,0.428319,0.000000,1.788576,0.136126,0.226740,0.000000
3730,0,keep/sharp,0.425722,0.000000,1.749038,0.000000,0.178753,0.000000
3731,0,keep/sharp,0.396944,0.000000,0.581541,0.080565,0.945884,0.000000
3732,0,keep/sharp,0.408604,0.000000,1.812129,0.000000,0.000000,0.000000
3733,0,keep/sharp,0.412071,0.000000,0.833737,0.244248,0.000000,0.000000
3734,0,keep/sharp,0.436729,0.000000,0.490495,0.000000,0.000000,0.000000
3735,0,keep/sharp,0.418589,0.000000,0.742194,0.227691,0.560600,0.000000
3736,0,keep/sharp,0.369770,0.000000,1.346488,0.211546,1.432768,0.000000
3737,0,keep/sharp,0.372742,0.000000,1.421219,0.995317,0.639247,0.000000
3738,0,keep/sharp,0.529436,0.000000,0.188186,0.573607,0.000000,0.000000
3739,0,keep/sharp,0.594166,0.000000,0.498521,0.297654,0.000000,0.000000
3740,0,keep/sharp,0.509699,0.000000,0.885284,0.196248,0.128197,0.000000
3741,0,keep/sharp,0.423126,0.000000,3.183683,0.300482,1.632215,0.000000
3742,0,keep/sharp,0.478436,0.000000,1.460364,1.180203,0.734978,0.000000
3743,0,keep/sharp,0.510816,0.000000,0.002148,0.169476,0.055557,0.000000
3744,0,keep/sharp,0.480457,0.000000,0.215169,0.000000,0.529523,0.000000
3745,0,keep/sharp,0.387781,0.000000,0.941727,0.949198,0.591191,0.000000
3746,0,keep/sharp,0.350326,0.000000,1.114794,0.353042,0.195246,0.000000
3747,0,keep/sharp,0.378858,0.000000,0.388654,0.000000,0.000000,0.000000
3748,0,keep/sharp,0.382297,0.000000,1.290756,0.605001,0.557891,0.000000
3749,0,keep/sharp,0.415503,0.000000,1.004688,0.917069,0.209691,0.000000
3750,0,keep/sharp,0.416201,0.000000,0.698366,0.000000,0.232018,0.000000
3751,0,keep/sharp,0.510360,0.000000,0.050129,0.334193,0.543829,0.000000
3752,0,keep/sharp,0.433605,0.000000,1.547567,1.388286,0.158093,0.000000
3753,0,keep/sharp,0.414270,0.000000,1.437052,0.027681,0.000000,0.000000
3754,0,keep/sharp,0.430654,0.000000,1.607549,1.278420,0.000000,0.000000
3755,0,keep/sharp,0.467975,0.000000,0.202886,0.000000,0.000000,0.000000
3756,0,keep/sharp,0.414776,0.000000,0.388762,0.519055,1.402698,0.000000
3757,0,keep/sharp,0.432900,0.000000,0.531900,0.726265,0.286255,0.000000
3758,0,keep/sharp,0.411778,0.000000,0.536834,0.849660,0.518551,0.000000
3759,0,keep/sharp,0.493186,0.000000,0.156557,1.741888,0.000000,0.000000
3760,0,keep/sharp,0.467514,0.000000,0.443082,1.307260,1.279119,0.000000
3761,0,keep/sharp,0.511560,0.000000,0.342940,1.509899,1.610410,0.000000
3762,0,keep/sharp,0.558049,0.000000,0.721642,1.600679,0.448549,0.061318
3763,0,keep/sharp,0.542517,0.000000,0.137327,0.803466,0.033299,0.000000
3764,0,keep/sharp,0.570922,0.000000,0.630774,0.514358,0.308582,6.432181
3765,0,keep/sharp,0.512222,0.000000,0.609347,0.695918,0.718971,6.254360
3766,0,keep/sharp,0.472903,0.000000,0.116310,0.000000,0.000000,5.739296
3767,0,keep/sharp,0.533104,0.000000,1.605599,0.006702,0.000000,5.561475
3768,0,keep/sharp,0.509040,0.000000,0.571936,0.000000,0.000000,0.870704
3769,0,keep/sharp,0.457688,0.000000,0.826443,0.000000,0.300179,1.306058
3770,0,keep/sharp,0.488795,0.000000,0.515072,1.499584,0.787097,1.214082
3771,0,keep/sharp,0.405411,0.000000,0.562036,0.770603,0.610566,1.637171
3772,0,keep/sharp,0.434088,0.000000,0.451733,0.443062,0.561433,1.532930
3773,0,keep/sharp,0.489517,0.000000,1.315017,0.185297,0.082293,1.649432
3774,0,keep/sharp,0.493230,0.000000,0.214950,0.199437,0.000000,1.661697
3775,0,keep/sharp,0.490036,0.000000,0.184725,0.248907,1.994548,1.404164
3776,0,keep/sharp,0.508761,0.000000,1.282117,0.922750,0.621226,1.410295
3777,0,keep/sharp,0.590595,0.000000,1.887227,0.067559,0.000000,1.416428
3778,0,keep/sharp,0.693214,0.000000,0.967414,0.249468,0.355423,1.581985
3779,0,keep/sharp,0.736636,0.000000,1.370722,0.000000,0.000000,1.753673
3780,0,keep/sharp,0.745203,0.000000,1.252187,2.019548,1.537908,1.931494
3781,0,keep/sharp,0.806352,0.000000,2.031048,0.805223,0.000000,2.103182
3782,1,small pool,0.906648,0.000000,1.601664,0.523963,0.000000,2.274870
3783,1,small pool,0.902932,0.000000,1.883252,0.451621,0.000000,2.446556
3784,0,keep/sharp,0.832016,0.000000,3.109444,0.000000,0.359728,1.833384
3785,0,keep/sharp,0.752467,0.000000,2.300205,1.254676,0.823035,1.814990
3786,0,keep/sharp,0.784529,0.000000,0.686666,0.170535,0.256636,4.108256
3787,0,keep/sharp,0.715222,0.000000,1.381505,0.047738,0.380607,2.655038
3788,0,keep/sharp,0.672855,0.000000,0.390862,0.125388,0.000000,4.126652
3789,0,keep/sharp,0.598296,0.000000,1.239820,1.284612,0.748832,3.862988
3790,0,keep/sharp,0.690234,0.000000,0.097108,0.129823,0.581329,3.838461
3791,0,keep/sharp,0.685110,0.000000,1.867316,0.204046,0.000000,3.568663
3792,0,keep/sharp,0.737168,0.000000,1.404539,0.254700,0.000000,3.304999
3793,0,keep/sharp,0.705342,0.000000,2.354713,1.130671,0.000000,3.029072
3794,0,keep/sharp,0.744340,0.000000,0.927065,0.818478,0.381743,1.361242
3795,0,keep/sharp,0.674869,0.000000,0.485531,1.723002,0.823834,1.821122
3796,0,keep/sharp,0.660839,0.000000,1.547549,0.649550,0.000000,2.090917
3797,0,keep/sharp,0.614821,0.000000,0.841150,0.955738,0.150593,2.084786
3798,0,keep/sharp,0.709262,0.000000,0.434837,0.338055,0.133127,1.814992
3799,0,keep/sharp,0.676048,0.000000,0.376595,0.813707,0.942551,2.992282
3800,0,keep/sharp,0.750079,0.000000,1.485313,0.182669,1.197347,3.274342
3801,1,small pool,0.870521,0.000000,2.446912,1.463618,0.000000,3.237550
3802,1,small pool,0.964127,0.000000,0.513734,0.276700,0.859529,3.274342
3803,1,small pool,1.072490,0.000000,2.230629,1.518931,0.571676,3.022941
3804,1,small pool,1.209141,0.000000,3.111150,1.082459,0.668553,3.071995
3805,1,small pool,1.214740,0.000000,2.624363,0.000000,0.000000,3.151709
3806,1,small pool,1.336356,0.000000,3.171453,0.594636,0.340527,3.243683
3807,1,small pool,1.361999,0.000000,4.433698,1.125389,0.000000,2.851251
3808,1,small pool,1.278955,0.000000,1.609965,1.992515,1.424538,3.464426
3809,1,small pool,1.353100,0.000000,3.002760,0.256382,1.323460,3.844592
3810,1,small pool,1.302389,0.000000,3.152417,1.099900,0.017535,4.071466
3811,1,small pool,1.106220,0.000000,2.441034,0.000000,0.441848,0.907494
3812,1,small pool,1.018189,0.000000,4.315237,0.199948,0.193441,1.704620
3813,1,small pool,1.017600,0.000000,2.108997,0.824782,0.448584,1.459352
3814,1,small pool,1.069442,0.000000,0.541217,0.672012,0.235594,0.950418
3815,1,small pool,1.178990,0.000000,1.469236,0.711740,0.000000,1.066919
3816,1,small pool,1.140014,0.000000,3.490986,0.796939,0.000000,1.532932
3817,1,small pool,1.147498,0.000000,3.523384,1.343425,0.000000,8.884870
3818,1,small pool,1.168522,0.000000,3.133065,1.774852,1.772600,0.950418
3819,1,small pool,1.203509,0.000000,1.590263,2.712638,0.723207,0.815518
3820,1,small pool,1.168264,0.000000,0.893487,2.636272,0.016910,3.108786
3821,1,small pool,1.094524,0.000000,0.539809,1.322334,0.000000,1.606512
3822,1,small pool,1.019919,0.000000,1.035791,2.650885,0.050057,0.000000
3823,1,small pool,1.019712,0.000000,1.670398,1.835633,0.696991,1.643302
3824,1,small pool,1.012413,0.000000,2.319858,2.473598,0.000000,0.165559
3825,1,small pool,1.078711,0.000000,1.894933,2.030324,0.000000,1.312189
3826,1,small pool,1.133705,0.000000,1.271666,2.911726,0.530460,2.348450
3827,1,small pool,1.025642,0.000000,1.364448,1.104858,1.179534,3.114915
3828,1,small pool,0.912580,0.009699,2.074540,0.815688,0.109759,3.280472
3829,1,small pool,0.897233,0.000000,2.255256,1.610458,0.254935,4.224760
3830,0,keep/sharp,0.789885,0.000000,0.517935,0.000000,0.000000,3.409240
3831,0,keep/sharp,0.668124,0.000000,1.041966,0.592008,0.224518,0.000000
3832,0,keep/sharp,0.599696,0.000000,1.093024,2.266948,1.289293,0.000000
3833,0,keep/sharp,0.619115,0.000000,1.390274,0.000000,0.025859,0.607042
3834,0,keep/sharp,0.603047,0.000000,0.316565,0.000000,0.000000,0.257533
3835,0,keep/sharp,0.637743,0.320525,1.091962,0.277909,0.068651,0.392431
3836,0,keep/sharp,0.526066,0.426120,2.906099,0.934473,1.265126,0.901363
3837,0,keep/sharp,0.543531,0.000000,0.557906,0.055325,0.000000,0.668359
3838,0,keep/sharp,0.624489,0.113336,0.889348,0.000000,0.111408,14.335972
3839,0,keep/sharp,0.761351,0.221422,0.244943,0.000000,0.131293,1.048525
3840,0,keep/sharp,0.613141,0.000000,1.493584,0.000000,0.208060,1.974417
3841,0,keep/sharp,0.666769,0.251632,0.423434,0.000000,0.591330,12.116286
3842,0,keep/sharp,0.641597,0.144158,2.720252,0.887170,0.000000,11.386614
3843,0,keep/sharp,0.758227,0.044216,0.477476,0.000000,0.074516,4.470028
3844,0,keep/sharp,0.762043,0.141626,1.012908,0.000000,0.093186,4.525214
3845,0,keep/sharp,0.738584,0.000000,0.162521,0.491423,0.612545,6.297281
3846,0,keep/sharp,0.651502,0.318349,1.659389,0.078173,0.391335,7.057615
3847,0,keep/sharp,0.625908,0.240069,1.656623,0.000000,0.030088,0.484407
3848,0,keep/sharp,0.638947,0.602318,0.916218,0.000000,0.046247,0.864571
3849,0,keep/sharp,0.637259,0.369473,1.618161,0.941985,0.000000,1.048527
3850,0,keep/sharp,0.613910,0.211791,0.241923,0.000000,0.000000,1.520669
3851,0,keep/sharp,0.589304,0.410562,1.498522,0.000000,0.000000,1.949890
3852,0,keep/sharp,0.565818,0.346187,1.007260,0.000000,0.091836,2.158368
3853,0,keep/sharp,0.492111,0.588893,1.910020,0.000000,0.000000,1.894702
3854,0,keep/sharp,0.565571,0.420215,0.456634,0.352643,0.000000,1.919229
3855,0,keep/sharp,0.581338,0.436177,0.061990,0.532185,0.074828,1.459352
3856,0,keep/sharp,0.642675,0.428829,0.179112,0.015435,0.000000,3.372448
3857,0,keep/sharp,0.610185,0.368978,0.413151,0.383626,0.046785,11.245581
3858,0,keep/sharp,0.675446,0.249964,0.713326,1.050891,0.000000,5.365257
3859,0,keep/sharp,0.714917,0.428698,0.972661,1.943518,0.000000,2.133841
3860,0,keep/sharp,0.726280,0.590365,1.173383,0.048187,0.000000,1.692357
3861,0,keep/sharp,0.710099,0.581991,1.791570,0.000000,0.000000,3.360187
3862,0,keep/sharp,0.741764,0.310096,0.732279,0.000000,0.000000,6.107197
3863,0,keep/sharp,0.714220,0.121691,0.043143,0.424400,0.000000,5.849664
3864,0,keep/sharp,0.727379,0.249070,0.899210,0.114749,0.072432,4.562002
3865,0,keep/sharp,0.705615,0.645168,1.625792,0.374507,0.000000,4.745955
3866,0,keep/sharp,0.723327,0.521123,1.320345,0.413549,0.000000,2.299395
3867,0,keep/sharp,0.793073,0.600922,1.749694,0.000000,0.045869,0.000000
3868,0,keep/sharp,0.770736,0.247704,1.759141,0.452281,0.220872,0.000000
3869,0,keep/sharp,0.723380,0.802246,1.347144,0.000000,0.007927,1.802728
3870,0,keep/sharp,0.714423,0.392632,1.403628,0.875473,0.000000,3.568661
3871,0,keep/sharp,0.684822,0.567309,0.153797,0.055101,0.128953,4.273813
3872,0,keep/sharp,0.697734,0.108980,0.446379,0.520637,0.001085,12.619087
3873,0,keep/sharp,0.653116,0.000000,0.973713,0.000000,0.058723,14.906221
3874,0,keep/sharp,0.559239,0.000000,1.165789,0.638513,0.105592,0.128766
3875,0,keep/sharp,0.622565,0.000000,2.672730,0.000000,0.062437,0.000000
3876,0,keep/sharp,0.568977,0.000000,1.287941,0.171768,0.000000,0.000000
3877,0,keep/sharp,0.590838,0.000000,0.092451,0.283353,1.465095,0.000000
3878,0,keep/sharp,0.632404,0.000000,2.157880,0.656863,0.741575,0.000000
3879,0,keep/sharp,0.630303,0.000000,0.994533,0.000000,0.019350,0.000000
3880,0,keep/sharp,0.610856,0.000000,2.500642,0.167607,0.415424,0.000000
3881,0,keep/sharp,0.635489,0.000000,2.438792,0.098031,0.286201,0.000000
3882,0,keep/sharp,0.563413,0.000000,1.739068,0.863563,0.768659,0.000000
3883,0,keep/sharp,0.551252,0.000000,0.551975,0.590039,0.000000,0.000000
3884,0,keep/sharp,0.443439,0.385087,0.919529,0.000000,0.322180,0.000000
3885,0,keep/sharp,0.468375,0.390356,0.720215,0.000000,0.479465,0.000000
3886,0,keep/sharp,0.422121,0.221836,0.001378,0.286106,0.796498,0.000000
3887,0,keep/sharp,0.430947,0.116098,0.104253,0.145856,0.066589,0.000000
3888,0,keep/sharp,0.438974,0.675772,2.467034,0.000000,0.158158,0.000000
3889,0,keep/sharp,0.433490,0.122312,1.395544,0.128365,0.000000,0.000000
3890,0,keep/sharp,0.415047,0.121264,0.018286,1.158452,0.548308,0.000000
3891,0,keep/sharp,0.472171,0.394805,0.873673,0.245182,0.123417,0.748071
3892,0,keep/sharp,0.424565,0.000000,0.408733,0.967648,0.000000,0.398562
3893,0,keep/sharp,0.423680,0.000000,0.241063,0.031630,0.000000,0.294323
3894,0,keep/sharp,0.422845,0.000000,1.331023,0.000000,0.679977,0.257533
3895,0,keep/sharp,0.453265,0.000000,1.303842,0.905633,0.415200,0.000000
3896,0,keep/sharp,0.505081,0.000000,1.503185,0.000000,0.211407,0.000000
3897,0,keep/sharp,0.510066,0.162830,0.794790,0.076616,0.291291,0.196215
3898,0,keep/sharp,0.499289,0.000000,1.157171,1.095764,0.289122,1.477746
3899,0,keep/sharp,0.477482,0.000000,1.685376,0.542849,0.503414,0.398562
3900,0,keep/sharp,0.479255,0.000000,0.307850,0.000000,0.000000,0.717412
3901,0,keep/sharp,0.478143,0.000000,0.409810,1.036178,0.431778,0.496672
3902,0,keep/sharp,0.414973,0.000000,0.881505,0.761770,0.086564,0.987208
3903,0,keep/sharp,0.379535,0.000000,0.628706,0.795481,0.729735,0.925892
3904,0,keep/sharp,0.383742,0.000000,0.458946,0.508117,0.344659,1.073053
3905,0,keep/sharp,0.342206,0.000000,0.450364,0.000000,0.681783,0.895233
3906,0,keep/sharp,0.334963,0.000000,1.098798,0.326880,0.000000,1.232478
3907,0,keep/sharp,0.325533,0.000000,0.308458,0.000000,0.006215,1.287662
3908,0,keep/sharp,0.289334,0.018812,0.226948,0.000000,0.160142,0.913628
3909,0,keep/sharp,0.283796,0.000000,0.607635,0.899180,0.091529,1.054657
3910,0,keep/sharp,0.262639,0.000000,1.131908,0.184762,0.106655,0.668357
3911,0,keep/sharp,0.277029,0.000000,0.087045,0.147451,0.064511,0.570250
3912,0,keep/sharp,0.333051,0.000000,0.012133,0.667203,0.551259,0.214611
3913,0,keep/sharp,0.278320,0.000000,0.588547,0.615167,0.000000,0.165559
3914,0,keep/sharp,0.267223,0.000000,0.625986,0.282780,0.000000,0.104239
3915,0,keep/sharp,0.279140,0.274510,1.400763,0.000000,0.111652,0.061318
3916,0,keep/sharp,0.353157,0.088095,0.120520,0.006652,0.000000,0.030659
3917,0,keep/sharp,0.421597,0.000000,0.382993,0.912846,0.227782,0.263664
3918,0,keep/sharp,0.518139,0.032608,0.051451,0.697114,0.000000,0.000000
3919,0,keep/sharp,0.643534,0.000000,1.485249,0.692580,0.000000,2.655038
3920,0,keep/sharp,0.768727,0.000000,1.211459,0.134507,0.000000,14.673217
3921,0,keep/sharp,0.823901,0.000000,0.302141,1.984691,0.058126,12.662011
3922,1,small pool,0.923642,0.000000,2.241593,1.436037,0.000000,12.196002
3923,1,small pool,0.898995,0.000000,0.712693,1.464565,0.000000,8.596678
3924,1,small pool,0.905293,0.000000,0.960105,0.270708,0.094871,7.554286
3925,0,keep/sharp,0.844409,0.000000,0.303555,1.343575,1.866108,5.273283
3926,0,keep/sharp,0.718316,0.682466,0.514206,0.214299,0.215893,2.716355
3927,0,keep/sharp,0.693164,0.155584,2.255601,0.000000,0.000000,2.066392
3928,0,keep/sharp,0.692545,0.000000,0.862169,0.786325,0.000000,1.416428
3929,0,keep/sharp,0.619244,0.132816,0.618652,0.000000,0.974010,3.593190
3930,0,keep/sharp,0.648697,0.563269,1.113447,0.000000,0.278433,4.390315
3931,0,keep/sharp,0.642884,0.161573,1.484419,0.000000,0.000000,4.666243
3932,0,keep/sharp,0.604259,0.000000,0.106898,0.674142,0.000000,3.654508
3933,0,keep/sharp,0.556164,0.000000,1.699925,0.145283,0.420042,3.396975
3934,0,keep/sharp,0.477482,0.246772,1.994537,0.000000,0.000000,2.323925
3935,0,keep/sharp,0.445675,0.154431,0.200530,0.008733,0.000000,2.605985
3936,0,keep/sharp,0.446117,0.302667,0.030113,0.000000,0.000000,1.827255
3937,0,keep/sharp,0.428806,0.268714,0.000632,0.000000,0.472543,1.575856
3938,0,keep/sharp,0.343173,0.319711,0.379733,0.861321,0.303894,1.594250
3939,0,keep/sharp,0.401958,0.366892,0.336722,0.253392,0.027172,1.876310
3940,0,keep/sharp,0.473010,0.000000,1.102587,0.767027,0.000000,2.949361
3941,0,keep/sharp,0.502696,0.000000,0.082122,0.000000,0.000000,3.672904
3942,0,keep/sharp,0.450180,0.383347,0.984378,0.000000,0.206610,4.145046
3943,0,keep/sharp,0.450113,0.261400,1.246235,0.497478,0.000000,2.293266
3944,0,keep/sharp,0.404988,0.000000,0.421119,0.721195,0.000000,2.697959
3945,0,keep/sharp,0.460794,0.382356,0.119313,0.000000,0.000000,0.000000
3946,0,keep/sharp,0.449540,0.319618,0.041229,0.562719,0.227816,2.139970
3947,0,keep/sharp,0.461861,0.345501,0.523794,0.000000,0.051801,1.398032
3948,0,keep/sharp,0.508179,0.439716,0.847181,0.000000,0.200069,3.623849
3949,0,keep/sharp,0.600927,0.213272,0.581650,0.612501,0.053733,3.758747
3950,0,keep/sharp,0.661854,0.188196,0.998521,0.267843,0.519141,5.757690
3951,0,keep/sharp,0.670771,0.583394,0.485560,0.000000,0.189933,12.447399
3952,0,keep/sharp,0.724617,0.654272,0.527382,0.000000,0.343031,12.379952
3953,0,keep/sharp,0.695604,0.224595,0.112192,1.121228,0.735047,7.125066
3954,0,keep/sharp,0.646613,0.374982,0.591453,0.000000,0.520226,0.925892
3955,0,keep/sharp,0.609090,0.678235,2.436562,0.000000,0.110450,0.091978
3956,0,keep/sharp,0.537362,0.630584,0.222942,0.000000,0.243935,1.655567
3957,0,keep/sharp,0.493720,0.756786,0.332145,0.000000,0.320037,1.275399
3958,0,keep/sharp,0.557399,0.000000,0.809860,0.270060,0.933697,1.263137
3959,0,keep/sharp,0.537966,0.358907,0.301998,0.000000,0.179271,1.520667
3960,0,keep/sharp,0.539529,0.000000,0.506119,1.206676,0.026605,1.244741
3961,0,keep/sharp,0.595298,0.821966,1.565673,0.000000,0.368136,1.483877
3962,0,keep/sharp,0.600011,0.709278,1.106593,0.702994,0.269501,1.956021
3963,0,keep/sharp,0.604478,0.348519,0.128128,0.347212,0.130024,2.900306
3964,0,keep/sharp,0.583805,0.450980,1.656595,0.000000,0.295367,2.765408
3965,0,keep/sharp,0.508244,0.959240,0.369833,0.000000,0.473064,1.189554
3966,0,keep/sharp,0.451149,0.530084,0.279507,0.000000,0.264164,1.054657
3967,0,keep/sharp,0.446256,0.302289,0.408973,0.317076,0.112930,0.846177
3968,0,keep/sharp,0.368899,0.373950,0.096392,0.482130,0.096910,1.232476
3969,0,keep/sharp,0.341942,0.561610,0.624405,0.000000,0.205420,1.085313
3970,0,keep/sharp,0.325918,0.521204,0.222399,0.115770,0.280915,1.250872
3971,0,keep/sharp,0.332580,0.550261,0.083953,0.000000,0.154323,1.428691
3972,0,keep/sharp,0.332543,0.531780,0.127586,0.060520,0.057415,2.213552
3973,0,keep/sharp,0.342219,0.245531,0.245854,0.000000,0.000000,1.361242
3974,0,keep/sharp,0.374291,0.444527,0.581600,0.000000,0.117784,1.238609
3975,0,keep/sharp,0.366413,0.267997,0.515417,0.000000,0.028208,1.551326
3976,0,keep/sharp,0.385697,0.730644,0.582761,0.000000,0.255553,1.563589
3977,0,keep/sharp,0.410944,0.289320,1.224275,0.000000,0.212503,1.594250
3978,0,keep/sharp,0.402864,0.424757,0.169941,0.000000,0.082737,0.717412
3979,0,keep/sharp,0.423654,0.724880,0.525015,0.000000,0.161945,1.306058
3980,0,keep/sharp,0.411827,0.565012,0.286279,0.184737,0.253915,1.306056
3981,0,keep/sharp,0.394175,0.762928,0.161638,0.000000,0.022237,1.030129
3982,0,keep/sharp,0.453786,0.304974,1.045851,0.000000,0.105271,0.766467
3983,0,keep/sharp,0.468916,0.317479,0.036364,0.871025,0.857763,0.496672
3984,0,keep/sharp,0.518783,0.116532,0.503426,1.129624,0.070219,0.000000
3985,0,keep/sharp,0.519839,0.440327,1.541297,0.000000,0.277415,0.000000
3986,0,keep/sharp,0.567602,0.320550,1.490439,0.000000,0.105532,0.000000
3987,0,keep/sharp,0.612294,0.000000,0.977042,1.597540,0.701470,0.104237
3988,0,keep/sharp,0.616309,0.242423,0.773659,0.000000,0.233255,0.000000
3989,0,keep/sharp,0.563874,0.140438,2.227509,0.192971,0.215740,0.000000
3990,0,keep/sharp,0.551556,0.261435,1.554882,0.446774,0.666841,0.000000
3991,0,keep/sharp,0.533197,0.161483,1.011735,0.381583,0.250331,0.000000
3992,0,keep/sharp,0.550902,0.320029,0.369820,0.221487,0.139720,0.000000
3993,0,keep/sharp,0.491849,0.405848,1.058962,0.000000,0.237273,0.122633
3994,0,keep/sharp,0.431173,0.546237,0.050114,0.000000,0.298434,8.093875
3995,0,keep/sharp,0.400256,0.453521,0.123208,0.000000,0.499900,4.604924
3996,0,keep/sharp,0.406300,0.394375,0.391578,0.041460,0.252272,2.170631
3997,0,keep/sharp,0.438970,0.796360,0.128233,0.000000,0.294734,0.000000
3998,0,keep/sharp,0.429373,0.639557,0.008727,0.128614,0.306498,0.000000
3999,0,keep/sharp,0.406434,0.692661,0.219421,0.000000,0.355342,0.000000
4000,0,keep/sharp,0.430883,0.460274,0.838039,1.134035,0.496050,0.128766
4001,0,keep/sharp,0.437418,0.807394,0.558391,0.603257,0.000000,0.000000
4002,0,keep/sharp,0.423606,0.314308,0.651144,0.000000,0.064729,0.000000
4003,0,keep/sharp,0.469256,0.660966,1.069111,0.000000,0.242114,0.000000
4004,0,keep/sharp,0.525294,0.637436,0.452202,0.000000,0.236318,0.000000
4005,0,keep/sharp,0.485849,0.428676,0.024995,0.000000,0.221768,0.000000
4006,0,keep/sharp,0.484880,0.399563,0.995504,0.875547,0.005536,0.324982
4007,0,keep/sharp,0.469805,1.007914,2.396970,0.000000,0.363376,0.331113
4008,0,keep/sharp,0.465341,0.507274,0.304434,0.000000,0.211363,0.000000
4009,0,keep/sharp,0.521509,0.731748,0.176650,0.000000,0.162269,0.067449
4010,0,keep/sharp,0.467720,1.033788,0.247443,0.000000,0.553339,0.000000
4011,0,keep/sharp,0.432197,0.469462,0.227910,0.000000,0.975288,0.000000
4012,0,keep/sharp,0.472010,0.698712,0.955677,0.000000,0.418892,0.000000
4013,0,keep/sharp,0.508146,0.538713,0.173602,0.000000,0.358211,0.061320
4014,0,keep/sharp,0.484378,0.723090,1.946822,0.000000,0.283697,0.049057
4015,0,keep/sharp,0.483657,0.765650,0.962892,0.000000,0.176597,0.024527
4016,0,keep/sharp,0.501795,0.654148,1.060720,0.000000,0.208443,0.000000
4017,0,keep/sharp,0.591640,0.551106,0.295738,0.000000,0.248822,0.000000
4018,0,keep/sharp,0.532183,0.529968,0.245154,0.012396,0.280341,1.042392
4019,0,keep/sharp,0.551072,0.473509,0.960726,0.637641,0.449132,0.981074
4020,0,keep/sharp,0.572585,0.939511,1.852925,0.000000,0.284490,0.000000
4021,0,keep/sharp,0.586185,0.806355,0.502268,0.000000,0.359407,0.000000
4022,0,keep/sharp,0.570584,0.461599,1.587585,0.000000,0.435036,0.000000
4023,0,keep/sharp,0.530656,0.457553,1.679072,0.000000,0.357397,0.000000
4024,0,keep/sharp,0.472188,0.556388,0.631579,0.000000,0.161402,0.000000
4025,0,keep/sharp,0.471998,0.472630,0.121795,0.000000,0.289346,0.000000
4026,0,keep/sharp,0.410853,0.712050,0.507668,0.000000,0.271846,0.000000
4027,0,keep/sharp,0.366236,0.461144,0.814107,0.097183,0.575180,0.000000
4028,0,keep/sharp,0.383941,0.463660,0.859129,0.000000,0.283172,0.000000
4029,0,keep/sharp,0.421276,0.509787,0.232332,0.000000,0.248850,0.000000
4030,0,keep/sharp,0.414431,0.633427,0.590869,0.000000,0.126264,0.000000
4031,0,keep/sharp,0.429577,0.431906,0.859781,0.000000,0.915876,0.000000
4032,0,keep/sharp,0.450065,0.689026,0.730555,0.000000,0.353575,0.000000
4033,0,keep/sharp,0.445130,0.560338,0.476542,0.000000,0.332265,0.000000
4034,0,keep/sharp,0.438029,0.566383,1.242522,0.000000,0.267046,0.000000
4035,0,keep/sharp,0.404018,0.091951,0.386914,1.208096,1.412612,0.000000
4036,0,keep/sharp,0.392153,0.592787,0.016904,0.000000,0.309994,0.000000
4037,0,keep/sharp,0.397927,0.291231,0.748351,0.000000,0.160692,0.000000
4038,0,keep/sharp,0.386708,0.542473,0.236786,0.000000,0.264888,0.000000
4039,0,keep/sharp,0.343892,0.496431,0.333642,0.000000,0.483602,1.643300
4040,0,keep/sharp,0.385643,0.394952,0.210650,0.265738,0.684376,1.434822
4041,0,keep/sharp,0.369432,0.567409,0.744147,0.000000,0.276700,1.490009
4042,0,keep/sharp,0.410211,0.533460,0.047837,0.369324,0.224932,0.000000
4043,0,keep/sharp,0.444758,0.404779,0.956360,0.000000,0.788592,0.000000
4044,0,keep/sharp,0.460337,0.425552,0.184717,0.054490,0.235367,0.000000
4045,0,keep/sharp,0.459667,0.537457,1.119821,0.000000,0.375057,0.000000
4046,0,keep/sharp,0.471388,0.664579,1.282280,0.000000,0.312519,0.000000
4047,0,keep/sharp,0.439741,0.733185,0.585050,0.000000,0.359521,1.214082
4048,0,keep/sharp,0.453995,0.482716,0.292279,0.876756,0.234131,0.950418
4049,0,keep/sharp,0.455550,0.660473,0.224579,0.000000,0.525506,0.686753
4050,0,keep/sharp,0.447028,0.212573,0.406225,0.370807,0.164375,0.000000
4051,0,keep/sharp,0.409399,0.397277,0.541102,0.000000,0.316762,0.000000
4052,0,keep/sharp,0.382480,0.669013,1.006891,0.000000,0.428602,0.000000
4053,0,keep/sharp,0.389400,0.584500,1.131915,0.000000,0.404090,0.000000
4054,0,keep/sharp,0.434574,0.624517,0.050617,0.000000,0.322631,0.000000
4055,0,keep/sharp,0.448402,0.711710,0.192024,0.000000,0.353768,0.000000
4056,0,keep/sharp,0.417010,0.585498,0.638265,0.000000,0.334072,0.000000
4057,0,keep/sharp,0.393294,0.551147,1.316811,0.000000,0.280518,0.000000
4058,0,keep/sharp,0.392842,0.582237,0.603283,0.000000,0.500362,0.000000
4059,0,keep/sharp,0.399915,0.387394,0.674491,0.000000,0.160160,0.000000
4060,0,keep/sharp,0.383305,0.362798,0.289708,0.000000,0.217701,3.679035
4061,0,keep/sharp,0.338258,0.348460,0.031549,0.539211,0.047084,0.000000
4062,0,keep/sharp,0.335793,0.545523,0.447358,0.000000,0.522201,0.000000
4063,0,keep/sharp,0.311474,0.506810,0.375995,0.000000,0.239464,0.000000
4064,0,keep/sharp,0.296238,0.497456,0.335902,0.000000,0.320989,0.000000
4065,0,keep/sharp,0.336597,0.646060,0.569858,0.000000,0.283374,0.000000
4066,0,keep/sharp,0.389807,0.431541,0.088741,0.000000,0.144382,0.000000
4067,0,keep/sharp,0.384171,0.483626,0.331692,0.161279,0.155645,0.000000
4068,0,keep/sharp,0.401617,0.832342,0.721688,0.000000,0.397320,0.000000
4069,0,keep/sharp,0.400008,0.858250,1.392458,0.000000,0.402801,0.000000
4070,0,keep/sharp,0.453872,0.519723,0.270747,0.000000,0.150331,0.000000
4071,0,keep/sharp,0.477727,0.821501,0.397657,0.000000,0.369022,0.000000
4072,0,keep/sharp,0.439351,0.733173,0.436344,0.000000,0.316657,0.000000
4073,0,keep/sharp,0.361556,0.636554,0.824259,0.000000,0.270821,1.447087
4074,0,keep/sharp,0.380805,0.579004,0.840006,0.000000,0.291320,0.000000
4075,0,keep/sharp,0.348962,0.304154,0.476437,0.000000,0.112718,0.000000
4076,0,keep/sharp,0.376857,0.419183,0.131942,0.000000,0.218785,0.000000
4077,0,keep/sharp,0.364582,0.530087,0.169035,0.000000,1.510047,0.000000
4078,0,keep/sharp,0.385683,0.208636,0.260717,0.000000,0.241551,0.374034
4079,0,keep/sharp,0.414292,0.624997,1.156017,0.000000,0.355187,0.000000
4080,0,keep/sharp,0.447432,0.630833,0.725029,0.000000,0.428373,0.000000
4081,0,keep/sharp,0.484793,0.451666,0.967495,0.479937,0.631332,0.000000
4082,0,keep/sharp,0.506626,0.705506,0.600832,0.000000,0.456824,0.000000
4083,0,keep/sharp,0.520472,0.756020,0.494206,0.000000,0.374028,0.000000
4084,0,keep/sharp,0.496339,0.660395,1.287404,0.000000,0.474532,0.000000
4085,0,keep/sharp,0.456146,0.373389,0.552457,0.123320,0.279382,0.000000
4086,0,keep/sharp,0.522161,0.722385,1.409979,0.000000,0.263297,0.000000
4087,0,keep/sharp,0.499396,0.360466,0.118025,0.519590,0.258394,0.128766
4088,0,keep/sharp,0.480781,0.589358,0.374769,0.000000,0.353600,0.000000
4089,0,keep/sharp,0.517110,0.216408,2.174691,0.676895,0.223666,0.000000
4090,0,keep/sharp,0.484185,0.571512,0.151367,0.091827,0.224653,0.000000
4091,0,keep/sharp,0.523141,0.377277,1.009659,0.312629,0.187195,0.128766
4092,0,keep/sharp,0.521778,0.775571,1.029071,0.000000,0.339387,0.116504
4093,0,keep/sharp,0.435806,0.748331,0.436790,0.000000,0.791876,0.000000
4094,0,keep/sharp,0.463748,0.549887,1.155137,0.000000,0.363886,0.049055
4095,0,keep/sharp,0.456887,0.395432,0.505052,0.000000,0.422331,0.000000
4096,0,keep/sharp,0.431786,0.379307,0.377095,0.265040,0.200266,0.000000
4097,0,keep/sharp,0.467630,0.702532,0.649311,0.000000,0.409020,0.000000
4098,0,keep/sharp,0.453987,0.963190,0.387233,0.000000,0.556935,0.000000
4099,0,keep/sharp,0.509113,0.623587,0.371251,0.000000,0.673430,0.790994
4100,0,keep/sharp,0.509361,0.429290,1.305620,0.503993,0.432754,0.190084
4101,0,keep/sharp,0.490511,0.600825,0.790925,0.000000,0.402007,0.000000
4102,0,keep/sharp,0.498866,0.928097,1.097359,0.000000,0.530921,0.588646
4103,0,keep/sharp,0.508561,0.481079,0.443017,0.000000,0.275948,0.000000
4104,0,keep/sharp,0.464202,0.305753,0.280575,0.522331,0.163503,0.318850
4105,0,keep/sharp,0.441864,0.587618,0.958462,0.000000,0.377212,0.312717
4106,0,keep/sharp,0.370630,0.713288,0.739898,0.000000,0.391993,0.000000
4107,0,keep/sharp,0.433205,0.839503,0.301499,0.000000,0.416777,0.000000
4108,0,keep/sharp,0.475016,0.369857,0.538525,0.000000,0.328435,0.000000
4109,0,keep/sharp,0.440043,0.507237,0.126635,0.000000,0.180682,0.000000
4110,0,keep/sharp,0.415764,0.763352,1.602131,0.000000,0.226107,0.000000
4111,0,keep/sharp,0.427601,0.625072,0.865650,0.357988,0.726880,0.000000
4112,0,keep/sharp,0.465204,0.418428,0.464484,0.000000,0.166513,0.000000
4113,0,keep/sharp,0.508237,0.523658,0.434417,0.000000,0.238958,0.000000
4114,0,keep/sharp,0.443526,0.556310,0.630667,0.234157,0.535621,0.000000
4115,0,keep/sharp,0.386937,0.370986,1.471339,0.000000,0.109367,0.000000
4116,0,keep/sharp,0.391338,0.944505,0.573415,0.000000,0.438435,0.012265
4117,0,keep/sharp,0.390435,0.686853,0.194531,0.000000,0.278900,0.000000
4118,0,keep/sharp,0.400416,0.373349,0.092622,0.000000,0.708466,0.000000
4119,0,keep/sharp,0.395583,0.669159,0.226670,0.000000,0.395414,0.036790
4120,0,keep/sharp,0.366709,0.486245,0.421189,0.000000,0.298663,0.036792
4121,0,keep/sharp,0.363048,0.380922,1.154883,0.000000,0.327318,0.729675
4122,0,keep/sharp,0.389683,0.480792,1.168563,0.000000,0.335139,0.000000
4123,0,keep/sharp,0.385529,0.687442,0.202852,0.000000,0.359154,0.000000
4124,0,keep/sharp,0.392325,0.669605,0.092968,0.000000,0.370799,0.000000
4125,0,keep/sharp,0.366611,0.558695,0.302976,0.579488,0.193050,0.000000
4126,0,keep/sharp,0.364230,0.650840,0.137990,0.000000,0.443270,0.000000
4127,0,keep/sharp,0.378375,0.515941,0.512775,0.000000,0.399633,0.000000
4128,0,keep/sharp,0.380621,0.763446,0.318412,0.000000,0.335933,0.000000
4129,0,keep/sharp,0.360906,0.935635,0.500979,0.000000,0.783723,0.000000
4130,0,keep/sharp,0.375676,0.612120,0.482154,0.000000,0.651021,0.000000
4131,0,keep/sharp,0.356841,0.544834,0.278467,0.000000,0.334544,0.000000
4132,0,keep/sharp,0.381515,0.691326,0.075723,0.000000,0.360918,0.000000
4133,0,keep/sharp,0.340894,0.447264,0.328256,0.221388,0.916384,0.000000
4134,0,keep/sharp,0.346197,0.532425,0.107122,0.000000,0.307664,0.000000
4135,0,keep/sharp,0.378176,0.342686,1.290541,0.000000,0.315808,0.000000
4136,0,keep/sharp,0.377294,0.608856,0.087541,0.000000,0.299133,0.000000
4137,0,keep/sharp,0.369716,0.896361,0.445520,0.000000,0.344455,0.000000
4138,0,keep/sharp,0.374883,0.696645,0.867318,0.027445,0.248917,0.000000
4139,0,keep/sharp,0.369586,0.643582,0.113490,0.000000,0.331273,0.000000
4140,0,keep/sharp,0.384396,0.590686,0.503437,0.000000,0.069122,0.000000
4141,0,keep/sharp,0.382327,0.510077,0.317978,0.000000,0.120189,0.000000
4142,0,keep/sharp,0.355770,0.882026,0.618289,0.000000,0.395125,0.000000
4143,0,keep/sharp,0.370472,0.782243,0.246871,0.000000,0.317976,0.000000
4144,0,keep/sharp,0.399805,0.342935,0.769937,0.073015,0.635372,0.000000
4145,0,keep/sharp,0.426725,0.584211,0.388407,0.000000,0.268404,0.000000
4146,0,keep/sharp,0.396547,0.484075,0.656370,0.000000,0.185158,0.000000
4147,0,keep/sharp,0.390808,0.596466,0.992023,0.109654,0.302602,0.000000
4148,0,keep/sharp,0.383639,0.580055,0.812826,0.000000,0.237211,0.000000
4149,0,keep/sharp,0.377775,0.602571,0.264303,0.000000,0.247850,0.000000
4150,0,keep/sharp,0.370500,0.610228,0.304433,0.000000,0.264543,0.000000
4151,0,keep/sharp,0.372781,0.690965,0.387064,0.000000,0.470056,0.000000
4152,0,keep/sharp,0.354592,0.485540,0.355381,0.000000,0.258286,0.000000
4153,0,keep/sharp,0.375043,0.635887,0.300940,0.000000,0.299460,0.000000
4154,0,keep/sharp,0.415874,0.982613,0.723315,0.000000,0.365518,0.000000
4155,0,keep/sharp,0.438923,0.621087,0.257250,0.000000,0.508838,0.000000
4156,0,keep/sharp,0.423232,0.648738,0.395727,0.419442,0.216897,0.000000
4157,0,keep/sharp,0.434237,0.708275,1.084775,0.000000,0.385346,0.000000
4158,0,keep/sharp,0.418911,0.427513,1.135041,0.000000,0.540971,0.000000
4159,0,keep/sharp,0.411916,0.390197,0.125413,0.000000,0.175402,0.000000
4160,0,keep/sharp,0.481451,0.732163,0.437010,0.000000,0.349220,0.000000
4161,0,keep/sharp,0.468024,0.877580,0.508975,0.000000,0.287786,0.000000
4162,0,keep/sharp,0.450389,0.707598,0.142420,0.000000,0.181142,0.000000
4163,0,keep/sharp,0.482161,0.845486,1.999675,0.000000,0.406699,0.000000
4164,0,keep/sharp,0.474907,0.790480,0.719953,0.000000,0.339018,0.000000
4165,0,keep/sharp,0.485550,0.585907,0.336411,0.050890,1.086132,0.000000
4166,0,keep/sharp,0.532743,0.502922,0.727482,0.000000,0.191586,0.000000
4167,0,keep/sharp,0.472278,0.672617,0.331815,0.000000,0.346711,0.000000
4168,0,keep/sharp,0.460313,0.978810,0.636708,0.000000,0.325563,0.000000
4169,0,keep/sharp,0.479915,0.825451,0.877227,0.000000,0.741221,0.000000
4170,0,keep/sharp,0.462211,0.576457,0.654847,0.339513,0.403813,0.000000
4171,0,keep/sharp,0.475236,0.700433,0.578655,0.000000,0.231199,0.000000
4172,0,keep/sharp,0.446747,0.576722,0.520197,0.625905,0.723554,0.000000
4173,0,keep/sharp,0.431768,0.733622,0.073347,0.000000,0.271946,0.000000
4174,0,keep/sharp,0.415669,0.656059,0.645004,0.000000,0.338834,0.000000
4175,0,keep/sharp,0.422151,0.726089,0.195432,0.000000,0.435477,0.000000
4176,0,keep/sharp,0.390355,0.495028,0.576130,0.588270,0.392870,0.000000
4177,0,keep/sharp,0.384572,0.810041,0.344503,0.000000,0.304904,0.000000
4178,0,keep/sharp,0.365437,0.896293,0.451698,0.000000,0.445082,0.006133
4179,0,keep/sharp,0.411670,0.758420,0.050946,0.000000,0.332257,1.060788
4180,0,keep/sharp,0.415157,0.608311,0.009418,0.000000,0.298092,0.275927
4181,0,keep/sharp,0.430237,0.780123,0.074781,0.000000,0.283327,0.245268
4182,0,keep/sharp,0.416788,0.825461,1.116494,0.000000,0.292518,0.508932
4183,0,keep/sharp,0.433700,0.900421,0.502923,0.000000,0.635809,0.515064
4184,0,keep/sharp,0.439815,1.014816,0.476312,0.000000,0.332102,0.000000
4185,0,keep/sharp,0.428841,0.519175,0.569352,0.000000,0.301947,0.000000
4186,0,keep/sharp,0.392360,0.639815,0.737622,0.000000,0.283420,0.000000
4187,0,keep/sharp,0.369326,0.492627,0.133372,0.000000,0.738773,0.000000
4188,0,keep/sharp,0.366922,0.051015,0.213357,0.592880,0.123197,0.000000
4189,0,keep/sharp,0.353336,0.489516,0.702779,0.000000,0.285124,0.000000
4190,0,keep/sharp,0.330518,0.720524,0.343155,0.000000,0.369235,0.000000
4191,0,keep/sharp,0.392488,0.858300,0.583437,0.000000,0.306425,0.000000
4192,0,keep/sharp,0.408442,0.596416,0.115361,0.190679,0.139575,0.000000
4193,0,keep/sharp,0.382889,0.761734,0.071496,0.000000,0.368418,0.000000
4194,0,keep/sharp,0.404687,0.294302,1.137981,0.431277,1.463590,0.000000
4195,0,keep/sharp,0.412138,0.761014,0.219030,0.000000,0.351101,0.000000
4196,0,keep/sharp,0.480103,0.625505,0.005080,0.000000,0.256936,0.000000
4197,0,keep/sharp,0.530953,0.575939,0.547411,0.572598,0.424836,0.000000
4198,0,keep/sharp,0.565468,0.668670,0.925479,0.000000,0.331525,0.000000
4199,0,keep/sharp,0.614640,0.557189,1.728312,0.000000,0.377390,0.018394
4200,0,keep/sharp,0.633466,0.317152,1.380657,0.424201,0.286439,0.000000
4201,0,keep/sharp,0.617001,0.359939,2.229672,0.593652,0.194988,0.000000
4202,0,keep/sharp,0.635696,0.683732,1.371284,0.000000,0.331265,0.251401
4203,0,keep/sharp,0.580212,0.636557,0.401430,0.000000,0.303601,0.000000
4204,0,keep/sharp,0.558670,0.696490,0.500179,0.017777,0.302202,0.000000
4205,0,keep/sharp,0.474308,0.702996,1.364448,0.000000,0.202221,0.000000
4206,0,keep/sharp,0.417577,0.754822,0.391000,0.000000,0.109133,0.000000
4207,0,keep/sharp,0.463130,0.739701,0.861653,0.000000,0.091878,0.000000
4208,0,keep/sharp,0.485243,0.532843,0.484602,0.000000,0.438084,0.000000
4209,0,keep/sharp,0.441597,0.652227,0.227643,0.000000,0.159875,0.000000
4210,0,keep/sharp,0.428116,0.866122,1.249008,0.000000,0.197392,0.000000
4211,0,keep/sharp,0.392522,0.750401,0.582141,0.144797,1.012725,0.000000
4212,0,keep/sharp,0.377820,0.755084,0.270432,0.000000,0.352173,0.000000
4213,0,keep/sharp,0.401336,0.428040,0.404011,0.000000,0.106141,0.000000
4214,0,keep/sharp,0.349097,0.474691,0.300004,0.000000,0.128984,0.000000
4215,0,keep/sharp,0.321155,0.535324,0.164098,0.000000,0.402246,0.000000
4216,0,keep/sharp,0.371265,0.756603,0.675594,0.000000,0.113488,0.000000
4217,0,keep/sharp,0.421828,0.736596,0.218501,0.000000,0.136058,0.000000
4218,0,keep/sharp,0.439286,0.883591,0.046816,0.000000,0.698225,0.000000
4219,0,keep/sharp,0.454162,1.063210,1.138241,0.000000,0.263056,0.000000
4220,0,keep/sharp,0.445935,0.908520,1.028803,0.000000,0.240405,0.000000
4221,0,keep/sharp,0.481767,0.885010,0.213401,0.000000,0.345322,0.000000
4222,0,keep/sharp,0.467227,0.664003,0.451808,0.000000,0.205056,0.000000
4223,0,keep/sharp,0.401129,0.784194,0.408244,0.000000,0.255244,0.000000
4224,0,keep/sharp,0.360261,1.049710,0.645666,0.000000,0.339994,0.000000
4225,0,keep/sharp,0.359177,0.470669,0.237728,0.000000,0.389169,0.000000
4226,0,keep/sharp,0.361983,0.725618,0.035510,0.000000,0.100014,0.000000
4227,0,keep/sharp,0.373945,0.700882,0.311504,0.000000,0.228562,0.000000
4228,0,keep/sharp,0.360482,0.360245,0.345915,0.313551,0.676822,0.000000
4229,0,keep/sharp,0.409102,0.918993,0.258867,0.000000,0.229730,0.000000
4230,0,keep/sharp,0.414470,0.779465,0.506498,0.247462,0.257333,0.000000
4231,0,keep/sharp,0.454980,0.783259,0.597680,0.000000,0.344707,0.000000
4232,0,keep/sharp,0.483555,0.714647,0.854133,0.158276,0.732854,0.000000
4233,0,keep/sharp,0.488170,0.736556,0.067464,0.000000,0.303247,0.000000
4234,0,keep/sharp,0.493752,0.554985,1.080375,0.370520,0.290870,0.000000
4235,0,keep/sharp,0.481742,0.514136,0.852377,0.668424,0.000000,0.000000
4236,0,keep/sharp,0.451629,0.556756,0.724918,0.000000,0.182672,0.042921
4237,0,keep/sharp,0.448259,0.732983,0.798889,0.000000,0.397498,0.000000
4238,0,keep/sharp,0.432260,0.709020,0.451685,0.000000,0.206875,0.000000
4239,0,keep/sharp,0.445379,0.675280,0.461914,0.000000,0.378105,0.000000
4240,0,keep/sharp,0.431076,0.654459,0.084391,0.000000,0.268148,0.000000
4241,0,keep/sharp,0.384623,1.029283,0.480590,0.000000,0.400617,0.000000
4242,0,keep/sharp,0.406322,0.609106,1.492809,0.000000,0.098816,0.000000
4243,0,keep/sharp,0.427577,0.766798,0.196962,0.000000,0.205031,0.000000
4244,0,keep/sharp,0.442422,0.162980,0.455441,0.000000,0.000000,0.000000
4245,0,keep/sharp,0.447454,0.690616,0.959128,0.000000,0.207761,0.000000
4246,0,keep/sharp,0.421699,0.824791,0.476974,0.352506,0.229412,0.790992
4247,0,keep/sharp,0.455493,0.575256,0.298409,0.000000,0.227429,1.324454
4248,0,keep/sharp,0.508676,0.995714,0.639563,0.000000,0.367350,0.000000
4249,0,keep/sharp,0.461927,0.558046,0.036900,0.528834,1.515666,0.000000
4250,0,keep/sharp,0.442092,0.759558,0.893996,0.000000,0.393757,0.000000
4251,0,keep/sharp,0.439853,0.486039,0.647225,0.981439,0.000000,0.000000
4252,0,keep/sharp,0.420905,0.422191,0.114702,0.174683,0.012952,0.000000
4253,0,keep/sharp,0.433800,0.435264,0.854376,0.000000,0.047044,0.000000
4254,0,keep/sharp,0.387526,0.933244,0.040147,0.000000,0.420907,0.000000
4255,0,keep/sharp,0.377338,0.890537,0.292001,0.000000,0.422889,0.000000
4256,0,keep/sharp,0.392301,0.955857,0.727543,0.000000,0.458719,0.000000
4257,0,keep/sharp,0.375624,0.611528,0.109935,0.000000,0.089989,0.000000
4258,0,keep/sharp,0.388129,0.603266,0.921821,0.000000,0.202551,0.000000
4259,0,keep/sharp,0.422664,0.813479,0.118288,0.000000,0.218579,0.000000
4260,0,keep/sharp,0.356257,0.731003,0.118397,0.000000,0.236134,0.000000
4261,0,keep/sharp,0.369361,0.698722,0.610402,0.000000,0.263528,0.000000
4262,0,keep/sharp,0.355155,0.804201,1.145977,0.000000,0.447166,0.000000
4263,0,keep/sharp,0.355364,0.327705,0.013478,0.000000,0.000000,0.000000
4264,0,keep/sharp,0.389856,0.624847,0.265837,0.000000,0.280375,0.331111
4265,0,keep/sharp,0.373424,0.822190,0.467584,0.000000,0.000000,0.000000
4266,0,keep/sharp,0.325160,0.644068,0.095454,0.000461,0.712440,0.000000
4267,0,keep/sharp,0.346045,0.485020,1.162229,0.000000,0.166588,0.000000
4268,0,keep/sharp,0.439514,0.785417,0.164259,0.000000,0.240803,0.000000
4269,0,keep/sharp,0.425097,0.784204,0.233383,0.000000,0.039261,0.000000
4270,0,keep/sharp,0.462800,0.679657,0.131277,0.000000,0.034111,0.000000
4271,0,keep/sharp,0.454529,1.074836,2.028749,0.000000,0.191559,0.000000
4272,0,keep/sharp,0.441893,0.539586,0.318501,0.000000,0.250616,0.000000
4273,0,keep/sharp,0.463886,0.888664,0.912351,0.000000,0.190839,0.000000
4274,0,keep/sharp,0.496247,0.762174,0.671522,0.000000,0.258896,0.000000
4275,0,keep/sharp,0.399832,0.427619,0.303825,0.000000,0.037623,0.000000
4276,0,keep/sharp,0.420168,0.487657,1.003301,0.000000,0.074619,0.000000
4277,0,keep/sharp,0.390897,0.702725,0.774295,0.000000,0.203003,0.000000
4278,0,keep/sharp,0.365509,0.731991,0.160263,0.000000,0.251407,0.000000
4279,0,keep/sharp,0.418632,0.429512,0.567541,0.478941,0.190663,0.000000
4280,0,keep/sharp,0.393939,1.034723,0.054145,0.000000,0.335248,0.000000
4281,0,keep/sharp,0.387857,0.688873,0.169102,0.000000,0.259073,0.000000
4282,0,keep/sharp,0.410951,0.579306,1.318695,0.000000,0.135540,0.000000
4283,0,keep/sharp,0.407312,0.530021,0.409832,0.000000,0.061422,0.000000
4284,0,keep/sharp,0.449233,0.726033,0.502470,0.000000,0.208570,0.680620
4285,0,keep/sharp,0.481436,1.065358,0.193908,0.000000,0.394636,0.680622
4286,0,keep/sharp,0.471396,0.678223,0.445021,0.000000,0.162820,0.932022
4287,0,keep/sharp,0.475260,0.759745,1.367758,0.000000,0.074549,0.000000
4288,0,keep/sharp,0.464598,0.639809,0.453002,0.764224,0.125774,0.000000
4289,0,keep/sharp,0.474130,0.369897,0.986362,0.231865,0.506852,0.000000
4290,0,keep/sharp,0.466339,0.651937,0.308279,0.000000,0.244368,0.000000
4291,0,keep/sharp,0.438027,0.703751,0.355967,0.000000,0.304360,0.000000
4292,0,keep/sharp,0.431155,0.522264,1.111361,0.000000,0.221918,0.000000
4293,0,keep/sharp,0.380824,0.685119,0.312152,0.000000,0.361415,0.147162
4294,0,keep/sharp,0.387902,0.933743,0.370013,0.069639,0.376526,0.147162
4295,0,keep/sharp,0.392780,0.998305,0.364072,0.000000,0.459469,0.000000
4296,0,keep/sharp,0.356993,0.428212,0.032468,0.000000,0.314416,0.000000
4297,0,keep/sharp,0.353588,0.491059,0.580718,0.000000,0.355612,0.000000
4298,0,keep/sharp,0.341364,0.657016,0.539238,0.000000,0.232330,0.000000
4299,0,keep/sharp,0.335848,0.702460,0.112385,0.000000,0.205766,0.141029
4300,0,keep/sharp,0.392499,0.576962,0.061654,0.438403,0.276570,0.147160
4301,0,keep/sharp,0.386050,0.509017,0.568992,0.082932,0.181770,0.159425
4302,0,keep/sharp,0.376883,0.639613,0.378226,0.000000,0.706614,0.699016
4303,0,keep/sharp,0.407234,0.541716,0.746676,0.349417,0.555867,0.705148
4304,0,keep/sharp,0.427909,0.715754,0.032333,0.000000,0.320759,1.232476
4305,0,keep/sharp,0.400740,0.604183,0.359924,0.000000,0.292931,0.000000
4306,0,keep/sharp,0.386744,0.346979,1.209207,0.000000,0.090217,0.000000
4307,0,keep/sharp,0.365373,0.662344,0.773203,0.000000,0.296074,0.000000
4308,0,keep/sharp,0.373932,0.412342,0.132854,0.000000,0.183738,0.000000
4309,0,keep/sharp,0.388624,0.156638,0.460338,0.569559,0.124905,0.018396
4310,0,keep/sharp,0.371505,0.664237,0.580121,0.000000,0.367604,0.000000
4311,0,keep/sharp,0.359297,0.858185,0.254453,0.000000,0.403685,0.000000
4312,0,keep/sharp,0.384622,0.744699,0.551326,0.000000,0.304219,0.000000
4313,0,keep/sharp,0.435679,0.523670,0.558963,0.000000,0.329647,0.000000
4314,0,keep/sharp,0.412273,0.433144,0.737414,0.000000,0.249423,0.000000
4315,0,keep/sharp,0.405032,0.490498,0.597426,0.000000,0.265518,0.000000
4316,0,keep/sharp,0.394906,0.471754,1.645936,0.000000,0.250823,0.128766
4317,0,keep/sharp,0.399239,0.469593,0.205520,0.000000,0.167901,0.692885
4318,0,keep/sharp,0.395230,0.439460,0.483995,0.000000,0.240933,0.466011
4319,0,keep/sharp,0.406950,0.900520,0.064140,0.000000,0.275980,0.735810
4320,0,keep/sharp,0.374932,0.790739,0.375489,0.000000,0.388715,0.000000
4321,0,keep/sharp,0.373663,0.722576,0.315909,0.000000,0.380844,0.000000
4322,0,keep/sharp,0.363791,0.547730,0.661648,0.000000,0.640184,0.000000
4323,0,keep/sharp,0.398790,0.813613,0.518309,0.000000,0.431315,0.153294
4324,0,keep/sharp,0.377562,0.625586,0.067478,0.190455,0.000000,0.000000
4325,0,keep/sharp,0.353377,0.644426,0.046020,0.104309,0.287057,0.000000
4326,0,keep/sharp,0.338877,0.773853,0.992554,0.000000,0.488749,0.128764
4327,0,keep/sharp,0.312547,0.749198,0.022226,0.000000,0.166893,0.000000
4328,0,keep/sharp,0.329013,0.475046,0.043824,0.000000,0.291770,0.000000
4329,0,keep/sharp,0.375343,0.565654,0.488385,0.000000,0.197128,0.000000
4330,0,keep/sharp,0.400942,0.637340,0.013609,0.218797,0.302596,0.000000
4331,0,keep/sharp,0.432174,0.397371,0.613512,0.000000,0.196295,0.656093
4332,0,keep/sharp,0.507614,0.393231,0.448869,0.964110,0.612277,0.932022
4333,0,keep/sharp,0.532414,0.752537,0.982315,0.000000,0.426623,4.053070
4334,0,keep/sharp,0.572152,1.026651,0.375440,0.000000,0.382672,0.000000
4335,0,keep/sharp,0.548151,0.653530,1.336574,0.401042,0.171386,0.000000
4336,0,keep/sharp,0.531033,0.888645,0.483545,0.000000,0.848813,0.000000
4337,0,keep/sharp,0.455612,0.795041,0.946764,0.000000,0.216899,0.000000
4338,0,keep/sharp,0.426846,0.368214,0.090909,0.000000,0.162991,0.790992
4339,0,keep/sharp,0.365192,0.632161,0.741758,0.000000,0.211239,0.490536
4340,0,keep/sharp,0.327779,0.619375,0.152127,0.000000,0.193413,0.000000
4341,0,keep/sharp,0.326120,0.489933,0.000809,0.471242,0.150304,0.000000
4342,0,keep/sharp,0.345021,0.715311,0.117950,0.000000,0.303796,0.000000
4343,0,keep/sharp,0.352613,0.635316,0.129775,0.000000,0.213625,0.000000
4344,0,keep/sharp,0.389205,0.710784,0.984509,0.066388,0.111518,0.000000
4345,0,keep/sharp,0.385447,0.732016,0.230141,0.000000,0.254432,0.171688
4346,0,keep/sharp,0.400112,0.657680,1.033836,0.000000,0.040150,0.000000
4347,0,keep/sharp,0.406383,0.839435,0.702916,0.000000,0.354894,0.000002
4348,0,keep/sharp,0.397488,0.584765,0.036690,0.000000,0.465256,0.000000
4349,0,keep/sharp,0.413699,0.641468,0.548872,0.000000,0.230668,0.000000
4350,0,keep/sharp,0.405676,0.588017,0.356082,0.000000,0.113066,0.000000
4351,0,keep/sharp,0.382805,0.527845,0.933711,0.000000,0.136833,0.398562
4352,0,keep/sharp,0.430060,0.630397,0.651447,0.000000,0.197174,0.576383
4353,0,keep/sharp,0.407166,0.513955,0.840671,0.000000,0.277129,0.367903
4354,0,keep/sharp,0.412001,0.516331,0.090456,0.712774,0.052873,0.122633
4355,0,keep/sharp,0.387210,1.057395,0.700300,0.000000,0.223704,0.245270
4356,0,keep/sharp,0.413765,0.426992,0.244902,0.000000,0.216632,0.000000
4357,0,keep/sharp,0.503646,0.885876,0.099298,0.000000,0.313836,0.000000
4358,0,keep/sharp,0.498730,0.770863,0.226514,0.000000,0.076137,0.000000
4359,0,keep/sharp,0.501331,0.750994,0.878763,0.491211,0.197064,0.000000
4360,0,keep/sharp,0.552591,0.913746,2.460355,0.103313,0.300446,0.000000
4361,0,keep/sharp,0.538915,0.797358,0.170875,0.000000,0.200812,0.030659
4362,0,keep/sharp,0.528515,0.829361,1.015464,0.000000,0.233536,0.000000
4363,0,keep/sharp,0.486900,1.081720,0.647166,0.000000,0.510378,0.049055
4364,0,keep/sharp,0.386140,0.370842,0.286177,0.123008,0.095351,0.000000
4365,0,keep/sharp,0.406478,0.556513,0.216179,0.000000,0.032059,0.000000
4366,0,keep/sharp,0.395679,0.424367,0.583368,0.000000,0.249729,0.000000
4367,0,keep/sharp,0.394480,0.732100,0.225871,0.000000,0.838742,0.000000
4368,0,keep/sharp,0.401387,0.786140,0.582509,0.000000,0.364643,0.000000
4369,0,keep/sharp,0.413518,0.864442,0.686747,0.000000,0.365063,0.000000
4370,0,keep/sharp,0.462689,0.666958,1.173490,0.000000,0.138103,0.000000
4371,0,keep/sharp,0.462119,0.768422,0.096616,0.000000,0.219518,0.000000
4372,0,keep/sharp,0.442822,0.689359,0.307563,0.000000,0.171526,0.000000
4373,0,keep/sharp,0.414732,0.370739,0.662318,1.065728,1.094324,0.000000
4374,0,keep/sharp,0.380594,0.936050,0.211139,0.000000,0.333691,0.000000
4375,0,keep/sharp,0.383693,0.558106,0.441474,0.000000,0.173396,0.000000
4376,0,keep/sharp,0.379825,0.570162,0.408241,0.000000,0.181646,0.000000
4377,0,keep/sharp,0.336140,0.706507,0.304614,0.000000,0.292415,0.000000
4378,0,keep/sharp,0.352222,0.809666,0.117346,0.000000,0.243677,0.000000
4379,0,keep/sharp,0.372122,0.803687,0.118499,0.008048,0.133687,0.000000
4380,0,keep/sharp,0.381111,0.632838,0.353616,0.000000,0.642155,0.000000
4381,0,keep/sharp,0.397397,0.938027,0.608341,0.000000,0.240721,0.000000
4382,0,keep/sharp,0.386058,0.768403,0.678049,0.000000,0.197325,0.000000
4383,0,keep/sharp,0.391073,0.585713,0.588617,0.000000,0.201194,0.000000
4384,0,keep/sharp,0.421673,0.582493,0.808689,0.000000,0.250231,0.000000
4385,0,keep/sharp,0.414939,0.503383,0.194914,0.000000,0.147584,0.000000
4386,0,keep/sharp,0.396650,0.687392,0.388667,0.000000,0.033773,0.000000
4387,0,keep/sharp,0.394499,0.635326,1.243167,0.000000,0.122937,0.000000
4388,0,keep/sharp,0.422624,0.706560,0.648898,0.000000,0.321793,0.000000
4389,0,keep/sharp,0.471928,0.637938,0.352768,0.000000,0.296927,0.000000
4390,0,keep/sharp,0.491444,0.645281,0.457138,0.000000,0.266503,0.000000
4391,0,keep/sharp,0.452728,0.484512,1.535756,0.000000,0.257548,0.000000
4392,0,keep/sharp,0.436937,0.712362,0.599754,0.000000,0.216238,2.973888
4393,0,keep/sharp,0.471510,0.613234,0.832691,0.000000,0.210530,0.000000
4394,0,keep/sharp,0.513937,0.660455,0.331809,0.000000,0.156007,0.000000
4395,0,keep/sharp,0.485545,0.747227,0.153133,0.000000,0.579746,0.000000
4396,0,keep/sharp,0.452719,0.759602,1.048766,0.000000,0.211479,0.000000
4397,0,keep/sharp,0.418711,0.437035,1.639005,0.000000,0.208876,0.000000
4398,0,keep/sharp,0.404911,0.649736,0.215249,0.039691,1.526869,0.000000
4399,0,keep/sharp,0.398659,0.645019,0.378321,0.000000,0.280877,0.000000
4400,0,keep/sharp,0.354595,0.526295,0.157717,0.000000,0.187781,0.000000
4401,0,keep/sharp,0.317614,0.505076,0.196301,0.000000,0.089530,0.000000
4402,0,keep/sharp,0.337931,0.446210,0.350228,0.250041,0.000000,0.000000
4403,0,keep/sharp,0.372199,0.628548,0.217647,0.000000,0.115765,0.000000
4404,0,keep/sharp,0.390609,0.961223,0.277960,0.000000,0.257193,0.000000
4405,0,keep/sharp,0.446128,0.816030,1.002345,0.000000,0.333179,0.006131
4406,0,keep/sharp,0.477736,0.906693,0.721446,0.000000,0.412222,0.784861
4407,0,keep/sharp,0.470412,0.744927,0.314833,0.000000,0.309231,0.000000
4408,0,keep/sharp,0.464865,0.845735,0.701622,0.539585,0.181851,0.000000
4409,0,keep/sharp,0.451139,1.048965,0.547811,0.000000,0.284884,0.000000
4410,0,keep/sharp,0.414144,0.456845,0.040074,0.222185,0.169192,0.000000
4411,0,keep/sharp,0.416746,0.709712,0.434012,0.000000,0.159265,0.000000
4412,0,keep/sharp,0.396375,0.621015,0.892468,0.000000,0.306454,0.000000
4413,0,keep/sharp,0.344988,0.518333,0.429140,0.000000,0.307218,0.000000
4414,0,keep/sharp,0.389517,0.363319,0.672881,0.000000,0.490066,0.000000
4415,0,keep/sharp,0.399709,1.012431,0.417674,0.000000,0.299575,0.000000
4416,0,keep/sharp,0.410589,0.365352,0.111159,0.000000,0.124365,0.000000
4417,0,keep/sharp,0.461033,0.636607,0.156429,0.864933,0.838340,0.000000
4418,0,keep/sharp,0.459707,0.801987,0.530979,0.000000,0.272603,0.000000
4419,0,keep/sharp,0.427356,0.991870,0.773828,0.000000,0.320524,0.000000
4420,0,keep/sharp,0.458476,0.446697,0.814068,0.740542,1.076812,0.000000
4421,0,keep/sharp,0.415365,0.637053,0.533111,0.000000,0.089433,0.000000
4422,0,keep/sharp,0.422015,0.457478,0.300554,0.000000,0.102356,0.000000
4423,0,keep/sharp,0.382517,0.619728,0.183490,0.179455,0.787899,0.000000
4424,0,keep/sharp,0.322042,0.471355,0.255441,0.000000,0.066618,0.000000
4425,0,keep/sharp,0.327820,0.511611,0.436081,0.711939,0.326414,0.000000
4426,0,keep/sharp,0.334300,0.561401,0.218998,0.000000,0.525948,0.000000
4427,0,keep/sharp,0.334576,0.650799,0.070345,0.000000,0.317785,0.000000
4428,0,keep/sharp,0.343510,0.624760,0.592642,0.018188,0.270053,0.000000
4429,0,keep/sharp,0.372325,0.343758,0.120292,0.449665,0.405951,0.000000
4430,0,keep/sharp,0.433429,0.789202,0.378356,0.000000,0.205911,0.000000
4431,0,keep/sharp,0.449766,0.826477,0.009089,0.000000,0.336407,0.000000
4432,0,keep/sharp,0.444864,0.777978,0.919341,0.578229,0.338082,0.000000
4433,0,keep/sharp,0.439442,0.852261,1.366751,0.000000,0.398166,0.000000
4434,0,keep/sharp,0.444191,0.522062,0.671851,0.000000,0.038708,0.000000
4435,0,keep/sharp,0.459452,0.713880,0.448386,0.000000,0.167309,0.000000
4436,0,keep/sharp,0.420105,0.643055,0.094296,0.000000,0.232957,0.000000
4437,0,keep/sharp,0.386454,0.523770,0.609089,0.000000,0.236209,0.754202
4438,0,keep/sharp,0.401962,0.660539,0.558655,0.015759,0.192907,0.000000
4439,0,keep/sharp,0.394084,0.464736,0.822579,0.000000,0.135987,0.000000
4440,0,keep/sharp,0.426323,0.651784,0.778921,0.124354,0.226970,0.000000
4441,0,keep/sharp,0.409497,0.509064,0.681123,0.201829,0.581866,0.000000
4442,0,keep/sharp,0.416824,0.613782,0.276111,0.000000,0.403053,0.000000
4443,0,keep/sharp,0.397438,0.510245,0.816694,0.000000,0.272787,0.735808
4444,0,keep/sharp,0.384496,0.202787,0.128693,0.641303,0.436686,0.000000
4445,0,keep/sharp,0.346291,0.594087,0.717239,0.000000,0.405648,0.000000
4446,0,keep/sharp,0.382765,0.409524,0.449855,0.000000,0.106084,0.000000
4447,0,keep/sharp,0.407518,0.424844,0.419918,0.557462,0.172735,0.000000
4448,0,keep/sharp,0.447618,0.604008,0.054522,0.000000,0.104639,0.000000
4449,0,keep/sharp,0.480975,0.708412,0.939333,0.142966,0.318710,0.000000
4450,0,keep/sharp,0.562242,0.476452,1.233936,0.000000,1.029864,0.000000
4451,0,keep/sharp,0.549088,0.768578,0.972033,0.000000,0.358517,0.000000
4452,0,keep/sharp,0.556573,0.646780,1.159080,0.504155,0.154003,0.000000
4453,0,keep/sharp,0.553858,0.666965,1.077154,1.115697,0.537074,0.000000
4454,0,keep/sharp,0.528013,0.376894,0.580167,0.000000,0.133351,0.000000
4455,0,keep/sharp,0.479605,0.437334,0.368879,0.000000,0.145877,0.000000
4456,0,keep/sharp,0.444959,0.353330,0.894168,0.653724,0.228334,0.000000
4457,0,keep/sharp,0.394143,0.622088,0.517677,0.181485,0.675748,0.000000
4458,0,keep/sharp,0.388344,0.550979,0.153607,0.000000,0.192957,0.000000
4459,0,keep/sharp,0.392607,0.656349,0.491300,0.000000,0.758482,0.000000
4460,0,keep/sharp,0.351625,0.576899,0.585487,0.205604,0.736593,0.000000
4461,0,keep/sharp,0.339276,0.622359,0.064024,0.178321,0.187857,0.000000
4462,0,keep/sharp,0.392210,0.640083,0.239055,0.000000,0.223065,0.000000
4463,0,keep/sharp,0.372649,0.696795,0.034893,0.000000,0.397341,0.000000
4464,0,keep/sharp,0.374025,0.400816,0.776928,0.000000,0.171552,0.000000
4465,0,keep/sharp,0.397745,0.371316,1.252106,0.000000,0.892141,0.000000
4466,0,keep/sharp,0.414404,0.684923,0.136411,0.000000,0.368277,0.226874
4467,0,keep/sharp,0.434558,0.762305,0.665932,0.000000,0.430469,0.220743
4468,0,keep/sharp,0.441321,0.779415,0.457170,0.000000,0.490203,0.000000
4469,0,keep/sharp,0.428024,0.873839,0.351194,0.000000,0.320734,0.000000
4470,0,keep/sharp,0.477745,0.688533,0.588892,0.000000,0.162522,0.000000
4471,0,keep/sharp,0.460990,0.530654,0.792180,0.000000,0.202019,0.000000
4472,0,keep/sharp,0.458514,0.722102,0.618149,0.380212,0.180196,0.000000
4473,0,keep/sharp,0.481681,0.838627,1.202625,0.000000,0.224562,0.000000
4474,0,keep/sharp,0.474945,0.476165,0.167427,0.509051,0.614984,0.000000
4475,0,keep/sharp,0.448822,0.636838,0.647843,0.000000,0.209636,0.000002
4476,0,keep/sharp,0.420877,0.162365,0.946079,0.975970,0.124728,0.000000
4477,0,keep/sharp,0.385926,0.704371,0.337835,0.000000,0.378573,0.000000
4478,0,keep/sharp,0.415825,0.471950,0.261503,0.000000,0.195867,0.000000
4479,0,keep/sharp,0.467860,0.679526,0.218320,0.000000,0.386446,0.000000
4480,0,keep/sharp,0.440357,0.807094,0.392255,0.000000,0.358033,0.000000
4481,0,keep/sharp,0.498267,0.683579,1.025184,0.000000,0.557968,0.000000
4482,0,keep/sharp,0.502876,0.384869,1.833111,0.267594,0.322378,0.000000
4483,0,keep/sharp,0.559521,0.681160,0.438798,0.000000,0.323168,0.000000
4484,0,keep/sharp,0.537035,0.917506,1.478358,0.000000,0.277470,0.000000
4485,0,keep/sharp,0.548144,0.603671,0.231657,0.000000,0.212515,0.000000
4486,0,keep/sharp,0.527750,0.116909,1.219471,0.841662,0.967899,0.000000
4487,0,keep/sharp,0.516433,0.536082,0.198333,0.000000,0.224863,0.000000
4488,0,keep/sharp,0.449015,0.487473,1.218928,0.517921,0.246229,0.000000
4489,0,keep/sharp,0.502463,0.563181,0.947978,0.604652,0.355584,0.000000
4490,0,keep/sharp,0.444190,0.799113,0.020958,0.000000,0.447572,0.000000
4491,0,keep/sharp,0.460370,0.811609,0.014925,0.000000,0.390048,0.000000
4492,0,keep/sharp,0.411145,0.268764,0.564768,0.874027,1.704628,0.000000
4493,0,keep/sharp,0.366804,0.774452,0.097354,0.000000,0.366677,0.000000
4494,0,keep/sharp,0.373904,0.593682,0.492415,0.000000,0.264962,0.000000
4495,0,keep/sharp,0.378040,0.090193,0.508695,0.103412,0.962645,0.000000
4496,0,keep/sharp,0.338309,0.000000,0.839585,0.270110,0.070346,0.000000
4497,0,keep/sharp,0.340959,0.584148,0.265157,0.243662,0.321570,0.000000
4498,0,keep/sharp,0.338208,0.469048,0.100637,0.205093,0.890291,0.000000
4499,0,keep/sharp,0.364161,0.772135,0.355914,0.000000,0.270523,0.000000
4500,0,keep/sharp,0.395590,0.677294,0.250677,0.000000,0.368081,0.000000
4501,0,keep/sharp,0.427863,0.632311,0.430613,0.000000,0.167536,0.000000
4502,0,keep/sharp,0.440528,0.740393,0.820763,0.000000,0.234511,0.000000
4503,0,keep/sharp,0.444451,0.676692,0.998942,0.000000,0.295507,0.000000
4504,0,keep/sharp,0.454980,0.778330,0.606115,0.000000,1.246295,0.091976
4505,0,keep/sharp,0.463088,0.489032,0.749792,0.000000,0.224487,0.128768
4506,0,keep/sharp,0.424271,0.612781,0.634881,0.000000,0.177062,0.000000
4507,0,keep/sharp,0.388373,0.615294,0.538283,0.059947,0.233263,0.122637
4508,0,keep/sharp,0.350437,0.969020,0.198881,0.000000,0.397376,0.000000
4509,0,keep/sharp,0.327441,0.661440,0.013023,0.000000,0.254275,0.000000
4510,0,keep/sharp,0.333998,0.835581,0.006571,0.000000,0.367856,0.000000
4511,0,keep/sharp,0.332538,0.672218,0.278845,0.000000,0.182381,0.000000
4512,0,keep/sharp,0.371821,0.379668,0.217812,0.161640,0.288053,0.000000
4513,0,keep/sharp,0.418511,0.843955,0.417334,0.000000,0.543653,0.000000
4514,0,keep/sharp,0.407645,0.747000,0.454288,0.000000,0.196780,0.000000
4515,0,keep/sharp,0.424408,0.825561,1.267055,0.000000,0.288090,0.000000
4516,0,keep/sharp,0.454603,0.593835,0.848179,0.434205,0.193353,0.000000
4517,0,keep/sharp,0.440344,0.410394,0.216681,0.000000,0.254180,0.000000
4518,0,keep/sharp,0.461851,0.685425,0.590104,0.000000,0.323143,0.000000
4519,0,keep/sharp,0.423549,0.688199,0.686840,0.000000,0.362744,0.000000
4520,0,keep/sharp,0.403266,0.648324,0.363736,0.000000,0.339423,0.000000
4521,0,keep/sharp,0.477005,0.639959,0.977638,0.020269,0.329814,0.000000
4522,0,keep/sharp,0.501318,0.752066,0.296073,0.000000,0.370347,0.901363
4523,0,keep/sharp,0.495479,0.566723,0.326643,0.493491,0.181187,0.324984
4524,0,keep/sharp,0.507643,0.378883,1.448261,0.292422,0.094041,1.974416
4525,0,keep/sharp,0.478709,0.637639,0.107340,1.279866,0.263372,1.195686
4526,0,keep/sharp,0.519149,0.780687,0.387151,0.000000,0.271299,0.705148
4527,0,keep/sharp,0.529448,0.614783,0.708728,0.000000,0.241584,0.000000
4528,0,keep/sharp,0.495200,0.384317,0.615578,0.000000,0.253608,0.000000
4529,0,keep/sharp,0.472943,0.521055,1.620285,0.000000,0.261537,0.000000
4530,0,keep/sharp,0.459521,0.440767,0.685317,0.482018,0.326723,0.000000
4531,0,keep/sharp,0.424089,0.577835,0.580662,0.513150,0.258209,0.000000
4532,0,keep/sharp,0.411646,0.707093,0.632870,0.000000,0.278386,0.000000
4533,0,keep/sharp,0.380007,0.391943,0.377298,0.000000,0.779494,0.000000
4534,0,keep/sharp,0.358072,0.493101,0.049823,0.000000,0.181094,0.000000
4535,0,keep/sharp,0.361634,0.747137,0.005976,0.000000,0.195531,0.000000
4536,0,keep/sharp,0.402333,0.674491,0.422734,0.000000,1.126018,0.000000
4537,0,keep/sharp,0.429894,0.651005,0.364919,0.000000,0.232963,0.000000
4538,0,keep/sharp,0.450938,0.671647,0.925767,0.000000,0.273025,0.018396
4539,0,keep/sharp,0.459795,0.917761,1.325777,0.000000,0.335847,0.000000
4540,0,keep/sharp,0.421260,1.023481,0.570762,0.000000,0.308583,0.000000
4541,0,keep/sharp,0.410246,0.685939,0.256136,0.000000,0.393570,0.000000
4542,0,keep/sharp,0.370721,0.670338,0.247547,0.000000,0.280126,0.000000
4543,0,keep/sharp,0.336649,0.390075,0.193044,0.000000,0.182556,0.000000
4544,0,keep/sharp,0.290724,0.378646,0.148254,0.423254,0.029563,0.061320
4545,0,keep/sharp,0.284096,0.602674,0.053747,0.000000,0.400213,0.000000
4546,0,keep/sharp,0.276748,0.911414,0.539587,0.000000,0.395210,0.000000
4547,0,keep/sharp,0.323480,0.600825,0.009901,0.000000,0.135128,0.000000
4548,0,keep/sharp,0.357710,0.599322,0.240768,0.000000,0.263206,0.000000
4549,0,keep/sharp,0.370631,0.711211,0.036903,0.000000,0.293447,0.000000
4550,0,keep/sharp,0.330681,0.580326,1.005203,0.100908,0.106485,0.104241
4551,0,keep/sharp,0.426885,0.568241,0.693576,0.436846,0.144170,0.000000
4552,0,keep/sharp,0.432893,0.012490,0.831304,0.338578,0.000000,0.000000
4553,0,keep/sharp,0.476556,0.405742,0.164566,0.119421,0.078853,0.000000
4554,0,keep/sharp,0.460132,0.706806,1.927997,0.184799,0.188182,0.000000
4555,0,keep/sharp,0.449311,0.375166,0.678254,0.000000,0.043912,0.000000
4556,0,keep/sharp,0.425730,0.644105,0.853569,0.184077,0.561008,0.000000
4557,0,keep/sharp,0.441330,0.697631,0.466948,0.092811,0.303911,0.000000
4558,0,keep/sharp,0.354607,0.669309,0.393842,0.249119,0.378781,0.000000
4559,0,keep/sharp,0.370888,0.033011,0.178275,0.426867,0.098236,0.000002
4560,0,keep/sharp,0.352049,0.000000,0.960442,0.054129,0.066940,0.000000
4561,0,keep/sharp,0.318778,0.207710,0.650859,0.000000,0.015152,0.000000
4562,0,keep/sharp,0.326907,0.147921,0.599154,0.646598,0.580635,0.000000
4563,0,keep/sharp,0.334274,0.085912,0.752813,0.694373,0.182287,0.000000
4564,0,keep/sharp,0.329769,0.215541,0.327834,0.000000,0.097860,0.000000
4565,0,keep/sharp,0.322058,0.192140,0.111000,1.759429,0.000000,0.018394
4566,0,keep/sharp,0.351550,0.426893,0.101800,0.167171,0.216978,0.000000
4567,0,keep/sharp,0.329980,0.315643,0.074950,0.684731,0.146435,0.000000
4568,0,keep/sharp,0.360120,0.214266,0.086090,0.145657,0.000000,1.778200
4569,0,keep/sharp,0.347353,0.288624,0.750988,0.929477,0.205472,1.998943
4570,0,keep/sharp,0.345490,0.351465,0.044520,0.620100,0.226093,0.000000
4571,0,keep/sharp,0.331260,0.443704,0.705703,0.000000,0.309446,0.000000
4572,0,keep/sharp,0.357971,0.945229,0.118157,0.000000,0.554134,0.079714
4573,0,keep/sharp,0.366666,0.438182,0.127882,0.084265,0.164692,0.000000
4574,0,keep/sharp,0.345658,0.405564,0.147942,0.000000,0.158308,0.000000
4575,0,keep/sharp,0.400803,0.398771,0.283871,0.780955,0.162189,0.000000
4576,0,keep/sharp,0.401424,0.546807,0.972633,0.636096,0.819378,0.110372
4577,0,keep/sharp,0.484915,0.303642,0.078359,0.000000,0.169607,0.000000
4578,0,keep/sharp,0.544824,0.250756,1.745857,0.000000,0.202546,2.685694
4579,0,keep/sharp,0.535185,0.501912,0.024130,0.000000,0.863342,2.667300
4580,0,keep/sharp,0.514904,0.735514,1.650688,0.000000,0.440727,0.171688
4581,0,keep/sharp,0.561044,0.866543,0.494816,0.000000,0.511000,2.624379
4582,0,keep/sharp,0.495639,0.809978,0.199273,0.000000,0.222164,0.000000
4583,0,keep/sharp,0.497397,0.000000,1.633286,0.277535,0.000000,0.000000
4584,0,keep/sharp,0.411586,0.543942,0.882255,0.000000,0.183641,0.000000
4585,0,keep/sharp,0.360588,0.525479,0.397059,0.000000,0.303873,0.000000
4586,0,keep/sharp,0.369248,0.000000,0.850023,0.653724,0.000000,0.000000
4587,0,keep/sharp,0.378634,0.166880,0.307472,0.184974,0.059074,0.000000
4588,0,keep/sharp,0.358738,0.105919,0.322622,0.444993,0.160143,0.000000
4589,0,keep/sharp,0.385528,0.297716,0.845639,0.000000,0.338259,0.000000
4590,0,keep/sharp,0.402441,0.275814,0.177814,1.615641,1.164746,0.000000
4591,0,keep/sharp,0.443830,0.547770,0.396559,0.000000,0.268171,0.000000
4592,0,keep/sharp,0.469320,0.885237,0.592206,0.000000,0.463088,0.000000
4593,0,keep/sharp,0.485124,0.487963,1.081406,0.000000,0.362326,0.012265
4594,0,keep/sharp,0.470943,0.909827,0.547010,0.000000,0.336390,0.000000
4595,0,keep/sharp,0.479291,0.551534,0.737157,0.000000,0.277971,0.000000
4596,0,keep/sharp,0.467499,0.477628,0.738454,0.390241,0.371793,0.000000
4597,0,keep/sharp,0.446035,0.716153,0.674754,0.321748,0.325072,0.000000
4598,0,keep/sharp,0.415734,0.775802,0.364674,0.000000,0.267435,0.000000
4599,0,keep/sharp,0.406028,0.493918,0.675528,0.000000,0.538258,0.000000
4600,0,keep/sharp,0.387483,0.221010,0.980417,0.000000,0.043647,0.000000
4601,0,keep/sharp,0.352112,0.739489,0.046365,0.000000,0.288019,0.000000
4602,0,keep/sharp,0.349897,0.490834,0.635794,0.000000,0.125405,0.000000
4603,0,keep/sharp,0.328830,0.511081,0.626650,0.000000,0.210606,0.000000
4604,0,keep/sharp,0.323850,0.347094,0.039781,0.587498,0.337567,0.000000
4605,0,keep/sharp,0.358011,0.686304,0.395393,0.000000,0.223832,0.141031
4606,0,keep/sharp,0.382213,0.323842,0.273397,0.129536,0.203789,0.797124
4607,0,keep/sharp,0.437863,0.683950,0.098774,0.000000,0.873346,0.000000
4608,0,keep/sharp,0.448221,0.606636,0.934721,0.000000,0.223413,0.226872
4609,0,keep/sharp,0.537859,0.808335,0.792464,0.000000,0.338696,0.000000
4610,0,keep/sharp,0.531821,0.317189,1.164751,1.083281,0.565489,0.000000
4611,0,keep/sharp,0.523209,0.620423,0.426535,0.000000,0.252144,0.202347
4612,0,keep/sharp,0.492735,0.259947,1.835205,1.525023,0.061943,0.000000
4613,0,keep/sharp,0.519270,0.000000,0.748037,0.000000,0.004648,0.000000
4614,0,keep/sharp,0.508688,0.501690,0.349062,0.000000,0.180047,0.000000
4615,0,keep/sharp,0.618974,0.130374,0.315000,0.691309,0.064517,0.000000
4616,0,keep/sharp,0.561966,0.000000,1.233706,1.398489,0.203649,0.000000
4617,0,keep/sharp,0.564116,0.000000,1.041888,1.596979,0.116808,0.000000
4618,0,keep/sharp,0.652882,0.000000,1.639162,2.589456,0.440876,0.000000
4619,0,keep/sharp,0.668191,0.340896,1.093711,0.000000,0.126464,2.685694
4620,0,keep/sharp,0.591254,0.243536,0.213573,0.430505,0.112674,0.000000
4621,0,keep/sharp,0.621575,0.043471,2.128598,0.945398,0.173232,0.000000
4622,0,keep/sharp,0.522179,0.328503,0.543671,0.513337,0.197813,0.000000
4623,0,keep/sharp,0.549899,0.374711,0.157704,0.000000,0.122419,0.000000
4624,0,keep/sharp,0.597650,0.268032,1.303039,1.454150,0.802653,0.000000
4625,0,keep/sharp,0.513159,0.318969,0.080495,1.417724,0.020081,0.000000
4626,0,keep/sharp,0.524830,0.666410,1.166637,0.764150,0.117050,0.821651
4627,0,keep/sharp,0.586657,0.000000,0.514434,1.269077,0.855154,0.809389
4628,0,keep/sharp,0.552412,0.313738,0.435842,0.000000,0.095103,1.391899
4629,0,keep/sharp,0.589898,0.006825,0.059951,1.663952,0.774423,0.116504
4630,0,keep/sharp,0.492324,0.000000,1.148535,0.386940,0.806576,1.416428
4631,0,keep/sharp,0.428491,0.000000,1.505398,0.882698,0.000000,0.000000
4632,0,keep/sharp,0.511000,0.000000,0.238083,1.995504,1.537839,0.000000
4633,0,keep/sharp,0.528697,0.240910,0.056506,0.000000,0.100084,0.000000
4634,0,keep/sharp,0.521011,0.081959,0.355945,0.000000,0.000000,0.000000
4635,0,keep/sharp,0.475596,0.000000,1.877735,1.284388,0.192816,0.000000
4636,0,keep/sharp,0.390482,0.000000,1.581132,0.541765,0.000000,0.000000
4637,0,keep/sharp,0.395317,0.093613,0.983096,0.961344,0.088664,0.000000
4638,0,keep/sharp,0.414631,0.000000,0.290931,1.119646,0.053751,0.000000
4639,0,keep/sharp,0.348739,0.207089,0.085298,0.000000,0.108300,0.000000
4640,0,keep/sharp,0.328869,0.201605,0.156864,0.002317,0.216858,0.000000
4641,0,keep/sharp,0.318849,0.341327,0.339745,0.220491,0.115826,0.000000
4642,0,keep/sharp,0.314522,0.340662,0.809020,0.275729,0.107532,0.000000
4643,0,keep/sharp,0.419667,0.533151,0.666268,0.000000,0.864674,0.000000
4644,0,keep/sharp,0.512712,0.696945,0.737653,0.047888,0.304594,0.000000
4645,0,keep/sharp,0.551003,0.126056,0.831653,0.000000,0.141982,0.000000
4646,0,keep/sharp,0.550640,0.955994,1.689417,0.000000,0.225523,0.000000
4647,0,keep/sharp,0.525097,0.688312,1.735023,0.041086,0.279760,0.000000
4648,0,keep/sharp,0.502703,0.306586,0.915924,0.690200,0.086716,0.000000
4649,0,keep/sharp,0.501795,0.191781,0.862501,0.450487,0.000000,0.000000
4650,0,keep/sharp,0.449335,0.451629,0.437960,0.000000,0.168285,0.000000
4651,0,keep/sharp,0.372047,0.569136,0.408033,0.000000,0.257118,0.000000
4652,0,keep/sharp,0.348504,0.566882,0.000086,0.465162,0.282333,0.000000
4653,0,keep/sharp,0.335767,0.597611,0.774622,0.000000,0.424541,0.000000
4654,0,keep/sharp,0.360702,0.634434,0.047082,0.021726,0.302026,0.000000
4655,0,keep/sharp,0.386167,0.902734,0.127931,0.085797,0.366716,0.000000
4656,0,keep/sharp,0.415754,0.570736,0.430801,0.000000,0.250732,0.000000
4657,0,keep/sharp,0.414327,0.493918,0.890797,0.018874,0.312675,0.000000
4658,0,keep/sharp,0.417110,0.176984,1.324349,0.000000,0.253635,0.245268
4659,0,keep/sharp,0.481504,0.750174,0.601728,0.000000,0.848549,0.000000
4660,0,keep/sharp,0.509807,0.618905,0.754816,0.000000,0.339241,0.000000
4661,0,keep/sharp,0.478050,0.677050,0.051602,0.000000,0.385966,0.000000
4662,0,keep/sharp,0.442899,0.683093,1.356291,0.355023,1.005269,0.000000
4663,0,keep/sharp,0.414924,0.564404,0.584490,0.707280,0.223889,0.000000
4664,0,keep/sharp,0.396197,0.638506,0.048243,0.000000,0.309928,0.000000
4665,0,keep/sharp,0.408025,0.623316,0.041947,0.000000,0.502347,0.000000
4666,0,keep/sharp,0.342982,0.526352,0.271996,0.000000,0.272930,0.852312
4667,0,keep/sharp,0.291231,0.529039,0.340424,0.048498,0.212960,0.576383
4668,0,keep/sharp,0.322291,0.425247,0.489843,0.069390,0.446062,0.000000
4669,0,keep/sharp,0.347365,0.132307,0.448052,0.744778,0.219803,0.000000
4670,0,keep/sharp,0.365480,0.391943,0.129364,0.000000,0.108660,0.000000
4671,0,keep/sharp,0.403407,0.492571,0.468746,0.613049,0.276368,0.000000
4672,0,keep/sharp,0.413531,0.527156,0.806953,0.000000,0.229175,0.000000
4673,0,keep/sharp,0.394422,0.567051,0.646709,0.000000,0.614995,0.000000
4674,0,keep/sharp,0.443977,0.579072,1.242943,0.036177,0.231529,0.000000
4675,0,keep/sharp,0.452655,0.495109,0.775700,0.000000,0.250736,0.000000
4676,0,keep/sharp,0.443559,0.260000,0.426220,0.014924,0.180293,0.000000
4677,0,keep/sharp,0.441932,0.760730,0.518297,0.256419,0.278091,0.778728
4678,0,keep/sharp,0.442296,0.546333,0.458884,0.850146,0.239021,0.000000
4679,0,keep/sharp,0.470676,0.853043,0.018530,0.000000,0.414731,1.214080
4680,0,keep/sharp,0.475673,0.794090,0.391932,0.071944,0.478735,0.000000
4681,0,keep/sharp,0.454315,0.668059,1.098328,0.000000,0.470234,0.000000
4682,0,keep/sharp,0.451449,0.369268,0.735311,1.207037,0.112296,0.000000
4683,0,keep/sharp,0.433421,0.578633,0.181721,0.000000,0.334163,0.000000
4684,0,keep/sharp,0.408385,0.996419,0.016626,0.000000,0.533552,0.000000
4685,0,keep/sharp,0.374089,0.397287,1.111074,0.000000,0.318249,0.000000
4686,0,keep/sharp,0.347247,0.592921,0.133998,0.000000,0.220944,0.000000
4687,0,keep/sharp,0.341146,0.600407,0.123794,0.000000,0.327095,0.000000
4688,0,keep/sharp,0.324479,0.519483,0.574705,0.000000,0.193743,0.000000
4689,0,keep/sharp,0.290141,0.470522,0.609096,0.000000,0.832337,0.000000
4690,0,keep/sharp,0.319779,0.564912,0.116921,0.000000,0.180009,0.000000
4691,0,keep/sharp,0.364923,0.735614,0.008709,0.000000,0.233779,0.000000
4692,0,keep/sharp,0.369701,0.549894,0.175942,0.074834,0.212210,0.000000
4693,0,keep/sharp,0.404594,1.102824,0.204844,0.000000,0.492066,0.000000
4694,0,keep/sharp,0.406537,0.636648,1.094289,0.000000,0.362812,0.000000
4695,0,keep/sharp,0.403011,0.878671,0.279704,0.000000,0.336554,0.000000
4696,0,keep/sharp,0.409798,0.800151,1.241941,0.000000,0.329632,0.190084
4697,0,keep/sharp,0.436492,0.610113,0.062569,0.000000,0.320782,0.000000
4698,0,keep/sharp,0.482821,0.618097,0.087056,0.000000,0.119446,0.000000
4699,0,keep/sharp,0.528507,0.804298,0.088787,0.000000,0.334471,0.000000
4700,0,keep/sharp,0.512082,0.718900,1.049405,0.000000,0.387824,1.054659
4701,0,keep/sharp,0.578601,0.581429,2.110643,0.122996,0.352281,0.000000
4702,0,keep/sharp,0.605375,0.600775,1.610701,0.000000,0.232384,0.061318
4703,0,keep/sharp,0.605707,0.763617,0.964972,0.022947,0.215443,0.000000
4704,0,keep/sharp,0.569063,0.644031,1.544415,0.000000,0.288171,0.000000
4705,0,keep/sharp,0.553669,0.256128,0.971697,0.076030,0.161473,0.000000
4706,0,keep/sharp,0.546902,0.638490,0.269875,0.000000,0.300572,0.000000
4707,0,keep/sharp,0.561364,0.568999,0.441079,0.232039,0.210536,0.000000
4708,0,keep/sharp,0.611155,0.368853,1.174268,0.944265,0.899043,0.000000
4709,0,keep/sharp,0.715290,0.787889,1.206548,0.000000,0.439485,0.000000
4710,1,small pool,0.853444,0.646157,0.186977,1.169888,1.259819,0.000000
4711,1,small pool,0.979988,0.278330,1.755220,0.958853,1.804397,0.000000
4712,1,small pool,1.114470,0.107107,1.773103,2.055053,0.910085,0.000000
4713,1,small pool,1.336206,0.434980,1.836359,1.807803,1.507248,0.000000
4714,1,small pool,1.427493,0.057734,1.819377,2.468515,1.209639,0.000000
4715,1,small pool,1.360855,0.001219,2.602997,3.751196,0.825954,0.000000
4716,1,small pool,1.281643,0.000000,3.238103,4.554389,1.745933,0.000000
4717,1,small pool,1.183111,0.363890,0.172714,4.283282,1.619507,0.000000
4718,1,small pool,1.085836,0.252758,0.982724,0.000000,1.734648,0.000000
