timeS,altitudeFineKm,incidenceFineDeg,distanceFineKm,groundTrackFineKm,latFineDeg,lonFineDeg,rangeRateKmS,dopplerHz,aliasHz_prf_737_7,foldOrder_prf_737_7,aliasHz_prf_1000,foldOrder_prf_1000,aliasHz_prf_1500,foldOrder_prf_1500,aliasHz_prf_2200,foldOrder_prf_2200,aliasHz_prf_3000,foldOrder_prf_3000
-240,346.561,8.372,298.234,-920.569,-0.459,167.585,-2.94399999999996,1178.41523551602,-296.984764483984,2,178.415235516016,1,-321.584764483984,1,-1021.58476448398,1,1178.41523551602,-0
-239.5,345.43325,8.42875,296.762,-919.0315,-0.4595,167.6415,-2.94400000000002,1178.41523551604,-296.984764483962,2,178.415235516038,1,-321.584764483962,1,-1021.58476448396,1,1178.41523551604,-0
-239,344.3055,8.4855,295.29,-917.494,-0.46,167.698,-2.94400000000002,1178.41523551604,-296.984764483962,2,178.415235516038,1,-321.584764483962,1,-1021.58476448396,1,1178.41523551604,-0
-238.5,343.17775,8.54225,293.818,-915.9565,-0.4605,167.7545,-2.94399999999996,1178.41523551602,-296.984764483984,2,178.415235516016,1,-321.584764483984,1,-1021.58476448398,1,1178.41523551602,-0
-238,342.05,8.599,292.346,-914.419,-0.461,167.811,-2.94799999999998,1180.01634317297,-295.383656827026,2,180.016343172974,1,-319.983656827026,1,-1019.98365682703,1,1180.01634317297,0
-237.5,340.929,8.65625,290.87,-912.87425,-0.46125,167.86775,-2.952,1181.61745082993,-293.782549170067,2,181.617450829933,1,-318.382549170067,1,-1018.38254917007,1,1181.61745082993,0
-237,339.808,8.7135,289.394,-911.3295,-0.4615,167.9245,-2.952,1181.61745082993,-293.782549170067,2,181.617450829933,1,-318.382549170067,1,-1018.38254917007,1,1181.61745082993,0
-236.5,338.687,8.77075,287.918,-909.78475,-0.46175,167.98125,-2.952,1181.61745082993,-293.782549170067,2,181.617450829933,1,-318.382549170067,1,-1018.38254917007,1,1181.61745082993,0
-236,337.566,8.828,286.442,-908.24,-0.462,168.038,-2.95625000000001,1183.31862771545,-292.081372284551,2,183.318627715449,1,-316.681372284551,1,-1016.68137228455,1,1183.31862771545,0
-235.5,336.45175,8.8855,284.96175,-906.688,-0.46225,168.095,-2.96050000000002,1185.01980460096,-290.380195399035,2,185.019804600965,1,-314.980195399035,1,-1014.98019539904,1,1185.01980460096,0
-235,335.3375,8.943,283.4815,-905.136,-0.4625,168.152,-2.96049999999997,1185.01980460094,-290.380195399058,2,185.019804600942,1,-314.980195399058,1,-1014.98019539906,1,1185.01980460094,0
-234.5,334.22325,9.0005,282.00125,-903.584,-0.46275,168.209,-2.96049999999997,1185.01980460094,-290.380195399058,2,185.019804600942,1,-314.980195399058,1,-1014.98019539906,1,1185.01980460094,0
-234,333.109,9.058,280.521,-902.032,-0.463,168.266,-2.96424999999999,1186.52084302934,-288.879156970656,2,186.520843029344,1,-313.479156970656,1,-1013.47915697066,1,1186.52084302934,-0
-233.5,332.0015,9.1155,279.037,-900.4725,-0.4635,168.32325,-2.96800000000002,1188.02188145775,-287.378118542255,2,188.021881457746,1,-311.978118542254,1,-1011.97811854225,1,1188.02188145775,0
-233,330.894,9.173,277.553,-898.913,-0.464,168.3805,-2.96800000000007,1188.02188145777,-287.378118542232,2,188.021881457768,1,-311.978118542232,1,-1011.97811854223,1,1188.02188145777,0
-232.5,329.7865,9.2305,276.069,-897.3535,-0.4645,168.43775,-2.96800000000002,1188.02188145775,-287.378118542255,2,188.021881457746,1,-311.978118542254,1,-1011.97811854225,1,1188.02188145775,0
-232,328.679,9.288,274.585,-895.794,-0.465,168.495,-2.97174999999999,1189.52291988612,-285.877080113875,2,189.522919886125,1,-310.477080113875,1,-1010.47708011388,1,1189.52291988612,0
-231.5,327.5785,9.346,273.09725,-894.227,-0.46525,168.5525,-2.97549999999995,1191.0239583145,-284.376041685497,2,191.023958314503,1,-308.976041685497,1,-1008.9760416855,1,1191.0239583145,0
-231,326.478,9.404,271.6095,-892.66,-0.4655,168.61,-2.97549999999995,1191.0239583145,-284.376041685497,2,191.023958314503,1,-308.976041685497,1,-1008.9760416855,1,1191.0239583145,0
-230.5,325.3775,9.462,270.12175,-891.093,-0.46575,168.6675,-2.97550000000001,1191.02395831453,-284.376041685474,2,191.023958314526,1,-308.976041685474,1,-1008.97604168547,1,1191.02395831453,0
-230,324.277,9.52,268.634,-889.526,-0.466,168.725,-2.97874999999999,1192.32485828579,-283.075141714209,2,192.324858285791,1,-307.675141714209,1,-1007.67514171421,1,1192.32485828579,0
-229.5,323.18325,9.57825,267.143,-887.95175,-0.46625,168.78275,-2.98199999999997,1193.62575825706,-281.774241742944,2,193.625758257056,1,-306.374241742944,1,-1006.37424174294,1,1193.62575825706,-0
-229,322.0895,9.6365,265.652,-886.3775,-0.4665,168.8405,-2.98200000000003,1193.62575825708,-281.774241742921,2,193.625758257079,1,-306.374241742921,1,-1006.37424174292,1,1193.62575825708,-0
-228.5,320.99575,9.69475,264.161,-884.80325,-0.46675,168.89825,-2.98200000000003,1193.62575825708,-281.774241742921,2,193.625758257079,1,-306.374241742921,1,-1006.37424174292,1,1193.62575825708,-0
-228,319.902,9.753,262.67,-883.229,-0.467,168.956,-2.98500000000001,1194.82658899979,-280.573411000214,2,194.826588999786,1,-305.173411000214,1,-1005.17341100021,1,1194.82658899979,-0
-227.5,318.81525,9.8115,261.176,-881.6475,-0.4675,169.014,-2.988,1196.02741974249,-279.372580257506,2,196.027419742494,1,-303.972580257506,1,-1003.97258025751,1,1196.02741974249,-0
-227,317.7285,9.87,259.682,-880.066,-0.468,169.072,-2.98799999999994,1196.02741974247,-279.372580257529,2,196.027419742471,1,-303.972580257529,1,-1003.97258025753,1,1196.02741974247,-0
-226.5,316.64175,9.9285,258.188,-878.4845,-0.4685,169.13,-2.988,1196.02741974249,-279.372580257506,2,196.027419742494,1,-303.972580257506,1,-1003.97258025751,1,1196.02741974249,-0
-226,315.555,9.987,256.694,-876.903,-0.469,169.188,-2.99075000000002,1197.12818125666,-278.271818743344,2,197.128181256656,1,-302.871818743344,1,-1002.87181874334,1,1197.12818125666,0
-225.5,314.47525,10.046,255.19725,-875.314,-0.46925,169.24625,-2.99350000000001,1198.22894277081,-277.171057229193,2,198.228942770807,1,-301.771057229193,1,-1001.77105722919,1,1198.22894277081,0
-225,313.3955,10.105,253.7005,-873.725,-0.4695,169.3045,-2.99350000000001,1198.22894277081,-277.171057229193,2,198.228942770807,1,-301.771057229193,1,-1001.77105722919,1,1198.22894277081,0
-224.5,312.31575,10.164,252.20375,-872.136,-0.46975,169.36275,-2.99350000000001,1198.22894277081,-277.171057229193,2,198.228942770807,1,-301.771057229193,1,-1001.77105722919,1,1198.22894277081,0
-224,311.236,10.223,250.707,-870.547,-0.47,169.421,-2.99575000000002,1199.12956582784,-276.270434172157,2,199.129565827843,1,-300.870434172157,1,-1000.87043417216,1,1199.12956582784,0
-223.5,310.16325,10.282,249.208,-868.9505,-0.4705,169.47975,-2.99799999999999,1200.03018888487,-275.369811115132,2,200.030188884868,1,-299.969811115132,1,-999.969811115132,1,1200.03018888487,0
-223,309.0905,10.341,247.709,-867.354,-0.471,169.5385,-2.99799999999999,1200.03018888487,-275.369811115132,2,200.030188884868,1,-299.969811115132,1,-999.969811115132,1,1200.03018888487,0
-222.5,308.01775,10.4,246.21,-865.7575,-0.4715,169.59725,-2.99799999999999,1200.03018888487,-275.369811115132,2,200.030188884868,1,-299.969811115132,1,-999.969811115132,1,1200.03018888487,0
-222,306.945,10.459,244.711,-864.161,-0.472,169.656,-3,1200.83074271335,-274.569257286652,2,200.830742713347,1,-299.169257286653,1,-999.169257286652,1,1200.83074271335,-0
-221.5,305.87925,10.51825,243.21,-862.557,-0.47225,169.71475,-3.00200000000001,1201.63129654183,-273.768703458173,2,201.631296541827,1,-298.368703458173,1,-998.368703458173,1,1201.63129654183,0
-221,304.8135,10.5775,241.709,-860.953,-0.4725,169.7735,-3.00200000000001,1201.63129654183,-273.768703458173,2,201.631296541827,1,-298.368703458173,1,-998.368703458173,1,1201.63129654183,0
-220.5,303.74775,10.63675,240.208,-859.349,-0.47275,169.83225,-3.00200000000001,1201.63129654183,-273.768703458173,2,201.631296541827,1,-298.368703458173,1,-998.368703458173,1,1201.63129654183,0
-220,302.682,10.696,238.707,-857.745,-0.473,169.891,-3.0035,1202.23171191318,-273.168288086819,2,202.231711913181,1,-297.768288086819,1,-997.768288086819,1,1202.23171191318,0
-219.5,301.6235,10.75575,237.2045,-856.13375,-0.47325,169.95025,-3.005,1202.83212728453,-272.567872715466,2,202.832127284535,1,-297.167872715465,1,-997.167872715465,1,1202.83212728453,0
-219,300.565,10.8155,235.702,-854.5225,-0.4735,170.0095,-3.005,1202.83212728453,-272.567872715466,2,202.832127284535,1,-297.167872715465,1,-997.167872715465,1,1202.83212728453,0
-218.5,299.5065,10.87525,234.1995,-852.91125,-0.47375,170.06875,-3.005,1202.83212728453,-272.567872715466,2,202.832127284535,1,-297.167872715465,1,-997.167872715465,1,1202.83212728453,0
-218,298.448,10.935,232.697,-851.3,-0.474,170.128,-3.00575000000001,1203.13233497022,-272.267665029783,2,203.132334970217,1,-296.867665029783,1,-996.867665029783,1,1203.13233497022,0
-217.5,297.39675,10.99475,231.19375,-849.6815,-0.4745,170.1875,-3.00650000000002,1203.4325426559,-271.9674573441,2,203.4325426559,1,-296.5674573441,1,-996.5674573441,1,1203.4325426559,0
-217,296.3455,11.0545,229.6905,-848.063,-0.475,170.247,-3.00649999999999,1203.43254265589,-271.967457344112,2,203.432542655888,1,-296.567457344112,1,-996.567457344112,1,1203.43254265589,0
-216.5,295.29425,11.11425,228.18725,-846.4445,-0.4755,170.3065,-3.00649999999999,1203.43254265589,-271.967457344112,2,203.432542655888,1,-296.567457344112,1,-996.567457344112,1,1203.43254265589,0
-216,294.243,11.174,226.684,-844.826,-0.476,170.366,-3.00700000000001,1203.63268111301,-271.767318886986,2,203.632681113014,1,-296.367318886986,1,-996.367318886986,1,1203.63268111301,0
-215.5,293.19875,11.23425,225.18025,-843.2,-0.47625,170.4255,-3.00749999999999,1203.83281957013,-271.567180429872,2,203.832819570128,1,-296.167180429872,1,-996.167180429872,1,1203.83281957013,0
-215,292.1545,11.2945,223.6765,-841.574,-0.4765,170.485,-3.00749999999999,1203.83281957013,-271.567180429872,2,203.832819570128,1,-296.167180429872,1,-996.167180429872,1,1203.83281957013,0
-214.5,291.11025,11.35475,222.17275,-839.948,-0.47675,170.5445,-3.00749999999999,1203.83281957013,-271.567180429872,2,203.832819570128,1,-296.167180429872,1,-996.167180429872,1,1203.83281957013,0
-214,290.066,11.415,220.669,-838.322,-0.477,170.604,-3.00725,1203.73275034157,-271.667249658429,2,203.732750341571,1,-296.267249658429,1,-996.267249658429,1,1203.73275034157,0
-213.5,289.02925,11.4755,219.1655,-836.6885,-0.47725,170.664,-3.00700000000001,1203.63268111301,-271.767318886986,2,203.632681113014,1,-296.367318886986,1,-996.367318886986,1,1203.63268111301,0
-213,287.9925,11.536,217.662,-835.055,-0.4775,170.724,-3.00700000000001,1203.63268111301,-271.767318886986,2,203.632681113014,1,-296.367318886986,1,-996.367318886986,1,1203.63268111301,0
-212.5,286.95575,11.5965,216.1585,-833.4215,-0.47775,170.784,-3.00700000000001,1203.63268111301,-271.767318886986,2,203.632681113014,1,-296.367318886986,1,-996.367318886986,1,1203.63268111301,0
-212,285.919,11.657,214.655,-831.788,-0.478,170.844,-3.006,1203.23240419877,-272.167595801226,2,203.232404198774,1,-296.767595801226,1,-996.767595801226,1,1203.23240419877,0
-211.5,284.8895,11.71775,213.1525,-830.147,-0.4785,170.90425,-3.005,1202.83212728453,-272.567872715466,2,202.832127284535,1,-297.167872715465,1,-997.167872715465,1,1202.83212728453,0
-211,283.86,11.7785,211.65,-828.506,-0.479,170.9645,-3.005,1202.83212728453,-272.567872715466,2,202.832127284535,1,-297.167872715465,1,-997.167872715465,1,1202.83212728453,0
-210.5,282.8305,11.83925,210.1475,-826.865,-0.4795,171.02475,-3.005,1202.83212728453,-272.567872715466,2,202.832127284535,1,-297.167872715465,1,-997.167872715465,1,1202.83212728453,0
-210,281.801,11.9,208.645,-825.224,-0.48,171.085,-3.00299999999999,1202.03157345606,-273.368426543945,2,202.031573456055,1,-297.968426543945,1,-997.968426543945,1,1202.03157345606,-0
-209.5,280.779,11.961,207.1445,-823.57575,-0.48025,171.1455,-3.001,1201.23101962759,-274.168980372413,2,201.231019627587,1,-298.768980372413,1,-998.768980372413,1,1201.23101962759,0
-209,279.757,12.022,205.644,-821.9275,-0.4805,171.206,-3.00100000000003,1201.2310196276,-274.168980372402,2,201.231019627598,1,-298.768980372402,1,-998.768980372402,1,1201.2310196276,0
-208.5,278.735,12.083,204.1435,-820.27925,-0.48075,171.2665,-3.001,1201.23101962759,-274.168980372413,2,201.231019627587,1,-298.768980372413,1,-998.768980372413,1,1201.23101962759,0
-208,277.713,12.144,202.643,-818.631,-0.481,171.327,-2.99825000000001,1200.13025811344,-275.269741886564,2,200.130258113436,1,-299.869741886564,1,-999.869741886564,1,1200.13025811344,0
-207.5,276.6985,12.20525,201.14525,-816.9755,-0.48125,171.38775,-2.99550000000002,1199.02949659929,-276.370503400714,2,199.029496599286,1,-300.970503400714,1,-1000.97050340071,1,1199.02949659929,0
-207,275.684,12.2665,199.6475,-815.32,-0.4815,171.4485,-2.99549999999999,1199.02949659927,-276.370503400725,2,199.029496599275,1,-300.970503400725,1,-1000.97050340073,1,1199.02949659927,0
-206.5,274.6695,12.32775,198.14975,-813.6645,-0.48175,171.50925,-2.99549999999999,1199.02949659927,-276.370503400725,2,199.029496599275,1,-300.970503400725,1,-1000.97050340073,1,1199.02949659927,0
-206,273.655,12.389,196.652,-812.009,-0.482,171.57,-2.99200000000002,1197.62852739945,-277.771472600548,2,197.628527399453,1,-302.371472600547,1,-1002.37147260055,1,1197.62852739945,0
-205.5,272.648,12.4505,195.15775,-810.346,-0.4825,171.63125,-2.98849999999999,1196.22755819961,-279.172441800392,2,196.227558199608,1,-303.772441800392,1,-1003.77244180039,1,1196.22755819961,-0
-205,271.641,12.512,193.6635,-808.683,-0.483,171.6925,-2.98849999999993,1196.22755819959,-279.172441800415,2,196.227558199585,1,-303.772441800415,1,-1003.77244180041,1,1196.22755819959,-0
-204.5,270.634,12.5735,192.16925,-807.02,-0.4835,171.75375,-2.98849999999999,1196.22755819961,-279.172441800392,2,196.227558199608,1,-303.772441800392,1,-1003.77244180039,1,1196.22755819961,-0
-204,269.627,12.635,190.675,-805.357,-0.484,171.815,-2.98325,1194.12610439986,-281.273895600136,2,194.126104399864,1,-305.873895600136,1,-1005.87389560014,1,1194.12610439986,0
-203.5,268.6275,12.697,189.186,-803.6865,-0.48425,171.87625,-2.97800000000001,1192.02465060012,-283.37534939988,2,192.02465060012,1,-307.97534939988,1,-1007.97534939988,1,1192.02465060012,0
-203,267.628,12.759,187.697,-802.016,-0.4845,171.9375,-2.97800000000007,1192.02465060014,-283.375349399858,2,192.024650600142,1,-307.975349399858,1,-1007.97534939986,1,1192.02465060014,0
-202.5,266.6285,12.821,186.208,-800.3455,-0.48475,171.99875,-2.97800000000001,1192.02465060012,-283.37534939988,2,192.02465060012,1,-307.97534939988,1,-1007.97534939988,1,1192.02465060012,0
-202,265.629,12.883,184.719,-798.675,-0.485,172.06,-2.97199999999998,1189.62298911468,-285.777010885318,2,189.622989114682,1,-310.377010885318,1,-1010.37701088532,1,1189.62298911468,0
-201.5,264.637,12.945,183.236,-796.99725,-0.48525,172.1215,-2.96600000000001,1187.22132762927,-288.178672370734,2,187.221327629266,1,-312.778672370734,1,-1012.77867237073,1,1187.22132762927,0
-201,263.645,13.007,181.753,-795.3195,-0.4855,172.183,-2.96600000000001,1187.22132762927,-288.178672370734,2,187.221327629266,1,-312.778672370734,1,-1012.77867237073,1,1187.22132762927,0
-200.5,262.653,13.069,180.27,-793.64175,-0.48575,172.2445,-2.96599999999998,1187.22132762925,-288.178672370745,2,187.221327629255,1,-312.778672370745,1,-1012.77867237074,1,1187.22132762926,-0
-200,261.661,13.131,178.787,-791.964,-0.486,172.306,-2.95799999999997,1184.01911231535,-291.380887684652,2,184.019112315349,1,-315.980887684651,1,-1015.98088768465,1,1184.01911231535,0
-199.5,260.67675,13.19325,177.312,-790.27875,-0.4865,172.368,-2.95000000000002,1180.81689700147,-294.583102998535,2,180.816897001465,1,-319.183102998535,1,-1019.18310299853,1,1180.81689700147,0
-199,259.6925,13.2555,175.837,-788.5935,-0.487,172.43,-2.94999999999999,1180.81689700145,-294.583102998546,2,180.816897001454,1,-319.183102998546,1,-1019.18310299855,1,1180.81689700145,-0
-198.5,258.70825,13.31775,174.362,-786.90825,-0.4875,172.492,-2.94999999999999,1180.81689700145,-294.583102998546,2,180.816897001454,1,-319.183102998546,1,-1019.18310299855,1,1180.81689700145,-0
-198,257.724,13.38,172.887,-785.223,-0.488,172.554,-2.94075000000001,1177.11433554476,-298.285664455238,2,177.114335544762,1,-322.885664455238,1,-1022.88566445524,1,1177.11433554476,0
-197.5,256.7475,13.44275,171.42125,-783.5305,-0.48825,172.616,-2.9315,1173.41177408806,-301.988225911941,2,173.411774088059,1,-326.588225911941,1,-1026.58822591194,1,1173.41177408806,0
-197,255.771,13.5055,169.9555,-781.838,-0.4885,172.678,-2.9315,1173.41177408806,-301.988225911941,2,173.411774088059,1,-326.588225911941,1,-1026.58822591194,1,1173.41177408806,0
-196.5,254.7945,13.56825,168.48975,-780.1455,-0.48875,172.74,-2.9315,1173.41177408806,-301.988225911941,2,173.411774088059,1,-326.588225911941,1,-1026.58822591194,1,1173.41177408806,0
-196,253.818,13.631,167.024,-778.453,-0.489,172.802,-2.91975000000002,1168.70852034577,-306.691479654226,2,168.708520345774,1,-331.291479654226,1,-1031.29147965423,1,1168.70852034577,0
-195.5,252.84925,13.694,165.57,-776.75325,-0.48925,172.8645,-2.90800000000002,1164.00526660348,-311.394733396523,2,164.005266603478,1,-335.994733396522,1,-1035.99473339652,1,1164.00526660348,0
-195,251.8805,13.757,164.116,-775.0535,-0.4895,172.927,-2.90799999999999,1164.00526660347,-311.394733396534,2,164.005266603466,1,-335.994733396534,1,-1035.99473339653,1,1164.00526660347,0
-194.5,250.91175,13.82,162.662,-773.35375,-0.48975,172.9895,-2.90799999999999,1164.00526660347,-311.394733396534,2,164.005266603466,1,-335.994733396534,1,-1035.99473339653,1,1164.00526660347,0
-194,249.943,13.883,161.208,-771.654,-0.49,173.052,-2.89449999999999,1158.60152826126,-316.798471738741,2,158.601528261259,1,-341.398471738741,1,-1041.39847173874,1,1158.60152826126,0
-193.5,248.982,13.946,159.7675,-769.94675,-0.4905,173.1145,-2.881,1153.19778991905,-322.202210080949,2,153.197789919051,1,-346.802210080949,1,-1046.80221008095,1,1153.19778991905,-0
-193,248.021,14.009,158.327,-768.2395,-0.491,173.177,-2.88100000000003,1153.19778991906,-322.202210080937,2,153.197789919063,1,-346.802210080937,1,-1046.80221008094,1,1153.19778991906,0
-192.5,247.06,14.072,156.8865,-766.53225,-0.4915,173.2395,-2.881,1153.19778991905,-322.202210080949,2,153.197789919051,1,-346.802210080949,1,-1046.80221008095,1,1153.19778991905,-0
-192,246.099,14.135,155.446,-764.825,-0.492,173.302,-2.86449999999999,1146.59322083413,-328.806779165875,2,146.593220834125,1,-353.406779165875,1,-1053.40677916587,1,1146.59322083413,0
-191.5,245.14575,14.1985,154.022,-763.1105,-0.49225,173.365,-2.84799999999998,1139.9886517492,-335.411348250802,2,139.988651749198,1,-360.011348250802,1,-1060.0113482508,1,1139.9886517492,-0
-191,244.1925,14.262,152.598,-761.396,-0.4925,173.428,-2.84799999999998,1139.9886517492,-335.411348250802,2,139.988651749198,1,-360.011348250802,1,-1060.0113482508,1,1139.9886517492,-0
-190.5,243.23925,14.3255,151.174,-759.6815,-0.49275,173.491,-2.84800000000001,1139.98865174921,-335.41134825079,2,139.98865174921,1,-360.01134825079,1,-1060.01134825079,1,1139.98865174921,0
-190,242.286,14.389,149.75,-757.967,-0.493,173.554,-2.82875000000001,1132.28332115013,-343.116678849867,2,132.283321150133,1,-367.716678849867,1,-1067.71667884987,1,1132.28332115013,-0
-189.5,241.341,14.45275,148.34525,-756.24525,-0.49325,173.61725,-2.80950000000001,1124.57799055106,-350.822009448944,2,124.577990551056,1,-375.422009448944,1,-1075.42200944894,1,1124.57799055106,0
-189,240.396,14.5165,146.9405,-754.5235,-0.4935,173.6805,-2.80949999999999,1124.57799055104,-350.822009448956,2,124.577990551044,1,-375.422009448956,1,-1075.42200944896,1,1124.57799055104,-0
-188.5,239.451,14.58025,145.53575,-752.80175,-0.49375,173.74375,-2.80949999999999,1124.57799055104,-350.822009448956,2,124.577990551044,1,-375.422009448956,1,-1075.42200944896,1,1124.57799055104,-0
-188,238.506,14.644,144.131,-751.08,-0.494,173.807,-2.78674999999998,1115.47169075213,-359.928309247866,2,115.471690752134,1,-384.528309247866,1,-1084.52830924787,1,1115.47169075213,0
-187.5,237.56875,14.708,142.749,-749.351,-0.4945,173.8705,-2.76399999999998,1106.36539095322,368.665390953223,1,106.365390953224,1,-393.634609046776,1,-1093.63460904678,1,1106.36539095322,0
-187,236.6315,14.772,141.367,-747.622,-0.495,173.934,-2.76400000000001,1106.36539095323,368.665390953235,1,106.365390953235,1,-393.634609046765,1,-1093.63460904677,1,1106.36539095323,-0
-186.5,235.69425,14.836,139.985,-745.893,-0.4955,173.9975,-2.76400000000001,1106.36539095323,368.665390953235,1,106.365390953235,1,-393.634609046765,1,-1093.63460904677,1,1106.36539095323,-0
-186,234.757,14.9,138.603,-744.164,-0.496,174.061,-2.73725000000002,1095.65798349738,357.957983497377,1,95.657983497377,1,-404.342016502623,1,1095.65798349738,-0,1095.65798349738,-0
-185.5,233.82775,14.96425,137.24775,-742.42775,-0.49625,174.12475,-2.71050000000002,1084.95057604152,347.250576041519,1,84.9505760415193,1,-415.049423958481,1,1084.95057604152,-0,1084.95057604152,-0
-185,232.8985,15.0285,135.8925,-740.6915,-0.4965,174.1885,-2.71050000000002,1084.95057604152,347.250576041519,1,84.9505760415193,1,-415.049423958481,1,1084.95057604152,-0,1084.95057604152,-0
-184.5,231.96925,15.09275,134.53725,-738.95525,-0.49675,174.25225,-2.7105,1084.95057604151,347.250576041508,1,84.9505760415079,1,-415.049423958492,1,1084.95057604151,0,1084.95057604151,0
-184,231.04,15.157,133.182,-737.219,-0.497,174.316,-2.67925,1072.44192247158,334.741922471577,1,72.4419224715773,1,-427.558077528423,1,1072.44192247158,-0,1072.44192247158,-0
-183.5,230.11875,15.2215,131.858,-735.47525,-0.49725,174.38,-2.648,1059.93326890165,322.233268901647,1,59.9332689016467,1,-440.066731098353,1,1059.93326890165,0,1059.93326890165,0
-183,229.1975,15.286,130.534,-733.7315,-0.4975,174.444,-2.64799999999997,1059.93326890164,322.233268901635,1,59.9332689016351,1,-440.066731098365,1,1059.93326890164,0,1059.93326890164,0
-182.5,228.27625,15.3505,129.21,-731.98775,-0.49775,174.508,-2.648,1059.93326890165,322.233268901647,1,59.9332689016467,1,-440.066731098353,1,1059.93326890165,0,1059.93326890165,0
-182,227.355,15.415,127.886,-730.244,-0.498,174.572,-2.611,1045.12302307485,307.423023074852,1,45.1230230748517,1,-454.876976925148,1,1045.12302307485,0,1045.12302307485,0
-181.5,226.442,15.48,126.599,-728.49325,-0.4985,174.63625,-2.574,1030.31277724805,292.612777248051,1,30.3127772480514,1,-469.687222751949,1,1030.31277724805,0,1030.31277724805,0
-181,225.529,15.545,125.312,-726.7425,-0.499,174.7005,-2.574,1030.31277724805,292.612777248051,1,30.3127772480514,1,-469.687222751949,1,1030.31277724805,0,1030.31277724805,0
-180.5,224.616,15.61,124.025,-724.99175,-0.4995,174.76475,-2.574,1030.31277724805,292.612777248051,1,30.3127772480514,1,-469.687222751949,1,1030.31277724805,0,1030.31277724805,0
-180,223.703,15.675,122.738,-723.241,-0.5,174.829,-2.53150000000001,1013.30100839295,275.60100839295,1,13.3010083929498,1,-486.69899160705,1,1013.30100839295,-0,1013.30100839295,-0
-179.5,222.79825,15.74,121.4935,-721.483,-0.50025,174.8935,-2.489,996.289239537842,258.589239537842,1,-3.7107604621574,1,-503.710760462157,1,996.289239537843,-0,996.289239537843,-0
-179,221.8935,15.805,120.249,-719.725,-0.5005,174.958,-2.48899999999999,996.289239537837,258.589239537837,1,-3.71076046216331,1,-503.710760462163,1,996.289239537837,-0,996.289239537837,-0
-178.5,220.98875,15.87,119.0045,-717.967,-0.50075,175.0225,-2.48899999999999,996.289239537837,258.589239537837,1,-3.71076046216331,1,-503.710760462163,1,996.289239537837,-0,996.289239537837,-0
-178,220.084,15.935,117.76,-716.209,-0.501,175.087,-2.43925,976.375463054511,238.675463054511,1,-23.6245369454887,1,-523.624536945489,1,976.375463054511,0,976.375463054511,0
-177.5,219.1875,16.00025,116.56525,-714.44375,-0.50125,175.15175,-2.38950000000001,956.461686571186,218.761686571186,1,-43.5383134288138,1,-543.538313428814,1,956.461686571186,0,956.461686571186,0
-177,218.291,16.0655,115.3705,-712.6785,-0.5015,175.2165,-2.38950000000001,956.461686571186,218.761686571186,1,-43.5383134288138,1,-543.538313428814,1,956.461686571186,0,956.461686571186,0
-176.5,217.3945,16.13075,114.17575,-710.91325,-0.50175,175.28125,-2.3895,956.461686571181,218.76168657118,1,-43.5383134288195,1,-543.538313428819,1,956.461686571181,0,956.461686571181,0
-176,216.498,16.196,112.981,-709.148,-0.502,175.346,-2.33175,933.345694773949,195.645694773949,1,-66.6543052260508,1,-566.654305226051,1,933.345694773949,0,933.345694773949,0
-175.5,215.60975,16.26175,111.844,-707.3755,-0.50225,175.41125,-2.274,910.229702976718,172.529702976718,1,-89.7702970232822,1,-589.770297023282,1,910.229702976718,-0,910.229702976718,-0
-175,214.7215,16.3275,110.707,-705.603,-0.5025,175.4765,-2.27399999999999,910.229702976712,172.529702976712,1,-89.7702970232879,1,-589.770297023288,1,910.229702976712,0,910.229702976712,-0
-174.5,213.83325,16.39325,109.57,-703.8305,-0.50275,175.54175,-2.27399999999999,910.229702976712,172.529702976712,1,-89.7702970232879,1,-589.770297023288,1,910.229702976712,0,910.229702976712,-0
-174,212.945,16.459,108.433,-702.058,-0.503,175.607,-2.20699999999999,883.411149722783,145.711149722783,1,-116.588850277217,1,-616.588850277217,1,883.411149722783,0,883.411149722783,0
-173.5,212.065,16.52475,107.363,-700.2785,-0.5035,175.67225,-2.14,856.592596468855,118.892596468855,1,-143.407403531145,1,-643.407403531145,1,856.592596468855,0,856.592596468855,-0
-173,211.185,16.5905,106.293,-698.499,-0.504,175.7375,-2.14000000000001,856.59259646886,118.89259646886,1,-143.40740353114,1,-643.40740353114,1,856.59259646886,0,856.59259646886,0
-172.5,210.305,16.65625,105.223,-696.7195,-0.5045,175.80275,-2.14,856.592596468855,118.892596468855,1,-143.407403531145,1,-643.407403531145,1,856.592596468855,0,856.592596468855,-0
-172,209.425,16.722,104.153,-694.94,-0.505,175.868,-2.06325,825.871343301103,88.1713433011033,1,-174.128656698897,1,-674.128656698897,1,825.871343301103,0,825.871343301103,-0
-171.5,208.55325,16.78825,103.15975,-693.15325,-0.50525,175.9335,-1.98649999999999,795.150090133352,57.4500901333519,1,-204.849909866648,1,-704.849909866648,1,795.150090133352,0,795.150090133352,-0
-171,207.6815,16.8545,102.1665,-691.3665,-0.5055,175.999,-1.98649999999999,795.150090133352,57.4500901333519,1,-204.849909866648,1,-704.849909866648,1,795.150090133352,0,795.150090133352,-0
-170.5,206.80975,16.92075,101.17325,-689.57975,-0.50575,176.0645,-1.98650000000001,795.150090133358,57.4500901333575,1,-204.849909866643,1,-704.849909866643,1,795.150090133357,0,795.150090133357,0
-170,205.938,16.987,100.18,-687.793,-0.506,176.13,-1.89825,759.825652451872,22.1256524518723,1,-240.174347548128,1,-740.174347548128,1,759.825652451872,0,759.825652451872,0
-169.5,205.075,17.05325,99.275,-685.99925,-0.50625,176.196,-1.81,724.501214770387,-13.1987852296128,1,-275.498785229613,1,724.501214770387,-0,724.501214770387,-0,724.501214770387,-0
-169,204.212,17.1195,98.37,-684.2055,-0.5065,176.262,-1.81,724.501214770387,-13.1987852296128,1,-275.498785229613,1,724.501214770387,-0,724.501214770387,-0,724.501214770387,-0
-168.5,203.349,17.18575,97.465,-682.41175,-0.50675,176.328,-1.81,724.501214770387,-13.1987852296128,1,-275.498785229613,1,724.501214770387,-0,724.501214770387,-0,724.501214770387,-0
-168,202.486,17.252,96.56,-680.618,-0.507,176.394,-1.71025,684.573592575168,-53.1264074248319,1,-315.426407424832,1,684.573592575168,0,684.573592575168,0,684.573592575168,0
-167.5,201.63125,17.31875,95.75475,-678.81725,-0.50725,176.46,-1.6105,644.645970379949,-93.0540296200506,1,-355.354029620051,1,644.645970379949,0,644.645970379949,0,644.645970379949,0
-167,200.7765,17.3855,94.9495,-677.0165,-0.5075,176.526,-1.6105,644.645970379949,-93.0540296200506,1,-355.354029620051,1,644.645970379949,0,644.645970379949,0,644.645970379949,0
-166.5,199.92175,17.45225,94.14425,-675.21575,-0.50775,176.592,-1.6105,644.645970379949,-93.0540296200506,1,-355.354029620051,1,644.645970379949,0,644.645970379949,0,644.645970379949,0
-166,199.067,17.519,93.339,-673.415,-0.508,176.658,-1.498,599.6148175282,-138.0851824718,1,-400.3851824718,1,599.6148175282,-0,599.6148175282,-0,599.6148175282,-0
-165.5,198.221,17.58575,92.64625,-671.607,-0.5085,176.7245,-1.38550000000001,554.583664676451,-183.116335323549,1,-445.416335323549,1,554.583664676451,0,554.583664676451,0,554.583664676451,0
-165,197.375,17.6525,91.9535,-669.799,-0.509,176.791,-1.38549999999999,554.583664676445,-183.116335323555,1,-445.416335323555,1,554.583664676445,0,554.583664676445,0,554.583664676445,0
-164.5,196.529,17.71925,91.26075,-667.991,-0.5095,176.8575,-1.38549999999999,554.583664676445,-183.116335323555,1,-445.416335323555,1,554.583664676445,0,554.583664676445,0,554.583664676445,0
-164,195.683,17.786,90.568,-666.183,-0.51,176.924,-1.26125,504.849258082405,-232.850741917595,1,-495.150741917595,1,504.849258082405,0,504.849258082405,0,504.849258082405,0
-163.5,194.8455,17.85325,89.9995,-664.36825,-0.51025,176.9905,-1.137,455.114851488359,-282.585148511641,1,455.114851488359,-0,455.114851488359,-0,455.114851488359,-0,455.114851488359,-0
-163,194.008,17.9205,89.431,-662.5535,-0.5105,177.057,-1.137,455.114851488359,-282.585148511641,1,455.114851488359,-0,455.114851488359,-0,455.114851488359,-0,455.114851488359,-0
-162.5,193.1705,17.98775,88.8625,-660.73875,-0.51075,177.1235,-1.137,455.114851488359,-282.585148511641,1,455.114851488359,-0,455.114851488359,-0,455.114851488359,-0,455.114851488359,-0
-162,192.333,18.055,88.294,-658.924,-0.511,177.19,-1.0005,400.477052694902,-337.222947305098,1,400.477052694902,0,400.477052694902,0,400.477052694902,0,400.477052694902,0
-161.5,191.504,18.1225,87.862,-657.102,-0.51125,177.257,-0.86399999999999,345.83925390144,345.83925390144,0,345.83925390144,0,345.83925390144,0,345.83925390144,0,345.83925390144,0
-161,190.675,18.19,87.43,-655.28,-0.5115,177.324,-0.864000000000004,345.839253901446,345.839253901446,-0,345.839253901446,0,345.839253901446,0,345.839253901446,0,345.839253901446,0
-160.5,189.846,18.2575,86.998,-653.458,-0.51175,177.391,-0.864000000000004,345.839253901446,345.839253901446,-0,345.839253901446,0,345.839253901446,0,345.839253901446,0,345.839253901446,0
-160,189.017,18.325,86.566,-651.636,-0.512,177.458,-0.717999999999989,287.398824422724,287.398824422724,0,287.398824422724,0,287.398824422723,0,287.398824422723,0,287.398824422723,0
-159.5,188.19675,18.3925,86.28,-649.80725,-0.51225,177.525,-0.572000000000003,228.958394944013,228.958394944013,0,228.958394944013,0,228.958394944013,0,228.958394944013,-0,228.958394944013,-0
-159,187.3765,18.46,85.994,-647.9785,-0.5125,177.592,-0.572000000000003,228.958394944013,228.958394944013,0,228.958394944013,0,228.958394944013,0,228.958394944013,-0,228.958394944013,-0
-158.5,186.55625,18.5275,85.708,-646.14975,-0.51275,177.659,-0.572000000000003,228.958394944013,228.958394944013,0,228.958394944013,0,228.958394944013,0,228.958394944013,-0,228.958394944013,-0
-158,185.736,18.595,85.422,-644.321,-0.513,177.726,-0.418000000000006,167.315750151396,167.315750151396,0,167.315750151396,0,167.315750151396,0,167.315750151396,0,167.315750151396,0
-157.5,184.92475,18.663,85.29,-642.48525,-0.5135,177.7935,-0.263999999999996,105.673105358773,105.673105358773,0,105.673105358773,0,105.673105358773,0,105.673105358773,-0,105.673105358773,-0
-157,184.1135,18.731,85.158,-640.6495,-0.514,177.861,-0.263999999999982,105.673105358767,105.673105358767,0,105.673105358767,0,105.673105358767,0,105.673105358767,-0,105.673105358767,-0
-156.5,183.30225,18.799,85.026,-638.81375,-0.5145,177.9285,-0.263999999999996,105.673105358773,105.673105358773,0,105.673105358773,0,105.673105358773,0,105.673105358773,-0,105.673105358773,-0
-156,182.491,18.867,84.894,-636.978,-0.515,177.996,-0.105500000000006,42.2292144520886,42.2292144520886,-0,42.2292144520886,-0,42.2292144520886,-0,42.2292144520886,-0,42.2292144520886,-0
-155.5,181.68825,18.93525,84.9205,-635.1355,-0.51525,178.0635,0.0529999999999973,-21.2146764546014,-21.2146764546014,-0,-21.2146764546014,-0,-21.2146764546014,0,-21.2146764546014,0,-21.2146764546014,0
-155,180.8855,19.0035,84.947,-633.293,-0.5155,178.131,0.0529999999999973,-21.2146764546014,-21.2146764546014,-0,-21.2146764546014,-0,-21.2146764546014,0,-21.2146764546014,0,-21.2146764546014,0
-154.5,180.08275,19.07175,84.9735,-631.4505,-0.51575,178.1985,0.0529999999999973,-21.2146764546014,-21.2146764546014,-0,-21.2146764546014,-0,-21.2146764546014,0,-21.2146764546014,0,-21.2146764546014,0
-154,179.28,19.14,85,-629.608,-0.516,178.266,0.21275,-85.1589135040881,-85.1589135040881,-0,-85.1589135040881,-0,-85.1589135040881,-0,-85.1589135040881,-0,-85.1589135040881,-0
-153.5,178.48625,19.2085,85.18625,-627.7585,-0.51625,178.334,0.372500000000002,-149.103150553575,-149.103150553575,0,-149.103150553575,0,-149.103150553575,0,-149.103150553575,0,-149.103150553575,-0
-153,177.6925,19.277,85.3725,-625.909,-0.5165,178.402,0.372500000000002,-149.103150553575,-149.103150553575,0,-149.103150553575,0,-149.103150553575,0,-149.103150553575,0,-149.103150553575,-0
-152.5,176.89875,19.3455,85.55875,-624.0595,-0.51675,178.47,0.372500000000002,-149.103150553575,-149.103150553575,0,-149.103150553575,0,-149.103150553575,0,-149.103150553575,0,-149.103150553575,-0
-152,176.105,19.414,85.745,-622.21,-0.517,178.538,0.530000000000001,-212.146764546025,-212.146764546025,0,-212.146764546025,0,-212.146764546025,0,-212.146764546025,0,-212.146764546025,0
-151.5,175.32,19.4825,86.08875,-620.35375,-0.51725,178.606,0.6875,-275.190378538475,-275.190378538475,0,-275.190378538475,0,-275.190378538475,0,-275.190378538475,0,-275.190378538475,0
-151,174.535,19.551,86.4325,-618.4975,-0.5175,178.674,0.6875,-275.190378538475,-275.190378538475,0,-275.190378538475,0,-275.190378538475,0,-275.190378538475,0,-275.190378538475,0
-150.5,173.75,19.6195,86.77625,-616.64125,-0.51775,178.742,0.6875,-275.190378538475,-275.190378538475,0,-275.190378538475,0,-275.190378538475,0,-275.190378538475,0,-275.190378538475,0
-150,172.965,19.688,87.12,-614.785,-0.518,178.81,0.839249999999993,-335.932400274056,-335.932400274056,0,-335.932400274056,0,-335.932400274056,0,-335.932400274056,0,-335.932400274056,-0
-149.5,172.18925,19.757,87.6155,-612.92225,-0.51825,178.8785,0.991,-396.674422009642,341.025577990358,-1,-396.674422009642,0,-396.674422009642,0,-396.674422009642,-0,-396.674422009642,-0
-149,171.4135,19.826,88.111,-611.0595,-0.5185,178.947,0.991000000000014,-396.674422009648,341.025577990352,-1,-396.674422009648,0,-396.674422009648,0,-396.674422009648,-0,-396.674422009648,-0
-148.5,170.63775,19.895,88.6065,-609.19675,-0.51875,179.0155,0.991,-396.674422009642,341.025577990358,-1,-396.674422009642,0,-396.674422009642,0,-396.674422009642,-0,-396.674422009642,-0
-148,169.862,19.964,89.102,-607.334,-0.519,179.084,1.13475,-454.214228431322,283.485771568678,-1,-454.214228431322,0,-454.214228431322,0,-454.214228431322,0,-454.214228431322,0
-147.5,169.095,20.03325,89.74125,-605.46425,-0.5195,179.15275,1.27850000000001,-511.754034853008,225.945965146992,-1,488.245965146992,-1,-511.754034853008,0,-511.754034853008,0,-511.754034853008,0
-147,168.328,20.1025,90.3805,-603.5945,-0.52,179.2215,1.27850000000001,-511.754034853008,225.945965146992,-1,488.245965146992,-1,-511.754034853008,0,-511.754034853008,0,-511.754034853008,0
-146.5,167.561,20.17175,91.01975,-601.72475,-0.5205,179.29025,1.27849999999999,-511.754034853003,225.945965146998,-1,488.245965146997,-1,-511.754034853003,0,-511.754034853003,0,-511.754034853003,0
-146,166.794,20.241,91.659,-599.855,-0.521,179.359,1.41174999999998,-565.090933675183,172.609066324817,-1,434.909066324817,-1,-565.090933675183,0,-565.090933675183,0,-565.090933675183,0
-145.5,166.036,20.3105,92.4315,-597.97875,-0.52125,179.42775,1.545,-618.427832497375,119.272167502625,-1,381.572167502625,-1,-618.427832497375,0,-618.427832497375,0,-618.427832497375,0
-145,165.278,20.38,93.204,-596.1025,-0.5215,179.4965,1.54499999999999,-618.427832497369,119.272167502631,-1,381.572167502631,-1,-618.427832497369,0,-618.427832497369,0,-618.427832497369,0
-144.5,164.52,20.4495,93.9765,-594.22625,-0.52175,179.56525,1.54499999999999,-618.427832497369,119.272167502631,-1,381.572167502631,-1,-618.427832497369,0,-618.427832497369,0,-618.427832497369,0
-144,163.762,20.519,94.749,-592.35,-0.522,179.634,1.66775,-667.561823720061,70.138176279939,-1,332.438176279939,-1,-667.561823720061,0,-667.561823720061,0,-667.561823720061,0
-143.5,163.01325,20.5885,95.64425,-590.467,-0.52225,179.70325,1.79050000000001,-716.695814942753,21.004185057247,-1,283.304185057247,-1,-716.695814942753,0,-716.695814942753,0,-716.695814942753,0
-143,162.2645,20.658,96.5395,-588.584,-0.5225,179.7725,1.79050000000002,-716.695814942759,21.0041850572414,-1,283.304185057241,-1,-716.695814942759,0,-716.695814942759,0,-716.695814942759,0
-142.5,161.51575,20.7275,97.43475,-586.701,-0.52275,179.84175,1.79049999999999,-716.695814942747,21.0041850572527,-1,283.304185057253,-1,-716.695814942747,0,-716.695814942747,0,-716.695814942747,0
-142,160.767,20.797,98.33,-584.818,-0.523,179.911,1.90124999999999,-761.02648319458,-23.3264831945801,-1,238.97351680542,-1,738.97351680542,-1,-761.02648319458,0,-761.02648319458,0
-141.5,160.02725,20.867,99.336,-582.9285,-0.52325,179.98025,2.012,-805.357151446419,-67.6571514464185,-1,194.642848553581,-1,694.642848553581,-1,-805.357151446419,0,-805.357151446419,0
-141,159.2875,20.937,100.342,-581.039,-0.5235,180.0495,2.012,-805.357151446419,-67.6571514464185,-1,194.642848553581,-1,694.642848553581,-1,-805.357151446419,0,-805.357151446419,0
-140.5,158.54775,21.007,101.348,-579.1495,-0.52375,180.11875,2.012,-805.357151446419,-67.6571514464185,-1,194.642848553581,-1,694.642848553581,-1,-805.357151446419,0,-805.357151446419,0
-140,157.808,21.077,102.354,-577.26,-0.524,180.188,2.11200000000001,-845.3848428702,-107.6848428702,-1,154.6151571298,-1,654.6151571298,-1,-845.3848428702,0,-845.3848428702,0
-139.5,157.07775,21.14725,103.46,-575.36375,-0.52425,180.2575,2.212,-885.412534293976,-147.712534293976,-1,114.587465706024,-1,614.587465706024,-1,-885.412534293976,0,-885.412534293976,0
-139,156.3475,21.2175,104.566,-573.4675,-0.5245,180.327,2.21199999999999,-885.41253429397,-147.71253429397,-1,114.58746570603,-1,614.587465706029,-1,-885.41253429397,0,-885.41253429397,0
-138.5,155.61725,21.28775,105.672,-571.57125,-0.52475,180.3965,2.212,-885.412534293976,-147.712534293976,-1,114.587465706024,-1,614.587465706024,-1,-885.412534293976,0,-885.412534293976,0
-138,154.887,21.358,106.778,-569.675,-0.525,180.466,2.30125000000001,-921.137248889701,-183.437248889701,-1,78.8627511102991,-1,578.862751110299,-1,-921.137248889701,0,-921.137248889701,0
-137.5,154.16575,21.42825,107.97325,-567.7725,-0.52525,180.536,2.39049999999999,-956.861963485415,-219.161963485415,-1,43.1380365145855,-1,543.138036514586,-1,-956.861963485415,0,-956.861963485415,0
-137,153.4445,21.4985,109.1685,-565.87,-0.5255,180.606,2.3905,-956.86196348542,-219.16196348542,-1,43.1380365145799,-1,543.13803651458,-1,-956.86196348542,0,-956.86196348542,0
-136.5,152.72325,21.56875,110.36375,-563.9675,-0.52575,180.676,2.3905,-956.86196348542,-219.16196348542,-1,43.1380365145799,-1,543.13803651458,-1,-956.86196348542,0,-956.86196348542,0
-136,152.002,21.639,111.559,-562.065,-0.526,180.746,2.47,-988.683978167322,-250.983978167322,-1,11.3160218326776,-1,511.316021832678,-1,-988.683978167322,0,-988.683978167322,0
-135.5,151.29,21.70975,112.83375,-560.156,-0.5265,180.816,2.54949999999999,-1020.50599284922,-282.805992849224,-1,-20.5059928492243,-1,479.494007150776,-1,-1020.50599284922,0,-1020.50599284922,0
-135,150.578,21.7805,114.1085,-558.247,-0.527,180.886,2.54949999999999,-1020.50599284922,-282.805992849224,-1,-20.5059928492243,-1,479.494007150776,-1,-1020.50599284922,0,-1020.50599284922,0
-134.5,149.866,21.85125,115.38325,-556.338,-0.5275,180.956,2.54950000000001,-1020.50599284923,-282.80599284923,-1,-20.5059928492301,-1,479.49400715077,-1,-1020.50599284923,0,-1020.50599284923,0
-134,149.154,21.922,116.658,-554.429,-0.528,181.026,2.62025,-1048.82558453155,-311.125584531549,-1,-48.8255845315491,-1,451.174415468451,-1,-1048.82558453155,0,-1048.82558453155,0
-133.5,148.4515,21.99275,118.0035,-552.51375,-0.52825,181.09625,2.691,-1077.14517621387,-339.445176213874,-1,-77.1451762138738,-1,422.854823786126,-1,-1077.14517621387,0,-1077.14517621387,0
-133,147.749,22.0635,119.349,-550.5985,-0.5285,181.1665,2.691,-1077.14517621387,-339.445176213874,-1,-77.1451762138738,-1,422.854823786126,-1,-1077.14517621387,0,-1077.14517621387,0
-132.5,147.0465,22.13425,120.6945,-548.68325,-0.52875,181.23675,2.691,-1077.14517621387,-339.445176213874,-1,-77.1451762138738,-1,422.854823786126,-1,-1077.14517621387,0,-1077.14517621387,0
-132,146.344,22.205,122.04,-546.768,-0.529,181.307,2.75375,-1102.26255258229,-364.562552582292,-1,-102.262552582292,-1,397.737447417708,-1,1097.73744741771,-1,-1102.26255258229,0
-131.5,145.65075,22.27625,123.44825,-544.84625,-0.52925,181.37775,2.8165,-1127.37992895072,348.020071049284,-2,-127.379928950716,-1,372.620071049284,-1,1072.62007104928,-1,-1127.37992895072,0
-131,144.9575,22.3475,124.8565,-542.9245,-0.5295,181.4485,2.8165,-1127.37992895072,348.020071049284,-2,-127.379928950716,-1,372.620071049284,-1,1072.62007104928,-1,-1127.37992895072,0
-130.5,144.26425,22.41875,126.26475,-541.00275,-0.52975,181.51925,2.81649999999999,-1127.37992895071,348.020071049289,-2,-127.379928950711,-1,372.620071049289,-1,1072.62007104929,-1,-1127.37992895071,0
-130,143.571,22.49,127.673,-539.081,-0.53,181.59,2.87249999999999,-1149.79543614803,325.604563851975,-2,-149.795436148025,-1,350.204563851975,-1,1050.20456385197,-1,-1149.79543614803,0
-129.5,142.88725,22.56125,129.13725,-537.153,-0.53025,181.66075,2.92849999999999,-1172.21094334534,303.18905665466,-2,-172.21094334534,-1,327.78905665466,-1,1027.78905665466,-1,-1172.21094334534,0
-129,142.2035,22.6325,130.6015,-535.225,-0.5305,181.7315,2.92850000000001,-1172.21094334535,303.189056654649,-2,-172.210943345352,-1,327.789056654648,-1,1027.78905665465,-1,-1172.21094334535,0
-128.5,141.51975,22.70375,132.06575,-533.297,-0.53075,181.80225,2.92850000000001,-1172.21094334535,303.189056654649,-2,-172.210943345352,-1,327.789056654648,-1,1027.78905665465,-1,-1172.21094334535,0
-128,140.836,22.775,133.53,-531.369,-0.531,181.873,2.9785,-1192.22478905723,283.175210942766,-2,-192.224789057234,-1,307.775210942766,-1,1007.77521094277,-1,-1192.22478905723,0
-127.5,140.16175,22.8465,135.04425,-529.43475,-0.53125,181.944,3.02849999999998,-1212.23863476912,263.161365230884,-2,-212.238634769116,-1,287.761365230884,-1,987.761365230884,-1,-1212.23863476912,0
-127,139.4875,22.918,136.5585,-527.5005,-0.5315,182.015,3.02849999999998,-1212.23863476912,263.161365230884,-2,-212.238634769116,-1,287.761365230884,-1,987.761365230884,-1,-1212.23863476912,0
-126.5,138.81325,22.9895,138.07275,-525.56625,-0.53175,182.086,3.02850000000001,-1212.23863476913,263.161365230872,-2,-212.238634769128,-1,287.761365230872,-1,987.761365230872,-1,-1212.23863476913,0
-126,138.139,23.061,139.587,-523.632,-0.532,182.157,3.07325,-1230.15102668127,245.248973318734,-2,-230.151026681266,-1,269.848973318734,-1,969.848973318734,-1,-1230.15102668127,0
-125.5,137.47425,23.13275,141.146,-521.69175,-0.53225,182.22825,3.11799999999999,-1248.0634185934,227.336581406596,-2,-248.063418593404,-1,251.936581406596,-1,951.936581406596,-1,-1248.0634185934,0
-125,136.8095,23.2045,142.705,-519.7515,-0.5325,182.2995,3.11800000000002,-1248.06341859342,227.336581406585,-2,-248.063418593415,-1,251.936581406585,-1,951.936581406585,-1,-1248.06341859342,0
-124.5,136.14475,23.27625,144.264,-517.81125,-0.53275,182.37075,3.11800000000002,-1248.06341859342,227.336581406585,-2,-248.063418593415,-1,251.936581406585,-1,951.936581406585,-1,-1248.06341859342,0
-124,135.48,23.348,145.823,-515.871,-0.533,182.442,3.15800000000002,-1264.07449516292,211.325504837077,-2,-264.074495162923,-1,235.925504837077,-1,935.925504837077,-1,-1264.07449516292,0
-123.5,134.825,23.42,147.422,-513.9245,-0.53325,182.51325,3.19800000000001,-1280.08557173243,195.314428267569,-2,-280.085571732431,-1,219.914428267569,-1,919.914428267569,-1,-1280.08557173243,0
-123,134.17,23.492,149.021,-511.978,-0.5335,182.5845,3.19799999999998,-1280.08557173242,195.31442826758,-2,-280.08557173242,-1,219.91442826758,-1,919.91442826758,-1,-1280.08557173242,0
-122.5,133.515,23.564,150.62,-510.0315,-0.53375,182.65575,3.19799999999998,-1280.08557173242,195.31442826758,-2,-280.08557173242,-1,219.91442826758,-1,919.91442826758,-1,-1280.08557173242,0
-122,132.86,23.636,152.219,-508.085,-0.534,182.727,3.23399999999998,-1294.49554064498,180.904459355019,-2,-294.495540644981,-1,205.504459355019,-1,905.504459355019,-1,-1294.49554064498,0
-121.5,132.2145,23.70825,153.854,-506.1325,-0.53425,182.79875,3.26999999999998,-1308.90550955754,166.494490442459,-2,-308.905509557542,-1,191.094490442458,-1,891.094490442458,-1,-1308.90550955754,0
-121,131.569,23.7805,155.489,-504.18,-0.5345,182.8705,3.26999999999998,-1308.90550955754,166.494490442459,-2,-308.905509557542,-1,191.094490442458,-1,891.094490442458,-1,-1308.90550955754,0
-120.5,130.9235,23.85275,157.124,-502.2275,-0.53475,182.94225,3.27000000000001,-1308.90550955755,166.494490442447,-2,-308.905509557553,-1,191.094490442447,-1,891.094490442447,-1,-1308.90550955755,0
-120,130.278,23.925,158.759,-500.275,-0.535,183.014,3.30275,-1322.01457849884,153.385421501163,-2,-322.014578498837,-1,177.985421501163,-1,877.985421501163,-1,-1322.01457849884,0
-119.5,129.642,23.9975,160.42675,-498.31675,-0.53525,183.086,3.3355,-1335.12364744012,140.276352559878,-2,-335.123647440122,-1,164.876352559878,-1,864.876352559878,-1,-1335.12364744012,0
-119,129.006,24.07,162.0945,-496.3585,-0.5355,183.158,3.33550000000002,-1335.12364744013,140.276352559867,-2,-335.123647440133,-1,164.876352559867,-1,864.876352559867,-1,-1335.12364744013,0
-118.5,128.37,24.1425,163.76225,-494.40025,-0.53575,183.23,3.33550000000002,-1335.12364744013,140.276352559867,-2,-335.123647440133,-1,164.876352559867,-1,864.876352559867,-1,-1335.12364744013,0
-118,127.734,24.215,165.43,-492.442,-0.536,183.302,3.36475000000002,-1346.83174718158,128.568252818415,-2,-346.831747181585,-1,153.168252818415,-1,853.168252818415,-1,-1346.83174718158,0
-117.5,127.108,24.28775,167.127,-490.4775,-0.53625,183.374,3.39400000000001,-1358.53984692304,116.860153076964,-2,-358.539846923036,-1,141.460153076964,-1,841.460153076964,-1,-1358.53984692304,0
-117,126.482,24.3605,168.824,-488.513,-0.5365,183.446,3.39400000000001,-1358.53984692304,116.860153076964,-2,-358.539846923036,-1,141.460153076964,-1,841.460153076964,-1,-1358.53984692304,0
-116.5,125.856,24.43325,170.521,-486.5485,-0.53675,183.518,3.39399999999998,-1358.53984692302,116.860153076975,-2,-358.539846923025,-1,141.460153076975,-1,841.460153076975,-1,-1358.53984692302,0
-116,125.23,24.506,172.218,-484.584,-0.537,183.59,3.42124999999999,-1369.44739283601,105.952607163992,-2,-369.447392836008,-1,130.552607163992,-1,830.552607163992,-1,-1369.44739283601,0
-115.5,124.6135,24.57875,173.94225,-482.61375,-0.53725,183.66225,3.4485,-1380.35493874899,95.045061251009,-2,-380.354938748991,-1,119.645061251009,-1,819.645061251009,-1,-1380.35493874899,0
-115,123.997,24.6515,175.6665,-480.6435,-0.5375,183.7345,3.4485,-1380.35493874899,95.045061251009,-2,-380.354938748991,-1,119.645061251009,-1,819.645061251009,-1,-1380.35493874899,0
-114.5,123.3805,24.72425,177.39075,-478.67325,-0.53775,183.80675,3.44850000000002,-1380.354938749,95.0450612509976,-2,-380.354938749002,-1,119.645061250998,-1,819.645061250998,-1,-1380.354938749,0
-114,122.764,24.797,179.115,-476.703,-0.538,183.879,3.47275000000002,-1390.06165391927,85.3383460807333,-2,-390.061653919267,-1,109.938346080733,-1,809.938346080733,-1,-1390.06165391927,0
-113.5,122.1575,24.87025,180.8635,-474.727,-0.53825,183.95175,3.49700000000001,-1399.76836908953,75.631630910469,-2,-399.768369089531,-1,100.231630910469,-1,800.231630910469,-1,-1399.76836908953,0
-113,121.551,24.9435,182.612,-472.751,-0.5385,184.0245,3.49699999999999,-1399.76836908952,75.6316309104803,-2,-399.76836908952,-1,100.23163091048,-1,800.23163091048,-1,-1399.76836908952,0
-112.5,120.9445,25.01675,184.3605,-470.775,-0.53875,184.09725,3.49699999999999,-1399.76836908952,75.6316309104803,-2,-399.76836908952,-1,100.23163091048,-1,800.23163091048,-1,-1399.76836908952,0
-112,120.338,25.09,186.109,-468.799,-0.539,184.17,3.51999999999998,-1408.97473811699,66.4252618830131,-2,-408.974738116987,-1,91.0252618830129,-1,791.025261883013,-1,-1408.97473811699,0
-111.5,119.74125,25.16325,187.8805,-466.8175,-0.53925,184.24275,3.54299999999998,-1418.18110714445,57.2188928555455,-2,-418.181107144455,-1,81.8188928555453,-1,781.818892855545,-1,-1418.18110714445,0
-111,119.1445,25.2365,189.652,-464.836,-0.5395,184.3155,3.54300000000003,-1418.18110714448,57.2188928555228,-2,-418.181107144477,-1,81.8188928555228,-1,781.818892855523,-1,-1418.18110714448,0
-110.5,118.54775,25.30975,191.4235,-462.8545,-0.53975,184.38825,3.54300000000001,-1418.18110714447,57.2188928555341,-2,-418.181107144466,-1,81.8188928555342,-1,781.818892855534,-1,-1418.18110714447,0
-110,117.951,25.383,193.195,-460.873,-0.54,184.461,3.5635,-1426.38678388634,49.0132161136602,-2,-426.38678388634,-1,73.6132161136602,-1,773.61321611366,-1,-1426.38678388634,0
-109.5,117.36425,25.4565,194.987,-458.8855,-0.54025,184.53375,3.584,-1434.59246062821,40.8075393717862,-2,-434.592460628214,-1,65.4075393717862,-1,765.407539371786,-1,-1434.59246062821,0
-109,116.7775,25.53,196.779,-456.898,-0.5405,184.6065,3.58399999999995,-1434.59246062819,40.807539371809,-2,-434.592460628191,-1,65.407539371809,-1,765.407539371809,-1,-1434.59246062819,0
-108.5,116.19075,25.6035,198.571,-454.9105,-0.54075,184.67925,3.584,-1434.59246062821,40.8075393717862,-2,-434.592460628214,-1,65.4075393717862,-1,765.407539371786,-1,-1434.59246062821,0
-108,115.604,25.677,200.363,-452.923,-0.541,184.752,3.60325,-1442.29779122729,33.1022087727091,-2,-442.297791227291,-1,57.7022087727091,-1,757.702208772709,-1,-1442.29779122729,0
-107.5,115.027,25.75075,202.17425,-450.93025,-0.54125,184.82525,3.6225,-1450.00312182637,25.396878173632,-2,-450.003121826368,-1,49.996878173632,-1,749.996878173632,-1,-1450.00312182637,0
-107,114.45,25.8245,203.9855,-448.9375,-0.5415,184.8985,3.62250000000006,-1450.00312182639,25.3968781736093,-2,-450.003121826391,-1,49.9968781736093,-1,749.996878173609,-1,-1450.00312182639,0
-106.5,113.873,25.89825,205.79675,-446.94475,-0.54175,184.97175,3.6225,-1450.00312182637,25.396878173632,-2,-450.003121826368,-1,49.996878173632,-1,749.996878173632,-1,-1450.00312182637,0
-106,113.296,25.972,207.608,-444.952,-0.542,185.045,3.64049999999997,-1457.20810628264,18.1918937173631,-2,-457.208106282637,-1,42.7918937173631,-1,742.791893717363,-1,-1457.20810628264,0
-105.5,112.72925,26.046,209.43725,-442.9535,-0.54225,185.1185,3.6585,-1464.41309073893,10.9869092610714,-2,-464.413090738929,-1,35.5869092610712,-1,735.586909261071,-1,-1464.41309073893,0
-105,112.1625,26.12,211.2665,-440.955,-0.5425,185.192,3.6585,-1464.41309073893,10.9869092610714,-2,-464.413090738929,-1,35.5869092610712,-1,735.586909261071,-1,-1464.41309073893,0
-104.5,111.59575,26.194,213.09575,-438.9565,-0.54275,185.2655,3.6585,-1464.41309073893,10.9869092610714,-2,-464.413090738929,-1,35.5869092610712,-1,735.586909261071,-1,-1464.41309073893,0
-104,111.029,26.268,214.925,-436.958,-0.543,185.339,3.67475000000002,-1470.9175905953,4.48240940470203,-2,-470.917590595298,-1,29.0824094047018,-1,729.082409404702,-1,-1470.9175905953,0
-103.5,110.472,26.342,216.7705,-434.95425,-0.54325,185.4125,3.69099999999997,-1477.42209045164,-2.02209045164466,-2,-477.422090451645,-1,22.5779095483551,-1,722.577909548355,-1,-1477.42209045164,0
-103,109.915,26.416,218.616,-432.9505,-0.5435,185.486,3.69099999999997,-1477.42209045164,-2.02209045164466,-2,-477.422090451645,-1,22.5779095483551,-1,722.577909548355,-1,-1477.42209045164,0
-102.5,109.358,26.49,220.4615,-430.94675,-0.54375,185.5595,3.691,-1477.42209045166,-2.02209045165603,-2,-477.422090451656,-1,22.5779095483438,-1,722.577909548344,-1,-1477.42209045166,0
-102,108.801,26.564,222.307,-428.943,-0.544,185.633,3.70675,-1483.7264518509,-8.32645185090007,-2,-483.7264518509,-1,16.2735481491,-1,716.2735481491,-1,-1483.7264518509,0
-101.5,108.25425,26.63825,224.16825,-426.93375,-0.54425,185.70675,3.7225,-1490.03081325014,-14.6308132501437,-2,-490.030813250144,-1,9.96918674985614,-1,709.969186749856,-1,-1490.03081325014,0
-101,107.7075,26.7125,226.0295,-424.9245,-0.5445,185.7805,3.72250000000003,-1490.03081325016,-14.630813250155,-2,-490.030813250155,-1,9.96918674984477,-1,709.969186749845,-1,-1490.03081325016,0
-100.5,107.16075,26.78675,227.89075,-422.91525,-0.54475,185.85425,3.72250000000003,-1490.03081325016,-14.630813250155,-2,-490.030813250155,-1,9.96918674984477,-1,709.969186749845,-1,-1490.03081325016,0
-100,106.614,26.861,229.752,-420.906,-0.545,185.928,3.73699999999999,-1495.83482850659,-20.4348285065909,-2,-495.834828506591,-1,4.16517149340893,-1,704.165171493409,-1,-1495.83482850659,0
-99.5,106.07725,26.9355,231.62775,-418.8915,-0.54525,186.002,3.75149999999999,-1501.63884376304,-26.2388437630381,-2,498.361156236962,-2,-1.63884376303804,-1,698.361156236962,-1,1498.36115623696,-1
-99,105.5405,27.01,233.5035,-416.877,-0.5455,186.076,3.75149999999999,-1501.63884376304,-26.2388437630381,-2,498.361156236962,-2,-1.63884376303804,-1,698.361156236962,-1,1498.36115623696,-1
-98.5,105.00375,27.0845,235.37925,-414.8625,-0.54575,186.15,3.75149999999999,-1501.63884376304,-26.2388437630381,-2,498.361156236962,-2,-1.63884376303804,-1,698.361156236962,-1,1498.36115623696,-1
-98,104.467,27.159,237.255,-412.848,-0.546,186.224,3.76524999999998,-1507.1426513338,-31.7426513338024,-2,492.857348666197,-2,-7.14265133380263,-1,692.857348666197,-1,1492.8573486662,-1
-97.5,103.9405,27.23375,239.1445,-410.8285,-0.54625,186.298,3.779,-1512.64645890458,-37.2464589045786,-2,487.353541095421,-2,-12.6464589045786,-1,687.353541095421,-1,1487.35354109542,-1
-97,103.414,27.3085,241.034,-408.809,-0.5465,186.372,3.779,-1512.64645890458,-37.2464589045786,-2,487.353541095421,-2,-12.6464589045786,-1,687.353541095421,-1,1487.35354109542,-1
-96.5,102.8875,27.38325,242.9235,-406.7895,-0.54675,186.446,3.779,-1512.64645890458,-37.2464589045786,-2,487.353541095421,-2,-12.6464589045786,-1,687.353541095421,-1,1487.35354109542,-1
-96,102.361,27.458,244.813,-404.77,-0.547,186.52,3.79149999999998,-1517.64992033255,-42.2499203325461,-2,482.350079667454,-2,-17.6499203325463,-1,682.350079667454,-1,1482.35007966745,-1
-95.5,101.84475,27.533,246.715,-402.74525,-0.54725,186.5945,3.804,-1522.65338176053,-47.253381760525,-2,477.346618239475,-2,-22.6533817605252,-1,677.346618239475,-1,1477.34661823947,-1
-95,101.3285,27.608,248.617,-400.7205,-0.5475,186.669,3.804,-1522.65338176053,-47.253381760525,-2,477.346618239475,-2,-22.6533817605252,-1,677.346618239475,-1,1477.34661823947,-1
-94.5,100.81225,27.683,250.519,-398.69575,-0.54775,186.7435,3.804,-1522.65338176053,-47.253381760525,-2,477.346618239475,-2,-22.6533817605252,-1,677.346618239475,-1,1477.34661823947,-1
-94,100.296,27.758,252.421,-396.671,-0.548,186.818,3.81625,-1527.55677395994,-52.156773959936,-2,472.443226040064,-2,-27.556773959936,-1,672.443226040064,-1,1472.44322604006,-1
-93.5,99.78975,27.833,254.33525,-394.64125,-0.54825,186.8925,3.82850000000002,-1532.46016615936,-57.0601661593579,-2,467.539833840642,-2,-32.4601661593581,-1,667.539833840642,-1,1467.53983384064,-1
-93,99.2835,27.908,256.2495,-392.6115,-0.5485,186.967,3.82850000000002,-1532.46016615936,-57.0601661593579,-2,467.539833840642,-2,-32.4601661593581,-1,667.539833840642,-1,1467.53983384064,-1
-92.5,98.77725,27.983,258.16375,-390.58175,-0.54875,187.0415,3.82849999999996,-1532.46016615934,-57.0601661593352,-2,467.539833840665,-2,-32.4601661593354,-1,667.539833840665,-1,1467.53983384066,-1
-92,98.271,28.058,260.078,-388.552,-0.549,187.116,3.83999999999997,-1537.06335067307,-61.6633506730747,-2,462.936649326925,-2,-37.0633506730749,-1,662.936649326925,-1,1462.93664932693,-1
-91.5,97.775,28.13325,262.00375,-386.51725,-0.54925,187.1905,3.85149999999999,-1541.66653518681,-66.2665351868142,-2,458.333464813186,-2,-41.6665351868141,-1,658.333464813186,-1,1458.33346481319,-1
-91,97.279,28.2085,263.9295,-384.4825,-0.5495,187.265,3.85150000000004,-1541.66653518684,-66.2665351868369,-2,458.333464813163,-2,-41.6665351868369,-1,658.333464813163,-1,1458.33346481316,-1
-90.5,96.783,28.28375,265.85525,-382.44775,-0.54975,187.3395,3.85150000000004,-1541.66653518684,-66.2665351868369,-2,458.333464813163,-2,-41.6665351868369,-1,658.333464813163,-1,1458.33346481316,-1
-90,96.287,28.359,267.781,-380.413,-0.55,187.414,3.86225000000002,-1545.96951201488,-70.5695120148822,-2,454.030487985118,-2,-45.9695120148824,-1,654.030487985118,-1,1454.03048798512,-1
-89.5,95.8015,28.4345,269.7175,-378.3735,-0.55025,187.489,3.87299999999999,-1550.27248884293,-74.8724888429275,-2,449.727511157072,-2,-50.2724888429277,-1,649.727511157072,-1,1449.72751115707,-1
-89,95.316,28.51,271.654,-376.334,-0.5505,187.564,3.87299999999993,-1550.2724888429,-74.8724888429048,-2,449.727511157095,-2,-50.272488842905,-1,649.727511157095,-1,1449.7275111571,-1
-88.5,94.8305,28.5855,273.5905,-374.2945,-0.55075,187.639,3.87299999999999,-1550.27248884293,-74.8724888429275,-2,449.727511157072,-2,-50.2724888429277,-1,649.727511157072,-1,1449.72751115707,-1
-88,94.345,28.661,275.527,-372.255,-0.551,187.714,3.88350000000003,-1554.47539644244,-79.075396442439,-2,445.524603557561,-2,-54.475396442439,-1,645.524603557561,-1,1445.52460355756,-1
-87.5,93.86975,28.7365,277.474,-370.2105,-0.55125,187.789,3.89400000000001,-1558.67830404193,-83.2783040419273,-2,441.321695958073,-2,-58.6783040419273,-1,641.321695958073,-1,1441.32169595807,-1
-87,93.3945,28.812,279.421,-368.166,-0.5515,187.864,3.89400000000001,-1558.67830404193,-83.2783040419273,-2,441.321695958073,-2,-58.6783040419273,-1,641.321695958073,-1,1441.32169595807,-1
-86.5,92.91925,28.8875,281.368,-366.1215,-0.55175,187.939,3.89400000000001,-1558.67830404193,-83.2783040419273,-2,441.321695958073,-2,-58.6783040419273,-1,641.321695958073,-1,1441.32169595807,-1
-86,92.444,28.963,283.315,-364.077,-0.552,188.014,3.90350000000001,-1562.48093472719,-87.0809347271871,-2,437.519065272813,-2,-62.4809347271873,-1,637.519065272813,-1,1437.51906527281,-1
-85.5,91.97925,29.03875,285.2715,-362.028,-0.55225,188.08925,3.91300000000001,-1566.28356541245,-90.883565412447,-2,433.716434587553,-2,-66.2835654124472,-1,633.716434587553,-1,1433.71643458755,-1
-85,91.5145,29.1145,287.228,-359.979,-0.5525,188.1645,3.91300000000001,-1566.28356541245,-90.883565412447,-2,433.716434587553,-2,-66.2835654124472,-1,633.716434587553,-1,1433.71643458755,-1
-84.5,91.04975,29.19025,289.1845,-357.93,-0.55275,188.23975,3.91300000000001,-1566.28356541245,-90.883565412447,-2,433.716434587553,-2,-66.2835654124472,-1,633.716434587553,-1,1433.71643458755,-1
-84,90.585,29.266,291.141,-355.881,-0.553,188.315,3.92225000000002,-1569.98612686915,-94.5861268691502,-2,430.01387313085,-2,-69.9861268691502,-1,630.01387313085,-1,1430.01387313085,-1
-83.5,90.1305,29.342,293.10675,-353.82725,-0.553,188.3905,3.93149999999997,-1573.68868832583,-98.2886883258303,-2,426.31131167417,-2,-73.6886883258303,-1,626.31131167417,-1,1426.31131167417,-1
-83,89.676,29.418,295.0725,-351.7735,-0.553,188.466,3.93149999999997,-1573.68868832583,-98.2886883258303,-2,426.31131167417,-2,-73.6886883258303,-1,626.31131167417,-1,1426.31131167417,-1
-82.5,89.2215,29.494,297.03825,-349.71975,-0.553,188.5415,3.93150000000003,-1573.68868832585,-98.2886883258531,-2,426.311311674147,-2,-73.6886883258533,-1,626.311311674147,-1,1426.31131167415,-1
-82,88.767,29.57,299.004,-347.666,-0.553,188.617,3.94075000000004,-1577.39124978256,-101.991249782556,-2,422.608750217444,-2,-77.3912497825561,-1,622.608750217444,-1,1422.60875021744,-1
-81.5,88.323,29.64625,300.979,-345.608,-0.55325,188.6925,3.94999999999999,-1581.09381123924,-105.693811239236,-2,418.906188760764,-2,-81.0938112392364,-1,618.906188760764,-1,1418.90618876076,-1
-81,87.879,29.7225,302.954,-343.55,-0.5535,188.768,3.94999999999993,-1581.09381123921,-105.693811239213,-2,418.906188760787,-2,-81.0938112392134,-1,618.906188760787,-1,1418.90618876079,-1
-80.5,87.435,29.79875,304.929,-341.492,-0.55375,188.8435,3.94999999999999,-1581.09381123924,-105.693811239236,-2,418.906188760764,-2,-81.0938112392364,-1,618.906188760764,-1,1418.90618876076,-1
-80,86.991,29.875,306.904,-339.434,-0.554,188.919,3.95825000000002,-1584.39609578171,-108.996095781711,-2,415.603904218289,-2,-84.396095781711,-1,615.603904218289,-1,1415.60390421829,-1
-79.5,86.5575,29.95125,308.88725,-337.37125,-0.55425,188.99475,3.9665,-1587.69838032416,-112.298380324163,-2,412.301619675837,-2,-87.6983803241628,-1,612.301619675837,-1,1412.30161967584,-1
-79,86.124,30.0275,310.8705,-335.3085,-0.5545,189.0705,3.9665,-1587.69838032416,-112.298380324163,-2,412.301619675837,-2,-87.6983803241628,-1,612.301619675837,-1,1412.30161967584,-1
-78.5,85.6905,30.10375,312.85375,-333.24575,-0.55475,189.14625,3.9665,-1587.69838032416,-112.298380324163,-2,412.301619675837,-2,-87.6983803241628,-1,612.301619675837,-1,1412.30161967584,-1
-78,85.257,30.18,314.837,-331.183,-0.555,189.222,3.97450000000003,-1590.90059563808,-115.50059563808,-2,409.09940436192,-2,-90.9005956380804,-1,609.09940436192,-1,1409.09940436192,-1
-77.5,84.834,30.2565,316.82825,-329.11625,-0.55525,189.29775,3.98250000000002,-1594.10281095198,-118.702810951975,-2,405.897189048025,-2,-94.1028109519752,-1,605.897189048025,-1,1405.89718904802,-1
-77,84.411,30.333,318.8195,-327.0495,-0.5555,189.3735,3.98249999999996,-1594.10281095195,-118.702810951953,-2,405.897189048047,-2,-94.1028109519525,-1,605.897189048047,-1,1405.89718904805,-1
-76.5,83.988,30.4095,320.81075,-324.98275,-0.55575,189.44925,3.98250000000002,-1594.10281095198,-118.702810951975,-2,405.897189048025,-2,-94.1028109519752,-1,605.897189048025,-1,1405.89718904802,-1
-76,83.565,30.486,322.802,-322.916,-0.556,189.525,3.99025000000006,-1597.20495703734,-121.804957037336,-2,402.795042962664,-2,-97.2049570373356,-1,602.795042962664,-1,1402.79504296266,-1
-75.5,83.1525,30.5625,324.801,-320.84475,-0.55625,189.601,3.99799999999999,-1600.30710312265,-124.90710312265,-2,399.692896877349,-2,-100.307103122651,-1,599.692896877349,-1,1399.69289687735,-1
-75,82.74,30.639,326.8,-318.7735,-0.5565,189.677,3.99799999999993,-1600.30710312263,-124.907103122628,-2,399.692896877372,-2,-100.307103122628,-1,599.692896877372,-1,1399.69289687737,-1
-74.5,82.3275,30.7155,328.799,-316.70225,-0.55675,189.753,3.99799999999999,-1600.30710312265,-124.90710312265,-2,399.692896877349,-2,-100.307103122651,-1,599.692896877349,-1,1399.69289687735,-1
-74,81.915,30.792,330.798,-314.631,-0.557,189.829,4.00575000000003,-1603.40924920801,-128.009249208011,-2,396.590750791989,-2,-103.409249208011,-1,596.590750791989,-1,1396.59075079199,-1
-73.5,81.51325,30.86875,332.80475,-312.55575,-0.557,189.90525,4.01350000000002,-1606.51139529335,-131.111395293349,-2,393.488604706651,-2,-106.511395293349,-1,593.488604706651,-1,1393.48860470665,-1
-73,81.1115,30.9455,334.8115,-310.4805,-0.557,189.9815,4.01349999999996,-1606.51139529333,-131.111395293326,-2,393.488604706674,-2,-106.511395293326,-1,593.488604706674,-1,1393.48860470667,-1
-72.5,80.70975,31.02225,336.81825,-308.40525,-0.557,190.05775,4.01349999999996,-1606.51139529333,-131.111395293326,-2,393.488604706674,-2,-106.511395293326,-1,593.488604706674,-1,1393.48860470667,-1
-72,80.308,31.099,338.825,-306.33,-0.557,190.134,4.02024999999998,-1609.21326446444,-133.813264464435,-2,390.786735535565,-2,-109.213264464435,-1,590.786735535565,-1,1390.78673553556,-1
-71.5,79.91675,31.176,340.8385,-304.2505,-0.55725,190.21025,4.02699999999999,-1611.91513363554,-136.515133635545,-2,388.084866364455,-2,-111.915133635545,-1,588.084866364455,-1,1388.08486636446,-1
-71,79.5255,31.253,342.852,-302.171,-0.5575,190.2865,4.0270000000001,-1611.91513363559,-136.51513363559,-2,388.08486636441,-2,-111.91513363559,-1,588.08486636441,-1,1388.08486636441,-1
-70.5,79.13425,31.33,344.8655,-300.0915,-0.55775,190.36275,4.02700000000004,-1611.91513363557,-136.515133635568,-2,388.084866364432,-2,-111.915133635568,-1,588.084866364432,-1,1388.08486636443,-1
-70,78.743,31.407,346.879,-298.012,-0.558,190.439,4.03399999999999,-1614.71707203521,-139.317072035211,-2,385.282927964789,-2,-114.717072035211,-1,585.282927964789,-1,1385.28292796479,-1
-69.5,78.3625,31.484,348.8995,-295.92875,-0.55825,190.5155,4.041,-1617.51901043488,-142.119010434878,-2,382.480989565122,-2,-117.519010434878,-1,582.480989565122,-1,1382.48098956512,-1
-69,77.982,31.561,350.92,-293.8455,-0.5585,190.592,4.041,-1617.51901043488,-142.119010434878,-2,382.480989565122,-2,-117.519010434878,-1,582.480989565122,-1,1382.48098956512,-1
-68.5,77.6015,31.638,352.9405,-291.76225,-0.55875,190.6685,4.041,-1617.51901043488,-142.119010434878,-2,382.480989565122,-2,-117.519010434878,-1,582.480989565122,-1,1382.48098956512,-1
-68,77.221,31.715,354.961,-289.679,-0.559,190.745,4.04749999999996,-1620.12081037741,-144.720810377407,-2,379.879189622593,-2,-120.120810377407,-1,579.879189622593,-1,1379.87918962259,-1
-67.5,76.851,31.79225,356.988,-287.592,-0.55925,190.82175,4.05399999999997,-1622.72261031996,-147.32261031996,-2,377.27738968004,-2,-122.72261031996,-1,577.27738968004,-1,1377.27738968004,-1
-67,76.481,31.8695,359.015,-285.505,-0.5595,190.8985,4.05400000000003,-1622.72261031998,-147.322610319982,-2,377.277389680018,-2,-122.722610319982,-1,577.277389680018,-1,1377.27738968002,-1
-66.5,76.111,31.94675,361.042,-283.418,-0.55975,190.97525,4.05400000000003,-1622.72261031998,-147.322610319982,-2,377.277389680018,-2,-122.722610319982,-1,577.277389680018,-1,1377.27738968002,-1
-66,75.741,32.024,363.069,-281.331,-0.56,191.052,4.06025,-1625.22434103395,-149.824341033955,-2,374.775658966045,-2,-125.224341033955,-1,574.775658966045,-1,1374.77565896604,-1
-65.5,75.38175,32.10125,365.10225,-279.24,-0.56,191.12875,4.06649999999996,-1627.72607174793,-152.326071747927,-2,372.273928252073,-2,-127.726071747927,-1,572.273928252073,-1,1372.27392825207,-1
-65,75.0225,32.1785,367.1355,-277.149,-0.56,191.2055,4.06649999999996,-1627.72607174793,-152.326071747927,-2,372.273928252073,-2,-127.726071747927,-1,572.273928252073,-1,1372.27392825207,-1
-64.5,74.66325,32.25575,369.16875,-275.058,-0.56,191.28225,4.06650000000002,-1627.72607174795,-152.32607174795,-2,372.27392825205,-2,-127.72607174795,-1,572.27392825205,-1,1372.27392825205,-1
-64,74.304,32.333,371.202,-272.967,-0.56,191.359,4.07249999999999,-1630.12773323337,-154.727733233365,-2,369.872266766635,-2,-130.127733233365,-1,569.872266766635,-1,1369.87226676663,-1
-63.5,73.9555,32.4105,373.24125,-270.8725,-0.56025,191.43575,4.07849999999996,-1632.52939471878,-157.129394718781,-2,367.470605281219,-2,-132.529394718781,-1,567.470605281219,-1,1367.47060528122,-1
-63,73.607,32.488,375.2805,-268.778,-0.5605,191.5125,4.07850000000002,-1632.5293947188,-157.129394718804,-2,367.470605281196,-2,-132.529394718804,-1,567.470605281196,-1,1367.4706052812,-1
-62.5,73.2585,32.5655,377.31975,-266.6835,-0.56075,191.58925,4.07850000000002,-1632.5293947188,-157.129394718804,-2,367.470605281196,-2,-132.529394718804,-1,567.470605281196,-1,1367.4706052812,-1
-62,72.91,32.643,379.359,-264.589,-0.561,191.666,4.08425,-1634.83098697566,-159.430986975662,-2,365.169013024338,-2,-134.830986975662,-1,565.169013024338,-1,1365.16901302434,-1
-61.5,72.5725,32.7205,381.404,-262.49075,-0.56125,191.743,4.08999999999997,-1637.13257923252,-161.73257923252,-2,362.86742076748,-2,-137.13257923252,-1,562.86742076748,-1,1362.86742076748,-1
-61,72.235,32.798,383.449,-260.3925,-0.5615,191.82,4.08999999999997,-1637.13257923252,-161.73257923252,-2,362.86742076748,-2,-137.13257923252,-1,562.86742076748,-1,1362.86742076748,-1
-60.5,71.8975,32.8755,385.494,-258.29425,-0.56175,191.897,4.09000000000003,-1637.13257923254,-161.732579232543,-2,362.867420767457,-2,-137.132579232543,-1,562.867420767457,-1,1362.86742076746,-1
-60,71.56,32.953,387.539,-256.196,-0.562,191.974,4.09550000000002,-1639.33410226084,-163.934102260844,-2,360.665897739156,-2,-139.334102260844,-1,560.665897739156,-1,1360.66589773916,-1
-59.5,71.233,33.03075,389.5895,-254.0945,-0.562,192.05125,4.101,-1641.53562528915,-166.135625289146,-2,358.464374710854,-2,-141.535625289146,-1,558.464374710854,-1,1358.46437471085,-1
-59,70.906,33.1085,391.64,-251.993,-0.562,192.1285,4.101,-1641.53562528915,-166.135625289146,-2,358.464374710854,-2,-141.535625289146,-1,558.464374710854,-1,1358.46437471085,-1
-58.5,70.579,33.18625,393.6905,-249.8915,-0.562,192.20575,4.101,-1641.53562528915,-166.135625289146,-2,358.464374710854,-2,-141.535625289146,-1,558.464374710854,-1,1358.46437471085,-1
-58,70.252,33.264,395.741,-247.79,-0.562,192.283,4.10649999999998,-1643.73714831745,-168.337148317447,-2,356.262851682553,-2,-143.737148317447,-1,556.262851682553,-1,1356.26285168255,-1
-57.5,69.936,33.34175,397.797,-245.68525,-0.56225,192.36025,4.11199999999997,-1645.93867134575,-170.538671345748,-2,354.061328654252,-2,-145.938671345748,-1,554.061328654252,-1,1354.06132865425,-1
-57,69.62,33.4195,399.853,-243.5805,-0.5625,192.4375,4.11200000000002,-1645.93867134577,-170.538671345771,-2,354.061328654229,-2,-145.938671345771,-1,554.061328654229,-1,1354.06132865423,-1
-56.5,69.304,33.49725,401.909,-241.47575,-0.56275,192.51475,4.11200000000002,-1645.93867134577,-170.538671345771,-2,354.061328654229,-2,-145.938671345771,-1,554.061328654229,-1,1354.06132865423,-1
-56,68.988,33.575,403.965,-239.371,-0.563,192.592,4.11700000000002,-1647.94005591696,-172.540055916958,-2,352.059944083042,-2,-147.940055916958,-1,552.059944083042,-1,1352.05994408304,-1
-55.5,68.68275,33.653,406.026,-237.26275,-0.56325,192.6695,4.12200000000001,-1649.94144048815,-174.541440488145,-2,350.058559511855,-2,-149.941440488145,-1,550.058559511855,-1,1350.05855951185,-1
-55,68.3775,33.731,408.087,-235.1545,-0.5635,192.747,4.12199999999996,-1649.94144048812,-174.541440488122,-2,350.058559511878,-2,-149.941440488122,-1,550.058559511878,-1,1350.05855951188,-1
-54.5,68.07225,33.809,410.148,-233.04625,-0.56375,192.8245,4.12200000000001,-1649.94144048815,-174.541440488145,-2,350.058559511855,-2,-149.941440488145,-1,550.058559511855,-1,1350.05855951185,-1
-54,67.767,33.887,412.209,-230.938,-0.564,192.902,4.12675000000002,-1651.84275583078,-176.442755830775,-2,348.157244169225,-2,-151.842755830775,-1,548.157244169225,-1,1348.15724416923,-1
-53.5,67.4725,33.965,414.27475,-228.82675,-0.564,192.9795,4.13150000000002,-1653.74407117341,-178.344071173405,-2,346.255928826595,-2,-153.744071173405,-1,546.255928826595,-1,1346.25592882659,-1
-53,67.178,34.043,416.3405,-226.7155,-0.564,193.057,4.13150000000002,-1653.74407117341,-178.344071173405,-2,346.255928826595,-2,-153.744071173405,-1,546.255928826595,-1,1346.25592882659,-1
-52.5,66.8835,34.121,418.40625,-224.60425,-0.564,193.1345,4.13149999999996,-1653.74407117338,-178.344071173382,-2,346.255928826618,-2,-153.744071173382,-1,546.255928826618,-1,1346.25592882662,-1
-52,66.589,34.199,420.472,-222.493,-0.564,193.212,4.13649999999996,-1655.74545574457,-180.345455744569,-2,344.254544255431,-2,-155.745455744569,-1,544.254544255431,-1,1344.25454425543,-1
-51.5,66.30575,34.27725,422.54275,-220.37875,-0.56425,193.2895,4.14150000000001,-1657.74684031578,-182.346840315779,-2,342.253159684221,-2,-157.746840315779,-1,542.253159684221,-1,1342.25315968422,-1
-51,66.0225,34.3555,424.6135,-218.2645,-0.5645,193.367,4.14150000000001,-1657.74684031578,-182.346840315779,-2,342.253159684221,-2,-157.746840315779,-1,542.253159684221,-1,1342.25315968422,-1
-50.5,65.73925,34.43375,426.68425,-216.15025,-0.56475,193.4445,4.14150000000001,-1657.74684031578,-182.346840315779,-2,342.253159684221,-2,-157.746840315779,-1,542.253159684221,-1,1342.25315968422,-1
-50,65.456,34.512,428.755,-214.036,-0.565,193.522,4.14575000000002,-1659.4480172013,-184.048017201295,-2,340.551982798705,-2,-159.448017201295,-1,540.551982798705,-1,1340.5519827987,-1
-49.5,65.1835,34.59025,430.83,-211.91875,-0.565,193.59975,4.14999999999998,-1661.14919408679,-185.749194086788,-2,338.850805913212,-2,-161.149194086788,-1,538.850805913212,-1,1338.85080591321,-1
-49,64.911,34.6685,432.905,-209.8015,-0.565,193.6775,4.15000000000003,-1661.14919408681,-185.749194086811,-2,338.850805913189,-2,-161.149194086811,-1,538.850805913189,-1,1338.85080591319,-1
-48.5,64.6385,34.74675,434.98,-207.68425,-0.565,193.75525,4.15000000000003,-1661.14919408681,-185.749194086811,-2,338.850805913189,-2,-161.149194086811,-1,538.850805913189,-1,1338.85080591319,-1
-48,64.366,34.825,437.055,-205.567,-0.565,193.833,4.15424999999999,-1662.8503709723,-187.450370972304,-2,337.149629027696,-2,-162.850370972304,-1,537.149629027696,-1,1337.1496290277,-1
-47.5,64.10425,34.9035,439.13425,-203.44725,-0.56525,193.91075,4.1585,-1664.55154785782,-189.15154785782,-2,335.44845214218,-2,-164.55154785782,-1,535.44845214218,-1,1335.44845214218,-1
-47,63.8425,34.982,441.2135,-201.3275,-0.5655,193.9885,4.1585,-1664.55154785782,-189.15154785782,-2,335.44845214218,-2,-164.55154785782,-1,535.44845214218,-1,1335.44845214218,-1
-46.5,63.58075,35.0605,443.29275,-199.20775,-0.56575,194.06625,4.1585,-1664.55154785782,-189.15154785782,-2,335.44845214218,-2,-164.55154785782,-1,535.44845214218,-1,1335.44845214218,-1
-46,63.319,35.139,445.372,-197.088,-0.566,194.144,4.16275000000002,-1666.25272474334,-190.852724743335,-2,333.747275256664,-2,-166.252724743336,-1,533.747275256664,-1,1333.74727525666,-1
-45.5,63.0685,35.2175,447.4555,-194.96525,-0.566,194.222,4.16699999999997,-1667.95390162883,-192.553901628829,-2,332.046098371171,-2,-167.953901628829,-1,532.046098371171,-1,1332.04609837117,-1
-45,62.818,35.296,449.539,-192.8425,-0.566,194.3,4.16699999999997,-1667.95390162883,-192.553901628829,-2,332.046098371171,-2,-167.953901628829,-1,532.046098371171,-1,1332.04609837117,-1
-44.5,62.5675,35.3745,451.6225,-190.71975,-0.566,194.378,4.16700000000003,-1667.95390162885,-192.553901628851,-2,332.046098371148,-2,-167.953901628852,-1,532.046098371148,-1,1332.04609837115,-1
-44,62.317,35.453,453.706,-188.597,-0.566,194.456,4.17099999999999,-1669.55500928579,-194.155009285788,-2,330.444990714212,-2,-169.555009285788,-1,530.444990714212,-1,1330.44499071421,-1
-43.5,62.07725,35.5315,455.7935,-186.47175,-0.56625,194.534,4.17499999999995,-1671.15611694272,-195.756116942724,-2,328.843883057276,-2,-171.156116942724,-1,528.843883057276,-1,1328.84388305728,-1
-43,61.8375,35.61,457.881,-184.3465,-0.5665,194.612,4.17499999999995,-1671.15611694272,-195.756116942724,-2,328.843883057276,-2,-171.156116942724,-1,528.843883057276,-1,1328.84388305728,-1
-42.5,61.59775,35.6885,459.9685,-182.22125,-0.56675,194.69,4.17500000000001,-1671.15611694275,-195.756116942746,-2,328.843883057254,-2,-171.156116942746,-1,528.843883057254,-1,1328.84388305725,-1
-42,61.358,35.767,462.056,-180.096,-0.567,194.768,4.17850000000004,-1672.55708614259,-197.157086142591,-2,327.442913857409,-2,-172.557086142591,-1,527.442913857409,-1,1327.44291385741,-1
-41.5,61.1295,35.84575,464.147,-177.96825,-0.56725,194.84625,4.18200000000002,-1673.95805534241,-198.558055342413,-2,326.041944657587,-2,-173.958055342413,-1,526.041944657587,-1,1326.04194465759,-1
-41,60.901,35.9245,466.238,-175.8405,-0.5675,194.9245,4.18200000000002,-1673.95805534241,-198.558055342413,-2,326.041944657587,-2,-173.958055342413,-1,526.041944657587,-1,1326.04194465759,-1
-40.5,60.6725,36.00325,468.329,-173.71275,-0.56775,195.00275,4.18200000000002,-1673.95805534241,-198.558055342413,-2,326.041944657587,-2,-173.958055342413,-1,526.041944657587,-1,1326.04194465759,-1
-40,60.444,36.082,470.42,-171.585,-0.568,195.081,4.18574999999998,-1675.45909377079,-200.059093770792,-2,324.540906229208,-2,-175.459093770792,-1,524.540906229208,-1,1324.54090622921,-1
-39.5,60.2265,36.16075,472.51475,-169.45475,-0.568,195.159,4.18950000000001,-1676.96013219919,-201.560132199193,-2,323.039867800807,-2,-176.960132199193,-1,523.039867800807,-1,1323.03986780081,-1
-39,60.009,36.2395,474.6095,-167.3245,-0.568,195.237,4.18950000000001,-1676.96013219919,-201.560132199193,-2,323.039867800807,-2,-176.960132199193,-1,523.039867800807,-1,1323.03986780081,-1
-38.5,59.7915,36.31825,476.70425,-165.19425,-0.568,195.315,4.18949999999995,-1676.96013219917,-201.560132199171,-2,323.039867800829,-2,-176.960132199171,-1,523.039867800829,-1,1323.03986780083,-1
-38,59.574,36.397,478.799,-163.064,-0.568,195.393,4.19274999999999,-1678.26103217046,-202.861032170458,-2,321.738967829542,-2,-178.261032170458,-1,521.738967829542,-1,1321.73896782954,-1
-37.5,59.36725,36.47575,480.897,-160.93175,-0.56825,195.4715,4.19600000000003,-1679.56193214175,-204.161932141746,-2,320.438067858254,-2,-179.561932141746,-1,520.438067858254,-1,1320.43806785825,-1
-37,59.1605,36.5545,482.995,-158.7995,-0.5685,195.55,4.19599999999997,-1679.56193214172,-204.161932141723,-2,320.438067858277,-2,-179.561932141723,-1,520.438067858277,-1,1320.43806785828,-1
-36.5,58.95375,36.63325,485.093,-156.66725,-0.56875,195.6285,4.19599999999997,-1679.56193214172,-204.161932141723,-2,320.438067858277,-2,-179.561932141723,-1,520.438067858277,-1,1320.43806785828,-1
-36,58.747,36.712,487.191,-154.535,-0.569,195.707,4.1995,-1680.96290134157,-205.562901341567,-2,319.037098658432,-2,-180.962901341568,-1,519.037098658432,-1,1319.03709865843,-1
-35.5,58.55175,36.791,489.2925,-152.4005,-0.569,195.78525,4.20300000000003,-1682.36387054141,-206.963870541412,-2,317.636129458588,-2,-182.363870541412,-1,517.636129458588,-1,1317.63612945859,-1
-35,58.3565,36.87,491.394,-150.266,-0.569,195.8635,4.20300000000003,-1682.36387054141,-206.963870541412,-2,317.636129458588,-2,-182.363870541412,-1,517.636129458588,-1,1317.63612945859,-1
-34.5,58.16125,36.949,493.4955,-148.1315,-0.569,195.94175,4.20299999999997,-1682.36387054139,-206.96387054139,-2,317.63612945861,-2,-182.36387054139,-1,517.63612945861,-1,1317.63612945861,-1
-34,57.966,37.028,495.597,-145.997,-0.569,196.02,4.20574999999997,-1683.46463205554,-208.06463205554,-2,316.53536794446,-2,-183.46463205554,-1,516.53536794446,-1,1316.53536794446,-1
-33.5,57.7815,37.107,497.70125,-143.8605,-0.569,196.0985,4.20850000000002,-1684.56539356971,-209.165393569713,-2,315.434606430287,-2,-184.565393569713,-1,515.434606430287,-1,1315.43460643029,-1
-33,57.597,37.186,499.8055,-141.724,-0.569,196.177,4.20850000000002,-1684.56539356971,-209.165393569713,-2,315.434606430287,-2,-184.565393569713,-1,515.434606430287,-1,1315.43460643029,-1
-32.5,57.4125,37.265,501.90975,-139.5875,-0.569,196.2555,4.20850000000002,-1684.56539356971,-209.165393569713,-2,315.434606430287,-2,-184.565393569713,-1,515.434606430287,-1,1315.43460643029,-1
-32,57.228,37.344,504.014,-137.451,-0.569,196.334,4.21174999999999,-1685.86629354098,-210.466293540978,-2,314.133706459022,-2,-185.866293540978,-1,514.133706459022,-1,1314.13370645902,-1
-31.5,57.05475,37.423,506.1215,-135.3125,-0.56925,196.4125,4.21499999999997,-1687.16719351224,-211.767193512243,-2,312.832806487757,-2,-187.167193512243,-1,512.832806487757,-1,1312.83280648776,-1
-31,56.8815,37.502,508.229,-133.174,-0.5695,196.491,4.21500000000003,-1687.16719351227,-211.767193512266,-2,312.832806487734,-2,-187.167193512266,-1,512.832806487734,-1,1312.83280648773,-1
-30.5,56.70825,37.581,510.3365,-131.0355,-0.56975,196.5695,4.21499999999997,-1687.16719351224,-211.767193512243,-2,312.832806487757,-2,-187.167193512243,-1,512.832806487757,-1,1312.83280648776,-1
-30,56.535,37.66,512.444,-128.897,-0.57,196.648,4.21749999999997,-1688.16788579784,-212.767885797837,-2,311.832114202163,-2,-188.167885797837,-1,511.832114202163,-1,1311.83211420216,-1
-29.5,56.37275,37.73925,514.554,-126.757,-0.57,196.7265,4.22000000000003,-1689.16857808345,-213.768578083453,-2,310.831421916547,-2,-189.168578083453,-1,510.831421916547,-1,1310.83142191655,-1
-29,56.2105,37.8185,516.664,-124.617,-0.57,196.805,4.22000000000003,-1689.16857808345,-213.768578083453,-2,310.831421916547,-2,-189.168578083453,-1,510.831421916547,-1,1310.83142191655,-1
-28.5,56.04825,37.89775,518.774,-122.477,-0.57,196.8835,4.22000000000003,-1689.16857808345,-213.768578083453,-2,310.831421916547,-2,-189.168578083453,-1,510.831421916547,-1,1310.83142191655,-1
-28,55.886,37.977,520.884,-120.337,-0.57,196.962,4.22249999999997,-1690.16927036902,-214.769270369024,-2,309.830729630976,-2,-190.169270369024,-1,509.830729630976,-1,1309.83072963098,-1
-27.5,55.735,38.05625,522.9965,-118.195,-0.57025,197.04075,4.22499999999991,-1691.16996265459,-215.769962654595,-2,308.830037345405,-2,-191.169962654595,-1,508.830037345405,-1,1308.83003734541,-1
-27,55.584,38.1355,525.109,-116.053,-0.5705,197.1195,4.22500000000002,-1691.16996265464,-215.76996265464,-2,308.83003734536,-2,-191.16996265464,-1,508.83003734536,-1,1308.83003734536,-1
-26.5,55.433,38.21475,527.2215,-113.911,-0.57075,197.19825,4.22500000000002,-1691.16996265464,-215.76996265464,-2,308.83003734536,-2,-191.16996265464,-1,508.83003734536,-1,1308.83003734536,-1
-26,55.282,38.294,529.334,-111.769,-0.571,197.277,4.22775000000001,-1692.27072416879,-216.870724168791,-2,307.729275831209,-2,-192.270724168791,-1,507.729275831209,-1,1307.72927583121,-1
-25.5,55.142,38.37325,531.44925,-109.62575,-0.571,197.3555,4.23050000000001,-1693.37148568294,-217.971485682941,-2,306.628514317059,-2,-193.371485682941,-1,506.628514317059,-1,1306.62851431706,-1
-25,55.002,38.4525,533.5645,-107.4825,-0.571,197.434,4.23049999999989,-1693.3714856829,-217.971485682896,-2,306.628514317104,-2,-193.371485682896,-1,506.628514317104,-1,1306.6285143171,-1
-24.5,54.862,38.53175,535.67975,-105.33925,-0.571,197.5125,4.23050000000001,-1693.37148568294,-217.971485682941,-2,306.628514317059,-2,-193.371485682941,-1,506.628514317059,-1,1306.62851431706,-1
-24,54.722,38.611,537.795,-103.196,-0.571,197.591,4.23250000000007,-1694.17203951144,-218.772039511443,-2,305.827960488557,-2,-194.172039511443,-1,505.827960488557,-1,1305.82796048856,-1
-23.5,54.59325,38.69025,539.91225,-101.051,-0.571,197.66975,4.23450000000003,-1694.9725933399,-219.5725933399,-2,305.0274066601,-2,-194.9725933399,-1,505.0274066601,-1,1305.0274066601,-1
-23,54.4645,38.7695,542.0295,-98.906,-0.571,197.7485,4.23450000000003,-1694.9725933399,-219.5725933399,-2,305.0274066601,-2,-194.9725933399,-1,505.0274066601,-1,1305.0274066601,-1
-22.5,54.33575,38.84875,544.14675,-96.761,-0.571,197.82725,4.23450000000003,-1694.9725933399,-219.5725933399,-2,305.0274066601,-2,-194.9725933399,-1,505.0274066601,-1,1305.0274066601,-1
-22,54.207,38.928,546.264,-94.616,-0.571,197.906,4.23674999999992,-1695.87321639689,-220.473216396891,-2,304.126783603109,-2,-195.873216396891,-1,504.126783603109,-1,1304.12678360311,-1
-21.5,54.0895,39.00725,548.3835,-92.47,-0.57125,197.98475,4.23899999999992,-1696.77383945393,-221.373839453927,-2,303.226160546072,-2,-196.773839453928,-1,503.226160546072,-1,1303.22616054607,-1
-21,53.972,39.0865,550.503,-90.324,-0.5715,198.0635,4.23900000000003,-1696.77383945397,-221.373839453973,-2,303.226160546027,-2,-196.773839453973,-1,503.226160546027,-1,1303.22616054603,-1
-20.5,53.8545,39.16575,552.6225,-88.178,-0.57175,198.14225,4.23900000000003,-1696.77383945397,-221.373839453973,-2,303.226160546027,-2,-196.773839453973,-1,503.226160546027,-1,1303.22616054603,-1
-20,53.737,39.245,554.742,-86.032,-0.572,198.221,4.24075000000005,-1697.4743240539,-222.074324053895,-2,302.525675946105,-2,-197.474324053895,-1,502.525675946105,-1,1302.5256759461,-1
-19.5,53.6305,39.3245,556.86325,-83.8845,-0.572,198.3,4.24250000000006,-1698.17480865382,-222.774808653818,-2,301.825191346182,-2,-198.174808653818,-1,501.825191346182,-1,1301.82519134618,-1
-19,53.524,39.404,558.9845,-81.737,-0.572,198.379,4.24249999999995,-1698.17480865377,-222.774808653772,-2,301.825191346228,-2,-198.174808653772,-1,501.825191346228,-1,1301.82519134623,-1
-18.5,53.4175,39.4835,561.10575,-79.5895,-0.572,198.458,4.24249999999995,-1698.17480865377,-222.774808653772,-2,301.825191346228,-2,-198.174808653772,-1,501.825191346228,-1,1301.82519134623,-1
-18,53.311,39.563,563.227,-77.442,-0.572,198.537,4.24450000000002,-1698.97536248227,-223.575362482274,-2,301.024637517726,-2,-198.975362482274,-1,501.024637517726,-1,1301.02463751773,-1
-17.5,53.21575,39.6425,565.35025,-75.2935,-0.572,198.61575,4.24650000000008,-1699.77591631078,-224.375916310776,-2,300.224083689224,-2,-199.775916310776,-1,500.224083689224,-1,1300.22408368922,-1
-17,53.1205,39.722,567.4735,-73.145,-0.572,198.6945,4.24650000000008,-1699.77591631078,-224.375916310776,-2,300.224083689224,-2,-199.775916310776,-1,500.224083689224,-1,1300.22408368922,-1
-16.5,53.02525,39.8015,569.59675,-70.9965,-0.572,198.77325,4.24649999999997,-1699.77591631073,-224.375916310731,-2,300.224083689269,-2,-199.775916310731,-1,500.224083689269,-1,1300.22408368927,-1
-16,52.93,39.881,571.72,-68.848,-0.572,198.852,4.24799999999993,-1700.37633168207,-224.976331682073,-2,299.623668317927,-2,-200.376331682073,-1,499.623668317927,-1,1299.62366831793,-1
-15.5,52.84575,39.9605,573.84475,-66.69875,-0.57225,198.931,4.24950000000001,-1700.97674705346,-225.576747053461,-2,299.023252946539,-2,-200.976747053461,-1,499.023252946539,-1,1299.02325294654,-1
-15,52.7615,40.04,575.9695,-64.5495,-0.5725,199.01,4.24950000000013,-1700.97674705351,-225.576747053507,-2,299.023252946493,-2,-200.976747053507,-1,499.023252946493,-1,1299.02325294649,-1
-14.5,52.67725,40.1195,578.09425,-62.40025,-0.57275,199.089,4.24950000000001,-1700.97674705346,-225.576747053461,-2,299.023252946539,-2,-200.976747053461,-1,499.023252946539,-1,1299.02325294654,-1
-14,52.593,40.199,580.219,-60.251,-0.573,199.168,4.25124999999991,-1701.67723165334,-226.277231653338,-2,298.322768346662,-2,-201.677231653338,-1,498.322768346662,-1,1298.32276834666,-1
-13.5,52.52025,40.2785,582.3455,-58.10075,-0.573,199.247,4.25299999999993,-1702.37771625326,-226.977716253261,-2,297.622283746739,-2,-202.377716253261,-1,497.622283746739,-1,1297.62228374674,-1
-13,52.4475,40.358,584.472,-55.9505,-0.573,199.326,4.25300000000004,-1702.37771625331,-226.977716253306,-2,297.622283746694,-2,-202.377716253306,-1,497.622283746694,-1,1297.62228374669,-1
-12.5,52.37475,40.4375,586.5985,-53.80025,-0.573,199.405,4.25300000000004,-1702.37771625331,-226.977716253306,-2,297.622283746694,-2,-202.377716253306,-1,497.622283746694,-1,1297.62228374669,-1
-12,52.302,40.517,588.725,-51.65,-0.573,199.484,4.25424999999996,-1702.87806239607,-227.478062396069,-2,297.121937603931,-2,-202.878062396069,-1,497.121937603931,-1,1297.12193760393,-1
-11.5,52.24025,40.5965,590.85275,-49.499,-0.573,199.56275,4.25549999999998,-1703.37840853888,-227.978408538877,-2,296.621591461123,-2,-203.378408538877,-1,496.621591461123,-1,1296.62159146112,-1
-11,52.1785,40.676,592.9805,-47.348,-0.573,199.6415,4.25549999999998,-1703.37840853888,-227.978408538877,-2,296.621591461123,-2,-203.378408538877,-1,496.621591461123,-1,1296.62159146112,-1
-10.5,52.11675,40.7555,595.10825,-45.197,-0.573,199.72025,4.25549999999998,-1703.37840853888,-227.978408538877,-2,296.621591461123,-2,-203.378408538877,-1,496.621591461123,-1,1296.62159146112,-1
-10,52.055,40.835,597.236,-43.046,-0.573,199.799,4.25675000000001,-1703.87875468168,-228.478754681685,-2,296.121245318315,-2,-203.878754681685,-1,496.121245318315,-1,1296.12124531832,-1
-9.5,52.0045,40.9145,599.365,-40.8945,-0.57325,199.878,4.25799999999992,-1704.37910082445,-228.979100824448,-2,295.620899175552,-2,-204.379100824448,-1,495.620899175552,-1,1295.62089917555,-1
-9,51.954,40.994,601.494,-38.743,-0.5735,199.957,4.25799999999992,-1704.37910082445,-228.979100824448,-2,295.620899175552,-2,-204.379100824448,-1,495.620899175552,-1,1295.62089917555,-1
-8.5,51.9035,41.0735,603.623,-36.5915,-0.57375,200.036,4.25800000000004,-1704.37910082449,-228.979100824493,-2,295.620899175507,-2,-204.379100824493,-1,495.620899175507,-1,1295.62089917551,-1
-8,51.853,41.153,605.752,-34.44,-0.574,200.115,4.25900000000001,-1704.77937773872,-229.379377738721,-2,295.220622261279,-2,-204.779377738721,-1,495.220622261279,-1,1295.22062226128,-1
-7.5,51.81375,41.2325,607.882,-32.28775,-0.574,200.194,4.25999999999999,-1705.17965465295,-229.779654652949,-2,294.82034534705,-2,-205.17965465295,-1,494.82034534705,-1,1294.82034534705,-1
-7,51.7745,41.312,610.012,-30.1355,-0.574,200.273,4.2600000000001,-1705.179654653,-229.779654652995,-2,294.820345347005,-2,-205.179654652995,-1,494.820345347005,-1,1294.820345347,-1
-6.5,51.73525,41.3915,612.142,-27.98325,-0.574,200.352,4.2600000000001,-1705.179654653,-229.779654652995,-2,294.820345347005,-2,-205.179654652995,-1,494.820345347005,-1,1294.820345347,-1
-6,51.696,41.471,614.272,-25.831,-0.574,200.431,4.26099999999997,-1705.57993156718,-230.179931567178,-2,294.420068432822,-2,-205.579931567178,-1,494.420068432822,-1,1294.42006843282,-1
-5.5,51.668,41.55075,616.403,-23.67875,-0.574,200.51,4.26200000000006,-1705.98020848145,-230.580208481452,-2,294.019791518548,-2,-205.980208481452,-1,494.019791518548,-1,1294.01979151855,-1
-5,51.64,41.6305,618.534,-21.5265,-0.574,200.589,4.26200000000006,-1705.98020848145,-230.580208481452,-2,294.019791518548,-2,-205.980208481452,-1,494.019791518548,-1,1294.01979151855,-1
-4.5,51.612,41.71025,620.665,-19.37425,-0.574,200.668,4.26199999999994,-1705.98020848141,-230.580208481406,-2,294.019791518594,-2,-205.980208481406,-1,494.019791518594,-1,1294.01979151859,-1
-4,51.584,41.79,622.796,-17.222,-0.574,200.747,4.26274999999998,-1706.2804161671,-230.8804161671,-2,293.7195838329,-2,-206.2804161671,-1,493.7195838329,-1,1293.7195838329,-1
-3.5,51.56725,41.8695,624.92775,-15.06925,-0.574,200.82625,4.26350000000002,-1706.58062385279,-231.180623852794,-2,293.419376147206,-2,-206.580623852794,-1,493.419376147206,-1,1293.41937614721,-1
-3,51.5505,41.949,627.0595,-12.9165,-0.574,200.9055,4.26350000000002,-1706.58062385279,-231.180623852794,-2,293.419376147206,-2,-206.580623852794,-1,493.419376147206,-1,1293.41937614721,-1
-2.5,51.53375,42.0285,629.19125,-10.76375,-0.574,200.98475,4.26349999999991,-1706.58062385275,-231.180623852749,-2,293.419376147251,-2,-206.580623852749,-1,493.419376147251,-1,1293.41937614725,-1
-2,51.517,42.108,631.323,-8.611,-0.574,201.064,4.2639999999999,-1706.78076230986,-231.380762309863,-2,293.219237690137,-2,-206.780762309863,-1,493.219237690137,-1,1293.21923769014,-1
-1.5,51.51125,42.18775,633.45525,-6.45825,-0.574,201.143,4.2645,-1706.98090076702,-231.580900767022,-2,293.019099232977,-2,-206.980900767023,-1,493.019099232977,-1,1293.01909923298,-1
-1,51.5055,42.2675,635.5875,-4.3055,-0.574,201.222,4.2645,-1706.98090076702,-231.580900767022,-2,293.019099232977,-2,-206.980900767023,-1,493.019099232977,-1,1293.01909923298,-1
-0.5,51.49975,42.34725,637.71975,-2.15275,-0.574,201.301,4.2645,-1706.98090076702,-231.580900767022,-2,293.019099232977,-2,-206.980900767023,-1,493.019099232977,-1,1293.01909923298,-1
0,51.494,42.427,639.852,0,-0.574,201.38,4.26525000000004,-1707.28110845272,-231.881108452717,-2,292.718891547283,-2,-207.281108452717,-1,492.718891547283,-1,1292.71889154728,-1
0.5,51.49975,42.5065,641.985,2.15275,-0.574,201.459,4.26599999999996,-1707.58131613837,-232.181316138365,-2,292.418683861635,-2,-207.581316138365,-1,492.418683861635,-1,1292.41868386164,-1
1,51.5055,42.586,644.118,4.3055,-0.574,201.538,4.26599999999996,-1707.58131613837,-232.181316138365,-2,292.418683861635,-2,-207.581316138365,-1,492.418683861635,-1,1292.41868386164,-1
1.5,51.51125,42.6655,646.251,6.45825,-0.574,201.617,4.26600000000008,-1707.58131613841,-232.181316138411,-2,292.418683861589,-2,-207.581316138411,-1,492.418683861589,-1,1292.41868386159,-1
2,51.517,42.745,648.384,8.611,-0.574,201.696,4.26625000000001,-1707.68138536695,-232.281385366945,-2,292.318614633055,-2,-207.681385366945,-1,492.318614633055,-1,1292.31861463305,-1
2.5,51.53375,42.8245,650.51725,10.76375,-0.57425,201.775,4.26649999999995,-1707.78145459548,-232.381454595479,-2,292.218545404521,-2,-207.781454595479,-1,492.218545404521,-1,1292.21854540452,-1
3,51.5505,42.904,652.6505,12.9165,-0.5745,201.854,4.26650000000006,-1707.78145459552,-232.381454595525,-2,292.218545404475,-2,-207.781454595525,-1,492.218545404475,-1,1292.21854540448,-1
3.5,51.56725,42.9835,654.78375,15.06925,-0.57475,201.933,4.26650000000006,-1707.78145459552,-232.381454595525,-2,292.218545404475,-2,-207.781454595525,-1,492.218545404475,-1,1292.21854540448,-1
4,51.584,43.063,656.917,17.222,-0.575,202.012,4.26675,-1707.88152382406,-232.481523824059,-2,292.118476175941,-2,-207.881523824059,-1,492.118476175941,-1,1292.11847617594,-1
4.5,51.612,43.14275,659.0505,19.37425,-0.575,202.091,4.26699999999994,-1707.98159305259,-232.581593052593,-2,292.018406947406,-2,-207.981593052594,-1,492.018406947406,-1,1292.01840694741,-1
5,51.64,43.2225,661.184,21.5265,-0.575,202.17,4.26699999999994,-1707.98159305259,-232.581593052593,-2,292.018406947406,-2,-207.981593052594,-1,492.018406947406,-1,1292.01840694741,-1
5.5,51.668,43.30225,663.3175,23.67875,-0.575,202.249,4.26700000000005,-1707.98159305264,-232.581593052639,-2,292.018406947361,-2,-207.981593052639,-1,492.018406947361,-1,1292.01840694736,-1
6,51.696,43.382,665.451,25.831,-0.575,202.328,4.26724999999999,-1708.08166228117,-232.681662281173,-2,291.918337718827,-2,-208.081662281173,-1,491.918337718827,-1,1291.91833771883,-1
6.5,51.73525,43.4615,667.58475,27.983,-0.575,202.407,4.26749999999993,-1708.18173150971,-232.781731509707,-2,291.818268490292,-2,-208.181731509708,-1,491.818268490292,-1,1291.81826849029,-1
7,51.7745,43.541,669.7185,30.135,-0.575,202.486,4.26750000000004,-1708.18173150975,-232.781731509753,-2,291.818268490247,-2,-208.181731509753,-1,491.818268490247,-1,1291.81826849025,-1
7.5,51.81375,43.6205,671.85225,32.287,-0.575,202.565,4.26750000000004,-1708.18173150975,-232.781731509753,-2,291.818268490247,-2,-208.181731509753,-1,491.818268490247,-1,1291.81826849025,-1
8,51.853,43.7,673.986,34.439,-0.575,202.644,4.26724999999999,-1708.08166228117,-232.681662281173,-2,291.918337718827,-2,-208.081662281173,-1,491.918337718827,-1,1291.91833771883,-1
8.5,51.9035,43.7795,676.1195,36.59075,-0.575,202.723,4.26699999999994,-1707.98159305259,-232.581593052593,-2,292.018406947406,-2,-207.981593052594,-1,492.018406947406,-1,1292.01840694741,-1
9,51.954,43.859,678.253,38.7425,-0.575,202.802,4.26699999999994,-1707.98159305259,-232.581593052593,-2,292.018406947406,-2,-207.981593052594,-1,492.018406947406,-1,1292.01840694741,-1
9.5,52.0045,43.9385,680.3865,40.89425,-0.575,202.881,4.26700000000005,-1707.98159305264,-232.581593052639,-2,292.018406947361,-2,-207.981593052639,-1,492.018406947361,-1,1292.01840694736,-1
10,52.055,44.018,682.52,43.046,-0.575,202.96,4.26675,-1707.88152382406,-232.481523824059,-2,292.118476175941,-2,-207.881523824059,-1,492.118476175941,-1,1292.11847617594,-1
10.5,52.11675,44.0975,684.65325,45.197,-0.575,203.039,4.26649999999995,-1707.78145459548,-232.381454595479,-2,292.218545404521,-2,-207.781454595479,-1,492.218545404521,-1,1292.21854540452,-1
11,52.1785,44.177,686.7865,47.348,-0.575,203.118,4.26650000000006,-1707.78145459552,-232.381454595525,-2,292.218545404475,-2,-207.781454595525,-1,492.218545404475,-1,1292.21854540448,-1
11.5,52.24025,44.2565,688.91975,49.499,-0.575,203.197,4.26650000000006,-1707.78145459552,-232.381454595525,-2,292.218545404475,-2,-207.781454595525,-1,492.218545404475,-1,1292.21854540448,-1
12,52.302,44.336,691.053,51.65,-0.575,203.276,4.26625000000001,-1707.68138536695,-232.281385366945,-2,292.318614633055,-2,-207.681385366945,-1,492.318614633055,-1,1292.31861463305,-1
12.5,52.375,44.41575,693.186,53.8,-0.575,203.355,4.26599999999996,-1707.58131613837,-232.181316138365,-2,292.418683861635,-2,-207.581316138365,-1,492.418683861635,-1,1292.41868386164,-1
13,52.448,44.4955,695.319,55.95,-0.575,203.434,4.26599999999996,-1707.58131613837,-232.181316138365,-2,292.418683861635,-2,-207.581316138365,-1,492.418683861635,-1,1292.41868386164,-1
13.5,52.521,44.57525,697.452,58.1,-0.575,203.513,4.26600000000008,-1707.58131613841,-232.181316138411,-2,292.418683861589,-2,-207.581316138411,-1,492.418683861589,-1,1292.41868386159,-1
14,52.594,44.655,699.585,60.25,-0.575,203.592,4.26575000000003,-1707.48124690983,-232.081246909831,-2,292.518753090169,-2,-207.481246909831,-1,492.518753090169,-1,1292.51875309017,-1
14.5,52.678,44.73425,701.71775,62.3995,-0.575,203.67075,4.26549999999997,-1707.38117768125,-231.981177681251,-2,292.618822318749,-2,-207.381177681251,-1,492.618822318749,-1,1292.61882231875,-1
15,52.762,44.8135,703.8505,64.549,-0.575,203.7495,4.26549999999997,-1707.38117768125,-231.981177681251,-2,292.618822318749,-2,-207.381177681251,-1,492.618822318749,-1,1292.61882231875,-1
15.5,52.846,44.89275,705.98325,66.6985,-0.575,203.82825,4.26549999999997,-1707.38117768125,-231.981177681251,-2,292.618822318749,-2,-207.381177681251,-1,492.618822318749,-1,1292.61882231875,-1
16,52.93,44.972,708.116,68.848,-0.575,203.907,4.26475000000005,-1707.0809699956,-231.680969995603,-2,292.919030004397,-2,-207.080969995603,-1,492.919030004397,-1,1292.9190300044,-1
16.5,53.02525,45.0515,710.248,70.9965,-0.575,203.986,4.26400000000001,-1706.78076230991,-231.380762309908,-2,293.219237690091,-2,-206.780762309909,-1,493.219237690091,-1,1293.21923769009,-1
17,53.1205,45.131,712.38,73.145,-0.575,204.065,4.2639999999999,-1706.78076230986,-231.380762309863,-2,293.219237690137,-2,-206.780762309863,-1,493.219237690137,-1,1293.21923769014,-1
17.5,53.21575,45.2105,714.512,75.2935,-0.575,204.144,4.26400000000001,-1706.78076230991,-231.380762309908,-2,293.219237690091,-2,-206.780762309909,-1,493.219237690091,-1,1293.21923769009,-1
18,53.311,45.29,716.644,77.442,-0.575,204.223,4.26324999999997,-1706.48055462421,-231.080554624215,-2,293.519445375785,-2,-206.480554624215,-1,493.519445375785,-1,1293.51944537579,-1
18.5,53.4175,45.3695,718.77525,79.58925,-0.575,204.30175,4.26250000000005,-1706.18034693857,-230.780346938566,-2,293.819653061434,-2,-206.180346938566,-1,493.819653061434,-1,1293.81965306143,-1
19,53.524,45.449,720.9065,81.7365,-0.575,204.3805,4.26250000000005,-1706.18034693857,-230.780346938566,-2,293.819653061434,-2,-206.180346938566,-1,493.819653061434,-1,1293.81965306143,-1
19.5,53.6305,45.5285,723.03775,83.88375,-0.575,204.45925,4.26249999999993,-1706.18034693852,-230.78034693852,-2,293.819653061479,-2,-206.180346938521,-1,493.819653061479,-1,1293.81965306148,-1
20,53.737,45.608,725.169,86.031,-0.575,204.538,4.26175000000012,-1705.88013925292,-230.480139252918,-2,294.119860747082,-2,-205.880139252918,-1,494.119860747082,-1,1294.11986074708,-1
20.5,53.8545,45.68725,727.2995,88.17725,-0.575,204.61675,4.26100000000008,-1705.57993156722,-230.179931567223,-2,294.420068432776,-2,-205.579931567224,-1,494.420068432776,-1,1294.42006843278,-1
21,53.972,45.7665,729.43,90.3235,-0.575,204.6955,4.26099999999997,-1705.57993156718,-230.179931567178,-2,294.420068432822,-2,-205.579931567178,-1,494.420068432822,-1,1294.42006843282,-1
21.5,54.0895,45.84575,731.5605,92.46975,-0.575,204.77425,4.26099999999997,-1705.57993156718,-230.179931567178,-2,294.420068432822,-2,-205.579931567178,-1,494.420068432822,-1,1294.42006843282,-1
22,54.207,45.925,733.691,94.616,-0.575,204.853,4.25999999999999,-1705.17965465295,-229.779654652949,-2,294.82034534705,-2,-205.17965465295,-1,494.82034534705,-1,1294.82034534705,-1
22.5,54.33575,46.0045,735.8205,96.76075,-0.575,204.93175,4.25900000000001,-1704.77937773872,-229.379377738721,-2,295.220622261279,-2,-204.779377738721,-1,495.220622261279,-1,1295.22062226128,-1
23,54.4645,46.084,737.95,98.9055,-0.575,205.0105,4.25900000000001,-1704.77937773872,-229.379377738721,-2,295.220622261279,-2,-204.779377738721,-1,495.220622261279,-1,1295.22062226128,-1
23.5,54.59325,46.1635,740.0795,101.05025,-0.575,205.08925,4.2589999999999,-1704.77937773868,-229.379377738676,-2,295.220622261324,-2,-204.779377738676,-1,495.220622261324,-1,1295.22062226132,-1
24,54.722,46.243,742.209,103.195,-0.575,205.168,4.25774999999999,-1704.27903159591,-228.879031595913,-2,295.720968404087,-2,-204.279031595913,-1,495.720968404087,-1,1295.72096840409,-1
24.5,54.862,46.32225,744.33725,105.33825,-0.575,205.24675,4.25650000000007,-1703.77868545315,-228.378685453151,-2,296.221314546849,-2,-203.778685453151,-1,496.221314546849,-1,1296.22131454685,-1
25,55.002,46.4015,746.4655,107.4815,-0.575,205.3255,4.25649999999996,-1703.77868545311,-228.378685453105,-2,296.221314546895,-2,-203.778685453105,-1,496.221314546895,-1,1296.22131454689,-1
25.5,55.142,46.48075,748.59375,109.62475,-0.575,205.40425,4.25649999999996,-1703.77868545311,-228.378685453105,-2,296.221314546895,-2,-203.778685453105,-1,496.221314546895,-1,1296.22131454689,-1
26,55.282,46.56,750.722,111.768,-0.575,205.483,4.25549999999998,-1703.37840853888,-227.978408538877,-2,296.621591461123,-2,-203.378408538877,-1,496.621591461123,-1,1296.62159146112,-1
26.5,55.433,46.639,752.84925,113.91,-0.575,205.5615,4.25450000000001,-1702.97813162465,-227.578131624649,-2,297.021868375351,-2,-202.978131624649,-1,497.021868375351,-1,1297.02186837535,-1
27,55.584,46.718,754.9765,116.052,-0.575,205.64,4.25450000000001,-1702.97813162465,-227.578131624649,-2,297.021868375351,-2,-202.978131624649,-1,497.021868375351,-1,1297.02186837535,-1
27.5,55.735,46.797,757.10375,118.194,-0.575,205.7185,4.25450000000001,-1702.97813162465,-227.578131624649,-2,297.021868375351,-2,-202.978131624649,-1,497.021868375351,-1,1297.02186837535,-1
28,55.886,46.876,759.231,120.336,-0.575,205.797,4.25300000000004,-1702.37771625331,-226.977716253306,-2,297.622283746694,-2,-202.377716253306,-1,497.622283746694,-1,1297.62228374669,-1
28.5,56.04825,46.95525,761.35675,122.476,-0.575,205.87575,4.25150000000008,-1701.77730088196,-226.377300881964,-2,298.222699118036,-2,-201.777300881964,-1,498.222699118036,-1,1298.22269911804,-1
29,56.2105,47.0345,763.4825,124.616,-0.575,205.9545,4.25149999999996,-1701.77730088192,-226.377300881918,-2,298.222699118082,-2,-201.777300881918,-1,498.222699118082,-1,1298.22269911808,-1
29.5,56.37275,47.11375,765.60825,126.756,-0.575,206.03325,4.25149999999996,-1701.77730088192,-226.377300881918,-2,298.222699118082,-2,-201.777300881918,-1,498.222699118082,-1,1298.22269911808,-1
30,56.535,47.193,767.734,128.896,-0.575,206.112,4.25,-1701.17688551058,-225.776885510576,-2,298.823114489424,-2,-201.176885510576,-1,498.823114489424,-1,1298.82311448942,-1
30.5,56.70825,47.272,769.85825,131.0345,-0.575,206.1905,4.24850000000004,-1700.57647013923,-225.176470139233,-2,299.423529860767,-2,-200.576470139233,-1,499.423529860767,-1,1299.42352986077,-1
31,56.8815,47.351,771.9825,133.173,-0.575,206.269,4.24850000000004,-1700.57647013923,-225.176470139233,-2,299.423529860767,-2,-200.576470139233,-1,499.423529860767,-1,1299.42352986077,-1
31.5,57.05475,47.43,774.10675,135.3115,-0.575,206.3475,4.24849999999992,-1700.57647013919,-225.176470139188,-2,299.423529860812,-2,-200.576470139188,-1,499.423529860812,-1,1299.42352986081,-1
32,57.228,47.509,776.231,137.45,-0.575,206.426,4.24699999999996,-1699.97605476785,-224.576054767845,-2,300.023945232155,-2,-199.976054767845,-1,500.023945232155,-1,1300.02394523215,-1
32.5,57.4125,47.588,778.35375,139.5865,-0.575,206.50425,4.24549999999999,-1699.3756393965,-223.975639396503,-2,300.624360603497,-2,-199.375639396503,-1,500.624360603497,-1,1300.6243606035,-1
33,57.597,47.667,780.4765,141.723,-0.575,206.5825,4.24549999999999,-1699.3756393965,-223.975639396503,-2,300.624360603497,-2,-199.375639396503,-1,500.624360603497,-1,1300.6243606035,-1
33.5,57.7815,47.746,782.59925,143.8595,-0.575,206.66075,4.24549999999999,-1699.3756393965,-223.975639396503,-2,300.624360603497,-2,-199.375639396503,-1,500.624360603497,-1,1300.6243606035,-1
34,57.966,47.825,784.722,145.996,-0.575,206.739,4.24375000000009,-1698.67515479663,-223.275154796626,-2,301.324845203374,-2,-198.675154796626,-1,501.324845203374,-1,1301.32484520337,-1
34.5,58.1615,47.904,786.843,148.13025,-0.57475,206.8175,4.24199999999996,-1697.97467019666,-222.574670196658,-2,302.025329803342,-2,-197.974670196658,-1,502.025329803342,-1,1302.02532980334,-1
35,58.357,47.983,788.964,150.2645,-0.5745,206.896,4.24199999999996,-1697.97467019666,-222.574670196658,-2,302.025329803342,-2,-197.974670196658,-1,502.025329803342,-1,1302.02532980334,-1
35.5,58.5525,48.062,791.085,152.39875,-0.57425,206.9745,4.24200000000008,-1697.9746701967,-222.574670196703,-2,302.025329803296,-2,-197.974670196704,-1,502.025329803296,-1,1302.0253298033,-1
36,58.748,48.141,793.206,154.533,-0.574,207.053,4.24000000000001,-1697.1741163682,-221.774116368201,-2,302.825883631799,-2,-197.174116368201,-1,502.825883631799,-1,1302.8258836318,-1
36.5,58.9545,48.21975,795.325,156.66525,-0.574,207.13125,4.23799999999994,-1696.3735625397,-220.973562539699,-2,303.626437460301,-2,-196.373562539699,-1,503.626437460301,-1,1303.6264374603,-1
37,59.161,48.2985,797.444,158.7975,-0.574,207.2095,4.23800000000006,-1696.37356253974,-220.973562539745,-2,303.626437460255,-2,-196.373562539745,-1,503.626437460255,-1,1303.62643746026,-1
37.5,59.3675,48.37725,799.563,160.92975,-0.574,207.28775,4.23800000000006,-1696.37356253974,-220.973562539745,-2,303.626437460255,-2,-196.373562539745,-1,503.626437460255,-1,1303.62643746026,-1
38,59.574,48.456,801.682,163.062,-0.574,207.366,4.23599999999999,-1695.57300871124,-220.173008711242,-2,304.426991288757,-2,-195.573008711243,-1,504.426991288757,-1,1304.42699128876,-1
38.5,59.7915,48.53475,803.799,165.19225,-0.574,207.44425,4.23399999999992,-1694.77245488274,-219.37245488274,-2,305.22754511726,-2,-194.77245488274,-1,505.22754511726,-1,1305.22754511726,-1
39,60.009,48.6135,805.916,167.3225,-0.574,207.5225,4.23399999999981,-1694.7724548827,-219.372454882695,-2,305.227545117305,-2,-194.772454882695,-1,505.227545117305,-1,1305.2275451173,-1
39.5,60.2265,48.69225,808.033,169.45275,-0.574,207.60075,4.23400000000004,-1694.77245488279,-219.372454882786,-2,305.227545117214,-2,-194.772454882786,-1,505.227545117214,-1,1305.22754511721,-1
40,60.444,48.771,810.15,171.583,-0.574,207.679,4.23200000000008,-1693.97190105433,-218.571901054329,-2,306.028098945671,-2,-193.971901054329,-1,506.028098945671,-1,1306.02809894567,-1
40.5,60.67275,48.84975,812.265,173.7105,-0.574,207.757,4.23000000000002,-1693.17134722583,-217.771347225827,-2,306.828652774173,-2,-193.171347225827,-1,506.828652774173,-1,1306.82865277417,-1
41,60.9015,48.9285,814.38,175.838,-0.574,207.835,4.23000000000002,-1693.17134722583,-217.771347225827,-2,306.828652774173,-2,-193.171347225827,-1,506.828652774173,-1,1306.82865277417,-1
41.5,61.13025,49.00725,816.495,177.9655,-0.574,207.913,4.23000000000002,-1693.17134722583,-217.771347225827,-2,306.828652774173,-2,-193.171347225827,-1,506.828652774173,-1,1306.82865277417,-1
42,61.359,49.086,818.61,180.093,-0.574,207.991,4.22775000000001,-1692.27072416879,-216.870724168791,-2,307.729275831209,-2,-192.270724168791,-1,507.729275831209,-1,1307.72927583121,-1
42.5,61.5985,49.16475,820.72275,182.21825,-0.574,208.069,4.22550000000001,-1691.37010111175,-215.970101111754,-2,308.629898888246,-2,-191.370101111754,-1,508.629898888246,-1,1308.62989888825,-1
43,61.838,49.2435,822.8355,184.3435,-0.574,208.147,4.22550000000001,-1691.37010111175,-215.970101111754,-2,308.629898888246,-2,-191.370101111754,-1,508.629898888246,-1,1308.62989888825,-1
43.5,62.0775,49.32225,824.94825,186.46875,-0.574,208.225,4.22550000000001,-1691.37010111175,-215.970101111754,-2,308.629898888246,-2,-191.370101111754,-1,508.629898888246,-1,1308.62989888825,-1
44,62.317,49.401,827.061,188.594,-0.574,208.303,4.22325000000001,-1690.46947805472,-215.069478054718,-2,309.530521945282,-2,-190.469478054718,-1,509.530521945282,-1,1309.53052194528,-1
44.5,62.5675,49.4795,829.1715,190.71675,-0.57375,208.381,4.221,-1689.56885499768,-214.168854997681,-2,310.431145002319,-2,-189.568854997681,-1,510.431145002319,-1,1310.43114500232,-1
45,62.818,49.558,831.282,192.8395,-0.5735,208.459,4.221,-1689.56885499768,-214.168854997681,-2,310.431145002319,-2,-189.568854997681,-1,510.431145002319,-1,1310.43114500232,-1
45.5,63.0685,49.6365,833.3925,194.96225,-0.57325,208.537,4.221,-1689.56885499768,-214.168854997681,-2,310.431145002319,-2,-189.568854997681,-1,510.431145002319,-1,1310.43114500232,-1
46,63.319,49.715,835.503,197.085,-0.573,208.615,4.21849999999995,-1688.56816271207,-213.168162712065,-2,311.431837287935,-2,-188.568162712065,-1,511.431837287935,-1,1311.43183728794,-1
46.5,63.58075,49.79325,837.611,199.20475,-0.573,208.69275,4.21600000000001,-1687.56747042649,-212.167470426494,-2,312.432529573506,-2,-187.567470426494,-1,512.432529573506,-1,1312.43252957351,-1
47,63.8425,49.8715,839.719,201.3245,-0.573,208.7705,4.21600000000001,-1687.56747042649,-212.167470426494,-2,312.432529573506,-2,-187.567470426494,-1,512.432529573506,-1,1312.43252957351,-1
47.5,64.10425,49.94975,841.827,203.44425,-0.573,208.84825,4.21599999999989,-1687.56747042645,-212.167470426449,-2,312.432529573551,-2,-187.567470426449,-1,512.432529573551,-1,1312.43252957355,-1
48,64.366,50.028,843.935,205.564,-0.573,208.926,4.21349999999995,-1686.56677814088,-211.166778140878,-2,313.433221859122,-2,-186.566778140878,-1,513.433221859122,-1,1313.43322185912,-1
48.5,64.6385,50.10625,846.0405,207.68125,-0.573,209.00375,4.21100000000001,-1685.56608585531,-210.166085855307,-2,314.433914144693,-2,-185.566085855307,-1,514.433914144693,-1,1314.43391414469,-1
49,64.911,50.1845,848.146,209.7985,-0.573,209.0815,4.21100000000001,-1685.56608585531,-210.166085855307,-2,314.433914144693,-2,-185.566085855307,-1,514.433914144693,-1,1314.43391414469,-1
49.5,65.1835,50.26275,850.2515,211.91575,-0.573,209.15925,4.21100000000001,-1685.56608585531,-210.166085855307,-2,314.433914144693,-2,-185.566085855307,-1,514.433914144693,-1,1314.43391414469,-1
50,65.456,50.341,852.357,214.033,-0.573,209.237,4.20799999999997,-1684.36525511258,-208.965255112577,-2,315.634744887423,-2,-184.365255112577,-1,515.634744887423,-1,1315.63474488742,-1
50.5,65.7395,50.41925,854.4595,216.14725,-0.573,209.31475,4.20500000000004,-1683.16442436989,-207.764424369892,-2,316.835575630108,-2,-183.164424369892,-1,516.835575630108,-1,1316.83557563011,-1
51,66.023,50.4975,856.562,218.2615,-0.573,209.3925,4.20500000000015,-1683.16442436994,-207.764424369937,-2,316.835575630063,-2,-183.164424369937,-1,516.835575630063,-1,1316.83557563006,-1
51.5,66.3065,50.57575,858.6645,220.37575,-0.573,209.47025,4.20500000000004,-1683.16442436989,-207.764424369892,-2,316.835575630108,-2,-183.164424369892,-1,516.835575630108,-1,1316.83557563011,-1
52,66.59,50.654,860.767,222.49,-0.573,209.548,4.20249999999999,-1682.16373208428,-206.763732084275,-2,317.836267915725,-2,-182.163732084275,-1,517.836267915725,-1,1317.83626791572,-1
52.5,66.88425,50.732,862.867,224.601,-0.57275,209.6255,4.20000000000005,-1681.1630397987,-205.763039798705,-2,318.836960201295,-2,-181.163039798705,-1,518.836960201295,-1,1318.8369602013,-1
53,67.1785,50.81,864.967,226.712,-0.5725,209.703,4.19999999999993,-1681.16303979866,-205.763039798659,-2,318.836960201341,-2,-181.163039798659,-1,518.836960201341,-1,1318.83696020134,-1
53.5,67.47275,50.888,867.067,228.823,-0.57225,209.7805,4.19999999999993,-1681.16303979866,-205.763039798659,-2,318.836960201341,-2,-181.163039798659,-1,518.836960201341,-1,1318.83696020134,-1
54,67.767,50.966,869.167,230.934,-0.572,209.858,4.197,-1679.96220905597,-204.562209055974,-2,320.037790944026,-2,-179.962209055974,-1,520.037790944026,-1,1320.03779094403,-1
54.5,68.07225,51.044,871.264,233.04225,-0.572,209.93525,4.19399999999996,-1678.76137831324,-203.361378313244,-2,321.238621686756,-2,-178.761378313244,-1,521.238621686756,-1,1321.23862168676,-1
55,68.3775,51.122,873.361,235.1505,-0.572,210.0125,4.19399999999996,-1678.76137831324,-203.361378313244,-2,321.238621686756,-2,-178.761378313244,-1,521.238621686756,-1,1321.23862168676,-1
55.5,68.68275,51.2,875.458,237.25875,-0.572,210.08975,4.19399999999996,-1678.76137831324,-203.361378313244,-2,321.238621686756,-2,-178.761378313244,-1,521.238621686756,-1,1321.23862168676,-1
56,68.988,51.278,877.555,239.367,-0.572,210.167,4.19074999999998,-1677.46047834198,-202.060478341979,-2,322.539521658021,-2,-177.460478341979,-1,522.539521658021,-1,1322.53952165802,-1
56.5,69.304,51.356,879.64875,241.47175,-0.572,210.24425,4.1875,-1676.15957837071,-200.759578370714,-2,323.840421629286,-2,-176.159578370714,-1,523.840421629286,-1,1323.84042162929,-1
57,69.62,51.434,881.7425,243.5765,-0.572,210.3215,4.1875,-1676.15957837071,-200.759578370714,-2,323.840421629286,-2,-176.159578370714,-1,523.840421629286,-1,1323.84042162929,-1
57.5,69.936,51.512,883.83625,245.68125,-0.572,210.39875,4.1875,-1676.15957837071,-200.759578370714,-2,323.840421629286,-2,-176.159578370714,-1,523.840421629286,-1,1323.84042162929,-1
58,70.252,51.59,885.93,247.786,-0.572,210.476,4.18450000000007,-1674.95874762803,-199.558747628029,-2,325.041252371971,-2,-174.958747628029,-1,525.041252371971,-1,1325.04125237197,-1
58.5,70.579,51.66775,888.02075,249.8875,-0.57175,210.55325,4.18150000000003,-1673.7579168853,-198.357916885299,-2,326.242083114701,-2,-173.757916885299,-1,526.242083114701,-1,1326.2420831147,-1
59,70.906,51.7455,890.1115,251.989,-0.5715,210.6305,4.18149999999991,-1673.75791688525,-198.357916885253,-2,326.242083114747,-2,-173.757916885253,-1,526.242083114747,-1,1326.24208311475,-1
59.5,71.233,51.82325,892.20225,254.0905,-0.57125,210.70775,4.18150000000003,-1673.7579168853,-198.357916885299,-2,326.242083114701,-2,-173.757916885299,-1,526.242083114701,-1,1326.2420831147,-1
60,71.56,51.901,894.293,256.192,-0.571,210.785,4.1785000000001,-1672.55708614261,-197.157086142614,-2,327.442913857386,-2,-172.557086142614,-1,527.442913857386,-1,1327.44291385739,-1
60.5,71.8975,51.9785,896.38075,258.29,-0.571,210.862,4.17549999999994,-1671.35625539984,-195.956255399838,-2,328.643744600162,-2,-171.356255399838,-1,528.643744600162,-1,1328.64374460016,-1
61,72.235,52.056,898.4685,260.388,-0.571,210.939,4.17549999999994,-1671.35625539984,-195.956255399838,-2,328.643744600162,-2,-171.356255399838,-1,528.643744600162,-1,1328.64374460016,-1
61.5,72.5725,52.1335,900.55625,262.486,-0.571,211.016,4.17550000000006,-1671.35625539988,-195.956255399883,-2,328.643744600117,-2,-171.356255399883,-1,528.643744600117,-1,1328.64374460012,-1
62,72.91,52.211,902.644,264.584,-0.571,211.093,4.17174999999997,-1669.85521697146,-194.455216971459,-2,330.144783028541,-2,-169.855216971459,-1,530.144783028541,-1,1330.14478302854,-1
62.5,73.2585,52.2885,904.728,266.6785,-0.571,211.16975,4.16800000000001,-1668.35417854308,-192.95417854308,-2,331.64582145692,-2,-168.35417854308,-1,531.64582145692,-1,1331.64582145692,-1
63,73.607,52.366,906.812,268.773,-0.571,211.2465,4.16800000000001,-1668.35417854308,-192.95417854308,-2,331.64582145692,-2,-168.35417854308,-1,531.64582145692,-1,1331.64582145692,-1
63.5,73.9555,52.4435,908.896,270.8675,-0.571,211.32325,4.16800000000001,-1668.35417854308,-192.95417854308,-2,331.64582145692,-2,-168.35417854308,-1,531.64582145692,-1,1331.64582145692,-1
64,74.304,52.521,910.98,272.962,-0.571,211.4,4.16475000000003,-1667.05327857182,-191.653278571815,-2,332.946721428185,-2,-167.053278571815,-1,532.946721428185,-1,1332.94672142818,-1
64.5,74.66325,52.59825,913.06075,275.05275,-0.57075,211.47675,4.16149999999993,-1665.7523786005,-190.352378600505,-2,334.247621399495,-2,-165.752378600505,-1,534.247621399495,-1,1334.2476213995,-1
65,75.0225,52.6755,915.1415,277.1435,-0.5705,211.5535,4.16150000000005,-1665.75237860055,-190.35237860055,-2,334.24762139945,-2,-165.75237860055,-1,534.24762139945,-1,1334.24762139945,-1
65.5,75.38175,52.75275,917.22225,279.23425,-0.57025,211.63025,4.16150000000005,-1665.75237860055,-190.35237860055,-2,334.24762139945,-2,-165.75237860055,-1,534.24762139945,-1,1334.24762139945,-1
66,75.741,52.83,919.303,281.325,-0.57,211.707,4.15800000000002,-1664.35140940071,-188.951409400706,-2,335.648590599294,-2,-164.351409400706,-1,535.648590599294,-1,1335.64859059929,-1
66.5,76.11075,52.90725,921.38025,283.412,-0.57,211.78375,4.15449999999998,-1662.95044020086,-187.550440200861,-2,337.049559799139,-2,-162.950440200861,-1,537.049559799139,-1,1337.04955979914,-1
67,76.4805,52.9845,923.4575,285.499,-0.57,211.8605,4.15449999999987,-1662.95044020082,-187.550440200816,-2,337.049559799184,-2,-162.950440200816,-1,537.049559799184,-1,1337.04955979918,-1
67.5,76.85025,53.06175,925.53475,287.586,-0.57,211.93725,4.15449999999998,-1662.95044020086,-187.550440200861,-2,337.049559799139,-2,-162.950440200861,-1,537.049559799139,-1,1337.04955979914,-1
68,77.22,53.139,927.612,289.673,-0.57,212.014,4.15050000000008,-1661.34933254395,-185.949332543948,-2,338.650667456052,-2,-161.349332543948,-1,538.650667456052,-1,1338.65066745605,-1
68.5,77.60075,53.216,929.68525,291.75625,-0.56975,212.0905,4.14649999999995,-1659.74822488694,-184.348224886944,-2,340.251775113056,-2,-159.748224886944,-1,540.251775113056,-1,1340.25177511306,-1
69,77.9815,53.293,931.7585,293.8395,-0.5695,212.167,4.14650000000006,-1659.74822488699,-184.348224886989,-2,340.251775113011,-2,-159.748224886989,-1,540.251775113011,-1,1340.25177511301,-1
69.5,78.36225,53.37,933.83175,295.92275,-0.56925,212.2435,4.14650000000006,-1659.74822488699,-184.348224886989,-2,340.251775113011,-2,-159.748224886989,-1,540.251775113011,-1,1340.25177511301,-1
70,78.743,53.447,935.905,298.006,-0.569,212.32,4.14300000000003,-1658.34725568714,-182.947255687144,-2,341.652744312855,-2,-158.347255687145,-1,541.652744312855,-1,1341.65274431286,-1
70.5,79.13425,53.524,937.97475,300.08525,-0.569,212.39625,4.1395,-1656.9462864873,-181.5462864873,-2,343.0537135127,-2,-156.9462864873,-1,543.0537135127,-1,1343.0537135127,-1
71,79.5255,53.601,940.0445,302.1645,-0.569,212.4725,4.13949999999977,-1656.94628648721,-181.546286487209,-2,343.053713512791,-2,-156.946286487209,-1,543.053713512791,-1,1343.05371351279,-1
71.5,79.91675,53.678,942.11425,304.24375,-0.569,212.54875,4.1395,-1656.9462864873,-181.5462864873,-2,343.0537135127,-2,-156.9462864873,-1,543.0537135127,-1,1343.0537135127,-1
72,80.308,53.755,944.184,306.323,-0.569,212.625,4.13550000000009,-1655.34517883039,-179.945178830386,-2,344.654821169613,-2,-155.345178830387,-1,544.654821169613,-1,1344.65482116961,-1
72.5,80.70975,53.83175,946.24975,308.39825,-0.56875,212.70125,4.13149999999996,-1653.74407117338,-178.344071173382,-2,346.255928826618,-2,-153.744071173382,-1,546.255928826618,-1,1346.25592882662,-1
73,81.1115,53.9085,948.3155,310.4735,-0.5685,212.7775,4.13149999999996,-1653.74407117338,-178.344071173382,-2,346.255928826618,-2,-153.744071173382,-1,546.255928826618,-1,1346.25592882662,-1
73.5,81.51325,53.98525,950.38125,312.54875,-0.56825,212.85375,4.13150000000007,-1653.74407117343,-178.344071173428,-2,346.255928826572,-2,-153.744071173428,-1,546.255928826572,-1,1346.25592882657,-1
74,81.915,54.062,952.447,314.624,-0.568,212.93,4.12750000000005,-1652.14296351647,-176.742963516469,-2,347.857036483531,-2,-152.142963516469,-1,547.857036483531,-1,1347.85703648353,-1
74.5,82.3275,54.1385,954.50875,316.695,-0.568,213.006,4.12350000000004,-1650.54185585951,-175.14185585951,-2,349.45814414049,-2,-150.54185585951,-1,549.45814414049,-1,1349.45814414049,-1
75,82.74,54.215,956.5705,318.766,-0.568,213.082,4.12350000000004,-1650.54185585951,-175.14185585951,-2,349.45814414049,-2,-150.54185585951,-1,549.45814414049,-1,1349.45814414049,-1
75.5,83.1525,54.2915,958.63225,320.837,-0.568,213.158,4.12349999999992,-1650.54185585946,-175.141855859465,-2,349.458144140535,-2,-150.541855859465,-1,549.458144140535,-1,1349.45814414054,-1
76,83.565,54.368,960.694,322.908,-0.568,213.234,4.1194999999999,-1648.94074820251,-173.540748202506,-2,351.059251797494,-2,-148.940748202506,-1,551.059251797494,-1,1351.05925179749,-1
76.5,83.988,54.4445,962.75175,324.97475,-0.56775,213.30975,4.1155,-1647.33964054559,-171.939640545593,-2,352.660359454407,-2,-147.339640545593,-1,552.660359454407,-1,1352.66035945441,-1
77,84.411,54.521,964.8095,327.0415,-0.5675,213.3855,4.1155,-1647.33964054559,-171.939640545593,-2,352.660359454407,-2,-147.339640545593,-1,552.660359454407,-1,1352.66035945441,-1
77.5,84.834,54.5975,966.86725,329.10825,-0.56725,213.46125,4.1155,-1647.33964054559,-171.939640545593,-2,352.660359454407,-2,-147.339640545593,-1,552.660359454407,-1,1352.66035945441,-1
78,85.257,54.674,968.925,331.175,-0.567,213.537,4.11125000000004,-1645.6384636601,-170.2384636601,-2,354.3615363399,-2,-145.6384636601,-1,554.3615363399,-1,1354.3615363399,-1
78.5,85.6905,54.75025,970.9785,333.2375,-0.567,213.61275,4.10699999999997,-1643.93728677456,-168.537286774561,-2,356.062713225439,-2,-143.937286774561,-1,556.062713225439,-1,1356.06271322544,-1
79,86.124,54.8265,973.032,335.3,-0.567,213.6885,4.10699999999997,-1643.93728677456,-168.537286774561,-2,356.062713225439,-2,-143.937286774561,-1,556.062713225439,-1,1356.06271322544,-1
79.5,86.5575,54.90275,975.0855,337.3625,-0.567,213.76425,4.10700000000008,-1643.93728677461,-168.537286774607,-2,356.062713225394,-2,-143.937286774606,-1,556.062713225394,-1,1356.06271322539,-1
80,86.991,54.979,977.139,339.425,-0.567,213.84,4.10275000000001,-1642.23610988907,-166.836109889068,-2,357.763890110932,-2,-142.236109889068,-1,557.763890110932,-1,1357.76389011093,-1
80.5,87.43475,55.05525,979.18825,341.48325,-0.56675,213.91575,4.09849999999994,-1640.53493300353,-165.134933003529,-2,359.465066996471,-2,-140.534933003529,-1,559.465066996471,-1,1359.46506699647,-1
81,87.8785,55.1315,981.2375,343.5415,-0.5665,213.9915,4.09850000000006,-1640.53493300357,-165.134933003575,-2,359.465066996425,-2,-140.534933003575,-1,559.465066996425,-1,1359.46506699642,-1
81.5,88.32225,55.20775,983.28675,345.59975,-0.56625,214.06725,4.09850000000006,-1640.53493300357,-165.134933003575,-2,359.465066996425,-2,-140.534933003575,-1,559.465066996425,-1,1359.46506699642,-1
82,88.766,55.284,985.336,347.658,-0.566,214.143,4.09424999999999,-1638.83375611804,-163.433756118036,-2,361.166243881964,-2,-138.833756118036,-1,561.166243881964,-1,1361.16624388196,-1
82.5,89.2205,55.36,987.381,349.7115,-0.566,214.21825,4.08999999999992,-1637.1325792325,-161.732579232497,-2,362.867420767502,-2,-137.132579232498,-1,562.867420767502,-1,1362.8674207675,-1
83,89.675,55.436,989.426,351.765,-0.566,214.2935,4.09000000000003,-1637.13257923254,-161.732579232543,-2,362.867420767457,-2,-137.132579232543,-1,562.867420767457,-1,1362.86742076746,-1
83.5,90.1295,55.512,991.471,353.8185,-0.566,214.36875,4.09000000000003,-1637.13257923254,-161.732579232543,-2,362.867420767457,-2,-137.132579232543,-1,562.867420767457,-1,1362.86742076746,-1
84,90.584,55.588,993.516,355.872,-0.566,214.444,4.08524999999997,-1635.23126388989,-159.83126388989,-2,364.76873611011,-2,-135.23126388989,-1,564.76873611011,-1,1364.76873611011,-1
84.5,91.049,55.66375,995.55625,357.921,-0.56575,214.51925,4.08050000000003,-1633.32994854728,-157.929948547283,-2,366.670051452717,-2,-133.329948547283,-1,566.670051452717,-1,1366.67005145272,-1
85,91.514,55.7395,997.5965,359.97,-0.5655,214.5945,4.08050000000003,-1633.32994854728,-157.929948547283,-2,366.670051452717,-2,-133.329948547283,-1,566.670051452717,-1,1366.67005145272,-1
85.5,91.979,55.81525,999.63675,362.019,-0.56525,214.66975,4.08050000000003,-1633.32994854728,-157.929948547283,-2,366.670051452717,-2,-133.329948547283,-1,566.670051452717,-1,1366.67005145272,-1
86,92.444,55.891,1001.677,364.068,-0.565,214.745,4.07624999999996,-1631.62877166174,-156.228771661744,-2,368.371228338256,-2,-131.628771661744,-1,568.371228338256,-1,1368.37122833826,-1
86.5,92.919,55.9665,1003.713,366.11225,-0.565,214.82,4.072,-1629.92759477625,-154.527594776251,-2,370.072405223749,-2,-129.927594776251,-1,570.072405223749,-1,1370.07240522375,-1
87,93.394,56.042,1005.749,368.1565,-0.565,214.895,4.07200000000012,-1629.9275947763,-154.527594776297,-2,370.072405223703,-2,-129.927594776297,-1,570.072405223703,-1,1370.0724052237,-1
87.5,93.869,56.1175,1007.785,370.20075,-0.565,214.97,4.072,-1629.92759477625,-154.527594776251,-2,370.072405223749,-2,-129.927594776251,-1,570.072405223749,-1,1370.07240522375,-1
88,94.344,56.193,1009.821,372.245,-0.565,215.045,4.06724999999994,-1628.0262794336,-152.626279433599,-2,371.973720566401,-2,-128.026279433599,-1,571.973720566401,-1,1371.9737205664,-1
88.5,94.82975,56.2685,1011.85225,374.2845,-0.56475,215.12,4.0625,-1626.12496409099,-150.724964090991,-2,373.875035909009,-2,-126.124964090991,-1,573.875035909009,-1,1373.87503590901,-1
89,95.3155,56.344,1013.8835,376.324,-0.5645,215.195,4.0625,-1626.12496409099,-150.724964090991,-2,373.875035909009,-2,-126.124964090991,-1,573.875035909009,-1,1373.87503590901,-1
89.5,95.80125,56.4195,1015.91475,378.3635,-0.56425,215.27,4.0625,-1626.12496409099,-150.724964090991,-2,373.875035909009,-2,-126.124964090991,-1,573.875035909009,-1,1373.87503590901,-1
90,96.287,56.495,1017.946,380.403,-0.564,215.345,4.05775000000006,-1624.22364874838,-148.823648748384,-2,375.776351251616,-2,-124.223648748384,-1,575.776351251616,-1,1375.77635125162,-1
90.5,96.78275,56.57025,1019.9725,382.4375,-0.564,215.4195,4.053,-1622.32233340573,-146.922333405731,-2,377.677666594269,-2,-122.322333405731,-1,577.677666594269,-1,1377.67766659427,-1
91,97.2785,56.6455,1021.999,384.472,-0.564,215.494,4.05299999999988,-1622.32233340569,-146.922333405686,-2,377.677666594314,-2,-122.322333405686,-1,577.677666594314,-1,1377.67766659431,-1
91.5,97.77425,56.72075,1024.0255,386.5065,-0.564,215.5685,4.05299999999988,-1622.32233340569,-146.922333405686,-2,377.677666594314,-2,-122.322333405686,-1,577.677666594314,-1,1377.67766659431,-1
92,98.27,56.796,1026.052,388.541,-0.564,215.643,4.048,-1620.32094883454,-144.920948834544,-2,379.679051165456,-2,-120.320948834544,-1,579.679051165456,-1,1379.67905116546,-1
92.5,98.77625,56.871,1028.0735,390.57075,-0.56375,215.7175,4.04299999999989,-1618.31956426331,-142.919564263311,-2,381.680435736688,-2,-118.319564263312,-1,581.680435736688,-1,1381.68043573669,-1
93,99.2825,56.946,1030.095,392.6005,-0.5635,215.792,4.04299999999989,-1618.31956426331,-142.919564263311,-2,381.680435736688,-2,-118.319564263312,-1,581.680435736688,-1,1381.68043573669,-1
93.5,99.78875,57.021,1032.1165,394.63025,-0.56325,215.8665,4.04300000000012,-1618.3195642634,-142.919564263403,-2,381.680435736597,-2,-118.319564263403,-1,581.680435736597,-1,1381.6804357366,-1
94,100.295,57.096,1034.138,396.66,-0.563,215.941,4.03850000000011,-1616.51831814933,-141.11831814933,-2,383.48168185067,-2,-116.51831814933,-1,583.48168185067,-1,1383.48168185067,-1
94.5,100.81125,57.171,1036.155,398.6845,-0.56275,216.0155,4.03400000000011,-1614.71707203526,-139.317072035257,-2,385.282927964743,-2,-114.717072035257,-1,585.282927964743,-1,1385.28292796474,-1
95,101.3275,57.246,1038.172,400.709,-0.5625,216.09,4.03399999999988,-1614.71707203517,-139.317072035166,-2,385.282927964834,-2,-114.717072035166,-1,585.282927964834,-1,1385.28292796483,-1
95.5,101.84375,57.321,1040.189,402.7335,-0.56225,216.1645,4.03399999999988,-1614.71707203517,-139.317072035166,-2,385.282927964834,-2,-114.717072035166,-1,585.282927964834,-1,1385.28292796483,-1
96,102.36,57.396,1042.206,404.758,-0.562,216.239,4.02874999999995,-1612.61561823544,-137.215618235444,-2,387.384381764556,-2,-112.615618235444,-1,587.384381764556,-1,1387.38438176456,-1
96.5,102.8865,57.47075,1044.21775,406.7775,-0.562,216.313,4.02350000000001,-1610.51416443572,-135.114164435723,-2,389.485835564277,-2,-110.514164435723,-1,589.485835564277,-1,1389.48583556428,-1
97,103.413,57.5455,1046.2295,408.797,-0.562,216.387,4.02350000000024,-1610.51416443581,-135.114164435814,-2,389.485835564186,-2,-110.514164435814,-1,589.485835564186,-1,1389.48583556419,-1
97.5,103.9395,57.62025,1048.24125,410.8165,-0.562,216.461,4.02350000000001,-1610.51416443572,-135.114164435723,-2,389.485835564277,-2,-110.514164435723,-1,589.485835564277,-1,1389.48583556428,-1
98,104.466,57.695,1050.253,412.836,-0.562,216.535,4.01825000000008,-1608.412710636,-133.012710636002,-2,391.587289363998,-2,-108.412710636002,-1,591.587289363998,-1,1391.587289364,-1
98.5,105.00275,57.7695,1052.2595,414.8505,-0.56175,216.609,4.01300000000015,-1606.31125683628,-130.91125683628,-2,393.68874316372,-2,-106.31125683628,-1,593.68874316372,-1,1393.68874316372,-1
99,105.5395,57.844,1054.266,416.865,-0.5615,216.683,4.01299999999992,-1606.31125683619,-130.911256836189,-2,393.688743163811,-2,-106.311256836189,-1,593.688743163811,-1,1393.68874316381,-1
99.5,106.07625,57.9185,1056.2725,418.8795,-0.56125,216.757,4.01299999999992,-1606.31125683619,-130.911256836189,-2,393.688743163811,-2,-106.311256836189,-1,593.688743163811,-1,1393.68874316381,-1
100,106.613,57.993,1058.279,420.894,-0.561,216.831,4.00824999999986,-1604.40994149354,-129.009941493536,-2,395.590058506464,-2,-104.409941493536,-1,595.590058506464,-1,1395.59005850646,-1
100.5,107.15975,58.06725,1060.28075,422.903,-0.56075,216.90475,4.00350000000003,-1602.50862615097,-127.108626150975,-2,397.491373849025,-2,-102.508626150975,-1,597.491373849025,-1,1397.49137384903,-1
101,107.7065,58.1415,1062.2825,424.912,-0.5605,216.9785,4.00350000000026,-1602.50862615107,-127.108626151066,-2,397.491373848934,-2,-102.508626151066,-1,597.491373848934,-1,1397.49137384893,-1
101.5,108.25325,58.21575,1064.28425,426.921,-0.56025,217.05225,4.00350000000003,-1602.50862615097,-127.108626150975,-2,397.491373849025,-2,-102.508626150975,-1,597.491373849025,-1,1397.49137384903,-1
102,108.8,58.29,1066.286,428.93,-0.56,217.126,3.99799999999982,-1600.30710312258,-124.907103122582,-2,399.692896877418,-2,-100.307103122582,-1,599.692896877418,-1,1399.69289687742,-1
102.5,109.35675,58.36425,1068.28225,430.93375,-0.56,217.1995,3.99249999999984,-1598.10558009428,-122.705580094281,-2,401.894419905719,-2,-98.1055800942811,-1,601.894419905719,-1,1401.89441990572,-1
103,109.9135,58.4385,1070.2785,432.9375,-0.56,217.273,3.99250000000006,-1598.10558009437,-122.705580094372,-2,401.894419905628,-2,-98.105580094372,-1,601.894419905628,-1,1401.89441990563,-1
103.5,110.47025,58.51275,1072.27475,434.94125,-0.56,217.3465,3.99250000000006,-1598.10558009437,-122.705580094372,-2,401.894419905628,-2,-98.105580094372,-1,601.894419905628,-1,1401.89441990563,-1
104,111.027,58.587,1074.271,436.945,-0.56,217.42,3.9872499999999,-1596.00412629456,-120.60412629456,-2,403.99587370544,-2,-96.0041262945597,-1,603.99587370544,-1,1403.99587370544,-1
104.5,111.594,58.661,1076.262,438.94325,-0.55975,217.4935,3.98199999999997,-1593.90267249484,-118.502672494838,-2,406.097327505162,-2,-93.9026724948383,-1,606.097327505162,-1,1406.09732750516,-1
105,112.161,58.735,1078.253,440.9415,-0.5595,217.567,3.98199999999997,-1593.90267249484,-118.502672494838,-2,406.097327505162,-2,-93.9026724948383,-1,606.097327505162,-1,1406.09732750516,-1
105.5,112.728,58.809,1080.244,442.93975,-0.55925,217.6405,3.98199999999997,-1593.90267249484,-118.502672494838,-2,406.097327505162,-2,-93.9026724948383,-1,606.097327505162,-1,1406.09732750516,-1
106,113.295,58.883,1082.235,444.938,-0.559,217.714,3.97649999999999,-1591.70114946654,-116.301149466537,-2,408.298850533463,-2,-91.7011494665369,-1,608.298850533463,-1,1408.29885053346,-1
106.5,113.87175,58.95675,1084.2205,446.93075,-0.55875,217.787,3.971,-1589.49962643824,-114.099626438236,-2,410.500373561764,-2,-89.4996264382357,-1,610.500373561764,-1,1410.50037356176,-1
107,114.4485,59.0305,1086.206,448.9235,-0.5585,217.86,3.971,-1589.49962643824,-114.099626438236,-2,410.500373561764,-2,-89.4996264382357,-1,610.500373561764,-1,1410.50037356176,-1
107.5,115.02525,59.10425,1088.1915,450.91625,-0.55825,217.933,3.971,-1589.49962643824,-114.099626438236,-2,410.500373561764,-2,-89.4996264382357,-1,610.500373561764,-1,1410.50037356176,-1
108,115.602,59.178,1090.177,452.909,-0.558,218.006,3.96575000000007,-1587.39817263851,-111.998172638514,-2,412.601827361486,-2,-87.3981726385143,-1,612.601827361486,-1,1412.60182736149,-1
108.5,116.18875,59.2515,1092.15725,454.89625,-0.558,218.079,3.96049999999991,-1585.2967188387,-109.896718838702,-2,414.703281161298,-2,-85.296718838702,-1,614.703281161298,-1,1414.7032811613,-1
109,116.7755,59.325,1094.1375,456.8835,-0.558,218.152,3.96049999999991,-1585.2967188387,-109.896718838702,-2,414.703281161298,-2,-85.296718838702,-1,614.703281161298,-1,1414.7032811613,-1
109.5,117.36225,59.3985,1096.11775,458.87075,-0.558,218.225,3.96050000000014,-1585.29671883879,-109.896718838793,-2,414.703281161207,-2,-85.2967188387929,-1,614.703281161207,-1,1414.70328116121,-1
110,117.949,59.472,1098.098,460.858,-0.558,218.298,3.9547500000001,-1582.99512658191,-107.595126581912,-2,417.004873418088,-2,-82.9951265819118,-1,617.004873418088,-1,1417.00487341809,-1
110.5,118.54575,59.54525,1100.0725,462.8395,-0.55775,218.37075,3.94900000000007,-1580.69353432503,-105.293534325031,-2,419.306465674969,-2,-80.6935343250307,-1,619.306465674969,-1,1419.30646567497,-1
111,119.1425,59.6185,1102.047,464.821,-0.5575,218.4435,3.94900000000007,-1580.69353432503,-105.293534325031,-2,419.306465674969,-2,-80.6935343250307,-1,619.306465674969,-1,1419.30646567497,-1
111.5,119.73925,59.69175,1104.0215,466.8025,-0.55725,218.51625,3.94900000000007,-1580.69353432503,-105.293534325031,-2,419.306465674969,-2,-80.6935343250307,-1,619.306465674969,-1,1419.30646567497,-1
112,120.336,59.765,1105.996,468.784,-0.557,218.589,3.94350000000009,-1578.49201129673,-103.092011296729,-2,421.50798870327,-2,-78.4920112967295,-1,621.50798870327,-1,1421.50798870327,-1
112.5,120.9425,59.838,1107.965,470.76,-0.55675,218.6615,3.9380000000001,-1576.29048826843,-100.890488268428,-2,423.709511731572,-2,-76.2904882684281,-1,623.709511731572,-1,1423.70951173157,-1
113,121.549,59.911,1109.934,472.736,-0.5565,218.734,3.93799999999987,-1576.29048826834,-100.890488268337,-2,423.709511731663,-2,-76.2904882683372,-1,623.709511731663,-1,1423.70951173166,-1
113.5,122.1555,59.984,1111.903,474.712,-0.55625,218.8065,3.93799999999987,-1576.29048826834,-100.890488268337,-2,423.709511731663,-2,-76.2904882683372,-1,623.709511731663,-1,1423.70951173166,-1
114,122.762,60.057,1113.872,476.688,-0.556,218.879,3.93225000000007,-1573.98889601155,-98.5888960115473,-2,426.011103988453,-2,-73.9888960115472,-1,626.011103988453,-1,1426.01110398845,-1
114.5,123.37825,60.13,1115.83525,478.658,-0.55575,218.9515,3.92649999999981,-1571.68730375457,-96.2873037545747,-2,428.312696245425,-2,-71.6873037545749,-1,628.312696245425,-1,1428.31269624543,-1
115,123.9945,60.203,1117.7985,480.628,-0.5555,219.024,3.92649999999981,-1571.68730375457,-96.2873037545747,-2,428.312696245425,-2,-71.6873037545749,-1,628.312696245425,-1,1428.31269624543,-1
115.5,124.61075,60.276,1119.76175,482.598,-0.55525,219.0965,3.92650000000003,-1571.68730375467,-96.2873037546661,-2,428.312696245334,-2,-71.6873037546661,-1,628.312696245334,-1,1428.31269624533,-1
116,125.227,60.349,1121.725,484.568,-0.555,219.169,3.92075,-1569.38571149778,-93.985711497785,-2,430.614288502215,-2,-69.385711497785,-1,630.614288502215,-1,1430.61428850222,-1
116.5,125.85325,60.42175,1123.6825,486.53225,-0.555,219.241,3.91499999999996,-1567.0841192409,-91.6841192409039,-2,432.915880759096,-2,-67.0841192409039,-1,632.915880759096,-1,1432.9158807591,-1
117,126.4795,60.4945,1125.64,488.4965,-0.555,219.313,3.91499999999996,-1567.0841192409,-91.6841192409039,-2,432.915880759096,-2,-67.0841192409039,-1,632.915880759096,-1,1432.9158807591,-1
117.5,127.10575,60.56725,1127.5975,490.46075,-0.555,219.385,3.91500000000019,-1567.08411924099,-91.6841192409948,-2,432.915880759005,-2,-67.0841192409948,-1,632.915880759005,-1,1432.91588075901,-1
118,127.732,60.64,1129.555,492.425,-0.555,219.457,3.90925000000016,-1564.78252698411,-89.3825269841137,-2,435.217473015886,-2,-64.7825269841139,-1,635.217473015886,-1,1435.21747301589,-1
118.5,128.36775,60.7125,1131.50675,494.38325,-0.55475,219.529,3.90350000000012,-1562.48093472723,-87.0809347272326,-2,437.519065272767,-2,-62.4809347272328,-1,637.519065272767,-1,1437.51906527277,-1
119,129.0035,60.785,1133.4585,496.3415,-0.5545,219.601,3.90350000000012,-1562.48093472723,-87.0809347272326,-2,437.519065272767,-2,-62.4809347272328,-1,637.519065272767,-1,1437.51906527277,-1
119.5,129.63925,60.8575,1135.41025,498.29975,-0.55425,219.673,3.90349999999989,-1562.48093472714,-87.0809347271417,-2,437.519065272858,-2,-62.4809347271416,-1,637.519065272858,-1,1437.51906527286,-1
120,130.275,60.93,1137.362,500.258,-0.554,219.745,3.89774999999986,-1560.17934247026,-84.7793424702605,-2,439.820657529739,-2,-60.1793424702607,-1,639.820657529739,-1,1439.82065752974,-1
120.5,130.9205,61.00225,1139.308,502.21025,-0.55375,219.8165,3.89199999999983,-1557.87775021338,-82.4777502133794,-2,442.12224978662,-2,-57.8777502133796,-1,642.12224978662,-1,1442.12224978662,-1
121,131.566,61.0745,1141.254,504.1625,-0.5535,219.888,3.89200000000005,-1557.87775021347,-82.4777502134704,-2,442.122249786529,-2,-57.8777502134706,-1,642.122249786529,-1,1442.12224978653,-1
121.5,132.2115,61.14675,1143.2,506.11475,-0.55325,219.9595,3.89200000000005,-1557.87775021347,-82.4777502134704,-2,442.122249786529,-2,-57.8777502134706,-1,642.122249786529,-1,1442.12224978653,-1
122,132.857,61.219,1145.146,508.067,-0.553,220.031,3.88574999999992,-1555.37601949943,-79.9760194994298,-2,444.62398050057,-2,-55.3760194994297,-1,644.62398050057,-1,1444.62398050057,-1
122.5,133.512,61.291,1147.08575,510.0135,-0.55275,220.1025,3.87950000000001,-1552.87428878548,-77.4742887854801,-2,447.12571121452,-2,-52.8742887854801,-1,647.12571121452,-1,1447.12571121452,-1
123,134.167,61.363,1149.0255,511.96,-0.5525,220.174,3.87950000000001,-1552.87428878548,-77.4742887854801,-2,447.12571121452,-2,-52.8742887854801,-1,647.12571121452,-1,1447.12571121452,-1
123.5,134.822,61.435,1150.96525,513.9065,-0.55225,220.2455,3.87950000000001,-1552.87428878548,-77.4742887854801,-2,447.12571121452,-2,-52.8742887854801,-1,647.12571121452,-1,1447.12571121452,-1
124,135.477,61.507,1152.905,515.853,-0.552,220.317,3.87374999999997,-1550.5726965286,-75.172696528599,-2,449.427303471401,-2,-50.572696528599,-1,649.427303471401,-1,1449.4273034714,-1
124.5,136.14175,61.57875,1154.839,517.79325,-0.552,220.38825,3.86800000000017,-1548.27110427181,-72.8711042718088,-2,451.728895728191,-2,-48.271104271809,-1,651.728895728191,-1,1451.72889572819,-1
125,136.8065,61.6505,1156.773,519.7335,-0.552,220.4595,3.86800000000017,-1548.27110427181,-72.8711042718088,-2,451.728895728191,-2,-48.271104271809,-1,651.728895728191,-1,1451.72889572819,-1
125.5,137.47125,61.72225,1158.707,521.67375,-0.552,220.53075,3.86799999999994,-1548.27110427172,-72.8711042717179,-2,451.728895728282,-2,-48.2711042717178,-1,651.728895728282,-1,1451.72889572828,-1
126,138.136,61.794,1160.641,523.614,-0.552,220.602,3.86175000000003,-1545.76937355777,-70.3693735577682,-2,454.230626442232,-2,-45.7693735577682,-1,654.230626442232,-1,1454.23062644223,-1
126.5,138.81025,61.8655,1162.56875,525.548,-0.55175,220.673,3.85550000000012,-1543.26764284382,-67.8676428438185,-2,456.732357156181,-2,-43.2676428438185,-1,656.732357156181,-1,1456.73235715618,-1
127,139.4845,61.937,1164.4965,527.482,-0.5515,220.744,3.85549999999989,-1543.26764284373,-67.8676428437271,-2,456.732357156273,-2,-43.2676428437273,-1,656.732357156273,-1,1456.73235715627,-1
127.5,140.15875,62.0085,1166.42425,529.416,-0.55125,220.815,3.85549999999989,-1543.26764284373,-67.8676428437271,-2,456.732357156273,-2,-43.2676428437273,-1,656.732357156273,-1,1456.73235715627,-1
128,140.833,62.08,1168.352,531.35,-0.551,220.886,3.84950000000003,-1540.86598135836,-65.4659813583572,-2,459.134018641643,-2,-40.8659813583574,-1,659.134018641643,-1,1459.13401864164,-1
128.5,141.5165,62.1515,1170.27375,533.27775,-0.55075,220.95675,3.84349999999995,-1538.4643198729,-63.0643198728964,-2,461.535680127103,-2,-38.4643198728966,-1,661.535680127103,-1,1461.5356801271,-1
129,142.2,62.223,1172.1955,535.2055,-0.5505,221.0275,3.84349999999995,-1538.4643198729,-63.0643198728964,-2,461.535680127103,-2,-38.4643198728966,-1,661.535680127103,-1,1461.5356801271,-1
129.5,142.8835,62.2945,1174.11725,537.13325,-0.55025,221.09825,3.84349999999995,-1538.4643198729,-63.0643198728964,-2,461.535680127103,-2,-38.4643198728966,-1,661.535680127103,-1,1461.5356801271,-1
130,143.567,62.366,1176.039,539.061,-0.55,221.169,3.83725000000004,-1535.96258915895,-60.5625891589467,-2,464.037410841053,-2,-35.9625891589469,-1,664.037410841053,-1,1464.03741084105,-1
130.5,144.26025,62.437,1177.9545,540.9825,-0.54975,221.2395,3.8309999999999,-1533.46085844491,-58.0608584449061,-2,466.539141555094,-2,-33.4608584449061,-1,666.539141555094,-1,1466.53914155509,-1
131,144.9535,62.508,1179.87,542.904,-0.5495,221.31,3.8309999999999,-1533.46085844491,-58.0608584449061,-2,466.539141555094,-2,-33.4608584449061,-1,666.539141555094,-1,1466.53914155509,-1
131.5,145.64675,62.579,1181.7855,544.8255,-0.54925,221.3805,3.83100000000013,-1533.460858445,-58.0608584449971,-2,466.539141555003,-2,-33.4608584449973,-1,666.539141555003,-1,1466.539141555,-1
132,146.34,62.65,1183.701,546.747,-0.549,221.451,3.82474999999999,-1530.95912773096,-55.5591277309564,-2,469.040872269044,-2,-30.9591277309564,-1,669.040872269044,-1,1469.04087226904,-1
132.5,147.0425,62.721,1185.61025,548.66225,-0.54875,221.5215,3.81849999999986,-1528.45739701692,-53.0573970169154,-2,471.542602983084,-2,-28.4573970169156,-1,671.542602983084,-1,1471.54260298308,-1
133,147.745,62.792,1187.5195,550.5775,-0.5485,221.592,3.81850000000009,-1528.45739701701,-53.0573970170068,-2,471.542602982993,-2,-28.4573970170068,-1,671.542602982993,-1,1471.54260298299,-1
133.5,148.4475,62.863,1189.42875,552.49275,-0.54825,221.6625,3.81850000000009,-1528.45739701701,-53.0573970170068,-2,471.542602982993,-2,-28.4573970170068,-1,671.542602982993,-1,1471.54260298299,-1
134,149.15,62.934,1191.338,554.408,-0.548,221.733,3.81224999999995,-1525.95566630297,-50.5556663029657,-2,474.044333697034,-2,-25.9556663029659,-1,674.044333697034,-1,1474.04433369703,-1
134.5,149.862,63.0045,1193.241,556.317,-0.54775,221.803,3.80600000000004,-1523.45393558902,-48.0539355890161,-2,476.546064410984,-2,-23.4539355890163,-1,676.546064410984,-1,1476.54606441098,-1
135,150.574,63.075,1195.144,558.226,-0.5475,221.873,3.80600000000004,-1523.45393558902,-48.0539355890161,-2,476.546064410984,-2,-23.4539355890163,-1,676.546064410984,-1,1476.54606441098,-1
135.5,151.286,63.1455,1197.047,560.135,-0.54725,221.943,3.80600000000004,-1523.45393558902,-48.0539355890161,-2,476.546064410984,-2,-23.4539355890163,-1,676.546064410984,-1,1476.54606441098,-1
136,151.998,63.216,1198.95,562.044,-0.547,222.013,3.79975000000013,-1520.95220487507,-45.5522048750664,-2,479.047795124934,-2,-20.9522048750664,-1,679.047795124934,-1,1479.04779512493,-1
136.5,152.719,63.2865,1200.84675,563.94625,-0.54675,222.08275,3.79349999999999,-1518.45047416103,-43.0504741610258,-2,481.549525838974,-2,-18.4504741610258,-1,681.549525838974,-1,1481.54952583897,-1
137,153.44,63.357,1202.7435,565.8485,-0.5465,222.1525,3.79349999999977,-1518.45047416093,-43.0504741609344,-2,481.549525839065,-2,-18.4504741609346,-1,681.549525839065,-1,1481.54952583907,-1
137.5,154.161,63.4275,1204.64025,567.75075,-0.54625,222.22225,3.79349999999999,-1518.45047416103,-43.0504741610258,-2,481.549525838974,-2,-18.4504741610258,-1,681.549525838974,-1,1481.54952583897,-1
138,154.882,63.498,1206.537,569.653,-0.546,222.292,3.78674999999998,-1515.74860498992,-40.3486049899162,-2,484.251395010084,-2,-15.7486049899162,-1,684.251395010084,-1,1484.25139501008,-1
138.5,155.6125,63.56825,1208.427,571.549,-0.546,222.36175,3.77999999999997,-1513.04673581881,-37.6467358188066,-2,486.953264181193,-2,-13.0467358188068,-1,686.953264181193,-1,1486.95326418119,-1
139,156.343,63.6385,1210.317,573.445,-0.546,222.4315,3.7800000000002,-1513.0467358189,-37.646735818898,-2,486.953264181102,-2,-13.046735818898,-1,686.953264181102,-1,1486.9532641811,-1
139.5,157.0735,63.70875,1212.207,575.341,-0.546,222.50125,3.77999999999997,-1513.04673581881,-37.6467358188066,-2,486.953264181193,-2,-13.0467358188068,-1,686.953264181193,-1,1486.95326418119,-1
140,157.804,63.779,1214.097,577.237,-0.546,222.571,3.77375000000006,-1510.54500510486,-35.145005104857,-2,489.454994895143,-2,-10.5450051048572,-1,689.454994895143,-1,1489.45499489514,-1
140.5,158.5435,63.84875,1215.98075,579.1265,-0.54575,222.64025,3.76750000000015,-1508.04327439091,-32.6432743909073,-2,491.956725609092,-2,-8.04327439090753,-1,691.956725609092,-1,1491.95672560909,-1
141,159.283,63.9185,1217.8645,581.016,-0.5455,222.7095,3.76749999999993,-1508.04327439082,-32.6432743908164,-2,491.956725609184,-2,-8.04327439081635,-1,691.956725609184,-1,1491.95672560918,-1
141.5,160.0225,63.98825,1219.74825,582.9055,-0.54525,222.77875,3.76749999999993,-1508.04327439082,-32.6432743908164,-2,491.956725609184,-2,-8.04327439081635,-1,691.956725609184,-1,1491.95672560918,-1
142,160.762,64.058,1221.632,584.795,-0.545,222.848,3.76099999999997,-1505.44147444829,-30.041474448287,-2,494.558525551713,-2,-5.44147444828695,-1,694.558525551713,-1,1494.55852555171,-1
142.5,161.51075,64.12775,1223.50925,586.67775,-0.54475,222.91725,3.75450000000001,-1502.83967450576,-27.4396745057571,-2,497.160325494243,-2,-2.83967450575733,-1,697.160325494243,-1,1497.16032549424,-1
143,162.2595,64.1975,1225.3865,588.5605,-0.5445,222.9865,3.75450000000001,-1502.83967450576,-27.4396745057571,-2,497.160325494243,-2,-2.83967450575733,-1,697.160325494243,-1,1497.16032549424,-1
143.5,163.00825,64.26725,1227.26375,590.44325,-0.54425,223.05575,3.75450000000001,-1502.83967450576,-27.4396745057571,-2,497.160325494243,-2,-2.83967450575733,-1,697.160325494243,-1,1497.16032549424,-1
144,163.757,64.337,1229.141,592.326,-0.544,223.125,3.74800000000005,-1500.23787456323,-24.8378745632277,-2,499.762125436772,-2,-0.237874563227706,-1,699.762125436772,-1,1499.76212543677,-1
144.5,164.51475,64.4065,1231.01175,594.20225,-0.54375,223.19375,3.74150000000009,-1497.6360746207,-22.2360746206979,-2,-497.636074620698,-1,2.36392537930192,-1,702.363925379302,-1,-1497.6360746207,0
145,165.2725,64.476,1232.8825,596.0785,-0.5435,223.2625,3.74150000000009,-1497.6360746207,-22.2360746206979,-2,-497.636074620698,-1,2.36392537930192,-1,702.363925379302,-1,-1497.6360746207,0
145.5,166.03025,64.5455,1234.75325,597.95475,-0.54325,223.33125,3.74149999999986,-1497.63607462061,-22.2360746206069,-2,-497.636074620607,-1,2.36392537939287,-1,702.363925379393,-1,-1497.63607462061,0
146,166.788,64.615,1236.624,599.831,-0.543,223.4,3.73474999999985,-1494.9342054495,-19.5342054494978,-2,-494.934205449498,-1,5.06579455050223,-1,705.065794550502,-1,-1494.9342054495,0
146.5,167.555,64.68425,1238.488,601.7005,-0.54275,223.46875,3.72799999999984,-1492.23233627839,-16.8323362783882,-2,-492.232336278388,-1,7.7676637216116,-1,707.767663721612,-1,-1492.23233627839,0
147,168.322,64.7535,1240.352,603.57,-0.5425,223.5375,3.72799999999984,-1492.23233627839,-16.8323362783882,-2,-492.232336278388,-1,7.7676637216116,-1,707.767663721612,-1,-1492.23233627839,0
147.5,169.089,64.82275,1242.216,605.4395,-0.54225,223.60625,3.72800000000007,-1492.23233627848,-16.8323362784791,-2,-492.232336278479,-1,7.76766372152065,-1,707.767663721521,-1,-1492.23233627848,0
148,169.856,64.892,1244.08,607.309,-0.542,223.675,3.72150000000011,-1489.63053633595,-14.2305363359498,-2,-489.63053633595,-1,10.3694636640503,-1,710.36946366405,-1,-1489.63053633595,0
148.5,170.63175,64.961,1245.9375,609.17175,-0.54175,223.74325,3.71500000000015,-1487.02873639342,-11.6287363934199,-2,-487.02873639342,-1,12.9712636065799,-1,712.97126360658,-1,-1487.02873639342,0
149,171.4075,65.03,1247.795,611.0345,-0.5415,223.8115,3.71499999999992,-1487.02873639333,-11.6287363933289,-2,-487.028736393329,-1,12.9712636066708,-1,712.971263606671,-1,-1487.02873639333,0
149.5,172.18325,65.099,1249.6525,612.89725,-0.54125,223.87975,3.71499999999992,-1487.02873639333,-11.6287363933289,-2,-487.028736393329,-1,12.9712636066708,-1,712.971263606671,-1,-1487.02873639333,0
150,172.959,65.168,1251.51,614.76,-0.541,223.948,3.70824999999991,-1484.32686722222,-8.92686722221981,-2,-484.32686722222,-1,15.6731327777802,-1,715.67313277778,-1,-1484.32686722222,0
150.5,173.744,65.23675,1253.36075,616.616,-0.54075,224.01625,3.7014999999999,-1481.62499805111,-6.22499805111022,-2,-481.62499805111,-1,18.3750019488896,-1,718.37500194889,-1,-1481.62499805111,0
151,174.529,65.3055,1255.2115,618.472,-0.5405,224.0845,3.70150000000012,-1481.6249980512,-6.22499805120117,-2,-481.624998051201,-1,18.3750019487986,-1,718.375001948799,-1,-1481.6249980512,0
151.5,175.314,65.37425,1257.06225,620.328,-0.54025,224.15275,3.70150000000012,-1481.6249980512,-6.22499805120117,-2,-481.624998051201,-1,18.3750019487986,-1,718.375001948799,-1,-1481.6249980512,0
152,176.099,65.443,1258.913,622.184,-0.54,224.221,3.69475000000011,-1478.92312888009,-3.52312888009203,-2,-478.923128880092,-1,21.076871119908,-1,721.076871119908,-1,-1478.92312888009,0
152.5,176.89275,65.5115,1260.757,624.03325,-0.53975,224.28875,3.6880000000001,-1476.22125970898,-0.821259708982438,-2,-476.221259708983,-1,23.7787402910174,-1,723.778740291017,-1,-1476.22125970898,0
153,177.6865,65.58,1262.601,625.8825,-0.5395,224.3565,3.6880000000001,-1476.22125970898,-0.821259708982438,-2,-476.221259708983,-1,23.7787402910174,-1,723.778740291017,-1,-1476.22125970898,0
153.5,178.48025,65.6485,1264.445,627.73175,-0.53925,224.42425,3.68799999999987,-1476.22125970889,-0.821259708891489,-2,-476.221259708892,-1,23.7787402911083,-1,723.778740291108,-1,-1476.22125970889,0
154,179.274,65.717,1266.289,629.581,-0.539,224.492,3.68124999999986,-1473.51939053778,1.8806094622181,-2,-473.519390537782,-1,26.4806094622179,-1,726.480609462218,-1,-1473.51939053778,0
154.5,180.0765,65.785,1268.12625,631.4235,-0.53875,224.55975,3.67449999999985,-1470.81752136667,4.58247863332724,-2,-470.817521366673,-1,29.1824786333273,-1,729.182478633327,-1,-1470.81752136667,0
155,180.879,65.853,1269.9635,633.266,-0.5385,224.6275,3.67449999999985,-1470.81752136667,4.58247863332724,-2,-470.817521366673,-1,29.1824786333273,-1,729.182478633327,-1,-1470.81752136667,0
155.5,181.6815,65.921,1271.80075,635.1085,-0.53825,224.69525,3.67450000000008,-1470.81752136676,4.58247863323629,-2,-470.817521366764,-1,29.1824786332361,-1,729.182478633236,-1,-1470.81752136676,0
156,182.484,65.989,1273.638,636.951,-0.538,224.763,3.66775000000007,-1468.11565219565,7.28434780434588,-2,-468.115652195654,-1,31.8843478043457,-1,731.884347804346,-1,-1468.11565219565,0
156.5,183.29525,66.057,1275.4685,638.7865,-0.53775,224.83025,3.66100000000006,-1465.41378302454,9.98621697545502,-2,-465.413783024545,-1,34.586216975455,-1,734.586216975455,-1,-1465.41378302454,0
157,184.1065,66.125,1277.299,640.622,-0.5375,224.8975,3.66100000000006,-1465.41378302454,9.98621697545502,-2,-465.413783024545,-1,34.586216975455,-1,734.586216975455,-1,-1465.41378302454,0
157.5,184.91775,66.193,1279.1295,642.4575,-0.53725,224.96475,3.66100000000006,-1465.41378302454,9.98621697545502,-2,-465.413783024545,-1,34.586216975455,-1,734.586216975455,-1,-1465.41378302454,0
158,185.729,66.261,1280.96,644.293,-0.537,225.032,3.65425000000005,-1462.71191385344,12.6880861465646,-2,-462.711913853436,-1,37.2880861465644,-1,737.288086146564,-1,-1462.71191385344,0
158.5,186.54925,66.32875,1282.78375,646.12175,-0.53675,225.09925,3.64750000000004,-1460.01004468233,15.3899553176738,-2,-460.010044682326,-1,39.9899553176738,-1,739.989955317674,-1,-1460.01004468233,0
159,187.3695,66.3965,1284.6075,647.9505,-0.5365,225.1665,3.64750000000004,-1460.01004468233,15.3899553176738,-2,-460.010044682326,-1,39.9899553176738,-1,739.989955317674,-1,-1460.01004468233,0
159.5,188.18975,66.46425,1286.43125,649.77925,-0.53625,225.23375,3.64750000000004,-1460.01004468233,15.3899553176738,-2,-460.010044682326,-1,39.9899553176738,-1,739.989955317674,-1,-1460.01004468233,0
160,189.01,66.532,1288.255,651.608,-0.536,225.301,3.64049999999997,-1457.20810628264,18.1918937173631,-2,-457.208106282637,-1,42.7918937173631,-1,742.791893717363,-1,-1457.20810628264,0
160.5,189.83875,66.5995,1290.07175,653.42975,-0.53575,225.36775,3.63349999999991,-1454.40616788295,20.9938321170524,-2,-454.406167882948,-1,45.5938321170522,-1,745.593832117052,-1,-1454.40616788295,0
161,190.6675,66.667,1291.8885,655.2515,-0.5355,225.4345,3.63349999999991,-1454.40616788295,20.9938321170524,-2,-454.406167882948,-1,45.5938321170522,-1,745.593832117052,-1,-1454.40616788295,0
161.5,191.49625,66.7345,1293.70525,657.07325,-0.53525,225.50125,3.63349999999991,-1454.40616788295,20.9938321170524,-2,-454.406167882948,-1,45.5938321170522,-1,745.593832117052,-1,-1454.40616788295,0
162,192.325,66.802,1295.522,658.895,-0.535,225.568,3.62649999999985,-1451.60422948326,23.7957705167418,-2,-451.604229483258,-1,48.3957705167415,-1,748.395770516742,-1,-1451.60422948326,0
162.5,193.1625,66.86925,1297.33175,660.70975,-0.53475,225.63475,3.61950000000002,-1448.80229108366,26.5977089163397,-2,-448.80229108366,-1,51.1977089163397,-1,751.19770891634,-1,-1448.80229108366,0
163,194,66.9365,1299.1415,662.5245,-0.5345,225.7015,3.61950000000024,-1448.80229108375,26.5977089162487,-2,-448.802291083751,-1,51.1977089162488,-1,751.197708916249,-1,-1448.80229108375,0
163.5,194.8375,67.00375,1300.95125,664.33925,-0.53425,225.76825,3.61950000000002,-1448.80229108366,26.5977089163397,-2,-448.80229108366,-1,51.1977089163397,-1,751.19770891634,-1,-1448.80229108366,0
164,195.675,67.071,1302.761,666.154,-0.534,225.835,3.61249999999995,-1446.00035268397,29.399647316029,-2,-446.000352683971,-1,53.999647316029,-1,753.999647316029,-1,-1446.00035268397,0
164.5,196.521,67.13775,1304.56375,667.96175,-0.53375,225.90125,3.60550000000012,-1443.19841428437,32.2015857156274,-2,-443.198414284373,-1,56.8015857156272,-1,756.801585715627,-1,-1443.19841428437,0
165,197.367,67.2045,1306.3665,669.7695,-0.5335,225.9675,3.60549999999989,-1443.19841428428,32.2015857157184,-2,-443.198414284282,-1,56.8015857157181,-1,756.801585715718,-1,-1443.19841428428,0
165.5,198.213,67.27125,1308.16925,671.57725,-0.53325,226.03375,3.60549999999989,-1443.19841428428,32.2015857157184,-2,-443.198414284282,-1,56.8015857157181,-1,756.801585715718,-1,-1443.19841428428,0
166,199.059,67.338,1309.972,673.385,-0.533,226.1,3.59875000000011,-1440.49654511326,34.9034548867365,-2,-440.496545113263,-1,59.5034548867366,-1,759.503454886737,-1,-1440.49654511326,0
166.5,199.9135,67.40475,1311.768,675.1855,-0.53275,226.16625,3.59199999999987,-1437.79467594206,37.6053240579371,-2,-437.794675942063,-1,62.2053240579369,-1,762.205324057937,-1,-1437.79467594206,0
167,200.768,67.4715,1313.564,676.986,-0.5325,226.2325,3.59199999999987,-1437.79467594206,37.6053240579371,-2,-437.794675942063,-1,62.2053240579369,-1,762.205324057937,-1,-1437.79467594206,0
167.5,201.6225,67.53825,1315.36,678.7865,-0.53225,226.29875,3.5920000000001,-1437.79467594215,37.6053240578461,-2,-437.794675942154,-1,62.2053240578459,-1,762.205324057846,-1,-1437.79467594215,0
168,202.477,67.605,1317.156,680.587,-0.532,226.365,3.58500000000004,-1434.99273754246,40.4072624575355,-2,-434.992737542465,-1,65.0072624575353,-1,765.007262457535,-1,-1434.99273754246,0
168.5,203.34025,67.6715,1318.945,682.38075,-0.53175,226.43075,3.57799999999997,-1432.19079914278,43.2092008572243,-2,-432.190799142776,-1,67.8092008572244,-1,767.809200857224,-1,-1432.19079914278,0
169,204.2035,67.738,1320.734,684.1745,-0.5315,226.4965,3.57799999999997,-1432.19079914278,43.2092008572243,-2,-432.190799142776,-1,67.8092008572244,-1,767.809200857224,-1,-1432.19079914278,0
169.5,205.06675,67.8045,1322.523,685.96825,-0.53125,226.56225,3.57799999999997,-1432.19079914278,43.2092008572243,-2,-432.190799142776,-1,67.8092008572244,-1,767.809200857224,-1,-1432.19079914278,0
170,205.93,67.871,1324.312,687.762,-0.531,226.628,3.57075000000009,-1429.2887915146,46.1112084854025,-2,-429.288791514598,-1,70.7112084854025,-1,770.711208485402,-1,-1429.2887915146,0
170.5,206.8015,67.93725,1326.09375,689.5485,-0.53075,226.6935,3.5635000000002,-1426.38678388642,49.0132161135806,-2,-426.386783886419,-1,73.6132161135806,-1,773.613216113581,-1,-1426.38678388642,0
171,207.673,68.0035,1327.8755,691.335,-0.5305,226.759,3.56349999999998,-1426.38678388633,49.0132161136715,-2,-426.386783886328,-1,73.6132161136716,-1,773.613216113672,-1,-1426.38678388633,0
171.5,208.5445,68.06975,1329.65725,693.1215,-0.53025,226.8245,3.56349999999998,-1426.38678388633,49.0132161136715,-2,-426.386783886328,-1,73.6132161136716,-1,773.613216113672,-1,-1426.38678388633,0
172,209.416,68.136,1331.439,694.908,-0.53,226.89,3.55649999999991,-1423.58484548664,51.8151545133609,-2,-423.584845486639,-1,76.4151545133607,-1,776.415154513361,-1,-1423.58484548664,0
172.5,210.29575,68.20175,1333.21375,696.6875,-0.52975,226.9555,3.54949999999985,-1420.78290708695,54.6170929130502,-2,-420.78290708695,-1,79.21709291305,-1,779.21709291305,-1,-1420.78290708695,0
173,211.1755,68.2675,1334.9885,698.467,-0.5295,227.021,3.54950000000008,-1420.78290708704,54.6170929129593,-2,-420.782907087041,-1,79.2170929129591,-1,779.217092912959,-1,-1420.78290708704,0
173.5,212.05525,68.33325,1336.76325,700.2465,-0.52925,227.0865,3.54950000000008,-1420.78290708704,54.6170929129593,-2,-420.782907087041,-1,79.2170929129591,-1,779.217092912959,-1,-1420.78290708704,0
174,212.935,68.399,1338.538,702.026,-0.529,227.152,3.54250000000002,-1417.98096868735,57.4190313126481,-2,-417.980968687352,-1,82.0190313126482,-1,782.019031312648,-1,-1417.98096868735,0
174.5,213.82325,68.46475,1340.30575,703.79825,-0.52875,227.217,3.53549999999996,-1415.17903028766,60.2209697123375,-2,-415.179030287662,-1,84.8209697123375,-1,784.820969712338,-1,-1415.17903028766,0
175,214.7115,68.5305,1342.0735,705.5705,-0.5285,227.282,3.53549999999996,-1415.17903028766,60.2209697123375,-2,-415.179030287662,-1,84.8209697123375,-1,784.820969712338,-1,-1415.17903028766,0
175.5,215.59975,68.59625,1343.84125,707.34275,-0.52825,227.347,3.53549999999996,-1415.17903028766,60.2209697123375,-2,-415.179030287662,-1,84.8209697123375,-1,784.820969712338,-1,-1415.17903028766,0
176,216.488,68.662,1345.609,709.115,-0.528,227.412,3.52825000000007,-1412.27702265948,63.1229773405156,-2,-412.277022659484,-1,87.7229773405156,-1,787.722977340516,-1,-1412.27702265948,0
176.5,217.3845,68.72725,1347.3695,710.88,-0.52775,227.47675,3.52100000000019,-1409.37501503131,66.0249849686937,-2,-409.375015031306,-1,90.6249849686935,-1,790.624984968694,-1,-1409.37501503131,0
177,218.281,68.7925,1349.13,712.645,-0.5275,227.5415,3.52099999999996,-1409.37501503122,66.0249849687847,-2,-409.375015031215,-1,90.6249849687847,-1,790.624984968785,-1,-1409.37501503122,0
177.5,219.1775,68.85775,1350.8905,714.41,-0.52725,227.60625,3.52099999999996,-1409.37501503122,66.0249849687847,-2,-409.375015031215,-1,90.6249849687847,-1,790.624984968785,-1,-1409.37501503122,0
178,220.074,68.923,1352.651,716.175,-0.527,227.671,3.51400000000012,-1406.57307663162,68.8269233683831,-2,-406.573076631617,-1,93.4269233683829,-1,793.426923368383,-1,-1406.57307663162,0
178.5,220.97875,68.98825,1354.4045,717.933,-0.52675,227.7355,3.50699999999983,-1403.77113823184,71.6288617681633,-2,-403.771138231837,-1,96.2288617681631,-1,796.228861768163,-1,-1403.77113823184,0
179,221.8835,69.0535,1356.158,719.691,-0.5265,227.8,3.50699999999983,-1403.77113823184,71.6288617681633,-2,-403.771138231837,-1,96.2288617681631,-1,796.228861768163,-1,-1403.77113823184,0
179.5,222.78825,69.11875,1357.9115,721.449,-0.52625,227.8645,3.50700000000006,-1403.77113823193,71.6288617680719,-2,-403.771138231928,-1,96.228861768072,-1,796.228861768072,-1,-1403.77113823193,0
180,223.693,69.184,1359.665,723.207,-0.526,227.929,3.49975000000018,-1400.86913060375,74.5308693962501,-2,-400.86913060375,-1,99.1308693962501,-1,799.13086939625,-1,-1400.86913060375,0
180.5,224.606,69.24875,1361.41125,724.9575,-0.52575,227.99325,3.49250000000006,-1397.96712297548,77.4328770245191,-2,-397.967122975481,-1,102.032877024519,-1,802.032877024519,-1,-1397.96712297548,0
181,225.519,69.3135,1363.1575,726.708,-0.5255,228.0575,3.49250000000006,-1397.96712297548,77.4328770245191,-2,-397.967122975481,-1,102.032877024519,-1,802.032877024519,-1,-1397.96712297548,0
181.5,226.432,69.37825,1364.90375,728.4585,-0.52525,228.12175,3.49250000000006,-1397.96712297548,77.4328770245191,-2,-397.967122975481,-1,102.032877024519,-1,802.032877024519,-1,-1397.96712297548,0
182,227.345,69.443,1366.65,730.209,-0.525,228.186,3.48524999999995,-1395.06511534721,80.3348846527882,-2,-395.065115347212,-1,104.934884652788,-1,804.934884652788,-1,-1395.06511534721,0
182.5,228.266,69.5075,1368.389,731.9525,-0.52475,228.25,3.47800000000007,-1392.16310771903,83.2368922809665,-2,-392.163107719034,-1,107.836892280966,-1,807.836892280966,-1,-1392.16310771903,0
183,229.187,69.572,1370.128,733.696,-0.5245,228.314,3.47800000000007,-1392.16310771903,83.2368922809665,-2,-392.163107719034,-1,107.836892280966,-1,807.836892280966,-1,-1392.16310771903,0
183.5,230.108,69.6365,1371.867,735.4395,-0.52425,228.378,3.47799999999984,-1392.16310771894,83.2368922810574,-2,-392.163107718943,-1,107.836892281057,-1,807.836892281057,-1,-1392.16310771894,0
184,231.029,69.701,1373.606,737.183,-0.524,228.442,3.471,-1389.36116931934,86.0388306806556,-2,-389.361169319345,-1,110.638830680655,-1,810.638830680655,-1,-1389.36116931934,0
184.5,231.958,69.7655,1375.338,738.91925,-0.52375,228.50575,3.46400000000017,-1386.55923091975,88.8407690802537,-2,-386.559230919746,-1,113.440769080254,-1,813.440769080254,-1,-1386.55923091975,0
185,232.887,69.83,1377.07,740.6555,-0.5235,228.5695,3.46399999999994,-1386.55923091966,88.8407690803449,-2,-386.559230919655,-1,113.440769080345,-1,813.440769080345,-1,-1386.55923091966,0
185.5,233.816,69.8945,1378.802,742.39175,-0.52325,228.63325,3.46399999999994,-1386.55923091966,88.8407690803449,-2,-386.559230919655,-1,113.440769080345,-1,813.440769080345,-1,-1386.55923091966,0
186,234.745,69.959,1380.534,744.128,-0.523,228.697,3.45675000000006,-1383.65722329148,91.7427767085228,-2,-383.657223291477,-1,116.342776708523,-1,816.342776708523,-1,-1383.65722329148,0
186.5,235.68225,70.023,1382.25875,745.857,-0.52275,228.7605,3.44949999999994,-1380.75521566321,94.6447843367919,-2,-380.755215663208,-1,119.244784336792,-1,819.244784336792,-1,-1380.75521566321,0
187,236.6195,70.087,1383.9835,747.586,-0.5225,228.824,3.44949999999994,-1380.75521566321,94.6447843367919,-2,-380.755215663208,-1,119.244784336792,-1,819.244784336792,-1,-1380.75521566321,0
187.5,237.55675,70.151,1385.70825,749.315,-0.52225,228.8875,3.44949999999994,-1380.75521566321,94.6447843367919,-2,-380.755215663208,-1,119.244784336792,-1,819.244784336792,-1,-1380.75521566321,0
188,238.494,70.215,1387.433,751.044,-0.522,228.951,3.44199999999978,-1377.75313880636,97.6468611936409,-2,-377.753138806359,-1,122.246861193641,-1,822.246861193641,-1,-1377.75313880636,0
188.5,239.439,70.27875,1389.15025,752.7655,-0.52175,229.01425,3.43449999999984,-1374.7510619496,100.648938050399,-2,-374.751061949601,-1,125.248938050399,-1,825.248938050399,-1,-1374.7510619496,0
189,240.384,70.3425,1390.8675,754.487,-0.5215,229.0775,3.43450000000007,-1374.75106194969,100.648938050308,-2,-374.751061949692,-1,125.248938050308,-1,825.248938050308,-1,-1374.75106194969,0
189.5,241.329,70.40625,1392.58475,756.2085,-0.52125,229.14075,3.43450000000007,-1374.75106194969,100.648938050308,-2,-374.751061949692,-1,125.248938050308,-1,825.248938050308,-1,-1374.75106194969,0
190,242.274,70.47,1394.302,757.93,-0.521,229.204,3.42750000000001,-1371.94912355,103.450876449997,-2,-371.949123550003,-1,128.050876449997,-1,828.050876449997,-1,-1371.94912355,0
190.5,243.227,70.5335,1396.01225,759.6445,-0.52075,229.267,3.42049999999995,-1369.14718515031,106.252814849686,-2,-369.147185150314,-1,130.852814849686,-1,830.852814849686,-1,-1369.14718515031,0
191,244.18,70.597,1397.7225,761.359,-0.5205,229.33,3.42049999999995,-1369.14718515031,106.252814849686,-2,-369.147185150314,-1,130.852814849686,-1,830.852814849686,-1,-1369.14718515031,0
191.5,245.133,70.6605,1399.43275,763.0735,-0.52025,229.393,3.42050000000017,-1369.1471851504,106.252814849595,-2,-369.147185150405,-1,130.852814849595,-1,830.852814849595,-1,-1369.1471851504,0
192,246.086,70.724,1401.143,764.788,-0.52,229.456,3.41325000000006,-1366.24517752214,109.154822477864,-2,-366.245177522136,-1,133.754822477864,-1,833.754822477864,-1,-1366.24517752214,0
192.5,247.04675,70.78725,1402.846,766.495,-0.5195,229.5185,3.40599999999995,-1363.34316989387,112.056830106133,-2,-363.343169893867,-1,136.656830106133,-1,836.656830106133,-1,-1363.34316989387,0
193,248.0075,70.8505,1404.549,768.202,-0.519,229.581,3.40599999999995,-1363.34316989387,112.056830106133,-2,-363.343169893867,-1,136.656830106133,-1,836.656830106133,-1,-1363.34316989387,0
193.5,248.96825,70.91375,1406.252,769.909,-0.5185,229.6435,3.40599999999995,-1363.34316989387,112.056830106133,-2,-363.343169893867,-1,136.656830106133,-1,836.656830106133,-1,-1363.34316989387,0
194,249.929,70.977,1407.955,771.616,-0.518,229.706,3.39850000000001,-1360.34109303711,115.058906962891,-2,-360.341093037109,-1,139.658906962891,-1,839.658906962891,-1,-1360.34109303711,0
194.5,250.89775,71.04,1409.6505,773.31575,-0.51775,229.7685,3.39100000000008,-1357.33901618035,118.060983819649,-2,-357.339016180351,-1,142.660983819649,-1,842.660983819649,-1,-1357.33901618035,0
195,251.8665,71.103,1411.346,775.0155,-0.5175,229.831,3.39100000000008,-1357.33901618035,118.060983819649,-2,-357.339016180351,-1,142.660983819649,-1,842.660983819649,-1,-1357.33901618035,0
195.5,252.83525,71.166,1413.0415,776.71525,-0.51725,229.8935,3.39100000000008,-1357.33901618035,118.060983819649,-2,-357.339016180351,-1,142.660983819649,-1,842.660983819649,-1,-1357.33901618035,0
196,253.804,71.229,1414.737,778.415,-0.517,229.956,3.38374999999996,-1354.43700855208,120.962991447918,-2,-354.437008552082,-1,145.562991447918,-1,845.562991447918,-1,-1354.43700855208,0
196.5,254.7805,71.29175,1416.42525,780.10725,-0.51675,230.018,3.37649999999985,-1351.53500092381,123.864999076187,-2,-351.535000923813,-1,148.464999076187,-1,848.464999076187,-1,-1351.53500092381,0
197,255.757,71.3545,1418.1135,781.7995,-0.5165,230.08,3.37650000000008,-1351.5350009239,123.864999076096,-2,-351.535000923904,-1,148.464999076096,-1,848.464999076096,-1,-1351.5350009239,0
197.5,256.7335,71.41725,1419.80175,783.49175,-0.51625,230.142,3.37650000000008,-1351.5350009239,123.864999076096,-2,-351.535000923904,-1,148.464999076096,-1,848.464999076096,-1,-1351.5350009239,0
198,257.71,71.48,1421.49,785.184,-0.516,230.204,3.36924999999997,-1348.63299329563,126.767006704365,-2,-348.632993295635,-1,151.367006704365,-1,851.367006704365,-1,-1348.63299329563,0
198.5,258.69425,71.5425,1423.171,786.869,-0.51575,230.266,3.36199999999985,-1345.73098566737,129.669014332634,-2,-345.730985667366,-1,154.269014332634,-1,854.269014332634,-1,-1345.73098566737,0
199,259.6785,71.605,1424.852,788.554,-0.5155,230.328,3.36199999999985,-1345.73098566737,129.669014332634,-2,-345.730985667366,-1,154.269014332634,-1,854.269014332634,-1,-1345.73098566737,0
199.5,260.66275,71.6675,1426.533,790.239,-0.51525,230.39,3.36200000000008,-1345.73098566746,129.669014332543,-2,-345.730985667457,-1,154.269014332543,-1,854.269014332543,-1,-1345.73098566746,0
200,261.647,71.73,1428.214,791.924,-0.515,230.452,3.35474999999997,-1342.82897803919,132.571021960812,-2,-342.828978039188,-1,157.171021960812,-1,857.171021960812,-1,-1342.82897803919,0
200.5,262.63875,71.792,1429.88775,793.60175,-0.51475,230.5135,3.34750000000008,-1339.92697041101,135.47302958899,-2,-339.92697041101,-1,160.07302958899,-1,860.07302958899,-1,-1339.92697041101,0
201,263.6305,71.854,1431.5615,795.2795,-0.5145,230.575,3.34750000000031,-1339.9269704111,135.473029588899,-2,-339.926970411101,-1,160.073029588899,-1,860.073029588899,-1,-1339.9269704111,0
201.5,264.62225,71.916,1433.23525,796.95725,-0.51425,230.6365,3.34750000000008,-1339.92697041101,135.47302958899,-2,-339.92697041101,-1,160.07302958899,-1,860.07302958899,-1,-1339.92697041101,0
202,265.614,71.978,1434.909,798.635,-0.514,230.698,3.34024999999997,-1337.02496278274,138.375037217259,-2,-337.024962782741,-1,162.975037217259,-1,862.975037217259,-1,-1337.02496278274,0
202.5,266.61325,72.04,1436.5755,800.30525,-0.51375,230.7595,3.33300000000008,-1334.12295515456,141.277044845438,-2,-334.122955154563,-1,165.877044845437,-1,865.877044845437,-1,-1334.12295515456,0
203,267.6125,72.102,1438.242,801.9755,-0.5135,230.821,3.33299999999986,-1334.12295515447,141.277044845529,-2,-334.122955154472,-1,165.877044845528,-1,865.877044845528,-1,-1334.12295515447,0
203.5,268.61175,72.164,1439.9085,803.64575,-0.51325,230.8825,3.33299999999986,-1334.12295515447,141.277044845529,-2,-334.122955154472,-1,165.877044845528,-1,865.877044845528,-1,-1334.12295515447,0
204,269.611,72.226,1441.575,805.316,-0.513,230.944,3.32550000000015,-1331.1208782978,144.279121702195,-2,-331.120878297805,-1,168.879121702195,-1,868.879121702195,-1,-1331.1208782978,0
204.5,270.618,72.2875,1443.234,806.97875,-0.51275,231.005,3.31799999999998,-1328.11880144096,147.281198559044,-2,-328.118801440956,-1,171.881198559044,-1,871.881198559044,-1,-1328.11880144096,0
205,271.625,72.349,1444.893,808.6415,-0.5125,231.066,3.31799999999976,-1328.11880144086,147.281198559135,-2,-328.118801440865,-1,171.881198559135,-1,871.881198559135,-1,-1328.11880144086,0
205.5,272.632,72.4105,1446.552,810.30425,-0.51225,231.127,3.31799999999998,-1328.11880144096,147.281198559044,-2,-328.118801440956,-1,171.881198559044,-1,871.881198559044,-1,-1328.11880144096,0
206,273.639,72.472,1448.211,811.967,-0.512,231.188,3.31050000000005,-1325.1167245842,150.283275415802,-2,-325.116724584198,-1,174.883275415802,-1,874.883275415802,-1,-1325.1167245842,0
206.5,274.6535,72.5335,1449.8625,813.6225,-0.51175,231.24875,3.30300000000011,-1322.11464772744,153.28535227256,-2,-322.11464772744,-1,177.88535227256,-1,877.88535227256,-1,-1322.11464772744,0
207,275.668,72.595,1451.514,815.278,-0.5115,231.3095,3.30300000000011,-1322.11464772744,153.28535227256,-2,-322.11464772744,-1,177.88535227256,-1,877.88535227256,-1,-1322.11464772744,0
207.5,276.6825,72.6565,1453.1655,816.9335,-0.51125,231.37025,3.30299999999988,-1322.11464772735,153.285352272651,-2,-322.114647727349,-1,177.885352272651,-1,877.885352272651,-1,-1322.11464772735,0
208,277.697,72.718,1454.817,818.589,-0.511,231.431,3.29599999999982,-1319.31270932766,156.08729067234,-2,-319.31270932766,-1,180.68729067234,-1,880.68729067234,-1,-1319.31270932766,0
208.5,278.719,72.779,1456.4615,820.23725,-0.51075,231.4915,3.28899999999999,-1316.51077092806,158.889229071939,-2,-316.510770928061,-1,183.489229071939,-1,883.489229071939,-1,-1316.51077092806,0
209,279.741,72.84,1458.106,821.8855,-0.5105,231.552,3.28899999999999,-1316.51077092806,158.889229071939,-2,-316.510770928061,-1,183.489229071939,-1,883.489229071939,-1,-1316.51077092806,0
209.5,280.763,72.901,1459.7505,823.53375,-0.51025,231.6125,3.28899999999999,-1316.51077092806,158.889229071939,-2,-316.510770928061,-1,183.489229071939,-1,883.489229071939,-1,-1316.51077092806,0
210,281.785,72.962,1461.395,825.182,-0.51,231.673,3.28150000000005,-1313.5086940713,161.891305928697,-2,-313.508694071304,-1,186.491305928696,-1,886.491305928696,-1,-1313.5086940713,0
210.5,282.81425,73.02275,1463.032,826.8225,-0.5095,231.73325,3.27399999999989,-1310.50661721445,164.893382785545,-2,-310.506617214455,-1,189.493382785545,-1,889.493382785545,-1,-1310.50661721445,0
211,283.8435,73.0835,1464.669,828.463,-0.509,231.7935,3.27400000000011,-1310.50661721455,164.893382785454,-2,-310.506617214546,-1,189.493382785454,-1,889.493382785454,-1,-1310.50661721455,0
211.5,284.87275,73.14425,1466.306,830.1035,-0.5085,231.85375,3.27400000000011,-1310.50661721455,164.893382785454,-2,-310.506617214546,-1,189.493382785454,-1,889.493382785454,-1,-1310.50661721455,0
212,285.902,73.205,1467.943,831.744,-0.508,231.914,3.26649999999995,-1307.5045403577,167.895459642303,-2,-307.504540357697,-1,192.495459642303,-1,892.495459642303,-1,-1307.5045403577,0
212.5,286.93875,73.2655,1469.5725,833.3775,-0.50775,231.974,3.25900000000001,-1304.50246350094,170.897536499061,-2,-304.502463500939,-1,195.497536499061,-1,895.497536499061,-1,-1304.50246350094,0
213,287.9755,73.326,1471.202,835.011,-0.5075,232.034,3.25900000000001,-1304.50246350094,170.897536499061,-2,-304.502463500939,-1,195.497536499061,-1,895.497536499061,-1,-1304.50246350094,0
213.5,289.01225,73.3865,1472.8315,836.6445,-0.50725,232.094,3.25900000000001,-1304.50246350094,170.897536499061,-2,-304.502463500939,-1,195.497536499061,-1,895.497536499061,-1,-1304.50246350094,0
214,290.049,73.447,1474.461,838.278,-0.507,232.154,3.2517499999999,-1301.60045587267,173.79954412733,-2,-301.60045587267,-1,198.39954412733,-1,898.39954412733,-1,-1301.60045587267,0
214.5,291.09275,73.5075,1476.08325,839.90375,-0.50675,232.2135,3.24450000000002,-1298.69844824449,176.701551755508,-2,-298.698448244492,-1,201.301551755508,-1,901.301551755508,-1,-1298.69844824449,0
215,292.1365,73.568,1477.7055,841.5295,-0.5065,232.273,3.24450000000024,-1298.69844824458,176.701551755417,-2,-298.698448244583,-1,201.301551755417,-1,901.301551755417,-1,-1298.69844824458,0
215.5,293.18025,73.6285,1479.32775,843.15525,-0.50625,232.3325,3.24450000000002,-1298.69844824449,176.701551755508,-2,-298.698448244492,-1,201.301551755508,-1,901.301551755508,-1,-1298.69844824449,0
216,294.224,73.689,1480.95,844.781,-0.506,232.392,3.2372499999999,-1295.79644061622,179.603559383777,-2,-295.796440616223,-1,204.203559383777,-1,904.203559383777,-1,-1295.79644061622,0
216.5,295.27525,73.749,1482.565,846.3995,-0.50575,232.4515,3.23000000000002,-1292.89443298804,182.505567011955,-2,-292.894432988045,-1,207.105567011955,-1,907.105567011955,-1,-1292.89443298804,0
217,296.3265,73.809,1484.18,848.018,-0.5055,232.511,3.23000000000002,-1292.89443298804,182.505567011955,-2,-292.894432988045,-1,207.105567011955,-1,907.105567011955,-1,-1292.89443298804,0
217.5,297.37775,73.869,1485.795,849.6365,-0.50525,232.5705,3.23000000000002,-1292.89443298804,182.505567011955,-2,-292.894432988045,-1,207.105567011955,-1,907.105567011955,-1,-1292.89443298804,0
218,298.429,73.929,1487.41,851.255,-0.505,232.63,3.22250000000008,-1289.89235613129,185.507643868713,-2,-289.892356131287,-1,210.107643868713,-1,910.107643868713,-1,-1289.89235613129,0
218.5,299.4875,73.9885,1489.0175,852.86625,-0.50475,232.68925,3.21499999999992,-1286.89027927444,188.509720725562,-2,-286.890279274438,-1,213.109720725562,-1,913.109720725562,-1,-1286.89027927444,0
219,300.546,74.048,1490.625,854.4775,-0.5045,232.7485,3.21499999999969,-1286.89027927435,188.509720725653,-2,-286.890279274347,-1,213.109720725653,-1,913.109720725653,-1,-1286.89027927435,0
219.5,301.6045,74.1075,1492.2325,856.08875,-0.50425,232.80775,3.21499999999992,-1286.89027927444,188.509720725562,-2,-286.890279274438,-1,213.109720725562,-1,913.109720725562,-1,-1286.89027927444,0
220,302.663,74.167,1493.84,857.7,-0.504,232.867,3.20749999999998,-1283.88820241768,191.51179758232,-2,-283.88820241768,-1,216.11179758232,-1,916.11179758232,-1,-1283.88820241768,0
220.5,303.7285,74.2265,1495.44,859.30375,-0.50375,232.92575,3.20000000000005,-1280.88612556092,194.513874439078,-2,-280.886125560922,-1,219.113874439078,-1,919.113874439078,-1,-1280.88612556092,0
221,304.794,74.286,1497.04,860.9075,-0.5035,232.9845,3.20000000000027,-1280.88612556101,194.513874438987,-2,-280.886125561013,-1,219.113874438987,-1,919.113874438987,-1,-1280.88612556101,0
221.5,305.8595,74.3455,1498.64,862.51125,-0.50325,233.04325,3.20000000000005,-1280.88612556092,194.513874439078,-2,-280.886125560922,-1,219.113874439078,-1,919.113874439078,-1,-1280.88612556092,0
222,306.925,74.405,1500.24,864.115,-0.503,233.102,3.19299999999998,-1278.08418716123,197.315812838767,-2,-278.084187161233,-1,221.915812838767,-1,921.915812838767,-1,-1278.08418716123,0
222.5,307.9975,74.46425,1501.833,865.71125,-0.50275,233.1605,3.18599999999992,-1275.28224876154,200.117751238456,-2,-275.282248761544,-1,224.717751238456,-1,924.717751238456,-1,-1275.28224876154,0
223,309.07,74.5235,1503.426,867.3075,-0.5025,233.219,3.18599999999992,-1275.28224876154,200.117751238456,-2,-275.282248761544,-1,224.717751238456,-1,924.717751238456,-1,-1275.28224876154,0
223.5,310.1425,74.58275,1505.019,868.90375,-0.50225,233.2775,3.18600000000015,-1275.28224876163,200.117751238365,-2,-275.282248761635,-1,224.717751238365,-1,924.717751238365,-1,-1275.28224876163,0
224,311.215,74.642,1506.612,870.5,-0.502,233.336,3.17825000000016,-1272.1801026763,203.219897323703,-2,-272.180102676297,-1,227.819897323703,-1,927.819897323703,-1,-1272.1801026763,0
224.5,312.29475,74.701,1508.19725,872.089,-0.5015,233.3945,3.17049999999995,-1269.07795659087,206.322043409132,-2,-269.077956590868,-1,230.922043409132,-1,930.922043409132,-1,-1269.07795659087,0
225,313.3745,74.76,1509.7825,873.678,-0.501,233.453,3.17049999999995,-1269.07795659087,206.322043409132,-2,-269.077956590868,-1,230.922043409132,-1,930.922043409132,-1,-1269.07795659087,0
225.5,314.45425,74.819,1511.36775,875.267,-0.5005,233.5115,3.17049999999995,-1269.07795659087,206.322043409132,-2,-269.077956590868,-1,230.922043409132,-1,930.922043409132,-1,-1269.07795659087,0
226,315.534,74.878,1512.953,876.856,-0.5,233.57,3.16349999999989,-1266.27601819118,209.123981808821,-2,-266.276018191179,-1,233.723981808821,-1,933.723981808821,-1,-1266.27601819118,0
226.5,316.62075,74.9365,1514.53125,878.4375,-0.49975,233.628,3.15650000000005,-1263.47407979158,211.925920208419,-2,-263.474079791581,-1,236.525920208419,-1,936.525920208419,-1,-1263.47407979158,0
227,317.7075,74.995,1516.1095,880.019,-0.4995,233.686,3.15650000000005,-1263.47407979158,211.925920208419,-2,-263.474079791581,-1,236.525920208419,-1,936.525920208419,-1,-1263.47407979158,0
227.5,318.79425,75.0535,1517.68775,881.6005,-0.49925,233.744,3.15650000000005,-1263.47407979158,211.925920208419,-2,-263.474079791581,-1,236.525920208419,-1,936.525920208419,-1,-1263.47407979158,0
228,319.881,75.112,1519.266,883.182,-0.499,233.802,3.14900000000011,-1260.47200293482,214.927997065177,-2,-260.472002934823,-1,239.527997065177,-1,939.527997065177,-1,-1260.47200293482,0
228.5,320.9745,75.1705,1520.83675,884.756,-0.49875,233.85975,3.14149999999995,-1257.46992607797,217.930073922026,-2,-257.469926077974,-1,242.530073922026,-1,942.530073922026,-1,-1257.46992607797,0
229,322.068,75.229,1522.4075,886.33,-0.4985,233.9175,3.14149999999995,-1257.46992607797,217.930073922026,-2,-257.469926077974,-1,242.530073922026,-1,942.530073922026,-1,-1257.46992607797,0
229.5,323.1615,75.2875,1523.97825,887.904,-0.49825,233.97525,3.14149999999995,-1257.46992607797,217.930073922026,-2,-257.469926077974,-1,242.530073922026,-1,942.530073922026,-1,-1257.46992607797,0
230,324.255,75.346,1525.549,889.478,-0.498,234.033,3.13399999999979,-1254.46784922113,220.932150778875,-2,-254.467849221125,-1,245.532150778875,-1,945.532150778875,-1,-1254.46784922113,0
230.5,325.3555,75.404,1527.11225,891.04475,-0.49775,234.0905,3.12649999999985,-1251.46577236437,223.934227635633,-2,-251.465772364367,-1,248.534227635633,-1,948.534227635633,-1,-1251.46577236437,0
231,326.456,75.462,1528.6755,892.6115,-0.4975,234.148,3.12650000000008,-1251.46577236446,223.934227635542,-2,-251.465772364458,-1,248.534227635542,-1,948.534227635542,-1,-1251.46577236446,0
231.5,327.5565,75.52,1530.23875,894.17825,-0.49725,234.2055,3.12650000000008,-1251.46577236446,223.934227635542,-2,-251.465772364458,-1,248.534227635542,-1,948.534227635542,-1,-1251.46577236446,0
232,328.657,75.578,1531.802,895.745,-0.497,234.263,3.11924999999997,-1248.56376473619,226.836235263811,-2,-248.563764736189,-1,251.436235263811,-1,951.436235263811,-1,-1248.56376473619,0
232.5,329.76425,75.63575,1533.358,897.30425,-0.49675,234.32025,3.11200000000008,-1245.66175710801,229.738242891989,-2,-245.661757108011,-1,254.338242891989,-1,954.338242891989,-1,-1245.66175710801,0
233,330.8715,75.6935,1534.914,898.8635,-0.4965,234.3775,3.11200000000008,-1245.66175710801,229.738242891989,-2,-245.661757108011,-1,254.338242891989,-1,954.338242891989,-1,-1245.66175710801,0
233.5,331.97875,75.75125,1536.47,900.42275,-0.49625,234.43475,3.11200000000008,-1245.66175710801,229.738242891989,-2,-245.661757108011,-1,254.338242891989,-1,954.338242891989,-1,-1245.66175710801,0
234,333.086,75.809,1538.026,901.982,-0.496,234.492,3.10475000000019,-1242.75974947983,232.640250520167,-2,-242.759749479833,-1,257.240250520167,-1,957.240250520167,-1,-1242.75974947983,0
234.5,334.2,75.86675,1539.57475,903.534,-0.49575,234.549,3.09750000000008,-1239.85774185156,235.542258148436,-2,-239.857741851564,-1,260.142258148436,-1,960.142258148436,-1,-1239.85774185156,0
235,335.314,75.9245,1541.1235,905.086,-0.4955,234.606,3.09749999999985,-1239.85774185147,235.542258148527,-2,-239.857741851473,-1,260.142258148527,-1,960.142258148527,-1,-1239.85774185147,0
235.5,336.428,75.98225,1542.67225,906.638,-0.49525,234.663,3.09749999999985,-1239.85774185147,235.542258148527,-2,-239.857741851473,-1,260.142258148527,-1,960.142258148527,-1,-1239.85774185147,0
236,337.542,76.04,1544.221,908.19,-0.495,234.72,3.09000000000015,-1236.85566499481,238.544335005194,-2,-236.855664994806,-1,263.144335005194,-1,963.144335005194,-1,-1236.85566499481,0
236.5,338.663,76.09725,1545.76225,909.73475,-0.4945,234.77675,3.08249999999998,-1233.85358813796,241.546411862043,-2,-233.853588137957,-1,266.146411862043,-1,966.146411862042,-1,-1233.85358813796,0
237,339.784,76.1545,1547.3035,911.2795,-0.494,234.8335,3.08249999999953,-1233.85358813778,241.546411862225,-2,-233.853588137775,-1,266.146411862225,-1,966.146411862225,-1,-1233.85358813778,0
237.5,340.905,76.21175,1548.84475,912.82425,-0.4935,234.89025,3.08249999999998,-1233.85358813796,241.546411862043,-2,-233.853588137957,-1,266.146411862043,-1,966.146411862042,-1,-1233.85358813796,0
238,342.026,76.269,1550.386,914.369,-0.493,234.947,3.0752500000001,-1230.95158050978,244.448419490221,-2,-230.951580509779,-1,269.048419490221,-1,969.048419490221,-1,-1230.95158050978,0
238.5,343.1535,76.326,1551.92,915.90625,-0.49275,235.0035,3.06799999999998,-1228.04957288151,247.35042711849,-2,-228.04957288151,-1,271.95042711849,-1,971.95042711849,-1,-1228.04957288151,0
239,344.281,76.383,1553.454,917.4435,-0.4925,235.06,3.06799999999998,-1228.04957288151,247.35042711849,-2,-228.04957288151,-1,271.95042711849,-1,971.95042711849,-1,-1228.04957288151,0
239.5,345.4085,76.44,1554.988,918.98075,-0.49225,235.1165,3.06799999999998,-1228.04957288151,247.35042711849,-2,-228.04957288151,-1,271.95042711849,-1,971.95042711849,-1,-1228.04957288151,0
240,346.536,76.497,1556.522,920.518,-0.492,235.173,3.06800000000021,-1228.0495728816,247.350427118399,-2,-228.049572881601,-1,271.950427118399,-1,971.950427118399,-1,-1228.0495728816,0
