apparent_depth_km,surface_offset_km,positive_true_doppler_hz,negative_true_doppler_hz,positive_alias_current_prf_hz,negative_alias_current_prf_hz,positive_alias_zero_overlap_prf_hz,negative_alias_zero_overlap_prf_hz
0.0,0.0,0.0,-0.0,0.0,0.0,0.0,0.0
0.0125,1.0549858115159654,77.57791138644112,-77.57791138644112,77.5779113864412,-77.5779113864412,77.57791138644109,-77.57791138644109
0.025,1.4923070227000876,109.63864009136383,-109.63864009136383,109.63864009136387,-109.63864009136387,109.63864009136387,-109.63864009136387
0.037500000000000006,1.8281016280557272,134.18999254480687,-134.18999254480687,134.18999254480696,-134.18999254480684,134.18999254480684,-134.18999254480684
0.05,2.1113789333040147,154.84623688785473,-154.84623688785473,154.84623688785473,-154.84623688785473,154.84623688785473,-154.84623688785473
0.0625,2.3611176511347334,173.00837186870066,-173.00837186870066,173.00837186870058,-173.0083718687007,173.0083718687007,-173.0083718687007
0.07500000000000001,2.587048946193326,189.39543083914776,-189.39543083914776,189.39543083914782,-189.39543083914782,189.39543083914782,-189.39543083914776
0.08750000000000001,2.7949522469087014,204.43485621824078,-204.43485621824078,204.43485621824084,-204.43485621824084,204.43485621824084,-204.43485621824078
0.1,2.988592310771076,218.4053479950266,-218.4053479950266,218.40534799502666,-218.40534799502666,218.40534799502666,-218.4053479950266
0.1125,3.1705835523606694,231.50062941215387,-231.50062941215387,231.50062941215378,-231.5006294121539,231.5006294121539,-231.5006294121539
0.125,3.3428290787894017,243.86184973624736,-243.86184973624736,243.86184973624745,-243.86184973624734,243.86184973624734,-243.86184973624734
0.1375,3.5067652562582516,255.59564153002833,-255.59564153002833,255.5956415300284,-255.5956415300284,255.5956415300284,-255.59564153002833
0.15000000000000002,3.663507745317321,266.78490724596793,-266.78490724596793,266.78490724596804,-266.78490724596793,266.78490724596793,-266.78490724596793
0.1625,3.8139435709643106,277.495622470984,-277.495622470984,277.495622470984,-277.495622470984,277.495622470984,-277.495622470984
0.17500000000000002,3.958791766435815,287.7813187777058,-287.7813187777058,287.7813187777058,-287.7813187777058,287.7813187777058,-287.7813187777058
0.1875,4.098644783644955,297.6861460268108,-297.6861460268108,297.6861460268108,-297.6861460268108,297.6861460268108,-297.6861460268108
0.2,4.233997638166559,307.24702848345436,-307.24702848345436,307.2470284834544,-307.2470284834544,307.2470284834544,-307.24702848345436
0.21250000000000002,4.36526895649054,316.49522248155773,-316.49522248155773,316.4952224815577,-316.4952224815577,316.4952224815577,-316.49522248155773
0.225,4.492816516395923,325.4574669856301,-325.4574669856301,325.45746698563016,-325.45746698563016,325.45746698563016,-325.4574669856301
0.23750000000000002,4.616948945190969,334.1568500320139,-334.1568500320139,334.15685003201384,-334.15685003201384,334.15685003201384,-334.1568500320139
0.25,4.737934676628625,342.6134723913016,-342.6134723913016,342.6134723913017,-342.6134723913017,342.6134723913017,-342.6134723913016
0.2625,4.856008912934572,350.84496362189134,-350.84496362189134,350.84496362189134,-350.84496362189134,350.84496362189134,-350.84496362189134
0.275,4.971379109462484,358.8668887742392,-358.8668887742392,358.8668887742392,-358.8668887742392,358.8668887742392,-358.8668887742392
0.28750000000000003,5.0842293479444844,366.6930728083276,-366.6930728083276,366.69307280832754,-366.69307280832754,366.69307280832754,-366.6930728083276
0.30000000000000004,5.1947238617658975,374.335862209182,-374.335862209182,374.33586220918187,-374.335862209182,374.3358622091821,-374.335862209182
0.3125,5.30300990594021,381.80633805546535,-381.80633805546535,381.8063380554654,-381.8063380554654,381.8063380554654,-381.80633805546535
0.325,5.409220114767008,389.1144911222822,-389.1144911222822,389.1144911222823,-389.1144911222822,389.11449112228206,-389.1144911222822
0.3375,5.513474454688259,396.269366976608,-396.269366976608,396.2693669766081,-396.269366976608,396.2693669766079,-396.269366976608
0.35000000000000003,5.615881854170366,403.2791871238136,-403.2791871238136,403.2791871238137,-403.2791871238136,403.2791871238135,-403.2791871238136
0.36250000000000004,5.716541573582755,410.1514508687678,-410.1514508687678,410.1514508687678,-410.1514508687678,410.1514508687678,-410.1514508687678
0.375,5.815544364029906,416.8930215180686,-416.8930215180686,416.8930215180685,-416.8930215180686,416.89302151806874,-416.8930215180686
0.3875,5.912973453559554,423.5101997703201,-423.5101997703201,423.51019977032,-423.5101997703201,423.51019977032024,-423.5101997703201
0.4,6.008905391167346,430.0087865490012,-430.0087865490012,430.0087865490011,-430.0087865490011,430.0087865490011,-430.0087865490012
0.41250000000000003,6.103410772879374,436.39413707794273,-436.39413707794273,436.3941370779428,-436.3941370779428,436.3941370779428,-436.39413707794273
0.42500000000000004,6.1965548694415675,442.6712076474864,-442.6712076474864,442.6712076474864,-442.6712076474864,442.6712076474864,-442.6712076474864
0.4375,6.288398171434439,448.8445962445568,-448.8445962445568,448.84459624455667,-448.8445962445568,448.8445962445569,-448.8445962445568
0.45,6.378996864711566,454.9185780035379,-454.9185780035379,454.91857800353796,-454.91857800353796,454.91857800353796,-454.9185780035379
0.4625,6.468403246744902,460.89713626327523,-460.89713626327523,460.8971362632751,-460.89713626327523,460.89713626327534,-460.89713626327523
0.47500000000000003,6.556666092611397,466.78398987850767,-466.78398987850767,466.7839898785078,-466.78398987850767,466.78398987850755,-466.78398987850767
0.48750000000000004,6.64383097786962,472.58261732389184,-472.58261732389184,472.5826173238918,-472.5826173238918,472.5826173238918,-472.58261732389184
0.5,6.729940564373507,478.2962780396777,-478.2962780396777,478.29627803967765,-478.29627803967765,478.29627803967765,-478.2962780396777
0.5125000000000001,6.815034854092825,483.9280313956062,-483.9280313956062,483.92803139560624,-483.92803139560624,483.92803139560624,-483.9280313956062
0.525,6.899151415210425,489.4807535902825,-489.4807535902825,489.4807535902826,-489.4807535902826,489.4807535902826,-489.4807535902825
0.5375,6.982325584108779,494.95715275449163,-494.95715275449163,494.95715275449174,-494.95715275449163,494.9571527544915,-494.95715275449163
0.55,7.064590646314901,500.3597824866014,-500.3597824866014,500.3597824866015,-500.3597824866014,500.35978248660126,-500.3597824866014
0.5625,7.1459779990215475,505.6910540146972,-505.6910540146972,505.69105401469733,-505.6910540146972,505.6910540146971,-505.6910540146972
0.5750000000000001,7.226517297426195,510.95324715215867,-510.95324715215867,510.9532471521586,-510.9532471521586,510.9532471521586,-510.95324715215867
0.5875,7.306236586814035,516.1485201899667,-516.1485201899667,516.1485201899668,-516.1485201899667,516.1485201899666,-516.1485201899667
0.6000000000000001,7.385162422045977,521.27891884934,-521.27891884934,521.27891884934,-521.27891884934,521.27891884934,-521.27891884934
0.6125,7.463319975888747,526.3463844016555,-526.3463844016555,526.3463844016555,-526.3463844016555,526.3463844016555,-526.3463844016555
0.625,7.540733137434318,531.3527610485072,-531.3527610485072,531.3527610485071,-531.3527610485072,531.3527610485073,-531.3527610485072
0.6375000000000001,7.61742460169446,536.2998026427574,-536.2998026427574,536.2998026427574,-536.2998026427574,536.2998026427574,-536.2998026427574
0.65,7.693415951318374,541.1891788211877,-541.1891788211877,541.1891788211879,-541.1891788211877,541.1891788211876,-541.1891788211877
0.6625000000000001,7.768727731263337,546.0224806105805,-546.0224806105805,546.0224806105805,-546.0224806105805,546.0224806105805,-546.0224806105805
0.675,7.843379517146929,550.801225561527,-550.801225561527,550.801225561527,-550.801225561527,550.801225561527,-550.801225561527
0.6875,7.917389977922017,555.5268624577535,-555.5268624577535,555.5268624577534,-555.5268624577535,555.5268624577536,-555.5268624577535
0.7000000000000001,7.990776933440202,560.2007756431445,-560.2007756431445,560.2007756431444,-560.2007756431445,560.2007756431447,-560.2007756431445
0.7125,8.063557407404005,564.8242890037733,-564.8242890037733,564.8242890037732,-564.8242890037733,564.8242890037734,-564.8242890037733
0.7250000000000001,8.135747676151222,569.3986696380155,-569.3986696380155,569.3986696380155,-569.3986696380155,569.3986696380155,-569.3986696380155
0.7375,8.207363313665358,573.9251312441404,-573.9251312441404,573.9251312441404,-573.9251312441404,573.9251312441404,-573.9251312441404
0.75,8.278419233162815,578.4048372515504,-578.4048372515504,578.4048372515504,-578.4048372515504,578.4048372515504,-578.4048372515504
0.7625000000000001,8.34892972556962,582.8389037190185,-582.8389037190185,582.8389037190186,-582.8389037190185,582.8389037190184,-582.8389037190185
0.775,8.418908495167292,587.2284020208047,-587.2284020208047,587.2284020208047,-587.2284020208047,587.2284020208047,-587.2284020208047
0.7875000000000001,8.488368692658208,591.5743613393468,-591.5743613393468,591.5743613393468,-591.5743613393468,591.5743613393468,-591.5743613393468
0.8,8.55732294587507,595.8777709813097,-595.8777709813097,595.8777709813098,-595.8777709813097,595.8777709813096,-595.8777709813097
0.8125,8.625783388336389,600.1395825320776,-600.1395825320776,600.1395825320776,-600.1395825320776,600.1395825320776,-600.1395825320776
0.8250000000000001,8.693761685829672,604.360711862274,-604.360711862274,604.360711862274,-604.360711862274,604.360711862274,-604.360711862274
0.8375,8.761269061186285,608.5420409985661,-608.5420409985661,608.5420409985661,-608.5420409985661,608.5420409985661,-608.5420409985661
0.8500000000000001,8.828316317395974,612.684419869822,-612.684419869822,612.684419869822,-612.684419869822,612.684419869822,-612.684419869822
0.8625,8.89491385919504,616.7886679386428,-616.7886679386428,616.7886679386429,-616.7886679386428,616.7886679386427,-616.7886679386428
0.875,8.961071713249481,620.8555757273481,-620.8555757273481,620.855575727348,-620.8555757273481,620.8555757273482,-620.8555757273481
0.8875000000000001,9.026799547043238,624.8859062466561,-624.8859062466561,624.8859062466561,-624.8859062466561,624.8859062466561,-624.8859062466561
0.9,9.0921066865716,628.8803963345516,-628.8803963345516,628.8803963345517,-628.8803963345516,628.8803963345515,-628.8803963345516
0.9125000000000001,9.157002132930842,632.8397579121572,-632.8397579121572,632.8397579121572,-632.8397579121572,632.8397579121572,-632.8397579121572
0.925,9.221494577887036,636.7646791628223,-636.7646791628223,636.7646791628222,-636.7646791628223,636.7646791628224,-636.7646791628223
0.9375,9.285592418499748,640.6558256401045,-640.6558256401045,640.6558256401045,-640.6558256401045,640.6558256401045,-640.6558256401045
0.9500000000000001,9.349303770869787,644.5138413098201,-644.5138413098201,644.5138413098202,-644.5138413098201,644.51384130982,-644.5138413098201
0.9625,9.41263648307423,648.33934953091,-648.33934953091,648.3393495309101,-648.33934953091,648.3393495309099,-648.33934953091
0.9750000000000001,9.47559814734669,652.1329539794621,-652.1329539794621,652.132953979462,-652.1329539794621,652.1329539794622,-652.1329539794621
0.9875,9.538196111555894,655.8952395198717,-655.8952395198717,655.8952395198717,-655.8952395198717,655.8952395198717,-655.8952395198717
1.0,9.60043749003138,659.6267730268013,-659.6267730268013,659.6267730268014,-659.6267730268013,-653.1817564220539,653.1817564220539
1.0125,9.66232917378103,663.3281041612961,-663.3281041612961,663.3281041612961,-663.3281041612961,-649.480425287559,649.480425287559
1.0250000000000001,9.72387784014176,666.9997661041525,-666.9997661041525,666.9997661041525,-666.9997661041525,-645.8087633447026,645.8087633447026
1.0375,9.78508996190122,670.6422762493875,-670.6422762493875,670.6422762493876,-670.6422762493875,-642.1662531994677,642.1662531994677
1.05,9.845971815925536,674.2561368604333,-674.2561368604333,674.2561368604333,-674.2561368604333,-638.5523925884218,638.5523925884218
1.0625,9.906529491325406,677.8418356914888,-677.8418356914888,677.8418356914888,-677.8418356914888,-634.9666937573663,634.9666937573663
1.075,9.966768897190303,681.3998465762594,-681.3998465762594,681.3998465762593,-681.3998465762594,-631.4086828725956,631.4086828725956
1.0875000000000001,10.026695769918422,684.930629986167,-684.930629986167,684.9306299861669,-684.930629986167,-627.877899462688,627.877899462688
1.1,10.086315680167857,688.4346335599398,-688.4346335599398,688.4346335599398,-688.4346335599398,-624.3738958889153,624.3738958889153
1.1125,10.145634039452636,691.912292606364,-691.912292606364,691.912292606364,-691.912292606364,-620.8962368424911,620.8962368424911
1.125,10.204656106405546,695.3640305818426,-695.3640305818426,695.3640305818426,-695.3640305818426,-617.4444988670125,617.4444988670125
1.1375,10.263386992728083,698.7902595442945,-698.7902595442945,698.7902595442945,-698.7902595442945,-614.0182699045606,614.0182699045606
1.1500000000000001,10.321831668846379,702.1913805848093,-702.1913805848093,702.1913805848094,-702.1913805848093,-610.6171488640459,610.6171488640459
1.1625,10.379994969290689,705.5677842383836,-705.5677842383836,705.5677842383836,-705.5677842383836,-607.2407452104715,607.2407452104715
1.175,10.43788159781476,708.9198508749666,-708.9198508749666,708.9198508749666,-708.9198508749666,-603.8886785738885,603.8886785738885
1.1875,10.49549613227026,712.2479510719572,-712.2479510719572,712.2479510719572,-712.2479510719572,-600.5605783768979,600.5605783768979
1.2000000000000002,10.552843029250457,715.5524459692233,-715.5524459692233,715.5524459692233,-715.5524459692233,-597.2560834796318,597.2560834796318
1.2125000000000001,10.609926628516334,718.833687607635,-718.833687607635,718.833687607635,-718.833687607635,-593.97484184122,593.97484184122
1.225,10.666751157217458,722.0920192520418,-722.0920192520418,722.0920192520418,-722.0920192520418,-590.7165101968133,590.7165101968133
1.2375,10.723320733919135,725.3277756995601,-725.3277756995601,725.3277756995601,-725.3277756995601,-587.480753749295,587.480753749295
1.25,10.779639372446557,728.5412835739821,-728.5412835739821,728.5412835739821,-728.5412835739821,-584.267245874873,584.267245874873
1.2625000000000002,10.835710985556046,731.7328616070658,-731.7328616070658,731.7328616070658,-731.7328616070658,-581.0756678417893,581.0756678417893
1.2750000000000001,10.891539388442755,734.902820907412,-734.902820907412,734.902820907412,-734.902820907412,-577.9057085414431,577.9057085414431
1.2875,10.94712830209366,738.0514652175962,-738.0514652175962,738.0514652175962,-738.0514652175962,-574.7570642312589,574.7570642312589
1.3,11.002481356494089,741.1790911601787,-741.1790911601787,741.1790911601788,-741.1790911601787,-571.6294382886765,571.6294382886765
1.3125,11.057602093695541,744.2859884731737,-744.2859884731737,744.2859884731738,-744.2859884731737,-568.5225409756815,568.5225409756815
1.3250000000000002,11.11249397075202,747.372440235529,-747.372440235529,747.372440235529,-747.372440235529,-565.4360892133261,565.4360892133261
1.3375000000000001,11.167160362531739,750.4387230831295,-750.4387230831295,750.4387230831294,-750.4387230831295,-562.3698063657255,562.3698063657255
1.35,11.221604564410564,753.4851074158098,-753.4851074158098,753.4851074158098,-753.4851074158098,-559.3234220330453,559.3234220330453
1.3625,11.275829794853237,756.5118575958271,-756.5118575958271,756.5118575958272,-756.5118575958271,-556.2966718530281,556.2966718530281
1.375,11.329839197888026,759.5192321382264,-759.5192321382264,759.5192321382265,-759.5192321382264,-553.2892973106289,553.2892973106289
1.3875000000000002,11.383635845480125,762.5074838934985,-762.5074838934985,762.5074838934984,-762.5074838934985,-550.3010455553565,550.3010455553565
1.4000000000000001,11.437222739808822,765.4768602229096,-765.4768602229096,765.4768602229096,-765.4768602229096,-547.3316692259455,547.3316692259455
1.4125,11.490602815453157,768.4276031668611,-768.4276031668611,768.427603166861,-768.4276031668611,-544.3809262819939,544.3809262819939
1.425,11.54377894149052,771.3599496066151,-771.3599496066151,771.3599496066151,-771.3599496066151,-541.44857984224,541.44857984224
1.4375,11.59675392351239,774.2741314197051,-774.2741314197051,774.2741314197051,-774.2741314197051,-538.53439802915,538.53439802915
1.4500000000000002,11.649530505561158,777.1703756293292,-777.1703756293292,777.1703756293291,-777.1703756293292,-535.6381538195258,535.6381538195258
1.4625000000000001,11.702111371991808,780.0489045480125,-780.0489045480125,780.0489045480126,-780.0489045480125,-532.7596249008427,532.7596249008427
1.475,11.754499149261953,782.9099359158023,-782.9099359158023,782.9099359158022,-782.9099359158023,-529.8985935330527,529.8985935330527
1.4875,11.806696407653583,785.753683033252,-785.753683033252,785.753683033252,-785.753683033252,-527.0548464156032,527.0548464156032
1.5,11.85870566292966,788.5803548894316,-788.5803548894316,788.5803548894316,-788.5803548894316,-524.2281745594235,524.2281745594235
1.5125000000000002,11.91052937792859,791.3901562851918,-791.3901562851918,791.3901562851918,-791.3901562851918,-521.4183731636633,521.4183731636633
1.5250000000000001,11.962169964099322,794.1832879518936,-794.1832879518936,794.1832879518936,-794.1832879518936,-518.6252414969615,518.6252414969615
1.5375,12.01362978297983,796.9599466658093,-796.9599466658093,796.9599466658092,-796.9599466658093,-515.8485827830457,515.8485827830457
1.55,12.064911147621437,799.7203253583863,-799.7203253583863,799.7203253583862,-799.7203253583863,-513.0882040904687,513.0882040904687
1.5625,12.116016323961436,802.4646132225528,-802.4646132225528,802.4646132225528,-802.4646132225528,-510.3439162263023,510.3439162263023
1.5750000000000002,12.166947532146262,805.1929958152434,-805.1929958152434,805.1929958152434,-805.1929958152434,-507.6155336336117,507.6155336336117
1.5875000000000001,12.21770694780735,807.9056551563039,-807.9056551563039,807.905655156304,-807.9056551563039,-504.90287429255136,504.90287429255136
1.6,12.268296703291782,810.6027698239328,-810.6027698239328,810.6027698239327,-810.6027698239328,-502.20575962492217,502.20575962492217
1.6125,12.318718888849604,813.2845150468069,-813.2845150468069,813.284515046807,-813.2845150468069,-499.52401440204835,499.52401440204835
1.625,12.368975553779707,815.9510627930324,-815.9510627930324,815.9510627930324,-815.9510627930324,-496.8574666558227,496.8574666558227
1.6375000000000002,12.419068707536004,818.6025818560527,-818.6025818560527,818.6025818560527,-818.6025818560527,-494.20594759280243,494.20594759280243
1.6500000000000001,12.469000320795569,821.2392379376399,-821.2392379376399,821.2392379376399,-821.2392379376399,-491.56929151121517,491.56929151121517
1.6625,12.518772326490325,823.8611937280936,-823.8611937280936,823.8611937280934,-823.8611937280936,-488.94733572076143,488.94733572076143
1.675,12.568386620803802,826.4686089837569,-826.4686089837569,826.4686089837569,-826.4686089837569,-486.3399204650982,486.3399204650982
1.6875,12.617845064134366,829.0616406019633,-829.0616406019633,829.0616406019633,-829.0616406019633,-483.7468888468918,483.7468888468918
1.7000000000000002,12.667149482026332,831.6404426935151,-831.6404426935151,831.6404426935151,-831.6404426935151,-481.16808675534,481.16808675534
1.7125000000000001,12.71630166607021,834.2051666527925,-834.2051666527925,834.2051666527925,-834.2051666527925,-478.6033627960626,478.6033627960626
1.725,12.765303374773355,836.7559612255918,-836.7559612255918,836.7559612255918,-836.7559612255918,-476.0525682232633,476.0525682232633
1.7375,12.814156334402199,839.2929725747763,-839.2929725747763,839.2929725747763,-839.2929725747763,-473.5155568740788,473.5155568740788
1.75,12.862862239797176,841.8163443438309,-841.8163443438309,841.8163443438309,-841.8163443438309,-470.9921851050242,470.9921851050242
1.7625000000000002,12.911422755161414,844.3262177183984,-844.3262177183984,844.3262177183983,-844.3262177183984,-468.48231173045656,468.48231173045656
1.7750000000000001,12.95983951482425,846.8227314858793,-846.8227314858793,846.8227314858793,-846.8227314858793,-465.98579796297577,465.98579796297577
1.7875,13.008114123980462,849.306022093165,-849.306022093165,849.306022093165,-849.306022093165,-463.5025073556901,463.5025073556901
1.8,13.056248159406284,851.77622370258,-851.77622370258,851.77622370258,-851.77622370258,-461.03230574627514,461.03230574627514
1.8125,13.104243170152941,854.2334682460976,-854.2334682460976,854.2334682460976,-854.2334682460976,-458.5750612027575,458.5750612027575
1.8250000000000002,13.152100678218671,856.6778854778962,-856.6778854778962,856.6778854778963,-856.6778854778962,-456.130643970959,456.130643970959
1.8375000000000001,13.199822179199991,859.1096030253171,-859.1096030253171,859.109603025317,-859.1096030253171,-453.69892642353784,453.69892642353784
1.85,13.247409142923004,861.5287464382825,-861.5287464382825,861.5287464382825,-861.5287464382825,-451.2797830105726,451.2797830105726
1.8625,13.294863014055467,863.935439237233,-863.935439237233,863.9354392372329,-863.935439237233,-448.87309021162196,448.87309021162196
1.875,13.342185212700356,866.3298029596348,-866.3298029596348,866.3298029596349,-866.3298029596348,-446.47872648922043,446.47872648922043
1.8875000000000002,13.389377134971589,868.7119572051139,-868.7119572051139,868.7119572051138,-868.7119572051139,-444.0965722437411,444.0965722437411
1.9000000000000001,13.436440153552578,871.0820196792595,-871.0820196792595,871.0820196792595,-871.0820196792595,-441.7265097695956,441.7265097695956
1.9125,13.483375618238187,873.4401062361534,-873.4401062361534,873.4401062361535,-873.4401062361534,-439.3684232127018,439.3684232127018
1.925,13.530184856460757,875.7863309196628,-875.7863309196628,875.7863309196628,-875.7863309196628,-437.02219852919234,437.02219852919234
1.9375,13.576869173800711,878.1208060035435,-878.1208060035435,878.1208060035435,-878.1208060035435,-434.6877234453116,434.6877234453116
1.9500000000000002,13.623429854482314,880.4436420303979,-880.4436420303979,880.4436420303978,-880.4436420303979,-432.3648874184571,432.3648874184571
1.9625000000000001,13.66986816185511,882.7549478495223,-882.7549478495223,882.7549478495223,-882.7549478495223,-430.0535815993328,430.0535815993328
1.975,13.71618533886153,885.0548306536872,-885.0548306536872,885.0548306536871,-885.0548306536872,-427.7536987951678,427.7536987951678
1.9875,13.762382608491162,887.3433960148834,-887.3433960148834,887.3433960148834,-887.3433960148834,-425.4651334339717,425.4651334339717
2.0,13.80846117422213,889.6207479190728,-889.6207479190728,889.6207479190728,-889.6207479190728,-423.18778152978234,423.18778152978234
2.0125,13.854422220450047,891.886988799975,-891.886988799975,891.8869887999749,-891.886988799975,-420.92154064887995,420.92154064887995
2.025,13.900266912904947,894.142219571924,-894.142219571924,894.142219571924,-894.142219571924,-418.6663098769311,418.6663098769311
2.0375,13.945996399056613,896.3865396618255,-896.3865396618255,896.3865396618255,-896.3865396618255,-416.4219897870296,416.4219897870296
2.0500000000000003,13.991611808508697,898.6200470402458,-898.6200470402458,898.6200470402459,-898.6200470402458,-414.1884824086094,414.1884824086094
2.0625,14.037114253381997,900.8428382516589,-900.8428382516589,900.842838251659,-900.8428382516589,-411.9656911971963,411.9656911971963
2.075,14.082504828687261,903.055008443883,-903.055008443883,903.055008443883,-903.055008443883,-409.7535210049721,409.7535210049721
2.0875,14.127784612687865,905.2566513967307,-905.2566513967307,905.2566513967308,-905.2566513967307,-407.5518780521245,407.5518780521245
2.1,14.172954667252698,907.4478595498979,-907.4478595498979,907.4478595498979,-907.4478595498979,-405.3606698989572,405.3606698989572
2.1125000000000003,14.218016038199563,909.6287240301177,-909.6287240301177,909.6287240301176,-909.6287240301177,-403.17980541873726,403.17980541873726
2.125,14.262969755629436,911.799334677605,-911.799334677605,911.799334677605,-911.799334677605,-401.0091947712501,401.0091947712501
2.1375,14.307816834251827,913.9597800718063,-913.9597800718063,913.9597800718063,-913.9597800718063,-398.84874937704876,398.84874937704876
2.15,14.352558273701591,916.1101475564898,-916.1101475564898,916.1101475564897,-916.1101475564898,-396.6983818923652,396.6983818923652
2.1625,14.397195058847402,918.2505232641824,-918.2505232641824,918.2505232641824,-918.2505232641824,-394.55800618467265,394.55800618467265
2.1750000000000003,14.441728160092199,920.3809921399873,-920.3809921399873,920.3809921399873,-920.3809921399873,-392.42753730886784,392.42753730886784
2.1875,14.486158533665852,922.5016379647905,-922.5016379647905,922.5016379647905,-922.5016379647905,-390.30689148406464,390.30689148406464
2.2,14.530487121910262,924.6125433778838,-924.6125433778838,924.6125433778839,-924.6125433778838,-388.19598607097146,388.19598607097146
2.2125,14.57471485355717,926.7137898990156,-926.7137898990156,926.7137898990156,-926.7137898990156,-386.09473954983946,386.09473954983946
2.225,14.618842643998875,928.8054579498946,-928.8054579498946,928.8054579498946,-928.8054579498946,-384.0030714989605,384.0030714989605
2.2375000000000003,14.6628713955521,930.8876268751537,-930.8876268751537,930.8876268751537,-930.8876268751537,-381.92090257370137,381.92090257370137
2.25,14.706801997715207,932.9603749627989,-932.9603749627989,932.960374962799,-932.9603749627989,-379.8481544860563,379.8481544860563
2.2625,14.750635327418951,935.0237794641541,-935.0237794641541,935.0237794641541,-935.0237794641541,-377.78474998470097,377.78474998470097
2.275,14.794372249271005,937.0779166133203,-937.0779166133203,937.0779166133202,-937.0779166133203,-375.73061283553466,375.73061283553466
2.2875,14.8380136157944,939.1228616461582,-939.1228616461582,939.1228616461581,-939.1228616461582,-373.6856678026968,373.6856678026968
2.3000000000000003,14.881560267660108,941.1586888188149,-941.1586888188149,941.1586888188149,-941.1586888188149,-371.6498406300402,371.6498406300402
2.3125,14.925013033913906,943.1854714258048,-943.1854714258048,943.1854714258047,-943.1854714258048,-369.62305802305013,369.62305802305013
2.325,14.968372732197711,945.2032818176567,-945.2032818176567,945.2032818176567,-945.2032818176567,-367.6052476311984,367.6052476311984
2.3375,15.011640168965549,947.2121914181429,-947.2121914181429,947.212191418143,-947.2121914181429,-365.59633803071233,365.5963380307122
2.35,15.0548161396943,949.2122707410997,-949.2122707410997,949.2122707410995,-949.2122707410997,-363.5962587077554,363.5962587077554
2.3625000000000003,15.097901429089408,951.2035894068537,-951.2035894068537,951.2035894068536,-951.2035894068537,-361.6049400420013,361.60494004200143
2.375,15.140896811285652,953.1862161582618,-953.1862161582618,953.1862161582617,-953.1862161582618,-359.6223132905932,359.6223132905933
2.3875,15.183803050043162,955.1602188763807,-955.1602188763807,955.1602188763804,-955.1602188763807,-357.64831057247443,357.64831057247443
2.4000000000000004,15.226620898938805,957.1256645957707,-957.1256645957707,957.1256645957706,-957.1256645957707,-355.6828648530843,355.6828648530844
2.4125,15.269351101553072,959.0826195194502,-959.0826195194502,959.08261951945,-959.0826195194502,-353.7259099294049,353.7259099294049
2.4250000000000003,15.311994391652577,961.0311490335047,-961.0311490335047,961.0311490335048,-961.0311490335047,-351.77738041535054,351.7773804153504
2.4375,15.354551493368342,962.9713177213669,-962.9713177213669,962.9713177213666,-962.9713177213669,-349.83721172748824,349.83721172748824
2.45,15.397023121369923,964.9031893777685,-964.9031893777685,964.9031893777687,-964.9031893777685,-347.9053400710866,347.9053400710866
2.4625000000000004,15.439409981035546,966.826827022382,-966.826827022382,966.8268270223821,-966.826827022382,-345.98170242647325,345.98170242647313
2.475,15.481712768618335,968.7422929131535,-968.7422929131535,968.7422929131535,-968.7422929131535,-344.0662365357016,344.0662365357016
2.4875000000000003,15.523932171408763,970.6496485593403,-970.6496485593403,970.6496485593402,-970.6496485593403,-342.15888088951465,342.15888088951476
2.5,15.566068867893396,972.5489547342564,-972.5489547342564,972.5489547342563,-972.5489547342564,-340.25957471459856,340.25957471459867
2.5125,15.608123527910072,974.4402714877394,-974.4402714877394,974.4402714877392,-974.4402714877394,-338.36825796111566,338.36825796111566
2.5250000000000004,15.650096812799593,976.323658158343,-976.323658158343,976.3236581583428,-976.323658158343,-336.48487129051205,336.48487129051205
2.5375,15.691989375554012,978.1991733852603,-978.1991733852603,978.1991733852606,-978.1991733852603,-334.60935606359476,334.60935606359476
2.5500000000000003,15.733801860961641,980.0668751199913,-980.0668751199913,980.0668751199914,-980.0668751199913,-332.7416543288639,332.7416543288638
2.5625,15.775534905748838,981.9268206377561,-981.9268206377561,981.926820637756,-981.9268206377561,-330.88170881109886,330.881708811099
2.575,15.817189138718675,983.7790665486627,-983.7790665486627,983.7790665486627,-983.7790665486627,-329.02946290019236,329.02946290019236
2.5875000000000004,15.858765180886563,985.6236688086359,-985.6236688086359,985.623668808636,-985.6236688086359,-327.1848606402193,327.1848606402192
2.6,15.900263645612924,987.4606827301128,-987.4606827301128,987.4606827301127,-987.4606827301128,-325.3478467187422,325.3478467187423
2.6125000000000003,15.94168513873298,989.2901629925105,-989.2901629925105,989.2901629925104,-989.2901629925105,-323.51836645634444,323.51836645634455
2.625,15.983030258683739,991.1121636524755,-991.1121636524755,991.1121636524754,-991.1121636524755,-321.6963657963795,321.6963657963796
2.6375,16.024299596628243,992.926738153915,-992.926738153915,992.9267381539153,-992.926738153915,-319.88179129494006,319.88179129494006
2.6500000000000004,16.065493736577164,994.7339393378194,-994.7339393378194,994.7339393378193,-994.7339393378194,-318.0745901110356,318.0745901110357
2.6625,16.106613255507813,996.5338194518818,-996.5338194518818,996.5338194518818,-996.5338194518818,-316.27470999697334,316.27470999697334
2.6750000000000003,16.147658723480628,998.3264301599163,-998.3264301599163,998.3264301599161,-998.3264301599163,-314.4820992889388,314.4820992889388
2.6875,16.188630703753176,1000.1118225510838,-1000.1118225510838,1000.1118225510841,-1000.1118225510838,-312.69670689777126,312.69670689777126
2.7,16.229529752891793,1001.8900471489266,-1001.8900471489266,1001.8900471489264,-1001.8900471489266,-310.9184822999284,310.91848229992854
2.7125000000000004,16.27035642088089,1003.6611539202211,-1003.6611539202211,1003.6611539202208,-1003.6611539202211,-309.14737552863403,309.14737552863403
2.725,16.311111251229942,1005.42519228365,-1005.42519228365,1005.4251922836497,-1005.42519228365,-307.38333716520515,307.38333716520515
2.7375000000000003,16.351794781078315,1007.1822111182968,-1007.1822111182968,1007.1822111182969,-1007.1822111182968,-305.62631833055843,305.6263183305583
2.75,16.392407541297892,1008.9322587719726,-1008.9322587719726,1008.9322587719726,-1008.9322587719726,-303.87627067688254,303.87627067688254
2.7625,16.43295005659361,1010.6753830693746,-1010.6753830693746,1010.6753830693747,-1010.6753830693746,-302.13314637948065,302.13314637948054
2.7750000000000004,16.47342284560194,1012.4116313200814,-1012.4116313200814,1012.4116313200816,-1012.4116313200814,-300.3968981287737,300.3968981287737
2.7875,16.513826420987353,1014.1410503263905,-1014.1410503263905,1014.1410503263905,-1014.1410503263905,-298.66747912246456,298.66747912246456
2.8000000000000003,16.55416128953684,1015.8636863910012,-1015.8636863910012,1015.863686391001,-1015.8636863910012,-296.94484305785386,296.94484305785386
2.8125,16.594427952252527,1017.5795853245457,-1017.5795853245457,1017.5795853245459,-1017.5795853245457,-295.22894412430946,295.22894412430935
2.825,16.634626904442435,1019.2887924529723,-1019.2887924529723,1019.2887924529723,-1019.2887924529723,-293.5197369958828,293.5197369958828
2.8375000000000004,16.674758635809393,1020.9913526247858,-1020.9913526247858,1020.991352624786,-1020.9913526247858,-291.8171768240693,291.8171768240693
2.85,16.714823630538252,1022.6873102181486,-1022.6873102181486,1022.6873102181485,-1022.6873102181486,-290.1212192307064,290.1212192307065
2.8625000000000003,16.75482236738128,1024.3767091478408,-1024.3767091478408,1024.3767091478408,-1024.3767091478408,-288.43182030101434,288.43182030101434
2.875,16.794755319741935,1026.0595928720895,-1026.0595928720895,1026.0595928720895,-1026.0595928720895,-286.7489365767656,286.7489365767656
2.8875,16.83462295575698,1027.7360043992683,-1027.7360043992683,1027.736004399268,-1027.7360043992683,-285.07252504958683,285.07252504958683
2.9000000000000004,16.874425738376996,1029.4059862944655,-1029.4059862944655,1029.4059862944655,-1029.4059862944655,-283.4025431543896,283.4025431543896
2.9125,16.91416412544528,1031.0695806859308,-1031.0695806859308,1031.0695806859308,-1031.0695806859308,-281.73894876292434,281.73894876292434
2.9250000000000003,16.953838569775282,1032.726829271399,-1032.726829271399,1032.7268292713993,-1032.726829271399,-280.081700177456,280.081700177456
2.9375,16.99344951922652,1034.3777733242955,-1034.3777733242955,1034.3777733242955,-1034.3777733242955,-278.4307561245596,278.4307561245596
2.95,17.032997416778997,1036.0224536998235,-1036.0224536998235,1036.0224536998235,-1036.0224536998235,-276.7860757490316,276.7860757490316
2.9625000000000004,17.07248270060626,1037.660910840941,-1037.660910840941,1037.6609108409407,-1037.660910840941,-275.1476186079142,275.1476186079142
2.975,17.111905804147007,1039.293184784225,-1039.293184784225,1039.293184784225,-1039.293184784225,-273.51534466463,273.51534466463
2.9875000000000003,17.151267156175372,1040.9193151656268,-1040.9193151656268,1040.9193151656268,-1040.9193151656268,-271.8892142832283,271.8892142832283
3.0,17.19056718086986,1042.5393412261221,-1042.5393412261221,1042.5393412261224,-1042.5393412261221,-270.26918822273296,270.26918822273296
3.0125,17.229806297881005,1044.1533018172581,-1044.1533018172581,1044.1533018172581,-1044.1533018172581,-268.655227631597,268.655227631597
3.0250000000000004,17.268984922397724,1045.761235406599,-1045.761235406599,1045.761235406599,-1045.761235406599,-267.047294042256,267.047294042256
3.0375,17.308103465212472,1047.363180083072,-1047.363180083072,1047.3631800830722,-1047.363180083072,-265.44534936578316,265.44534936578316
3.0500000000000003,17.347162332785153,1048.9591735622164,-1048.9591735622164,1048.9591735622166,-1048.9591735622164,-263.8493558866387,263.8493558866387
3.0625,17.386161927305864,1050.54925319134,-1050.54925319134,1050.54925319134,-1050.54925319134,-262.259276257515,262.259276257515
3.075,17.42510264675649,1052.1334559545814,-1052.1334559545814,1052.1334559545817,-1052.1334559545814,-260.67507349427365,260.67507349427365
3.0875000000000004,17.463984884971126,1053.7118184778822,-1053.7118184778822,1053.7118184778824,-1053.7118184778822,-259.09671097097294,259.09671097097294
3.1,17.502809031695456,1055.2843770338698,-1055.2843770338698,1055.28437703387,-1055.2843770338698,-257.52415241498534,257.52415241498534
3.1125000000000003,17.541575472644983,1056.8511675466561,-1056.8511675466561,1056.8511675466561,-1056.8511675466561,-255.95736190219895,255.95736190219895
3.125,17.580284589562254,1058.4122255965497,-1058.4122255965497,1058.41222559655,-1058.4122255965497,-254.39630385230544,254.39630385230544
3.1375,17.61893676027302,1059.9675864246842,-1059.9675864246842,1059.9675864246842,-1059.9675864246842,-252.84094302417088,252.84094302417088
3.1500000000000004,17.65753235874141,1061.5172849375697,-1061.5172849375697,1061.51728493757,-1061.5172849375697,-251.2912445112854,251.2912445112854
3.1625,17.696071755124073,1063.0613557115598,-1063.0613557115598,1063.0613557115598,-1063.0613557115598,-249.74717373729527,249.74717373729527
3.1750000000000003,17.7345553158234,1064.599832997245,-1064.599832997245,1064.599832997245,-1064.599832997245,-248.2086964516102,248.2086964516102
3.1875,17.772983403539765,1066.1327507237677,-1066.1327507237677,1066.132750723768,-1066.1327507237677,-246.6757787250874,246.6757787250874
3.2,17.811356377322866,1067.6601425030647,-1067.6601425030647,1067.6601425030644,-1067.6601425030647,-245.14838694579043,245.14838694579043
3.2125000000000004,17.84967459262213,1069.1820416340356,-1069.1820416340356,1069.1820416340356,-1069.1820416340356,-243.62648781481948,243.62648781481948
3.225,17.887938401336246,1070.6984811066409,-1070.6984811066409,1070.6984811066409,-1070.6984811066409,-242.1100483422142,242.1100483422142
3.2375000000000003,17.92614815186185,1072.2094936059293,-1072.2094936059293,1072.2094936059293,-1072.2094936059293,-240.5990358429258,240.5990358429258
3.25,17.96430418914131,1073.7151115159982,-1073.7151115159982,1073.7151115159982,-1073.7151115159982,-239.09341793285694,239.09341793285694
3.2625,18.002406854709733,1075.2153669238867,-1075.2153669238867,1075.2153669238864,-1075.2153669238867,-237.59316252496842,237.59316252496842
3.2750000000000004,18.040456486741128,1076.710291623402,-1076.710291623402,1076.710291623402,-1076.710291623402,-236.098237825453,236.098237825453
3.2875,18.078453420093766,1078.199917118884,-1078.199917118884,1078.199917118884,-1078.199917118884,-234.60861232997104,234.60861232997104
3.3000000000000003,18.116397986354794,1079.6842746289053,-1079.6842746289053,1079.6842746289053,-1079.6842746289053,-233.12425481994978,233.12425481994978
3.3125,18.15429051388404,1081.16339508991,-1081.16339508991,1081.16339508991,-1081.16339508991,-231.64513435894514,231.64513435894514
3.325,18.19213132785711,1082.6373091597934,-1082.6373091597934,1082.6373091597934,-1082.6373091597934,-230.1712202890617,230.1712202890617
3.3375000000000004,18.22992075030772,1084.1060472214217,-1084.1060472214217,1084.1060472214217,-1084.1060472214217,-228.7024822274334,228.7024822274334
3.35,18.26765910016935,1085.569639386093,-1085.569639386093,1085.569639386093,-1085.569639386093,-227.23889006276204,227.23889006276204
3.3625000000000003,18.305346693316135,1087.028115496944,-1087.028115496944,1087.0281154969439,-1087.028115496944,-225.780413951911,225.780413951911
3.375,18.342983842603147,1088.4815051322998,-1088.4815051322998,1088.4815051322998,-1088.4815051322998,-224.32702431655525,224.32702431655525
3.3875,18.38057085790591,1089.929837608968,-1089.929837608968,1089.9298376089678,-1089.929837608968,-222.8786918398871,222.8786918398871
3.4000000000000004,18.418108046159354,1091.373141985483,-1091.373141985483,1091.373141985483,-1091.373141985483,-221.43538746337208,221.43538746337208
3.4125,18.455595711396043,1092.8114470652943,-1092.8114470652943,1092.811447065294,-1092.8114470652943,-219.99708238356084,219.99708238356084
3.4250000000000003,18.493034154783796,1094.2447813999063,-1094.2447813999063,1094.2447813999065,-1094.2447813999063,-218.5637480489488,218.5637480489488
3.4375,18.530423674662703,1095.6731732919664,-1095.6731732919664,1095.6731732919666,-1095.6731732919664,-217.13535615688875,217.13535615688875
3.45,18.567764566581513,1097.0966507983042,-1097.0966507983042,1097.0966507983044,-1097.0966507983042,-215.71187865055094,215.71187865055094
3.4625000000000004,18.60505712333343,1098.515241732923,-1098.515241732923,1098.5152417329232,-1098.515241732923,-214.29328771593214,214.29328771593214
3.475,18.64230163499132,1099.9289736699436,-1099.9289736699436,1099.9289736699434,-1099.9289736699436,-212.87955577891148,212.87955577891148
3.4875000000000003,18.679498388942353,1101.3378739465013,-1101.3378739465013,1101.337873946501,-1101.3378739465013,-211.4706555023538,211.4706555023538
3.5,18.71664766992209,1102.7419696655986,-1102.7419696655986,1102.7419696655984,-1102.7419696655986,-210.06655978325648,210.06655978325648
3.5125,18.753749760047988,1104.1412876989111,-1104.1412876989111,-1103.2115274038392,1103.2115274038392,-208.66724174994397,208.66724174994397
3.5250000000000004,18.790804938852403,1105.535854689553,-1105.535854689553,-1101.8169604131976,1101.8169604131976,-207.27267475930216,207.27267475930216
3.5375,18.82781348331505,1106.9256970547963,-1106.9256970547963,-1100.427118047954,1100.427118047954,-205.88283239405882,205.88283239405882
3.5500000000000003,18.864775667894914,1108.3108409887495,-1108.3108409887495,-1099.0419741140008,1099.0419741140008,-204.49768846010556,204.49768846010556
3.5625,18.90169176456171,1109.6913124649957,-1109.6913124649957,-1097.6615026377544,1097.6615026377544,-203.1172169838594,203.1172169838594
3.575,18.938562042826803,1111.0671372391894,-1111.0671372391894,-1096.285677863561,1096.285677863561,-201.74139220966572,201.74139220966572
3.5875000000000004,18.97538676977363,1112.4383408516119,-1112.4383408516119,-1094.9144742511385,1094.9144742511385,-200.3701885972432,200.3701885972432
3.6,19.012166210087685,1113.8049486296914,-1113.8049486296914,-1093.547866473059,1093.547866473059,-199.00358081916374,199.00358081916374
3.6125000000000003,19.048900626086013,1115.1669856904814,-1115.1669856904814,-1092.185829412269,1092.185829412269,-197.6415437583737,197.6415437583737
3.625,19.085590277746192,1116.5244769431044,-1116.5244769431044,-1090.8283381596461,1090.8283381596461,-196.28405250575065,196.28405250575065
3.6375,19.122235422734967,1117.8774470911553,-1117.8774470911553,-1089.475368011595,1089.475368011595,-194.93108235769978,194.93108235769978
3.6500000000000004,19.15883631643634,1119.2259206350723,-1119.2259206350723,-1088.126894467678,1088.126894467678,-193.58260881378283,193.58260881378283
3.6625,19.195393211979273,1120.569921874469,-1120.569921874469,-1086.7828932282814,1086.7828932282814,-192.23860757438615,192.23860757438615
3.6750000000000003,19.231906360264965,1121.9094749104365,-1121.9094749104365,-1085.4433401923138,1085.4433401923138,-190.89905453841857,190.89905453841857
3.6875,19.26837600999368,1123.244603647804,-1123.244603647804,-1084.1082114549463,1084.1082114549463,-189.56392580105103,189.56392580105103
3.7,19.304802407691202,1124.5753317973724,-1124.5753317973724,-1082.7774833053777,1082.7774833053777,-188.23319765148267,188.23319765148267
3.7125000000000004,19.341185797734845,1125.9016828781128,-1125.9016828781128,-1081.4511322246376,1081.4511322246376,-186.90684657074235,186.90684657074235
3.725,19.377526422379095,1127.2236802193304,-1127.2236802193304,-1080.1291348834197,1080.1291348834197,-185.5848492295247,185.5848492295247
3.7375000000000003,19.413824521780864,1128.5413469628006,-1128.5413469628006,-1078.8114681399497,1078.8114681399497,-184.26718248605448,184.26718248605448
3.75,19.450080334024328,1129.8547060648702,-1129.8547060648702,-1077.49810903788,1077.49810903788,-182.95382338398485,182.95382338398485
3.7625,19.48629409514544,1131.163780298531,-1131.163780298531,-1076.1890348042193,1076.1890348042193,-181.64474915032406,181.64474915032406
3.7750000000000004,19.52246603915602,1132.4685922554604,-1132.4685922554604,-1074.88422284729,1074.88422284729,-180.3399371933947,180.3399371933947
3.7875,19.558596398067525,1133.7691643480352,-1133.7691643480352,-1073.583650754715,1073.583650754715,-179.03936510081985,179.03936510081985
3.8000000000000003,19.59468540191447,1135.0655188113155,-1135.0655188113155,-1072.2872962914348,1072.2872962914348,-177.74301063753956,177.74301063753956
3.8125,19.630733278777438,1136.357677704998,-1136.357677704998,-1070.9951373977524,1070.9951373977524,-176.45085174385713,176.45085174385713
3.825,19.666740254805827,1137.645662915344,-1137.645662915344,-1069.7071521874063,1069.7071521874063,-175.16286653351108,175.16286653351108
3.8375000000000004,19.702706554240205,1138.92949615708,-1138.92949615708,-1068.4233189456704,1068.4233189456704,-173.87903329177516,173.87903329177516
3.85,19.738632399434366,1140.2091989752685,-1140.2091989752685,-1067.143616127482,1067.143616127482,-172.59933047358663,172.59933047358663
3.8625000000000003,19.774518010877028,1141.4847927471542,-1141.4847927471542,-1065.8680223555962,1065.8680223555962,-171.3237367017009,171.3237367017009
3.875,19.810363607213272,1142.7562986839853,-1142.7562986839853,-1064.596516418765,1064.596516418765,-170.05223076486982,170.05223076486982
3.8875,19.84616940526559,1144.0237378328052,-1144.0237378328052,-1063.3290772699452,1063.3290772699452,-168.78479161604992,168.78479161604992
3.9000000000000004,19.881935620054705,1145.2871310782248,-1145.2871310782248,-1062.0656840245256,1062.0656840245256,-167.52139837063032,167.52139837063032
3.9125,19.917662464820012,1146.5464991441634,-1146.5464991441634,-1060.8063159585868,1060.8063159585868,-166.26203030469173,166.26203030469173
3.9250000000000003,19.9533501510398,1147.8018625955708,-1147.8018625955708,-1059.5509525071798,1059.5509525071798,-165.0066668532843,165.0066668532843
3.9375,19.988998888451118,1149.0532418401235,-1149.0532418401235,-1058.2995732626268,1058.2995732626268,-163.75528760873158,163.75528760873158
3.95,20.02460888506939,1150.3006571298954,-1150.3006571298954,-1057.0521579728552,1057.0521579728552,-162.5078723189597,162.5078723189597
3.9625000000000004,20.060180347207748,1151.5441285630086,-1151.5441285630086,-1055.8086865397418,1055.8086865397418,-161.2644008858465,161.2644008858465
3.975,20.09571347949607,1152.7836760852601,-1152.7836760852601,-1054.5691390174902,1054.5691390174902,-160.02485336359496,160.02485336359496
3.9875000000000003,20.13120848489976,1154.019319491726,-1154.019319491726,-1053.3334956110243,1053.3334956110243,-158.78920995712906,158.78920995712906
4.0,20.16666556473826,1155.2510784283436,-1155.2510784283436,-1052.1017366744068,1052.1017366744068,-157.5574510205115,157.5574510205115
4.0125,20.202084918703317,1156.4789723934728,-1156.4789723934728,-1050.8738427092776,1050.8738427092776,-156.32955705538234,156.32955705538234
4.025,20.23746674487694,1157.7030207394355,-1157.7030207394355,-1049.6497943633149,1049.6497943633149,-155.1055087094196,155.1055087094196
4.0375000000000005,20.272811239749164,1158.923242674034,-1158.923242674034,-1048.4295724287163,1048.4295724287163,-153.885286774821,153.885286774821
4.05,20.308118598235534,1160.1396572620506,-1160.1396572620506,-1047.2131578406998,1047.2131578406998,-152.6688721868045,152.6688721868045
4.0625,20.343389013694352,1161.3522834267244,-1161.3522834267244,-1046.0005316760257,1046.0005316760257,-151.4562460221307,151.4562460221307
4.075,20.37862267794367,1162.56113995121,-1162.56113995121,-1044.7916751515404,1044.7916751515404,-150.24738949764514,150.24738949764514
4.0875,20.413819781278075,1163.766245480017,-1163.766245480017,-1043.5865696227334,1043.5865696227334,-149.0422839688381,149.0422839688381
4.1000000000000005,20.448980512485214,1164.9676185204282,-1164.9676185204282,-1042.385196582322,1042.385196582322,-147.84091092842687,147.84091092842687
4.1125,20.484105058862102,1166.1652774439021,-1166.1652774439021,-1041.1875376588482,1041.1875376588482,-146.64325200495296,146.64325200495296
4.125,20.519193606231216,1167.3592404874528,-1167.3592404874528,-1039.9935746152973,1039.9935746152973,-145.44928896140232,145.44928896140232
4.1375,20.55424633895634,1168.5495257550162,-1168.5495257550162,-1038.8032893477343,1038.8032893477343,-144.25900369383885,144.25900369383885
4.15,20.589263439958216,1169.736151218795,-1169.736151218795,-1037.6166638839554,1037.6166638839554,-143.07237823006017,143.07237823006017
4.1625000000000005,20.624245090729985,1170.9191347205865,-1170.9191347205865,-1036.4336803821639,1036.4336803821639,-141.8893947282686,141.8893947282686
4.175,20.659191471352404,1172.098493973095,-1172.098493973095,-1035.2543211296556,1035.2543211296556,-140.71003547576015,140.71003547576015
4.1875,20.694102760508848,1173.2742465612228,-1173.2742465612228,-1034.0785685415276,1034.0785685415276,-139.53428288763234,139.53428288763234
4.2,20.728979135500136,1174.4464099433505,-1174.4464099433505,-1032.9064051594,1032.9064051594,-138.36211950550455,138.36211950550455
4.2125,20.763820772259137,1175.6150014525954,-1175.6150014525954,-1031.7378136501552,1031.7378136501552,-137.19352799625972,137.19352799625972
4.2250000000000005,20.798627845365182,1176.7800382980563,-1176.7800382980563,-1030.572776804694,1030.572776804694,-136.0284911507988,136.0284911507988
4.2375,20.833400528058306,1177.941537566041,-1177.941537566041,-1029.4112775367093,1029.4112775367093,-134.8669918828141,134.8669918828141
4.25,20.86813899225324,1179.0995162212791,-1179.0995162212791,-1028.2532988814714,1028.2532988814714,-133.70901322757595,133.70901322757595
4.2625,20.9028434085533,1180.2539911081194,-1180.2539911081194,-1027.098823994631,1027.098823994631,-132.5545383407357,132.5545383407357
4.275,20.937513946264012,1181.4049789517098,-1181.4049789517098,-1025.9478361510405,1025.9478361510405,-131.40355049714526,131.40355049714526
4.2875000000000005,20.97215077340662,1182.552496359165,-1182.552496359165,-1024.8003187435856,1024.8003187435856,-130.25603308969016,130.25603308969016
4.3,21.006754056731374,1183.696559820718,-1183.696559820718,-1023.6562552820324,1023.6562552820324,-129.1119696281371,129.1119696281371
4.3125,21.04132396173064,1184.8371857108566,-1184.8371857108566,-1022.515629391894,1022.515629391894,-127.9713437379985,127.9713437379985
4.325,21.075860652651887,1185.9743902894465,-1185.9743902894465,-1021.3784248133038,1021.3784248133038,-126.83413915940855,126.83413915940855
4.3375,21.110364292510443,1187.1081897028403,-1187.1081897028403,-1020.2446253999101,1020.2446253999101,-125.70033974601483,125.70033974601483
4.3500000000000005,21.14483504310213,1188.2385999849714,-1188.2385999849714,-1019.1142151177787,1019.1142151177787,-124.56992946388368,124.56992946388368
4.3625,21.17927306501571,1189.3656370584354,-1189.3656370584354,-1017.987178044315,1017.987178044315,-123.44289239041973,123.44289239041973
4.375,21.213678517645167,1190.489316735558,-1190.489316735558,-1016.8634983671923,1016.8634983671923,-122.31921271329702,122.31921271329702
4.3875,21.248051559201844,1191.6096547194475,-1191.6096547194475,-1015.7431603833029,1015.7431603833029,-121.19887472940763,121.19887472940763
4.4,21.282392346726436,1192.726666605039,-1192.726666605039,-1014.6261484977113,1014.6261484977113,-120.081862843816,120.081862843816
4.4125000000000005,21.316701036100778,1193.84036788012,-1193.84036788012,-1013.5124472226303,1013.5124472226303,-118.96816156873501,118.96816156873501
4.425,21.350977782059537,1194.950773926347,-1194.950773926347,-1012.4020411764036,1012.4020411764036,-117.85775552250811,117.85775552250811
4.4375,21.385222738201723,1196.0579000202492,-1196.0579000202492,-1011.2949150825011,1011.2949150825011,-116.75062942860586,116.75062942860586
4.45,21.419436057002063,1197.1617613342182,-1197.1617613342182,-1010.1910537685321,1010.1910537685321,-115.64676811463687,115.64676811463687
4.4625,21.45361788982222,1198.2623729374875,-1198.2623729374875,-1009.0904421652626,1009.0904421652626,-114.5461565113676,114.5461565113676
4.4750000000000005,21.487768386921896,1199.3597497970998,-1199.3597497970998,-1007.9930653056504,1007.9930653056504,-113.44877965175533,113.44877965175533
4.4875,21.521887697469754,1200.4539067788603,-1200.4539067788603,-1006.8989083238898,1006.8989083238898,-112.3546226699948,112.3546226699948
4.5,21.555975969554243,1201.5448586482826,-1201.5448586482826,-1005.8079564544678,1005.8079564544678,-111.26367080057253,111.26367080057253
4.5125,21.59003335019425,1202.6326200715187,-1202.6326200715187,-1004.7201950312315,1004.7201950312315,-110.17590937733644,110.17590937733644
4.525,21.624059985349653,1203.7172056162813,-1203.7172056162813,-1003.6356094864691,1003.6356094864691,-109.09132383257383,109.09132383257383
4.5375000000000005,21.658056019931703,1204.7986297527518,-1204.7986297527518,-1002.5541853499985,1002.5541853499985,-108.00989969610328,108.00989969610328
4.55,21.69202159781333,1205.876906854483,-1205.876906854483,-1001.4759082482674,1001.4759082482674,-106.93162259437213,106.93162259437213
4.5625,21.72595686183925,1206.952051199282,-1206.952051199282,-1000.4007639034685,1000.4007639034685,-105.856478249573,105.856478249573
4.575,21.759861953836012,1208.0240769700927,-1208.0240769700927,-999.3287381326577,999.3287381326577,-104.78445247876243,104.78445247876243
4.5875,21.793737014621886,1209.0929982558594,-1209.0929982558594,-998.2598168468908,998.2598168468908,-103.71553119299574,103.71553119299574
4.6000000000000005,21.827582184016624,1210.1588290523862,-1210.1588290523862,-997.193986050364,997.193986050364,-102.64970039646892,102.64970039646892
4.6125,21.86139760085114,1211.2215832631823,-1211.2215832631823,-996.131231839568,996.131231839568,-101.58694618567279,101.58694618567279
4.625,21.89518340297701,1212.2812747002995,-1212.2812747002995,-995.0715404024509,995.0715404024509,-100.5272547485556,100.5272547485556
4.6375,21.928939727275917,1213.337917085159,-1213.337917085159,-994.0148980175913,994.0148980175913,-99.47061236369609,99.47061236369609
4.65,21.962666709668934,1214.3915240493686,-1214.3915240493686,-992.961291053382,992.961291053382,-98.41700539948647,98.41700539948647
4.6625000000000005,21.99636448512572,1215.442109135531,-1215.442109135531,-991.9107059672192,991.9107059672192,-97.36642031332417,97.36642031332417
4.675,22.030033187673595,1216.4896857980407,-1216.4896857980407,-990.8631293047097,990.8631293047097,-96.31884365081442,96.31884365081442
4.6875,22.063672950406513,1217.534267403876,-1217.534267403876,-989.8185476988742,989.8185476988742,-95.2742620449792,95.2742620449792
4.7,22.097283905493907,1218.575867233375,-1218.575867233375,-988.7769478693754,988.7769478693754,-94.2326622154801,94.2326622154801
4.7125,22.130866184189447,1219.61449848101,-1219.61449848101,-987.7383166217401,987.7383166217401,-93.19403096784504,93.19403096784504
4.7250000000000005,22.16441991683969,1220.6501742561481,-1220.6501742561481,-986.7026408466022,986.7026408466022,-92.15835519270695,92.15835519270695
4.7375,22.197945232892618,1221.6829075838036,-1221.6829075838036,-985.6699075189467,985.6699075189467,-91.12562186505147,91.12562186505147
4.75,22.23144226090606,1222.7127114053849,-1222.7127114053849,-984.6401036973652,984.6401036973652,-90.09581804347022,90.09581804347022
4.7625,22.264911128556072,1223.7395985794287,-1223.7395985794287,-983.6132165233216,983.6132165233216,-89.06893086942637,89.06893086942637
4.775,22.298351962645132,1224.7635818823278,-1224.7635818823278,-982.5892332204226,982.5892332204226,-88.0449475665273,88.0449475665273
4.7875000000000005,22.33176488911031,1225.7846740090529,-1225.7846740090529,-981.5681410936972,981.5681410936972,-87.02385543980222,87.02385543980222
4.800000000000001,22.3651500330313,1226.802887573861,-1226.802887573861,-980.5499275288894,980.5499275288894,-86.00564187499413,86.00564187499413
4.8125,22.39850751863838,1227.8182351110004,-1227.8182351110004,-979.53457999175,979.53457999175,-84.99029433785472,84.99029433785472
4.825,22.431837469320254,1228.8307290754058,-1228.8307290754058,-978.5220860273444,978.5220860273444,-83.97780037344933,83.97780037344933
4.8375,22.465140007631824,1229.840381843385,-1229.840381843385,-977.5124332593655,977.5124332593655,-82.96814760547,82.96814760547
4.8500000000000005,22.49841525530187,1230.8472057133008,-1230.8472057133008,-976.5056093894495,976.5056093894495,-81.96132373555429,81.96132373555429
4.862500000000001,22.531663333240623,1231.8512129062406,-1231.8512129062406,-975.5016021965098,975.5016021965098,-80.95731654261454,80.95731654261454
4.875,22.564884361547257,1232.8524155666828,-1232.8524155666828,-974.5003995360676,974.5003995360676,-79.9561138821723,79.9561138821723
4.8875,22.598078459517307,1233.8508257631538,-1233.8508257631538,-973.5019893395965,973.5019893395965,-78.95770368570129,78.95770368570129
4.9,22.631245745649974,1234.8464554888783,-1234.8464554888783,-972.5063596138721,972.5063596138721,-77.9620739599768,77.9620739599768
4.9125000000000005,22.664386337655383,1235.8393166624212,-1235.8393166624212,-971.5134984403289,971.5134984403289,-76.9692127864339,76.9692127864339
4.925000000000001,22.69750035246172,1236.8294211283244,-1236.8294211283244,-970.5233939744262,970.5233939744262,-75.97910832053071,75.97910832053071
4.9375,22.73058790622231,1237.8167806577353,-1237.8167806577353,-969.536034445015,969.536034445015,-74.99174879111979,74.99174879111979
4.95,22.763649114322597,1238.8014069490278,-1238.8014069490278,-968.5514081537226,968.5514081537226,-74.00712249982735,74.00712249982735
4.9625,22.79668409138706,1239.7833116284187,-1239.7833116284187,-967.5695034743317,967.5695034743317,-73.02521782043641,73.02521782043641
4.9750000000000005,22.829692951286052,1240.762506250575,-1240.762506250575,-966.5903088521754,966.5903088521754,-72.04602319828018,72.04602319828018
4.987500000000001,22.86267580714252,1241.7390022992154,-1241.7390022992154,-965.613812803535,965.613812803535,-71.06952714963973,71.06952714963973
5.0,22.89563277133873,1242.7128111877068,-1242.7128111877068,-964.6400039150435,964.6400039150435,-70.09571826114825,70.09571826114825
5.0125,22.928563955522815,1243.683944259652,-1243.683944259652,-963.6688708430984,963.6688708430984,-69.12458518920312,69.12458518920312
5.025,22.961469470615334,1244.6524127894713,-1244.6524127894713,-962.700402313279,962.700402313279,-68.15611665938377,68.15611665938377
5.0375000000000005,22.994349426815713,1245.6182279829804,-1245.6182279829804,-961.7345871197699,961.7345871197699,-67.19030146587465,67.19030146587465
5.050000000000001,23.02720393360861,1246.581400977959,-1246.581400977959,-960.7714141247911,960.7714141247911,-66.2271284708961,66.2271284708961
5.0625,23.06003309977026,1247.5419428447137,-1247.5419428447137,-959.8108722580369,959.8108722580369,-65.26658660414137,65.26658660414137
5.075,23.092837033374657,1248.4998645866385,-1248.4998645866385,-958.8529505161118,958.8529505161118,-64.30866486221657,64.30866486221657
5.0875,23.12561584179976,1249.4551771407637,-1249.4551771407637,-957.8976379619867,957.8976379619867,-63.35335230809142,63.35335230809142
5.1000000000000005,23.158369631733578,1250.4078913783023,-1250.4078913783023,-956.944923724448,956.944923724448,-62.40063807055276,62.40063807055276
5.112500000000001,23.1910985091802,1251.3580181051918,-1251.3580181051918,-955.9947969975588,955.9947969975588,-61.450511343663266,61.450511343663266
5.125,23.223802579465747,1252.3055680626264,-1252.3055680626264,-955.0472470401241,955.0472470401241,-60.50296138622866,60.50296138622866
5.1375,23.256481947244296,1253.2505519275878,-1253.2505519275878,-954.1022631751625,954.1022631751625,-59.557977521267276,59.557977521267276
5.15,23.289136716503684,1254.1929803133658,-1254.1929803133658,-953.1598347893846,953.1598347893846,-58.615549135489346,58.615549135489346
5.1625000000000005,23.321766990571277,1255.132863770078,-1255.132863770078,-952.2199513326723,952.2199513326723,-57.67566567877702,57.67566567877702
5.175000000000001,23.35437287211969,1256.0702127851812,-1256.0702127851812,-951.282602317569,951.282602317569,-56.73831666367391,56.73831666367391
5.1875,23.386954463172412,1257.0050377839775,-1257.0050377839775,-950.3477773187728,950.3477773187728,-55.80349166487758,55.80349166487758
5.2,23.419511865109403,1257.9373491301174,-1257.9373491301174,-949.4154659726332,949.4154659726332,-54.87118031873774,54.87118031873774
5.2125,23.452045178672584,1258.8671571260945,-1258.8671571260945,-948.4856579766561,948.4856579766561,-53.94137232276057,53.94137232276057
5.2250000000000005,23.484554503971328,1259.7944720137389,-1259.7944720137389,-947.5583430890115,947.5583430890115,-53.01405743511623,53.01405743511623
5.237500000000001,23.517039940487834,1260.7193039746994,-1260.7193039746994,-946.6335111280509,946.6335111280509,-52.08922547415568,52.08922547415568
5.25,23.549501587082474,1261.641663130929,-1261.641663130929,-945.7111519718214,945.7111519718214,-51.16686631792618,51.16686631792618
5.2625,23.581939541999084,1262.5615595451575,-1262.5615595451575,-944.7912555575926,944.7912555575926,-50.24696990369762,50.24696990369762
5.275,23.614353902870178,1263.4790032213648,-1263.4790032213648,-943.8738118813858,943.8738118813856,-49.329526227490305,49.329526227490305
5.2875000000000005,23.64674476672212,1264.394004105246,-1264.394004105246,-942.9588109975043,942.9588109975043,-48.41452534360906,48.41452534360906
5.300000000000001,23.679112229980245,1265.3065720846737,-1265.3065720846737,-942.0462430180764,942.0462430180767,-47.50195736418141,47.50195736418141
5.3125,23.711456388473906,1266.2167169901538,-1266.2167169901538,-941.1360981125968,941.1360981125965,-46.59181245870127,46.59181245870127
5.325,23.743777337441486,1267.124448595279,-1267.124448595279,-940.2283665074715,940.2283665074713,-45.684080853576006,45.684080853576006
5.3375,23.776075171535354,1268.0297766171766,-1268.0297766171766,-939.3230384855738,939.3230384855738,-44.7787528316785,44.7787528316785
5.3500000000000005,23.80834998482675,1268.9327107169488,-1268.9327107169488,-938.4201043858016,938.4201043858016,-43.87581873190629,43.87581873190629
5.362500000000001,23.840601870810644,1269.8332605001146,-1269.8332605001146,-937.5195546026357,937.5195546026357,-42.97526894874045,42.97526894874045
5.375,23.87283092241052,1270.7314355170424,-1270.7314355170424,-936.6213795857079,936.6213795857079,-42.07709393181267,42.07709393181267
5.3875,23.905037231983137,1271.627245263379,-1271.627245263379,-935.7255698393715,935.7255698393712,-41.18128418547599,41.18128418547599
5.4,23.937220891323204,1272.5206991804775,-1272.5206991804775,-934.8321159222728,934.8321159222728,-40.28783026837755,40.28783026837755
5.4125000000000005,23.969381991668037,1273.4118066558158,-1273.4118066558158,-933.9410084469346,933.9410084469346,-39.39672279303932,39.39672279303932
5.425000000000001,24.001520623702156,1274.3005770234145,-1274.3005770234145,-933.0522380793359,933.0522380793359,-38.507952425440635,38.507952425440635
5.4375,24.033636877561833,1275.187019564251,-1275.187019564251,-932.1657955384994,932.1657955384994,-37.621509884604166,37.621509884604166
5.45,24.065730842839574,1276.071143506666,-1276.071143506666,-931.2816715960844,931.2816715960844,-36.73738594218912,36.73738594218912
5.4625,24.09780260858861,1276.95295802677,-1276.95295802677,-930.3998570759804,930.3998570759804,-35.85557142208518,35.85557142208518
5.4750000000000005,24.129852263327265,1277.8324722488428,-1277.8324722488428,-929.5203428539076,929.5203428539076,-34.97605720001229,34.97605720001229
5.487500000000001,24.16187989504335,1278.709695245731,-1278.709695245731,-928.6431198570194,928.6431198570194,-34.09883420312417,34.09883420312417
5.5,24.193885591198452,1279.5846360392397,-1279.5846360392397,-927.7681790635106,927.7681790635106,-33.22389340961536,33.22389340961536
5.5125,24.225869438732225,1280.4573036005227,-1280.4573036005227,-926.8955115022277,926.8955115022277,-32.35122584833243,32.35122584833243
5.525,24.257831524066617,1281.3277068504665,-1281.3277068504665,-926.0251082522841,926.0251082522839,-31.480822598388613,31.480822598388613
5.5375000000000005,24.289771933110035,1282.1958546600722,-1282.1958546600722,-925.1569604426782,925.1569604426782,-30.612674788782897,30.612674788782897
5.550000000000001,24.321690751261517,1283.0617558508327,-1283.0617558508327,-924.2910592519179,924.2910592519177,-29.7467735980224,29.7467735980224
5.5625,24.353588063414804,1283.9254191951072,-1283.9254191951072,-923.4273959076431,923.4273959076431,-28.883110253747873,28.883110253747873
5.575,24.38546395396241,1284.7868534164913,-1284.7868534164913,-922.565961686259,922.565961686259,-28.021676032363757,28.021676032363757
5.5875,24.417318506799635,1285.6460671901827,-1285.6460671901827,-921.7067479125676,921.7067479125676,-27.16246225867235,27.16246225867235
5.6000000000000005,24.449151805328544,1286.5030691433458,-1286.5030691433458,-920.8497459594046,920.8497459594046,-26.305460305509314,26.305460305509314
5.612500000000001,24.48096393246189,1287.3578678554707,-1287.3578678554707,-919.9949472472795,919.9949472472797,-25.45066159338444,25.45066159338444
5.625,24.512754970627025,1288.2104718587284,-1288.2104718587284,-919.142343244022,919.142343244022,-24.5980575901267,24.5980575901267
5.6375,24.544525001769742,1289.0608896383255,-1289.0608896383255,-918.2919254644248,918.2919254644248,-23.747639810529563,23.747639810529563
5.65,24.576274107358095,1289.909129632852,-1289.909129632852,-917.4436854698984,917.4436854698984,-22.899399816003097,22.899399816003097
5.6625000000000005,24.608002368386185,1290.755200234628,-1290.755200234628,-916.5976148681225,916.5976148681223,-22.053329214227006,22.053329214227006
5.675000000000001,24.63970986537788,1291.5991097900462,-1291.5991097900462,-915.7537053127039,915.7537053127041,-21.209419658808883,21.209419658808883
5.6875,24.671396678390547,1292.4408665999104,-1292.4408665999104,-914.91194850284,914.91194850284,-20.367662848944747,20.367662848944747
5.7,24.703062887018685,1293.280478919774,-1293.280478919774,-914.0723361829764,914.0723361829764,-19.528050529081156,19.528050529081156
5.7125,24.73470857039759,1294.1179549602716,-1294.1179549602716,-913.2348601424787,913.2348601424787,-18.69057448858348,18.69057448858348
5.7250000000000005,24.766333807206912,1294.9533028874473,-1294.9533028874473,-912.3995122153033,912.399512215303,-17.85522656140779,17.85522656140779
5.737500000000001,24.797938675674235,1295.7865308230853,-1295.7865308230853,-911.5662842796651,911.5662842796651,-17.02199862576981,17.02199862576981
5.75,24.82952325357859,1296.6176468450292,-1296.6176468450292,-910.7351682577214,910.7351682577212,-16.190882603825912,16.190882603825912
5.7625,24.861087618253954,1297.446658987507,-1297.446658987507,-909.9061561152434,909.9061561152434,-15.36187046134819,15.36187046134819
5.775,24.89263184659268,1298.2735752414442,-1298.2735752414442,-909.0792398613062,909.0792398613062,-14.53495420741092,14.53495420741092
5.7875000000000005,24.924156015048936,1299.0984035547824,-1299.0984035547824,-908.2544115479682,908.254411547968,-13.71012589407269,13.71012589407269
5.800000000000001,24.955660199642082,1299.9211518327888,-1299.9211518327888,-907.4316632699615,907.4316632699615,-12.88737761606626,12.88737761606626
5.8125,24.987144475960033,1300.741827938366,-1300.741827938366,-906.6109871643844,906.6109871643844,-12.06670151048911,12.06670151048911
5.825,25.01860891916255,1301.5604396923559,-1301.5604396923559,-905.7923754103945,905.7923754103945,-11.248089756499212,11.248089756499212
5.8375,25.050053603984566,1302.3769948738468,-1302.3769948738468,-904.9758202289036,904.9758202289036,-10.4315345750083,10.4315345750083
5.8500000000000005,25.081478604739395,1303.1915012204695,-1303.1915012204695,-904.1613138822809,904.1613138822809,-9.617028228385607,9.617028228385607
5.862500000000001,25.112883995322,1304.003966428697,-1304.003966428697,-903.3488486740534,903.3488486740534,-8.804563020158184,8.804563020158184
5.875,25.14426984921217,1304.814398154139,-1304.814398154139,-902.538416948611,902.5384169486113,-7.994131294715999,7.994131294715999
5.8875,25.175636239477644,1305.622804011834,-1305.622804011834,-901.7300110909164,901.7300110909164,-7.185725437021119,7.185725437021119
5.9,25.206983238777305,1306.4291915765377,-1306.4291915765377,-900.9236235262129,900.9236235262126,-6.379337872317365,6.379337872317365
5.9125000000000005,25.238310919364235,1307.2335683830113,-1307.2335683830113,-900.1192467197393,900.1192467197391,-5.574961065843809,5.574961065843809
5.925000000000001,25.2696193530888,1308.0359419263048,-1308.0359419263048,-899.3168731764458,899.3168731764456,-4.772587522550339,4.772587522550339
5.9375,25.300908611401688,1308.8363196620376,-1308.8363196620376,-898.5164954407128,898.5164954407128,-3.9722097868175297,3.9722097868175297
5.95,25.332178765356918,1309.6347090066797,-1309.6347090066797,-897.7181060960706,897.7181060960706,-3.1738204421753835,3.1738204421753835
5.9625,25.36342988561484,1310.431117337825,-1310.431117337825,-896.9216977649253,896.9216977649253,-2.3774121110300257,2.3774121110300257
5.9750000000000005,25.394662042445063,1311.2255519944695,-1311.2255519944695,-896.1272631082807,896.1272631082809,-1.5829774543856274,1.5829774543856274
5.987500000000001,25.4258753057294,1312.0180202772776,-1312.0180202772776,-895.3347948254727,895.3347948254727,-0.7905091715774688,0.7905091715774688
6.0,25.457069744964755,1312.808529448855,-1312.808529448855,-894.5442856538953,894.5442856538953,0.0,0.0
6.0125,25.48824542926602,1313.5970867340147,-1313.5970867340147,-893.7557283687356,893.7557283687356,0.7885572851596407,-0.7885572851596407
6.025,25.519402427368867,1314.3836993200384,-1314.3836993200384,-892.9691157827119,892.9691157827119,1.5751698711833342,-1.5751698711833342
6.0375000000000005,25.550540807632625,1315.1683743569424,-1315.1683743569424,-892.1844407458079,892.1844407458079,2.359844908087325,-2.359844908087325
6.050000000000001,25.581660638043026,1315.9511189577336,-1315.9511189577336,-891.4016961450166,891.4016961450168,3.1425895088784728,-3.1425895088784728
6.0625,25.612761986215,1316.7319401986686,-1316.7319401986686,-890.620874904082,890.6208749040818,3.9234107498134563,-3.9234107498134563
6.075,25.643844919395374,1317.5108451195078,-1317.5108451195078,-889.8419699832425,889.8419699832425,4.702315670652752,-4.702315670652752
6.0875,25.67490950446564,1318.287840723768,-1318.287840723768,-889.0649743789822,889.0649743789822,5.479311274913016,-5.479311274913016
6.1000000000000005,25.705955807944584,1319.0629339789734,-1319.0629339789734,-888.2898811237769,888.2898811237769,6.254404530118336,-6.254404530118336
6.112500000000001,25.736983895991,1319.8361318169032,-1319.8361318169032,-887.5166832858472,887.5166832858472,7.027602368048065,-7.027602368048065
6.125,25.76799383440628,1320.6074411338363,-1320.6074411338363,-886.745373968914,886.745373968914,7.798911684981249,-7.798911684981249
6.1375,25.79898568863706,1321.3768687907973,-1321.3768687907973,-885.9759463119531,885.9759463119531,8.568339341942192,-8.568339341942192
6.15,25.82995952377781,1322.1444216137972,-1322.1444216137972,-885.2083934889529,885.2083934889531,9.335892164942152,-9.335892164942152
6.1625000000000005,25.860915404573365,1322.9101063940725,-1322.9101063940725,-884.4427087086779,884.4427087086779,10.101576945217403,-10.101576945217403
6.175000000000001,25.891853395421503,1323.6739298883226,-1323.6739298883226,-883.6788852144277,883.6788852144277,10.865400439467521,-10.865400439467521
6.1875,25.92277356037544,1324.4358988189458,-1324.4358988189458,-882.9169162838048,882.9169162838045,11.627369370090719,-11.627369370090719
6.2,25.95367596314634,1325.196019874272,-1325.196019874272,-882.1567952284781,882.1567952284784,12.3874904254169,-12.3874904254169
6.2125,25.984560667105765,1325.9542997087935,-1325.9542997087935,-881.398515393957,881.3985153939568,13.145770259938445,-13.145770259938445
6.2250000000000005,26.01542773528815,1326.7107449433959,-1326.7107449433959,-880.6420701593547,880.6420701593545,13.90221549454077,-13.90221549454077
6.237500000000001,26.046277230393216,1327.4653621655832,-1327.4653621655832,-879.8874529371674,879.8874529371672,14.656832716728104,-14.656832716728104
6.25,26.07710921478836,1328.2181579297046,-1328.2181579297046,-879.134657173046,879.1346571730458,15.409628480849506,-15.409628480849506
6.2625,26.10792375051107,1328.969138757177,-1328.969138757177,-878.3836763455733,878.3836763455733,16.16060930832191,-16.16060930832191
6.275,26.13872089927126,1329.7183111367067,-1329.7183111367067,-877.6345039660437,877.6345039660437,16.90978168785159,-16.90978168785159
6.2875000000000005,26.16950072245361,1330.465681524509,-1330.465681524509,-876.8871335782414,876.8871335782414,17.657152075653812,-17.657152075653812
6.300000000000001,26.200263281119906,1331.211256344525,-1331.211256344525,-876.1415587582255,876.1415587582253,18.402726895669957,-18.402726895669957
6.3125,26.231008636011314,1331.9550419886389,-1331.9550419886389,-875.3977731141117,875.3977731141115,19.14651253978377,-19.14651253978377
6.325,26.261736847550658,1332.6970448168902,-1332.6970448168902,-874.6557702858604,874.6557702858602,19.888515368035087,-19.888515368035087
6.3375,26.2924479758447,1333.4372711576866,-1333.4372711576866,-873.9155439450637,873.9155439450637,20.628741708831512,-20.628741708831512
6.3500000000000005,26.32314208068634,1334.1757273080148,-1334.1757273080148,-873.1770877947356,873.1770877947356,21.36719785915966,-21.36719785915966
6.362500000000001,26.353819221556865,1334.9124195336476,-1334.9124195336476,-872.4403955691027,872.4403955691027,22.10389008479251,-22.10389008479251
6.375,26.384479457628117,1335.647354069351,-1335.647354069351,-871.7054610333994,871.7054610333994,22.83882462049587,-22.83882462049587
6.3875,26.41512284776469,1336.38053711909,-1336.38053711909,-870.9722779836607,870.9722779836604,23.572007670234825,-23.572007670234825
6.4,26.445749450526073,1337.1119748562317,-1337.1119748562317,-870.2408402465185,870.2408402465187,24.303445407376557,-24.303445407376557
6.4125000000000005,26.476359324168797,1337.8416734237446,-1337.8416734237446,-869.5111416790055,869.5111416790057,25.033143974889526,-25.033143974889526
6.425000000000001,26.50695252664855,1338.5696389344016,-1338.5696389344016,-868.7831761683487,868.7831761683487,25.761109485546513,-25.761109485546513
6.4375,26.537529115622277,1339.2958774709773,-1339.2958774709773,-868.056937631773,868.056937631773,26.487348022122205,-26.487348022122205
6.45,26.568089148450248,1340.020395086441,-1340.020395086441,-867.3324200163092,867.3324200163092,27.211865637586016,-27.211865637586016
6.4625,26.59863268219816,1340.7431978041575,-1340.7431978041575,-866.6096172985931,866.6096172985929,27.934668355302392,-27.934668355302392
6.4750000000000005,26.629159773639124,1341.4642916180746,-1341.4642916180746,-865.8885234846757,865.8885234846757,28.655762169219543,-28.655762169219543
6.487500000000001,26.65967047925574,1342.1836824929185,-1342.1836824929185,-865.1691326098321,865.1691326098319,29.37515304406338,-29.37515304406338
6.5,26.690164855242088,1342.901376364382,-1342.901376364382,-864.4514387383683,864.4514387383683,30.092846915526934,-30.092846915526934
6.5125,26.72064295750572,1343.6173791393128,-1343.6173791393128,-863.7354359634378,863.7354359634376,30.80884969045769,-30.80884969045769
6.525,26.751104841669626,1344.3316966959023,-1344.3316966959023,-863.021118406848,863.021118406848,31.52316724704724,-31.52316724704724
6.5375000000000005,26.7815505630742,1345.0443348838674,-1345.0443348838674,-862.3084802188828,862.308480218883,32.23580543501225,-32.23580543501225
6.550000000000001,26.811980176779187,1345.7552995246378,-1345.7552995246378,-861.5975155781125,861.5975155781125,32.94677007578275,-32.94677007578275
6.5625,26.842393737565583,1346.4645964115366,-1346.4645964115366,-860.8882186912138,860.8882186912138,33.65606696268151,-33.65606696268151
6.575,26.87279129993756,1347.1722313099601,-1347.1722313099601,-860.18058379279,860.1805837927902,34.36370186110503,-34.36370186110503
6.5875,26.903172918124362,1347.878209957559,-1347.878209957559,-859.4746051451916,859.4746051451914,35.06968050870387,-35.06968050870387
6.6000000000000005,26.933538646082134,1348.5825380644153,-1348.5825380644153,-858.7702770383353,858.770277038335,35.774008615560206,-35.774008615560206
6.612500000000001,26.963888537495848,1349.2852213132182,-1349.2852213132182,-858.0675937895321,858.0675937895321,36.47669186436315,-36.47669186436315
6.625,26.99422264578108,1349.9862653594398,-1349.9862653594398,-857.3665497433108,857.3665497433105,37.177735910584715,-37.177735910584715
6.6375,27.024541024085867,1350.6856758315075,-1350.6856758315075,-856.6671392712428,856.6671392712428,37.87714638265243,-37.87714638265243
6.65,27.054843725292518,1351.3834583309779,-1351.3834583309779,-855.9693567717727,855.9693567717725,38.57492888212278,-38.57492888212278
6.6625000000000005,27.085130802019396,1352.079618432705,-1352.079618432705,-855.2731966700453,855.2731966700453,39.27108898384995,-39.27108898384995
6.675000000000001,27.115402306622705,1352.7741616850121,-1352.7741616850121,-854.5786534177382,854.5786534177382,39.965632236157035,-39.965632236157035
6.6875,27.145658291198245,1353.4670936098573,-1353.4670936098573,-853.885721492893,853.885721492893,40.65856416100223,-40.65856416100223
6.7,27.175898807583163,1354.158419703001,-1354.158419703001,-853.1943953997493,853.1943953997493,41.349890254145976,-41.349890254145976
6.7125,27.206123907357693,1354.8481454341722,-1354.8481454341722,-852.5046696685781,852.5046696685781,42.03961598531714,-42.03961598531714
6.7250000000000005,27.23633364184688,1355.536276247231,-1355.536276247231,-851.8165388555194,851.8165388555194,42.72774679837585,-42.72774679837585
6.737500000000001,27.266528062122248,1356.2228175603311,-1356.2228175603311,-851.1299975424195,851.1299975424192,43.414288111476026,-43.414288111476026
6.75,27.29670721900354,1356.9077747660817,-1356.9077747660817,-850.4450403366686,850.4450403366686,44.09924531722663,-44.09924531722663
6.7625,27.32687116306036,1357.5911532317077,-1357.5911532317077,-849.7616618710426,849.7616618710426,44.782623782852625,-44.782623782852625
6.775,27.35701994461385,1358.2729582992076,-1358.2729582992076,-849.079856803543,849.0798568035427,45.46442885035253,-45.46442885035253
6.7875000000000005,27.387153613738324,1358.9531952855114,-1358.9531952855114,-848.399619817239,848.399619817239,46.14466583665626,-46.14466583665626
6.800000000000001,27.417272220262905,1359.6318694826364,-1359.6318694826364,-847.720945620114,847.720945620114,46.82334003378128,-46.82334003378128
6.8125,27.447375813773164,1360.3089861578433,-1360.3089861578433,-847.0438289449071,847.0438289449071,47.50045670898817,-47.50045670898817
6.825,27.4774644436127,1360.9845505537871,-1360.9845505537871,-846.368264548963,846.3682645489632,48.17602110493203,-48.17602110493203
6.8375,27.50753815888474,1361.6585678886736,-1361.6585678886736,-845.6942472140768,845.6942472140768,48.85003843981849,-48.85003843981849
6.8500000000000005,27.537597008453734,1362.3310433564077,-1362.3310433564077,-845.0217717463424,845.0217717463427,49.52251390755259,-49.52251390755259
6.862500000000001,27.567641040946903,1363.0019821267438,-1363.0019821267438,-844.3508329760066,844.3508329760066,50.19345267788867,-50.19345267788867
6.875,27.5976703047558,1363.6713893454357,-1363.6713893454357,-843.6814257573146,843.6814257573146,50.86285989658063,-50.86285989658063
6.8875,27.62768484803785,1364.3392701343846,-1364.3392701343846,-843.0135449683657,843.0135449683657,51.53074068552951,-51.53074068552951
6.9,27.65768471871787,1365.0056295917839,-1365.0056295917839,-842.3471855109665,842.3471855109665,52.197100142928775,-52.197100142928775
6.9125000000000005,27.687669964489608,1365.6704727922656,-1365.6704727922656,-841.6823423104847,841.6823423104847,52.86194334341053,-52.86194334341053
6.925000000000001,27.717640632817215,1366.3338047870461,-1366.3338047870461,-841.0190103157042,841.0190103157042,53.52527533819102,-53.52527533819102
6.9375,27.74759677093676,1366.9956306040667,-1366.9956306040667,-840.3571844986836,840.3571844986836,54.18710115521162,-54.18710115521162
6.95,27.77753842585768,1367.6559552481372,-1367.6559552481372,-839.6968598546132,839.6968598546132,54.847425799282064,-54.847425799282064
6.9625,27.807465644364285,1368.3147837010767,-1368.3147837010767,-839.0380314016734,839.0380314016736,55.50625425222165,-55.50625425222165
6.9750000000000005,27.837378473017175,1368.9721209218535,-1368.9721209218535,-838.3806941808966,838.3806941808969,56.163591472998405,-56.163591472998405
6.987500000000001,27.867276958154704,1369.6279718467229,-1369.6279718467229,-837.7248432560277,837.7248432560275,56.81944239786776,-56.81944239786776
7.0,27.897161145894398,1370.282341389367,-1370.282341389367,-837.0704737133833,837.0704737133833,57.47381194051195,-57.47381194051195
7.0125,27.927031082134384,1370.9352344410293,-1370.9352344410293,-836.4175806617209,836.4175806617211,58.126704992174155,-58.126704992174155
7.025,27.956886812554792,1371.5866558706507,-1371.5866558706507,-835.7661592320997,835.7661592320997,58.778126421795605,-58.778126421795605
7.0375000000000005,27.986728382619145,1372.2366105250048,-1372.2366105250048,-835.1162045777455,835.1162045777455,59.42808107614974,-59.42808107614974
7.050000000000001,28.016555837575755,1372.8851032288312,-1372.8851032288312,-834.4677118739191,834.4677118739191,60.076573779976115,-60.076573779976115
7.0625,28.04636922245908,1373.5321387849676,-1373.5321387849676,-833.8206763177827,833.8206763177827,60.72360933611253,-60.72360933611253
7.075,28.07616858209111,1374.1777219744808,-1374.1777219744808,-833.1750931282695,833.1750931282695,61.36919252562575,-61.36919252562575
7.0875,28.105953961082694,1374.8218575567987,-1374.8218575567987,-832.5309575459519,832.5309575459517,62.01332810794361,-62.01332810794361
7.1000000000000005,28.13572540383489,1375.464550269839,-1375.464550269839,-831.8882648329113,831.8882648329113,62.65602082098394,-62.65602082098394
7.112500000000001,28.1654829545403,1376.1058048301365,-1376.1058048301365,-831.2470102726138,831.2470102726138,63.29727538128145,-63.29727538128145
7.125,28.195226657184367,1376.7456259329724,-1376.7456259329724,-830.6071891697779,830.6071891697779,63.93709648411732,-63.93709648411732
7.1375,28.224956555546722,1377.3840182525005,-1377.3840182525005,-829.9687968502499,829.9687968502499,64.57548880364538,-64.57548880364538
7.15,28.254672693202448,1378.0209864418719,-1378.0209864418719,-829.3318286608787,829.3318286608785,65.21245699301676,-65.21245699301676
7.1625000000000005,28.284375113523367,1378.6565351333602,-1378.6565351333602,-828.6962799693902,828.6962799693902,65.8480056845051,-65.8480056845051
7.175000000000001,28.314063859679344,1379.2906689384852,-1379.2906689384852,-828.0621461642654,828.0621461642652,66.48213948963007,-66.48213948963007
7.1875,28.343738974639532,1379.923392448136,-1379.923392448136,-827.4294226546144,827.4294226546144,67.11486299928083,-67.11486299928083
7.2,28.37340050117363,1380.554710232692,-1380.554710232692,-826.7981048700581,826.7981048700583,67.74618078383696,-67.74618078383696
7.2125,28.40304848185314,1381.1846268421446,-1381.1846268421446,-826.1681882606058,826.1681882606058,68.37609739328946,-68.37609739328946
7.2250000000000005,28.4326829590526,1381.813146806217,-1381.813146806217,-825.5396682965334,825.5396682965334,69.0046173573619,-69.0046173573619
7.237500000000001,28.4623039749508,1382.4402746344833,-1382.4402746344833,-824.9125404682668,824.912540468267,69.63174518562823,-69.63174518562823
7.25,28.491911571532015,1383.0660148164861,-1383.0660148164861,-824.2868002862642,824.2868002862642,70.25748536763103,-70.25748536763103
7.2625,28.521505790587213,1383.6903718218557,-1383.6903718218557,-823.6624432808944,823.6624432808946,70.88184237300061,-70.88184237300061
7.275,28.55108667371524,1384.313350100424,-1384.313350100424,-823.0394650023263,823.0394650023263,71.50482065156893,-71.50482065156893
7.2875000000000005,28.580654262324018,1384.9349540823425,-1384.9349540823425,-822.4178610204076,822.4178610204078,72.12642463348743,-72.12642463348743
7.300000000000001,28.610208597631722,1385.5551881781955,-1385.5551881781955,-821.7976269245551,821.7976269245548,72.74665872934042,-72.74665872934042
7.3125,28.63974972066795,1386.174056779115,-1386.174056779115,-821.1787583236351,821.1787583236353,73.36552733025997,-73.36552733025997
7.325,28.669277672274898,1386.7915642568926,-1386.7915642568926,-820.5612508458576,820.5612508458578,73.98303480803747,-73.98303480803747
7.3375,28.698792493108485,1387.4077149640932,-1387.4077149640932,-819.9451001386574,819.9451001386572,74.5991855152381,-74.5991855152381
7.3500000000000005,28.728294223639526,1388.0225132341654,-1388.0225132341654,-819.3303018685851,819.3303018685849,75.21398378531035,-75.21398378531035
7.362500000000001,28.757782904154833,1388.6359633815523,-1388.6359633815523,-818.716851721198,818.716851721198,75.8274339326972,-75.8274339326972
7.375,28.787258574758383,1389.2480697018011,-1389.2480697018011,-818.104745400949,818.1047454009492,76.43954025294602,-76.43954025294602
7.3875,28.816721275372394,1389.858836471673,-1389.858836471673,-817.4939786310774,817.4939786310774,77.05030702281783,-77.05030702281783
7.4,28.846171045738462,1390.46826794925,-1390.46826794925,-816.8845471535001,816.8845471535003,77.65973850039495,-77.65973850039495
7.4125000000000005,28.875607925418645,1391.0763683740433,-1391.0763683740433,-816.276446728707,816.276446728707,78.26783892518824,-78.26783892518824
7.425000000000001,28.905031953796556,1391.6831419670993,-1391.6831419670993,-815.669673135651,815.669673135651,78.87461251824402,-78.87461251824425
7.4375,28.93444317007846,1392.288592931107,-1392.288592931107,-815.0642221716435,815.0642221716435,79.48006348225204,-79.48006348225181
7.45,28.963841613294324,1392.8927254504993,-1392.8927254504993,-814.4600896522511,814.4600896522511,80.08419600164393,-80.08419600164416
7.4625,28.99322732229891,1393.495543691562,-1393.495543691562,-813.8572714111883,813.8572714111883,80.68701424270671,-80.68701424270694
7.4750000000000005,29.02260033577281,1394.0970518025342,-1394.0970518025342,-813.2557633002161,813.2557633002161,81.28852235367935,-81.28852235367913
7.487500000000001,29.05196069222351,1394.6972539137116,-1394.6972539137116,-812.6555611890385,812.6555611890387,81.88872446485652,-81.88872446485652
7.5,29.081308429986436,1395.2961541375498,-1395.2961541375498,-812.0566609652005,812.0566609652005,82.48762468869495,-82.48762468869472
7.5125,29.11064358722596,1395.8937565687643,-1395.8937565687643,-811.4590585339861,811.4590585339861,83.08522711990895,-83.08522711990918
7.525,29.139966201936474,1396.4900652844317,-1396.4900652844317,-810.8627498183187,810.8627498183187,83.68153583557682,-83.6815358355766
7.5375000000000005,29.16927631194336,1397.085084344089,-1397.085084344089,-810.2677307586614,810.2677307586614,84.27655489523363,-84.27655489523386
7.550000000000001,29.19857395490403,1397.6788177898336,-1397.6788177898336,-809.6739973129165,809.6739973129168,84.8702883409785,-84.8702883409785
7.5625,29.227859168308925,1398.2712696464214,-1398.2712696464214,-809.081545456329,809.081545456329,85.46274019756652,-85.46274019756629
7.575,29.257131989482495,1398.8624439213636,-1398.8624439213636,-808.4903711813868,808.4903711813868,86.05391447250872,-86.0539144725085
7.5875,29.286392455584213,1399.4523446050255,-1399.4523446050255,-807.9004704977247,807.9004704977249,86.64381515617038,-86.64381515617038
7.6000000000000005,29.315640603609538,1400.0409756707213,-1400.0409756707213,-807.311839432029,807.311839432029,87.23244622186644,-87.23244622186621
7.612500000000001,29.344876470390876,1400.6283410748106,-1400.6283410748106,-806.7244740279398,806.7244740279398,87.81981162595525,-87.81981162595548
7.625,29.37410009259858,1401.2144447567928,-1401.2144447567928,-806.1383703459574,806.1383703459576,88.40591530793768,-88.40591530793768
7.6375,29.40331150674189,1401.7992906394024,-1401.7992906394024,-805.5535244633479,805.5535244633479,88.99076119054712,-88.99076119054735
7.65,29.43251074916987,1402.3828826287013,-1402.3828826287013,-804.9699324740491,804.9699324740491,89.57435317984596,-89.57435317984618
7.6625000000000005,29.461697856072384,1402.965224614173,-1402.965224614173,-804.3875904885776,804.3875904885774,90.15669516531784,-90.15669516531784
7.675000000000001,29.490872863481,1403.5463204688135,-1403.5463204688135,-803.8064946339368,803.8064946339368,90.7377910199582,-90.73779101995842
7.6875,29.52003580726995,1404.126174049225,-1404.126174049225,-803.2266410535253,803.2266410535253,91.3176446003697,-91.31764460036993
7.7,29.549186723157035,1404.7047891957045,-1404.7047891957045,-802.6480259070458,802.6480259070458,91.89625974684964,-91.89625974684941
7.7125,29.578325646704545,1405.2821697323366,-1405.2821697323366,-802.0706453704138,802.0706453704138,92.47364028348125,-92.47364028348147
7.7250000000000005,29.60745261332018,1405.8583194670812,-1405.8583194670812,-801.494495635669,801.4944956356692,93.04979001822608,-93.04979001822608
7.737500000000001,29.63656765825793,1406.4332421918639,-1406.4332421918639,-800.9195729108865,800.9195729108865,93.62471274300856,-93.62471274300879
7.75,29.665670816618995,1407.006941682664,-1407.006941682664,-800.3458734200863,800.3458734200863,94.19841223380877,-94.198412233809
7.7625,29.694762123352664,1407.5794216996026,-1407.5794216996026,-799.773393403148,799.7733934031478,94.77089225074747,-94.77089225074747
7.775,29.723841613257196,1408.1506859870299,-1408.1506859870299,-799.2021291157203,799.2021291157205,95.34215653817478,-95.34215653817478
7.7875000000000005,29.752909320980695,1408.7207382736103,-1408.7207382736103,-798.6320768291403,798.63207682914,95.91220882475523,-95.91220882475523
7.800000000000001,29.781965281022003,1409.2895822724126,-1409.2895822724126,-798.0632328303377,798.0632328303377,96.48105282355732,-96.48105282355755
7.8125,29.81100952773153,1409.85722168099,-1409.85722168099,-797.4955934217601,797.4955934217603,97.04869223213495,-97.04869223213495
7.825,29.840042095312132,1410.4236601814691,-1410.4236601814691,-796.9291549212812,796.9291549212812,97.61513073261426,-97.61513073261403
7.8375,29.86906301781996,1410.9889014406328,-1410.9889014406328,-796.3639136621173,796.3639136621175,98.18037199177775,-98.18037199177775
7.8500000000000005,29.898072329165306,1411.5529491100033,-1411.5529491100033,-795.7998659927471,795.7998659927471,98.74441966114841,-98.74441966114819
7.862500000000001,29.927070063113426,1412.1158068259263,-1412.1158068259263,-795.2370082768243,795.2370082768241,99.30727737707116,-99.30727737707116
7.875,29.956056253285414,1412.6774782096538,-1412.6774782096538,-794.6753368930963,794.6753368930965,99.86894876079873,-99.86894876079873
7.8875,29.985030933158967,1413.2379668674234,-1413.2379668674234,-794.1148482353269,794.1148482353269,100.42943741856811,-100.42943741856834
7.9,30.01399413606926,1413.797276390544,-1413.797276390544,-793.5555387122063,793.5555387122063,100.98874694168876,-100.98874694168899
7.9125000000000005,30.042945895209744,1414.3554103554739,-1414.3554103554739,-792.9974047472765,792.9974047472765,101.54688090661853,-101.54688090661875
7.925000000000001,30.07188624363294,1414.9123723239004,-1414.9123723239004,-792.44044277885,792.44044277885,102.10384287504507,-102.1038428750453
7.9375,30.10081521425126,1415.468165842822,-1415.468165842822,-791.8846492599282,791.8846492599284,102.65963639396682,-102.65963639396682
7.95,30.129732839837793,1416.0227944446256,-1416.0227944446256,-791.3300206581248,791.3300206581248,103.21426499577024,-103.21426499577046
7.9625,30.158639153027114,1416.576261647167,-1416.576261647167,-790.7765534555833,790.7765534555833,103.7677321983117,-103.76773219831193
7.9750000000000005,30.187534186316046,1417.1285709538474,-1417.1285709538474,-790.2242441489029,790.2242441489029,104.3200415049921,-104.32004150499233
7.987500000000001,30.216417972064455,1417.6797258536913,-1417.6797258536913,-789.6730892490591,789.6730892490591,104.87119640483593,-104.87119640483616
8.0,30.245290542496033,1418.2297298214248,-1418.2297298214248,-789.1230852813255,789.1230852813255,105.4212003725695,-105.42120037256973
8.012500000000001,30.274151929699038,1418.77858631755,-1418.77858631755,-788.5742287852004,788.5742287852004,105.97005686869466,-105.97005686869488
8.025,30.30300216562709,1419.326298788424,-1419.326298788424,-788.0265163143263,788.0265163143263,106.51776933956876,-106.51776933956899
8.0375,30.331841282099905,1419.8728706663314,-1419.8728706663314,-787.4799444364189,787.4799444364189,107.06434121747657,-107.06434121747634
8.05,30.360669310804067,1420.4183053695613,-1420.4183053695613,-786.9345097331893,786.9345097331891,107.60977592070617,-107.60977592070617
8.0625,30.389486283293767,1420.9626063024816,-1420.9626063024816,-786.3902088002687,786.3902088002687,108.15407685362675,-108.15407685362652
8.075000000000001,30.418292230991533,1421.5057768556117,-1421.5057768556117,-785.8470382471387,785.8470382471387,108.69724740675679,-108.69724740675656
8.0875,30.447087185188998,1422.0478204056974,-1422.0478204056974,-785.3049946970527,785.304994697053,109.2392909568423,-109.2392909568423
8.1,30.47587117704759,1422.5887403157838,-1422.5887403157838,-784.7640747869668,784.7640747869666,109.78021086692866,-109.78021086692866
8.1125,30.504644237599294,1423.1285399352869,-1423.1285399352869,-784.2242751674635,784.2242751674635,110.32001048643156,-110.32001048643178
8.125,30.53340639774737,1423.6672226000676,-1423.6672226000676,-783.6855925026825,783.6855925026828,110.85869315121249,-110.85869315121249
8.137500000000001,30.56215768826704,1424.2047916324998,-1424.2047916324998,-783.1480234702508,783.1480234702506,111.3962621836447,-111.3962621836447
8.15,30.590898139806225,1424.7412503415458,-1424.7412503415458,-782.6115647612046,782.6115647612046,111.93272089269044,-111.93272089269067
8.1625,30.61962778288626,1425.2766020228241,-1425.2766020228241,-782.0762130799262,782.0762130799262,112.46807257396881,-112.46807257396904
8.175,30.64834664790256,1425.8108499586792,-1425.8108499586792,-781.5419651440711,781.5419651440711,113.0023205098239,-113.00232050982413
8.1875,30.67705476512535,1426.3439974182545,-1426.3439974182545,-781.0088176844961,781.0088176844959,113.5354679693994,-113.5354679693994
8.200000000000001,30.705752164700346,1426.8760476575574,-1426.8760476575574,-780.4767674451928,780.476767445193,114.06751820870227,-114.06751820870227
8.2125,30.73443887664943,1427.4070039195308,-1427.4070039195308,-779.9458111832196,779.9458111832196,114.59847447067546,-114.59847447067568
8.225,30.763114930871353,1427.9368694341215,-1427.9368694341215,-779.4159456686289,779.4159456686289,115.12833998526617,-115.1283399852664
8.2375,30.79178035714239,1428.465647418346,-1428.465647418346,-778.8871676844042,778.8871676844044,115.65711796949086,-115.65711796949086
8.25,30.82043518511703,1428.99334107636,-1428.99334107636,-778.3594740263902,778.3594740263904,116.18481162750481,-116.18481162750481
8.262500000000001,30.849079444328645,1429.519953599524,-1429.519953599524,-777.8328615032265,777.8328615032265,116.71142415066856,-116.71142415066879
8.275,30.877713164190123,1430.0454881664714,-1430.0454881664714,-777.307326936279,777.307326936279,117.23695871761606,-117.23695871761629
8.2875,30.906336373994574,1430.5699479431728,-1430.5699479431728,-776.7828671595776,776.7828671595776,117.76141849431747,-117.7614184943177
8.3,30.934949102915944,1431.0933360830022,-1431.0933360830022,-776.2594790197481,776.2594790197481,118.28480663414734,-118.28480663414712
8.3125,30.96355138000969,1431.6156557268039,-1431.6156557268039,-775.7371593759467,775.7371593759465,118.80712627794878,-118.80712627794878
8.325000000000001,30.99214323421341,1432.1369100029553,-1432.1369100029553,-775.2159050997948,775.215905099795,119.32838055410025,-119.32838055410025
8.3375,31.020724694347486,1432.657102027431,-1432.657102027431,-774.6957130753194,774.6957130753194,119.84857257857561,-119.84857257857584
8.35,31.049295789115735,1433.1762349038695,-1433.1762349038695,-774.1765801988809,774.1765801988809,120.36770545501417,-120.3677054550144
8.3625,31.07785654710601,1433.6943117236337,-1433.6943117236337,-773.6585033791166,773.6585033791166,120.88578227477842,-120.88578227477865
8.375,31.10640699679087,1434.2113355658762,-1434.2113355658762,-773.1414795368742,773.1414795368742,121.40280611702087,-121.4028061170211
8.387500000000001,31.13494716652816,1434.7273094976003,-1434.7273094976003,-772.62550560515,772.62550560515,121.91878004874502,-121.91878004874525
8.4,31.163477084561666,1435.2422365737252,-1435.2422365737252,-772.1105785290251,772.1105785290251,122.4337071248699,-122.43370712487012
8.4125,31.191996779021697,1435.7561198371432,-1435.7561198371432,-771.5966952656072,771.5966952656072,122.94759038828829,-122.94759038828806
8.425,31.220506277925733,1436.2689623187866,-1436.2689623187866,-771.0838527839637,771.0838527839637,123.46043286993131,-123.46043286993154
8.4375,31.24900560917899,1436.7807670376847,-1436.7807670376847,-770.5720480650657,770.5720480650657,123.97223758882933,-123.97223758882956
8.450000000000001,31.277494800575063,1437.2915370010267,-1437.2915370010267,-770.0612781017239,770.0612781017237,124.48300755217156,-124.48300755217156
8.4625,31.30597387979649,1437.8012752042218,-1437.8012752042218,-769.5515398985285,769.5515398985285,124.99274575536651,-124.99274575536674
8.475,31.334442874415366,1438.3099846309583,-1438.3099846309583,-769.0428304717921,769.0428304717921,125.50145518210297,-125.5014551821032
8.4875,31.362901811893938,1438.817668253264,-1438.817668253264,-768.5351468494864,768.5351468494864,126.00913880440908,-126.00913880440885
8.5,31.391350719585162,1439.324329031565,-1439.324329031565,-768.0284860711854,768.0284860711854,126.51579958271009,-126.51579958270986
8.512500000000001,31.419789624733326,1439.829969914745,-1439.829969914745,-767.5228451880052,767.5228451880052,127.02144046588978,-127.02144046589001
8.525,31.448218554474593,1440.3345938402033,-1440.3345938402033,-767.0182212625473,767.0182212625471,127.5260643913482,-127.5260643913482
8.5375,31.476637535837593,1440.8382037339131,-1440.8382037339131,-766.5146113688374,766.5146113688372,128.02967428505804,-128.02967428505804
8.55,31.50504659574399,1441.3408025104786,-1441.3408025104786,-766.0120125922717,766.0120125922717,128.5322730616233,-128.53227306162353
8.5625,31.53344576100906,1441.8423930731938,-1441.8423930731938,-765.5104220295566,765.5104220295566,129.03386362433844,-129.03386362433866
8.575000000000001,31.56183505834222,1442.3429783140978,-1442.3429783140978,-765.0098367886526,765.0098367886526,129.53444886524244,-129.53444886524267
8.5875,31.590214514347633,1442.8425611140328,-1442.8425611140328,-764.5102539887175,764.5102539887175,130.03403166517796,-130.03403166517774
8.6,31.61858415552474,1443.341144342699,-1443.341144342699,-764.0116707600514,764.0116707600514,130.53261489384363,-130.53261489384386
8.6125,31.64694400826879,1443.838730858712,-1443.838730858712,-763.5140842440383,763.5140842440383,131.03020140985677,-131.030201409857
8.625,31.675294098871444,1444.3353235096577,-1444.3353235096577,-763.0174915930925,763.0174915930927,131.52679406080256,-131.52679406080256
8.637500000000001,31.703634453521257,1444.830925132146,-1444.830925132146,-762.5218899706047,762.5218899706044,132.02239568329082,-132.02239568329082
8.65,31.731965098304265,1445.3255385518692,-1445.3255385518692,-762.0272765508812,762.0272765508812,132.51700910301383,-132.51700910301406
8.6625,31.760286059204503,1445.8191665836523,-1445.8191665836523,-761.5336485190978,761.533648519098,133.0106371347972,-133.0106371347972
8.675,31.788597362104547,1446.3118120315112,-1446.3118120315112,-761.0410030712392,761.0410030712392,133.5032825826563,-133.50328258265608
8.6875,31.81689903278602,1446.8034776887034,-1446.8034776887034,-760.5493374140469,760.5493374140469,133.99494823984855,-133.99494823984833
8.700000000000001,31.84519109693016,1447.2941663377833,-1447.2941663377833,-760.0586487649671,760.0586487649671,134.4856368889284,-134.48563688892818
8.7125,31.87347358011831,1447.7838807506546,-1447.7838807506546,-759.5689343520958,759.5689343520958,134.97535130179926,-134.9753513017995
8.725,31.901746507832453,1448.2726236886224,-1448.2726236886224,-759.080191414128,759.080191414128,135.46409423976706,-135.4640942397673
8.7375,31.930009905455712,1448.7603979024484,-1448.7603979024484,-758.592417200302,758.592417200302,135.95186845359308,-135.9518684535933
8.75,31.958263798272895,1449.2472061324,-1449.2472061324,-758.1056089703502,758.1056089703504,136.43867668354483,-136.43867668354483
8.762500000000001,31.986508211470973,1449.733051108304,-1449.733051108304,-757.6197639944462,757.6197639944464,136.92452165944883,-136.92452165944883
8.775,32.014743170139596,1450.217935549597,-1450.217935549597,-757.1348795531535,757.1348795531533,137.409406100742,-137.409406100742
8.7875,32.04296869927161,1450.7018621653783,-1450.7018621653783,-756.650952937372,756.650952937372,137.893332716523,-137.89333271652322
8.8,32.07118482376353,1451.1848336544583,-1451.1848336544583,-756.1679814482918,756.167981448292,138.37630420560322,-138.37630420560322
8.8125,32.09939156841606,1451.6668527054114,-1451.6668527054114,-755.6859623973392,755.6859623973389,138.85832325655633,-138.85832325655633
8.825000000000001,32.127588957934584,1452.1479219966254,-1452.1479219966254,-755.2048931061249,755.2048931061249,139.3393925477701,-139.33939254777033
8.8375,32.15577701692963,1452.6280441963513,-1452.6280441963513,-754.724770906399,754.724770906399,139.819514747496,-139.8195147474962
8.85,32.18395576991741,1453.107221962752,-1453.107221962752,-754.2455931399986,754.2455931399984,140.29869251389687,-140.29869251389687
8.8625,32.21212524132023,1453.5854579439545,-1453.5854579439545,-753.7673571587961,753.7673571587959,140.77692849509936,-140.77692849509936
8.875,32.240285455467045,1454.062754778096,-1454.062754778096,-753.2900603246544,753.2900603246544,141.25422532924108,-141.25422532924085
8.887500000000001,32.26843643659389,1454.5391150933738,-1454.5391150933738,-752.8137000093766,752.8137000093766,141.7305856445189,-141.73058564451867
8.9,32.29657820884436,1455.014541508095,-1455.014541508095,-752.3382735946557,752.3382735946554,142.2060120592398,-142.2060120592398
8.9125,32.32471079627009,1455.4890366307213,-1455.4890366307213,-751.863778472029,751.863778472029,142.680507181866,-142.68050718186623
8.925,32.352834222831234,1455.9626030599213,-1455.9626030599213,-751.3902120428288,751.390212042829,143.15407361106622,-143.15407361106622
8.9375,32.38094851239692,1456.4352433846138,-1456.4352433846138,-750.9175717181365,750.9175717181365,143.62671393575852,-143.62671393575874
8.950000000000001,32.40905368874568,1456.9069601840183,-1456.9069601840183,-750.445854918732,750.445854918732,144.09843073516345,-144.09843073516322
8.9625,32.43714977556598,1457.3777560277,-1457.3777560277,-749.9750590750505,749.9750590750505,144.56922657884456,-144.5692265788448
8.975,32.46523679645661,1457.8476334756174,-1457.8476334756174,-749.505181627133,749.505181627133,145.03910402676206,-145.0391040267623
8.9875,32.493314774927164,1458.3165950781686,-1458.3165950781686,-749.0362200245818,749.0362200245818,145.5080656293137,-145.50806562931348
9.0,32.52138373439851,1458.7846433762375,-1458.7846433762375,-748.5681717265129,748.5681717265129,145.97611392738213,-145.97611392738236
9.012500000000001,32.5494436982032,1459.2517809012393,-1459.2517809012393,-748.1010342015111,748.1010342015111,146.44325145238395,-146.44325145238417
9.025,32.57749468958594,1459.7180101751667,-1459.7180101751667,-747.6348049275834,747.6348049275837,146.90948072631159,-146.90948072631159
9.0375,32.60553673170402,1460.183333710634,-1460.183333710634,-747.1694813921163,747.1694813921163,147.37480426177876,-147.374804261779
9.05,32.63356984762776,1460.6477540109242,-1460.6477540109242,-746.7050610918263,746.7050610918261,147.83922456206915,-147.83922456206915
9.0625,32.66159406034096,1461.1112735700317,-1461.1112735700317,-746.2415415327187,746.2415415327187,148.30274412117683,-148.3027441211766
9.075000000000001,32.689609392741296,1461.573894872708,-1461.573894872708,-745.7789202300423,745.7789202300423,148.7653654238527,-148.76536542385293
9.0875,32.71761586764078,1462.0356203945053,-1462.0356203945053,-745.3171947082451,745.3171947082451,149.22709094564993,-149.22709094565016
9.1,32.745613507766194,1462.4964526018207,-1462.4964526018207,-744.8563625009297,744.8563625009297,149.68792315296537,-149.6879231529656
9.1125,32.77360233575949,1462.95639395194,-1462.95639395194,-744.3964211508105,744.3964211508103,150.14786450308497,-150.14786450308497
9.125,32.80158237417823,1463.4154468930822,-1463.4154468930822,-743.937368209668,743.9373682096682,150.60691744422707,-150.60691744422707
9.137500000000001,32.829553645496,1463.87361386444,-1463.87361386444,-743.4792012383105,743.4792012383105,151.06508441558503,-151.0650844155848
9.15,32.85751617210284,1464.3308972962245,-1464.3308972962245,-743.0219178065258,743.0219178065258,151.5223678473692,-151.52236784736942
9.1625,32.88546997630564,1464.787299609709,-1464.787299609709,-742.5655154930414,742.5655154930414,151.97877016085363,-151.97877016085386
9.175,32.91341508032857,1465.2428232172692,-1465.2428232172692,-742.1099918854811,742.1099918854811,152.4342937684139,-152.43429376841414
9.1875,32.94135150631346,1465.6974705224259,-1465.6974705224259,-741.6553445803243,741.6553445803245,152.88894107357078,-152.88894107357078
9.200000000000001,32.96927927632025,1466.1512439198875,-1466.1512439198875,-741.2015711828631,741.2015711828628,153.34271447103242,-153.34271447103242
9.2125,32.99719841232737,1466.604145795592,-1466.604145795592,-740.7486693071583,740.7486693071583,153.79561634673678,-153.795616346737
9.225,33.025108936232144,1467.0561785267475,-1467.0561785267475,-740.2966365760026,740.2966365760028,154.24764907789245,-154.24764907789245
9.2375,33.05301086985118,1467.5073444818736,-1467.5073444818736,-739.8454706208768,739.8454706208768,154.69881503301872,-154.6988150330185
9.25,33.08090423492079,1467.9576460208427,-1467.9576460208427,-739.3951690819076,739.3951690819076,155.14911657198786,-155.14911657198763
9.262500000000001,33.10878905309737,1468.407085494921,-1468.407085494921,-738.9457296078294,738.9457296078294,155.5985560460656,-155.59855604606582
9.275,33.136665345957795,1468.8556652468073,-1468.8556652468073,-738.497149855943,738.497149855943,156.04713579795202,-156.04713579795225
9.2875,33.16453313499981,1469.303387610675,-1469.303387610675,-738.0494274920752,738.0494274920754,156.49485816181982,-156.49485816181982
9.3,33.192392441642404,1469.7502549122112,-1469.7502549122112,-737.602560190539,737.6025601905392,156.94172546335608,-156.94172546335608
9.3125,33.22024328722624,1470.1962694686576,-1470.1962694686576,-737.1565456340927,737.1565456340927,157.38774001980232,-157.38774001980255
9.325000000000001,33.24808569301396,1470.641433588848,-1470.641433588848,-736.7113815139023,736.7113815139023,157.8329041399927,-157.83290413999293
9.3375,33.27591968019066,1471.0857495732491,-1471.0857495732491,-736.267065529501,736.2670655295012,158.27722012439403,-158.27722012439403
9.35,33.30374526986417,1471.5292197139993,-1471.5292197139993,-735.8235953887511,735.8235953887511,158.72069026514396,-158.72069026514419
9.3625,33.331562483065504,1471.971846294947,-1471.971846294947,-735.3809688078031,735.3809688078034,159.1633168460919,-159.1633168460919
9.375,33.35937134074921,1472.4136315916894,-1472.4136315916894,-734.939183511061,734.939183511061,159.60510214283454,-159.6051021428343
9.387500000000001,33.38717186379374,1472.854577871612,-1472.854577871612,-734.4982372311383,734.4982372311383,160.0460484227567,-160.04604842275694
9.4,33.414964073001784,1473.2946873939252,-1473.2946873939252,-734.0581277088254,734.0581277088252,160.4861579450701,-160.4861579450701
9.4125,33.44274798910072,1473.7339624097026,-1473.7339624097026,-733.6188526930478,733.6188526930478,160.92543296084727,-160.9254329608475
9.425,33.47052363274289,1474.172405161919,-1474.172405161919,-733.1804099408314,733.1804099408314,161.36387571306363,-161.36387571306386
9.4375,33.49829102450601,1474.6100178854883,-1474.6100178854883,-732.7427972172623,732.742797217262,161.80148843663324,-161.80148843663324
9.450000000000001,33.526050184893535,1475.0468028073005,-1475.0468028073005,-732.3060122954498,732.3060122954498,162.2382733584452,-162.23827335844544
9.4625,33.55380113433499,1475.4827621462573,-1475.4827621462573,-731.870052956493,731.870052956493,162.67423269740243,-162.6742326974022
9.475,33.58154389318633,1475.9178981133116,-1475.9178981133116,-731.434916989439,731.4349169894388,163.1093686644565,-163.1093686644565
9.4875,33.609278481730314,1476.3522129115022,-1476.3522129115022,-731.0006021912482,731.0006021912482,163.54368346264687,-163.5436834626471
9.5,33.63700492017683,1476.7857087359905,-1476.7857087359905,-730.5671063667601,730.5671063667598,163.9771792871354,-163.9771792871354
9.512500000000001,33.66472322866326,1477.2183877740977,-1477.2183877740977,-730.1344273286527,730.1344273286527,164.40985832524234,-164.40985832524257
9.525,33.69243342725485,1477.6502522053397,-1477.6502522053397,-729.7025628974106,729.7025628974106,164.84172275648484,-164.84172275648461
9.5375,33.72013553594499,1478.0813042014634,-1478.0813042014634,-729.271510901287,729.271510901287,165.27277475260848,-165.27277475260826
9.55,33.74782957465561,1478.511545926482,-1478.511545926482,-728.8412691762683,728.8412691762683,165.70301647762676,-165.703016477627
9.5625,33.775515563237526,1478.9409795367117,-1478.9409795367117,-728.4118355660389,728.4118355660387,166.13245008785657,-166.13245008785657
9.575000000000001,33.80319352147072,1479.3696071808038,-1479.3696071808038,-727.9832079219464,727.9832079219466,166.56107773194867,-166.56107773194867
9.5875,33.83086346906475,1479.7974309997835,-1479.7974309997835,-727.5553841029669,727.5553841029669,166.98890155092863,-166.9889015509284
9.600000000000001,33.85852542565904,1480.2244531270821,-1480.2244531270821,-727.1283619756682,727.1283619756682,167.41592367822682,-167.41592367822705
9.6125,33.886179410823225,1480.6506756885733,-1480.6506756885733,-726.702139414177,726.702139414177,167.84214623971798,-167.8421462397182
9.625,33.91382544405747,1481.076100802605,-1481.076100802605,-726.2767143001452,726.2767143001454,168.26757135374987,-168.26757135374987
9.637500000000001,33.941463544792825,1481.5007305800366,-1481.5007305800366,-725.8520845227135,725.8520845227138,168.6922011311815,-168.6922011311815
9.65,33.96909373239151,1481.9245671242709,-1481.9245671242709,-725.4282479784792,725.4282479784795,169.11603767541578,-169.11603767541578
9.662500000000001,33.99671602614729,1482.3476125312893,-1482.3476125312893,-725.0052025714608,725.005202571461,169.53908308243422,-169.53908308243422
9.675,34.02433044528577,1482.7698688896846,-1482.7698688896846,-724.5829462130655,724.5829462130657,169.96133944082953,-169.96133944082953
9.6875,34.05193700896471,1483.1913382806938,-1483.1913382806938,-724.1614768220566,724.1614768220566,170.38280883183847,-170.3828088318387
9.700000000000001,34.079535736274345,1483.6120227782328,-1483.6120227782328,-723.7407923245178,723.7407923245175,170.80349332937772,-170.80349332937772
9.7125,34.10712664623773,1484.031924448929,-1484.031924448929,-723.3208906538216,723.3208906538214,171.22339500007388,-171.22339500007388
9.725000000000001,34.13470975781103,1484.4510453521539,-1484.4510453521539,-722.9017697505965,722.9017697505965,171.64251590329854,-171.64251590329877
9.7375,34.162285089883845,1484.8693875400554,-1484.8693875400554,-722.4834275626949,722.4834275626949,172.0608580912001,-172.06085809120032
9.75,34.18985266127949,1485.2869530575908,-1485.2869530575908,-722.0658620451595,722.0658620451595,172.47842360873597,-172.47842360873574
9.762500000000001,34.21741249075535,1485.7037439425599,-1485.7037439425599,-721.6490711601905,721.6490711601905,172.89521449370454,-172.89521449370477
9.775,34.24496459700316,1486.1197622256354,-1486.1197622256354,-721.2330528771149,721.2330528771149,173.31123277678012,-173.31123277678034
9.787500000000001,34.27250899864934,1486.5350099303962,-1486.5350099303962,-720.8178051723539,720.8178051723542,173.7264804815411,-173.7264804815411
9.8,34.30004571425525,1486.949489073359,-1486.949489073359,-720.4033260293913,720.4033260293913,174.1409596245037,-174.14095962450392
9.8125,34.32757476231754,1487.3632016640101,-1487.3632016640101,-719.9896134387404,719.9896134387402,174.55467221515505,-174.55467221515505
9.825000000000001,34.35509616126842,1487.7761497048352,-1487.7761497048352,-719.5766653979149,719.5766653979151,174.96762025598014,-174.96762025598014
9.8375,34.382609929475976,1488.1883351913527,-1488.1883351913527,-719.1644799113978,719.1644799113976,175.37980574249764,-175.37980574249764
9.850000000000001,34.41011608524447,1488.599760112144,-1488.599760112144,-718.7530549906064,718.7530549906064,175.79123066328862,-175.79123066328884
9.8625,34.43761464681461,1489.0104264488841,-1489.0104264488841,-718.3423886538662,718.3423886538662,176.2018970000288,-176.20189700002902
9.875,34.46510563236388,1489.4203361763734,-1489.4203361763734,-717.9324789263769,717.9324789263769,176.61180672751811,-176.61180672751834
9.887500000000001,34.492589060006786,1489.8294912625659,-1489.8294912625659,-717.5233238401847,717.5233238401845,177.02096181371076,-177.02096181371076
9.9,34.52006494779522,1490.2378936686032,-1490.2378936686032,-717.1149214341472,717.1149214341472,177.42936421974787,-177.4293642197481
9.912500000000001,34.54753331371865,1490.645545348841,-1490.645545348841,-716.7072697539093,716.7072697539093,177.83701589998577,-177.837015899986
9.925,34.574994175704504,1491.0524482508827,-1491.0524482508827,-716.3003668518677,716.3003668518677,178.2439188020278,-178.24391880202757
9.9375,34.60244755161837,1491.4586043156055,-1491.4586043156055,-715.8942107871449,715.8942107871449,178.65007486675017,-178.6500748667504
9.950000000000001,34.62989345926436,1491.8640154771936,-1491.8640154771936,-715.488799625557,715.4887996255568,179.05548602833846,-179.05548602833846
9.9625,34.65733191638531,1492.2686836631656,-1492.2686836631656,-715.0841314395848,715.0841314395848,179.4601542143107,-179.46015421431048
9.975000000000001,34.684762940663155,1492.6726107944055,-1492.6726107944055,-714.6802043083449,714.6802043083449,179.86408134555018,-179.8640813455504
9.9875,34.7121865497191,1493.0757987851898,-1493.0757987851898,-714.2770163175605,714.2770163175605,180.2672693363345,-180.26726933633472
10.0,34.73960276111401,1493.478249543219,-1493.478249543219,-713.8745655595317,713.8745655595314,180.6697200943638,-180.6697200943638
