column,usrdr_deep_energy_db,usrdr_robust_z,rdr_complex_deep_energy_db,rdr_complex_robust_z,edr_raw_deep_energy_db,combined_low_signal_score,low_signal_flag
1,-39.042274475097656,-0.4450732171535492,9.250655174255371,-0.7667061686515808,11.772479057312012,-0.6058896780014038,False
2,-38.96713638305664,-0.4217474162578583,8.87581729888916,-0.8483076095581055,11.532283782958984,-0.6350275278091431,False
3,-38.48637771606445,-0.2725011110305786,10.175752639770508,-0.5653144121170044,11.750877380371094,-0.4189077615737915,False
4,-39.97373962402344,-0.7342364192008972,9.169538497924805,-0.7843651175498962,11.738584518432617,-0.7593007683753967,False
5,-38.930057525634766,-0.4102366864681244,8.998085975646973,-0.8216899633407593,11.914080619812012,-0.615963339805603,False
6,-38.71735763549805,-0.344206303358078,10.153999328613281,-0.570050060749054,11.704874038696289,-0.4571281671524048,False
7,-39.51439666748047,-0.5916383862495422,10.428187370300293,-0.5103598833084106,11.903316497802734,-0.5509991645812988,False
8,-39.21268844604492,-0.4979763627052307,11.233416557312012,-0.3350631594657898,11.838171005249023,-0.41651976108551025,False
9,-39.40060806274414,-0.5563139915466309,10.017455101013184,-0.5997754335403442,11.762024879455566,-0.5780447125434875,False
10,-39.41415023803711,-0.5605179667472839,8.620431900024414,-0.9039044976234436,11.870865821838379,-0.7322112321853638,False
11,-39.543304443359375,-0.6006125211715698,9.946560859680176,-0.6152089834213257,11.881710052490234,-0.6079107522964478,False
12,-39.04825210571289,-0.44692888855934143,9.587472915649414,-0.693381667137146,11.828313827514648,-0.5701552629470825,False
13,-38.9067268371582,-0.40299391746520996,8.88228988647461,-0.8468985557556152,11.839262962341309,-0.6249462366104126,False
14,-39.43506622314453,-0.5670111179351807,10.338335990905762,-0.5299203395843506,11.882791519165039,-0.5484657287597656,False
15,-39.71452331542969,-0.6537655591964722,9.075955390930176,-0.8047379851341248,11.805229187011719,-0.7292517423629761,False
16,-39.166255950927734,-0.4835619032382965,8.585935592651367,-0.9114142656326294,11.967498779296875,-0.6974880695343018,False
17,-39.20468521118164,-0.4954918622970581,10.9319486618042,-0.4006921052932739,11.750877380371094,-0.448091983795166,False
18,-40.07255172729492,-0.7649115920066833,9.452701568603516,-0.7227210998535156,11.827219009399414,-0.7438163757324219,False
19,-39.72433090209961,-0.6568102240562439,8.352564811706543,-0.9622185826301575,12.020269393920898,-0.8095144033432007,False
20,-39.539730072021484,-0.5995028614997864,10.41404914855957,-0.5134377479553223,11.805229187011719,-0.5564702749252319,False
21,-39.93385696411133,-0.7218552827835083,9.67910099029541,-0.6734344363212585,11.999238967895508,-0.697644829750061,False
22,-39.3416748046875,-0.5380187630653381,8.702035903930664,-0.886139452457428,11.924816131591797,-0.7120791077613831,False
23,-39.73704147338867,-0.6607560515403748,9.522477149963379,-0.7075310945510864,11.81623649597168,-0.6841435432434082,False
24,-40.23273468017578,-0.814638614654541,9.121163368225098,-0.7948963046073914,11.760912895202637,-0.8047674894332886,False
25,-40.044551849365234,-0.7562193274497986,9.832508087158203,-0.640038013458252,11.827219009399414,-0.6981287002563477,False
26,-40.186073303222656,-0.8001531362533569,9.934032440185547,-0.617936372756958,11.870865821838379,-0.7090447545051575,False
27,-39.825714111328125,-0.6882835030555725,9.0828857421875,-0.8032292723655701,11.859994888305664,-0.7457563877105713,False
28,-39.89189147949219,-0.708827555179596,9.69083023071289,-0.6708809733390808,11.978105545043945,-0.6898542642593384,False
29,-40.257747650146484,-0.8224036693572998,9.073728561401367,-0.805222749710083,11.81623649597168,-0.8138132095336914,False
30,-40.040897369384766,-0.7550848126411438,10.172069549560547,-0.566116213798523,12.020269393920898,-0.6606005430221558,False
31,-39.9157600402832,-0.7162373065948486,9.195643424987793,-0.7786821126937866,11.794191360473633,-0.7474597096443176,False
32,-40.082515716552734,-0.7680047750473022,10.247052192687988,-0.5497926473617554,11.935527801513672,-0.6588987112045288,False
33,-39.639442443847656,-0.6304575204849243,9.625341415405273,-0.6851378083229065,11.975563049316406,-0.6577976942062378,False
34,-39.70280456542969,-0.6501275897026062,10.711223602294922,-0.4487434923648834,11.946210861206055,-0.549435555934906,False
35,-39.649986267089844,-0.6337307095527649,9.59320068359375,-0.6921347379684448,11.827219009399414,-0.6629327535629272,False
36,-39.95674514770508,-0.7289606928825378,10.741424560546875,-0.44216880202293396,11.827219009399414,-0.5855647325515747,False
37,-39.57404708862305,-0.610156238079071,8.971512794494629,-0.8274748921394348,11.794191360473633,-0.7188155651092529,False
38,-39.8599853515625,-0.6989226341247559,9.325345039367676,-0.7504463791847229,11.805229187011719,-0.724684476852417,False
39,-39.894683837890625,-0.7096944451332092,9.920218467712402,-0.6209436655044556,11.838171005249023,-0.6653190851211548,False
40,-39.76534652709961,-0.6695430874824524,8.604742050170898,-0.9073201417922974,11.838171005249023,-0.7884316444396973,False
41,-39.32855224609375,-0.5339450240135193,7.870980739593506,-1.0670584440231323,11.827219009399414,-0.8005017042160034,False
42,-40.03435134887695,-0.7530527114868164,9.910083770751953,-0.6231499910354614,11.838171005249023,-0.6881013512611389,False
43,-40.135250091552734,-0.7843756079673767,9.43239974975586,-0.7271407842636108,11.81623649597168,-0.7557581663131714,False
44,-39.80954360961914,-0.6832635402679443,9.63953685760498,-0.6820474863052368,11.81623649597168,-0.6826555132865906,False
45,-40.306522369384766,-0.8375452160835266,10.044224739074707,-0.5939477682113647,11.924816131591797,-0.7157465219497681,False
46,-40.58687973022461,-0.9245791435241699,9.813545227050781,-0.6441662311553955,11.81623649597168,-0.7843726873397827,False
47,-39.98338317871094,-0.7372301816940308,10.129719734191895,-0.575335681438446,11.827219009399414,-0.656282901763916,False
48,-39.578372955322266,-0.6114991307258606,8.689238548278809,-0.8889254331588745,11.861082077026367,-0.7502123117446899,False
49,-39.841758728027344,-0.6932644248008728,10.380475044250488,-0.5207467675209045,11.881710052490234,-0.6070055961608887,False
50,-39.92096710205078,-0.7178537845611572,9.381852149963379,-0.7381448745727539,11.903316497802734,-0.7279993295669556,False
51,-39.662574768066406,-0.6376386880874634,8.021599769592285,-1.0342689752578735,11.956868171691895,-0.8359538316726685,False
52,-39.96689987182617,-0.7321131229400635,10.168900489807129,-0.5668060779571533,11.838171005249023,-0.6494596004486084,False
53,-39.920555114746094,-0.7177258729934692,9.86219310760498,-0.6335756778717041,11.903316497802734,-0.6756507754325867,False
54,-40.08771896362305,-0.7696200609207153,9.829917907714844,-0.6406018733978271,11.946210861206055,-0.7051109671592712,False
55,-39.99765396118164,-0.7416603565216064,8.449239730834961,-0.9411726593971252,11.783127784729004,-0.8414164781570435,False
56,-39.94065856933594,-0.7239667773246765,10.148082733154297,-0.5713380575180054,11.89252758026123,-0.6476523876190186,False
57,-40.01402282714844,-0.7467418909072876,9.848162651062012,-0.6366300582885742,11.914080619812012,-0.6916859745979309,False
58,-39.93844223022461,-0.7232787609100342,9.959877967834473,-0.6123098731040955,11.77203369140625,-0.6677943468093872,False
59,-39.961997985839844,-0.730591356754303,10.6323823928833,-0.4659070670604706,11.77203369140625,-0.5982491970062256,False
60,-40.14528274536133,-0.7874901294708252,9.486658096313477,-0.7153288722038269,11.90439224243164,-0.7514095306396484,False
61,-40.10608673095703,-0.7753221392631531,9.660953521728516,-0.6773850917816162,11.89252758026123,-0.726353645324707,False
62,-39.70547866821289,-0.6509577631950378,9.128556251525879,-0.7932868599891663,11.859994888305664,-0.722122311592102,False
63,-39.7247200012207,-0.6569309830665588,8.40334415435791,-0.9511640667915344,11.81623649597168,-0.8040475249290466,False
64,-39.69938659667969,-0.6490665078163147,8.282182693481445,-0.9775406718254089,11.817334175109863,-0.8133035898208618,False
65,-39.575279235839844,-0.6105387210845947,10.185606002807617,-0.5631693601608276,11.870865821838379,-0.5868540406227112,False
66,-39.707237243652344,-0.6515036821365356,8.147083282470703,-1.0069514513015747,12.020520210266113,-0.8292275667190552,False
67,-40.30430603027344,-0.8368571996688843,9.02422046661377,-0.8160005807876587,11.77203369140625,-0.8264288902282715,False
68,-39.582332611083984,-0.6127283573150635,8.84994125366211,-0.8539407849311829,11.89252758026123,-0.7333345413208008,False
69,-40.035282135009766,-0.7533416152000427,10.03567123413086,-0.595809817314148,12.041200637817383,-0.674575686454773,False
70,-39.99657440185547,-0.7413252592086792,9.937333106994629,-0.6172178387641907,11.817334175109863,-0.6792715787887573,False
71,-39.92726135253906,-0.7198077440261841,10.488146781921387,-0.49730685353279114,11.738584518432617,-0.6085572838783264,False
72,-39.963565826416016,-0.7310780882835388,9.759316444396973,-0.6559717059135437,11.881710052490234,-0.6935248970985413,False
73,-39.69828796386719,-0.6487254500389099,12.194897651672363,-0.12575073540210724,11.805229187011719,-0.387238085269928,False
74,-40.11724090576172,-0.7787848711013794,10.274359703063965,-0.5438478589057922,11.903316497802734,-0.6613163948059082,False
75,-39.69978332519531,-0.6491897106170654,8.99541187286377,-0.8222721219062805,11.805229187011719,-0.7357308864593506,False
76,-39.71717071533203,-0.6545873880386353,10.114592552185059,-0.5786288380622864,11.838171005249023,-0.6166081428527832,False
77,-39.96026611328125,-0.730053722858429,10.165491104125977,-0.5675483345985413,11.817334175109863,-0.6488010287284851,False
78,-39.16719436645508,-0.48385322093963623,9.804591178894043,-0.6461154818534851,11.817334175109863,-0.5649843215942383,False
79,-39.29025650024414,-0.522056519985199,9.77129077911377,-0.653364896774292,11.81623649597168,-0.5877107381820679,False
80,-39.58541488647461,-0.6136852502822876,8.806720733642578,-0.8633497953414917,11.89252758026123,-0.7385175228118896,False
81,-39.947879791259766,-0.726208508014679,9.054409980773926,-0.8094283938407898,11.81623649597168,-0.7678184509277344,False
82,-39.12849807739258,-0.47184038162231445,10.629840850830078,-0.46646034717559814,11.967498779296875,-0.4691503643989563,False
83,-39.428890228271484,-0.5650938749313354,11.238112449645996,-0.33404088020324707,12.00029182434082,-0.44956737756729126,False
84,-39.57737350463867,-0.6111888885498047,10.082500457763672,-0.5856152176856995,11.881710052490234,-0.5984020233154297,False
85,-39.48936462402344,-0.5838674902915955,10.050373077392578,-0.5926092863082886,11.81623649597168,-0.5882383584976196,False
86,-39.516849517822266,-0.5923998951911926,9.329402923583984,-0.7495629787445068,11.988685607910156,-0.6709814071655273,False
87,-39.54554748535156,-0.6013088226318359,8.915948867797852,-0.8395710587501526,11.978105545043945,-0.7204399108886719,False
88,-39.526615142822266,-0.5954315066337585,9.783726692199707,-0.6506576538085938,11.89252758026123,-0.6230446100234985,False
89,-39.544647216796875,-0.6010293364524841,9.21505069732666,-0.7744572162628174,11.924816131591797,-0.6877433061599731,False
90,-39.37564468383789,-0.5485643744468689,8.747536659240723,-0.8762340545654297,11.881710052490234,-0.7123992443084717,False
91,-40.28413772583008,-0.8305961489677429,9.179415702819824,-0.782214879989624,11.978105545043945,-0.8064055442810059,False
92,-40.60940170288086,-0.931570827960968,8.325530052185059,-0.9681040048599243,11.827219009399414,-0.9498374462127686,False
93,-40.136959075927734,-0.7849061489105225,10.004521369934082,-0.6025910973548889,11.978105545043945,-0.6937485933303833,False
94,-40.15670394897461,-0.7910357117652893,10.537127494812012,-0.48664385080337524,12.009767532348633,-0.6388397812843323,False
95,-39.50196075439453,-0.5877777934074402,9.152403831481934,-0.7880952954292297,11.999238967895508,-0.687936544418335,False
96,-39.77730941772461,-0.6732568144798279,9.086111068725586,-0.802527129650116,11.84909725189209,-0.7378919720649719,False
97,-40.14946746826172,-0.7887892127037048,9.640193939208984,-0.6819044351577759,11.838171005249023,-0.735346794128418,False
98,-39.657222747802734,-0.6359772086143494,9.475786209106445,-0.7176956534385681,11.829849243164062,-0.6768364310264587,False
99,-39.53999710083008,-0.599585771560669,9.363883972167969,-0.7420565485954285,11.89252758026123,-0.6708211898803711,False
100,-39.94059753417969,-0.7239478230476379,9.97544002532959,-0.6089220643043518,11.84909725189209,-0.6664349436759949,False
101,-39.81816864013672,-0.6859411001205444,10.540204048156738,-0.4859740734100342,11.978105545043945,-0.5859575867652893,False
102,-39.95476150512695,-0.7283448576927185,10.164933204650879,-0.5676697492599487,12.020269393920898,-0.6480072736740112,False
103,-39.70355224609375,-0.6503596901893616,9.486454963684082,-0.7153730988502502,12.030746459960938,-0.6828663945198059,False
104,-39.70461654663086,-0.6506900787353516,10.178272247314453,-0.5647658705711365,11.915153503417969,-0.6077280044555664,False
105,-39.458251953125,-0.5742089152336121,9.690465927124023,-0.6709603071212769,11.956868171691895,-0.6225845813751221,False
106,-39.6768798828125,-0.6420795321464539,10.453354835510254,-0.504880964756012,11.870865821838379,-0.5734802484512329,False
107,-39.874141693115234,-0.7033173441886902,10.027422904968262,-0.5976054668426514,11.762024879455566,-0.6504614353179932,False
108,-40.165531158447266,-0.7937760353088379,8.045475959777832,-1.0290712118148804,11.967498779296875,-0.9114236235618591,False
109,-39.715538024902344,-0.6540805697441101,8.419708251953125,-0.9476016163825989,11.893606185913086,-0.8008410930633545,False
110,-40.07501983642578,-0.7656777501106262,9.675604820251465,-0.6741955280303955,11.84909725189209,-0.7199366092681885,False
111,-40.06620788574219,-0.7629421949386597,9.532998085021973,-0.7052407264709473,11.881710052490234,-0.7340914607048035,False
112,-39.359806060791016,-0.5436474084854126,9.61897087097168,-0.6865246295928955,11.935527801513672,-0.615086019039154,False
113,-39.94731903076172,-0.7260344624519348,8.654153823852539,-0.8965632915496826,12.072406768798828,-0.8112988471984863,False
114,-40.23954772949219,-0.8167536854743958,9.673798561096191,-0.6745887398719788,12.041200637817383,-0.7456712126731873,False
115,-39.75102996826172,-0.6650986671447754,10.095515251159668,-0.5827819108963013,11.924816131591797,-0.6239402890205383,False
116,-39.535213470458984,-0.5981007814407349,10.058018684387207,-0.5909448266029358,11.978105545043945,-0.5945228338241577,False
117,-39.669288635253906,-0.6397229433059692,9.62205696105957,-0.6858528256416321,12.072406768798828,-0.662787914276123,False
118,-39.95952606201172,-0.7298240065574646,8.921680450439453,-0.8383232951164246,11.97916316986084,-0.7840736508369446,False
119,-39.402835845947266,-0.5570055842399597,9.339347839355469,-0.7473979592323303,12.093087196350098,-0.652201771736145,False
120,-39.563297271728516,-0.6068190932273865,8.775123596191406,-0.8702284097671509,11.956868171691895,-0.7385237216949463,False
121,-39.779090881347656,-0.673809826374054,9.19987964630127,-0.7777599096298218,12.021316528320312,-0.7257848978042603,False
122,-39.87952423095703,-0.7049883008003235,9.214753150939941,-0.7745220065116882,11.988685607910156,-0.7397551536560059,False
123,-39.41329574584961,-0.5602527260780334,9.403365135192871,-0.7334615588188171,12.020269393920898,-0.6468571424484253,False
124,-39.81684112548828,-0.6855289936065674,10.114850997924805,-0.5785725712776184,12.154545783996582,-0.6320507526397705,False
125,-40.09352111816406,-0.7714213132858276,10.385865211486816,-0.5195733308792114,11.935527801513672,-0.6454973220825195,False
126,-39.92820358276367,-0.7201002836227417,8.325154304504395,-0.9681857824325562,11.936595916748047,-0.8441430330276489,False
127,-39.952205657958984,-0.7275514602661133,9.132680892944336,-0.7923889756202698,12.020269393920898,-0.7599701881408691,False
128,-39.765132904052734,-0.6694767475128174,9.599584579467773,-0.6907449960708618,12.030746459960938,-0.6801108717918396,False
129,-40.00514221191406,-0.7439850568771362,9.031495094299316,-0.8144168853759766,11.978105545043945,-0.7792009711265564,False
130,-39.383445739746094,-0.550986111164093,11.118335723876953,-0.36011603474617004,11.999238967895508,-0.4555510878562927,False
131,-40.14503479003906,-0.7874131798744202,9.714533805847168,-0.6657207608222961,11.942367553710938,-0.7265669703483582,False
132,-39.78995132446289,-0.6771813631057739,9.544600486755371,-0.7027149200439453,11.881710052490234,-0.6899481415748596,False
133,-40.072147369384766,-0.7647860646247864,9.308162689208984,-0.7541869282722473,12.031791687011719,-0.7594864964485168,False
134,-40.0308952331543,-0.7519797682762146,9.426579475402832,-0.7284078598022461,12.031791687011719,-0.7401938438415527,False
135,-39.703121185302734,-0.6502258777618408,10.16430377960205,-0.5678067803382874,12.062029838562012,-0.6090162992477417,False
136,-40.08578109741211,-0.7690184712409973,8.670193672180176,-0.8930714726448059,12.051628112792969,-0.8310449719429016,False
137,-39.24317932128906,-0.5074419379234314,8.840453147888184,-0.8560063242912292,12.113670349121094,-0.6817241311073303,False
138,-39.28532028198242,-0.5205241441726685,10.527130126953125,-0.48882025480270386,12.010817527770996,-0.5046721696853638,False
139,-40.23766326904297,-0.8161686658859253,8.97488784790039,-0.8267401456832886,11.924816131591797,-0.8214544057846069,False
140,-39.3787841796875,-0.5495389699935913,9.71373462677002,-0.6658947467803955,11.967498779296875,-0.6077168583869934,False
141,-39.79642868041992,-0.6791921854019165,10.168994903564453,-0.5667855739593506,11.967498779296875,-0.6229888796806335,False
142,-39.77008819580078,-0.6710150837898254,10.711926460266113,-0.448590487241745,12.00029182434082,-0.559802770614624,False
143,-39.8529167175293,-0.6967282891273499,14.023784637451172,0.27239418029785156,11.946210861206055,-0.21216705441474915,False
144,-38.99198532104492,-0.4294614791870117,17.8596134185791,1.1074460744857788,12.082758903503418,0.33899229764938354,False
145,-39.71748733520508,-0.6546856760978699,16.68922233581543,0.8526543974876404,11.999238967895508,0.09898436069488525,False
146,-38.9610481262207,-0.419857382774353,16.664012908935547,0.8471663594245911,12.051628112792969,0.21365448832511902,False
147,-39.03619384765625,-0.4431855380535126,16.772356033325195,0.8707524538040161,12.10339069366455,0.21378345787525177,False
148,-39.401145935058594,-0.5564809441566467,14.97327709197998,0.4790967106819153,11.924816131591797,-0.03869211673736572,False
149,-40.15440368652344,-0.7903216481208801,16.463491439819336,0.8035132884979248,12.072406768798828,0.006595820188522339,False
150,-39.33967208862305,-0.5373970866203308,16.817630767822266,0.8806086778640747,12.165717124938965,0.17160579562187195,False
151,-40.0040283203125,-0.7436392307281494,12.945167541503906,0.037581466138362885,12.072406768798828,-0.35302889347076416,False
152,-39.411216735839844,-0.5596073269844055,15.8339262008667,0.666458249092102,12.051628112792969,0.05342546105384827,False
153,-39.52216339111328,-0.5940495133399963,16.798931121826172,0.8765377998352051,12.010817527770996,0.14124414324760437,False
154,-39.18973159790039,-0.49084967374801636,15.367330551147461,0.5648813247680664,12.184951782226562,0.037015825510025024,False
155,-39.52558898925781,-0.5951129198074341,16.411252975463867,0.7921410799026489,12.123924255371094,0.09851408004760742,False
156,-39.83663558959961,-0.691673994064331,14.19594955444336,0.30987411737442017,12.072406768798828,-0.19089993834495544,False
157,-39.90262985229492,-0.7121611833572388,15.516067504882812,0.5972610712051392,12.051628112792969,-0.057450056076049805,False
158,-39.49364471435547,-0.5851961970329285,16.92864990234375,0.9047772884368896,12.2151460647583,0.1597905457019806,False
159,-39.95879364013672,-0.7295966148376465,19.58070182800293,1.4821234941482544,12.113670349121094,0.37626343965530396,False
160,-40.09431457519531,-0.7716675996780396,19.606576919555664,1.4877564907073975,12.274911880493164,0.35804444551467896,False
161,-40.23744583129883,-0.8161011934280396,16.94993019104004,0.9094099998474121,12.113670349121094,0.04665440320968628,False
162,-40.05830764770508,-0.7604896426200867,17.22315788269043,0.9688910841941833,12.195038795471191,0.10420072078704834,False
163,-39.882781982421875,-0.7059996128082275,17.096250534057617,0.9412636160850525,12.105860710144043,0.11763200163841248,False
164,-39.91893005371094,-0.7172213792800903,19.84159278869629,1.5389188528060913,12.020269393920898,0.4108487367630005,False
165,-40.202430725097656,-0.8052310943603516,17.741191864013672,1.0816659927368164,12.020269393920898,0.13821744918823242,False
166,-39.97357940673828,-0.7341867089271545,16.18662452697754,0.7432399392127991,12.072406768798828,0.004526615142822266,False
167,-39.64044952392578,-0.6307701468467712,20.03292465209961,1.5805714130401611,12.062029838562012,0.47490063309669495,False
168,-40.02467727661133,-0.7500494718551636,19.89670753479004,1.5509172677993774,12.082758903503418,0.40043389797210693,False
169,-39.362247467041016,-0.5444053411483765,18.395322799682617,1.2240688800811768,12.051628112792969,0.33983176946640015,False
170,-39.992366790771484,-0.7400190234184265,17.53391456604004,1.0365421772003174,12.093087196350098,0.14826157689094543,False
171,-40.089996337890625,-0.770327091217041,14.708969116210938,0.42155739665031433,12.123924255371094,-0.17438484728336334,False
172,-39.82123947143555,-0.686894416809082,15.553147315979004,0.6053332686424255,12.051628112792969,-0.04078057408332825,False
173,-39.98355484008789,-0.73728346824646,16.762434005737305,0.8685924410820007,12.009767532348633,0.06565448641777039,False
174,-40.44021224975586,-0.8790478110313416,18.709562301635742,1.2924782037734985,11.967498779296875,0.2067151963710785,False
175,-39.732181549072266,-0.6592473387718201,15.305298805236816,0.5513771176338196,12.144363403320312,-0.053935110569000244,False
176,-39.843196868896484,-0.6937108635902405,16.39957618713379,0.7895990610122681,11.903316497802734,0.047944098711013794,False
177,-39.74467086791992,-0.6631245613098145,16.89154052734375,0.8966986536979675,11.999238967895508,0.11678704619407654,False
178,-39.382469177246094,-0.5506829619407654,20.089969635009766,1.5929900407791138,12.041200637817383,0.5211535692214966,False
179,-39.77348327636719,-0.6720690131187439,19.45621681213379,1.4550234079360962,11.967498779296875,0.39147719740867615,False
180,-40.019222259521484,-0.74835604429245,19.236440658569336,1.407178521156311,11.968559265136719,0.32941123843193054,False
181,-39.137786865234375,-0.4747239947319031,16.820207595825195,0.8811696171760559,11.924816131591797,0.20322281122207642,False
182,-39.27182388305664,-0.5163342952728271,18.742380142211914,1.299622654914856,11.956868171691895,0.3916441798210144,False
183,-39.92611312866211,-0.7194513082504272,15.125828742980957,0.5123068690299988,12.020269393920898,-0.10357221961021423,False
184,-39.65144729614258,-0.6341843008995056,15.831052780151367,0.6658326983451843,11.935527801513672,0.015824198722839355,False
185,-39.375335693359375,-0.5484684705734253,17.940881729125977,1.1251380443572998,12.123924255371094,0.28833478689193726,False
186,-39.37160873413086,-0.5473114252090454,17.72389030456543,1.07789945602417,12.164703369140625,0.26529401540756226,False
187,-39.63072967529297,-0.6277527213096619,16.574981689453125,0.8277844786643982,11.978105545043945,0.10001587867736816,False
188,-39.85837173461914,-0.6984217166900635,15.462531089782715,0.5856062769889832,12.113670349121094,-0.05640771985054016,False
189,-39.444252014160156,-0.5698627829551697,20.53141975402832,1.689092755317688,12.134156227111816,0.5596150159835815,False
190,-38.79180908203125,-0.3673189580440521,22.72554588317871,2.1667494773864746,12.020269393920898,0.89971524477005,False
191,-39.090457916259766,-0.4600312411785126,21.56733512878418,1.914609432220459,12.2151460647583,0.727289080619812,False
192,-40.0479621887207,-0.7572780251502991,19.311731338500977,1.4235692024230957,12.195038795471191,0.3331455886363983,False
193,-39.50178146362305,-0.5877221822738647,18.56436538696289,1.2608691453933716,12.164703369140625,0.3365734815597534,False
194,-39.661190032958984,-0.6372088193893433,18.24488639831543,1.191319227218628,12.184951782226562,0.27705520391464233,False
195,-39.63533020019531,-0.629180908203125,19.979402542114258,1.5689197778701782,12.009767532348633,0.4698694348335266,False
196,-39.83442306518555,-0.6909871101379395,19.500778198242188,1.4647243022918701,12.116544723510742,0.38686859607696533,False
197,-39.30101013183594,-0.525394856929779,17.964580535888672,1.1302971839904785,12.041200637817383,0.30245116353034973,False
198,-39.879215240478516,-0.7048923969268799,16.388322830200195,0.78714919090271,12.165717124938965,0.04112839698791504,False
199,-39.72780227661133,-0.657887876033783,18.254009246826172,1.193305253982544,12.154545783996582,0.2677086889743805,False
200,-40.014434814453125,-0.7468698024749756,15.281582832336426,0.54621422290802,12.255081176757812,-0.10032778978347778,False
201,-39.46940612792969,-0.5776715874671936,11.940717697143555,-0.18108516931533813,12.245131492614746,-0.37937837839126587,False
202,-39.6808967590332,-0.6433265805244446,14.46112060546875,0.36760130524635315,12.430380821228027,-0.13786263763904572,False
203,-39.46952819824219,-0.5777094960212708,18.305585861206055,1.204533338546753,12.265996932983398,0.3134119212627411,False
204,-39.628116607666016,-0.6269415020942688,16.528270721435547,0.8176155686378479,12.144363403320312,0.09533703327178955,False
205,-39.04268264770508,-0.4451999068260193,14.46158504486084,0.3677023947238922,12.093087196350098,-0.03874875605106354,False
206,-39.21908950805664,-0.49996352195739746,12.699467658996582,-0.015906887128949165,12.235159873962402,-0.25793519616127014,False
207,-39.2519416809082,-0.5101621150970459,14.622203826904297,0.4026687741279602,12.274911880493164,-0.05374667048454285,False
208,-38.983028411865234,-0.42668092250823975,14.56828498840332,0.39093077182769775,12.275899887084961,-0.017875075340270996,False
209,-39.556522369384766,-0.604715883731842,14.451443672180176,0.36549463868141174,12.2151460647583,-0.11961062252521515,False
210,-39.305686950683594,-0.5268467664718628,17.48041343688965,1.0248950719833374,12.123924255371094,0.2490241527557373,False
211,-39.49230194091797,-0.5847793221473694,17.580211639404297,1.0466209650039673,12.135176658630371,0.23092082142829895,False
212,-39.627323150634766,-0.6266952157020569,17.135257720947266,0.9497553706169128,12.082758903503418,0.16153007745742798,False
213,-39.48170852661133,-0.5814907550811768,16.356325149536133,0.7801833748817444,12.134156227111816,0.09934630990028381,False
214,-39.70149230957031,-0.6497201919555664,16.404064178466797,0.7905761003494263,12.123924255371094,0.07042795419692993,False
215,-39.71051025390625,-0.6525197625160217,13.718579292297363,0.20595160126686096,12.00029182434082,-0.22328408062458038,False
216,-39.97319030761719,-0.7340658903121948,13.073274612426758,0.06547010689973831,12.144363403320312,-0.33429789543151855,False
217,-39.660400390625,-0.6369636654853821,14.213409423828125,0.31367507576942444,12.134156227111816,-0.16164429485797882,False
218,-39.911617279052734,-0.71495121717453,12.960408210754395,0.040899328887462616,12.144363403320312,-0.3370259404182434,False
219,-39.617549896240234,-0.6236612200737,13.346426010131836,0.1249345988035202,12.225164413452148,-0.24936330318450928,False
220,-39.283660888671875,-0.5200089812278748,11.132311820983887,-0.35707345604896545,12.009767532348633,-0.4385412335395813,False
221,-38.93330383300781,-0.4112444519996643,9.541263580322266,-0.703441321849823,12.154545783996582,-0.5573428869247437,False
222,-39.81550598144531,-0.6851145029067993,11.44887638092041,-0.28815799951553345,12.123924255371094,-0.4866362512111664,False
223,-39.027915954589844,-0.44061577320098877,9.820527076721191,-0.6426462531089783,12.11469554901123,-0.5416309833526611,False
224,-39.17414855957031,-0.4860120713710785,10.416321754455566,-0.5129430294036865,12.113670349121094,-0.4994775652885437,False
225,-38.869300842285156,-0.39137542247772217,9.891121864318848,-0.6272779107093811,12.062029838562012,-0.509326696395874,False
226,-38.874267578125,-0.392917275428772,10.514908790588379,-0.4914807975292206,12.144363403320312,-0.44219905138015747,False
227,-39.1497688293457,-0.4784436523914337,9.573336601257324,-0.6964591145515442,12.195038795471191,-0.5874513983726501,False
228,-39.85551071166992,-0.6975335478782654,10.352263450622559,-0.526888370513916,12.191650390625,-0.6122109889984131,False
229,-39.82640075683594,-0.6884967088699341,9.733821868896484,-0.6615217924118042,12.154545783996582,-0.6750092506408691,False
230,-39.48867416381836,-0.5836531519889832,10.18244743347168,-0.5638569593429565,12.343615531921387,-0.5737550258636475,False
231,-39.2614631652832,-0.5131179690361023,10.046863555908203,-0.5933732986450195,12.10339069366455,-0.5532456636428833,False
232,-39.416500091552734,-0.5612474679946899,9.991581916809082,-0.6054080128669739,12.073441505432129,-0.5833277702331543,False
233,-39.13448715209961,-0.4736996293067932,9.367720603942871,-0.7412213087081909,12.304489135742188,-0.6074604988098145,False
234,-39.29328536987305,-0.5229967832565308,9.521215438842773,-0.7078058123588562,12.225164413452148,-0.6154012680053711,False
235,-39.55077362060547,-0.6029312610626221,10.492024421691895,-0.49646270275115967,12.225164413452148,-0.5496969819068909,False
236,-39.30924606323242,-0.5279516577720642,10.620733261108398,-0.46844303607940674,12.184951782226562,-0.4981973469257355,False
237,-38.9682502746582,-0.4220931828022003,11.795973777770996,-0.2125956267118454,12.235159873962402,-0.31734439730644226,False
238,-39.56214904785156,-0.6064625978469849,11.343742370605469,-0.31104546785354614,12.164703369140625,-0.4587540328502655,False
239,-39.588340759277344,-0.6145935654640198,12.674409866333008,-0.02136191539466381,12.216147422790527,-0.3179777264595032,False
240,-39.480491638183594,-0.5811129808425903,11.77357006072998,-0.2174728661775589,12.2151460647583,-0.399292916059494,False
241,-39.54848861694336,-0.6022219061851501,11.711162567138672,-0.23105885088443756,12.31430435180664,-0.41664037108421326,False
242,-39.450111389160156,-0.5716817378997803,13.738029479980469,0.21018587052822113,12.184951782226562,-0.18074792623519897,False
243,-39.17793273925781,-0.48718684911727905,12.327912330627441,-0.09679371118545532,12.216147422790527,-0.2919902801513672,False
244,-39.01385498046875,-0.4362506866455078,14.156169891357422,0.30121415853500366,12.274911880493164,-0.06751826405525208,False
245,-38.57427215576172,-0.2997869849205017,12.985464096069336,0.04635394364595413,12.333866119384766,-0.1267165243625641,False
246,-39.25166320800781,-0.5100756883621216,11.161364555358887,-0.350748747587204,12.235159873962402,-0.430412232875824,False
247,-38.68328094482422,-0.3336275517940521,10.862943649291992,-0.4157143533229828,12.175850868225098,-0.37467095255851746,False
248,-38.16860580444336,-0.17385226488113403,11.407511711120605,-0.2971630096435547,12.28479290008545,-0.23550763726234436,False
249,-38.808712005615234,-0.372566282749176,12.281102180480957,-0.10698418319225311,12.225164413452148,-0.23977524042129517,False
250,-38.91699981689453,-0.40618306398391724,10.949348449707031,-0.39690420031547546,12.236156463623047,-0.40154361724853516,False
251,-38.18330001831055,-0.17841392755508423,10.823578834533691,-0.4242839813232422,12.093087196350098,-0.3013489544391632,False
252,-37.88007354736328,-0.08428055793046951,11.461042404174805,-0.28550949692726135,12.195038795471191,-0.18489502370357513,False
253,-38.03388595581055,-0.1320299506187439,11.733199119567871,-0.22626154124736786,12.235159873962402,-0.17914575338363647,False
254,-38.8736457824707,-0.39272424578666687,11.05134391784668,-0.37470000982284546,12.154545783996582,-0.38371211290359497,False
255,-38.70978546142578,-0.34185561537742615,11.293415069580078,-0.3220016062259674,12.265007019042969,-0.3319286108016968,False
256,-38.91459655761719,-0.40543699264526367,12.67191219329834,-0.021905653178691864,12.225164413452148,-0.21367132663726807,False
257,-39.33200454711914,-0.5350167751312256,12.531275749206543,-0.05252191424369812,12.205103874206543,-0.29376935958862305,False
258,-39.477928161621094,-0.5803171396255493,11.311299324035645,-0.3181082606315613,12.225164413452148,-0.4492127001285553,False
259,-39.337947845458984,-0.536861777305603,11.733612060546875,-0.22617164254188538,12.225164413452148,-0.381516695022583,False
260,-38.86680603027344,-0.39060091972351074,10.479779243469238,-0.49912843108177185,12.134156227111816,-0.4448646903038025,False
261,-38.962162017822266,-0.42020314931869507,11.607940673828125,-0.2535300552845001,12.105860710144043,-0.3368666172027588,False
262,-38.84922409057617,-0.38514280319213867,12.159214973449707,-0.1335187703371048,12.093087196350098,-0.25933077931404114,False
263,-38.85478591918945,-0.3868694305419922,11.687806129455566,-0.23614349961280823,12.093087196350098,-0.311506450176239,False
264,-38.23012924194336,-0.19295154511928558,12.790310859680176,0.003869489533826709,12.155561447143555,-0.0945410281419754,False
265,-38.24622344970703,-0.19794781506061554,10.491003036499023,-0.49668505787849426,12.063067436218262,-0.3473164439201355,False
266,-39.30851745605469,-0.5277254581451416,11.131383895874023,-0.35727545619010925,12.072406768798828,-0.4425004720687866,False
267,-39.35332107543945,-0.5416342616081238,10.971244812011719,-0.39213740825653076,11.967498779296875,-0.46688583493232727,False
268,-38.994789123535156,-0.43033188581466675,11.179337501525879,-0.34683606028556824,12.083791732788086,-0.3885839581489563,False
269,-38.34434127807617,-0.22840742766857147,11.092697143554688,-0.3656974732875824,12.154545783996582,-0.29705244302749634,False
270,-38.8013916015625,-0.3702937364578247,10.903326988220215,-0.40692296624183655,11.967498779296875,-0.38860833644866943,False
271,-38.74939727783203,-0.354152649641037,9.192520141601562,-0.7793620824813843,11.967498779296875,-0.5667573809623718,False
272,-39.04098129272461,-0.44467175006866455,11.302152633666992,-0.32009947299957275,11.978105545043945,-0.38238561153411865,False
273,-38.934791564941406,-0.4117062985897064,10.057930946350098,-0.5909639596939087,11.935527801513672,-0.5013351440429688,False
274,-38.853675842285156,-0.3865247964859009,11.39849853515625,-0.29912516474723816,11.999238967895508,-0.3428249955177307,False
275,-39.24570846557617,-0.5082270503044128,9.603641510009766,-0.6898618340492249,12.093087196350098,-0.5990444421768188,False
276,-40.01716995239258,-0.7477189302444458,8.765063285827637,-0.8724185228347778,12.041200637817383,-0.8100687265396118,False
277,-39.50528335571289,-0.5888092517852783,9.53754711151123,-0.7042503952980042,12.062029838562012,-0.6465297937393188,False
278,-39.06705093383789,-0.4527647793292999,10.650430679321289,-0.4619779884815216,12.062029838562012,-0.45737138390541077,False
279,-39.42633819580078,-0.564301609992981,10.143896102905273,-0.5722495317459106,12.030746459960938,-0.5682755708694458,False
280,-39.04197692871094,-0.44498082995414734,10.511207580566406,-0.4922865629196167,12.082758903503418,-0.4686337113380432,False
281,-38.85205841064453,-0.386022686958313,9.797109603881836,-0.6477441787719727,12.00029182434082,-0.5168834328651428,False
282,-39.04948425292969,-0.4473114013671875,10.386813163757324,-0.519366979598999,11.988685607910156,-0.48333919048309326,False
283,-39.9909553527832,-0.7395808696746826,9.654342651367188,-0.678824245929718,12.082758903503418,-0.7092025279998779,False
284,-39.67813491821289,-0.6424691677093506,10.275591850280762,-0.543579638004303,12.082758903503418,-0.5930243730545044,False
285,-39.33679962158203,-0.5365053415298462,11.794389724731445,-0.21294046938419342,11.903316497802734,-0.3747228980064392,False
286,-39.34083938598633,-0.5377594232559204,10.348794937133789,-0.5276434421539307,11.988685607910156,-0.5327014327049255,False
287,-39.24222183227539,-0.5071446895599365,10.582036972045898,-0.476867139339447,11.946210861206055,-0.4920059144496918,False
288,-39.43638229370117,-0.567419707775116,11.83818244934082,-0.20340688526630402,12.093087196350098,-0.3854132890701294,False
289,-39.348350524902344,-0.5400912165641785,10.830610275268555,-0.422753244638443,12.072406768798828,-0.4814222455024719,False
290,-39.45602798461914,-0.5735185146331787,8.927465438842773,-0.8370639085769653,12.154545783996582,-0.705291211605072,False
291,-39.54600524902344,-0.6014509201049805,9.413322448730469,-0.7312938570976257,12.144363403320312,-0.6663724184036255,False
292,-39.77666473388672,-0.6730566620826721,9.218162536621094,-0.7737797498703003,12.073441505432129,-0.7234182357788086,False
293,-39.70236587524414,-0.6499913930892944,10.256786346435547,-0.5476735234260559,12.190603256225586,-0.5988324880599976,False
294,-39.527809143066406,-0.5958021879196167,10.063212394714355,-0.5898141860961914,12.216147422790527,-0.592808187007904,False
295,-39.72439956665039,-0.6568315029144287,9.841291427612305,-0.6381258964538574,12.195038795471191,-0.6474786996841431,False
296,-39.702552795410156,-0.6500494480133057,9.696789741516113,-0.6695836186408997,12.073441505432129,-0.6598165035247803,False
297,-39.79634094238281,-0.6791649460792542,10.789112091064453,-0.43178731203079224,12.154545783996582,-0.5554761290550232,False
298,-39.91685104370117,-0.7165759801864624,11.169305801391602,-0.34901994466781616,12.205103874206543,-0.5327979326248169,False
299,-39.61659240722656,-0.6233639717102051,10.170719146728516,-0.5664101839065552,12.063067436218262,-0.5948870778083801,False
300,-39.46552276611328,-0.5764660239219666,9.860962867736816,-0.6338434815406799,12.195038795471191,-0.6051547527313232,False
301,-39.15464401245117,-0.47995710372924805,8.682453155517578,-0.890402615070343,12.174839973449707,-0.6851798295974731,False
302,-39.09791946411133,-0.4623475968837738,9.849250793457031,-0.6363931894302368,12.164703369140625,-0.5493704080581665,False
303,-39.13566970825195,-0.47406673431396484,11.077946662902832,-0.3689086437225342,12.195038795471191,-0.4214876890182495,False
304,-39.91157913208008,-0.7149394154548645,10.604604721069336,-0.47195419669151306,12.205103874206543,-0.5934467911720276,False
305,-39.77079772949219,-0.6712353229522705,9.50308609008789,-0.7117525339126587,12.205103874206543,-0.6914939284324646,False
306,-40.22209167480469,-0.8113346099853516,9.799835205078125,-0.6471508741378784,12.205103874206543,-0.729242742061615,False
307,-39.589542388916016,-0.6149665713310242,8.896531105041504,-0.8437982797622681,12.154545783996582,-0.7293823957443237,False
308,-39.807212829589844,-0.6825399994850159,9.67918586730957,-0.6734159588813782,12.275899887084961,-0.677977979183197,False
309,-40.04914093017578,-0.7576439380645752,10.306777000427246,-0.536790668964386,12.123924255371094,-0.6472172737121582,False
310,-39.72429656982422,-0.6567995548248291,10.146615982055664,-0.5716574192047119,12.144363403320312,-0.6142284870147705,False
311,-39.61977767944336,-0.6243528127670288,9.977450370788574,-0.6084843873977661,12.2151460647583,-0.6164186000823975,False
312,-40.090641021728516,-0.770527184009552,10.083736419677734,-0.5853461623191833,12.225164413452148,-0.6779366731643677,False
313,-39.78643798828125,-0.676090657711029,9.49255657196045,-0.7140447497367859,12.154545783996582,-0.6950677037239075,False
314,-39.877681732177734,-0.7044163346290588,10.453145027160645,-0.5049266815185547,12.274911880493164,-0.6046714782714844,False
315,-39.750396728515625,-0.6649020910263062,9.914518356323242,-0.6221845746040344,12.256073951721191,-0.6435433626174927,False
316,-39.602413177490234,-0.6189621686935425,8.521146774291992,-0.9255186319351196,12.343615531921387,-0.772240400314331,False
317,-39.93017578125,-0.7207125425338745,8.549393653869629,-0.9193693995475769,12.195038795471191,-0.8200409412384033,False
318,-40.297218322753906,-0.8346568942070007,9.01763916015625,-0.8174332976341248,12.154545783996582,-0.8260450959205627,False
319,-39.39472198486328,-0.5544866919517517,8.87990665435791,-0.8474173545837402,12.235159873962402,-0.7009520530700684,False
320,-40.32598876953125,-0.8435883522033691,9.49130630493164,-0.7143169641494751,12.2151460647583,-0.7789526581764221,False
321,-40.3708610534668,-0.8575184941291809,10.015825271606445,-0.6001302599906921,12.10339069366455,-0.7288243770599365,False
322,-39.93373489379883,-0.7218174338340759,10.68259334564209,-0.45497623085975647,12.134156227111816,-0.5883968472480774,False
323,-40.22890090942383,-0.8134484887123108,9.264854431152344,-0.763615071773529,12.072406768798828,-0.7885317802429199,False
324,-40.2723503112793,-0.8269369006156921,10.138206481933594,-0.5734881162643433,12.174839973449707,-0.7002124786376953,False
325,-40.09191131591797,-0.770921528339386,8.507280349731445,-0.9285373687744141,12.072406768798828,-0.8497294187545776,False
326,-40.39502716064453,-0.8650205731391907,10.200276374816895,-0.5599756240844727,12.105860710144043,-0.7124980688095093,False
327,-39.85723876953125,-0.6980699896812439,9.232884407043457,-0.7705748677253723,12.135176658630371,-0.7343224287033081,False
328,-39.69125747680664,-0.6465429067611694,10.038029670715332,-0.5952963829040527,12.10339069366455,-0.6209196448326111,False
329,-40.27352523803711,-0.8273016214370728,7.905950546264648,-1.0594456195831299,12.185959815979004,-0.9433736205101013,False
330,-40.3904914855957,-0.8636125326156616,9.04416561126709,-0.8116585612297058,12.195038795471191,-0.8376355171203613,False
331,-40.03895950317383,-0.7544832229614258,9.623922348022461,-0.6854466795921326,12.195038795471191,-0.7199649810791016,False
332,-40.368221282958984,-0.8566989898681641,9.169317245483398,-0.7844132781028748,11.999238967895508,-0.8205561637878418,False
333,-40.51429748535156,-0.9020467400550842,9.856009483337402,-0.6349218487739563,12.184951782226562,-0.7684842944145203,False
334,-40.07072830200195,-0.7643455266952515,8.612220764160156,-0.9056920409202576,12.094117164611816,-0.8350187540054321,False
335,-40.12749099731445,-0.7819668650627136,9.65445613861084,-0.678799569606781,12.184951782226562,-0.7303832173347473,False
336,-39.9417839050293,-0.7243161201477051,9.805377006530762,-0.6459444165229797,12.072406768798828,-0.68513023853302,False
337,-40.42389678955078,-0.873982846736908,8.293994903564453,-0.9749691486358643,12.174839973449707,-0.9244760274887085,False
338,-40.22356033325195,-0.8117905855178833,8.970178604125977,-0.8277653455734253,12.051628112792969,-0.8197779655456543,False
339,-40.124755859375,-0.7811177968978882,8.217653274536133,-0.9915885329246521,12.225164413452148,-0.8863531351089478,False
340,-40.00906753540039,-0.7452036142349243,8.71396255493164,-0.883543074131012,12.164703369140625,-0.8143733739852905,False
341,-40.220916748046875,-0.810969889163971,9.117119789123535,-0.7957765460014343,12.021316528320312,-0.8033732175827026,False
342,-39.80337905883789,-0.6813498735427856,9.771269798278809,-0.6533694863319397,12.10339069366455,-0.6673597097396851,False
343,-40.1040153503418,-0.7746791243553162,9.575692176818848,-0.6959463357925415,12.051628112792969,-0.7353127002716064,False
344,-39.585365295410156,-0.6136698722839355,10.148812294006348,-0.5711792707443237,12.10339069366455,-0.5924245715141296,False
345,-40.2437744140625,-0.8180658221244812,10.767064094543457,-0.4365871250629425,12.093087196350098,-0.627326488494873,False
346,-39.88554763793945,-0.706858217716217,9.471712112426758,-0.7185825705528259,11.956868171691895,-0.7127203941345215,False
347,-39.814388275146484,-0.6847675442695618,9.779862403869629,-0.6514988541603088,11.946210861206055,-0.6681331992149353,False
348,-39.49065399169922,-0.5842677354812622,10.581427574157715,-0.47699981927871704,11.967498779296875,-0.530633807182312,False
349,-40.019920349121094,-0.7485727667808533,10.194246292114258,-0.5612883567810059,11.956868171691895,-0.654930591583252,False
350,-39.74863815307617,-0.6643561124801636,10.10606575012207,-0.5804851055145264,11.978105545043945,-0.622420608997345,False
351,-40.039588928222656,-0.7546786665916443,10.26329517364502,-0.5462566018104553,12.135176658630371,-0.6504676342010498,False
352,-39.8421745300293,-0.6933934688568115,10.196351051330566,-0.5608301758766174,12.174839973449707,-0.6271117925643921,False
353,-39.51850509643555,-0.592913806438446,9.017960548400879,-0.8173633217811584,12.123924255371094,-0.7051385641098022,False
354,-39.55815505981445,-0.6052227020263672,9.78938102722168,-0.6494266986846924,12.145380973815918,-0.6273247003555298,False
355,-39.548648834228516,-0.6022716164588928,8.851962089538574,-0.8535008430480957,12.113670349121094,-0.7278861999511719,False
356,-40.06178283691406,-0.7615684866905212,10.101771354675293,-0.5814199447631836,12.123924255371094,-0.6714942455291748,False
357,-39.704193115234375,-0.6505586504936218,9.627102851867676,-0.6847543120384216,11.988685607910156,-0.6676564812660217,False
358,-39.87697219848633,-0.704196035861969,9.144182205200195,-0.7898851633071899,12.116544723510742,-0.7470406293869019,False
359,-39.906558990478516,-0.7133809328079224,10.722257614135742,-0.4463413953781128,12.164703369140625,-0.5798611640930176,False
360,-39.64445114135742,-0.6320124268531799,10.666707038879395,-0.4584346413612366,12.174839973449707,-0.5452235341072083,False
361,-40.002010345458984,-0.7430127859115601,10.859655380249023,-0.41643020510673523,12.184951782226562,-0.5797215104103088,False
362,-39.82817459106445,-0.6890473365783691,9.954898834228516,-0.6133938431739807,12.113670349121094,-0.6512205600738525,False
363,-39.46747970581055,-0.5770735740661621,10.803360939025879,-0.42868536710739136,12.154545783996582,-0.5028795003890991,False
364,-39.839298248291016,-0.6925005912780762,11.003551483154297,-0.38510429859161377,12.041200637817383,-0.538802444934845,False
365,-39.07643508911133,-0.45567798614501953,10.412565231323242,-0.5137608051300049,12.165717124938965,-0.4847193956375122,False
366,-39.65398406982422,-0.6349717974662781,10.53388786315918,-0.48734909296035767,12.123924255371094,-0.5611604452133179,False
367,-39.11334991455078,-0.46713781356811523,10.730088233947754,-0.4446367025375366,12.30547046661377,-0.4558872580528259,False
368,-38.69437789916992,-0.337072491645813,9.503317832946777,-0.7117020487785339,12.051628112792969,-0.5243872404098511,False
369,-38.88792419433594,-0.39715683460235596,10.074176788330078,-0.5874272584915161,12.205103874206543,-0.49229204654693604,False
370,-38.98591995239258,-0.42757856845855713,11.120733261108398,-0.35959407687187195,12.072406768798828,-0.39358633756637573,False
371,-38.94220733642578,-0.4140084385871887,10.903656005859375,-0.4068513512611389,12.225164413452148,-0.4104298949241638,False
372,-39.18315887451172,-0.4888092279434204,11.031095504760742,-0.3791080415248871,12.265007019042969,-0.43395864963531494,False
373,-38.9360237121582,-0.4120888113975525,11.134554862976074,-0.35658514499664307,11.988685607910156,-0.3843369781970978,False
374,-38.70689392089844,-0.34095796942710876,12.469033241271973,-0.06607197970151901,12.113670349121094,-0.2035149782896042,False
375,-38.350154876708984,-0.23021219670772552,12.180206298828125,-0.12894900143146515,12.245131492614746,-0.17958059906959534,False
376,-38.65635681152344,-0.32526925206184387,11.336003303527832,-0.31273025274276733,12.2151460647583,-0.3189997673034668,False
377,-38.67119216918945,-0.329874724149704,12.050896644592285,-0.15709945559501648,12.294652938842773,-0.24348708987236023,False
378,-38.69975280761719,-0.3387410640716553,11.875850677490234,-0.19520659744739532,12.28479290008545,-0.2669738233089447,False
379,-37.975425720214844,-0.11388160288333893,11.094879150390625,-0.3652224838733673,12.205103874206543,-0.23955205082893372,False
380,-37.88218688964844,-0.08493661880493164,12.44385051727295,-0.07155420631170273,12.225164413452148,-0.07824541628360748,False
381,-37.861854553222656,-0.0786246657371521,11.870105743408203,-0.19645725190639496,12.363046646118164,-0.13754096627235413,False
382,-38.47866439819336,-0.27010658383369446,12.298712730407715,-0.10315040498971939,12.174839973449707,-0.18662849068641663,False
383,-37.79420471191406,-0.05762351304292679,11.14696216583252,-0.35388410091400146,12.2151460647583,-0.20575380325317383,False
384,-38.799720764160156,-0.36977505683898926,12.037684440612793,-0.15997572243213654,12.205103874206543,-0.2648753821849823,False
385,-38.350440979003906,-0.23030102252960205,12.32349967956543,-0.0977543368935585,12.144363403320312,-0.16402767598628998,False
386,-37.78221130371094,-0.05390028655529022,12.206076622009277,-0.12331709265708923,12.041200637817383,-0.08860868960618973,False
387,-38.57418441772461,-0.29975974559783936,12.362059593200684,-0.08935992419719696,12.11469554901123,-0.19455984234809875,False
388,-38.629600524902344,-0.3169630765914917,11.44255542755127,-0.2895340621471405,12.155561447143555,-0.3032485842704773,False
389,-38.72318649291992,-0.3460158109664917,13.33893871307373,0.12330463528633118,12.325072288513184,-0.11135558784008026,False
390,-38.43095016479492,-0.25529420375823975,12.506523132324219,-0.057910509407520294,12.246126174926758,-0.15660235285758972,False
391,-38.72844314575195,-0.34764766693115234,12.254888534545898,-0.11269083619117737,12.355284690856934,-0.23016925156116486,False
392,-39.07477951049805,-0.4551640450954437,11.416061401367188,-0.29530176520347595,12.195038795471191,-0.37523290514945984,False
393,-38.88746643066406,-0.3970147371292114,11.744793891906738,-0.22373737394809723,12.265007019042969,-0.31037604808807373,False
394,-38.450565338134766,-0.2613835334777832,11.399868965148926,-0.29882681369781494,12.165717124938965,-0.2801051735877991,False
395,-37.96559524536133,-0.11082983762025833,11.895339965820312,-0.19096381962299347,12.093087196350098,-0.1508968323469162,False
396,-38.00864791870117,-0.12419507652521133,11.393674850463867,-0.300175279378891,12.010817527770996,-0.21218517422676086,False
397,-38.579315185546875,-0.30135253071784973,11.08962345123291,-0.3663666248321533,11.935527801513672,-0.33385956287384033,False
398,-39.02592468261719,-0.4399975836277008,11.889355659484863,-0.192266583442688,11.871950149536133,-0.3161320686340332,False
399,-37.99518585205078,-0.12001591920852661,10.583297729492188,-0.47659268975257874,12.010817527770996,-0.29830431938171387,False
400,-38.220279693603516,-0.18989385664463043,9.614885330200195,-0.6874140501022339,12.030746459960938,-0.43865394592285156,False
401,-38.455509185791016,-0.26291829347610474,9.897256851196289,-0.6259423494338989,12.113670349121094,-0.44443032145500183,False
402,-38.47895050048828,-0.2701953947544098,10.670493125915527,-0.45761042833328247,12.11469554901123,-0.3639029264450073,False
403,-39.39133834838867,-0.553436279296875,10.23828125,-0.5517020225524902,12.062029838562012,-0.5525691509246826,False
404,-39.19353103637695,-0.4920291602611542,9.635485649108887,-0.6829293966293335,12.154545783996582,-0.587479293346405,False
405,-39.5066032409668,-0.5892190337181091,9.326144218444824,-0.7502723932266235,12.051628112792969,-0.669745683670044,False
406,-39.21162796020508,-0.49764716625213623,9.25856876373291,-0.7649834156036377,12.184951782226562,-0.631315290927887,False
407,-38.829654693603516,-0.37906771898269653,9.572772979736328,-0.6965818405151367,12.195038795471191,-0.5378247499465942,False
408,-39.83118438720703,-0.6899816989898682,9.419885635375977,-0.7298650741577148,12.113670349121094,-0.7099233865737915,False
409,-39.14143371582031,-0.47585612535476685,9.878962516784668,-0.629925012588501,12.062029838562012,-0.5528905391693115,False
410,-39.69291687011719,-0.6470580697059631,9.568164825439453,-0.6975849866867065,12.154545783996582,-0.6723215579986572,False
411,-39.15401077270508,-0.4797605276107788,9.355751037597656,-0.7438270449638367,12.235159873962402,-0.6117937564849854,False
412,-39.413272857666016,-0.5602456331253052,8.919262886047363,-0.8388496041297913,12.195038795471191,-0.6995476484298706,False
413,-39.630531311035156,-0.6276911497116089,8.457847595214844,-0.9392987489700317,12.225164413452148,-0.7834949493408203,False
414,-39.3572883605957,-0.5428658723831177,8.923904418945312,-0.8378391861915588,12.062029838562012,-0.6903525590896606,False
415,-40.268890380859375,-0.8258627653121948,8.81572437286377,-0.8613897562026978,12.00029182434082,-0.8436262607574463,False
416,-39.91590881347656,-0.7162835001945496,9.740435600280762,-0.6600820422172546,12.10339069366455,-0.6881827712059021,False
417,-39.935115814208984,-0.7222461104393005,9.943388938903809,-0.6158995032310486,12.020269393920898,-0.6690728068351746,False
418,-39.835533142089844,-0.6913317441940308,9.425585746765137,-0.728624165058136,12.041200637817383,-0.7099779844284058,False
419,-40.27939224243164,-0.8291229605674744,8.31295108795166,-0.9708424210548401,12.226163864135742,-0.8999826908111572,False
420,-39.871978759765625,-0.7026458978652954,9.406723022460938,-0.7327305674552917,12.051628112792969,-0.7176882028579712,False
421,-39.62704086303711,-0.6266075968742371,9.15751838684082,-0.7869818806648254,12.082758903503418,-0.7067947387695312,False
422,-39.92007064819336,-0.7175754904747009,9.520705223083496,-0.7079168558120728,12.113670349121094,-0.7127461433410645,False
423,-40.059478759765625,-0.7608532309532166,8.450636863708496,-0.9408684968948364,12.030746459960938,-0.8508608341217041,False
424,-39.75688171386719,-0.666915237903595,8.661067008972168,-0.8950583338737488,12.084413528442383,-0.7809867858886719,False
425,-39.59112548828125,-0.6154580116271973,8.961191177368164,-0.8297219276428223,12.124947547912598,-0.7225899696350098,False
426,-40.16364288330078,-0.7931898236274719,8.545083999633789,-0.9203075766563416,12.093087196350098,-0.8567487001419067,False
427,-40.2178840637207,-0.8100284337997437,8.282659530639648,-0.9774368405342102,12.072406768798828,-0.8937326669692993,False
428,-40.26888656616211,-0.8258615732192993,9.771530151367188,-0.6533128023147583,12.093087196350098,-0.7395871877670288,False
429,-40.496978759765625,-0.8966703414916992,13.322522163391113,0.11973078548908234,11.914080619812012,-0.38846978545188904,False
430,-40.32499694824219,-0.8432804346084595,11.994577407836914,-0.16936002671718597,11.999238967895508,-0.5063202381134033,False
431,-39.925880432128906,-0.7193790674209595,11.37451171875,-0.30434703826904297,12.072406768798828,-0.5118630528450012,False
432,-39.65364074707031,-0.6348652243614197,11.664060592651367,-0.24131284654140472,12.174839973449707,-0.4380890429019928,False
433,-40.20058059692383,-0.8046567440032959,10.513351440429688,-0.491819828748703,12.10339069366455,-0.6482383012771606,False
434,-40.03853988647461,-0.7543529868125916,12.37957763671875,-0.08554627746343613,12.030746459960938,-0.41994962096214294,False
435,-40.321144104003906,-0.8420844078063965,11.238692283630371,-0.3339146375656128,12.10339069366455,-0.5879995226860046,False
436,-40.035465240478516,-0.7533984780311584,11.017068862915039,-0.38216161727905273,12.134156227111816,-0.5677800178527832,False
437,-40.601768493652344,-0.9292011857032776,11.394042015075684,-0.3000953495502472,12.245131492614746,-0.6146482825279236,False
438,-40.13523483276367,-0.7843708992004395,9.930728912353516,-0.6186555624008179,12.164703369140625,-0.7015132308006287,False
439,-40.356727600097656,-0.8531308770179749,9.11131763458252,-0.7970396876335144,12.154545783996582,-0.8250852823257446,False
440,-40.1093864440918,-0.7763465046882629,10.409276962280273,-0.5144766569137573,12.041200637817383,-0.6454116106033325,False
441,-39.89693832397461,-0.7103943228721619,9.453882217407227,-0.7224640846252441,12.051628112792969,-0.7164292335510254,False
442,-40.00908660888672,-0.7452095150947571,9.52253246307373,-0.7075190544128418,11.903316497802734,-0.726364254951477,False
443,-40.256900787353516,-0.8221407532691956,10.747336387634277,-0.4408818185329437,11.999238967895508,-0.6315112709999084,False
444,-40.3170166015625,-0.8408030271530151,10.197397232055664,-0.5606024265289307,11.999238967895508,-0.7007027268409729,False
445,-40.28441619873047,-0.8306825757026672,10.5807466506958,-0.47714805603027344,12.082758903503418,-0.653915286064148,False
446,-40.25230026245117,-0.8207125663757324,11.608419418334961,-0.25342580676078796,12.030746459960938,-0.5370692014694214,False
447,-39.5731086730957,-0.6098648905754089,10.129303932189941,-0.5754261612892151,12.062029838562012,-0.592645525932312,False
448,-39.98066329956055,-0.7363858222961426,9.451447486877441,-0.7229941487312317,12.10339069366455,-0.7296899557113647,False
449,-39.792747497558594,-0.6780493855476379,10.981812477111816,-0.389836847782135,12.10339069366455,-0.5339431166648865,False
450,-40.2696533203125,-0.8260996341705322,9.624727249145508,-0.6852715015411377,12.093087196350098,-0.755685567855835,False
451,-39.5362663269043,-0.5984275937080383,9.706426620483398,-0.6674857139587402,12.062029838562012,-0.6329566240310669,False
452,-40.43586730957031,-0.8776989579200745,9.910252571105957,-0.623113214969635,12.031791687011719,-0.7504060864448547,False
453,-40.02467727661133,-0.7500494718551636,9.836068153381348,-0.6392630338668823,12.020269393920898,-0.694656252861023,False
454,-40.00012969970703,-0.7424289584159851,10.088385581970215,-0.5843340158462524,12.10339069366455,-0.6633814573287964,False
455,-39.492469787597656,-0.5848314762115479,9.867352485656738,-0.6324524879455566,12.144363403320312,-0.6086419820785522,False
456,-40.23115539550781,-0.8141483664512634,10.468594551086426,-0.501563310623169,11.953460693359375,-0.6578558683395386,False
457,-39.854103088378906,-0.697096586227417,8.329323768615723,-0.9672781229019165,12.052667617797852,-0.8321873545646667,False
458,-40.48532485961914,-0.8930525183677673,10.370380401611328,-0.5229443311691284,12.020269393920898,-0.7079983949661255,False
459,-39.46974563598633,-0.5777769684791565,9.620695114135742,-0.6861492991447449,12.030746459960938,-0.6319631338119507,False
460,-39.65456771850586,-0.6351529955863953,9.801758766174316,-0.6467320919036865,12.009767532348633,-0.6409425735473633,False
461,-39.23228454589844,-0.5040597915649414,10.156736373901367,-0.5694541931152344,11.914080619812012,-0.5367569923400879,False
462,-39.25785446166992,-0.511997640132904,11.645234107971191,-0.24541133642196655,12.030746459960938,-0.3787044882774353,False
463,-39.34074783325195,-0.5377309918403625,9.520661354064941,-0.7079263925552368,12.009767532348633,-0.6228287220001221,False
464,-39.805294036865234,-0.6819443106651306,11.2219877243042,-0.33755120635032654,12.072406768798828,-0.5097477436065674,False
465,-38.85703659057617,-0.3875681161880493,10.862471580505371,-0.41581711173057556,12.123924255371094,-0.40169262886047363,False
466,-39.41847610473633,-0.5618609189987183,10.106405258178711,-0.5804111957550049,12.093087196350098,-0.5711360573768616,False
467,-39.32423782348633,-0.5326056480407715,8.123806953430176,-1.0120186805725098,12.123924255371094,-0.7723121643066406,False
468,-40.11757278442383,-0.7788878679275513,10.508177757263184,-0.49294614791870117,12.030746459960938,-0.6359170079231262,False
469,-39.8421516418457,-0.6933863759040833,11.849783897399902,-0.20088127255439758,12.134156227111816,-0.4471338391304016,False
470,-39.67298126220703,-0.6408692598342896,10.402894020080566,-0.515866219997406,12.062029838562012,-0.5783677101135254,False
471,-39.911277770996094,-0.7148458361625671,9.659205436706543,-0.6777656674385071,12.051628112792969,-0.6963057518005371,False
472,-39.9555549621582,-0.7285912036895752,9.120970726013184,-0.7949382066726685,12.10339069366455,-0.7617647051811218,False
473,-39.759178161621094,-0.6676281690597534,9.40084457397461,-0.7340102791786194,12.042243003845215,-0.7008192539215088,False
474,-39.95841979980469,-0.7294805645942688,10.13705825805664,-0.5737380981445312,12.154545783996582,-0.6516093015670776,False
475,-39.412906646728516,-0.5601319074630737,9.425553321838379,-0.7286312580108643,12.164703369140625,-0.644381582736969,False
476,-39.78128433227539,-0.6744908094406128,11.522833824157715,-0.2720576226711273,12.082758903503418,-0.47327423095703125,False
477,-39.23857498168945,-0.5060125589370728,12.223031997680664,-0.11962594091892242,12.196044921875,-0.312819242477417,False
478,-38.8773078918457,-0.3938611149787903,11.531702995300293,-0.2701268196105957,12.144363403320312,-0.331993967294693,False
479,-39.07661056518555,-0.45573246479034424,11.009733200073242,-0.3837585747241974,12.225164413452148,-0.4197455048561096,False
480,-39.578609466552734,-0.6115725636482239,11.265522003173828,-0.3280738890171051,12.2151460647583,-0.4698232412338257,False
481,-39.010215759277344,-0.43512094020843506,11.62660026550293,-0.2494678944349289,12.093087196350098,-0.3422944247722626,False
482,-39.2438850402832,-0.507660984992981,10.344879150390625,-0.5284959077835083,12.009767532348633,-0.5180784463882446,False
483,-38.89495849609375,-0.39934056997299194,10.946158409118652,-0.39759865403175354,12.245131492614746,-0.39846962690353394,False
484,-38.93777084350586,-0.41263118386268616,10.75096607208252,-0.44009163975715637,12.164703369140625,-0.42636141180992126,False
485,-39.44190979003906,-0.5691356658935547,9.708870887756348,-0.6669535636901855,12.235159873962402,-0.6180446147918701,False
486,-39.36192321777344,-0.5443046689033508,10.605448722839355,-0.4717704653739929,12.113670349121094,-0.5080375671386719,False
487,-38.877593994140625,-0.3939499258995056,11.186138153076172,-0.3453555703163147,12.134156227111816,-0.36965274810791016,False
488,-39.77593994140625,-0.672831654548645,10.16422176361084,-0.56782466173172,12.073441505432129,-0.6203281879425049,False
489,-39.58595275878906,-0.6138522028923035,11.911545753479004,-0.18743585050106049,12.095149993896484,-0.4006440341472626,False
490,-39.382606506347656,-0.5507255792617798,14.36830997467041,0.3473966121673584,12.082758903503418,-0.1016644835472107,False
491,-38.45258712768555,-0.26201117038726807,12.955277442932129,0.03978237137198448,12.134156227111816,-0.11111439764499664,False
492,-39.19816589355469,-0.4934680163860321,13.503026008605957,0.159026101231575,12.123924255371094,-0.16722095012664795,False
493,-39.58441925048828,-0.6133761405944824,13.652780532836914,0.19162733852863312,12.051628112792969,-0.21087440848350525,False
494,-39.299468994140625,-0.5249164700508118,12.768413543701172,-0.000897510617505759,12.104418754577637,-0.2629069983959198,False
495,-39.0427360534668,-0.44521650671958923,14.30286693572998,0.333149790763855,12.134156227111816,-0.056033357977867126,False
496,-39.514991760253906,-0.591823160648346,15.337210655212402,0.5583242774009705,12.154545783996582,-0.016749441623687744,False
497,-39.03267288208008,-0.44209250807762146,15.650384902954102,0.6265016794204712,12.113670349121094,0.09220458567142487,False
498,-39.04574203491211,-0.44614967703819275,16.253633499145508,0.757827639579773,12.123924255371094,0.1558389812707901,False
499,-39.23188018798828,-0.5039342641830444,16.003700256347656,0.7034176588058472,12.082758903503418,0.09974169731140137,False
500,-38.639469146728516,-0.3200266659259796,19.039560317993164,1.3643181324005127,12.144363403320312,0.5221457481384277,False
501,-38.42842483520508,-0.2545102536678314,17.238847732543945,0.9723067283630371,12.363046646118164,0.35889822244644165,False
502,-38.692962646484375,-0.3366331458091736,17.073347091674805,0.9362775683403015,12.020269393920898,0.29982221126556396,False
503,-39.431827545166016,-0.5660057067871094,18.032814025878906,1.1451514959335327,12.144363403320312,0.28957289457321167,False
504,-39.18302536010742,-0.4887678027153015,16.814393997192383,0.87990403175354,12.094117164611816,0.19556811451911926,False
505,-38.193695068359375,-0.18164095282554626,16.803173065185547,0.8774612545967102,12.154545783996582,0.34791016578674316,False
506,-38.15700149536133,-0.1702498346567154,13.169858932495117,0.08649631589651108,12.10339069366455,-0.04187675938010216,False
507,-38.7579460144043,-0.35680651664733887,15.691999435424805,0.6355610489845276,12.123924255371094,0.13937726616859436,False
508,-37.78681945800781,-0.05533083900809288,19.93097496032715,1.5583772659301758,12.164703369140625,0.7515231966972351,False
509,-36.46965026855469,0.35357001423835754,18.073163986206055,1.1539356708526611,12.265007019042969,0.7537528276443481,False
510,-36.10124206542969,0.4679383337497711,17.86040496826172,1.1076184511184692,12.245131492614746,0.787778377532959,False
511,-35.59622573852539,0.6247151494026184,16.574234008789062,0.8276216983795166,12.123924255371094,0.7261683940887451,False
512,-36.3621711730957,0.3869357407093048,14.819684028625488,0.4456598162651062,12.174839973449707,0.4162977933883667,False
513,-37.1044807434082,0.15649379789829254,15.569982528686523,0.6089982390403748,12.134156227111816,0.38274601101875305,False
514,-37.66004943847656,-0.01597646437585354,16.373302459716797,0.7838793396949768,12.205103874206543,0.38395142555236816,False
515,-37.550865173339844,0.017918603494763374,17.628305435180664,1.0570908784866333,12.245131492614746,0.5375047326087952,False
516,-38.405609130859375,-0.24742737412452698,17.20100212097168,0.964067816734314,12.294652938842773,0.3583202362060547,False
517,-38.57430648803711,-0.2997976243495941,17.443424224853516,1.0168426036834717,12.294652938842773,0.3585224747657776,False
518,-38.882568359375,-0.39549416303634644,16.662769317626953,0.8468956351280212,12.420825004577637,0.2257007360458374,False
519,-38.12760543823242,-0.16112414002418518,15.877863883972168,0.6760233640670776,12.3543119430542,0.2574496269226074,False
520,-37.97365188598633,-0.11333093792200089,15.121917724609375,0.5114554762840271,12.2151460647583,0.1990622729063034,False
521,-38.490745544433594,-0.273857057094574,14.865309715270996,0.45559242367744446,12.253092765808105,0.09086768329143524,False
522,-38.92436599731445,-0.4084697961807251,13.812541961669922,0.22640708088874817,12.205103874206543,-0.09103135764598846,False
523,-39.03742218017578,-0.44356685876846313,15.177836418151855,0.523628830909729,12.245131492614746,0.040030986070632935,False
524,-38.937782287597656,-0.4126347303390503,14.243240356445312,0.32016921043395996,12.401651382446289,-0.046232759952545166,False
525,-38.77987289428711,-0.363613486289978,15.700814247131348,0.6374800205230713,12.164703369140625,0.13693326711654663,False
526,-39.16312789916992,-0.48259082436561584,18.55919075012207,1.2597426176071167,12.294652938842773,0.3885759115219116,False
527,-39.371761322021484,-0.5473588109016418,17.14752197265625,0.9524253010749817,12.174839973449707,0.20253324508666992,False
528,-38.74447250366211,-0.3526238203048706,17.241731643676758,0.9729345440864563,12.274911880493164,0.31015536189079285,False
529,-39.2876091003418,-0.5212346911430359,19.58211898803711,1.4824320077896118,12.174839973449707,0.48059865832328796,False
530,-39.618507385253906,-0.6239584684371948,21.993955612182617,2.007483720779419,12.285778999328613,0.6917626261711121,False
531,-39.27362823486328,-0.5168944597244263,18.834768295288086,1.3197352886199951,12.31430435180664,0.4014204144477844,False
532,-39.61217498779297,-0.6219926476478577,21.048246383666992,1.8016048669815063,12.2151460647583,0.589806079864502,False
533,-38.600860595703125,-0.3080410659313202,21.95168113708496,1.9982807636260986,12.195038795471191,0.845119833946228,False
534,-39.779388427734375,-0.6739022135734558,20.805843353271484,1.748834252357483,12.245131492614746,0.5374660491943359,False
535,-38.99403762817383,-0.43009859323501587,21.534337997436523,1.9074259996414185,12.174839973449707,0.7386636734008789,False
536,-39.4770393371582,-0.580041229724884,19.507959365844727,1.466287612915039,12.216147422790527,0.4431231915950775,False
537,-39.71869659423828,-0.6550611257553101,21.01397132873535,1.7941433191299438,12.255081176757812,0.5695410966873169,False
538,-39.260902404785156,-0.5129438638687134,18.630163192749023,1.275193214416504,12.294652938842773,0.38112467527389526,False
539,-38.28317642211914,-0.20941945910453796,18.617528915405273,1.2724426984786987,12.236156463623047,0.5315116047859192,False
540,-39.13062286376953,-0.4724999964237213,20.362613677978516,1.6523441076278687,12.28479290008545,0.5899220705032349,False
541,-39.643394470214844,-0.6316843628883362,19.69821548461914,1.5077059268951416,12.31430435180664,0.4380107820034027,False
542,-39.337303161621094,-0.536661684513092,16.268342971801758,0.761029839515686,12.30547046661377,0.112184077501297,False
543,-38.932247161865234,-0.41091641783714294,18.518712997436523,1.2509307861328125,12.274911880493164,0.4200071692466736,False
544,-39.67732620239258,-0.6422181129455566,19.427284240722656,1.4487247467041016,12.274911880493164,0.40325331687927246,False
545,-38.56867599487305,-0.2980497181415558,18.398916244506836,1.2248512506484985,12.255081176757812,0.46340078115463257,False
546,-38.705650329589844,-0.34057191014289856,17.418563842773438,1.0114305019378662,12.333866119384766,0.335429310798645,False
547,-39.13971710205078,-0.4753232002258301,18.83055877685547,1.3188189268112183,12.31430435180664,0.4217478632926941,False
548,-39.038753509521484,-0.4439801573753357,18.317270278930664,1.2070770263671875,12.392032623291016,0.3815484344959259,False
549,-39.296810150146484,-0.5240910649299622,18.40085220336914,1.2252726554870605,12.363046646118164,0.3505907952785492,False
550,-39.28705978393555,-0.5210641622543335,20.13382339477539,1.602536916732788,12.30547046661377,0.5407363772392273,False
551,-38.41488265991211,-0.25030624866485596,20.123167037963867,1.6002169847488403,12.304489135742188,0.6749553680419922,False
552,-37.092933654785156,0.16007846593856812,19.766050338745117,1.5224734544754028,12.353342056274414,0.8412759304046631,False
553,-38.62618637084961,-0.3159031867980957,18.666839599609375,1.2831776142120361,12.28479290008545,0.4836372137069702,False
554,-38.44707489013672,-0.260299950838089,17.29987335205078,0.9855918884277344,12.253092765808105,0.3626459836959839,False
555,-37.202728271484375,0.12599392235279083,15.354423522949219,0.5620715022087097,12.245131492614746,0.3440327048301697,False
556,-39.024192810058594,-0.4394599497318268,17.3375244140625,0.9937884211540222,12.245131492614746,0.2771642208099365,False
557,-38.80588150024414,-0.37168756127357483,17.581592559814453,1.0469216108322144,12.343615531921387,0.33761703968048096,False
558,-38.75447082519531,-0.3557277023792267,19.15990447998047,1.390516757965088,12.28479290008545,0.5173945426940918,False
559,-38.152442932128906,-0.16883467137813568,16.90292739868164,0.8991775512695312,12.382391929626465,0.3651714324951172,False
560,-38.581119537353516,-0.30191266536712646,18.46758270263672,1.2397997379302979,12.28479290008545,0.4689435362815857,False
561,-38.24850082397461,-0.19865480065345764,18.97226333618164,1.3496676683425903,12.31430435180664,0.5755064487457275,False
562,-38.62532424926758,-0.3156355321407318,19.198396682739258,1.3988964557647705,12.235159873962402,0.5416304469108582,False
563,-38.69140625,-0.33614999055862427,17.221946716308594,0.968627393245697,12.226163864135742,0.3162387013435364,False
564,-38.57470703125,-0.2999219596385956,17.23836898803711,0.972202479839325,12.31430435180664,0.3361402750015259,False
565,-39.28334045410156,-0.5199095010757446,17.486438751220703,1.0262067317962646,12.372730255126953,0.25314861536026,False
566,-39.71676254272461,-0.6544606685638428,16.83302116394043,0.8839591145515442,12.154545783996582,0.11474922299385071,False
567,-39.15004348754883,-0.4785289168357849,18.965423583984375,1.348178744316101,12.195038795471191,0.4348249137401581,False
568,-39.66663360595703,-0.6388987302780151,20.40557289123535,1.661696195602417,12.072406768798828,0.5113987326622009,False
569,-39.816341400146484,-0.685373842716217,17.3350830078125,0.9932569265365601,12.093087196350098,0.1539415419101715,False
570,-39.628231048583984,-0.6269770264625549,16.752153396606445,0.8663543462753296,12.174839973449707,0.11968865990638733,False
571,-39.776084899902344,-0.6728766560554504,14.516430854797363,0.37964221835136414,12.174839973449707,-0.14661721885204315,False
572,-39.524147033691406,-0.5946652889251709,9.970895767211914,-0.609911322593689,12.225164413452148,-0.6022883057594299,False
573,-39.909629821777344,-0.71433424949646,10.036187171936035,-0.5956975221633911,12.226163864135742,-0.6550158858299255,False
574,-39.92390823364258,-0.7187668085098267,10.167854309082031,-0.5670338273048401,12.285778999328613,-0.6429003477096558,False
575,-39.87858963012695,-0.7046981453895569,9.648444175720215,-0.680108368396759,12.164703369140625,-0.692403256893158,False
576,-39.337276458740234,-0.5366533398628235,10.05138111114502,-0.5923898220062256,12.072406768798828,-0.5645215511322021,False
577,-38.57111740112305,-0.29880762100219727,10.5189790725708,-0.4905947148799896,12.165717124938965,-0.39470118284225464,False
578,-38.985721588134766,-0.42751696705818176,10.242338180541992,-0.5508188605308533,12.093087196350098,-0.4891679286956787,False
579,-39.78013229370117,-0.6741331219673157,11.69457721710205,-0.23466944694519043,12.195038795471191,-0.45440128445625305,False
580,-39.56751251220703,-0.6081276535987854,10.773175239562988,-0.4352567493915558,12.235159873962402,-0.5216922163963318,False
581,-39.72698211669922,-0.6576332449913025,10.317320823669434,-0.5344952940940857,12.123924255371094,-0.5960642695426941,False
582,-40.09213638305664,-0.7709914445877075,11.119914054870605,-0.3597724139690399,12.134156227111816,-0.5653819441795349,False
583,-38.85314178466797,-0.38635900616645813,8.127898216247559,-1.0111280679702759,12.145380973815918,-0.6987435221672058,False
584,-39.20136642456055,-0.4944615662097931,11.044434547424316,-0.37620416283607483,12.195038795471191,-0.43533286452293396,False
585,-38.922607421875,-0.4079238772392273,10.333240509033203,-0.5310296416282654,12.206108093261719,-0.46947675943374634,False
586,-39.092342376708984,-0.46061623096466064,10.508581161499023,-0.49285832047462463,12.273723602294922,-0.47673726081848145,False
587,-39.349403381347656,-0.5404180288314819,10.385726928710938,-0.519603431224823,12.255081176757812,-0.5300107002258301,False
588,-39.683685302734375,-0.6441922187805176,10.432653427124023,-0.5093876123428345,12.304489135742188,-0.576789915561676,False
589,-38.80257034301758,-0.37065964937210083,12.938652038574219,0.036163054406642914,12.195038795471191,-0.16724829375743866,False
590,-38.84355926513672,-0.38338422775268555,9.330289840698242,-0.7493699193000793,12.2151460647583,-0.5663770437240601,False
591,-38.84540939331055,-0.3839585781097412,11.453063011169434,-0.28724658489227295,12.363046646118164,-0.3356025815010071,False
592,-39.48565673828125,-0.5827164053916931,10.513460159301758,-0.4917961657047272,12.216147422790527,-0.5372563004493713,False
593,-39.362545013427734,-0.5444977283477783,10.942567825317383,-0.3983803391456604,12.2151460647583,-0.47143903374671936,False
594,-38.629676818847656,-0.31698673963546753,10.56493854522705,-0.48058944940567017,12.2151460647583,-0.39878809452056885,False
595,-39.14560317993164,-0.47715047001838684,11.31763744354248,-0.3167284429073334,12.164703369140625,-0.3969394564628601,False
596,-38.55858612060547,-0.29491740465164185,11.734313011169434,-0.22601905465126038,12.164703369140625,-0.2604682445526123,False
597,-39.5165901184082,-0.5923193693161011,11.040674209594727,-0.37702277302742004,12.246126174926758,-0.48467105627059937,False
598,-39.40589141845703,-0.5579541325569153,8.853452682495117,-0.8531763553619385,12.28479290008545,-0.7055652141571045,False
599,-39.88180923461914,-0.7056976556777954,7.892987251281738,-1.0622676610946655,12.206108093261719,-0.8839826583862305,False
600,-39.36375045776367,-0.5448719263076782,8.573624610900879,-0.9140943288803101,12.196044921875,-0.7294831275939941,False
601,-39.36068344116211,-0.5439198017120361,8.597291946411133,-0.9089419841766357,12.255081176757812,-0.7264308929443359,False
602,-39.09389877319336,-0.46109941601753235,9.306769371032715,-0.7544902563095093,12.265007019042969,-0.6077948212623596,False
603,-39.69316482543945,-0.6471350193023682,9.570845603942871,-0.6970013976097107,12.174839973449707,-0.6720682382583618,False
604,-40.44904708862305,-0.8817904591560364,10.03689193725586,-0.5955440998077393,12.144363403320312,-0.7386672496795654,False
605,-39.76754379272461,-0.670225203037262,9.628277778625488,-0.6844985485076904,12.324095726013184,-0.6773618459701538,False
606,-39.91655731201172,-0.716484785079956,11.327432632446289,-0.3145960569381714,12.274911880493164,-0.5155404210090637,False
607,-39.52983093261719,-0.5964298248291016,10.509498596191406,-0.4926585853099823,12.134156227111816,-0.5445442199707031,False
608,-40.03462219238281,-0.7531367540359497,9.118484497070312,-0.7954794764518738,12.294652938842773,-0.7743080854415894,False
609,-39.76985549926758,-0.6709428429603577,9.460125923156738,-0.7211048603057861,12.144363403320312,-0.6960238218307495,False
610,-39.872737884521484,-0.7028815746307373,9.898728370666504,-0.625622034072876,12.324095726013184,-0.6642518043518066,False
611,-39.61725997924805,-0.6235712170600891,11.853382110595703,-0.2000979483127594,12.206108093261719,-0.41183459758758545,False
612,-39.457767486572266,-0.574058473110199,10.103302955627441,-0.5810865759849548,12.154545783996582,-0.5775725245475769,False
613,-39.723079681396484,-0.6564217805862427,9.604416847229004,-0.689693033695221,12.304489135742188,-0.6730574369430542,False
614,-40.12394714355469,-0.7808667421340942,11.143653869628906,-0.3546043038368225,12.333866119384766,-0.5677355527877808,False
615,-39.610050201416016,-0.6213330030441284,9.397953033447266,-0.7346397638320923,12.185959815979004,-0.6779863834381104,False
616,-39.576759338378906,-0.6109982132911682,9.387324333190918,-0.736953616142273,12.093087196350098,-0.673975944519043,False
617,-39.505062103271484,-0.5887405872344971,9.915514945983887,-0.621967613697052,12.113670349121094,-0.6053540706634521,False
618,-39.79044723510742,-0.6773353219032288,9.875324249267578,-0.6307170391082764,12.164703369140625,-0.6540261507034302,False
619,-39.754539489746094,-0.66618812084198,9.70161247253418,-0.6685337424278259,12.190603256225586,-0.6673609018325806,False
620,-39.445960998535156,-0.5703933238983154,9.115357398986816,-0.7961602210998535,12.165717124938965,-0.6832767724990845,False
621,-39.64784240722656,-0.6330651640892029,10.225512504577637,-0.5544818043708801,12.124947547912598,-0.5937734842300415,False
622,-39.30996322631836,-0.5281742811203003,9.72482967376709,-0.6634793877601624,12.164703369140625,-0.5958268642425537,False
623,-39.98734664916992,-0.7384606003761292,9.974145889282227,-0.6092037558555603,12.144363403320312,-0.6738321781158447,False
624,-40.23736572265625,-0.8160762786865234,10.190213203430176,-0.5621663928031921,12.144363403320312,-0.6891213655471802,False
625,-39.74906921386719,-0.6644899249076843,8.833111763000488,-0.8576045036315918,12.174839973449707,-0.7610472440719604,False
626,-39.53466796875,-0.5979313850402832,9.362372398376465,-0.7423855662345886,12.144363403320312,-0.6701585054397583,False
627,-39.474220275878906,-0.5791661143302917,9.265417098999023,-0.7634925842285156,12.10339069366455,-0.6713293790817261,False
628,-39.437015533447266,-0.5676162838935852,11.039139747619629,-0.3773568272590637,12.265007019042969,-0.47248655557632446,False
629,-39.93827438354492,-0.7232266664505005,10.061079978942871,-0.5902783870697021,12.184951782226562,-0.6567525267601013,False
630,-39.1240234375,-0.470451295375824,10.240605354309082,-0.5511960983276367,12.123924255371094,-0.5108237266540527,False
631,-39.489768981933594,-0.5839930176734924,9.465923309326172,-0.719842791557312,12.205103874206543,-0.6519179344177246,False
632,-39.64188766479492,-0.6312165856361389,9.404473304748535,-0.7332202792167664,12.144363403320312,-0.6822184324264526,False
633,-39.3864860534668,-0.5519299507141113,8.738934516906738,-0.8781067132949829,12.093087196350098,-0.7150183320045471,False
634,-39.44516372680664,-0.5701457858085632,10.765522003173828,-0.4369228482246399,12.174839973449707,-0.5035343170166016,False
635,-40.24576187133789,-0.8186827898025513,9.931507110595703,-0.6184861660003662,12.154545783996582,-0.7185844779014587,False
636,-39.789588928222656,-0.677068829536438,10.000060081481934,-0.6035622954368591,12.041200637817383,-0.6403155326843262,False
637,-40.094329833984375,-0.7716723680496216,10.82595157623291,-0.42376744747161865,12.134156227111816,-0.5977199077606201,False
638,-39.970314025878906,-0.7331730127334595,11.235030174255371,-0.33471187949180603,12.134156227111816,-0.533942461013794,False
639,-40.08060836791992,-0.7674126625061035,9.893314361572266,-0.6268006563186646,12.334840774536133,-0.697106659412384,False
640,-39.64924621582031,-0.6335009932518005,10.078157424926758,-0.5865606665611267,12.124947547912598,-0.6100308299064636,False
641,-39.80581283569336,-0.6821053624153137,9.90822696685791,-0.6235541701316833,12.144363403320312,-0.6528297662734985,False
642,-39.375606536865234,-0.5485525131225586,9.339335441589355,-0.74740070104599,12.154545783996582,-0.6479766368865967,False
643,-39.53310775756836,-0.5974470376968384,10.904876708984375,-0.40658560395240784,12.185959815979004,-0.5020163059234619,False
644,-39.84653091430664,-0.6947458982467651,10.24335765838623,-0.5505969524383545,12.164703369140625,-0.6226714253425598,False
645,-39.742427825927734,-0.6624282002449036,9.176809310913086,-0.7827823162078857,12.195038795471191,-0.7226052284240723,False
646,-39.630958557128906,-0.6278237700462341,10.514764785766602,-0.49151214957237244,12.134156227111816,-0.5596679449081421,False
647,-39.66181564331055,-0.6374030113220215,9.527046203613281,-0.7065364718437195,12.245131492614746,-0.6719697713851929,False
648,-39.67353057861328,-0.6410397887229919,9.257291793823242,-0.7652614116668701,12.10339069366455,-0.7031506299972534,False
649,-39.66949462890625,-0.6397868990898132,10.173320770263672,-0.5658438205718994,12.265007019042969,-0.6028153896331787,False
650,-40.389041900634766,-0.8631625175476074,9.758447647094727,-0.656160831451416,12.174839973449707,-0.7596616744995117,False
651,-40.04070281982422,-0.7550244331359863,9.493377685546875,-0.7138659954071045,12.149496078491211,-0.7344452142715454,False
652,-39.83278274536133,-0.6904779076576233,9.68132495880127,-0.672950267791748,12.245131492614746,-0.6817140579223633,False
653,-40.08271789550781,-0.7680675387382507,10.286653518676758,-0.5411714911460876,12.184951782226562,-0.6546195149421692,False
654,-39.79147720336914,-0.677655041217804,9.412823677062988,-0.7314024567604065,12.31430435180664,-0.7045287489891052,False
655,-39.77899932861328,-0.6737814545631409,9.900724411010742,-0.6251874566078186,12.206108093261719,-0.6494844555854797,False
656,-39.61110305786133,-0.6216598749160767,9.616508483886719,-0.6870607137680054,12.304489135742188,-0.654360294342041,False
657,-39.76126480102539,-0.6682759523391724,10.288747787475586,-0.5407155752182007,12.265007019042969,-0.6044957637786865,False
658,-39.5963134765625,-0.6170685887336731,10.096545219421387,-0.5825576782226562,12.226163864135742,-0.5998131036758423,False
659,-40.091068267822266,-0.770659863948822,10.343611717224121,-0.5287718176841736,12.256073951721191,-0.6497158408164978,False
660,-39.94063186645508,-0.7239584922790527,9.683980941772461,-0.6723721027374268,12.304489135742188,-0.6981652975082397,False
661,-39.76396942138672,-0.6691155433654785,8.730252265930176,-0.8799968361854553,12.353342056274414,-0.7745561599731445,False
662,-39.51118850708008,-0.5906424522399902,9.44715690612793,-0.7239281535148621,12.265007019042969,-0.6572853326797485,False
663,-39.7530632019043,-0.665729820728302,8.970121383666992,-0.8277778029441833,12.372730255126953,-0.7467538118362427,False
664,-39.570648193359375,-0.6091010570526123,10.121665000915527,-0.5770891904830933,12.382391929626465,-0.5930951237678528,False
665,-39.807891845703125,-0.6827508211135864,11.666789054870605,-0.24071887135505676,12.195038795471191,-0.4617348313331604,False
666,-40.12125778198242,-0.7800318598747253,10.098026275634766,-0.5822352766990662,12.31430435180664,-0.6811335682868958,False
667,-40.0560302734375,-0.7597826719284058,9.226140975952148,-0.7720428705215454,12.225164413452148,-0.7659127712249756,False
668,-40.04910659790039,-0.7576332688331604,9.16936206817627,-0.7844035625457764,12.174839973449707,-0.771018385887146,False
669,-40.05134963989258,-0.7583296298980713,9.89497184753418,-0.6264398097991943,12.184951782226562,-0.6923847198486328,False
670,-39.49708938598633,-0.5862655639648438,9.75827693939209,-0.6561979651451111,12.382391929626465,-0.6212317943572998,False
671,-40.07671356201172,-0.7662035822868347,8.631402015686035,-0.901516318321228,12.392032623291016,-0.833859920501709,False
672,-40.13027572631836,-0.7828313708305359,9.788142204284668,-0.649696409702301,12.235159873962402,-0.7162638902664185,False
673,-39.92322540283203,-0.7185548543930054,10.711791038513184,-0.4486199617385864,12.294652938842773,-0.5835874080657959,False
674,-39.868648529052734,-0.7016120553016663,10.712971687316895,-0.44836291670799255,12.343615531921387,-0.5749874711036682,False
675,-40.049598693847656,-0.7577860355377197,12.054274559020996,-0.1563640832901001,12.245131492614746,-0.4570750594139099,False
676,-39.82545471191406,-0.688202977180481,10.400714874267578,-0.5163406133651733,12.353342056274414,-0.6022717952728271,False
677,-40.183128356933594,-0.799238920211792,12.094944953918457,-0.14751021564006805,12.255081176757812,-0.4733745753765106,False
678,-39.85932540893555,-0.6987177729606628,11.16530990600586,-0.3498898446559906,12.256073951721191,-0.5243037939071655,False
679,-39.06397247314453,-0.4518091082572937,10.531843185424805,-0.4877942204475403,12.324095726013184,-0.469801664352417,False
680,-39.422733306884766,-0.563182532787323,11.74414348602295,-0.22387897968292236,12.31430435180664,-0.3935307562351227,False
681,-39.30606460571289,-0.526964008808136,10.892512321472168,-0.4092773199081421,12.265007019042969,-0.46812066435813904,False
682,-39.69492721557617,-0.6476821303367615,10.915237426757812,-0.4043301045894623,12.31430435180664,-0.5260061025619507,False
683,-39.388668060302734,-0.5526073575019836,9.640827178955078,-0.6817665696144104,12.164703369140625,-0.617186963558197,False
684,-39.41011428833008,-0.5592650771141052,10.01930046081543,-0.5993736982345581,12.335038185119629,-0.5793193578720093,False
685,-39.40787887573242,-0.5585711002349854,10.133277893066406,-0.5745610594749451,12.304489135742188,-0.5665661096572876,False
686,-38.970218658447266,-0.4227042496204376,8.891230583190918,-0.8449521660804749,12.235159873962402,-0.6338282227516174,False
687,-40.037105560302734,-0.7539076805114746,10.032797813415527,-0.5964353680610657,12.225164413452148,-0.6751714944839478,False
688,-39.85263442993164,-0.69664067029953,9.596674919128418,-0.6913784146308899,12.144363403320312,-0.69400954246521,False
689,-39.775691986083984,-0.67275470495224,8.614102363586426,-0.9052824378013611,12.246126174926758,-0.7890185713768005,False
690,-39.87956237792969,-0.7050001621246338,8.347511291503906,-0.9633187651634216,12.265996932983398,-0.8341594934463501,False
691,-40.363224029541016,-0.855147659778595,10.48164176940918,-0.49872297048568726,12.235159873962402,-0.6769353151321411,False
692,-39.8139533996582,-0.6846325397491455,9.02090072631836,-0.8167232871055603,12.2151460647583,-0.7506779432296753,False
693,-40.0398063659668,-0.75474613904953,10.869460105895996,-0.4142957329750061,12.205103874206543,-0.5845209360122681,False
694,-40.20372772216797,-0.8056337237358093,9.386686325073242,-0.7370924949645996,12.265007019042969,-0.7713631391525269,False
695,-40.2140998840332,-0.8088536858558655,9.488033294677734,-0.7150294780731201,12.274911880493164,-0.7619415521621704,False
696,-40.454444885253906,-0.8834661841392517,9.178850173950195,-0.78233802318573,12.185959815979004,-0.8329020738601685,False
697,-39.99126052856445,-0.7396756410598755,9.243578910827637,-0.7682467103004456,12.164703369140625,-0.7539612054824829,False
698,-39.5233039855957,-0.5944035649299622,9.512520790100098,-0.7096986174583435,12.372730255126953,-0.6520510911941528,False
699,-39.98719024658203,-0.7384120225906372,10.204307556152344,-0.5590980648994446,12.275899887084961,-0.6487550735473633,False
700,-39.16408157348633,-0.4828868806362152,11.130732536315918,-0.3574172556400299,12.304489135742188,-0.42015206813812256,False
701,-39.456787109375,-0.5737541317939758,10.135186195373535,-0.5741456151008606,12.31430435180664,-0.5739498734474182,False
702,-39.63349533081055,-0.6286112666130066,10.524855613708496,-0.4893154203891754,12.343615531921387,-0.5589633584022522,False
703,-39.60629653930664,-0.6201677322387695,9.246041297912598,-0.7677106261253357,12.2151460647583,-0.693939208984375,False
704,-39.44905471801758,-0.5713537335395813,9.418293952941895,-0.7302115559577942,12.31430435180664,-0.6507826447486877,False
705,-39.12744140625,-0.4715123474597931,9.79157829284668,-0.6489483714103699,12.478788375854492,-0.5602303743362427,False
706,-39.49453353881836,-0.5854721069335938,9.16765022277832,-0.7847762107849121,12.294652938842773,-0.6851241588592529,False
707,-38.92339324951172,-0.4081678092479706,10.43660831451416,-0.5085266828536987,12.235159873962402,-0.45834726095199585,False
708,-40.141944885253906,-0.7864539623260498,9.339340209960938,-0.747399628162384,12.28479290008545,-0.7669267654418945,False
709,-40.03517150878906,-0.7533072829246521,9.296438217163086,-0.7567393183708191,12.353342056274414,-0.7550233006477356,False
710,-39.684513092041016,-0.6444492340087891,9.20185661315918,-0.7773295640945435,12.265996932983398,-0.7108893990516663,False
711,-39.880802154541016,-0.7053850293159485,9.194738388061523,-0.7788791656494141,12.430380821228027,-0.7421320676803589,False
712,-40.03146743774414,-0.7521573901176453,9.013175964355469,-0.8184049129486084,12.304489135742188,-0.7852811813354492,False
713,-40.36662292480469,-0.8562027812004089,11.144794464111328,-0.3543560206890106,12.255081176757812,-0.6052793860435486,False
714,-40.41984558105469,-0.8727251887321472,8.857102394104004,-0.8523818254470825,12.363046646118164,-0.8625534772872925,False
715,-39.93508529663086,-0.7222366333007812,8.776212692260742,-0.8699913620948792,12.174839973449707,-0.7961139678955078,False
716,-40.131980895996094,-0.7833607196807861,9.790545463562012,-0.6491732001304626,12.324878692626953,-0.7162669897079468,False
717,-40.689876556396484,-0.9565533399581909,8.356452941894531,-0.9613721370697021,12.205103874206543,-0.9589627385139465,False
718,-39.91424560546875,-0.7157671451568604,9.00818920135498,-0.8194905519485474,12.382391929626465,-0.7676288485527039,False
719,-40.4158935546875,-0.8714983463287354,10.094943046569824,-0.5829064846038818,12.265996932983398,-0.7272024154663086,False
720,-39.9193229675293,-0.7173433899879456,9.71178913116455,-0.6663182973861694,12.195038795471191,-0.6918308734893799,False
721,-40.32638931274414,-0.8437126874923706,10.349912643432617,-0.5274001359939575,12.304489135742188,-0.6855564117431641,False
722,-40.48355484008789,-0.892503023147583,10.75246810913086,-0.4397646486759186,12.324095726013184,-0.6661338210105896,False
723,-40.47968673706055,-0.891302227973938,10.007736206054688,-0.6018912196159363,12.205103874206543,-0.7465966939926147,False
724,-39.90843200683594,-0.7139623761177063,9.823426246643066,-0.6420150995254517,12.236156463623047,-0.6779887676239014,False
725,-40.25785446166992,-0.8224368095397949,8.842286109924316,-0.855607271194458,12.274911880493164,-0.8390220403671265,False
726,-39.26517105102539,-0.5142690539360046,9.824373245239258,-0.6418089866638184,12.31430435180664,-0.5780390501022339,False
727,-39.42416000366211,-0.5636253952980042,10.577393531799316,-0.47787800431251526,12.31430435180664,-0.5207517147064209,False
728,-39.18352508544922,-0.48892292380332947,10.532404899597168,-0.48767194151878357,12.175850868225098,-0.4882974326610565,False
729,-39.64073181152344,-0.6308577656745911,10.289915084838867,-0.5404614806175232,12.363046646118164,-0.5856596231460571,False
730,-39.88093185424805,-0.7054252624511719,10.190787315368652,-0.5620414018630981,12.392032623291016,-0.633733332157135,False
731,-39.656578063964844,-0.6357770562171936,9.810959815979004,-0.6447290182113647,12.324095726013184,-0.6402530670166016,False
732,-39.6873893737793,-0.6453421115875244,11.202550888061523,-0.3417825698852539,12.236156463623047,-0.49356234073638916,False
733,-39.18067932128906,-0.488039493560791,10.435140609741211,-0.5088461637496948,12.392032623291016,-0.4984428286552429,False
734,-39.10504913330078,-0.46456092596054077,11.164752006530762,-0.35001128911972046,12.274911880493164,-0.4072861075401306,False
735,-39.633140563964844,-0.6285011768341064,12.290562629699707,-0.10492466390132904,12.31430435180664,-0.36671292781829834,False
736,-39.5892448425293,-0.6148741841316223,12.173500061035156,-0.13040894269943237,12.265007019042969,-0.37264156341552734,False
737,-39.65975570678711,-0.6367635726928711,10.315681457519531,-0.5348522067070007,12.255081176757812,-0.5858079195022583,False
738,-39.6302375793457,-0.6275999546051025,10.109086990356445,-0.5798273682594299,12.236156463623047,-0.6037136316299438,False
739,-39.234622955322266,-0.5047857165336609,10.623128890991211,-0.46792152523994446,12.205103874206543,-0.48635363578796387,False
740,-38.52623748779297,-0.28487512469291687,9.662246704101562,-0.677103579044342,12.174839973449707,-0.48098933696746826,False
741,-38.59745788574219,-0.30698472261428833,10.071125984191895,-0.5880914330482483,12.274911880493164,-0.4475380778312683,False
742,-39.25062561035156,-0.5097535252571106,9.037073135375977,-0.8132025599479675,12.205103874206543,-0.6614780426025391,False
743,-39.522098541259766,-0.5940293669700623,9.824193954467773,-0.6418479681015015,12.144363403320312,-0.6179386377334595,False
744,-39.62963104248047,-0.6274116635322571,9.810303688049316,-0.6448718905448914,12.185959815979004,-0.6361417770385742,False
745,-39.72964859008789,-0.6584610342979431,10.483298301696777,-0.49836236238479614,12.28479290008545,-0.5784116983413696,False
746,-39.528663635253906,-0.5960674285888672,9.624740600585938,-0.6852685809135437,12.333866119384766,-0.6406680345535278,False
747,-39.4954719543457,-0.5857634544372559,10.025681495666504,-0.5979845523834229,12.333866119384766,-0.5918740034103394,False
748,-39.39254379272461,-0.5538105368614197,8.981159210205078,-0.8253749012947083,12.206108093261719,-0.689592719078064,False
749,-39.469505310058594,-0.5777024030685425,9.338948249816895,-0.7474849820137024,12.242740631103516,-0.6625937223434448,False
750,-39.479881286621094,-0.5809234976768494,10.227599143981934,-0.5540274977684021,12.265007019042969,-0.5674754977226257,False
751,-39.67292785644531,-0.640852689743042,11.004782676696777,-0.3848362863063812,12.420825004577637,-0.5128445029258728,False
752,-39.841609954833984,-0.6932182312011719,9.046571731567383,-0.8111347556114197,12.343615531921387,-0.7521765232086182,False
753,-39.88200378417969,-0.7057580351829529,10.458648681640625,-0.5037285089492798,12.304489135742188,-0.604743242263794,False
754,-39.713417053222656,-0.6534221172332764,10.47580623626709,-0.49999335408210754,12.31430435180664,-0.5767077207565308,False
755,-39.65983200073242,-0.6367872357368469,9.323262214660645,-0.7508997917175293,12.353342056274414,-0.6938434839248657,False
756,-39.36568832397461,-0.5454735159873962,10.355876922607422,-0.5261017084121704,12.44942855834961,-0.5357875823974609,False
757,-39.86543655395508,-0.7006149291992188,9.893980026245117,-0.6266556978225708,12.304489135742188,-0.6636353135108948,False
758,-39.52131271362305,-0.5937854051589966,10.510152816772461,-0.4925161898136139,12.44942855834961,-0.543150782585144,False
759,-39.22941970825195,-0.5031704306602478,9.818514823913574,-0.6430843472480774,12.255081176757812,-0.5731273889541626,False
760,-39.58280944824219,-0.6128764152526855,10.145781517028809,-0.5718390345573425,12.245131492614746,-0.5923577547073364,False
761,-39.598663330078125,-0.6177980899810791,10.216344833374023,-0.5564775466918945,12.265996932983398,-0.5871378183364868,False
762,-38.94520950317383,-0.4149404466152191,9.53599739074707,-0.7045878171920776,12.343615531921387,-0.5597641468048096,False
763,-39.31343460083008,-0.5292519330978394,10.04506778717041,-0.5937642455101013,12.43991470336914,-0.561508059501648,False
764,-39.555091857910156,-0.6042717695236206,11.264004707336426,-0.32840418815612793,12.46839427947998,-0.46633797883987427,False
765,-39.34965133666992,-0.5404950380325317,9.643104553222656,-0.6812707781791687,12.333866119384766,-0.6108828783035278,False
766,-40.03200912475586,-0.7523255944252014,10.823424339294434,-0.4243176281452179,12.294652938842773,-0.5883216261863708,False
767,-39.68598175048828,-0.644905149936676,10.589269638061523,-0.4752926230430603,12.392032623291016,-0.5600988864898682,False
768,-39.98231887817383,-0.7368997931480408,9.120221138000488,-0.7951014041900635,12.401651382446289,-0.7660006284713745,False
769,-39.41792297363281,-0.5616891980171204,9.420258522033691,-0.7297838926315308,12.31430435180664,-0.645736575126648,False
770,-39.827205657958984,-0.6887465715408325,8.422795295715332,-0.9469295740127563,12.304489135742188,-0.8178380727767944,False
771,-39.536834716796875,-0.5986040830612183,9.448858261108398,-0.7235577702522278,12.052667617797852,-0.6610809564590454,False
772,-39.34286117553711,-0.5383870601654053,9.435747146606445,-0.7264120578765869,12.205103874206543,-0.6323995590209961,False
773,-39.31546401977539,-0.5298819541931152,9.418473243713379,-0.7301725745201111,12.205103874206543,-0.6300272941589355,False
774,-39.614418029785156,-0.6226889491081238,9.335979461669922,-0.748131275177002,12.235159873962402,-0.6854101419448853,False
775,-39.522247314453125,-0.5940755605697632,10.383523941040039,-0.5200830101966858,12.123924255371094,-0.5570793151855469,False
776,-39.68654251098633,-0.6450791954994202,10.468833923339844,-0.5015112161636353,12.46839427947998,-0.5732952356338501,False
777,-39.514503479003906,-0.5916715860366821,10.2509765625,-0.5489383339881897,12.154545783996582,-0.5703049898147583,False
778,-39.96150588989258,-0.7304385900497437,9.39803695678711,-0.7346214652061462,12.093087196350098,-0.7325299978256226,False
779,-40.51570510864258,-0.9024837613105774,10.500990867614746,-0.4945107102394104,12.174839973449707,-0.6984972357749939,False
780,-40.1190185546875,-0.77933669090271,9.798810005187988,-0.6473740339279175,12.245131492614746,-0.7133553624153137,False
781,-39.81813049316406,-0.6859292984008789,10.035127639770508,-0.5959281921386719,12.334840774536133,-0.6409287452697754,False
782,-39.385223388671875,-0.5515379905700684,8.940068244934082,-0.8343203067779541,12.190603256225586,-0.6929291486740112,False
783,-39.64389419555664,-0.6318395137786865,8.727927207946777,-0.8805029988288879,12.154545783996582,-0.7561712265014648,False
784,-40.221832275390625,-0.81125408411026,9.546496391296387,-0.7023021578788757,12.265007019042969,-0.7567781209945679,False
785,-39.953678131103516,-0.7280085682868958,9.913101196289062,-0.6224930882453918,12.2151460647583,-0.6752508282661438,False
786,-39.634151458740234,-0.6288149952888489,9.410393714904785,-0.7319314479827881,12.195038795471191,-0.6803731918334961,False
787,-39.880897521972656,-0.7054145932197571,9.198256492614746,-0.7781133055686951,12.164703369140625,-0.7417639493942261,False
788,-39.84989929199219,-0.6957915425300598,8.796639442443848,-0.8655444979667664,12.144363403320312,-0.7806680202484131,False
789,-39.7730827331543,-0.6719446778297424,8.671039581298828,-0.89288729429245,12.154545783996582,-0.7824159860610962,False
790,-40.15610885620117,-0.7908509969711304,9.296978950500488,-0.7566215991973877,12.343615531921387,-0.773736298084259,False
791,-40.08338165283203,-0.7682735919952393,10.139368057250977,-0.573235273361206,12.164703369140625,-0.6707544326782227,False
792,-39.82140350341797,-0.6869453191757202,9.861770629882812,-0.6336676478385925,12.353342056274414,-0.660306453704834,False
793,-39.91434860229492,-0.7157991528511047,9.801939010620117,-0.6466928720474243,12.265007019042969,-0.6812460422515869,False
794,-39.64442443847656,-0.6320041418075562,10.08897590637207,-0.5842055082321167,12.294652938842773,-0.6081048250198364,False
795,-39.84140396118164,-0.6931542754173279,9.440661430358887,-0.7253422141075134,12.734464645385742,-0.7092482447624207,False
796,-39.32242965698242,-0.5320443511009216,9.974823951721191,-0.6090561747550964,13.166154861450195,-0.570550262928009,False
797,-39.29838562011719,-0.5245801210403442,9.722634315490723,-0.6639572978019714,12.392032623291016,-0.5942686796188354,False
798,-39.14322280883789,-0.47641152143478394,9.772828102111816,-0.6530302166938782,12.458921432495117,-0.564720869064331,False
799,-40.12874221801758,-0.7823553085327148,9.269457817077637,-0.7626128792762756,12.572168350219727,-0.7724840641021729,False
800,-39.59394836425781,-0.6163343787193298,10.092317581176758,-0.5834780335426331,12.392993927001953,-0.5999062061309814,False
801,-39.76487731933594,-0.6693974137306213,8.505524635314941,-0.9289195537567139,12.333866119384766,-0.7991584539413452,False
802,-39.616607666015625,-0.6233686804771423,9.28779125213623,-0.7586217522621155,12.294652938842773,-0.6909952163696289,False
803,-39.64156723022461,-0.6311171054840088,9.512843132019043,-0.7096284031867981,12.430380821228027,-0.670372724533081,False
804,-39.68544006347656,-0.6447369456291199,10.578691482543945,-0.4775954484939575,12.145380973815918,-0.5611661672592163,False
805,-39.6202278137207,-0.6244925260543823,9.901758193969727,-0.6249624490737915,12.363046646118164,-0.6247274875640869,False
806,-39.91987609863281,-0.7175151109695435,9.965059280395508,-0.611181914806366,12.205103874206543,-0.6643484830856323,False
807,-39.396148681640625,-0.5549296140670776,9.00658893585205,-0.8198388814926147,12.2151460647583,-0.6873842477798462,False
808,-39.38703918457031,-0.5521016716957092,10.849957466125488,-0.41854140162467957,12.184951782226562,-0.4853215217590332,False
809,-39.949344635009766,-0.7266632914543152,9.612256050109863,-0.687986433506012,12.245131492614746,-0.7073248624801636,False
810,-39.56380081176758,-0.6069753766059875,9.741989135742188,-0.6597437858581543,12.333866119384766,-0.6333595514297485,False
811,-39.74528121948242,-0.6633139848709106,10.591752052307129,-0.47475218772888184,12.123924255371094,-0.5690330862998962,False
812,-39.83736801147461,-0.6919013261795044,10.17249870300293,-0.5660227537155151,12.245131492614746,-0.6289620399475098,False
813,-39.95261764526367,-0.7276793718338013,10.224446296691895,-0.5547139048576355,12.123924255371094,-0.641196608543396,False
814,-39.81982421875,-0.6864550709724426,9.86788558959961,-0.632336437702179,12.264451026916504,-0.6593957543373108,False
815,-39.94594955444336,-0.725609302520752,10.13081169128418,-0.5750979781150818,12.184951782226562,-0.6503536701202393,False
816,-39.468753814697266,-0.5774691104888916,9.478235244750977,-0.7171624898910522,12.324095726013184,-0.6473158001899719,False
817,-40.17292404174805,-0.7960710525512695,9.761218070983887,-0.6555576920509338,12.195038795471191,-0.7258143424987793,False
818,-39.63889694213867,-0.6302881836891174,10.540157318115234,-0.48598426580429077,12.343615531921387,-0.5581362247467041,False
819,-39.52996826171875,-0.596472442150116,9.965003967285156,-0.6111939549446106,12.28479290008545,-0.6038331985473633,False
820,-39.595458984375,-0.6168033480644226,10.866390228271484,-0.4149640202522278,12.226163864135742,-0.5158836841583252,False
821,-39.763484954833984,-0.6689651608467102,9.451412200927734,-0.7230018377304077,12.245131492614746,-0.6959835290908813,False
822,-39.2357063293457,-0.5051220059394836,8.925957679748535,-0.8373921513557434,12.294652938842773,-0.6712570786476135,False
823,-39.34656524658203,-0.5395369529724121,9.388242721557617,-0.7367537021636963,12.294652938842773,-0.6381453275680542,False
824,-39.648109436035156,-0.6331480741500854,11.206774711608887,-0.34086304903030396,12.255081176757812,-0.4870055615901947,False
825,-39.45806884765625,-0.5741520524024963,10.632637023925781,-0.46585163474082947,12.164703369140625,-0.5200018286705017,False
826,-40.06501007080078,-0.7625703811645508,9.477893829345703,-0.7172368168830872,12.195038795471191,-0.7399035692214966,False
827,-39.91536331176758,-0.7161141633987427,10.5988130569458,-0.4732150137424469,12.225164413452148,-0.5946645736694336,False
828,-39.879844665527344,-0.7050877809524536,10.307390213012695,-0.5366571545600891,12.2151460647583,-0.6208724975585938,False
829,-39.70012283325195,-0.6492950916290283,10.998764038085938,-0.38614651560783386,12.274911880493164,-0.5177208185195923,False
830,-39.62651824951172,-0.6264453530311584,10.820222854614258,-0.42501458525657654,12.265007019042969,-0.5257299542427063,False
831,-39.40531921386719,-0.5577765107154846,11.558841705322266,-0.2642187774181366,12.195038795471191,-0.4109976291656494,False
832,-39.636165618896484,-0.6294402480125427,10.70263385772705,-0.45061346888542175,12.134156227111816,-0.540026843547821,False
833,-39.17795944213867,-0.48719513416290283,11.544529914855957,-0.2673344314098358,12.265007019042969,-0.3772647976875305,False
834,-38.89681625366211,-0.39991727471351624,11.058731079101562,-0.37309181690216064,12.2151460647583,-0.38650453090667725,False
835,-38.665443420410156,-0.328090101480484,12.571100234985352,-0.04385220631957054,12.31430435180664,-0.18597115576267242,False
836,-38.00971984863281,-0.12452784180641174,12.176931381225586,-0.1296619474887848,12.255081176757812,-0.12709489464759827,False
837,-38.87077713012695,-0.39183372259140015,10.952637672424316,-0.3961881399154663,12.401651382446289,-0.3940109312534332,False
838,-38.515193939208984,-0.28144678473472595,11.015307426452637,-0.3825450539588928,12.392993927001953,-0.3319959044456482,False
839,-38.44577407836914,-0.2598961293697357,11.20001220703125,-0.34233522415161133,12.333866119384766,-0.3011156916618347,False
840,-38.15243911743164,-0.16883349418640137,10.761439323425293,-0.43781161308288574,12.206108093261719,-0.30332255363464355,False
841,-38.93752670288086,-0.41255539655685425,11.326560974121094,-0.31478580832481384,12.294652938842773,-0.36367058753967285,False
842,-38.29898452758789,-0.2143269181251526,11.124455451965332,-0.3587837815284729,12.44942855834961,-0.28655534982681274,False
843,-38.90245819091797,-0.4016687572002411,11.566227912902832,-0.2626108229160309,12.477845191955566,-0.332139790058136,False
844,-38.28389358520508,-0.20964209735393524,10.559582710266113,-0.48175540566444397,12.420825004577637,-0.345698744058609,False
845,-38.61083221435547,-0.3111366331577301,12.474445343017578,-0.06489377468824387,12.245131492614746,-0.18801520764827728,False
846,-38.62678527832031,-0.31608909368515015,10.75483226776123,-0.4392499625682831,12.225164413452148,-0.3776695132255554,False
847,-38.80365753173828,-0.3709971606731415,10.310389518737793,-0.5360042452812195,12.201081275939941,-0.4535006880760193,False
848,-39.16398620605469,-0.48285728693008423,11.085308074951172,-0.36730608344078064,12.343615531921387,-0.42508167028427124,False
849,-38.913330078125,-0.4050438106060028,11.42110824584961,-0.2942030727863312,12.412206649780273,-0.349623441696167,False
850,-38.70933151245117,-0.34171468019485474,11.276900291442871,-0.3255968391895294,12.225164413452148,-0.33365577459335327,False
851,-38.74562072753906,-0.35298028588294983,12.249096870422363,-0.1139516681432724,12.363046646118164,-0.23346596956253052,False
852,-39.10886764526367,-0.46574634313583374,11.816449165344238,-0.20813818275928497,12.353342056274414,-0.33694225549697876,False
853,-39.23310852050781,-0.5043155550956726,11.589568138122559,-0.25752970576286316,12.324095726013184,-0.3809226155281067,False
854,-38.81755065917969,-0.37531015276908875,11.076713562011719,-0.36917707324028015,12.184951782226562,-0.37224361300468445,False
855,-38.50920104980469,-0.2795863449573517,12.513486862182617,-0.05639452114701271,12.294652938842773,-0.16799043118953705,False
856,-38.24222183227539,-0.19670554995536804,10.318077087402344,-0.5343306660652161,12.235159873962402,-0.36551809310913086,False
857,-38.71437454223633,-0.34328022599220276,10.72120475769043,-0.44657060503959656,12.195038795471191,-0.39492541551589966,False
858,-38.5928840637207,-0.30556485056877136,10.493684768676758,-0.4961012303829193,12.333866119384766,-0.40083304047584534,False
859,-38.832374572753906,-0.37991204857826233,10.239399909973145,-0.5514585375785828,12.304489135742188,-0.46568530797958374,False
860,-38.69233703613281,-0.336438924074173,13.190445899963379,0.09097805619239807,12.285778999328613,-0.12273043394088745,False
861,-39.31291580200195,-0.5290908813476562,10.669231414794922,-0.45788508653640747,12.255081176757812,-0.49348798394203186,False
862,-39.009403228759766,-0.4348686933517456,10.019033432006836,-0.5994318723678589,12.184951782226562,-0.5171502828598022,False
863,-39.35951232910156,-0.543556272983551,11.377427101135254,-0.3037123680114746,12.363046646118164,-0.4236343204975128,False
864,-38.85799789428711,-0.3878665566444397,10.386178970336914,-0.5195050239562988,12.245131492614746,-0.45368579030036926,False
865,-39.33902359008789,-0.5371957421302795,10.115038871765137,-0.5785316824913025,12.31430435180664,-0.557863712310791,False
866,-39.16071701049805,-0.48184239864349365,10.099504470825195,-0.5819134712219238,12.255081176757812,-0.5318779349327087,False
867,-38.737037658691406,-0.35031574964523315,10.993176460266113,-0.38736292719841003,12.294652938842773,-0.3688393235206604,False
868,-39.045902252197266,-0.4461994171142578,10.230592727661133,-0.5533758401870728,12.275899887084961,-0.4997876286506653,False
869,-39.59512710571289,-0.616700291633606,10.019218444824219,-0.5993915796279907,12.144363403320312,-0.6080459356307983,False
870,-39.73652267456055,-0.6605949997901917,10.111737251281738,-0.5792503952980042,12.28479290008545,-0.6199226975440979,False
871,-39.299652099609375,-0.5249732732772827,10.086294174194336,-0.5847893357276917,12.343615531921387,-0.5548813343048096,False
872,-39.441627502441406,-0.5690479874610901,10.147406578063965,-0.5714852809906006,12.402610778808594,-0.570266604423523,False
873,-40.13609313964844,-0.7846373319625854,11.597016334533691,-0.2559082508087158,12.304489135742188,-0.5202727913856506,False
874,-39.473487854003906,-0.5789387226104736,10.82593059539795,-0.42377200722694397,12.235159873962402,-0.5013553500175476,False
875,-39.520748138427734,-0.5936101675033569,9.773344993591309,-0.6529176831245422,12.2151460647583,-0.623263955116272,False
876,-39.82242202758789,-0.6872615218162537,10.623957633972168,-0.46774110198020935,12.383356094360352,-0.5775012969970703,False
877,-39.30397415161133,-0.5263150334358215,10.462739944458008,-0.5028378367424011,12.304489135742188,-0.5145764350891113,False
878,-39.58979415893555,-0.6150447130203247,10.113856315612793,-0.5787891149520874,12.372730255126953,-0.596916913986206,False
879,-39.861026763916016,-0.6992459297180176,9.764493942260742,-0.6548445820808411,12.201081275939941,-0.6770452260971069,False
880,-39.71734619140625,-0.65464186668396,10.913373947143555,-0.4047357738018036,12.363046646118164,-0.529688835144043,False
881,-39.23426055908203,-0.504673182964325,10.023466110229492,-0.5984668731689453,12.617202758789062,-0.5515700578689575,False
882,-39.597347259521484,-0.6173895001411438,9.393260955810547,-0.7356612086296082,12.617202758789062,-0.676525354385376,False
883,-39.37984085083008,-0.5498670339584351,9.163043022155762,-0.7857791781425476,12.265007019042969,-0.667823076248169,False
884,-39.30271911621094,-0.5259253978729248,9.136198043823242,-0.7916232943534851,12.372730255126953,-0.6587743759155273,False
885,-39.57972717285156,-0.6119195818901062,9.146721839904785,-0.7893322706222534,12.31430435180664,-0.7006258964538574,False
886,-39.58394241333008,-0.6132281422615051,10.168871879577637,-0.5668123364448547,12.205103874206543,-0.5900202393531799,False
887,-39.611854553222656,-0.6218931674957275,9.028752326965332,-0.8150140047073364,12.205103874206543,-0.718453586101532,False
888,-39.519081115722656,-0.5930926203727722,10.608291625976562,-0.47115156054496765,12.382391929626465,-0.5321220755577087,False
889,-39.32398986816406,-0.5325286984443665,10.899404525756836,-0.4077768921852112,12.274911880493164,-0.4701527953147888,False
890,-39.47380447387695,-0.5790370106697083,11.287095069885254,-0.32337746024131775,12.235159873962402,-0.4512072205543518,False
891,-39.74765396118164,-0.6640505790710449,9.158829689025879,-0.7866964340209961,12.265996932983398,-0.7253735065460205,False
892,-40.147987365722656,-0.7883297801017761,10.707817077636719,-0.44948506355285645,12.255081176757812,-0.6189074516296387,False
893,-39.44948196411133,-0.5714863538742065,9.742105484008789,-0.6597185134887695,12.363046646118164,-0.615602433681488,False
894,-39.08241653442383,-0.45753487944602966,10.747812271118164,-0.4407781958580017,12.274911880493164,-0.4491565227508545,False
895,-39.56836700439453,-0.6083928942680359,9.9965238571167,-0.6043321490287781,12.31430435180664,-0.606362521648407,False
896,-38.845191955566406,-0.3838910758495331,10.380805969238281,-0.5206747055053711,12.636359214782715,-0.4522829055786133,False
897,-38.84480667114258,-0.38377147912979126,10.4024076461792,-0.5159720778465271,12.245131492614746,-0.4498717784881592,False
898,-39.03929138183594,-0.44414713978767395,10.243941307067871,-0.5504698753356934,12.205103874206543,-0.49730849266052246,False
899,-38.89545440673828,-0.3994944989681244,10.35799789428711,-0.5256400108337402,12.324095726013184,-0.4625672698020935,False
900,-38.995670318603516,-0.4306054413318634,11.490154266357422,-0.279171884059906,12.487276077270508,-0.3548886775970459,False
901,-39.1185417175293,-0.4687495529651642,10.695952415466309,-0.4520680010318756,12.304489135742188,-0.4604087769985199,False
902,-38.89220428466797,-0.39848554134368896,10.340714454650879,-0.5294025540351868,12.315282821655273,-0.46394404768943787,False
903,-39.02790451049805,-0.44061219692230225,11.251729965209961,-0.33107638359069824,12.245131492614746,-0.38584429025650024,False
904,-38.88039779663086,-0.39482036232948303,11.048712730407715,-0.37527281045913696,12.154545783996582,-0.3850466012954712,False
905,-38.92366027832031,-0.40825071930885315,10.593106269836426,-0.47445738315582275,12.185959815979004,-0.44135403633117676,False
906,-39.2665901184082,-0.5147095322608948,10.924398422241211,-0.4023357629776001,12.265996932983398,-0.45852264761924744,False
907,-38.99164581298828,-0.42935609817504883,11.00692367553711,-0.38437020778656006,12.235159873962402,-0.40686315298080444,False
908,-39.07101058959961,-0.4539940059185028,9.481584548950195,-0.7164333462715149,12.31430435180664,-0.5852136611938477,False
909,-39.25259780883789,-0.5103657841682434,10.864730834960938,-0.4153252840042114,12.295636177062988,-0.4628455340862274,False
910,-39.560569763183594,-0.6059723496437073,9.457663536071777,-0.7216408848762512,12.265007019042969,-0.6638066172599792,False
911,-39.34791946411133,-0.5399573445320129,10.131343841552734,-0.5749821066856384,12.344588279724121,-0.5574697256088257,False
912,-39.230995178222656,-0.5036594867706299,10.062281608581543,-0.590016782283783,12.232361793518066,-0.5468381643295288,False
913,-39.30131149291992,-0.5254884362220764,10.586106300354004,-0.4759812653064728,12.206108093261719,-0.5007348656654358,False
914,-39.00895690917969,-0.4347301423549652,11.341839790344238,-0.31145966053009033,12.255081176757812,-0.37309491634368896,False
915,-39.0548210144043,-0.44896814227104187,9.720537185668945,-0.6644138693809509,12.294652938842773,-0.5566909909248352,False
916,-39.41897201538086,-0.5620148777961731,10.206461906433105,-0.558629035949707,12.255081176757812,-0.5603219270706177,False
917,-39.27631378173828,-0.5177281498908997,9.54906177520752,-0.7017437219619751,12.225164413452148,-0.6097359657287598,False
918,-39.61510467529297,-0.6229020953178406,9.927475929260254,-0.6193637251853943,12.195038795471191,-0.6211329102516174,False
919,-39.831764221191406,-0.6901617050170898,10.193967819213867,-0.5613489747047424,12.324095726013184,-0.6257553100585938,False
920,-39.30742645263672,-0.5273867845535278,10.751056671142578,-0.4400719106197357,12.324095726013184,-0.48372936248779297,False
921,-38.86339569091797,-0.38954222202301025,10.931426048278809,-0.40080586075782776,12.333866119384766,-0.3951740264892578,False
922,-39.282169342041016,-0.5195459723472595,10.69540023803711,-0.4521881937980652,12.164703369140625,-0.48586708307266235,False
923,-39.31730651855469,-0.5304539203643799,10.20123291015625,-0.5597674250602722,12.364014625549316,-0.5451107025146484,False
924,-39.66114044189453,-0.6371934413909912,10.747766494750977,-0.4407881796360016,12.245131492614746,-0.5389907956123352,False
925,-39.482425689697266,-0.5817133784294128,10.461950302124023,-0.5030097365379333,12.245131492614746,-0.5423615574836731,False
926,-39.76184844970703,-0.6684571504592896,10.863576889038086,-0.4155764877796173,12.226163864135742,-0.5420168042182922,False
927,-39.55829620361328,-0.6052665710449219,9.957365989685059,-0.6128567457199097,12.184951782226562,-0.6090616583824158,False
928,-39.53609085083008,-0.5983731150627136,10.058891296386719,-0.5907548666000366,12.265007019042969,-0.5945639610290527,False
929,-39.315101623535156,-0.5297694206237793,9.919633865356445,-0.621070921421051,12.324095726013184,-0.5754201412200928,False
930,-39.40800857543945,-0.5586113929748535,9.930521965026855,-0.6187006235122681,12.28479290008545,-0.5886560082435608,False
931,-39.55229949951172,-0.6034049391746521,9.454219818115234,-0.7223905920982361,12.154545783996582,-0.6628977656364441,False
932,-39.18302536010742,-0.4887678027153015,10.135054588317871,-0.5741742849349976,12.245131492614746,-0.5314710140228271,False
933,-39.19147491455078,-0.4913908541202545,10.379190444946289,-0.5210264325141907,12.324095726013184,-0.5062086582183838,False
934,-39.13914108276367,-0.4751443862915039,10.957846641540527,-0.3950541615486145,12.255081176757812,-0.4350992739200592,False
935,-39.43202209472656,-0.5660661458969116,12.638368606567383,-0.029208023101091385,12.195038795471191,-0.29763707518577576,False
936,-39.637508392333984,-0.6298571228981018,10.834918975830078,-0.42181524634361267,12.245131492614746,-0.525836169719696,False
937,-39.8549690246582,-0.697365403175354,12.043119430541992,-0.15879252552986145,12.154545783996582,-0.42807894945144653,False
938,-39.26293182373047,-0.5135738849639893,11.012527465820312,-0.38315024971961975,12.245131492614746,-0.4483620524406433,False
939,-39.80171585083008,-0.6808335185050964,10.76729965209961,-0.4365358352661133,12.256073951721191,-0.5586847066879272,False
940,-39.690330505371094,-0.6462551355361938,12.595281600952148,-0.03858797624707222,12.294652938842773,-0.3424215614795685,False
941,-39.137962341308594,-0.4747784733772278,10.385234832763672,-0.5197105407714844,12.225164413452148,-0.4972445070743561,False
942,-39.42280578613281,-0.5632050037384033,9.983397483825684,-0.6071897149085999,12.31430435180664,-0.5851973295211792,False
943,-39.37824630737305,-0.5493720173835754,11.090681076049805,-0.366136372089386,12.265007019042969,-0.4577541947364807,False
944,-39.4029541015625,-0.5570423007011414,9.931960105895996,-0.6183875203132629,12.366377830505371,-0.5877149105072021,False
945,-38.82097625732422,-0.3763735890388489,11.577150344848633,-0.2602330446243286,12.333866119384766,-0.31830331683158875,False
946,-39.329315185546875,-0.5341818928718567,11.433221817016602,-0.29156598448753357,12.265996932983398,-0.41287392377853394,False
947,-38.693504333496094,-0.33680129051208496,10.920785903930664,-0.403122216463089,12.174839973449707,-0.3699617385864258,False
948,-38.9240608215332,-0.4083750545978546,10.649763107299805,-0.462123304605484,12.274911880493164,-0.4352491796016693,False
949,-39.36856460571289,-0.5463664531707764,10.70104694366455,-0.4509589374065399,12.113670349121094,-0.49866271018981934,False
950,-39.28911209106445,-0.5217012763023376,10.478365898132324,-0.4994361102581024,12.164703369140625,-0.5105686783790588,False
951,-38.9287109375,-0.4098186492919922,11.518570899963379,-0.27298566699028015,12.265007019042969,-0.34140217304229736,False
952,-39.3433723449707,-0.5385457873344421,10.474374771118164,-0.5003049969673157,12.235159873962402,-0.5194253921508789,False
953,-38.9188232421875,-0.40674909949302673,10.421792030334473,-0.5117521286010742,12.245131492614746,-0.45925062894821167,False
954,-38.63225173950195,-0.3177860975265503,11.908526420593262,-0.1880931556224823,12.195038795471191,-0.2529396414756775,False
955,-39.66416931152344,-0.638133704662323,11.011301040649414,-0.3834172487258911,12.164703369140625,-0.5107754468917847,False
956,-38.835968017578125,-0.38102760910987854,11.881625175476074,-0.19394949078559875,12.285778999328613,-0.28748854994773865,False
957,-39.12045669555664,-0.46934401988983154,11.955717086791992,-0.17781983315944672,12.216147422790527,-0.3235819339752197,False
958,-38.873451232910156,-0.3926638662815094,11.125752449035645,-0.3585014045238495,12.265996932983398,-0.37558263540267944,False
959,-38.790672302246094,-0.36696603894233704,11.311664581298828,-0.3180287182331085,12.195038795471191,-0.3424973785877228,False
960,-39.0380859375,-0.44377291202545166,12.426998138427734,-0.0752229318022728,12.274911880493164,-0.25949791073799133,False
961,-38.61810302734375,-0.31339380145072937,11.981734275817871,-0.1721559464931488,12.255081176757812,-0.2427748739719391,False
962,-38.3810920715332,-0.2398163080215454,11.84289264678955,-0.20238149166107178,12.123924255371094,-0.2210988998413086,False
963,-38.14595031738281,-0.16681911051273346,11.634069442749023,-0.24784186482429504,12.246126174926758,-0.20733049511909485,False
964,-38.05124282836914,-0.13741819560527802,10.569391250610352,-0.479620099067688,12.144363403320312,-0.3085191547870636,False
965,-38.82909393310547,-0.3788936138153076,10.105156898498535,-0.5806829333305359,12.164703369140625,-0.47978827357292175,False
966,-38.437686920166016,-0.25738558173179626,10.285853385925293,-0.5413457155227661,12.401651382446289,-0.3993656635284424,False
967,-37.97906494140625,-0.11501135677099228,11.884511947631836,-0.19332104921340942,12.344588279724121,-0.15416620671749115,False
968,-38.39096450805664,-0.24288110435009003,11.21212387084961,-0.33969852328300476,12.28479290008545,-0.2912898063659668,False
969,-38.4351806640625,-0.2566075325012207,11.054292678833008,-0.3740580677986145,12.245131492614746,-0.3153328001499176,False
970,-38.44841003417969,-0.26071444153785706,11.470165252685547,-0.28352347016334534,12.334840774536133,-0.2721189558506012,False
971,-38.57572555541992,-0.30023816227912903,11.725924491882324,-0.2278452068567276,12.265996932983398,-0.2640416920185089,False
972,-39.56134033203125,-0.6062115430831909,11.745832443237305,-0.22351129353046417,12.265007019042969,-0.41486141085624695,False
973,-39.56293869018555,-0.606707751750946,10.538392066955566,-0.4863685369491577,12.10339069366455,-0.5465381145477295,False
974,-38.88127136230469,-0.39509153366088867,10.371939659118652,-0.5226048827171326,12.353342056274414,-0.4588482081890106,False
975,-39.20225524902344,-0.49473750591278076,9.994403839111328,-0.6047936677932739,12.265007019042969,-0.5497655868530273,False
976,-39.192298889160156,-0.4916466474533081,10.396417617797852,-0.5172761082649231,12.364014625549316,-0.504461407661438,False
977,-39.25364303588867,-0.5106902718544006,9.923087120056152,-0.6203191876411438,12.365371704101562,-0.5655047297477722,False
978,-39.287776947021484,-0.5212867856025696,9.719114303588867,-0.6647236347198486,12.343615531921387,-0.5930051803588867,False
979,-39.36076354980469,-0.5439446568489075,10.338788986206055,-0.5298217535018921,12.343615531921387,-0.5368832349777222,False
980,-39.348915100097656,-0.5402664542198181,9.473203659057617,-0.7182578444480896,12.392032623291016,-0.6292621493339539,False
981,-39.571075439453125,-0.6092337369918823,9.86192798614502,-0.6336333751678467,12.43991470336914,-0.6214335560798645,False
982,-39.331912994384766,-0.5349883437156677,9.39222526550293,-0.7358866930007935,12.265007019042969,-0.6354374885559082,False
983,-39.261680603027344,-0.513185441493988,10.884814262390137,-0.410953164100647,12.255081176757812,-0.4620693027973175,False
984,-39.307960510253906,-0.5275525450706482,10.571334838867188,-0.4791969656944275,12.43991470336914,-0.5033747553825378,False
985,-39.43843078613281,-0.5680556297302246,9.903346061706543,-0.6246167421340942,12.285778999328613,-0.5963361859321594,False
986,-39.40076446533203,-0.556362509727478,10.200745582580566,-0.5598734617233276,12.43991470336914,-0.5581179857254028,False
987,-39.87034606933594,-0.7021390199661255,10.488629341125488,-0.4972018003463745,12.28479290008545,-0.59967041015625,False
988,-39.705440521240234,-0.6509459018707275,9.885478019714355,-0.628506600856781,12.216147422790527,-0.6397262811660767,False
989,-39.65244674682617,-0.6344945430755615,10.544668197631836,-0.4850022494792938,12.353342056274414,-0.5597484111785889,False
990,-39.74592971801758,-0.6635153293609619,8.65561580657959,-0.896245002746582,12.304489135742188,-0.779880166053772,False
991,-38.774803161621094,-0.3620396554470062,11.140682220458984,-0.3552512228488922,12.372730255126953,-0.3586454391479492,False
992,-39.294681549072266,-0.5234302282333374,9.575054168701172,-0.6960852146148682,12.430380821228027,-0.6097577214241028,False
993,-39.18450164794922,-0.4892260730266571,10.203914642333984,-0.5591835975646973,12.401651382446289,-0.5242048501968384,False
994,-39.233829498291016,-0.5045393705368042,10.629417419433594,-0.4665525257587433,12.265007019042969,-0.48554593324661255,False
995,-39.52486038208008,-0.5948867797851562,10.320305824279785,-0.5338454842567444,12.343615531921387,-0.5643661022186279,False
996,-39.28173065185547,-0.5194097757339478,11.36882209777832,-0.305585652589798,12.304489135742188,-0.41249769926071167,False
997,-39.799560546875,-0.6801644563674927,11.022026062011719,-0.3810824453830719,12.274911880493164,-0.5306234359741211,False
998,-39.784366607666016,-0.6754476428031921,10.830650329589844,-0.4227445423603058,12.31430435180664,-0.5490961074829102,False
999,-39.46406173706055,-0.5760124921798706,10.805973052978516,-0.42811673879623413,12.265007019042969,-0.50206458568573,False
1000,-39.31132125854492,-0.5285958647727966,10.48997974395752,-0.4969078004360199,12.324095726013184,-0.5127518177032471,False
1001,-39.20515060424805,-0.49563634395599365,11.319732666015625,-0.3162723183631897,12.304489135742188,-0.4059543311595917,False
1002,-39.0101318359375,-0.4350948631763458,10.638983726501465,-0.4644699692726135,12.324095726013184,-0.44978243112564087,False
1003,-39.219364166259766,-0.5000487565994263,10.113639831542969,-0.57883620262146,12.324095726013184,-0.5394424796104431,False
1004,-39.122440338134766,-0.4699598252773285,11.002045631408691,-0.3854321241378784,12.123924255371094,-0.42769598960876465,False
1005,-38.74789047241211,-0.3536849021911621,10.089676856994629,-0.5840529203414917,12.382391929626465,-0.4688689112663269,False
1006,-39.2487678527832,-0.5091768503189087,10.69532585144043,-0.4522044062614441,12.402610778808594,-0.4806906282901764,False
1007,-39.46385192871094,-0.5759473443031311,11.777640342712402,-0.21658678352832794,12.401651382446289,-0.3962670564651489,False
1008,-39.485877990722656,-0.5827850699424744,11.671773910522461,-0.2396336793899536,12.28479290008545,-0.411209374666214,False
1009,-39.185611724853516,-0.4895707070827484,10.683700561523438,-0.4547351896762848,12.365371704101562,-0.4721529483795166,False
1010,-39.25106430053711,-0.5098897218704224,11.443475723266602,-0.2893337309360504,12.421780586242676,-0.3996117115020752,False
1011,-39.29283142089844,-0.5228558778762817,11.058385848999023,-0.3731669783592224,12.265007019042969,-0.4480114281177521,False
1012,-38.78965377807617,-0.366649866104126,11.0353422164917,-0.3781835436820984,12.343615531921387,-0.3724167048931122,False
1013,-38.61116409301758,-0.31123965978622437,10.997081756591797,-0.38651275634765625,12.430380821228027,-0.3488762080669403,False
1014,-39.19401931762695,-0.492180734872818,11.692395210266113,-0.2351444661617279,12.497624397277832,-0.36366260051727295,False
1015,-39.139671325683594,-0.47530898451805115,9.978331565856934,-0.6082925796508789,12.363046646118164,-0.5418007969856262,False
1016,-39.06534957885742,-0.4522366225719452,10.507051467895508,-0.49319133162498474,12.225164413452148,-0.47271397709846497,False
1017,-39.02497863769531,-0.43970391154289246,9.820180892944336,-0.6427216529846191,12.245131492614746,-0.541212797164917,False
1018,-39.257568359375,-0.5119088292121887,10.245583534240723,-0.5501123666763306,12.245131492614746,-0.531010627746582,False
1019,-39.44880294799805,-0.571275532245636,10.101150512695312,-0.5815551280975342,12.2151460647583,-0.5764153003692627,False
1020,-38.962196350097656,-0.42021381855010986,10.909049034118652,-0.40567728877067566,12.324095726013184,-0.41294556856155396,False
1021,-39.73603057861328,-0.6604422330856323,9.80888843536377,-0.6451799869537354,12.304489135742188,-0.6528111100196838,False
1022,-39.35056686401367,-0.5407792329788208,10.225178718566895,-0.5545544624328613,12.275899887084961,-0.5476668477058411,False
1023,-39.57561492919922,-0.6106429696083069,10.306327819824219,-0.5368884801864624,12.245131492614746,-0.573765754699707,False
1024,-39.61388397216797,-0.6225231885910034,11.733682632446289,-0.22615627944469452,12.235159873962402,-0.42433974146842957,False
1025,-39.11638641357422,-0.46808046102523804,9.60079288482666,-0.690481960773468,12.333866119384766,-0.579281210899353,False
1026,-40.015350341796875,-0.7471540570259094,10.2891845703125,-0.5406205058097839,12.561994552612305,-0.6438872814178467,False
1027,-39.416481018066406,-0.5612415671348572,10.249432563781738,-0.5492744445800781,12.274911880493164,-0.55525803565979,False
1028,-39.487422943115234,-0.5832647085189819,9.792787551879883,-0.648685097694397,12.28479290008545,-0.6159749031066895,False
1029,-39.140132904052734,-0.4754523038864136,10.632598876953125,-0.46585991978645325,12.420825004577637,-0.4706560969352722,False
1030,-39.49481201171875,-0.5855585932731628,10.347744941711426,-0.5278720259666443,12.543435096740723,-0.5567153096199036,False
1031,-39.87498474121094,-0.7035790681838989,10.773307800292969,-0.4352278709411621,12.43991470336914,-0.5694034695625305,False
1032,-39.3741340637207,-0.5480954051017761,10.723278045654297,-0.4461192488670349,12.420825004577637,-0.4971073269844055,False
1033,-39.284915924072266,-0.5203986167907715,10.431509017944336,-0.5096367597579956,12.636359214782715,-0.5150176882743835,False
1034,-39.37113571166992,-0.5471646189689636,10.428857803344727,-0.5102139115333557,12.363046646118164,-0.5286892652511597,False
1035,-39.16063690185547,-0.4818175435066223,10.91695785522461,-0.4039555788040161,12.324095726013184,-0.4428865611553192,False
1036,-39.48211669921875,-0.5816174149513245,10.842720985412598,-0.4201167821884155,12.155561447143555,-0.5008671283721924,False
1037,-39.4693717956543,-0.5776609182357788,9.37578296661377,-0.73946613073349,12.343615531921387,-0.658563494682312,False
1038,-39.526649475097656,-0.5954421758651733,9.658652305603027,-0.6778860688209534,12.487276077270508,-0.6366641521453857,False
1039,-39.50458526611328,-0.5885925889015198,9.498435974121094,-0.7127648591995239,12.265007019042969,-0.6506787538528442,False
1040,-39.37369155883789,-0.5479580163955688,10.110937118530273,-0.5794246196746826,12.372730255126953,-0.5636913180351257,False
1041,-39.31925582885742,-0.5310590863227844,10.920711517333984,-0.4031383991241455,12.28479290008545,-0.46709874272346497,False
1042,-39.8576774597168,-0.6982061862945557,10.646896362304688,-0.46274739503860474,12.314696311950684,-0.5804767608642578,False
1043,-39.507713317871094,-0.5895636081695557,10.46976375579834,-0.501308798789978,12.245131492614746,-0.5454362034797668,False
1044,-39.85983657836914,-0.6988765001296997,10.547927856445312,-0.4842926263809204,12.255081176757812,-0.5915845632553101,False
1045,-39.36512756347656,-0.5452994108200073,10.915610313415527,-0.4042489230632782,12.274911880493164,-0.47477418184280396,False
1046,-39.252357482910156,-0.5102912187576294,11.144522666931152,-0.3544151782989502,12.225164413452148,-0.4323531985282898,False
1047,-39.715545654296875,-0.6540829539299011,10.664814949035645,-0.4588465392589569,12.304489135742188,-0.5564647316932678,False
1048,-39.5478515625,-0.6020241379737854,10.633368492126465,-0.4656923711299896,12.31430435180664,-0.5338582396507263,False
1049,-39.51451873779297,-0.5916762948036194,11.319275856018066,-0.31637176871299744,12.274911880493164,-0.4540240168571472,False
1050,-38.7882080078125,-0.3662010431289673,11.19294261932373,-0.3438742458820343,12.411249160766602,-0.3550376296043396,False
1051,-39.04440689086914,-0.4457351863384247,11.657234191894531,-0.24279893934726715,12.28479290008545,-0.3442670702934265,False
1052,-39.16408157348633,-0.4828868806362152,10.882515907287598,-0.411453515291214,12.535057067871094,-0.4471701979637146,False
1053,-38.51505661010742,-0.28140413761138916,11.914095878601074,-0.1868806928396225,12.716629028320312,-0.23414242267608643,False
1054,-38.75898742675781,-0.3571298122406006,11.40078067779541,-0.2986283302307129,12.653621673583984,-0.32787907123565674,False
1055,-38.27254104614258,-0.20611782371997833,10.956639289855957,-0.3953169882297516,12.778735160827637,-0.30071741342544556,False
1056,-38.59037399291992,-0.3047856092453003,10.28016471862793,-0.5425841212272644,12.883180618286133,-0.42368486523628235,False
1057,-38.73884963989258,-0.3508782684803009,11.533092498779297,-0.2698243260383606,12.99356460571289,-0.31035131216049194,False
1058,-38.576419830322266,-0.30045369267463684,10.892600059509277,-0.4092582166194916,12.839966773986816,-0.3548559546470642,False
1059,-39.16998291015625,-0.4847188889980316,12.197941780090332,-0.12508802115917206,12.857303619384766,-0.30490344762802124,False
1060,-39.11699295043945,-0.4682687520980835,10.75640869140625,-0.43890678882598877,12.653621673583984,-0.45358777046203613,False
1061,-38.89087677001953,-0.3980734348297119,11.333321571350098,-0.3133140504360199,12.515445709228516,-0.3556937575340271,False
1062,-39.33129119873047,-0.5347952842712402,11.394619941711426,-0.29996952414512634,12.372730255126953,-0.4173824191093445,False
1063,-39.17818832397461,-0.4872661828994751,11.813675880432129,-0.2087419182062149,12.561994552612305,-0.3480040431022644,False
1064,-38.914363861083984,-0.4053647518157959,10.344676971435547,-0.5285398960113525,12.420825004577637,-0.4669523239135742,False
1065,-38.46022033691406,-0.2643808126449585,10.558550834655762,-0.48198002576828003,12.225164413452148,-0.37318041920661926,False
1066,-38.822261810302734,-0.3767726719379425,11.661172866821289,-0.24194151163101196,12.265007019042969,-0.3093571066856384,False
1067,-38.81242752075195,-0.373719722032547,11.522022247314453,-0.2722342908382416,12.343615531921387,-0.3229770064353943,False
1068,-38.96912384033203,-0.42236438393592834,10.813445091247559,-0.42649006843566895,12.552724838256836,-0.42442721128463745,False
1069,-39.308189392089844,-0.5276235938072205,10.063067436218262,-0.5898457169532776,12.608964920043945,-0.558734655380249,False
1070,-39.285247802734375,-0.5205016136169434,10.748278617858887,-0.4406766891479492,12.681636810302734,-0.4805891513824463,False
1071,-39.05052947998047,-0.4476358890533447,12.007095336914062,-0.16663490235805511,12.372730255126953,-0.3071354031562805,False
1072,-38.73560333251953,-0.3498704731464386,12.093462944030762,-0.14783285558223724,12.543435096740723,-0.24885165691375732,False
1073,-39.1065788269043,-0.4650357961654663,10.344260215759277,-0.5286306738853455,12.516380310058594,-0.4968332350254059,False
1074,-39.21320724487305,-0.4981374144554138,11.431090354919434,-0.2920299768447876,12.455127716064453,-0.3950836956501007,False
1075,-38.9685173034668,-0.4221760928630829,10.601040840148926,-0.47273004055023193,12.411249160766602,-0.4474530816078186,False
1076,-39.00138854980469,-0.4323806166648865,9.88404655456543,-0.6288182139396667,12.401651382446289,-0.5305994153022766,False
1077,-39.01869201660156,-0.43775227665901184,11.002522468566895,-0.3853283226490021,12.225164413452148,-0.41154029965400696,False
1078,-38.83502960205078,-0.3807362914085388,11.034814834594727,-0.3782983422279358,12.580475807189941,-0.3795173168182373,False
1079,-38.832679748535156,-0.3800067901611328,11.691106796264648,-0.2354249507188797,12.430380821228027,-0.30771586298942566,False
1080,-38.932926177978516,-0.4111272096633911,11.72315788269043,-0.22844749689102173,12.477845191955566,-0.3197873532772064,False
1081,-38.6075325012207,-0.3101122975349426,12.07023811340332,-0.15288884937763214,12.353342056274414,-0.2315005660057068,False
1082,-38.759822845458984,-0.3573891520500183,11.556297302246094,-0.2647726833820343,12.430380821228027,-0.3110809326171875,False
1083,-39.11052703857422,-0.46626147627830505,11.517870903015137,-0.27313804626464844,12.274911880493164,-0.36969977617263794,False
1084,-38.233577728271484,-0.19402208924293518,11.667901039123535,-0.2404768019914627,12.344588279724121,-0.21724945306777954,False
1085,-38.48851776123047,-0.2731654644012451,11.4437837600708,-0.2892666757106781,12.431333541870117,-0.2812160849571228,False
1086,-38.56254959106445,-0.29614782333374023,11.086346626281738,-0.3670799732208252,12.392993927001953,-0.3316138982772827,False
1087,-38.84833908081055,-0.3848680555820465,12.234220504760742,-0.11719022691249847,12.487276077270508,-0.2510291337966919,False
1088,-38.33702850341797,-0.22613725066184998,11.275565147399902,-0.3258875012397766,12.431333541870117,-0.2760123610496521,False
1089,-38.5157470703125,-0.28161850571632385,11.573639869689941,-0.2609972655773163,12.617202758789062,-0.27130788564682007,False
1090,-38.553062438964844,-0.29320263862609863,10.963050842285156,-0.39392122626304626,13.027802467346191,-0.34356194734573364,False
1091,-38.65869903564453,-0.32599636912345886,11.419240951538086,-0.29460957646369934,12.552724838256836,-0.3103029727935791,False
1092,-38.359527587890625,-0.233121857047081,11.683079719543457,-0.2371724247932434,13.08564281463623,-0.2351471483707428,False
1093,-38.08203125,-0.14697612822055817,11.966767311096191,-0.17541423439979553,13.739017486572266,-0.16119518876075745,False
1094,-38.53536605834961,-0.28770899772644043,11.702364921569824,-0.2329740822315216,14.25885009765625,-0.2603415250778198,False
1095,-38.814212799072266,-0.3742739260196686,12.018068313598633,-0.1642461121082306,12.900346755981445,-0.2692600190639496,False
1096,-38.25309371948242,-0.20008061826229095,11.262399673461914,-0.32875359058380127,12.430380821228027,-0.2644171118736267,False
1097,-37.63035583496094,-0.006758408155292273,11.84538459777832,-0.20183899998664856,12.343615531921387,-0.10429870337247849,False
1098,-38.287071228027344,-0.21062856912612915,11.507920265197754,-0.27530428767204285,12.46839427947998,-0.242966428399086,False
1099,-38.30027389526367,-0.21472719311714172,10.211307525634766,-0.5575741529464722,12.392032623291016,-0.38615065813064575,False
1100,-37.9084358215332,-0.09308531880378723,11.127355575561523,-0.3581524193286896,12.430380821228027,-0.2256188690662384,False
1101,-38.04402160644531,-0.13517645001411438,11.290682792663574,-0.3225964307785034,12.31430435180664,-0.2288864403963089,False
1102,-37.6375732421875,-0.008998973295092583,12.193462371826172,-0.12606318295001984,12.353342056274414,-0.06753107905387878,False
1103,-38.47894287109375,-0.27019304037094116,11.09089183807373,-0.3660905063152313,12.401651382446289,-0.31814175844192505,False
1104,-38.610347747802734,-0.3109862506389618,11.608466148376465,-0.25341564416885376,12.534126281738281,-0.2822009325027466,False
1105,-38.479713439941406,-0.2704322338104248,11.776350975036621,-0.21686747670173645,12.420825004577637,-0.24364985525608063,False
1106,-38.22886276245117,-0.1925583779811859,12.113715171813965,-0.14342398941516876,12.572168350219727,-0.16799119114875793,False
1107,-38.466670989990234,-0.2663833498954773,11.813009262084961,-0.2088870406150818,12.649121284484863,-0.23763519525527954,False
1108,-38.79216003417969,-0.36742788553237915,12.204527854919434,-0.12365425378084183,12.477845191955566,-0.2455410659313202,False
1109,-38.49927520751953,-0.2765049934387207,11.282731056213379,-0.3243274986743927,12.805082321166992,-0.3004162311553955,False
1110,-38.16175842285156,-0.17172656953334808,11.311860084533691,-0.3179861605167389,13.101211547851562,-0.2448563575744629,False
1111,-38.15198516845703,-0.16869255900382996,9.772161483764648,-0.6531753540039062,12.917444229125977,-0.4109339714050293,False
1112,-38.67668914794922,-0.3315812051296234,11.210431098937988,-0.340067058801651,13.332146644592285,-0.3358241319656372,False
1113,-38.43498992919922,-0.25654831528663635,11.298431396484375,-0.3209095597267151,12.769917488098145,-0.2887289524078369,False
1114,-38.73784255981445,-0.3505656123161316,12.81035041809082,0.008232059888541698,12.524795532226562,-0.1711667776107788,False
1115,-39.0062370300293,-0.433885782957077,10.69083023071289,-0.4531830847263336,12.43991470336914,-0.4435344338417053,False
1116,-38.38739776611328,-0.2417738437652588,11.276572227478027,-0.3256682753562927,12.430380821228027,-0.28372105956077576,False
1117,-38.9189453125,-0.4067870080471039,11.207923889160156,-0.34061285853385925,12.274911880493164,-0.37369993329048157,False
1118,-38.732765197753906,-0.34898942708969116,11.68643569946289,-0.23644183576107025,12.205103874206543,-0.2927156388759613,False
1119,-38.08369827270508,-0.1474936455488205,11.11698055267334,-0.36041104793548584,12.382391929626465,-0.25395235419273376,False
1120,-38.979522705078125,-0.4255926012992859,11.460026741027832,-0.28573060035705566,12.580475807189941,-0.3556616008281708,False
1121,-39.03199005126953,-0.4418805241584778,10.857314109802246,-0.4169398844242096,12.662678718566895,-0.4294102191925049,False
1122,-38.85594940185547,-0.38723060488700867,11.777261734008789,-0.2166692018508911,12.31430435180664,-0.3019499182701111,False
1123,-38.823116302490234,-0.3770379424095154,11.060843467712402,-0.3726319670677185,12.353342056274414,-0.37483495473861694,False
1124,-39.109832763671875,-0.46604594588279724,12.316890716552734,-0.09919308871030807,12.420825004577637,-0.28261950612068176,False
1125,-38.730037689208984,-0.34814268350601196,11.059428215026855,-0.3729400634765625,12.43991470336914,-0.36054137349128723,False
1126,-38.863887786865234,-0.3896949887275696,10.338069915771484,-0.5299782752990723,12.487276077270508,-0.4598366320133209,False
1127,-38.41590118408203,-0.250622421503067,11.170722007751465,-0.34871163964271545,12.392032623291016,-0.29966703057289124,False
1128,-38.68061828613281,-0.3328009843826294,10.470159530639648,-0.5012226104736328,12.343615531921387,-0.4170117974281311,False
1129,-38.37067794799805,-0.23658336699008942,10.717643737792969,-0.4473458230495453,12.2151460647583,-0.34196460247039795,False
1130,-38.80657196044922,-0.3719019293785095,10.942444801330566,-0.39840710163116455,12.274911880493164,-0.38515451550483704,False
1131,-39.552188873291016,-0.6033706068992615,12.773748397827148,0.0002638760197442025,12.343615531921387,-0.3015533685684204,False
1132,-39.26280975341797,-0.5135359764099121,10.733206748962402,-0.4439578056335449,12.343615531921387,-0.4787468910217285,False
1133,-38.81386947631836,-0.3741673529148102,11.184252738952637,-0.3457660377025604,12.295636177062988,-0.3599666953086853,False
1134,-38.98551940917969,-0.4274542033672333,10.712374687194824,-0.4484928846359253,12.372730255126953,-0.4379735589027405,False
1135,-39.482421875,-0.5817121863365173,11.251274108886719,-0.33117562532424927,12.372730255126953,-0.4564439058303833,False
1136,-38.90803909301758,-0.40340128540992737,11.681801795959473,-0.23745062947273254,12.506075859069824,-0.32042595744132996,False
1137,-39.285118103027344,-0.52046138048172,12.36076545715332,-0.08964165300130844,12.46839427947998,-0.3050515055656433,False
1138,-38.90586471557617,-0.40272629261016846,11.149816513061523,-0.353262722492218,12.295636177062988,-0.37799450755119324,False
1139,-39.10602951049805,-0.4648652672767639,10.921818733215332,-0.40289735794067383,12.324095726013184,-0.43388131260871887,False
1140,-38.570377349853516,-0.2985778748989105,11.33345890045166,-0.31328415870666504,12.324878692626953,-0.305931031703949,False
1141,-38.748172760009766,-0.35377252101898193,11.266767501831055,-0.32780274748802185,12.325072288513184,-0.3407876491546631,False
1142,-39.3153076171875,-0.5298333764076233,10.824933052062988,-0.4239891767501831,12.325072288513184,-0.4769112765789032,False
1143,-38.88386535644531,-0.3958968222141266,11.711012840270996,-0.2310914397239685,12.382391929626465,-0.31349414587020874,False
1144,-39.165794372558594,-0.48341861367225647,10.76103401184082,-0.4378998577594757,12.325072288513184,-0.4606592357158661,False
1145,-38.354400634765625,-0.23153024911880493,10.55463981628418,-0.4828314483165741,12.31430435180664,-0.3571808338165283,False
1146,-38.74283981323242,-0.35211697220802307,9.193111419677734,-0.7792333364486694,12.363046646118164,-0.5656751394271851,False
1147,-39.21623992919922,-0.4990788996219635,10.51109790802002,-0.49231043457984924,12.363046646118164,-0.49569466710090637,False
1148,-38.80044937133789,-0.3700012266635895,12.444031715393066,-0.07151476293802261,12.353342056274414,-0.22075799107551575,False
1149,-38.74123001098633,-0.3516172170639038,12.085177421569824,-0.14963659644126892,12.344588279724121,-0.25062692165374756,False
1150,-38.92427444458008,-0.40844136476516724,11.260705947875977,-0.3291223347187042,12.487276077270508,-0.3687818646430969,False
1151,-39.596134185791016,-0.6170129179954529,11.528339385986328,-0.2708590626716614,12.401651382446289,-0.44393599033355713,False
1152,-39.08995056152344,-0.4598737359046936,11.377726554870605,-0.3036471903324127,12.401651382446289,-0.38176047801971436,False
1153,-38.6078987121582,-0.3102259635925293,11.148801803588867,-0.3534836173057556,12.401651382446289,-0.33185479044914246,False
1154,-38.30529022216797,-0.21628445386886597,11.850979804992676,-0.20062093436717987,12.363046646118164,-0.20845270156860352,False
1155,-38.43137741088867,-0.2554268538951874,10.45658016204834,-0.5041788220405579,12.343615531921387,-0.3798028230667114,False
1156,-38.24835968017578,-0.19861099123954773,11.88175106048584,-0.19392208755016327,12.353342056274414,-0.1962665319442749,False
1157,-38.44471740722656,-0.25956809520721436,11.660017013549805,-0.24219313263893127,12.372730255126953,-0.2508805990219116,False
1158,-38.60932922363281,-0.31067004799842834,11.373394012451172,-0.3045903742313385,12.235159873962402,-0.3076302111148834,False
1159,-38.35259246826172,-0.2309689223766327,12.223071098327637,-0.11961742490530014,12.154545783996582,-0.1752931773662567,False
1160,-38.68550109863281,-0.33431679010391235,12.10518741607666,-0.14528046548366547,12.372730255126953,-0.2397986352443695,False
1161,-37.75973892211914,-0.04692398011684418,12.789437294006348,0.0036793160252273083,12.363046646118164,-0.02162233181297779,False
1162,-38.52954864501953,-0.28590303659439087,13.149928092956543,0.08215741068124771,12.392993927001953,-0.10187281668186188,False
1163,-38.80767822265625,-0.37224534153938293,11.675960540771484,-0.23872226476669312,12.459868431091309,-0.3054838180541992,False
1164,-37.329063415527344,0.0867745503783226,12.34923267364502,-0.09215231239795685,12.343615531921387,-0.0026888810098171234,False
1165,-38.4581184387207,-0.2637283205986023,12.631574630737305,-0.030687058344483376,12.392032623291016,-0.14720769226551056,False
1166,-37.861576080322266,-0.07853822410106659,11.900426864624023,-0.1898564100265503,12.28479290008545,-0.13419732451438904,False
1167,-37.85264587402344,-0.0757659375667572,11.871732711791992,-0.1961030662059784,12.401651382446289,-0.1359345018863678,False
1168,-38.60313415527344,-0.308746874332428,12.283805847167969,-0.10639560222625732,12.458921432495117,-0.20757123827934265,False
1169,-38.558773040771484,-0.2949754297733307,12.42691707611084,-0.07524058222770691,12.304489135742188,-0.1851080060005188,False
1170,-38.18511199951172,-0.17897643148899078,12.355711936950684,-0.09074179083108902,12.382391929626465,-0.1348591148853302,False
1171,-38.617408752441406,-0.31317827105522156,11.705681800842285,-0.23225200176239014,12.245131492614746,-0.27271515130996704,False
1172,-38.48957443237305,-0.2734934985637665,11.664950370788574,-0.2411191463470459,12.464985847473145,-0.2573063373565674,False
1173,-37.94369125366211,-0.10402998328208923,11.85818862915039,-0.19905158877372742,12.353342056274414,-0.15154078602790833,False
1174,-37.701534271240234,-0.0288549792021513,11.356618881225586,-0.3082422614097595,12.255081176757812,-0.1685486137866974,False
1175,-37.88762283325195,-0.0866241529583931,10.916694641113281,-0.40401285886764526,12.333866119384766,-0.24531850218772888,False
1176,-37.793914794921875,-0.05753351002931595,11.450984001159668,-0.2876991927623749,12.363046646118164,-0.17261634767055511,False
1177,-38.415218353271484,-0.25041043758392334,12.315330505371094,-0.09953274577856064,12.372730255126953,-0.1749715954065323,False
1178,-38.489219665527344,-0.27338334918022156,12.145310401916504,-0.13654576241970062,12.2151460647583,-0.2049645483493805,False
1179,-38.741214752197266,-0.35161247849464417,11.41608715057373,-0.29529616236686707,12.265007019042969,-0.3234543204307556,False
1180,-38.24040985107422,-0.1961430460214615,11.95305347442627,-0.1783996969461441,12.333866119384766,-0.1872713714838028,False
1181,-37.89009475708008,-0.08739153295755386,11.747093200683594,-0.2232368290424347,12.343615531921387,-0.15531417727470398,False
1182,-38.16001510620117,-0.17118537425994873,11.425702095031738,-0.2932029962539673,12.274911880493164,-0.232194185256958,False
1183,-38.144554138183594,-0.166385680437088,12.925942420959473,0.033396199345588684,12.31430435180664,-0.06649474054574966,False
1184,-38.34271240234375,-0.22790175676345825,12.422414779663086,-0.07622072100639343,12.382391929626465,-0.15206123888492584,False
1185,-38.12331771850586,-0.15979306399822235,11.423060417175293,-0.29377809166908264,12.334840774536133,-0.2267855703830719,False
1186,-38.83621597290039,-0.38110458850860596,12.806620597839355,0.007420085836201906,12.274911880493164,-0.18684224784374237,False
1187,-38.614505767822266,-0.31227704882621765,11.630545616149902,-0.24860899150371552,12.304489135742188,-0.280443012714386,False
1188,-38.261749267578125,-0.20276764035224915,12.882956504821777,0.024038253352046013,12.245131492614746,-0.08936469256877899,False
1189,-37.99674606323242,-0.12050027400255203,12.069254875183105,-0.15310290455818176,12.315282821655273,-0.1368015855550766,False
1190,-37.968605041503906,-0.11176420003175735,11.235858917236328,-0.3345314562320709,12.343615531921387,-0.22314782440662384,False
1191,-38.512908935546875,-0.28073742985725403,12.599541664123535,-0.037660568952560425,12.662678718566895,-0.15919899940490723,False
1192,-37.76278305053711,-0.0478689968585968,11.938653945922852,-0.18153445422649384,12.534126281738281,-0.11470172554254532,False
1193,-37.738468170166016,-0.040320709347724915,11.357251167297363,-0.30810463428497314,12.30547046661377,-0.17421266436576843,False
1194,-37.911128997802734,-0.09392138570547104,11.955540657043457,-0.17785824835300446,12.420825004577637,-0.13588981330394745,False
1195,-38.14118194580078,-0.16533882915973663,11.013176918029785,-0.3830088675022125,12.363046646118164,-0.2741738557815552,False
1196,-38.154273986816406,-0.1694031059741974,11.311668395996094,-0.31802791357040405,12.515445709228516,-0.24371550977230072,False
1197,-38.65510940551758,-0.32488203048706055,11.193831443786621,-0.3436807692050934,12.552724838256836,-0.33428138494491577,False
1198,-38.85890579223633,-0.38814839720726013,11.198774337768555,-0.34260469675064087,12.534126281738281,-0.3653765320777893,False
1199,-38.431819915771484,-0.25556421279907227,12.800329208374023,0.006050463300198317,12.353342056274414,-0.12475687265396118,False
1200,-38.26205062866211,-0.20286118984222412,11.935059547424316,-0.18231694400310516,12.28479290008545,-0.19258907437324524,False
1201,-38.2589111328125,-0.20188656449317932,10.900100708007812,-0.40762531757354736,12.344588279724121,-0.30475592613220215,False
1202,-38.137454986572266,-0.16418182849884033,11.155295372009277,-0.3520699739456177,12.31430435180664,-0.258125901222229,False
1203,-38.26350402832031,-0.20331238210201263,11.35325813293457,-0.30897390842437744,12.265007019042969,-0.25614315271377563,False
1204,-37.502742767333984,0.032857682555913925,11.806962966918945,-0.21020330488681793,12.324095726013184,-0.08867280930280685,False
1205,-38.114891052246094,-0.15717710554599762,10.710168838500977,-0.4489731192588806,12.22196102142334,-0.3030751049518585,False
1206,-38.81073760986328,-0.3731951117515564,10.5892972946167,-0.475286602973938,12.28479290008545,-0.4242408573627472,False
1207,-38.63096618652344,-0.31738701462745667,10.412497520446777,-0.5137755274772644,12.245131492614746,-0.41558128595352173,False
1208,-38.91200637817383,-0.40463289618492126,10.43718147277832,-0.5084018707275391,12.343615531921387,-0.45651739835739136,False
1209,-39.11022186279297,-0.46616673469543457,10.57729434967041,-0.47789961099624634,12.44942855834961,-0.47203317284584045,False
1210,-38.681766510009766,-0.33315742015838623,11.138937950134277,-0.3556309640407562,12.431333541870117,-0.3443942070007324,False
1211,-38.85983657836914,-0.38843733072280884,11.852890014648438,-0.20020507276058197,12.274911880493164,-0.294321209192276,False
1212,-38.31780242919922,-0.22016873955726624,11.424556732177734,-0.29345235228538513,12.44942855834961,-0.2568105459213257,False
1213,-38.28854751586914,-0.21108686923980713,12.193476676940918,-0.12606006860733032,12.580475807189941,-0.16857346892356873,False
1214,-38.874820709228516,-0.3930889964103699,10.378080368041992,-0.5212680697441101,12.46839427947998,-0.45717853307724,False
1215,-38.307621002197266,-0.21700802445411682,10.46619701385498,-0.502085268497467,12.626335144042969,-0.3595466613769531,False
1216,-37.83140563964844,-0.06917213648557663,12.10163402557373,-0.14605402946472168,12.744241714477539,-0.10761308670043945,False
1217,-39.153648376464844,-0.47964802384376526,12.665481567382812,-0.023305587470531464,12.725555419921875,-0.25147679448127747,False
1218,-38.71718978881836,-0.3441542088985443,11.744285583496094,-0.22384804487228394,12.698720932006836,-0.28400111198425293,False
1219,-38.648406982421875,-0.3228013217449188,11.18820858001709,-0.3449048399925232,12.430380821228027,-0.3338530659675598,False
1220,-38.549129486083984,-0.29198169708251953,11.323392868041992,-0.3154754936695099,12.372730255126953,-0.3037285804748535,False
1221,-37.754276275634766,-0.04522816091775894,11.145837783813477,-0.3541288673877716,12.353342056274414,-0.19967851042747498,False
1222,-38.54732131958008,-0.2914203703403473,11.542461395263672,-0.2677847445011139,12.265007019042969,-0.2796025574207306,False
1223,-38.65816116333008,-0.325829416513443,9.782886505126953,-0.6508405208587646,12.353342056274414,-0.4883349537849426,False
1224,-37.947383880615234,-0.10517632216215134,9.384605407714844,-0.7375454902648926,12.333866119384766,-0.42136090993881226,False
1225,-38.69418716430664,-0.33701327443122864,9.853796005249023,-0.6354036927223206,12.28479290008545,-0.4862084984779358,False
1226,-39.036251068115234,-0.44320330023765564,9.660725593566895,-0.6774347424507141,12.43991470336914,-0.5603190064430237,False
1227,-39.64120101928711,-0.6310034394264221,10.896239280700684,-0.4084659516811371,12.195038795471191,-0.5197346806526184,False
1228,-39.505165100097656,-0.5887725949287415,10.841161727905273,-0.4204562306404114,12.31430435180664,-0.5046144127845764,False
1229,-39.26173782348633,-0.5132032036781311,10.024526596069336,-0.5982360243797302,12.195038795471191,-0.5557196140289307,False
1230,-38.602203369140625,-0.3084579110145569,10.24874210357666,-0.5494247674942017,12.195038795471191,-0.4289413392543793,False
1231,-39.61509323120117,-0.6228985786437988,9.281270980834961,-0.7600411772727966,12.11469554901123,-0.6914699077606201,False
1232,-39.139244079589844,-0.4751763641834259,9.34757137298584,-0.7456077337265015,12.113670349121094,-0.6103920340538025,False
1233,-39.52476119995117,-0.5948559641838074,10.082530975341797,-0.5856085419654846,12.196044921875,-0.590232253074646,False
1234,-39.178775787353516,-0.4874485433101654,9.916171073913574,-0.6218247413635254,12.245131492614746,-0.5546366572380066,False
1235,-39.41750717163086,-0.5615600943565369,8.825206756591797,-0.8593254089355469,12.304489135742188,-0.7104427814483643,False
1236,-39.049957275390625,-0.4474582374095917,10.224902153015137,-0.5546146631240845,12.401651382446289,-0.5010364651679993,False
1237,-39.83490753173828,-0.6911375522613525,12.216175079345703,-0.12111867964267731,12.273723602294922,-0.4061281085014343,False
1238,-39.35088348388672,-0.5408775210380554,10.985583305358887,-0.38901594281196594,12.294652938842773,-0.4649467468261719,False
1239,-39.285491943359375,-0.5205774307250977,12.451170921325684,-0.0699605718255043,12.28479290008545,-0.2952690124511719,False
1240,-39.98978042602539,-0.739216148853302,11.230774879455566,-0.33563825488090515,12.265996932983398,-0.5374271869659424,False
1241,-39.15204620361328,-0.479150652885437,10.182084083557129,-0.5639360547065735,12.265007019042969,-0.5215433835983276,False
1242,-39.31993103027344,-0.5312686562538147,10.014135360717773,-0.6004981398582458,12.294652938842773,-0.5658833980560303,False
1243,-38.77992630004883,-0.3636300563812256,9.961752891540527,-0.6119017004966736,12.304489135742188,-0.4877658784389496,False
1244,-38.8222770690918,-0.37677741050720215,9.623230934143066,-0.6855972409248352,12.401651382446289,-0.5311872959136963,False
1245,-39.30112075805664,-0.5254292488098145,10.32595157623291,-0.532616376876831,12.235159873962402,-0.5290228128433228,False
1246,-39.40166091918945,-0.5566408038139343,11.41675090789795,-0.29515165090560913,12.225164413452148,-0.42589622735977173,False
1247,-39.316001892089844,-0.5300489068031311,11.674612045288086,-0.23901581764221191,12.274911880493164,-0.3845323622226715,False
1248,-39.16521453857422,-0.4832386076450348,10.291977882385254,-0.5400124192237854,12.334840774536133,-0.5116255283355713,False
1249,-39.471519470214844,-0.5783276557922363,10.745567321777344,-0.4412669241428375,12.343615531921387,-0.5097972750663757,False
1250,-39.69056701660156,-0.6463285684585571,11.184916496276855,-0.3456215262413025,12.343615531921387,-0.4959750473499298,False
1251,-39.62854766845703,-0.6270753741264343,10.46955680847168,-0.5013538599014282,12.324095726013184,-0.5642145872116089,False
1252,-39.5324592590332,-0.5972457528114319,10.299771308898926,-0.5383157730102539,12.225164413452148,-0.5677807331085205,False
1253,-39.40885925292969,-0.5588754415512085,9.642661094665527,-0.6813673377037048,12.255081176757812,-0.6201213598251343,False
1254,-39.606956481933594,-0.6203725934028625,11.548171043395996,-0.2665417790412903,12.353342056274414,-0.4434571862220764,False
1255,-39.074214935302734,-0.4549887776374817,9.156119346618652,-0.7872864603996277,12.255081176757812,-0.6211376190185547,False
1256,-38.651981353759766,-0.3239109516143799,10.888615608215332,-0.41012561321258545,12.46839427947998,-0.36701828241348267,False
1257,-39.23674774169922,-0.5054453015327454,9.897510528564453,-0.6258871555328369,12.382391929626465,-0.5656661987304688,False
1258,-39.37932205200195,-0.549705982208252,11.354483604431152,-0.3087071180343628,12.372730255126953,-0.4292065501213074,False
1259,-39.21227264404297,-0.4978472888469696,9.628938674926758,-0.6843546628952026,12.274911880493164,-0.5911009907722473,False
1260,-39.4903564453125,-0.5841754078865051,10.197064399719238,-0.5606748461723328,12.28479290008545,-0.572425127029419,False
1261,-39.668373107910156,-0.6394387483596802,10.345259666442871,-0.5284130573272705,12.497624397277832,-0.5839259028434753,False
1262,-39.992244720458984,-0.7399811148643494,9.96583366394043,-0.6110133528709412,12.477845191955566,-0.6754972338676453,False
1263,-39.42815017700195,-0.5648640990257263,9.716124534606934,-0.6653744578361511,12.411249160766602,-0.6151192784309387,False
1264,-39.38746643066406,-0.5522342920303345,10.9688138961792,-0.39266660809516907,12.431333541870117,-0.4724504351615906,False
1265,-39.088409423828125,-0.45939528942108154,11.401283264160156,-0.29851892590522766,12.525728225708008,-0.3789570927619934,False
1266,-39.38976287841797,-0.5529472231864929,10.233439445495605,-0.552756130695343,12.363046646118164,-0.552851676940918,False
1267,-39.45278549194336,-0.5725119113922119,9.980886459350586,-0.607736349105835,12.353342056274414,-0.5901241302490234,False
1268,-39.446815490722656,-0.5706585645675659,9.275131225585938,-0.7613778114318848,12.43991470336914,-0.6660181879997253,False
1269,-39.46113967895508,-0.5751053690910339,10.283404350280762,-0.5418788194656372,12.226163864135742,-0.5584920644760132,False
1270,-39.226993560791016,-0.502417266368866,11.749077796936035,-0.22280478477478027,12.294258117675781,-0.3626110255718231,False
1271,-39.37495803833008,-0.5483512282371521,11.032073020935059,-0.37889522314071655,12.411249160766602,-0.4636232256889343,False
1272,-39.67462158203125,-0.6413785219192505,11.0050687789917,-0.38477399945259094,12.392993927001953,-0.5130762457847595,False
1273,-39.26971435546875,-0.5156794190406799,9.442496299743652,-0.7249428033828735,12.30547046661377,-0.6203111410140991,False
1274,-38.591896057128906,-0.3052581250667572,10.120649337768555,-0.5773102641105652,12.30547046661377,-0.4412841796875,False
1275,-39.39349365234375,-0.5541054010391235,9.723820686340332,-0.6636990308761597,12.324095726013184,-0.6089022159576416,False
1276,-39.51997375488281,-0.5933697819709778,10.412871360778809,-0.513694167137146,12.225164413452148,-0.5535320043563843,False
1277,-39.064491271972656,-0.4519701600074768,9.545695304870605,-0.7024765610694885,12.324095726013184,-0.5772233605384827,False
1278,-39.72310256958008,-0.656428873538971,9.92448902130127,-0.620013952255249,12.294652938842773,-0.6382213830947876,False
1279,-39.50284957885742,-0.5880537629127502,10.22809886932373,-0.553918719291687,12.364014625549316,-0.570986270904541,False
1280,-39.33216857910156,-0.5350676774978638,10.920207977294922,-0.40324801206588745,12.401651382446289,-0.4691578447818756,False
1281,-38.66408157348633,-0.32766732573509216,8.987884521484375,-0.8239108324050903,12.31430435180664,-0.5757890939712524,False
1282,-39.09605407714844,-0.4617685079574585,11.44581413269043,-0.2888246476650238,12.43991470336914,-0.37529659271240234,False
1283,-38.88347244262695,-0.39577484130859375,11.109007835388184,-0.36214667558670044,12.353342056274414,-0.3789607584476471,False
1284,-39.31580352783203,-0.5299873352050781,12.852119445800781,0.017325090244412422,12.459868431091309,-0.25633111596107483,False
1285,-39.36820983886719,-0.5462563037872314,11.89242172241211,-0.19159911572933197,12.478788375854492,-0.3689277172088623,False
1286,-39.052101135253906,-0.4481237828731537,12.117887496948242,-0.14251567423343658,12.430380821228027,-0.29531973600387573,False
1287,-38.43116760253906,-0.2553617060184479,12.573006629943848,-0.04343719035387039,12.477845191955566,-0.14939944446086884,False
1288,-38.62123107910156,-0.31436485052108765,12.826461791992188,0.011739471927285194,12.46839427947998,-0.1513126939535141,False
1289,-38.60322570800781,-0.30877527594566345,11.9854097366333,-0.17135581374168396,12.333866119384766,-0.2400655448436737,False
1290,-38.0456657409668,-0.13568685948848724,11.962393760681152,-0.17636634409427643,12.383356094360352,-0.15602660179138184,False
1291,-37.98082733154297,-0.11555847525596619,11.222373962402344,-0.33746710419654846,12.487276077270508,-0.22651278972625732,False
1292,-38.652198791503906,-0.323978453874588,12.828603744506836,0.012205771170556545,12.401651382446289,-0.15588633716106415,False
1293,-38.64478302001953,-0.3216763138771057,13.726436614990234,0.20766212046146393,12.353342056274414,-0.05700709670782089,False
1294,-37.51320266723633,0.029610520228743553,11.375865936279297,-0.3040522336959839,12.382391929626465,-0.1372208595275879,False
1295,-38.110008239746094,-0.15566128492355347,12.545331954956055,-0.049461908638477325,12.304489135742188,-0.1025615930557251,False
1296,-37.893951416015625,-0.08858878910541534,11.664621353149414,-0.24119077622890472,12.401651382446289,-0.16488978266716003,False
1297,-37.947044372558594,-0.10507092624902725,11.668933868408203,-0.24025194346904755,12.401651382446289,-0.1726614385843277,False
1298,-37.717620849609375,-0.03384888172149658,12.131604194641113,-0.13952958583831787,12.431333541870117,-0.08668923377990723,False
1299,-37.4315071105957,0.05497201904654503,12.186861038208008,-0.1275002807378769,12.343615531921387,-0.03626412898302078,False
1300,-38.44580841064453,-0.2599067986011505,11.319160461425781,-0.31639689207077026,12.420825004577637,-0.2881518602371216,False
1301,-38.2241325378418,-0.191089928150177,11.121392250061035,-0.3594506084918976,12.363046646118164,-0.2752702832221985,False
1302,-37.88487243652344,-0.08577032387256622,12.401594161987305,-0.08075332641601562,12.345172882080078,-0.08326182514429092,False
1303,-37.50264358520508,0.03288847208023071,11.440546035766602,-0.2899715006351471,12.304489135742188,-0.1285415142774582,False
1304,-36.49530029296875,0.3456072509288788,10.939057350158691,-0.39914456009864807,12.421780586242676,-0.026768654584884644,False
1305,-37.6962890625,-0.027226662263274193,11.543725967407227,-0.26750946044921875,12.401651382446289,-0.14736805856227875,False
1306,-37.394412994384766,0.06648748368024826,11.384064674377441,-0.3022673726081848,12.31430435180664,-0.11788994073867798,False
1307,-37.82091522216797,-0.06591549515724182,11.342132568359375,-0.31139591336250305,12.246126174926758,-0.18865570425987244,False
1308,-37.22575378417969,0.11884590238332748,11.720447540283203,-0.22903753817081451,12.363046646118164,-0.055095817893743515,False
1309,-37.938873291015625,-0.10253430157899857,11.04110050201416,-0.37692996859550476,12.412206649780273,-0.23973213136196136,False
1310,-38.53984832763672,-0.2891004681587219,11.700056076049805,-0.23347671329975128,12.46839427947998,-0.261288583278656,False
1311,-37.814579010009766,-0.06394848972558975,11.152188301086426,-0.3527463972568512,12.333866119384766,-0.20834743976593018,False
1312,-37.49970626831055,0.03380033001303673,11.6475248336792,-0.24491265416145325,12.353342056274414,-0.10555616021156311,False
1313,-36.5089111328125,0.34138190746307373,13.637994766235352,0.1884085088968277,12.382391929626465,0.2648952007293701,False
1314,-36.59380340576172,0.31502804160118103,11.783512115478516,-0.21530850231647491,12.411249160766602,0.04985976964235306,False
1315,-35.997039794921875,0.5002868175506592,12.380925178527832,-0.08525292575359344,12.420825004577637,0.20751693844795227,False
1316,-36.76227951049805,0.26272645592689514,13.0181245803833,0.05346406251192093,12.363046646118164,0.15809525549411774,False
1317,-36.519775390625,0.33800920844078064,13.954577445983887,0.2573279142379761,12.364014625549316,0.29766857624053955,False
1318,-36.94417190551758,0.20625993609428406,12.057397842407227,-0.15568415820598602,12.324095726013184,0.025287888944149017,False
1319,-37.15182876586914,0.1417951136827469,11.938912391662598,-0.18147818744182587,12.401651382446289,-0.01984153687953949,False
1320,-36.324546813964844,0.3986158072948456,11.851217269897461,-0.20056922733783722,12.401651382446289,0.09902328997850418,False
1321,-36.40744400024414,0.37288129329681396,11.91714859008789,-0.18621611595153809,12.333866119384766,0.09333258867263794,False
1322,-36.296424865722656,0.4073459506034851,11.788516998291016,-0.21421895921230316,12.430380821228027,0.09656349569559097,False
1323,-36.50413513183594,0.3428645730018616,13.053035736083984,0.06106415018439293,12.372730255126953,0.2019643634557724,False
1324,-36.51266098022461,0.34021779894828796,13.829876899719238,0.23018085956573486,12.392032623291016,0.2851993441581726,False
1325,-36.95668029785156,0.2023768424987793,13.216246604919434,0.09659481793642044,12.353342056274414,0.14948582649230957,False
1326,-37.3806266784668,0.07076729089021683,13.230298042297363,0.09965378791093826,12.274911880493164,0.08521053940057755,False
1327,-36.70550537109375,0.2803513705730438,13.784531593322754,0.2203092724084854,12.363046646118164,0.2503303289413452,False
1328,-36.595455169677734,0.31451526284217834,11.521175384521484,-0.27241867780685425,12.372730255126953,0.02104829251766205,False
1329,-36.10775375366211,0.46591687202453613,12.873197555541992,0.02191375009715557,12.458921432495117,0.24391530454158783,False
1330,-36.09220886230469,0.4707426130771637,12.440457344055176,-0.07229289412498474,12.458921432495117,0.19922485947608948,False
1331,-36.82230758666992,0.24409139156341553,12.203330039978027,-0.12391501665115356,12.333866119384766,0.06008818745613098,False
1332,-36.453216552734375,0.3586716949939728,12.921812057495117,0.03249702602624893,12.392032623291016,0.19558435678482056,False
1333,-36.77641296386719,0.2583388686180115,13.327622413635254,0.12084110081195831,12.343615531921387,0.1895899772644043,False
1334,-36.37031555175781,0.3844074010848999,13.247984886169434,0.10350417345762253,12.333866119384766,0.2439557909965515,False
1335,-36.05084228515625,0.4835844039916992,12.652695655822754,-0.026089053601026535,12.365371704101562,0.2287476807832718,False
1336,-37.05604934692383,0.17152880132198334,14.102559089660645,0.2895432114601135,12.343615531921387,0.23053601384162903,False
1337,-36.94512176513672,0.205965057015419,12.752164840698242,-0.004434819333255291,12.304489135742188,0.10076511651277542,False
1338,-36.283878326416016,0.41124090552330017,13.303914070129395,0.11567983776330948,12.392032623291016,0.2634603679180145,False
1339,-36.316707611083984,0.40104940533638,13.152630805969238,0.08274579048156738,12.343615531921387,0.2418975979089737,False
1340,-36.360939025878906,0.3873182535171509,12.544637680053711,-0.04961305111646652,12.28479290008545,0.16885259747505188,False
1341,-36.014503479003906,0.49486538767814636,12.974291801452637,0.043921757489442825,12.411249160766602,0.26939356327056885,False
1342,-36.46016311645508,0.35651519894599915,12.51678466796875,-0.055676594376564026,12.46839427947998,0.15041929483413696,False
1343,-36.578330993652344,0.3198312819004059,12.440485954284668,-0.07228666543960571,12.363046646118164,0.12377230823040009,False
1344,-36.325191497802734,0.3984156847000122,12.09391975402832,-0.1477334052324295,12.3543119430542,0.12534114718437195,False
1345,-36.43673324584961,0.36378875374794006,12.819231986999512,0.010165559127926826,12.265007019042969,0.18697716295719147,False
1346,-36.389854431152344,0.37834176421165466,12.532637596130371,-0.052225444465875626,12.28479290008545,0.16305816173553467,False
1347,-36.90962600708008,0.2169843316078186,12.612013816833496,-0.03494540601968765,12.343615531921387,0.09101946651935577,False
1348,-36.856300354003906,0.2335387021303177,13.164177894592285,0.0852595642209053,12.304489135742188,0.1593991369009018,False
1349,-37.072715759277344,0.16635489463806152,12.772536277770996,0.0,12.430380821228027,0.08317744731903076,False
1350,-37.32292938232422,0.08867879211902618,12.843545913696289,0.015458649955689907,12.304489135742188,0.05206872150301933,False
1351,-37.3673095703125,0.07490144670009613,11.398185729980469,-0.29919326305389404,12.315282821655273,-0.11214590817689896,False
1352,-36.953407287597656,0.2033929079771042,11.764727592468262,-0.21939785778522491,12.294652938842773,-0.008002474904060364,False
1353,-37.198577880859375,0.12728236615657806,12.337238311767578,-0.09476346522569656,12.294652938842773,0.01625945046544075,False
1354,-36.44474411010742,0.36130186915397644,13.77220344543457,0.2176254689693451,12.363046646118164,0.28946366906166077,False
1355,-37.3693733215332,0.07426077872514725,11.585245132446289,-0.2584708034992218,12.304489135742188,-0.09210501611232758,False
1356,-37.35550308227539,0.07856664061546326,11.866153717041016,-0.19731760025024414,12.392032623291016,-0.05937547981739044,False
1357,-37.4698600769043,0.04306575655937195,11.664230346679688,-0.24127589166164398,12.343615531921387,-0.09910506755113602,False
1358,-37.798553466796875,-0.058973535895347595,11.300162315368652,-0.32053273916244507,12.235159873962402,-0.18975314497947693,False
1359,-37.301849365234375,0.0952228531241417,11.31657886505127,-0.3169589042663574,12.274911880493164,-0.11086802184581757,False
1360,-37.521095275878906,0.027160344645380974,12.569372177124023,-0.04422840103507042,12.245131492614746,-0.008534028194844723,False
1361,-38.44871520996094,-0.26080918312072754,11.043595314025879,-0.3763868510723114,12.225164413452148,-0.31859803199768066,False
1362,-38.310970306396484,-0.21804776787757874,13.52746868133545,0.16434721648693085,12.353342056274414,-0.026850275695323944,False
1363,-37.952117919921875,-0.10664594918489456,13.385190963745117,0.13337364792823792,12.392993927001953,0.013363849371671677,False
1364,-38.659339904785156,-0.3261953294277191,12.024141311645508,-0.16292402148246765,12.334840774536133,-0.24455967545509338,False
1365,-38.23339080810547,-0.19396406412124634,10.864144325256348,-0.4154529571533203,12.294652938842773,-0.3047085106372833,False
1366,-38.26593017578125,-0.20406556129455566,12.312824249267578,-0.10007835179567337,12.294652938842773,-0.15207195281982422,False
1367,-37.68620681762695,-0.024096738547086716,12.200837135314941,-0.1244577169418335,12.445244789123535,-0.07427722960710526,False
1368,-36.139739990234375,0.4559870958328247,13.615233421325684,0.18345341086387634,12.343615531921387,0.3197202682495117,False
1369,-38.25165557861328,-0.19963416457176208,12.734246253967285,-0.008335658349096775,12.382391929626465,-0.10398491472005844,False
1370,-37.919830322265625,-0.09662261605262756,11.683197021484375,-0.23714689910411835,12.430380821228027,-0.16688475012779236,False
1371,-38.27903747558594,-0.20813457667827606,12.654438972473145,-0.02570953778922558,12.274911880493164,-0.1169220581650734,False
1372,-37.57555389404297,0.01025425922125578,11.896181106567383,-0.19078069925308228,12.401651382446289,-0.09026321768760681,False
1373,-37.16952896118164,0.13630028069019318,12.344685554504395,-0.09314221143722534,12.44942855834961,0.021579034626483917,False
1374,-36.231300354003906,0.4275631606578827,13.064396858215332,0.06353744119405746,12.184951782226562,0.24555030465126038,False
1375,-37.883087158203125,-0.08521609753370285,12.205968856811523,-0.12334054708480835,12.353342056274414,-0.1042783260345459,False
1376,-37.4718017578125,0.04246298223733902,11.472555160522461,-0.28300318121910095,12.372730255126953,-0.12027010321617126,False
1377,-37.76706314086914,-0.04919770732522011,13.717244148254395,0.20566093921661377,12.324095726013184,0.07823161780834198,False
1378,-37.41279983520508,0.06077948585152626,12.762474060058594,-0.0021905237808823586,12.265007019042969,0.029294481500983238,False
1379,-37.536842346191406,0.022271838039159775,11.713037490844727,-0.23065067827701569,12.225164413452148,-0.1041894182562828,False
1380,-37.79227066040039,-0.05702310428023338,12.35163402557373,-0.09162954241037369,12.294652938842773,-0.07432632148265839,False
1381,-38.03646469116211,-0.13283048570156097,12.293622016906738,-0.10425864160060883,12.2151460647583,-0.1185445636510849,False
1382,-36.35445022583008,0.3893326222896576,13.951407432556152,0.2566378116607666,12.31430435180664,0.3229852318763733,False
1383,-36.894351959228516,0.22172600030899048,14.279212951660156,0.32800036668777466,12.285778999328613,0.27486318349838257,False
1384,-36.96449661254883,0.19995035231113434,11.529777526855469,-0.27054598927497864,12.235159873962402,-0.03529781848192215,False
1385,-37.1114501953125,0.15433020889759064,12.139062881469727,-0.13790583610534668,12.28479290008545,0.008212186396121979,False
1386,-36.3224983215332,0.3992517292499542,12.775764465332031,0.0007027697283774614,12.392993927001953,0.19997724890708923,False
1387,-36.566036224365234,0.32364803552627563,13.459089279174805,0.14946116507053375,12.245131492614746,0.2365545928478241,False
1388,-36.812034606933594,0.2472805231809616,12.593693733215332,-0.0389336496591568,12.353342056274414,0.1041734367609024,False
1389,-37.20045852661133,0.1266985386610031,13.139166831970215,0.07981470972299576,12.28479290008545,0.10325662791728973,False
1390,-37.54884338378906,0.018546245992183685,12.125938415527344,-0.14076301455497742,12.255081176757812,-0.061108384281396866,False
1391,-37.14956283569336,0.14249855279922485,12.895009994506836,0.026662273332476616,12.31430435180664,0.08458041399717331,False
1392,-36.62508010864258,0.3053185045719147,13.043659210205078,0.059022899717092514,12.275899887084961,0.18217070400714874,False
1393,-36.668479919433594,0.29184553027153015,13.090902328491211,0.06930762529373169,12.31430435180664,0.18057657778263092,False
1394,-35.898895263671875,0.5307546854019165,13.699538230895996,0.20180639624595642,12.255081176757812,0.36628055572509766,False
1395,-37.00541687011719,0.18724709749221802,12.007608413696289,-0.16652320325374603,12.294652938842773,0.010361947119235992,False
1396,-37.20068359375,0.12662866711616516,12.277413368225098,-0.10778722912073135,12.304489135742188,0.009420718997716904,False
1397,-36.258296966552734,0.41918236017227173,12.776073455810547,0.0007700363057665527,12.487276077270508,0.2099761962890625,False
1398,-36.73881149291992,0.270011842250824,12.970691680908203,0.04313801974058151,12.469339370727539,0.15657493472099304,False
1399,-36.42585754394531,0.3671649992465973,12.199833869934082,-0.12467612326145172,12.411249160766602,0.12124443799257278,False
1400,-36.72590637207031,0.2740181088447571,11.614317893981934,-0.2521417438983917,12.523674964904785,0.010938182473182678,False
1401,-37.19763946533203,0.12757368385791779,12.755142211914062,-0.003786651883274317,12.364014625549316,0.0618935152888298,False
1402,-36.929283142089844,0.21088199317455292,11.67377758026123,-0.2391974776983261,12.315282821655273,-0.014157742261886597,False
1403,-36.46538543701172,0.3548939824104309,12.878118515014648,0.022985033690929413,12.343615531921387,0.18893951177597046,False
1404,-36.50537872314453,0.34247851371765137,12.175680160522461,-0.12993434071540833,12.382391929626465,0.10627208650112152,False
1405,-36.94922637939453,0.2046908289194107,12.158500671386719,-0.1336742788553238,12.343615531921387,0.03550827503204346,False
1406,-36.531761169433594,0.3342883586883545,12.808126449584961,0.007747906260192394,12.401651382446289,0.17101813852787018,False
1407,-36.2934684753418,0.4082637429237366,13.74704360961914,0.21214821934700012,12.353342056274414,0.31020599603652954,False
1408,-36.40220642089844,0.37450721859931946,12.465017318725586,-0.06694623827934265,12.265007019042969,0.1537804901599884,False
1409,-36.48488235473633,0.3488413989543915,11.983708381652832,-0.17172619700431824,12.420825004577637,0.08855760097503662,False
1410,-37.15171813964844,0.1418294608592987,12.65626049041748,-0.02531299740076065,12.420825004577637,0.05825823172926903,False
1411,-36.28722381591797,0.4102023243904114,14.248032569885254,0.3212124705314636,12.372730255126953,0.3657073974609375,False
1412,-35.56465148925781,0.6345170736312866,14.047435760498047,0.27754297852516174,12.353342056274414,0.456030011177063,False
1413,-36.45466613769531,0.3582216799259186,12.83288288116455,0.013137330301105976,12.343615531921387,0.18567951023578644,False
1414,-36.961326599121094,0.20093443989753723,13.204046249389648,0.09393882751464844,12.31430435180664,0.14743663370609283,False
1415,-36.28642654418945,0.4104498326778412,13.107667922973633,0.07295746356248856,12.372730255126953,0.24170364439487457,False
1416,-36.20367431640625,0.43613937497138977,12.771265983581543,-0.0002765404060482979,12.245131492614746,0.21793141961097717,False
1417,-35.72050857543945,0.5861329436302185,12.898653030395508,0.02745535410940647,12.411249160766602,0.306794136762619,False
1418,-36.126163482666016,0.46020177006721497,13.203017234802246,0.09371481090784073,12.315282821655273,0.27695828676223755,False
1419,-35.871273040771484,0.5393297076225281,11.793807029724121,-0.21306732296943665,12.344588279724121,0.16313119232654572,False
1420,-36.21944808959961,0.43124255537986755,13.36769962310791,0.12956582009792328,12.295636177062988,0.2804041802883148,False
1421,-36.07341766357422,0.4765761196613312,14.041760444641113,0.27630746364593506,12.372730255126953,0.3764417767524719,False
1422,-36.884071350097656,0.22491750121116638,14.291179656982422,0.33060550689697266,12.265007019042969,0.2777615189552307,False
1423,-36.61201477050781,0.30937451124191284,12.65392780303955,-0.025820817798376083,12.333866119384766,0.14177684485912323,False
1424,-37.413028717041016,0.060708433389663696,11.535273551940918,-0.26934951543807983,12.324095726013184,-0.10432054102420807,False
1425,-36.76734161376953,0.26115497946739197,12.974464416503906,0.04395933449268341,12.324095726013184,0.1525571644306183,False
1426,-35.23678207397461,0.736300528049469,14.980029106140137,0.4805665910243988,12.487276077270508,0.6084335446357727,False
1427,-35.87837600708008,0.5371246933937073,14.716398239135742,0.4231747090816498,12.469339370727539,0.48014968633651733,False
1428,-36.0388069152832,0.4873206615447998,15.248991966247559,0.5391192436218262,12.421780586242676,0.513219952583313,False
1429,-36.2767333984375,0.4134589731693268,14.896099090576172,0.46229520440101624,12.392032623291016,0.4378770887851715,False
1430,-35.90891647338867,0.5276437401771545,15.391585350036621,0.5701615214347839,12.28479290008545,0.5489026308059692,False
1431,-35.30570983886719,0.7149026989936829,15.12630558013916,0.5124107003211975,12.420825004577637,0.6136566996574402,False
1432,-35.54060745239258,0.6419812440872192,12.903560638427734,0.028523730114102364,12.385478973388672,0.3352524936199188,False
1433,-35.524436950683594,0.6470012068748474,14.74587345123291,0.4295913875102997,12.382391929626465,0.5382962822914124,False
1434,-35.518131256103516,0.6489587426185608,14.092845916748047,0.28742867708206177,12.392032623291016,0.4681937098503113,False
1435,-35.80149841308594,0.5609905123710632,14.147302627563477,0.2992837727069855,12.31430435180664,0.43013715744018555,False
1436,-35.4509391784668,0.6698178052902222,14.091038703918457,0.2870352268218994,12.363046646118164,0.4784265160560608,False
1437,-36.15628433227539,0.45085108280181885,14.375432014465332,0.34894707798957825,12.372730255126953,0.39989906549453735,False
1438,-35.68681716918945,0.5965920686721802,15.491583824157715,0.5919309854507446,12.382391929626465,0.5942615270614624,False
1439,-36.04921340942383,0.48409005999565125,14.677578926086426,0.41472381353378296,12.487276077270508,0.4494069218635559,False
1440,-35.87551498413086,0.5380128622055054,15.342366218566895,0.5594466328620911,12.552724838256836,0.5487297773361206,False
1441,-36.01933670043945,0.49336495995521545,14.135232925415039,0.29665622115135193,12.477845191955566,0.3950105905532837,False
1442,-35.540771484375,0.641930341720581,14.197062492370605,0.31011641025543213,12.535057067871094,0.4760233759880066,False
1443,-34.94802474975586,0.8259420990943909,13.557153701782227,0.1708095818758011,12.392032623291016,0.4983758330345154,False
1444,-34.84343719482422,0.8584101796150208,14.024781227111816,0.2726111114025116,12.344588279724121,0.565510630607605,False
1445,-35.54878234863281,0.6394434571266174,13.919086456298828,0.2496015876531601,12.401651382446289,0.44452252984046936,False
1446,-35.75392532348633,0.5757590532302856,13.489346504211426,0.15604808926582336,12.477845191955566,0.3659035563468933,False
1447,-35.92213821411133,0.5235391855239868,14.760068893432617,0.43268170952796936,12.458921432495117,0.4781104326248169,False
1448,-36.69190979003906,0.28457197546958923,15.253507614135742,0.5401023030281067,12.487276077270508,0.41233712434768677,False
1449,-36.1807861328125,0.4432447552680969,14.26489543914795,0.32488349080085754,12.411249160766602,0.3840641379356384,False
1450,-35.7406120300293,0.5798920392990112,13.690075874328613,0.19974645972251892,12.28479290008545,0.38981926441192627,False
1451,-35.89186477661133,0.532937228679657,14.998879432678223,0.4846702814102173,12.344588279724121,0.5088037252426147,False
1452,-35.631107330322266,0.6138865351676941,13.67750072479248,0.19700887799263,12.46839427947998,0.40544772148132324,False
1453,-35.65413284301758,0.6067385673522949,14.214129447937012,0.3138318359851837,12.411249160766602,0.4602851867675781,False
1454,-36.25313949584961,0.4207834303379059,13.848465919494629,0.23422764241695404,12.430380821228027,0.32750552892684937,False
1455,-35.767818450927734,0.5714460611343384,14.044913291931152,0.27699384093284607,12.225164413452148,0.4242199659347534,False
1456,-35.33928680419922,0.7044790983200073,14.219243049621582,0.3149450719356537,12.412206649780273,0.5097121000289917,False
1457,-35.857940673828125,0.5434685945510864,14.368695259094238,0.34748050570487976,12.430380821228027,0.4454745650291443,False
1458,-36.070735931396484,0.47740864753723145,14.282462120056152,0.3287077248096466,12.294652938842773,0.40305817127227783,False
1459,-35.464439392089844,0.6656268239021301,14.282302856445312,0.32867303490638733,12.458921432495117,0.4971499443054199,False
1460,-35.3707160949707,0.6947221755981445,14.919482231140137,0.4673856794834137,12.411249160766602,0.5810539126396179,False
1461,-35.396949768066406,0.6865782141685486,13.3712739944458,0.130343958735466,12.411249160766602,0.4084610939025879,False
1462,-35.32325744628906,0.7094551920890808,15.640722274780273,0.6243981122970581,12.353342056274414,0.6669266223907471,False
1463,-35.146995544433594,0.7641738057136536,15.030769348144531,0.49161264300346375,12.440865516662598,0.6278932094573975,False
1464,-36.1077880859375,0.46590620279312134,14.902604103088379,0.46371135115623474,12.44942855834961,0.46480876207351685,False
1465,-34.67642593383789,0.9102570414543152,13.77882194519043,0.2190662920475006,12.385478973388672,0.5646616816520691,False
1466,-35.7569580078125,0.5748175978660583,14.83369255065918,0.4487094283103943,12.458921432495117,0.5117635130882263,False
1467,-35.3951301574707,0.687143087387085,14.045068740844727,0.2770276665687561,12.458921432495117,0.48208537697792053,False
1468,-36.09067153930664,0.47121983766555786,14.110869407653809,0.2913523316383362,12.333866119384766,0.381286084651947,False
1469,-35.84762191772461,0.546671986579895,14.292774200439453,0.33095264434814453,12.344588279724121,0.4388123154640198,False
1470,-35.97615432739258,0.5067704916000366,14.831128120422363,0.448151171207428,12.28479290008545,0.4774608314037323,False
1471,-35.697383880615234,0.5933117270469666,12.375570297241211,-0.08641866594552994,12.3543119430542,0.2534465193748474,False
1472,-35.26216506958008,0.7284206748008728,13.969926834106445,0.26066944003105164,12.315282821655273,0.494545042514801,False
1473,-35.93470001220703,0.5196394920349121,14.90930461883545,0.4651700258255005,12.421780586242676,0.4924047589302063,False
1474,-35.13491439819336,0.7679242491722107,15.549100875854492,0.60445237159729,12.333866119384766,0.6861883401870728,False
1475,-35.56756591796875,0.6336122751235962,14.432137489318848,0.3612917363643646,12.315282821655273,0.4974520206451416,False
1476,-36.32781219482422,0.3976021111011505,13.562253952026367,0.17191989719867706,12.294652938842773,0.2847610116004944,False
1477,-35.270103454589844,0.7259563207626343,14.904932022094727,0.4642181098461151,12.324095726013184,0.5950872302055359,False
1478,-35.2840576171875,0.7216243743896484,14.846919059753418,0.45158880949020386,12.3543119430542,0.5866066217422485,False
1479,-34.82650375366211,0.8636670112609863,13.121797561645508,0.07603345811367035,12.421780586242676,0.46985024213790894,False
1480,-34.99903869628906,0.8101053833961487,14.690276145935059,0.4174879789352417,12.31430435180664,0.6137967109680176,False
1481,-35.76700973510742,0.5716971158981323,13.36196231842041,0.12831681966781616,12.315282821655273,0.35000696778297424,False
1482,-35.80693817138672,0.5593017935752869,14.32772159576416,0.3385606110095978,12.353342056274414,0.4489312171936035,False
1483,-35.42420196533203,0.678118109703064,13.518942832946777,0.16249115765094757,12.333866119384766,0.42030462622642517,False
1484,-35.92890167236328,0.5214395523071289,14.458232879638672,0.3669726550579071,12.401651382446289,0.4442061185836792,False
1485,-35.336402893066406,0.7053743600845337,13.63875961303711,0.18857501447200775,12.458921432495117,0.4469746947288513,False
1486,-35.546531677246094,0.6401421427726746,14.099897384643555,0.28896376490592957,12.382391929626465,0.46455293893814087,False
1487,-36.03310775756836,0.4890899062156677,15.139812469482422,0.5153511166572571,12.226163864135742,0.5022205114364624,False
1488,-35.75634002685547,0.5750094056129456,14.576922416687012,0.392811119556427,12.333866119384766,0.4839102625846863,False
1489,-35.21613311767578,0.7427107691764832,16.329330444335938,0.7743067145347595,12.392032623291016,0.7585087418556213,False
1490,-36.3362922668457,0.39496955275535583,14.635721206665039,0.40561148524284363,12.373696327209473,0.40029051899909973,False
1491,-35.60164260864258,0.6230335831642151,14.102134704589844,0.28945082426071167,12.265007019042969,0.4562422037124634,False
1492,-34.91352844238281,0.8366511464118958,14.650016784667969,0.4087235927581787,12.46839427947998,0.6226873397827148,False
1493,-35.22687530517578,0.7393760085105896,13.637736320495605,0.18835225701332092,12.295636177062988,0.46386414766311646,False
1494,-34.82653045654297,0.8636587262153625,12.961626052856445,0.04116445034742355,12.334840774536133,0.45241159200668335,False
1495,-35.278419494628906,0.7233746647834778,13.477055549621582,0.1533723771572113,12.274911880493164,0.43837350606918335,False
1496,-35.26004409790039,0.7290791273117065,13.77189826965332,0.21755902469158173,12.353342056274414,0.47331908345222473,False
1497,-35.222145080566406,0.7408444285392761,13.786018371582031,0.22063294053077698,12.245131492614746,0.48073869943618774,False
1498,-35.93909454345703,0.518275260925293,15.386008262634277,0.568947434425354,12.375436782836914,0.5436113476753235,False
1499,-35.734222412109375,0.5818756222724915,13.355236053466797,0.12685252726078033,12.274911880493164,0.3543640673160553,False
1500,-36.309593200683594,0.40325799584388733,12.799710273742676,0.005915722344070673,12.343615531921387,0.20458686351776123,False
1501,-35.512027740478516,0.6508535146713257,13.94321346282959,0.2548539936542511,12.265007019042969,0.4528537392616272,False
1502,-35.18080520629883,0.7536779642105103,13.530460357666016,0.16499850153923035,12.28479290008545,0.4593382477760315,False
1503,-34.83578109741211,0.8607869744300842,14.680089950561523,0.41527047753334045,12.46839427947998,0.6380287408828735,False
1504,-36.007118225097656,0.49715808033943176,14.581889152526855,0.3938923478126526,12.304489135742188,0.44552522897720337,False
1505,-36.189048767089844,0.4406796991825104,14.46611213684082,0.3686879575252533,12.225164413452148,0.40468382835388184,False
1506,-35.73896789550781,0.5804024338722229,14.50999927520752,0.3782420754432678,12.304489135742188,0.47932225465774536,False
1507,-35.996543884277344,0.500440776348114,13.46320629119873,0.1503574252128601,12.265996932983398,0.32539910078048706,False
1508,-35.516056060791016,0.6496029496192932,13.75473403930664,0.2138224095106125,12.255081176757812,0.43171268701553345,False
1509,-35.076942443847656,0.785921037197113,14.318526268005371,0.33655881881713867,12.372730255126953,0.5612399578094482,False
1510,-35.50905990600586,0.6517748832702637,13.203154563903809,0.09374470263719559,12.274911880493164,0.37275978922843933,False
1511,-35.38776397705078,0.6894298791885376,13.972362518310547,0.2611996829509735,12.294652938842773,0.47531479597091675,False
1512,-35.6091194152832,0.6207124590873718,14.72835636138916,0.42577797174453735,12.353342056274414,0.5232452154159546,False
1513,-35.969444274902344,0.508853554725647,15.277043342590332,0.545225977897644,12.324095726013184,0.5270397663116455,False
1514,-35.445255279541016,0.6715823411941528,14.659499168395996,0.4107879102230072,12.343615531921387,0.5411851406097412,False
1515,-35.885738372802734,0.5348390936851501,14.999536514282227,0.4848133325576782,12.401651382446289,0.5098261833190918,False
1516,-35.26189041137695,0.7285059690475464,13.701262474060059,0.20218175649642944,12.496685981750488,0.4653438627719879,False
1517,-35.480445861816406,0.6606577634811401,14.258443832397461,0.3234789967536926,12.255081176757812,0.4920683801174164,False
1518,-35.10771560668945,0.7763678431510925,13.579924583435059,0.1757667511701584,12.372730255126953,0.47606730461120605,False
1519,-34.54976272583008,0.9495782256126404,15.007306098937988,0.4865047335624695,12.294652938842773,0.7180414795875549,False
1520,-35.07425308227539,0.7867559194564819,14.824074745178223,0.44661566615104675,12.324095726013184,0.6166858077049255,False
1521,-35.35470962524414,0.6996912360191345,13.95015811920166,0.2563658356666565,12.333866119384766,0.4780285358428955,False
1522,-35.007625579833984,0.8074396848678589,14.042637825012207,0.2764984667301178,12.382391929626465,0.5419690608978271,False
1523,-35.43653106689453,0.674290657043457,14.495237350463867,0.37502843141555786,12.28479290008545,0.5246595144271851,False
1524,-35.445274353027344,0.6715763807296753,13.846603393554688,0.23382218182086945,12.225164413452148,0.4526992738246918,False
1525,-35.38829803466797,0.6892640590667725,14.445793151855469,0.3642645478248596,12.256073951721191,0.5267642736434937,False
1526,-36.03544616699219,0.48836395144462585,13.520694732666016,0.1628725379705429,12.333866119384766,0.3256182372570038,False
1527,-35.45589065551758,0.6682806611061096,14.361176490783691,0.34584367275238037,12.235159873962402,0.5070621967315674,False
1528,-35.97359085083008,0.5075662732124329,14.16617488861084,0.303392231464386,12.333866119384766,0.4054792523384094,False
1529,-36.00217819213867,0.4986916482448578,14.517046928405762,0.37977632880210876,12.383356094360352,0.4392339885234833,False
1530,-35.39115524291992,0.6883770823478699,12.847840309143066,0.01639353111386299,12.253092765808105,0.3523853123188019,False
1531,-35.275306701660156,0.7243409752845764,13.343506813049316,0.12429910153150558,12.372730255126953,0.4243200421333313,False
1532,-36.082557678222656,0.4737387001514435,12.812274932861328,0.008651022799313068,12.324095726013184,0.24119485914707184,False
1533,-35.61410903930664,0.6191635131835938,14.635514259338379,0.40556642413139343,12.324095726013184,0.5123649835586548,False
1534,-35.591697692871094,0.6261208653450012,15.070547103881836,0.5002721548080444,12.205103874206543,0.5631965398788452,False
1535,-36.29574203491211,0.4075579345226288,14.514368057250977,0.37919315695762634,12.2151460647583,0.39337554574012756,False
1536,-36.27863693237305,0.41286802291870117,14.822759628295898,0.44632935523986816,12.28479290008545,0.42959868907928467,False
1537,-35.956634521484375,0.5128301978111267,14.303869247436523,0.3333680033683777,12.205103874206543,0.4230991005897522,False
1538,-35.92119598388672,0.5238316655158997,14.043755531311035,0.27674180269241333,12.343615531921387,0.4002867341041565,False
1539,-35.885799407958984,0.5348201990127563,12.62559700012207,-0.03198837488889694,12.265007019042969,0.2514159083366394,False
1540,-35.57488250732422,0.6313409209251404,13.550814628601074,0.16942958533763885,12.174839973449707,0.4003852605819702,False
1541,-35.29618453979492,0.71785968542099,13.903802871704102,0.24627438187599182,12.274911880493164,0.4820670485496521,False
1542,-35.986663818359375,0.5035079121589661,12.473943710327148,-0.06500297784805298,12.225164413452148,0.21925246715545654,False
1543,-35.734222412109375,0.5818756222724915,14.074017524719238,0.2833297550678253,12.28479290008545,0.4326027035713196,False
1544,-36.4600830078125,0.35654008388519287,12.991908073425293,0.04775678366422653,12.134156227111816,0.2021484375,False
1545,-35.45547866821289,0.6684085726737976,13.732625007629395,0.2090093195438385,12.235159873962402,0.43870896100997925,False
1546,-36.04096984863281,0.48664918541908264,14.110709190368652,0.2913174629211426,12.235159873962402,0.3889833092689514,False
1547,-37.35373306274414,0.07911612838506699,13.125383377075195,0.07681407779455185,12.195038795471191,0.07796510308980942,False
1548,-36.94670104980469,0.20547479391098022,12.119266510009766,-0.14221547544002533,12.353342056274414,0.03162965923547745,False
1549,-37.57400894165039,0.010733872652053833,12.937105178833008,0.03582630679011345,12.245131492614746,0.02328008972108364,False
1550,-36.44049835205078,0.36261990666389465,12.651383399963379,-0.026374729350209236,12.2151460647583,0.16812258958816528,False
1551,-36.24887466430664,0.42210739850997925,11.877605438232422,-0.19482457637786865,12.174839973449707,0.1136414110660553,False
1552,-36.51653289794922,0.33901581168174744,11.562236785888672,-0.26347967982292175,12.2151460647583,0.03776806592941284,False
1553,-37.42634201049805,0.0565754659473896,12.987095832824707,0.04670916870236397,12.265007019042969,0.051642317324876785,False
1554,-36.145118713378906,0.4543173015117645,12.774718284606934,0.0004750183434225619,12.205103874206543,0.227396160364151,False
1555,-36.72521209716797,0.2742336392402649,11.39417552947998,-0.3000662624835968,12.196044921875,-0.012916311621665955,False
1556,-37.38430404663086,0.06962569802999496,12.94668960571289,0.03791281580924988,12.235159873962402,0.05376925691962242,False
1557,-37.1057243347168,0.15610773861408234,12.80610466003418,0.007307766936719418,12.134156227111816,0.08170775324106216,False
1558,-36.379432678222656,0.38157710433006287,13.590044021606445,0.17796973884105682,12.184951782226562,0.27977341413497925,False
1559,-36.92770004272461,0.2113734483718872,12.026062965393066,-0.16250568628311157,12.225164413452148,0.024433881044387817,False
1560,-37.37294387817383,0.0731523334980011,13.188248634338379,0.09049971401691437,12.154545783996582,0.08182602375745773,False
1561,-37.02842712402344,0.1801038235425949,12.16144847869873,-0.13303254544734955,12.134156227111816,0.02353563904762268,False
1562,-36.278839111328125,0.4128052592277527,11.90205192565918,-0.18950264155864716,12.174839973449707,0.11165130883455276,False
1563,-37.21823501586914,0.12118002027273178,13.846753120422363,0.2338547706604004,12.063939094543457,0.17751739919185638,False
1564,-36.737667083740234,0.2703671157360077,12.351109504699707,-0.09174373000860214,12.174839973449707,0.08931168913841248,False
1565,-36.71450424194336,0.27755776047706604,12.616732597351074,-0.03391813859343529,12.2151460647583,0.12181980907917023,False
1566,-36.82022476196289,0.24473798274993896,12.530491828918457,-0.05269257351756096,12.236156463623047,0.09602270275354385,False
1567,-37.09995651245117,0.15789829194545746,12.37228775024414,-0.08713327348232269,12.175850868225098,0.03538250923156738,False
1568,-36.26443862915039,0.4172757565975189,12.794302940368652,0.004738557152450085,12.255081176757812,0.21100716292858124,False
1569,-36.56685256958008,0.32339462637901306,13.519207954406738,0.16254886984825134,12.401651382446289,0.2429717481136322,False
1570,-36.7954216003418,0.25243785977363586,12.385290145874023,-0.08430267870426178,12.28479290008545,0.08406759053468704,False
1571,-36.78923034667969,0.2543598711490631,13.539299011230469,0.1669226586818695,12.3543119430542,0.2106412649154663,False
1572,-37.04633712768555,0.1745438575744629,13.983811378479004,0.26369208097457886,12.255081176757812,0.21911796927452087,False
1573,-36.50127029418945,0.3437539339065552,13.088397026062012,0.06876222789287567,12.225164413452148,0.20625808835029602,False
1574,-36.40341567993164,0.37413182854652405,13.186165809631348,0.09004628658294678,12.155561447143555,0.2320890575647354,False
1575,-36.9862174987793,0.19320733845233917,13.362220764160156,0.12837308645248413,12.275899887084961,0.16079020500183105,False
1576,-36.4652214050293,0.3549449145793915,13.625666618347168,0.18572470545768738,12.274911880493164,0.27033481001853943,False
1577,-36.46681213378906,0.35445109009742737,12.942156791687012,0.0369260348379612,12.2151460647583,0.19568856060504913,False
1578,-36.657474517822266,0.29526200890541077,12.836942672729492,0.014021138660609722,12.265007019042969,0.15464156866073608,False
1579,-36.78932189941406,0.25433143973350525,14.140340805053711,0.2977682054042816,12.274911880493164,0.27604982256889343,False
1580,-36.08599090576172,0.4726729094982147,13.343811988830566,0.12436553835868835,12.333866119384766,0.29851922392845154,False
1581,-37.16324234008789,0.1382519006729126,12.564591407775879,-0.04526916518807411,12.295636177062988,0.04649136960506439,False
1582,-37.10675811767578,0.15578681230545044,12.513729095458984,-0.056341785937547684,12.164703369140625,0.04972251504659653,False
1583,-37.10877227783203,0.1551615446805954,11.834885597229004,-0.2041245996952057,12.225164413452148,-0.024481527507305145,False
1584,-36.521121978759766,0.3375912010669708,12.635931015014648,-0.02973868139088154,12.216147422790527,0.15392625331878662,False
1585,-36.98442459106445,0.19376392662525177,12.10594654083252,-0.1451151967048645,12.31430435180664,0.024324364960193634,False
1586,-37.13274002075195,0.14772100746631622,12.64551067352295,-0.02765320986509323,12.2151460647583,0.060033898800611496,False
1587,-37.5109977722168,0.030295005068182945,12.84554386138916,0.01589359901845455,12.145380973815918,0.02309430204331875,False
1588,-37.22669219970703,0.11855457723140717,12.16445541381836,-0.13237793743610382,12.324095726013184,-0.006911680102348328,False
1589,-37.113609313964844,0.15365993976593018,13.242012977600098,0.1022040992975235,12.235159873962402,0.12793201208114624,False
1590,-37.35051727294922,0.08011443167924881,13.547464370727539,0.1687002331018448,12.333866119384766,0.1244073361158371,False
1591,-37.309906005859375,0.09272176027297974,12.031774520874023,-0.16126228868961334,12.31430435180664,-0.0342702642083168,False
1592,-36.97628402709961,0.19629107415676117,13.498967170715332,0.15814249217510223,12.324095726013184,0.1772167831659317,False
1593,-37.379234313964844,0.07119953632354736,13.567456245422363,0.17305243015289307,12.304489135742188,0.12212598323822021,False
1594,-37.51508712768555,0.02902550995349884,12.198434829711914,-0.12498069554567337,12.235159873962402,-0.047977592796087265,False
1595,-37.35209655761719,0.07962416112422943,13.550763130187988,0.1694183647632599,12.243775367736816,0.12452126294374466,False
1596,-37.649654388427734,-0.01274943444877863,12.304730415344238,-0.10184036195278168,12.144363403320312,-0.057294897735118866,False
1597,-36.94763946533203,0.2051834762096405,12.58352279663086,-0.04114784300327301,12.28479290008545,0.08201781660318375,False
1598,-36.991172790527344,0.1916690170764923,12.522809982299805,-0.054364897310733795,12.175850868225098,0.06865206360816956,False
1599,-36.63335037231445,0.3027510941028595,12.986562728881836,0.046593114733695984,12.245131492614746,0.17467209696769714,False
1600,-37.977577209472656,-0.11454951018095016,12.645196914672852,-0.02772151492536068,12.31430435180664,-0.071135513484478,False
1601,-36.967079162597656,0.19914862513542175,14.409429550170898,0.35634827613830566,12.123924255371094,0.2777484655380249,False
1602,-36.942481994628906,0.20678454637527466,13.622601509094238,0.18505743145942688,12.175850868225098,0.19592098891735077,False
1603,-37.13962936401367,0.14558228850364685,13.496991157531738,0.15771232545375824,12.2151460647583,0.15164729952812195,False
1604,-37.02378463745117,0.18154503405094147,12.138522148132324,-0.13802355527877808,12.174839973449707,0.021760739386081696,False
1605,-37.11184310913086,0.1542082279920578,12.230239868164062,-0.11805680394172668,12.124947547912598,0.018075712025165558,False
1606,-36.45108413696289,0.35933366417884827,12.859604835510254,0.018954643979668617,12.294652938842773,0.18914414942264557,False
1607,-36.783287048339844,0.25620490312576294,11.899396896362305,-0.19008062779903412,12.205103874206543,0.03306213766336441,False
1608,-37.464744567871094,0.04465381056070328,11.927359580993652,-0.18399320542812347,12.304489135742188,-0.0696696937084198,False
1609,-37.608585357666016,0.0,13.488629341125488,0.15589196979999542,12.265007019042969,0.07794598489999771,False
1610,-37.03166580200195,0.17909841239452362,13.486833572387695,0.15550103783607483,12.2151460647583,0.16729971766471863,False
1611,-37.37607955932617,0.0721789002418518,12.094889640808105,-0.14752227067947388,12.062029838562012,-0.037671685218811035,False
1612,-38.20269012451172,-0.18443337082862854,12.570734977722168,-0.04393172264099121,12.154545783996582,-0.11418254673480988,False
1613,-37.1772346496582,0.13390813767910004,12.844904899597168,0.015754498541355133,12.195038795471191,0.07483132183551788,False
1614,-37.44920349121094,0.04947836697101593,12.445716857910156,-0.07114791125059128,12.235159873962402,-0.010834772139787674,False
1615,-37.77996826171875,-0.05320395901799202,12.514543533325195,-0.05616448447108269,12.236156463623047,-0.054684221744537354,False
1616,-37.63874053955078,-0.009361348114907742,12.695103645324707,-0.016856923699378967,12.2151460647583,-0.013109136372804642,False
1617,-37.170066833496094,0.1361333131790161,11.733552932739258,-0.22618451714515686,12.205103874206543,-0.045025601983070374,False
1618,-36.83382797241211,0.24051500856876373,12.234442710876465,-0.11714185029268265,12.216147422790527,0.06168657913804054,False
1619,-37.32660675048828,0.08753719180822372,12.796732902526855,0.005267554894089699,12.195038795471191,0.04640237241983414,False
1620,-37.62568664550781,-0.005308908876031637,13.537849426269531,0.1666070818901062,12.30547046661377,0.08064908534288406,False
1621,-37.73085403442383,-0.03795698285102844,12.773019790649414,0.00010525975085329264,12.2151460647583,-0.0189258623868227,False
1622,-37.395362854003906,0.0661926120519638,11.945034980773926,-0.18014530837535858,12.113670349121094,-0.05697634816169739,False
1623,-37.6909294128418,-0.025562817230820656,13.238713264465332,0.10148575901985168,12.2151460647583,0.03796147182583809,False
1624,-36.960479736328125,0.20119734108448029,12.066927909851074,-0.1536094695329666,12.184951782226562,0.023793935775756836,False
1625,-37.149932861328125,0.14238367974758148,12.230504989624023,-0.11799908429384232,12.245131492614746,0.012192297726869583,False
1626,-37.186561584472656,0.1310126930475235,12.858834266662598,0.018786892294883728,12.206108093261719,0.07489979267120361,False
1627,-37.656681060791016,-0.014930788427591324,12.030635833740234,-0.1615101844072342,12.164703369140625,-0.08822048455476761,False
1628,-36.9264030456543,0.21177607774734497,13.486800193786621,0.15549376606941223,12.159018516540527,0.1836349219083786,False
1629,-38.2199592590332,-0.1897943764925003,12.662312507629395,-0.02399548515677452,12.205103874206543,-0.10689493268728256,False
1630,-37.989471435546875,-0.11824194341897964,12.045220375061035,-0.15833516418933868,12.184951782226562,-0.13828855752944946,False
1631,-37.46869659423828,0.04342694580554962,11.880456924438477,-0.19420382380485535,12.154545783996582,-0.07538843899965286,False
1632,-36.60507583618164,0.31152862310409546,13.24924373626709,0.10377822071313858,12.134156227111816,0.20765341818332672,False
1633,-37.44974899291992,0.04930902272462845,12.161852836608887,-0.1329445093870163,12.2151460647583,-0.041817743331193924,False
1634,-37.81837463378906,-0.06512679904699326,13.120079040527344,0.07565933465957642,12.195038795471191,0.00526626780629158,False
1635,-37.7071533203125,-0.030599351972341537,13.310808181762695,0.11718067526817322,12.184951782226562,0.04329065978527069,False
1636,-37.44540786743164,0.05065668001770973,11.612988471984863,-0.25243115425109863,12.123924255371094,-0.1008872389793396,False
1637,-37.420143127441406,0.05849984288215637,12.498055458068848,-0.0597539022564888,12.10339069366455,-0.000627029687166214,False
1638,-37.821529388427734,-0.0661061629652977,12.587360382080078,-0.04031240940093994,12.154545783996582,-0.05320928618311882,False
1639,-36.800167083740234,0.2509646713733673,12.918475151062012,0.03177059069275856,12.123924255371094,0.14136762917041779,False
1640,-37.66682052612305,-0.018078474327921867,12.071427345275879,-0.15262995660305023,12.072406768798828,-0.08535421639680862,False
1641,-37.249996185302734,0.11132010817527771,12.5745267868042,-0.04310625419020653,12.094117164611816,0.03410692512989044,False
1642,-37.44097900390625,0.05203156918287277,12.726319313049316,-0.010061337612569332,12.164703369140625,0.020985115319490433,False
1643,-37.54120635986328,0.020917078480124474,12.910507202148438,0.03003598377108574,12.051628112792969,0.025476530194282532,False
1644,-37.426944732666016,0.056388359516859055,12.541678428649902,-0.05025727301836014,12.225164413452148,0.0030655432492494583,False
1645,-37.918548583984375,-0.09622471779584885,13.434991836547852,0.1442151963710785,12.082758903503418,0.023995239287614822,False
1646,-37.16609191894531,0.13736727833747864,12.214064598083496,-0.12157812714576721,12.10339069366455,0.007894575595855713,False
1647,-37.51769256591797,0.028216678649187088,10.533693313598633,-0.48739147186279297,12.072406768798828,-0.2295873910188675,False
1648,-37.43775177001953,0.05303343012928963,11.282549858093262,-0.324366956949234,12.164703369140625,-0.13566675782203674,False
1649,-38.03388977050781,-0.1320311278104782,11.541190147399902,-0.26806148886680603,12.294652938842773,-0.20004630088806152,False
1650,-38.14094543457031,-0.16526539623737335,11.663106918334961,-0.2415204644203186,12.304489135742188,-0.20339292287826538,False
1651,-38.247535705566406,-0.19835519790649414,11.814538955688477,-0.20855402946472168,12.46839427947998,-0.2034546136856079,False
1652,-38.02381134033203,-0.1289023905992508,12.777462005615234,0.001072320737875998,12.28479290008545,-0.06391503661870956,False
1653,-38.313480377197266,-0.2188269942998886,12.038723945617676,-0.15974941849708557,12.154545783996582,-0.1892881989479065,False
1654,-38.18382263183594,-0.17857615649700165,12.20255184173584,-0.12408442795276642,12.245131492614746,-0.15133029222488403,False
1655,-38.25522232055664,-0.20074141025543213,12.448310852050781,-0.07058320194482803,12.28479290008545,-0.13566230237483978,False
1656,-37.56966781616211,0.012081528082489967,12.23020076751709,-0.11806531250476837,12.225164413452148,-0.05299189314246178,False
1657,-37.59883117675781,0.0030280794017016888,11.970136642456055,-0.17468073964118958,12.265007019042969,-0.0858263298869133,False
1658,-37.41914749145508,0.05880892649292946,10.623751640319824,-0.46778595447540283,12.245131492614746,-0.20448851585388184,False
1659,-37.981910705566406,-0.11589479446411133,11.318784713745117,-0.3164786994457245,12.236156463623047,-0.2161867469549179,False
1660,-37.71017837524414,-0.031538449227809906,12.095708847045898,-0.14734391868114471,12.324878692626953,-0.08944118022918701,False
1661,-38.08518981933594,-0.14795666933059692,12.24136734008789,-0.11563437432050705,12.174839973449707,-0.13179552555084229,False
1662,-37.9794921875,-0.11514399200677872,12.327096939086914,-0.09697122126817703,12.174839973449707,-0.10605760663747787,False
1663,-37.9126091003418,-0.09438087046146393,11.67558479309082,-0.23880405724048615,12.294652938842773,-0.16659246385097504,False
1664,-38.26225280761719,-0.2029239535331726,12.149083137512207,-0.13572445511817932,12.051628112792969,-0.16932420432567596,False
1665,-37.53519821166992,0.02278224192559719,12.618618965148926,-0.03350747749209404,12.154545783996582,-0.0053626177832484245,False
1666,-37.526771545410156,0.02539820969104767,12.473824501037598,-0.06502893567085266,12.205103874206543,-0.019815362989902496,False
1667,-37.712249755859375,-0.03218148648738861,12.906457901000977,0.02915445901453495,12.135176658630371,-0.0015135137364268303,False
1668,-37.90550994873047,-0.09217701107263565,14.209015846252441,0.31271862983703613,12.31430435180664,0.11027081310749054,False
1669,-37.36094665527344,0.07687674462795258,12.628229141235352,-0.031415361911058426,12.236156463623047,0.022730691358447075,False
1670,-37.26593017578125,0.10637357831001282,11.297832489013672,-0.32103994488716125,12.2151460647583,-0.10733318328857422,False
1671,-37.45867919921875,0.04653673619031906,11.948716163635254,-0.17934392392635345,12.275899887084961,-0.0664035975933075,False
1672,-36.031280517578125,0.48965713381767273,12.519951820373535,-0.0549871101975441,12.294652938842773,0.21733501553535461,False
1673,-36.458927154541016,0.3568989038467407,12.68552017211914,-0.01894322596490383,12.382391929626465,0.16897784173488617,False
1674,-37.029930114746094,0.17963723838329315,13.428203582763672,0.14273740351200104,12.195038795471191,0.1611873209476471,False
1675,-37.73272705078125,-0.03853844106197357,13.488561630249023,0.1558772325515747,12.235159873962402,0.05866939574480057,False
1676,-37.455108642578125,0.04764517769217491,12.392129898071289,-0.08281368017196655,12.334840774536133,-0.01758425123989582,False
1677,-37.04139709472656,0.17607742547988892,12.913432121276855,0.03067273274064064,12.2151460647583,0.10337507724761963,False
1678,-36.570701599121094,0.3221997320652008,13.810691833496094,0.22600430250167847,12.274911880493164,0.27410203218460083,False
1679,-37.11229705810547,0.15406730771064758,13.821480751037598,0.22835303843021393,12.225164413452148,0.19121018052101135,False
1680,-36.95174026489258,0.20391042530536652,11.837499618530273,-0.20355553925037384,12.265996932983398,0.0001774430274963379,False
1681,-37.78475570678711,-0.054690171033144,13.238511085510254,0.10144174844026566,12.333866119384766,0.02337578870356083,False
1682,-37.392234802246094,0.06716367602348328,12.805313110351562,0.007135448511689901,12.28479290008545,0.03714956343173981,False
1683,-37.014625549316406,0.18438836932182312,12.783522605895996,0.002391700865700841,12.294652938842773,0.09339003264904022,False
1684,-37.37348937988281,0.07298298925161362,12.741021156311035,-0.006860776338726282,12.28479290008545,0.033061105757951736,False
1685,-36.838531494140625,0.2390548586845398,12.780791282653809,0.0017970973858609796,12.236156463623047,0.12042597681283951,False
1686,-37.52971649169922,0.02448398247361183,12.146556854248047,-0.13627441227436066,12.28479290008545,-0.05589521676301956,False
1687,-37.00980758666992,0.18588405847549438,12.965798377990723,0.042072758078575134,12.30547046661377,0.11397840827703476,False
1688,-37.99248504638672,-0.11917748302221298,12.218118667602539,-0.120695561170578,12.31430435180664,-0.11993652582168579,False
1689,-37.247413635253906,0.1121218353509903,12.987630844116211,0.04682563990354538,12.265007019042969,0.07947373390197754,False
1690,-37.15789794921875,0.1399110108613968,12.385781288146973,-0.08419575542211533,12.353342056274414,0.027857627719640732,False
1691,-36.911842346191406,0.21629630029201508,11.466521263122559,-0.284316748380661,12.226163864135742,-0.03401022404432297,False
1692,-38.0617790222168,-0.14068904519081116,11.919827461242676,-0.18563294410705566,12.274911880493164,-0.1631609946489334,False
1693,-37.37690353393555,0.07192310690879822,12.521735191345215,-0.05459887534379959,12.284003257751465,0.008662115782499313,False
1694,-36.6116828918457,0.3094775378704071,12.083598136901855,-0.14998039603233337,12.28479290008545,0.07974857091903687,False
1695,-37.41484832763672,0.06014355644583702,12.225259780883789,-0.11914095282554626,12.245131492614746,-0.029498698189854622,False
1696,-38.04039764404297,-0.13405142724514008,12.985933303833008,0.04645608738064766,12.274911880493164,-0.04379767179489136,False
1697,-37.829219818115234,-0.0684935674071312,13.342974662780762,0.12418325245380402,12.274911880493164,0.02784484252333641,False
1698,-37.39889144897461,0.06509719789028168,12.919516563415527,0.031997304409742355,12.2151460647583,0.048547253012657166,False
1699,-37.84170150756836,-0.07236837595701218,13.198073387145996,0.0926385447382927,12.165717124938965,0.010135084390640259,False
1700,-37.40668869018555,0.06267662346363068,12.520247459411621,-0.05492275208234787,12.285778999328613,0.003876935690641403,False
1701,-37.064483642578125,0.1689104586839676,12.612661361694336,-0.034804437309503555,12.372730255126953,0.06705301254987717,False
1702,-37.42426681518555,0.05721968784928322,12.127285957336426,-0.14046965539455414,12.294652938842773,-0.04162498563528061,False
1703,-37.125247955322266,0.15004684031009674,12.669684410095215,-0.022390637546777725,12.496685981750488,0.06382810324430466,False
1704,-37.23112869262695,0.1171773225069046,12.328449249267578,-0.09667682647705078,12.154545783996582,0.01025024801492691,False
1705,-37.81657409667969,-0.06456784158945084,12.042586326599121,-0.15890859067440033,12.216147422790527,-0.11173821985721588,False
1706,-37.25520324707031,0.10970363765954971,12.81295108795166,0.008798220194876194,12.255081176757812,0.059250928461551666,False
1707,-36.8491096496582,0.23577098548412323,11.997437477111816,-0.16873739659786224,12.488216400146484,0.03351679444313049,False
1708,-38.27021408081055,-0.20539544522762299,12.462583541870117,-0.0674760639667511,12.246126174926758,-0.13643574714660645,False
1709,-37.156375885009766,0.1403835117816925,13.348782539367676,0.125447615981102,12.31430435180664,0.13291555643081665,False
1710,-37.81779479980469,-0.06494680047035217,12.232995986938477,-0.11745680123567581,12.2151460647583,-0.0912017971277237,False
1711,-37.05970001220703,0.17039549350738525,11.862000465393066,-0.19822175800800323,12.255081176757812,-0.01391313225030899,False
1712,-37.254268646240234,0.10999377071857452,12.711092948913574,-0.013376085087656975,12.274911880493164,0.0483088418841362,False
1713,-37.6900520324707,-0.025290444493293762,13.716042518615723,0.20539934933185577,12.343615531921387,0.090054452419281,False
1714,-37.757080078125,-0.04609857127070427,12.587605476379395,-0.04025905206799507,12.294652938842773,-0.04317881166934967,False
1715,-37.62324523925781,-0.004551000893115997,13.281357765197754,0.11076938360929489,12.235159873962402,0.05310919135808945,False
1716,-37.54235076904297,0.020561808720231056,12.485958099365234,-0.06238747388124466,12.206108093261719,-0.020912833511829376,False
1717,-37.64210510253906,-0.01040584035217762,12.444747924804688,-0.07135884463787079,12.245131492614746,-0.04088234156370163,False
1718,-37.10926055908203,0.15500995516777039,12.983222007751465,0.04586584493517876,12.343615531921387,0.10043790191411972,False
1719,-37.45439147949219,0.04786781221628189,13.03333854675293,0.05677611008286476,12.225164413452148,0.052321963012218475,False
1720,-37.47382354736328,0.04183533787727356,12.555376052856445,-0.04727533087134361,12.226163864135742,-0.0027199964970350266,False
1721,-37.20367431640625,0.1257002353668213,12.459466934204102,-0.06815454363822937,12.265996932983398,0.02877284586429596,False
1722,-38.02914047241211,-0.13055676221847534,13.215784072875977,0.09649412333965302,12.245131492614746,-0.017031319439411163,False
1723,-37.480140686035156,0.039874251931905746,12.516725540161133,-0.05568946525454521,12.2151460647583,-0.007907606661319733,False
1724,-37.403587341308594,0.06363940984010696,12.611907958984375,-0.03496845066547394,12.255081176757812,0.014335479587316513,False
1725,-37.53059387207031,0.024211609736084938,12.152812004089355,-0.13491268455982208,12.253092765808105,-0.05535053834319115,False
1726,-37.46747970581055,0.04380471631884575,12.134819984436035,-0.13882951438426971,12.205103874206543,-0.047512397170066833,False
1727,-37.3388557434082,0.08373462408781052,12.886096000671387,0.024721715599298477,12.235159873962402,0.054228171706199646,False
1728,-37.384117126464844,0.06968372315168381,12.807271957397461,0.0075618852861225605,12.2151460647583,0.03862280398607254,False
1729,-37.57585525512695,0.01016070507466793,13.021336555480957,0.05416330322623253,12.144363403320312,0.032162003219127655,False
1730,-37.11147689819336,0.15432192385196686,13.109177589416504,0.07328611612319946,12.174839973449707,0.11380401998758316,False
1731,-37.616416931152344,-0.002431226894259453,12.6239595413208,-0.03234484791755676,12.184951782226562,-0.017388038337230682,False
1732,-37.397666931152344,0.06547733396291733,12.54970932006836,-0.048508964478969574,12.28479290008545,0.008484184741973877,False
1733,-37.386375427246094,0.06898266077041626,13.615986824035645,0.18361742794513702,12.392993927001953,0.12630003690719604,False
1734,-37.8508415222168,-0.07520579546689987,12.699840545654297,-0.015825709328055382,12.28479290008545,-0.0455157533288002,False
1735,-37.945369720458984,-0.1045510470867157,11.513040542602539,-0.2741895914077759,12.113670349121094,-0.1893703192472458,False
1736,-37.774024963378906,-0.05135892704129219,13.296879768371582,0.11414849013090134,12.144363403320312,0.031394779682159424,False
1737,-37.88674545288086,-0.08635178208351135,12.406804084777832,-0.0796191394329071,12.174839973449707,-0.08298546075820923,False
1738,-37.61399459838867,-0.0016792400274425745,12.704901695251465,-0.01472390815615654,12.28479290008545,-0.008201573975384235,False
1739,-37.333473205566406,0.08540558069944382,12.705825805664062,-0.014522731304168701,12.113670349121094,0.03544142469763756,False
1740,-37.64026641845703,-0.009835041128098965,12.653887748718262,-0.025829538702964783,12.094117164611816,-0.01783229038119316,False
1741,-37.6998291015625,-0.028325628489255905,12.039713859558105,-0.15953391790390015,12.093087196350098,-0.09392977505922318,False
1742,-37.78290939331055,-0.054117001593112946,12.417282104492188,-0.0773380920290947,12.123924255371094,-0.06572754681110382,False
1743,-38.045318603515625,-0.13557909429073334,12.385488510131836,-0.08425949513912201,12.2151460647583,-0.10991929471492767,False
1744,-37.98918151855469,-0.1181519404053688,12.733805656433105,-0.008431576192378998,12.155561447143555,-0.0632917582988739,False
1745,-37.542198181152344,0.02060917764902115,12.365752220153809,-0.08855604380369186,12.294652938842773,-0.03397343307733536,False
1746,-38.09939193725586,-0.1523655652999878,12.198844909667969,-0.12489141523838043,12.216147422790527,-0.13862848281860352,False
1747,-38.270931243896484,-0.20561808347702026,12.995408058166504,0.048518724739551544,12.164703369140625,-0.07854968309402466,False
1748,-37.6630744934082,-0.016915559768676758,13.315729141235352,0.11825195699930191,12.184951782226562,0.050668198615312576,False
1749,-37.867828369140625,-0.08047917485237122,14.318038940429688,0.3364527225494385,12.184951782226562,0.12798677384853363,False
1750,-37.542720794677734,0.020446937531232834,12.872117042541504,0.02167852595448494,12.144363403320312,0.021062731742858887,False
1751,-37.40946960449219,0.061813320964574814,13.409223556518555,0.1386054903268814,12.235159873962402,0.10020940750837326,False
1752,-37.17913818359375,0.13331720232963562,13.30887222290039,0.11675921827554703,12.255081176757812,0.12503820657730103,False
1753,-37.76568603515625,-0.04877019673585892,12.739639282226562,-0.007161607500165701,12.295636177062988,-0.027965901419520378,False
1754,-36.96061706542969,0.2011547088623047,12.656376838684082,-0.025287669152021408,12.401651382446289,0.08793351799249649,False
1755,-38.06081008911133,-0.14038825035095215,12.141609191894531,-0.13735151290893555,12.411249160766602,-0.13886988162994385,False
1756,-37.749271392822266,-0.04367445036768913,12.982946395874023,0.04580584540963173,12.333866119384766,0.0010656975209712982,False
1757,-37.887508392333984,-0.08658862113952637,12.374892234802246,-0.08656628429889679,12.294652938842773,-0.08657745271921158,False
1758,-37.539093017578125,0.02157314121723175,12.410329818725586,-0.0788515955209732,12.355284690856934,-0.028639227151870728,False
1759,-37.73988342285156,-0.04076005890965462,12.161911010742188,-0.13293185830116272,12.31430435180664,-0.08684595674276352,False
1760,-37.652225494384766,-0.013547605834901333,11.103789329528809,-0.3632827401161194,12.30547046661377,-0.18841516971588135,False
1761,-37.384788513183594,0.06947530061006546,11.899153709411621,-0.19013357162475586,12.43991470336914,-0.0603291355073452,False
1762,-38.31278610229492,-0.2186114639043808,12.245393753051758,-0.11475782841444016,12.734464645385742,-0.16668464243412018,False
1763,-38.141624450683594,-0.16547618806362152,12.630023956298828,-0.031024636700749397,13.32516098022461,-0.09825041145086288,False
1764,-37.83897399902344,-0.07152164727449417,13.908415794372559,0.2472786158323288,12.865945816040039,0.08787848055362701,False
1765,-37.95853805541992,-0.10863900929689407,13.05030632019043,0.060469962656497955,12.295636177062988,-0.02408452332019806,False
1766,-37.728858947753906,-0.03733762726187706,12.336481094360352,-0.0949283093214035,12.164703369140625,-0.06613297015428543,False
1767,-37.133819580078125,0.1473858803510666,12.402681350708008,-0.08051665127277374,12.144363403320312,0.03343461453914642,False
1768,-37.31499099731445,0.0911431759595871,12.966872215270996,0.042306531220674515,12.134156227111816,0.06672485172748566,False
1769,-38.1172981262207,-0.1579243540763855,12.066533088684082,-0.15369541943073273,12.225164413452148,-0.15580987930297852,False
1770,-37.99641799926758,-0.12039843201637268,13.005839347839355,0.050789594650268555,12.294652938842773,-0.03480441868305206,False
1771,-38.06611633300781,-0.14203551411628723,12.227136611938477,-0.11873237043619156,12.154545783996582,-0.1303839385509491,False
1772,-37.522640228271484,0.026680732145905495,12.79607105255127,0.0051234713755548,12.094117164611816,0.01590210199356079,False
1773,-37.88924026489258,-0.08712626248598099,14.221875190734863,0.3155180811882019,12.30547046661377,0.11419591307640076,False
1774,-37.55332565307617,0.01715477555990219,13.52637767791748,0.1641097068786621,12.144363403320312,0.09063224494457245,False
1775,-37.48001480102539,0.03991333022713661,13.015539169311523,0.05290122330188751,12.205103874206543,0.04640727490186691,False
1776,-37.1583251953125,0.13977837562561035,13.072920799255371,0.06539308279752731,12.392032623291016,0.10258573293685913,False
1777,-37.278804779052734,0.1023767963051796,13.404934883117676,0.13767185807228088,12.31430435180664,0.12002432346343994,False
1778,-37.58828353881836,0.006302479188889265,12.674038887023926,-0.021442677825689316,12.082758903503418,-0.007570099085569382,False
1779,-36.99964141845703,0.18904003500938416,12.796695709228516,0.005259457975625992,12.31430435180664,0.09714974462985992,False
1780,-37.53156280517578,0.02391081489622593,13.104419708251953,0.07225033640861511,12.44942855834961,0.048080574721097946,False
1781,-38.07000732421875,-0.1432434320449829,11.82975959777832,-0.20524051785469055,12.44942855834961,-0.17424197494983673,False
1782,-37.51803970336914,0.028108913451433182,11.987805366516113,-0.17083428800106049,12.265007019042969,-0.0713626891374588,False
1783,-37.57057189941406,0.011800864711403847,12.427226066589355,-0.07517331838607788,12.11469554901123,-0.03168622776865959,False
1784,-38.16047668457031,-0.17132866382598877,12.190056800842285,-0.12680457532405853,12.185959815979004,-0.14906662702560425,False
1785,-38.07935333251953,-0.1461448073387146,12.501638412475586,-0.058973900973796844,12.28479290008545,-0.10255935788154602,False
1786,-37.745967864990234,-0.042648907750844955,13.365912437438965,0.12917675077915192,12.196044921875,0.04326391965150833,False
1787,-37.940303802490234,-0.10297838598489761,12.492636680603027,-0.06093356013298035,12.113670349121094,-0.08195596933364868,False
1788,-38.194190979003906,-0.1817948967218399,12.801346778869629,0.006271986290812492,12.154545783996582,-0.08776145428419113,False
1789,-37.5381965637207,0.02185143530368805,13.039416313171387,0.058099228888750076,12.051628112792969,0.039975330233573914,False
1790,-37.385677337646484,0.06919937580823898,11.214752197265625,-0.3391263484954834,12.052043914794922,-0.1349634826183319,False
1791,-37.461280822753906,0.04572909325361252,13.75093936920166,0.21299631893634796,12.235159873962402,0.12936270236968994,False
1792,-37.61954879760742,-0.003403480863198638,12.437505722045898,-0.07293545454740524,12.353342056274414,-0.03816946595907211,False
1793,-37.44284439086914,0.051452480256557465,12.99121379852295,0.047605641186237335,12.543435096740723,0.0495290607213974,False
1794,-37.37905502319336,0.07125519961118698,13.003934860229492,0.050374992191791534,12.315282821655273,0.06081509590148926,False
1795,-37.15678024291992,0.14025798439979553,12.452579498291016,-0.06965392827987671,12.225164413452148,0.03530202805995941,False
1796,-37.11122512817383,0.1544000804424286,12.358318328857422,-0.09017438441514969,12.255081176757812,0.03211284801363945,False
1797,-37.438720703125,0.05273263528943062,12.74915885925293,-0.0050892154686152935,12.2151460647583,0.02382170967757702,False
1798,-37.44975280761719,0.04930783808231354,11.673977851867676,-0.2391538918018341,12.196044921875,-0.09492302685976028,False
1799,-37.17323303222656,0.13515040278434753,12.4386568069458,-0.0726848691701889,12.185959815979004,0.031232766807079315,False
1800,-37.38856506347656,0.06830290704965591,12.857766151428223,0.018554367125034332,12.154545783996582,0.04342863708734512,False
1801,-38.072357177734375,-0.14397291839122772,11.961724281311035,-0.17651209235191345,12.216147422790527,-0.16024249792099,False
1802,-38.25852966308594,-0.20176814496517181,12.196836471557617,-0.1253286451101303,12.235159873962402,-0.16354839503765106,False
1803,-37.64243698120117,-0.010508868843317032,13.083139419555664,0.06761765480041504,12.082758903503418,0.028554392978549004,False
1804,-38.13129425048828,-0.16226929426193237,12.256133079528809,-0.11241990327835083,12.324095726013184,-0.1373445987701416,False
1805,-37.725555419921875,-0.03631208464503288,11.93832015991211,-0.18160711228847504,12.154545783996582,-0.10895960032939911,False
1806,-37.467185974121094,0.0438959002494812,12.22763729095459,-0.11862337589263916,12.205103874206543,-0.03736373782157898,False
1807,-37.92715072631836,-0.09889515489339828,12.384204864501953,-0.08453894406557083,12.265007019042969,-0.09171704947948456,False
1808,-37.56922912597656,0.012217714451253414,13.467252731323242,0.1512383222579956,12.245131492614746,0.0817280188202858,False
1809,-38.894775390625,-0.3992837071418762,11.974579811096191,-0.17371346056461334,12.333866119384766,-0.2864985764026642,False
1810,-37.88767623901367,-0.08664073050022125,12.373779296875,-0.08680856227874756,12.353342056274414,-0.0867246463894844,False
1811,-37.57695007324219,0.009820830076932907,14.346837997436523,0.34272220730781555,12.420825004577637,0.17627151310443878,False
1812,-37.91854476928711,-0.09622353315353394,12.644257545471191,-0.027926012873649597,12.265007019042969,-0.062074773013591766,False
1813,-38.105621337890625,-0.15429942309856415,13.797677993774414,0.22317121922969818,12.265996932983398,0.03443589806556702,False
1814,-37.91529846191406,-0.09521575272083282,12.21102237701416,-0.12224040925502777,12.2151460647583,-0.1087280809879303,False
1815,-38.053497314453125,-0.13811808824539185,13.249424934387207,0.10381767153739929,12.174839973449707,-0.017150208353996277,False
1816,-37.65996551513672,-0.015950411558151245,11.185215950012207,-0.3455563485622406,12.093087196350098,-0.18075338006019592,False
1817,-37.9317741394043,-0.10033044219017029,12.999044418334961,0.049310352653265,12.144363403320312,-0.025510044768452644,False
1818,-37.401939392089844,0.06415099650621414,12.009095191955566,-0.16619953513145447,12.093087196350098,-0.05102426931262016,False
1819,-38.18965148925781,-0.18038566410541534,12.308432579040527,-0.10103441029787064,12.174839973449707,-0.1407100409269333,False
1820,-37.88792037963867,-0.08671652525663376,11.658672332763672,-0.2424858659505844,12.154545783996582,-0.1646011918783188,False
1821,-37.90840530395508,-0.09307584166526794,11.77699089050293,-0.21672816574573517,12.184951782226562,-0.15490201115608215,False
1822,-38.07804870605469,-0.14573979377746582,11.893433570861816,-0.19137883186340332,12.524795532226562,-0.16855931282043457,False
1823,-37.90446090698242,-0.09185134619474411,14.172493934631348,0.3047678768634796,12.543063163757324,0.10645826160907745,False
1824,-38.23785400390625,-0.19534961879253387,14.109865188598633,0.29113373160362244,12.295636177062988,0.04789205640554428,False
1825,-37.82669448852539,-0.06770960986614227,13.466839790344238,0.15114843845367432,12.174839973449707,0.04171941429376602,False
1826,-37.960357666015625,-0.10920388996601105,12.994585990905762,0.048339761793613434,12.154545783996582,-0.030432064086198807,False
1827,-37.30513000488281,0.09420441836118698,12.525151252746582,-0.053855206817388535,12.235159873962402,0.020174605771899223,False
1828,-37.59391403198242,0.004554553423076868,12.174263954162598,-0.13024264574050903,12.275899887084961,-0.06284404546022415,False
1829,-38.26227569580078,-0.20293106138706207,12.397595405578613,-0.0816238522529602,12.225164413452148,-0.14227744936943054,False
1830,-38.09226989746094,-0.15015460550785065,11.962923049926758,-0.1762511134147644,12.294652938842773,-0.16320285201072693,False
1831,-37.568641662597656,0.012400086037814617,12.096845626831055,-0.1470964550971985,12.226163864135742,-0.0673481822013855,False
1832,-37.55851364135742,0.015544219873845577,12.064669609069824,-0.15410110354423523,12.164703369140625,-0.06927844136953354,False
1833,-38.040809631347656,-0.13417932391166687,12.079747200012207,-0.15081873536109924,12.2151460647583,-0.14249902963638306,False
1834,-38.166038513183594,-0.1730552762746811,12.191287994384766,-0.1265365481376648,12.28479290008545,-0.14979591965675354,False
1835,-37.884395599365234,-0.08562229573726654,11.755171775817871,-0.22147813439369202,12.184951782226562,-0.15355020761489868,False
1836,-37.755393981933594,-0.04557514190673828,13.001161575317383,0.049771253019571304,12.113670349121094,0.0020980555564165115,False
1837,-37.99361038208008,-0.11952683329582214,13.004525184631348,0.050503503531217575,12.255081176757812,-0.034511663019657135,False
1838,-38.522186279296875,-0.28361746668815613,13.23672103881836,0.10105206072330475,12.28479290008545,-0.09128270298242569,False
1839,-37.29711151123047,0.09669367223978043,13.128836631774902,0.07756584882736206,12.205103874206543,0.08712975680828094,False
1840,-37.96565246582031,-0.1108475998044014,13.904861450195312,0.24650484323501587,12.43991470336914,0.06782862544059753,False
1841,-36.7386474609375,0.27006277441978455,13.052041053771973,0.06084761023521423,12.353342056274414,0.1654551923274994,False
1842,-37.35141372680664,0.07983613759279251,11.595355033874512,-0.2562699019908905,12.333866119384766,-0.0882168859243393,False
1843,-37.05142593383789,0.17296408116817474,12.222831726074219,-0.11966954171657562,12.265007019042969,0.02664726972579956,False
1844,-37.87099838256836,-0.0814632698893547,13.089016914367676,0.06889718025922775,12.265007019042969,-0.0062830448150634766,False
1845,-38.378501892089844,-0.2390122264623642,12.868196487426758,0.02082502841949463,12.196044921875,-0.10909359902143478,False
1846,-37.68667984008789,-0.024243583902716637,12.043045997619629,-0.15880851447582245,12.184951782226562,-0.09152604639530182,False
1847,-36.822628021240234,0.2439919114112854,12.867664337158203,0.02070918120443821,12.165717124938965,0.13235054910182953,False
1848,-37.32033920288086,0.08948288857936859,12.255313873291016,-0.1125982403755188,12.154545783996582,-0.011557675898075104,False
1849,-37.81009292602539,-0.06255583465099335,13.790462493896484,0.22160042822360992,12.093087196350098,0.07952229678630829,False
1850,-37.29331970214844,0.09787079691886902,13.164816856384277,0.08539866656064987,12.333866119384766,0.09163473546504974,False
1851,-37.52379608154297,0.026321908459067345,12.919953346252441,0.0320923887193203,12.28479290008545,0.029207147657871246,False
1852,-37.441471099853516,0.051878806203603745,12.683711051940918,-0.019337067380547523,12.344588279724121,0.016270868480205536,False
1853,-37.16265106201172,0.1384354531764984,13.198660850524902,0.09276643395423889,12.343615531921387,0.11560094356536865,False
1854,-37.387027740478516,0.06878015398979187,15.785122871398926,0.6558338403701782,12.30547046661377,0.36230701208114624,False
1855,-37.17970657348633,0.13314075767993927,16.326045989990234,0.7735916972160339,12.195038795471191,0.453366219997406,False
1856,-37.24170684814453,0.11389344930648804,15.765498161315918,0.6515615582466125,12.232361793518066,0.3827275037765503,False
1857,-36.398311614990234,0.37571632862091064,16.590402603149414,0.8311415910720825,12.225164413452148,0.6034289598464966,False
1858,-36.73503112792969,0.27118542790412903,14.193593978881836,0.3093613088130951,12.255081176757812,0.29027336835861206,False
1859,-36.53106689453125,0.3345038890838623,14.570602416992188,0.39143526554107666,12.256073951721191,0.3629695773124695,False
1860,-36.8603630065918,0.2322774976491928,15.009410858154297,0.4869629442691803,12.113670349121094,0.35962021350860596,False
1861,-36.88495635986328,0.22464275360107422,15.715428352355957,0.6406614780426025,12.174839973449707,0.4326521158218384,False
1862,-36.88328552246094,0.22516144812107086,16.556489944458008,0.8237588405609131,12.225164413452148,0.5244601368904114,False
1863,-36.307273864746094,0.40397801995277405,16.927032470703125,0.9044252038002014,12.2151460647583,0.6542016267776489,False
1864,-36.92362594604492,0.21263819932937622,14.595263481140137,0.39680391550064087,12.123924255371094,0.30472105741500854,False
1865,-37.2146110534668,0.12230504304170609,14.431910514831543,0.3612423241138458,12.265007019042969,0.24177367985248566,False
1866,-36.77986145019531,0.25726833939552307,14.631848335266113,0.4047683775424957,12.195038795471191,0.3310183584690094,False
1867,-36.514678955078125,0.3395913541316986,14.690909385681152,0.4176258444786072,12.134156227111816,0.3786085844039917,False
1868,-36.60870361328125,0.31040242314338684,15.2388334274292,0.5369077920913696,12.205103874206543,0.42365509271621704,False
1869,-37.4138298034668,0.060459744185209274,16.215177536010742,0.7494558691978455,12.082758903503418,0.4049578011035919,False
1870,-37.18972396850586,0.13003095984458923,14.768754959106445,0.43457266688346863,12.164703369140625,0.28230181336402893,False
1871,-36.93617248535156,0.20874327421188354,14.113306999206543,0.2918829917907715,12.175850868225098,0.2503131330013275,False
1872,-36.35634994506836,0.3887428641319275,15.32328987121582,0.5552937388420105,12.10339069366455,0.472018301486969,False
1873,-37.388458251953125,0.06833606958389282,15.203267097473145,0.5291650295257568,12.184951782226562,0.29875054955482483,False
1874,-36.4356689453125,0.36411914229393005,15.652575492858887,0.6269785761833191,12.2151460647583,0.4955488443374634,False
1875,-36.65231704711914,0.2968631088733673,15.566084861755371,0.6081497073173523,12.304489135742188,0.452506422996521,False
1876,-36.23957824707031,0.4249933660030365,15.540374755859375,0.6025527119636536,12.195038795471191,0.5137730240821838,False
1877,-37.07720184326172,0.16496223211288452,15.75731086730957,0.649779200553894,12.225164413452148,0.4073707163333893,False
1878,-36.39851379394531,0.37565356492996216,15.193947792053223,0.5271362662315369,12.275899887084961,0.4513949155807495,False
1879,-36.915313720703125,0.215218648314476,15.815620422363281,0.6624730825424194,12.275899887084961,0.4388458728790283,False
1880,-37.36843490600586,0.07455209642648697,16.125106811523438,0.7298476099967957,12.274911880493164,0.4021998643875122,False
1881,-37.64590072631836,-0.011584150604903698,15.971792221069336,0.6964713931083679,12.255081176757812,0.3424436151981354,False
1882,-37.48168182373047,0.03939582407474518,15.173341751098633,0.5226503610610962,12.154545783996582,0.2810230851173401,False
1883,-37.41054916381836,0.061478182673454285,15.361157417297363,0.5635374188423157,12.205103874206543,0.3125078082084656,False
1884,-36.78953170776367,0.25426629185676575,15.84743881225586,0.6693999171257019,12.10339069366455,0.461833119392395,False
1885,-36.56753921508789,0.3231814503669739,15.7969331741333,0.6584049463272095,12.2151460647583,0.4907931983470917,False
1886,-36.294498443603516,0.407943993806839,14.268800735473633,0.32573366165161133,12.10339069366455,0.36683881282806396,False
1887,-36.73754119873047,0.27040618658065796,14.868243217468262,0.4562310576438904,12.052667617797852,0.36331862211227417,False
1888,-37.46950149536133,0.04317707195878029,15.320222854614258,0.5546260476112366,12.201081275939941,0.2989015579223633,False
1889,-37.26939392089844,0.10529829561710358,15.188214302062988,0.5258880853652954,12.072406768798828,0.3155931830406189,False
1890,-36.238059997558594,0.4254646897315979,15.511981010437012,0.5963714122772217,12.042243003845215,0.5109180212020874,False
1891,-36.9566535949707,0.20238512754440308,16.7551326751709,0.8670029640197754,12.154545783996582,0.5346940755844116,False
1892,-36.04440689086914,0.4855822026729584,16.611068725585938,0.835640549659729,12.10339069366455,0.6606113910675049,False
1893,-37.345638275146484,0.08162906765937805,15.171024322509766,0.5221458673477173,12.420825004577637,0.3018874526023865,False
1894,-36.7635383605957,0.2623356580734253,17.249414443969727,0.9746070504188538,12.235159873962402,0.6184713840484619,False
1895,-36.74051284790039,0.26948368549346924,14.521522521972656,0.3807506561279297,12.28479290008545,0.32511717081069946,False
1896,-36.67708206176758,0.2891750633716583,14.713054656982422,0.4224468171596527,12.265007019042969,0.3558109402656555,False
1897,-36.56571578979492,0.32374751567840576,14.858772277832031,0.45416924357414246,12.154545783996582,0.3889583945274353,False
1898,-36.69628143310547,0.28321483731269836,16.39097785949707,0.7877272367477417,12.225164413452148,0.5354710221290588,False
1899,-35.611080169677734,0.6201037764549255,15.867934226989746,0.6738616824150085,12.543435096740723,0.646982729434967,False
1900,-36.04313278198242,0.48597773909568787,14.811179161071777,0.44380831718444824,12.31430435180664,0.46489304304122925,False
1901,-36.56774139404297,0.3231186866760254,14.80746841430664,0.4430004954338074,12.206108093261719,0.3830595910549164,False
1902,-36.68888854980469,0.2855098843574524,15.344620704650879,0.5599374175071716,12.225164413452148,0.422723650932312,False
1903,-37.00224685668945,0.1882311999797821,15.14258098602295,0.515953779220581,12.113670349121094,0.3520925045013428,False
1904,-35.932212829589844,0.5204116106033325,15.978346824645996,0.697898268699646,12.265007019042969,0.6091549396514893,False
1905,-36.5064697265625,0.3421398103237152,15.49731159210205,0.5931779146194458,12.2151460647583,0.4676588773727417,False
1906,-36.3985595703125,0.3756393492221832,17.160619735717773,0.9552766680717468,12.195038795471191,0.6654580235481262,False
1907,-36.651920318603516,0.29698625206947327,15.80441665649414,0.6600340604782104,12.28479290008545,0.47851014137268066,False
1908,-36.226558685302734,0.42903515696525574,15.068114280700684,0.4997425675392151,12.265007019042969,0.4643888473510742,False
1909,-35.93827438354492,0.5185298919677734,15.35486888885498,0.5621684193611145,12.225164413452148,0.5403491258621216,False
1910,-35.97789764404297,0.5062292814254761,13.441354751586914,0.14560039341449738,12.343615531921387,0.32591482996940613,False
1911,-35.60055160522461,0.6233722567558289,14.575729370117188,0.39255139231681824,12.255081176757812,0.5079618096351624,False
1912,-35.99498748779297,0.5009239315986633,14.358744621276855,0.34531426429748535,12.333866119384766,0.42311909794807434,False
1913,-35.096961975097656,0.7797061800956726,14.614108085632324,0.40090635418891907,12.324095726013184,0.590306282043457,False
1914,-36.034423828125,0.4886813461780548,14.765639305114746,0.43389439582824707,12.324095726013184,0.46128785610198975,False
1915,-36.32160949707031,0.3995276689529419,15.203211784362793,0.5291529893875122,12.285778999328613,0.46434032917022705,False
1916,-36.15389633178711,0.4515923857688904,13.964967727661133,0.2595898509025574,12.236156463623047,0.3555911183357239,False
1917,-35.90121841430664,0.530033528804779,13.391986846923828,0.13485309481620789,12.155561447143555,0.3324432969093323,False
1918,-35.77951431274414,0.5678152441978455,13.422586441040039,0.14151456952095032,12.196044921875,0.3546649217605591,False
1919,-35.241302490234375,0.734897255897522,13.94098949432373,0.2543698251247406,12.196044921875,0.4946335554122925,False
1920,-35.30857849121094,0.7140121459960938,13.932072639465332,0.25242865085601807,12.195038795471191,0.4832203984260559,False
1921,-36.33647918701172,0.394911527633667,13.920337677001953,0.24987398087978363,12.345172882080078,0.3223927617073059,False
1922,-36.06155776977539,0.48025789856910706,13.32759952545166,0.12083611637353897,12.195038795471191,0.3005470037460327,False
1923,-36.18215560913086,0.44281962513923645,14.226176261901855,0.3164544105529785,12.245131492614746,0.3796370029449463,False
1924,-36.11922836303711,0.4623546898365021,13.972138404846191,0.26115089654922485,12.144363403320312,0.36175280809402466,False
1925,-37.01109313964844,0.18548496067523956,14.166736602783203,0.3035145103931427,12.082758903503418,0.24449974298477173,False
1926,-36.545719146728516,0.32995525002479553,13.960442543029785,0.2586047351360321,12.134156227111816,0.2942799925804138,False
1927,-36.694305419921875,0.2838282585144043,13.988801956176758,0.2647785246372223,12.195038795471191,0.2743033766746521,False
1928,-35.71270751953125,0.5885546803474426,16.601055145263672,0.8334606289863586,12.10339069366455,0.7110076546669006,False
1929,-36.18120574951172,0.4431144893169403,14.33995532989502,0.3412238657474518,12.164703369140625,0.39216917753219604,False
1930,-36.803253173828125,0.25000661611557007,13.94754695892334,0.2557973861694336,12.205103874206543,0.25290200114250183,False
1931,-35.97298812866211,0.5077533721923828,14.952122688293457,0.4744914174079895,12.184951782226562,0.49112239480018616,False
1932,-36.241085052490234,0.4245256185531616,15.643248558044434,0.6249480843544006,12.082758903503418,0.5247368812561035,False
1933,-36.29424285888672,0.4080233573913574,14.623976707458496,0.40305474400520325,12.195038795471191,0.40553903579711914,False
1934,-36.328365325927734,0.3974303901195526,13.739505767822266,0.21050724387168884,12.304489135742188,0.3039688169956207,False
1935,-36.16138458251953,0.44926774501800537,15.643821716308594,0.6250728964805603,12.304489135742188,0.5371702909469604,False
1936,-36.395347595214844,0.37663647532463074,14.92510986328125,0.4686107933521271,12.2151460647583,0.4226236343383789,False
1937,-35.990238189697266,0.5023983120918274,14.155320167541504,0.30102917551994324,12.184951782226562,0.4017137289047241,False
1938,-35.967769622802734,0.5093734264373779,14.452815055847168,0.3657931983470917,12.324095726013184,0.437583327293396,False
1939,-35.822265625,0.5545435547828674,14.366854667663574,0.3470798134803772,12.294652938842773,0.4508116841316223,False
1940,-36.10993957519531,0.4652383029460907,14.76875114440918,0.4345718324184418,12.294652938842773,0.44990506768226624,False
1941,-36.28841781616211,0.4098316729068756,14.869359970092773,0.4564741551876068,12.580475807189941,0.4331529140472412,False
1942,-35.38599395751953,0.6899793744087219,14.46037483215332,0.367438942193985,12.671717643737793,0.5287091732025146,False
1943,-35.71047592163086,0.589247465133667,13.748539924621582,0.21247395873069763,12.58968734741211,0.4008607268333435,False
1944,-36.3017578125,0.40569040179252625,16.30034637451172,0.7679969072341919,12.411249160766602,0.5868436694145203,False
1945,-36.730167388916016,0.27269530296325684,13.44759464263916,0.14695879817008972,12.353342056274414,0.20982705056667328,False
1946,-36.22871398925781,0.4283660650253296,14.108180046081543,0.2907668650150299,12.31430435180664,0.35956645011901855,False
1947,-36.25645065307617,0.4197555184364319,13.878557205200195,0.24077846109867096,12.294652938842773,0.3302669823169708,False
1948,-36.39891815185547,0.3755280375480652,12.223308563232422,-0.11956573277711868,12.164703369140625,0.12798115611076355,False
1949,-35.97565841674805,0.5069244503974915,13.305795669555664,0.11608946323394775,12.294652938842773,0.3115069568157196,False
1950,-36.34830856323242,0.3912392258644104,13.678108215332031,0.1971411257982254,12.245131492614746,0.2941901683807373,False
1951,-35.538429260253906,0.642657458782196,12.856855392456055,0.018356095999479294,12.134156227111816,0.3305067718029022,False
1952,-36.44164276123047,0.36226463317871094,13.33319091796875,0.1220533475279808,12.175850868225098,0.24215899407863617,False
1953,-36.31047439575195,0.4029844403266907,12.130873680114746,-0.1396886110305786,12.242740631103516,0.13164791464805603,False
1954,-36.63459014892578,0.3023662269115448,13.611093521118164,0.18255217373371124,12.28479290008545,0.24245920777320862,False
1955,-37.988380432128906,-0.11790325492620468,12.561491012573242,-0.04594411700963974,12.134156227111816,-0.08192368596792221,False
1956,-36.724159240722656,0.27456048130989075,11.87849235534668,-0.19463150203227997,12.164703369140625,0.03996448963880539,False
1957,-36.68575668334961,0.2864821255207062,11.853238105773926,-0.20012930035591125,12.195038795471191,0.04317641258239746,False
1958,-37.42058181762695,0.0583636574447155,13.340315818786621,0.1236044242978096,12.205103874206543,0.0909840390086174,False
1959,-37.67441940307617,-0.020437464118003845,14.750090599060059,0.430509477853775,12.195038795471191,0.2050360143184662,False
1960,-37.287715911865234,0.09961043298244476,13.341711044311523,0.1239081621170044,12.235159873962402,0.11175929754972458,False
1961,-37.93929672241211,-0.10266575217247009,15.505243301391602,0.5949046611785889,12.265996932983398,0.2461194545030594,False
1962,-37.85523986816406,-0.07657121121883392,15.455249786376953,0.5840211510658264,12.304489135742188,0.25372496247291565,False
1963,-37.74131774902344,-0.041205327957868576,13.603580474853516,0.18091659247875214,12.382391929626465,0.06985563039779663,False
1964,-36.911865234375,0.2162891924381256,14.280264854431152,0.3282293677330017,12.324095726013184,0.27225929498672485,False
1965,-36.85750198364258,0.2331656664609909,14.678059577941895,0.41482844948768616,12.255081176757812,0.32399705052375793,False
1966,-36.012325286865234,0.49554160237312317,14.923332214355469,0.46822381019592285,12.28479290008545,0.4818826913833618,False
1967,-35.24876022338867,0.7325820922851562,14.3126220703125,0.33527347445487976,12.164703369140625,0.5339277982711792,False
1968,-34.99201965332031,0.8122844099998474,14.038607597351074,0.27562108635902405,12.225164413452148,0.5439527630805969,False
1969,-35.49228286743164,0.6569831371307373,14.56486988067627,0.3901872932910919,12.225164413452148,0.5235852003097534,False
1970,-34.59934616088867,0.9341856241226196,13.978923797607422,0.26262804865837097,12.363046646118164,0.5984068512916565,False
1971,-33.55024719238281,1.2598669528961182,13.962475776672363,0.25904735922813416,12.294652938842773,0.7594571709632874,False
1972,-33.43628692626953,1.2952446937561035,14.254988670349121,0.3227268159389496,12.343615531921387,0.8089857697486877,False
1973,-32.53369140625,1.5754456520080566,14.17987060546875,0.3063737452030182,12.324095726013184,0.9409096837043762,False
1974,-32.695518493652344,1.5252082347869873,15.044079780578613,0.494510293006897,12.255081176757812,1.009859323501587,False
1975,-33.655494689941406,1.22719407081604,14.44886302947998,0.3649328351020813,12.195038795471191,0.7960634231567383,False
1976,-32.7609977722168,1.5048809051513672,15.041505813598633,0.4939499497413635,12.245131492614746,0.999415397644043,False
1977,-32.7750244140625,1.5005264282226562,15.277923583984375,0.5454176068305969,12.154545783996582,1.0229719877243042,False
1978,-34.57168197631836,0.9427736401557922,15.0922269821167,0.5049918293952942,12.206108093261719,0.7238827347755432,False
1979,-33.79310989379883,1.184472918510437,15.644271850585938,0.625170886516571,12.28479290008545,0.9048218727111816,False
1980,-32.94095993041992,1.449013590812683,17.082090377807617,0.9381809830665588,12.285778999328613,1.1935973167419434,False
1981,-32.84608840942383,1.4784654378890991,15.168185234069824,0.5215278267860413,12.175850868225098,0.9999966621398926,False
1982,-33.29655075073242,1.3386242389678955,15.471534729003906,0.5875663757324219,12.184951782226562,0.9630953073501587,False
1983,-33.7578239440918,1.1954270601272583,14.690815925598145,0.4176054894924164,12.294652938842773,0.8065162897109985,False
1984,-34.39878845214844,0.9964465498924255,16.054094314575195,0.714388370513916,12.353342056274414,0.8554174900054932,False
1985,-34.467220306396484,0.9752026200294495,14.257969856262207,0.32337579131126404,12.304489135742188,0.6492891907691956,False
1986,-33.77543640136719,1.1899594068527222,14.55271053314209,0.38754022121429443,12.263421058654785,0.7887498140335083,False
1987,-33.23280334472656,1.3584139347076416,13.873600006103516,0.23969928920269012,12.154545783996582,0.7990565896034241,False
1988,-35.37112808227539,0.6945943236351013,15.591560363769531,0.6136956810951233,12.245131492614746,0.6541450023651123,False
1989,-34.568084716796875,0.943890392780304,14.015483856201172,0.27058711647987366,12.062029838562012,0.60723876953125,False
1990,-35.84547805786133,0.5473374724388123,15.446854591369629,0.5821935534477234,12.184951782226562,0.5647655129432678,False
1991,-35.93526840209961,0.519463062286377,15.770648002624512,0.6526826620101929,12.164703369140625,0.5860728621482849,False
1992,-36.79377365112305,0.25294944643974304,16.668087005615234,0.8480532765388489,12.304489135742188,0.5505013465881348,False
1993,-36.7896842956543,0.2542189359664917,16.265214920043945,0.7603488564491272,12.184951782226562,0.5072839260101318,False
1994,-36.204803466796875,0.4357888400554657,16.39939308166504,0.7895591855049133,12.062029838562012,0.6126739978790283,False
1995,-36.02607345581055,0.4912736117839813,16.3808650970459,0.7855256795883179,12.041200637817383,0.6383996605873108,False
1996,-36.93490219116211,0.20913761854171753,16.425222396850586,0.7951821684837341,12.082758903503418,0.5021598935127258,False
1997,-35.80860137939453,0.5587854385375977,14.481790542602539,0.3721010982990265,12.134156227111816,0.4654432535171509,False
1998,-34.72392272949219,0.8955121636390686,16.8366756439209,0.8847547173500061,12.062029838562012,0.8901334404945374,False
1999,-33.31005096435547,1.3344333171844482,14.890832901000977,0.46114876866340637,12.113670349121094,0.8977910280227661,False
2000,-32.50444030761719,1.5845263004302979,14.446386337280273,0.3643936812877655,12.062029838562012,0.9744600057601929,False
2001,-32.858280181884766,1.4746806621551514,15.231794357299805,0.5353753566741943,12.164703369140625,1.0050280094146729,False
2002,-33.89500045776367,1.1528420448303223,14.129050254821777,0.29531025886535645,12.113670349121094,0.7240761518478394,False
2003,-33.3303108215332,1.328143835067749,16.503450393676758,0.8122122287750244,12.195038795471191,1.0701780319213867,False
2004,-34.29879379272461,1.0274888277053833,14.733965873718262,0.42699915170669556,12.195038795471191,0.7272440195083618,False
2005,-34.660831451416016,0.9150981903076172,15.355527877807617,0.5623118877410889,12.2151460647583,0.738705039024353,False
2006,-35.509010314941406,0.6517902612686157,12.743375778198242,-0.006348180118948221,12.372730255126953,0.32272103428840637,False
2007,-35.53948974609375,0.6423282623291016,14.581839561462402,0.39388155937194824,12.353342056274414,0.5181049108505249,False
2008,-35.664306640625,0.6035801768302917,15.036663055419922,0.4928956925868988,12.164703369140625,0.5482379198074341,False
2009,-35.80256652832031,0.5606589317321777,16.661794662475586,0.8466834425926208,12.294652938842773,0.7036712169647217,False
2010,-35.953609466552734,0.513769268989563,15.061561584472656,0.49831604957580566,12.295636177062988,0.5060426592826843,False
2011,-35.77942657470703,0.5678424835205078,16.634681701660156,0.840781033039093,12.28479290008545,0.704311728477478,False
2012,-36.07478713989258,0.4761509895324707,19.28822898864746,1.4184527397155762,12.226163864135742,0.9473018646240234,False
2013,-36.35713195800781,0.3885000944137573,20.175132751464844,1.61152982711792,12.154545783996582,1.0000150203704834,False
2014,-37.48788833618164,0.03746907785534859,22.558435440063477,2.1303699016571045,12.144363403320312,1.0839195251464844,False
2015,-37.6571159362793,-0.015065791085362434,21.636404037475586,1.9296455383300781,12.051628112792969,0.9572898745536804,False
2016,-37.49972915649414,0.03379322588443756,21.118488311767578,1.8168964385986328,12.154545783996582,0.9253448247909546,False
2017,-36.48403549194336,0.34910428524017334,21.018465042114258,1.7951215505599976,12.184951782226562,1.0721129179000854,False
2018,-34.341556549072266,1.0142135620117188,19.022275924682617,1.3605552911758423,12.314696311950684,1.1873843669891357,False
2019,-35.590721130371094,0.6264240145683289,21.115921020507812,1.8163374662399292,12.225164413452148,1.2213807106018066,False
2020,-34.40911102294922,0.9932420253753662,21.53216552734375,1.9069530963897705,12.343615531921387,1.4500975608825684,False
2021,-34.41984176635742,0.9899107813835144,20.414167404174805,1.6635671854019165,12.265007019042969,1.326738953590393,False
2022,-35.10265350341797,0.7779393196105957,22.311386108398438,2.076587677001953,12.144363403320312,1.4272634983062744,False
2023,-34.59080505371094,0.9368370771408081,21.898977279663086,1.9868072271347046,12.255081176757812,1.4618221521377563,False
2024,-34.610111236572266,0.930843710899353,19.43095588684082,1.449524164199829,12.205103874206543,1.1901838779449463,False
2025,-35.57005310058594,0.6328401565551758,21.38239288330078,1.8743479251861572,12.205103874206543,1.2535940408706665,False
2026,-35.15348434448242,0.7621594071388245,22.805667877197266,2.184191942214966,12.265007019042969,1.4731756448745728,False
2027,-35.97884750366211,0.5059344172477722,20.06085777282715,1.586652398109436,12.144363403320312,1.0462933778762817,False
2028,-35.963226318359375,0.510783851146698,20.75197982788086,1.7371082305908203,12.134156227111816,1.1239460706710815,False
2029,-35.17434310913086,0.7556840777397156,18.625900268554688,1.274265170097351,12.265007019042969,1.014974594116211,False
2030,-35.039459228515625,0.7975572943687439,22.136987686157227,2.038621664047241,12.225164413452148,1.418089509010315,False
2031,-35.42715072631836,0.6772027015686035,18.75170135498047,1.3016518354415894,12.304489135742188,0.9894272685050964,False
2032,-36.2040901184082,0.4360102713108063,18.36740493774414,1.2179912328720093,12.245131492614746,0.8270007371902466,False
2033,-35.816688537597656,0.5562748908996582,18.86501693725586,1.3263204097747803,12.265996932983398,0.9412976503372192,False
2034,-36.150917053222656,0.4525172710418701,17.26157569885254,0.9772545695304871,12.372730255126953,0.714885950088501,False
2035,-35.168540954589844,0.7574852705001831,16.35982322692871,0.7809448838233948,12.255081176757812,0.7692151069641113,False
2036,-34.884830474853516,0.8455600738525391,15.19452953338623,0.5272629261016846,12.2151460647583,0.6864114999771118,False
2037,-35.472633361816406,0.6630830764770508,14.476451873779297,0.37093889713287354,12.195038795471191,0.5170109868049622,False
2038,-35.516300201416016,0.6495271921157837,15.561070442199707,0.6070581078529358,12.245131492614746,0.6282926797866821,False
2039,-35.760684967041016,0.5736606121063232,16.15996742248535,0.7374367117881775,12.225164413452148,0.6555486917495728,False
2040,-36.34502410888672,0.3922588527202606,16.142915725708008,0.7337245941162109,12.134156227111816,0.562991738319397,False
2041,-36.748443603515625,0.26702165603637695,15.365842819213867,0.5645574331283569,12.174839973449707,0.41578954458236694,False
2042,-37.36874771118164,0.07445499300956726,14.392518043518066,0.3526666760444641,12.144363403320312,0.21356083452701569,False
2043,-36.6959114074707,0.28332969546318054,14.116900444030762,0.2926652729511261,12.124947547912598,0.2879974842071533,False
2044,-36.98967361450195,0.19213442504405975,15.021502494812012,0.4895952641963959,12.324095726013184,0.3408648371696472,False
2045,-37.19487380981445,0.1284322589635849,12.374641418457031,-0.08662088215351105,12.255081176757812,0.020905688405036926,False
2046,-37.28211975097656,0.10134769976139069,12.750958442687988,-0.004697449970990419,12.134156227111816,0.04832512512803078,False
2047,-36.99386215209961,0.1908341348171234,12.240843772888184,-0.11574835330247879,12.145380973815918,0.03754289075732231,False
2048,-36.69668197631836,0.2830905020236969,12.911829948425293,0.030323943123221397,12.154545783996582,0.15670722723007202,False
2049,-37.465904235839844,0.04429380223155022,14.087529182434082,0.28627121448516846,12.175850868225098,0.1652825027704239,False
2050,-36.170318603515625,0.44649428129196167,14.558409690856934,0.3887809216976166,12.225164413452148,0.41763758659362793,False
2051,-37.00844955444336,0.18630564212799072,13.081954002380371,0.06735959649085999,12.304489135742188,0.12683261930942535,False
2052,-36.17949676513672,0.44364503026008606,12.158502578735352,-0.13367386162281036,12.294652938842773,0.15498557686805725,False
2053,-34.399696350097656,0.9961647391319275,12.369668960571289,-0.08770337700843811,12.235159873962402,0.4542306661605835,False
2054,-35.876129150390625,0.5378221869468689,11.37803840637207,-0.30357930064201355,12.235159873962402,0.11712144315242767,False
2055,-36.78908157348633,0.25440603494644165,11.63581371307373,-0.24746213853359222,12.195038795471191,0.003471948206424713,False
2056,-35.75701141357422,0.5748010277748108,10.616181373596191,-0.46943399310112,12.353342056274414,0.0526835173368454,False
2057,-36.5633430480957,0.32448410987854004,11.909174919128418,-0.1879519671201706,12.225164413452148,0.06826607137918472,False
2058,-36.225074768066406,0.42949584126472473,12.253657341003418,-0.1129588633775711,12.245131492614746,0.15826848149299622,False
2059,-37.2905158996582,0.09874120354652405,13.102115631103516,0.07174874097108841,12.2151460647583,0.08524496853351593,False
2060,-37.395687103271484,0.06609194725751877,12.65388011932373,-0.025831198319792747,12.235159873962402,0.020130373537540436,False
2061,-37.27994918823242,0.10202153027057648,13.08940601348877,0.06898188591003418,12.255081176757812,0.08550170809030533,False
2062,-37.32481002807617,0.08809496462345123,14.665731430053711,0.41214466094970703,12.28479290008545,0.25011980533599854,False
2063,-37.21289825439453,0.12283676117658615,14.411232948303223,0.3567408621311188,12.31430435180664,0.23978881537914276,False
2064,-36.98392105102539,0.19392023980617523,14.656708717346191,0.4101804196834564,12.184951782226562,0.30205032229423523,False
2065,-36.24353790283203,0.4237641394138336,14.97225570678711,0.4788743555545807,12.236156463623047,0.45131924748420715,False
2066,-36.81877899169922,0.24518680572509766,16.453109741210938,0.8012531995773315,12.372730255126953,0.5232200026512146,False
2067,-37.09562301635742,0.15924358367919922,17.250612258911133,0.9748678207397461,12.363046646118164,0.5670557022094727,False
2068,-36.94993591308594,0.20447055995464325,19.250926971435547,1.410332202911377,12.31430435180664,0.8074013590812683,False
2069,-36.32930374145508,0.3971390724182129,19.666576385498047,1.5008182525634766,12.294652938842773,0.9489786624908447,False
2070,-35.61892318725586,0.6176689863204956,18.341943740844727,1.2124484777450562,12.325072288513184,0.9150587320327759,False
2071,-34.584693908691406,0.938734233379364,16.76561164855957,0.8692842125892639,12.285778999328613,0.904009222984314,False
2072,-34.12554931640625,1.081270694732666,19.82142448425293,1.5345282554626465,12.343615531921387,1.3078994750976562,False
2073,-34.407222747802734,0.9938282370567322,18.717510223388672,1.2942085266113281,12.265996932983398,1.1440184116363525,False
2074,-32.833927154541016,1.4822407960891724,20.53938102722168,1.6908259391784668,12.235159873962402,1.5865333080291748,False
2075,-31.980823516845703,1.747077465057373,19.23444175720215,1.4067434072494507,12.225164413452148,1.5769104957580566,False
2076,-32.797183990478516,1.4936472177505493,18.681697845458984,1.286412239074707,12.294652938842773,1.3900296688079834,False
2077,-32.69108581542969,1.526584267616272,18.12238311767578,1.164650559425354,12.235159873962402,1.345617413520813,False
2078,-31.882936477661133,1.7774654626846313,20.121334075927734,1.5998179912567139,12.2151460647583,1.6886417865753174,False
2079,-32.32904052734375,1.638977289199829,21.174848556518555,1.8291659355163574,12.343615531921387,1.7340716123580933,False
2080,-31.936586380004883,1.7608104944229126,17.496679306030273,1.0284360647201538,12.28479290008545,1.3946232795715332,False
2081,-32.29307556152344,1.6501421928405762,18.15467643737793,1.1716806888580322,12.144363403320312,1.4109114408493042,False
2082,-32.271427154541016,1.656862735748291,18.082012176513672,1.1558618545532227,12.236156463623047,1.4063622951507568,False
2083,-32.02925109863281,1.732043743133545,17.66901397705078,1.065953016281128,12.242740631103516,1.3989983797073364,False
2084,-31.96310806274414,1.7525770664215088,16.368677139282227,0.7828723788261414,12.295636177062988,1.2677247524261475,False
2085,-31.139616012573242,2.00822114944458,15.185826301574707,0.5253682136535645,12.274911880493164,1.2667946815490723,False
2086,-32.7437858581543,1.5102241039276123,14.631597518920898,0.40471377968788147,12.265007019042969,0.9574689269065857,False
2087,-32.25264358520508,1.6626938581466675,16.099668502807617,0.7243097424507141,12.236156463623047,1.1935018301010132,False
2088,-32.78071975708008,1.4987584352493286,13.633646965026855,0.1874620020389557,12.274911880493164,0.843110203742981,False
2089,-33.01047897338867,1.4274321794509888,14.904068946838379,0.4640302360057831,12.184951782226562,0.9457312226295471,False
2090,-33.255638122558594,1.3513251543045044,13.127819061279297,0.07734432071447372,12.245131492614746,0.7143347263336182,False
2091,-33.052921295166016,1.4142564535140991,12.85470199584961,0.017887305468320847,12.104418754577637,0.7160719037055969,False
2092,-33.77661895751953,1.1895923614501953,12.646750450134277,-0.027383312582969666,12.145380973815918,0.5811045169830322,False
2093,-32.926395416259766,1.4535349607467651,13.693036079406738,0.20039089024066925,12.225164413452148,0.826962947845459,False
2094,-34.18815231323242,1.0618362426757812,12.629182815551758,-0.031207751482725143,12.255081176757812,0.5153142213821411,False
2095,-34.2772102355957,1.034189224243164,16.568735122680664,0.8264245986938477,12.28479290008545,0.9303069114685059,False
2096,-34.58294677734375,0.9392766356468201,18.444517135620117,1.2347784042358398,12.245131492614746,1.0870275497436523,False
2097,-35.47168731689453,0.6633767485618591,19.051082611083984,1.3668265342712402,12.363046646118164,1.015101671218872,False
2098,-35.37295913696289,0.6940258741378784,18.359375,1.2162431478500366,12.401651382446289,0.9551345109939575,False
2099,-34.620906829833984,0.9274923205375671,17.048507690429688,0.9308701157569885,12.353342056274414,0.9291812181472778,False
2100,-34.5323486328125,0.9549842476844788,12.584123611450195,-0.041017044335603714,12.334840774536133,0.4569835960865021,False
2101,-34.373268127441406,1.0043690204620361,12.14721393585205,-0.1361313760280609,12.343615531921387,0.4341188073158264,False
2102,-32.896610260009766,1.4627814292907715,11.907050132751465,-0.18841452896595,12.477845191955566,0.637183427810669,False
2103,-32.462196350097656,1.5976405143737793,12.871438026428223,0.02153070457279682,12.353342056274414,0.8095856308937073,False
2104,-32.7806396484375,1.4987832307815552,14.38382339477539,0.3507738709449768,12.353342056274414,0.9247785806655884,False
2105,-33.226497650146484,1.360371470451355,13.040203094482422,0.05827051028609276,12.235159873962402,0.7093209624290466,False
2106,-33.33860778808594,1.3255680799484253,15.75362491607666,0.6489768028259277,12.113670349121094,0.9872724413871765,False
2107,-33.50800704956055,1.272979974746704,17.84800148010254,1.1049182415008545,12.353342056274414,1.1889491081237793,False
2108,-34.31636047363281,1.0220354795455933,18.817686080932617,1.3160165548324585,12.333866119384766,1.1690260171890259,False
2109,-32.5193977355957,1.5798829793930054,18.13723373413086,1.1678835153579712,12.31430435180664,1.3738832473754883,False
2110,-32.9705696105957,1.4398216009140015,18.514751434326172,1.2500683069229126,12.372730255126953,1.344944953918457,False
2111,-32.955787658691406,1.4444104433059692,18.344758987426758,1.2130613327026367,12.235159873962402,1.3287358283996582,False
2112,-32.65084457397461,1.539076805114746,17.564655303955078,1.0432343482971191,12.30547046661377,1.2911555767059326,False
2113,-31.250896453857422,1.9736753702163696,19.388751983642578,1.4403364658355713,12.274911880493164,1.7070059776306152,False
2114,-30.4145450592041,2.233311653137207,20.562602996826172,1.6958813667297363,12.2151460647583,1.9645965099334717,False
2115,-30.655588150024414,2.158482313156128,18.41949462890625,1.229331135749817,12.205103874206543,1.6939067840576172,False
2116,-30.55910873413086,2.1884334087371826,17.485387802124023,1.0259779691696167,12.263421058654785,1.6072056293487549,False
2117,-31.519685745239258,1.8902326822280884,16.75681495666504,0.8673691749572754,12.382391929626465,1.378800868988037,False
2118,-31.26842498779297,1.9682338237762451,16.48798370361328,0.8088451623916626,12.382391929626465,1.3885395526885986,False
2119,-30.303470611572266,2.2677934169769287,16.19080352783203,0.7441496849060059,12.256073951721191,1.5059715509414673,False
2120,-30.54909324645996,2.191542625427246,15.823485374450684,0.6641852855682373,12.343615531921387,1.4278639554977417,False
2121,-31.108495712280273,2.0178821086883545,14.290550231933594,0.33046847581863403,12.245131492614746,1.1741752624511719,False
2122,-31.212547302246094,1.9855804443359375,13.639135360717773,0.18865682184696198,12.353342056274414,1.0871186256408691,False
2123,-31.50411605834961,1.8950661420822144,12.758705139160156,-0.0030110101215541363,12.411249160766602,0.9460275769233704,False
2124,-31.816612243652344,1.7980550527572632,12.245661735534668,-0.11469949036836624,12.363046646118164,0.8416777849197388,False
2125,-31.30389976501465,1.9572211503982544,14.209770202636719,0.31288284063339233,12.255081176757812,1.135051965713501,False
2126,-31.406381607055664,1.9254066944122314,14.570110321044922,0.3913281261920929,12.265007019042969,1.158367395401001,False
2127,-31.755477905273438,1.8170336484909058,17.169761657714844,0.9572668075561523,12.28479290008545,1.3871502876281738,False
2128,-31.46640396118164,1.9067734479904175,17.821489334106445,1.0991466045379639,12.265007019042969,1.502959966659546,False
2129,-31.393840789794922,1.9292999505996704,17.36683464050293,1.0001691579818726,12.28479290008545,1.4647345542907715,False
2130,-31.906198501586914,1.7702440023422241,15.283781051635742,0.5466927886009216,12.304489135742188,1.1584683656692505,False
2131,-32.559810638427734,1.5673372745513916,16.852758407592773,0.8882558941841125,12.31430435180664,1.2277965545654297,False
2132,-31.413145065307617,1.9233070611953735,18.959171295166016,1.3468176126480103,12.294652938842773,1.635062336921692,False
2133,-30.935943603515625,2.071449041366577,17.637422561645508,1.0590755939483643,12.364014625549316,1.5652623176574707,False
2134,-31.3360538482666,1.9472392797470093,14.947343826293945,0.47345107793807983,12.304489135742188,1.2103451490402222,False
2135,-31.141845703125,2.0075290203094482,15.361368179321289,0.5635833144187927,12.256073951721191,1.2855561971664429,False
2136,-31.512052536010742,1.8926023244857788,15.019375801086426,0.489132285118103,12.31430435180664,1.190867304801941,False
2137,-30.164230346679688,2.3110191822052,15.549779891967773,0.604600191116333,12.325072288513184,1.4578096866607666,False
2138,-31.130016326904297,2.0112013816833496,15.397483825683594,0.571445643901825,12.402610778808594,1.2913235425949097,False
2139,-31.36771011352539,1.937411904335022,16.05333709716797,0.7142235040664673,12.31430435180664,1.3258177042007446,False
2140,-32.01369857788086,1.7368718385696411,16.094106674194336,0.7230989933013916,12.506075859069824,1.2299854755401611,False
2141,-32.3763542175293,1.6242892742156982,18.372573852539062,1.2191165685653687,12.363046646118164,1.4217028617858887,False
2142,-31.957218170166016,1.7544054985046387,17.476261138916016,1.0239911079406738,12.524795532226562,1.3891983032226562,False
2143,-31.916410446166992,1.7670738697052002,17.11985969543457,0.9464032649993896,12.46839427947998,1.356738567352295,False
2144,-32.37321472167969,1.6252639293670654,18.286283493041992,1.2003313302993774,12.245131492614746,1.4127976894378662,False
2145,-33.1815299987793,1.3743312358856201,16.153608322143555,0.7360523343086243,12.265007019042969,1.0551917552947998,False
2146,-33.21192932128906,1.3648940324783325,16.57876205444336,0.828607439994812,12.294652938842773,1.0967507362365723,False
2147,-33.84148025512695,1.1694568395614624,16.078290939331055,0.7196559309959412,12.255081176757812,0.9445563554763794,False
2148,-34.85261917114258,0.855559766292572,14.349964141845703,0.34340277314186096,12.284003257751465,0.5994812846183777,False
2149,-35.62204360961914,0.616700291633606,14.964171409606934,0.47711440920829773,12.174839973449707,0.546907365322113,False
2150,-36.18292999267578,0.4425792098045349,13.76207447052002,0.2154204100370407,12.274911880493164,0.3289998173713684,False
2151,-37.04624557495117,0.17457227408885956,14.75579833984375,0.4317520260810852,12.294652938842773,0.303162157535553,False
2152,-36.605621337890625,0.3113592863082886,14.27056884765625,0.3261185884475708,12.294652938842773,0.3187389373779297,False
2153,-37.350772857666016,0.08003509044647217,14.854864120483398,0.45331844687461853,12.195038795471191,0.26667678356170654,False
2154,-36.992454528808594,0.1912711262702942,13.65212345123291,0.19148430228233337,12.245131492614746,0.19137771427631378,False
2155,-36.78636169433594,0.25525039434432983,13.430797576904297,0.14330211281776428,12.195038795471191,0.19927625358104706,False
2156,-36.89453125,0.22167034447193146,13.125165939331055,0.07676674425601959,12.235159873962402,0.14921854436397552,False
2157,-36.672298431396484,0.2906601130962372,12.708248138427734,-0.013995394110679626,12.205103874206543,0.13833236694335938,False
2158,-37.46929931640625,0.043239839375019073,13.635588645935059,0.18788470327854156,12.255081176757812,0.11556227505207062,False
2159,-37.86513137817383,-0.0796419233083725,14.419450759887695,0.35852986574172974,12.195038795471191,0.13944396376609802,False
2160,-37.943382263183594,-0.10393406450748444,13.7487154006958,0.21251216530799866,12.225164413452148,0.05428905040025711,False
2161,-38.394134521484375,-0.2438652068376541,14.38761043548584,0.3515982925891876,12.174839973449707,0.053866542875766754,False
2162,-37.66524124145508,-0.01758820377290249,14.382923126220703,0.35057786107063293,12.165717124938965,0.16649483144283295,False
2163,-37.370033264160156,0.07405590265989304,13.707131385803223,0.20345941185951233,12.325072288513184,0.13875766098499298,False
2164,-37.16040802001953,0.13913178443908691,14.050530433654785,0.2782166600227356,12.304489135742188,0.20867422223091125,False
2165,-36.78444290161133,0.2558460831642151,15.525810241699219,0.5993820428848267,12.401651382446289,0.4276140630245209,False
2166,-36.664695739746094,0.2930202782154083,15.508846282958984,0.5956889986991882,12.195038795471191,0.4443546533584595,False
2167,-36.83570861816406,0.23993118107318878,14.47251033782959,0.370080828666687,12.31430435180664,0.3050059974193573,False
2168,-36.587284088134766,0.31705188751220703,14.144295692443848,0.29862916469573975,12.294652938842773,0.3078405261039734,False
2169,-37.73832321166992,-0.040275707840919495,12.679916381835938,-0.02016315795481205,12.274911880493164,-0.030219431966543198,False
2170,-37.096519470214844,0.15896528959274292,14.13484001159668,0.29657068848609924,12.255081176757812,0.22776798903942108,False
2171,-37.79146957397461,-0.05677441880106926,12.738637924194336,-0.007379601243883371,12.144363403320312,-0.032077010720968246,False
2172,-38.29198455810547,-0.2121538519859314,12.520673751831055,-0.05482994765043259,12.235159873962402,-0.1334919035434723,False
2173,-37.77907180786133,-0.05292566493153572,12.276598930358887,-0.10796453058719635,12.185959815979004,-0.08044509589672089,False
2174,-37.75249099731445,-0.044673942029476166,12.054343223571777,-0.15634913742542267,12.294652938842773,-0.10051153600215912,False
2175,-38.272430419921875,-0.2060834914445877,11.94701099395752,-0.1797151416540146,12.304489135742188,-0.19289931654930115,False
2176,-38.25176239013672,-0.1996673196554184,11.01888656616211,-0.3817659020423889,12.164703369140625,-0.29071661829948425,False
2177,-38.34844207763672,-0.22968047857284546,13.084389686584473,0.06788983941078186,12.235159873962402,-0.0808953195810318,False
2178,-38.013668060302734,-0.1257535219192505,12.19713306427002,-0.12526407837867737,12.274911880493164,-0.12550880014896393,False
2179,-37.590335845947266,0.005665362812578678,12.26624870300293,-0.11021775007247925,12.235159873962402,-0.05227619409561157,False
2180,-38.22011184692383,-0.18984174728393555,13.24005126953125,0.10177703946828842,12.392032623291016,-0.04403235390782356,False
2181,-37.62116622924805,-0.003905594814568758,10.748446464538574,-0.4406401515007019,12.211532592773438,-0.2222728729248047,False
2182,-36.83223342895508,0.24101002514362335,10.64900016784668,-0.46228939294815063,12.2151460647583,-0.11063968390226364,False
2183,-37.11186981201172,0.15419994294643402,11.694327354431152,-0.23472383618354797,12.274911880493164,-0.040261946618556976,False
2184,-37.150970458984375,0.14206157624721527,12.13953685760498,-0.13780266046524048,12.2151460647583,0.0021294578909873962,False
2185,-37.060855865478516,0.1700366735458374,11.289374351501465,-0.322881281375885,12.401651382446289,-0.0764223039150238,False
2186,-37.5159797668457,0.028748398646712303,15.50810432434082,0.5955274701118469,12.235159873962402,0.3121379315853119,False
2187,-37.583492279052734,0.007789873518049717,14.188783645629883,0.30831411480903625,12.154545783996582,0.158051997423172,False
2188,-37.232398986816406,0.11678297072649002,14.796346664428711,0.4405793249607086,12.343615531921387,0.2786811590194702,False
2189,-36.96975326538086,0.1983184814453125,14.722900390625,0.42459020018577576,12.31430435180664,0.3114543557167053,False
2190,-37.02888488769531,0.17996171116828918,14.716602325439453,0.42321914434432983,12.343615531921387,0.3015904426574707,False
2191,-36.50975799560547,0.34111902117729187,15.919554710388184,0.6850993633270264,12.205103874206543,0.5131092071533203,False
2192,-35.364864349365234,0.6965388059616089,17.639997482299805,1.0596362352371216,12.154545783996582,0.8780875205993652,False
2193,-34.91752624511719,0.8354100584983826,18.096038818359375,1.158915400505066,12.363046646118164,0.9971626996994019,False
2194,-34.053226470947266,1.1037225723266602,18.346515655517578,1.2134437561035156,12.274911880493164,1.158583164215088,False
2195,-33.62156677246094,1.2377265691757202,19.961944580078125,1.5651192665100098,12.304489135742188,1.4014229774475098,False
2196,-32.23501968383789,1.6681650876998901,21.72954750061035,1.9499226808547974,12.31430435180664,1.8090438842773438,False
2197,-30.535490036010742,2.195765495300293,21.784027099609375,1.9617828130722046,12.2151460647583,2.0787742137908936,False
2198,-32.4832649230957,1.5910999774932861,22.615753173828125,2.142847776412964,12.2151460647583,1.866973876953125,False
2199,-31.977455139160156,1.7481231689453125,22.750913619995117,2.172271966934204,12.353342056274414,1.9601975679397583,False
2200,-31.837827682495117,1.7914689779281616,21.745752334594727,1.9534504413604736,12.363046646118164,1.8724596500396729,False
2201,-30.676773071289062,2.1519057750701904,18.769620895385742,1.3055528402328491,12.30547046661377,1.728729248046875,False
2202,-31.1011962890625,2.020148277282715,17.312965393066406,0.9884420037269592,12.343615531921387,1.5042951107025146,False
2203,-32.02828598022461,1.732343316078186,15.94757080078125,0.6911984086036682,12.226163864135742,1.2117708921432495,False
2204,-32.97991943359375,1.4369189739227295,15.954137802124023,0.692628026008606,12.294652938842773,1.0647735595703125,False
2205,-33.57487106323242,1.2522227764129639,13.415767669677734,0.1400301307439804,12.255081176757812,0.6961264610290527,False
2206,-34.28641128540039,1.0313328504562378,13.664685249328613,0.1942189782857895,12.225164413452148,0.6127759218215942,False
2207,-34.523216247558594,0.9578192830085754,15.210453033447266,0.5307294130325317,12.265007019042969,0.744274377822876,False
2208,-36.385765075683594,0.3796112537384033,15.274169921875,0.5446004271507263,12.274911880493164,0.4621058404445648,False
2209,-35.08867645263672,0.7822783589363098,15.143928527832031,0.5162471532821655,12.324095726013184,0.6492627859115601,False
2210,-33.251487731933594,1.3526135683059692,16.000810623168945,0.7027885913848877,12.420825004577637,1.0277011394500732,False
2211,-33.108741760253906,1.3969275951385498,18.77631950378418,1.3070111274719238,12.225164413452148,1.3519693613052368,False
2212,-33.156925201416016,1.3819695711135864,17.818767547607422,1.098554015159607,12.304489135742188,1.2402617931365967,False
2213,-32.561309814453125,1.5668718814849854,18.421247482299805,1.229712724685669,12.255081176757812,1.3982923030853271,False
2214,-32.96994400024414,1.4400157928466797,14.611351013183594,0.4003061354160309,12.405491828918457,0.9201609492301941,False
2215,-32.57306671142578,1.563222050666809,13.099180221557617,0.07110970467329025,12.333866119384766,0.8171658515930176,False
2216,-35.23246765136719,0.7376399040222168,14.338408470153809,0.3408871293067932,12.46839427947998,0.5392634868621826,False
2217,-35.498130798339844,0.6551676988601685,13.72107982635498,0.2064959555864334,12.315282821655273,0.43083181977272034,False
2218,-35.04852294921875,0.794743537902832,15.488606452941895,0.591282844543457,12.245131492614746,0.6930131912231445,False
2219,-34.60773468017578,0.9315814971923828,12.180049896240234,-0.1289830505847931,12.392032623291016,0.40129923820495605,False
2220,-34.53630828857422,0.9537550210952759,13.054893493652344,0.06146857887506485,12.265996932983398,0.5076118111610413,False
2221,-35.67694091796875,0.5996580123901367,13.398521423339844,0.13627566397190094,12.265996932983398,0.36796683073043823,False
2222,-36.16064453125,0.4494974911212921,14.967772483825684,0.47789835929870605,12.265007019042969,0.4636979103088379,False
2223,-34.386383056640625,1.0002976655960083,17.043588638305664,0.9297991991043091,12.195038795471191,0.9650484323501587,False
2224,-33.633914947509766,1.2338932752609253,19.574289321899414,1.4807275533676147,12.245131492614746,1.35731041431427,False
2225,-33.86608123779297,1.1618196964263916,21.481712341308594,1.8959695100784302,12.333866119384766,1.5288946628570557,False
2226,-34.19608688354492,1.0593730211257935,17.22701644897461,0.9697310924530029,12.294652938842773,1.014552116394043,False
2227,-33.72731018066406,1.2048996686935425,11.784683227539062,-0.21505355834960938,12.363046646118164,0.49492305517196655,False
2228,-34.781307220458984,0.877697765827179,12.448495864868164,-0.07054292410612106,12.353342056274414,0.40357741713523865,False
2229,-36.720863342285156,0.2755836546421051,15.545818328857422,0.6037377119064331,12.265007019042969,0.4396606683731079,False
2230,-36.17924880981445,0.4437220096588135,13.52063274383545,0.16285905241966248,12.343615531921387,0.30329054594039917,False
2231,-36.03716278076172,0.4878310561180115,14.524923324584961,0.3814910054206848,12.072406768798828,0.43466103076934814,False
2232,-36.294273376464844,0.40801388025283813,16.558429718017578,0.8241811394691467,12.265007019042969,0.6160975098609924,False
2233,-36.01530838012695,0.4946155250072479,15.432270050048828,0.5790185332298279,12.174839973449707,0.5368170142173767,False
2234,-35.97248077392578,0.5079109072685242,13.921557426452637,0.2501395046710968,12.195038795471191,0.3790252208709717,False
2235,-36.38120651245117,0.38102641701698303,13.632429122924805,0.18719688057899475,12.174839973449707,0.2841116487979889,False
2236,-36.61116409301758,0.3096385896205902,13.849688529968262,0.23449380695819855,12.225164413452148,0.272066205739975,False
2237,-36.90928268432617,0.2170909196138382,14.568686485290527,0.3910181522369385,12.459868431091309,0.30405452847480774,False
2238,-36.86775588989258,0.22998245060443878,14.662640571594238,0.41147178411483765,12.515445709228516,0.3207271099090576,False
2239,-36.34212112426758,0.39316004514694214,15.120841979980469,0.5112212896347046,12.43991470336914,0.45219066739082336,False
2240,-36.37519073486328,0.38289394974708557,14.476096153259277,0.3708614408969879,12.315282821655273,0.37687769532203674,False
2241,-37.89094924926758,-0.08765680342912674,13.547135353088379,0.16862860321998596,12.225164413452148,0.04048589989542961,False
2242,-37.957923889160156,-0.10844834893941879,13.151552200317383,0.08251097798347473,12.184951782226562,-0.01296868547797203,False
2243,-37.5858039855957,0.007072229404002428,14.530787467956543,0.38276761770248413,12.144363403320312,0.19491992890834808,False
2244,-37.84341049194336,-0.07289890944957733,14.95250129699707,0.47457385063171387,12.294652938842773,0.20083746314048767,False
2245,-37.290367126464844,0.09878738969564438,15.692816734313965,0.6357389688491821,12.144363403320312,0.36726316809654236,False
2246,-37.14261245727539,0.1446562260389328,15.912604331970215,0.6835862994194031,12.232361793518066,0.41412127017974854,False
2247,-37.3599853515625,0.07717517018318176,16.2271728515625,0.7520672082901001,12.205103874206543,0.41462117433547974,False
2248,-37.32435607910156,0.08823589235544205,15.361106872558594,0.563526451587677,12.245131492614746,0.3258811831474304,False
2249,-36.78307342529297,0.25627121329307556,13.402090072631836,0.13705255091190338,12.164703369140625,0.19666188955307007,False
2250,-36.96163558959961,0.20083852112293243,15.23327922821045,0.535698652267456,12.265007019042969,0.36826857924461365,False
2251,-37.25004577636719,0.11130471527576447,17.361425399780273,0.9989916086196899,12.2151460647583,0.555148184299469,False
2252,-37.151851654052734,0.14178802073001862,15.770763397216797,0.6527078151702881,12.265007019042969,0.39724791049957275,False
2253,-36.95707321166992,0.20225486159324646,15.693866729736328,0.6359675526618958,12.195038795471191,0.4191111922264099,False
2254,-36.72610092163086,0.2739576995372772,17.34642219543457,0.9957254528999329,12.294652938842773,0.6348415613174438,False
2255,-36.686622619628906,0.28621330857276917,19.753320693969727,1.5197023153305054,12.236156463623047,0.9029577970504761,False
2256,-36.984527587890625,0.19373194873332977,18.318029403686523,1.2072423696517944,12.245131492614746,0.7004871368408203,False
2257,-37.39310836791992,0.06689248979091644,16.395267486572266,0.7886610627174377,12.235159873962402,0.4277767837047577,False
2258,-36.898128509521484,0.22055360674858093,15.752890586853027,0.6488169431686401,12.265007019042969,0.43468528985977173,False
2259,-37.2205696105957,0.12045527249574661,17.790348052978516,1.092367172241211,12.226163864135742,0.6064112186431885,False
2260,-36.915523529052734,0.2151535153388977,17.07849884033203,0.9373990893363953,12.31430435180664,0.5762763023376465,False
2261,-36.00767517089844,0.49698516726493835,14.798619270324707,0.44107404351234436,12.195038795471191,0.46902960538864136,False
2262,-36.81602478027344,0.24604181945323944,15.21442699432373,0.5315945148468018,12.225164413452148,0.3888181746006012,False
2263,-36.71498107910156,0.27740973234176636,14.352433204650879,0.34394028782844543,12.144363403320312,0.3106750249862671,False
2264,-36.30376434326172,0.405067503452301,13.005805015563965,0.05078211799263954,12.205103874206543,0.22792480885982513,False
2265,-36.177860260009766,0.4441530704498291,12.541007995605469,-0.05040322616696358,12.184951782226562,0.19687491655349731,False
2266,-37.0804557800293,0.1639520823955536,13.011883735656738,0.05210544541478157,12.246126174926758,0.10802876204252243,False
2267,-36.50957489013672,0.3411758542060852,12.262529373168945,-0.11102744191884995,12.113670349121094,0.11507420241832733,False
2268,-36.16555404663086,0.4479734003543854,10.533568382263184,-0.48741865158081055,12.294652938842773,-0.019722625613212585,False
2269,-36.36262893676758,0.3867936432361603,11.310453414916992,-0.31829240918159485,12.154545783996582,0.034250617027282715,False
2270,-37.0524787902832,0.1726372390985489,12.043450355529785,-0.1587204933166504,12.195038795471191,0.006958372890949249,False
2271,-37.09661102294922,0.15893687307834625,12.5239896774292,-0.05410807952284813,12.2151460647583,0.05241439491510391,False
2272,-37.45140075683594,0.04879625141620636,10.9904146194458,-0.3879641890525818,12.205103874206543,-0.1695839762687683,False
2273,-36.94630432128906,0.20559795200824738,11.943075180053711,-0.18057195842266083,12.294652938842773,0.012512996792793274,False
2274,-36.12361526489258,0.46099281311035156,12.233302116394043,-0.11739015579223633,12.333866119384766,0.17180132865905762,False
2275,-35.830589294433594,0.5519595742225647,13.427696228027344,0.14262695610523224,12.31430435180664,0.34729325771331787,False
2276,-35.55476379394531,0.6375865936279297,13.322134971618652,0.11964648962020874,12.304489135742188,0.3786165416240692,False
2277,-34.5980110168457,0.9346001148223877,15.248741149902344,0.5390646457672119,12.225164413452148,0.7368323802947998,False
2278,-34.20976638793945,1.055126428604126,16.494802474975586,0.8103296160697937,12.2151460647583,0.9327280521392822,False
2279,-34.0164794921875,1.1151301860809326,15.520017623901367,0.5981209874153137,12.253092765808105,0.8566255569458008,False
2280,-32.950538635253906,1.4460400342941284,14.892606735229492,0.46153491735458374,12.392032623291016,0.9537874460220337,False
2281,-33.11333084106445,1.3955029249191284,15.687969207763672,0.6346836686134338,12.373696327209473,1.0150933265686035,False
2282,-33.587791442871094,1.2482117414474487,15.685151100158691,0.6340702176094055,12.236156463623047,0.9411410093307495,False
2283,-33.559635162353516,1.2569526433944702,17.200910568237305,0.9640478491783142,12.265007019042969,1.1105002164840698,False
2284,-32.77801513671875,1.4995980262756348,18.512144088745117,1.2495006322860718,12.324095726013184,1.374549388885498,False
2285,-32.24049377441406,1.6664656400680542,19.47303009033203,1.4586836099624634,12.255081176757812,1.5625746250152588,False
2286,-31.62772560119629,1.856692910194397,20.029129028320312,1.5797451734542847,12.411249160766602,1.7182190418243408,False
2287,-31.091310501098633,2.02321720123291,19.551382064819336,1.475740671157837,12.275899887084961,1.7494789361953735,False
2288,-31.278392791748047,1.9651395082473755,18.383663177490234,1.2215306758880615,12.28479290008545,1.5933351516723633,False
2289,-31.871631622314453,1.7809749841690063,18.88072395324707,1.3297398090362549,12.255081176757812,1.5553574562072754,False
2290,-31.49915313720703,1.8966068029403687,19.422290802001953,1.4476377964019775,12.265007019042969,1.6721222400665283,False
2291,-31.613792419433594,1.8610183000564575,18.494304656982422,1.2456170320510864,12.304489135742188,1.553317666053772,False
2292,-31.153043746948242,2.0040526390075684,20.495494842529297,1.681272029876709,12.333866119384766,1.8426623344421387,False
2293,-30.864274978637695,2.0936977863311768,20.27394676208496,1.633041501045227,12.364014625549316,1.8633697032928467,False
2294,-30.81270980834961,2.109705686569214,20.48639488220215,1.679291009902954,12.294652938842773,1.894498348236084,False
2295,-29.81502914428711,2.4194247722625732,21.266721725463867,1.8491665124893188,12.411249160766602,2.134295701980591,False
2296,-29.98523712158203,2.3665854930877686,21.04935646057129,1.8018465042114258,12.294652938842773,2.0842161178588867,False
2297,-30.038549423217773,2.3500354290008545,21.726688385009766,1.9493002891540527,12.524795532226562,2.149667739868164,False
2298,-29.506454467773438,2.515218496322632,20.543880462646484,1.6918054819107056,12.496685981750488,2.1035120487213135,False
2299,-29.249656677246094,2.5949385166168213,20.611400604248047,1.706504464149475,12.420825004577637,2.150721549987793,False
2300,-28.703121185302734,2.7646045684814453,22.468873977661133,2.110872507095337,12.392993927001953,2.4377384185791016,False
2301,-29.18499755859375,2.615011215209961,21.331390380859375,1.8632447719573975,12.315282821655273,2.2391281127929688,False
2302,-29.373821258544922,2.5563929080963135,23.744281768798828,2.388526201248169,12.458921432495117,2.472459554672241,False
2303,-29.627723693847656,2.477571725845337,23.987674713134766,2.4415123462677,12.458921432495117,2.4595420360565186,False
2304,-30.05799674987793,2.3439981937408447,22.5032958984375,2.118366241455078,12.44942855834961,2.231182098388672,False
2305,-29.680265426635742,2.4612607955932617,24.183578491210938,2.4841601848602295,12.353342056274414,2.472710609436035,False
2306,-29.688520431518555,2.458698034286499,23.9833984375,2.4405813217163086,12.294652938842773,2.4496397972106934,False
2307,-29.883676528930664,2.398113965988159,24.328224182128906,2.5156493186950684,12.333866119384766,2.456881523132324,False
2308,-29.801067352294922,2.4237592220306396,24.83172607421875,2.625260591506958,12.477845191955566,2.524509906768799,False
2309,-28.863208770751953,2.714907169342041,24.36916732788086,2.524562358856201,12.43991470336914,2.619734764099121,False
2310,-28.7266788482666,2.757291316986084,23.92340087890625,2.4275200366973877,12.487276077270508,2.5924057960510254,False
2311,-29.34194564819336,2.566288471221924,23.584062576293945,2.353646755218506,12.355284690856934,2.459967613220215,False
2312,-29.81150245666504,2.4205195903778076,23.569046020507812,2.3503777980804443,12.382391929626465,2.385448694229126,False
2313,-29.03012466430664,2.6630899906158447,22.28067970275879,2.0699031352996826,12.496685981750488,2.3664965629577637,False
2314,-29.180213928222656,2.6164963245391846,21.389009475708008,1.8757883310317993,12.487276077270508,2.2461423873901367,False
2315,-30.346654891967773,2.254387378692627,21.544612884521484,1.9096628427505493,12.3543119430542,2.0820250511169434,False
2316,-29.910324096679688,2.3898415565490723,19.810335159301758,1.5321141481399536,12.382391929626465,1.9609777927398682,False
2317,-30.41889190673828,2.231962203979492,20.29051971435547,1.6366493701934814,12.344588279724121,1.9343057870864868,False
2318,-29.545021057128906,2.5032458305358887,21.919191360473633,1.9912078380584717,12.304489135742188,2.2472267150878906,False
2319,-30.644325256347656,2.1619789600372314,20.51705551147461,1.6859657764434814,12.372730255126953,1.9239723682403564,False
2320,-29.950958251953125,2.3772270679473877,22.616291046142578,2.1429648399353027,12.294652938842773,2.2600960731506348,False
2321,-29.578001022338867,2.4930076599121094,21.74986457824707,1.954345703125,12.363046646118164,2.2236766815185547,False
2322,-29.257369995117188,2.5925440788269043,22.619890213012695,2.1437485218048096,12.401651382446289,2.3681464195251465,False
2323,-28.657163619995117,2.778871536254883,22.44646644592285,2.105994462966919,12.304489135742188,2.4424328804016113,False
2324,-29.716224670410156,2.4500975608825684,22.452245712280273,2.107252597808838,12.364014625549316,2.278675079345703,False
2325,-29.798442840576172,2.4245738983154297,22.399688720703125,2.095811128616333,12.324095726013184,2.260192394256592,False
2326,-28.921344757080078,2.696859359741211,22.39124298095703,2.0939724445343018,12.43991470336914,2.395415782928467,False
2327,-29.4451847076416,2.5342390537261963,22.27463722229004,2.0685875415802,12.325072288513184,2.3014132976531982,False
2328,-29.93628692626953,2.381781578063965,23.296049118041992,2.2909469604492188,12.304489135742188,2.336364269256592,False
2329,-30.500755310058594,2.2065486907958984,23.25969696044922,2.2830331325531006,12.236156463623047,2.244791030883789,False
2330,-29.489667892456055,2.5204296112060547,21.4197998046875,1.8824913501739502,12.333866119384766,2.201460361480713,False
2331,-29.64048957824707,2.4736087322235107,21.879283905029297,1.9825199842453003,12.353342056274414,2.2280642986297607,False
2332,-29.79437828063965,2.425835609436035,22.317039489746094,2.0778183937072754,12.2151460647583,2.2518270015716553,False
2333,-29.455305099487305,2.531097173690796,21.16402244567871,1.826809048652649,12.185959815979004,2.178953170776367,False
2334,-30.54482078552246,2.192868947982788,19.740680694580078,1.5169506072998047,12.226163864135742,1.8549097776412964,False
2335,-30.379257202148438,2.2442662715911865,18.93279457092285,1.3410754203796387,12.274911880493164,1.7926708459854126,False
2336,-30.875093460083008,2.090339422225952,20.43778419494629,1.6687085628509521,12.44942855834961,1.8795239925384521,False
2337,-31.222349166870117,1.9825376272201538,20.24800682067871,1.627394437789917,12.372730255126953,1.8049659729003906,False
2338,-31.585041046142578,1.8699438571929932,22.804170608520508,2.183866024017334,12.382391929626465,2.026905059814453,False
2339,-30.83076286315918,2.1041014194488525,22.28679084777832,2.0712335109710693,12.275899887084961,2.087667465209961,False
2340,-30.850831985473633,2.0978710651397705,19.77116584777832,1.5235871076583862,12.294652938842773,1.8107290267944336,False
2341,-29.656068801879883,2.4687724113464355,19.874622344970703,1.5461093187332153,12.31430435180664,2.0074408054351807,False
2342,-30.012304306030273,2.358182907104492,21.43023681640625,1.8847633600234985,12.265007019042969,2.1214730739593506,False
2343,-30.74598503112793,2.1304197311401367,20.738574981689453,1.7341901063919067,12.343615531921387,1.932304859161377,False
2344,-30.195295333862305,2.301375389099121,20.397762298583984,1.6599959135055542,12.375436782836914,1.9806857109069824,False
2345,-30.020647048950195,2.355592966079712,18.008525848388672,1.1398640871047974,12.2151460647583,1.7477285861968994,False
2346,-30.269468307495117,2.2783491611480713,18.236127853393555,1.1894124746322632,12.265007019042969,1.7338807582855225,False
2347,-30.827205657958984,2.105205535888672,19.141584396362305,1.386528491973877,12.256073951721191,1.7458670139312744,False
2348,-30.705673217773438,2.1429340839385986,21.463804244995117,1.892071008682251,12.353342056274414,2.017502546310425,False
2349,-30.69561004638672,2.1460580825805664,22.276784896850586,2.0690550804138184,12.420825004577637,2.1075565814971924,False
2350,-30.99835968017578,2.052072763442993,20.26592254638672,1.63129460811615,12.401651382446289,1.8416836261749268,False
2351,-29.71587371826172,2.4502065181732178,19.15887451171875,1.3902925252914429,12.411249160766602,1.9202494621276855,False
2352,-30.002534866333008,2.361215829849243,17.476898193359375,1.024129867553711,12.275899887084961,1.692672848701477,False
2353,-30.222118377685547,2.29304838180542,18.221181869506836,1.1861587762832642,12.265007019042969,1.7396035194396973,False
2354,-30.91669273376465,2.077425241470337,17.732927322387695,1.0798667669296265,12.294652938842773,1.578645944595337,False
2355,-32.00809860229492,1.7386102676391602,18.43207359313965,1.232069492340088,12.245131492614746,1.485339879989624,False
2356,-30.93349266052246,2.0722100734710693,18.270923614501953,1.196987509727478,12.294652938842773,1.634598731994629,False
2357,-31.94667625427246,1.7576781511306763,19.21489143371582,1.4024872779846191,12.245131492614746,1.580082654953003,False
2358,-31.8350830078125,1.7923210859298706,18.172725677490234,1.175610065460205,12.353342056274414,1.4839656352996826,False
2359,-30.793615341186523,2.115633487701416,17.096532821655273,0.9413250684738159,12.30547046661377,1.5284793376922607,False
2360,-30.851234436035156,2.0977461338043213,17.098899841308594,0.9418403506278992,12.372730255126953,1.5197932720184326,False
2361,-31.560253143310547,1.8776390552520752,16.804872512817383,0.877831220626831,12.304489135742188,1.3777351379394531,False
2362,-30.59617805480957,2.1769256591796875,18.841115951538086,1.3211171627044678,12.255081176757812,1.7490214109420776,False
2363,-31.128463745117188,2.011683225631714,20.8475399017334,1.7579115629196167,12.236156463623047,1.8847973346710205,False
2364,-31.90399932861328,1.7709267139434814,21.24757194519043,1.8449976444244385,12.382391929626465,1.80796217918396,False
2365,-30.88820457458496,2.0862691402435303,19.47355079650879,1.4587969779968262,12.174839973449707,1.7725330591201782,False
2366,-29.63910675048828,2.4740381240844727,19.593584060668945,1.4849278926849365,12.294652938842773,1.9794830083847046,False
2367,-30.16524887084961,2.3107028007507324,19.66683006286621,1.5008734464645386,12.401651382446289,1.9057881832122803,False
2368,-29.821313858032227,2.417473793029785,21.55543327331543,1.9120184183120728,12.364014625549316,2.164746046066284,False
2369,-30.43984603881836,2.225457191467285,20.430496215820312,1.6671220064163208,12.334840774536133,1.9462895393371582,False
2370,-30.82293128967285,2.106532573699951,20.113101959228516,1.598025918006897,12.31430435180664,1.8522791862487793,False
2371,-30.521244049072266,2.200188159942627,19.549367904663086,1.4753022193908691,12.333866119384766,1.837745189666748,False
2372,-30.380102157592773,2.244004011154175,20.090150833129883,1.593029499053955,12.363046646118164,1.918516755104065,False
2373,-30.85131072998047,2.0977225303649902,20.01044464111328,1.5756776332855225,12.255081176757812,1.8367000818252563,False
2374,-31.079669952392578,2.0268309116363525,20.021146774291992,1.578007459640503,12.235159873962402,1.8024191856384277,False
2375,-30.693897247314453,2.146589756011963,20.99258804321289,1.7894881963729858,12.255081176757812,1.9680390357971191,False
2376,-30.4467830657959,2.22330379486084,20.569862365722656,1.697461724281311,12.415465354919434,1.9603826999664307,False
2377,-31.147382736206055,2.005810022354126,19.222492218017578,1.4041420221328735,12.420825004577637,1.7049760818481445,False
2378,-30.85165023803711,2.0976171493530273,18.035337448120117,1.1457009315490723,12.205103874206543,1.6216590404510498,False
2379,-31.314613342285156,1.9538952112197876,18.8999080657959,1.3339160680770874,12.235159873962402,1.6439056396484375,False
2380,-31.32164192199707,1.9517133235931396,18.359285354614258,1.2162237167358398,12.31430435180664,1.5839685201644897,False
2381,-31.263954162597656,1.9696217775344849,17.334272384643555,0.9930804967880249,12.2151460647583,1.4813511371612549,False
2382,-31.300498962402344,1.9582768678665161,17.377513885498047,1.0024940967559814,12.28479290008545,1.4803855419158936,False
2383,-31.737842559814453,1.8225083351135254,18.209510803222656,1.1836180686950684,12.28479290008545,1.5030632019042969,False
2384,-31.57909393310547,1.8717900514602661,20.514894485473633,1.6854952573776245,12.363046646118164,1.7786426544189453,False
2385,-31.460447311401367,1.9086226224899292,20.73646354675293,1.733730435371399,12.255081176757812,1.821176528930664,False
2386,-30.672391891479492,2.153265953063965,18.822725296020508,1.3171135187149048,12.44942855834961,1.73518967628479,False
2387,-30.6551456451416,2.1586198806762695,19.547739028930664,1.4749475717544556,12.324095726013184,1.8167836666107178,False
2388,-30.993511199951172,2.0535778999328613,20.23263168334961,1.6240472793579102,12.31430435180664,1.8388125896453857,False
2389,-31.321256637573242,1.951832890510559,19.87352180480957,1.5458698272705078,12.255081176757812,1.7488512992858887,False
2390,-31.446401596069336,1.9129829406738281,20.596721649169922,1.7033089399337769,12.225164413452148,1.8081459999084473,False
2391,-30.80650520324707,2.1116318702697754,21.00680923461914,1.7925840616226196,12.274911880493164,1.9521079063415527,False
2392,-30.362014770507812,2.2496190071105957,19.688926696777344,1.5056837797164917,12.31430435180664,1.8776514530181885,False
2393,-30.61509895324707,2.1710517406463623,20.10096549987793,1.5953837633132935,12.343615531921387,1.8832178115844727,False
2394,-31.723909378051758,1.826833724975586,19.450294494628906,1.453734040260315,12.598877906799316,1.6402838230133057,False
2395,-31.52190589904785,1.8895435333251953,20.67926025390625,1.7212773561477661,12.294652938842773,1.805410385131836,False
2396,-31.028738021850586,2.042642116546631,19.033733367919922,1.3630496263504028,12.294652938842773,1.702845811843872,False
2397,-30.685529708862305,2.1491873264312744,21.461565017700195,1.8915834426879883,12.304489135742188,2.020385265350342,False
2398,-31.198640823364258,1.989897608757019,21.277101516723633,1.851426124572754,12.245131492614746,1.9206619262695312,False
2399,-31.444705963134766,1.9135093688964844,22.1125545501709,2.0333025455474854,12.245131492614746,1.9734059572219849,False
2400,-30.98535919189453,2.0561084747314453,22.14056968688965,2.0394012928009033,12.430380821228027,2.0477547645568848,False
2401,-31.089130401611328,2.0238938331604004,21.68931007385254,1.9411630630493164,12.411249160766602,1.9825284481048584,False
2402,-29.536848068237305,2.5057830810546875,20.870153427124023,1.7628344297409058,12.343615531921387,2.1343088150024414,False
2403,-29.024993896484375,2.664682626724243,20.612598419189453,1.7067651748657227,12.256073951721191,2.1857237815856934,False
2404,-29.07777214050293,2.6482982635498047,20.790048599243164,1.7453957796096802,12.363046646118164,2.1968469619750977,False
2405,-29.4227237701416,2.5412118434906006,19.195327758789062,1.398228406906128,12.382391929626465,1.9697201251983643,False
2406,-29.05084991455078,2.65665602684021,19.460628509521484,1.4559837579727173,12.324095726013184,2.0563199520111084,False
2407,-30.020959854125977,2.3554959297180176,19.107324600219727,1.3790702819824219,12.265007019042969,1.8672831058502197,False
2408,-30.911787033081055,2.0789482593536377,18.50009536743164,1.246877670288086,12.333866119384766,1.6629129648208618,False
2409,-30.180400848388672,2.3059990406036377,19.457984924316406,1.4554082155227661,12.263421058654785,1.8807036876678467,False
2410,-30.195436477661133,2.3013315200805664,19.727006912231445,1.5139738321304321,12.561994552612305,1.9076526165008545,False
2411,-30.782060623168945,2.119220495223999,20.526514053344727,1.688024878501892,12.372730255126953,1.9036226272583008,False
2412,-30.841350555419922,2.1008145809173584,19.894725799560547,1.5504858493804932,12.363046646118164,1.8256502151489258,False
2413,-30.598737716674805,2.176131010055542,19.846765518188477,1.5400450229644775,12.274911880493164,1.8580880165100098,False
2414,-29.800922393798828,2.4238040447235107,20.766714096069336,1.7403159141540527,12.31430435180664,2.082059860229492,False
2415,-29.768775939941406,2.433783531188965,21.78728485107422,1.9624919891357422,12.265007019042969,2.1981377601623535,False
2416,-29.99152183532715,2.3646345138549805,21.299571990966797,1.8563179969787598,12.333866119384766,2.11047625541687,False
2417,-29.593292236328125,2.4882607460021973,21.161746978759766,1.8263137340545654,12.31430435180664,2.157287120819092,False
2418,-29.92858123779297,2.38417387008667,19.429500579833984,1.4492073059082031,12.353342056274414,1.9166905879974365,False
2419,-30.58031463623047,2.1818501949310303,21.444005966186523,1.887760877609253,12.325072288513184,2.0348055362701416,False
2420,-30.233226776123047,2.289599895477295,22.147905349731445,2.0409984588623047,12.225164413452148,2.1652991771698,False
2421,-30.116167068481445,2.325939893722534,22.957595825195312,2.217266321182251,12.364014625549316,2.2716031074523926,False
2422,-29.727121353149414,2.4467148780822754,22.622211456298828,2.144253730773926,12.333866119384766,2.2954843044281006,False
2423,-30.239652633666992,2.287605047225952,21.471540451049805,1.8937550783157349,12.304489135742188,2.0906801223754883,False
2424,-29.913522720336914,2.3888485431671143,22.234777450561523,2.059910297393799,12.155561447143555,2.224379539489746,False
2425,-29.928325653076172,2.3842532634735107,22.38715934753418,2.093083381652832,12.353342056274414,2.238668441772461,False
2426,-30.92435073852539,2.0750479698181152,22.261255264282227,2.065674304962158,12.255081176757812,2.0703611373901367,False
2427,-29.600860595703125,2.4859111309051514,21.839427947998047,1.9738434553146362,12.543435096740723,2.229877233505249,False
2428,-30.25657081604004,2.282352924346924,21.131315231323242,1.8196887969970703,12.431333541870117,2.051020860671997,False
2429,-30.3760986328125,2.2452468872070312,20.2888126373291,1.6362777948379517,12.245131492614746,1.9407622814178467,False
2430,-30.99848747253418,2.052032947540283,21.519472122192383,1.9041897058486938,12.3543119430542,1.9781112670898438,False
2431,-30.942493438720703,2.069415807723999,21.7569637298584,1.9558911323547363,12.411249160766602,2.012653350830078,False
2432,-29.526527404785156,2.5089869499206543,21.980003356933594,2.004446506500244,12.225164413452148,2.256716728210449,False
2433,-29.762435913085938,2.4357519149780273,22.656862258911133,2.151797294616699,12.274911880493164,2.2937746047973633,False
2434,-29.99209976196289,2.364455223083496,22.355728149414062,2.0862410068511963,12.43991470336914,2.2253479957580566,False
2435,-29.8648681640625,2.4039528369903564,22.441877365112305,2.1049954891204834,12.343615531921387,2.25447416305542,False
2436,-29.98187828063965,2.367628335952759,22.686063766479492,2.158154249191284,12.245131492614746,2.2628912925720215,False
2437,-30.033367156982422,2.351644277572632,21.960790634155273,2.0002639293670654,12.235159873962402,2.1759541034698486,False
2438,-30.230060577392578,2.2905828952789307,21.977550506591797,2.0039124488830566,12.401651382446289,2.147247791290283,False
2439,-29.95159149169922,2.377030611038208,21.544395446777344,1.9096155166625977,12.420825004577637,2.1433229446411133,False
2440,-30.199434280395508,2.3000903129577637,22.93289566040039,2.2118890285491943,12.353342056274414,2.2559895515441895,False
2441,-30.125059127807617,2.3231794834136963,23.514802932739258,2.338569164276123,12.284003257751465,2.330874443054199,False
2442,-30.361263275146484,2.249852418899536,22.694320678710938,2.15995192527771,12.392032623291016,2.204902172088623,False
2443,-30.42341423034668,2.230558395385742,22.215312957763672,2.0556728839874268,12.225164413452148,2.143115520477295,False
2444,-30.344022750854492,2.255204439163208,24.336963653564453,2.517551898956299,12.401651382446289,2.386378288269043,False
2445,-29.319908142089844,2.573129653930664,24.748231887817383,2.607084035873413,12.294652938842773,2.590106964111328,False
2446,-28.382673263549805,2.864084243774414,26.120994567871094,2.9059317111968994,12.401651382446289,2.885007858276367,False
2447,-31.0388126373291,2.0395145416259766,24.838340759277344,2.6267006397247314,12.477845191955566,2.3331074714660645,False
2448,-30.071189880371094,2.339902400970459,26.16288948059082,2.9150521755218506,12.645452499389648,2.6274771690368652,False
2449,-29.436288833618164,2.5370006561279297,24.932538986206055,2.647207260131836,12.478788375854492,2.592103958129883,False
2450,-30.117420196533203,2.3255507946014404,23.211959838867188,2.2726407051086426,12.382391929626465,2.299095630645752,False
2451,-30.142436981201172,2.317784547805786,21.265819549560547,1.8489701747894287,12.31430435180664,2.0833773612976074,False
2452,-30.99774169921875,2.052264451980591,21.624080657958984,1.9269628524780273,12.363046646118164,1.989613652229309,False
2453,-30.81047821044922,2.110398530960083,22.987531661987305,2.223783254623413,12.382391929626465,2.167090892791748,False
2454,-30.137685775756836,2.3192596435546875,21.447866439819336,1.888601303100586,12.245131492614746,2.1039304733276367,False
2455,-31.09488296508789,2.0221080780029297,22.24627113342285,2.0624125003814697,12.477845191955566,2.04226016998291,False
2456,-30.272842407226562,2.277301788330078,22.137590408325195,2.038752794265747,12.420825004577637,2.158027172088623,False
2457,-30.824634552001953,2.106003761291504,22.095722198486328,2.0296382904052734,12.245131492614746,2.0678210258483887,False
2458,-30.531105041503906,2.197126865386963,23.267061233520508,2.2846362590789795,12.372730255126953,2.2408814430236816,False
2459,-30.339078903198242,2.256739377975464,20.94711685180664,1.7795891761779785,12.344588279724121,2.0181641578674316,False
2460,-30.93697166442871,2.0711300373077393,20.09111213684082,1.5932387113571167,12.478788375854492,1.8321843147277832,False
2461,-31.154449462890625,2.0036163330078125,19.617277145385742,1.4900858402252197,12.2151460647583,1.7468510866165161,False
2462,-31.337181091308594,1.9468892812728882,19.109207153320312,1.3794801235198975,12.31430435180664,1.663184642791748,False
2463,-31.845792770385742,1.7889963388442993,17.790931701660156,1.092494249343872,12.205103874206543,1.4407453536987305,False
2464,-32.96782684326172,1.4406729936599731,17.392356872558594,1.005725383758545,12.344588279724121,1.2231991291046143,False
2465,-32.45331573486328,1.6003974676132202,18.0443058013916,1.1476532220840454,12.225164413452148,1.3740253448486328,False
2466,-31.61908721923828,1.8593746423721313,18.583450317382812,1.265023946762085,12.30547046661377,1.562199354171753,False
2467,-31.824859619140625,1.795494794845581,18.5638370513916,1.260754108428955,12.226163864135742,1.528124451637268,False
2468,-32.22272872924805,1.671980619430542,20.37195587158203,1.654377818107605,12.255081176757812,1.6631791591644287,False
2469,-32.165279388427734,1.6898151636123657,20.3074893951416,1.6403436660766602,12.28479290008545,1.6650793552398682,False
2470,-31.40949821472168,1.9244391918182373,20.024639129638672,1.5787677764892578,12.31430435180664,1.7516034841537476,False
2471,-32.1754264831543,1.6866651773452759,18.262300491333008,1.1951102018356323,12.324095726013184,1.440887689590454,False
2472,-32.50846862792969,1.5832757949829102,18.505813598632812,1.2481225728988647,12.274911880493164,1.4156992435455322,False
2473,-32.454139709472656,1.6001416444778442,19.493940353393555,1.4632357358932495,12.174839973449707,1.5316886901855469,False
2474,-31.561357498168945,1.8772962093353271,19.659284591674805,1.4992307424545288,12.284003257751465,1.6882634162902832,False
2475,-31.72931480407715,1.8251556158065796,19.90477180480957,1.5526728630065918,12.245131492614746,1.6889142990112305,False
2476,-31.300098419189453,1.9584012031555176,18.494081497192383,1.2455685138702393,12.164703369140625,1.6019848585128784,False
2477,-32.69572448730469,1.5251442193984985,19.175445556640625,1.3939000368118286,12.31430435180664,1.4595221281051636,False
2478,-31.811893463134766,1.7995200157165527,18.279390335083008,1.1988307237625122,12.236156463623047,1.4991753101348877,False
2479,-32.1836051940918,1.6841261386871338,19.948043823242188,1.5620930194854736,12.524795532226562,1.6231095790863037,False
2480,-31.50834083557129,1.8937546014785767,20.344552993774414,1.6484123468399048,12.343615531921387,1.7710834741592407,False
2481,-30.845916748046875,2.0993969440460205,20.035320281982422,1.5810929536819458,12.334840774536133,1.840245008468628,False
2482,-30.798980712890625,2.1139676570892334,20.120161056518555,1.599562644958496,12.265007019042969,1.8567651510238647,False
2483,-30.748937606811523,2.129503011703491,20.72784423828125,1.73185396194458,12.235159873962402,1.9306784868240356,False
2484,-31.237098693847656,1.9779587984085083,18.836233139038086,1.3200541734695435,12.123924255371094,1.6490064859390259,False
2485,-31.135839462280273,2.0093936920166016,17.923948287963867,1.121451735496521,12.245131492614746,1.565422773361206,False
2486,-31.909421920776367,1.7692433595657349,20.05539321899414,1.5854628086090088,12.324095726013184,1.6773531436920166,False
2487,-32.01971435546875,1.7350043058395386,18.922767639160156,1.3388925790786743,12.235159873962402,1.5369484424591064,False
2488,-32.359554290771484,1.629504680633545,17.859289169311523,1.1073755025863647,12.255081176757812,1.3684401512145996,False
2489,-32.35625076293945,1.6305302381515503,17.79522132873535,1.093428134918213,12.155561447143555,1.3619792461395264,False
2490,-32.228416442871094,1.6702150106430054,17.639095306396484,1.059439778327942,12.225164413452148,1.3648273944854736,False
2491,-32.44749069213867,1.602205753326416,17.11869239807129,0.9461491703987122,12.164703369140625,1.2741774320602417,False
2492,-33.15168380737305,1.383596658706665,18.013172149658203,1.1408755779266357,12.44942855834961,1.2622361183166504,False
2493,-32.52042007446289,1.5795656442642212,17.987255096435547,1.1352334022521973,12.324095726013184,1.3573994636535645,False
2494,-31.968046188354492,1.7510440349578857,16.041261672973633,0.7115947008132935,12.383356094360352,1.2313194274902344,False
2495,-32.93174743652344,1.451873540878296,15.990296363830566,0.7004996538162231,12.324095726013184,1.0761866569519043,False
2496,-32.99501037597656,1.4322341680526733,18.43061637878418,1.2317522764205933,12.28479290008545,1.3319932222366333,False
2497,-31.79022216796875,1.806247591972351,19.07923126220703,1.3729543685913086,12.392032623291016,1.5896010398864746,False
2498,-32.17780685424805,1.6859261989593506,20.409507751464844,1.662552833557129,12.333866119384766,1.6742395162582397,False
2499,-31.76201057434082,1.8150056600570679,20.256664276123047,1.6292791366577148,12.353342056274414,1.7221424579620361,False
2500,-31.084592819213867,2.0253026485443115,20.239273071289062,1.625493049621582,12.333866119384766,1.8253978490829468,False
2501,-31.262052536010742,1.9702121019363403,21.441654205322266,1.8872489929199219,12.28479290008545,1.9287304878234863,False
2502,-30.704309463500977,2.143357515335083,21.787185668945312,1.9624704122543335,12.31430435180664,2.0529139041900635,False
2503,-29.488203048706055,2.5208845138549805,23.081878662109375,2.2443222999572754,12.304489135742188,2.382603406906128,False
2504,-29.6747989654541,2.4629578590393066,23.524892807006836,2.3407657146453857,12.430380821228027,2.4018616676330566,False
2505,-29.212539672851562,2.6064610481262207,24.54330825805664,2.5624725818634033,12.31430435180664,2.5844669342041016,False
2506,-28.856523513793945,2.71698260307312,22.690290451049805,2.159074544906616,12.263421058654785,2.438028573989868,False
2507,-29.542377471923828,2.5040664672851562,20.456735610961914,1.6728342771530151,12.324095726013184,2.0884504318237305,False
2508,-30.723085403442383,2.137528657913208,17.9446964263916,1.1259684562683105,12.265007019042969,1.6317485570907593,False
2509,-30.935884475708008,2.071467399597168,16.666748046875,0.8477618098258972,12.28479290008545,1.459614634513855,False
2510,-31.863821029663086,1.7833997011184692,17.144094467163086,0.9516791105270386,12.246126174926758,1.367539405822754,False
2511,-31.728391647338867,1.8254421949386597,17.491735458374023,1.0273598432540894,12.274911880493164,1.4264010190963745,False
2512,-32.282936096191406,1.6532899141311646,17.069320678710938,0.9354010224342346,12.255081176757812,1.294345498085022,False
2513,-31.944570541381836,1.7583318948745728,16.186382293701172,0.7431871891021729,12.255081176757812,1.2507596015930176,False
2514,-32.757591247558594,1.5059384107589722,15.973350524902344,0.6968106031417847,12.225164413452148,1.1013745069503784,False
2515,-33.78129196166992,1.1881415843963623,16.329221725463867,0.7742830514907837,12.294652938842773,0.981212317943573,False
2516,-33.28215408325195,1.3430935144424438,17.194438934326172,0.9626390337944031,12.2151460647583,1.152866244316101,False
2517,-32.90916442871094,1.4588841199874878,17.923961639404297,1.1214545965194702,12.255081176757812,1.290169358253479,False
2518,-32.58121871948242,1.5606913566589355,19.004796981811523,1.356750249862671,12.324095726013184,1.4587208032608032,False
2519,-32.74568557739258,1.5096343755722046,19.021099090576172,1.3602991104125977,12.333866119384766,1.434966802597046,False
2520,-32.17399215698242,1.687110424041748,19.673707962036133,1.5023707151412964,12.294652938842773,1.594740629196167,False
2521,-32.8217887878418,1.4860090017318726,20.936967849731445,1.7773797512054443,12.28479290008545,1.6316943168640137,False
2522,-31.788799285888672,1.8066893815994263,21.3642578125,1.8703999519348145,12.401651382446289,1.8385446071624756,False
2523,-31.539304733276367,1.8841421604156494,20.25835609436035,1.6296473741531372,12.458921432495117,1.756894826889038,False
2524,-31.07686996459961,2.0276999473571777,21.171884536743164,1.828520655632019,12.205103874206543,1.9281103610992432,False
2525,-30.805021286010742,2.1120924949645996,21.27760887145996,1.8515366315841675,12.195038795471191,1.9818146228790283,False
2526,-30.560211181640625,2.188091278076172,20.245580673217773,1.6268662214279175,12.363046646118164,1.9074788093566895,False
2527,-30.31291961669922,2.264860153198242,20.952518463134766,1.780765175819397,12.28479290008545,2.022812604904175,False
2528,-30.690637588500977,2.14760160446167,20.703994750976562,1.726662039756775,12.274911880493164,1.9371318817138672,False
2529,-30.705190658569336,2.1430838108062744,19.447172164916992,1.4530543088912964,12.353342056274414,1.7980690002441406,False
2530,-31.146930694580078,2.005950450897217,19.1020565032959,1.3779233694076538,12.294652938842773,1.69193696975708,False
2531,-30.758573532104492,2.126511812210083,17.227014541625977,0.9697306752204895,12.235159873962402,1.5481212139129639,False
2532,-31.810134887695312,1.8000658750534058,17.962261199951172,1.129792332649231,12.31430435180664,1.4649291038513184,False
2533,-31.172521591186523,1.9980061054229736,17.844663619995117,1.104191541671753,12.195038795471191,1.5510988235473633,False
2534,-31.10525131225586,2.0188894271850586,18.29730987548828,1.202731728553772,12.196044921875,1.6108105182647705,False
2535,-31.404937744140625,1.925855040550232,17.799503326416016,1.0943602323532104,12.225164413452148,1.5101076364517212,False
2536,-31.48430824279785,1.9012153148651123,18.245792388916016,1.1915165185928345,12.184951782226562,1.5463659763336182,False
2537,-30.77773094177246,2.1205644607543945,19.67595672607422,1.5028603076934814,12.274911880493164,1.811712384223938,False
2538,-31.190927505493164,1.9922921657562256,19.028072357177734,1.3618172407150269,12.343615531921387,1.6770546436309814,False
2539,-30.973649978637695,2.059743642807007,19.72346305847168,1.5132023096084595,12.375436782836914,1.786473035812378,False
2540,-30.43889617919922,2.225752115249634,19.44993782043457,1.4536564350128174,12.265007019042969,1.8397042751312256,False
2541,-30.961881637573242,2.06339693069458,19.469200134277344,1.4578498601913452,12.255081176757812,1.7606234550476074,False
2542,-30.72930335998535,2.1355984210968018,19.16634750366211,1.3919193744659424,12.304489135742188,1.763758897781372,False
2543,-31.439908981323242,1.9149985313415527,19.26742172241211,1.4139230251312256,12.184951782226562,1.6644607782363892,False
2544,-31.85332489013672,1.7866580486297607,18.418672561645508,1.2291520833969116,12.195038795471191,1.5079050064086914,False
2545,-32.12040328979492,1.7037464380264282,19.93718147277832,1.5597283840179443,12.245131492614746,1.631737470626831,False
2546,-31.14615821838379,2.006190299987793,21.4055233001709,1.8793833255767822,12.154545783996582,1.9427868127822876,False
2547,-31.73448944091797,1.8235492706298828,19.51084327697754,1.4669153690338135,12.31430435180664,1.6452323198318481,False
2548,-31.362634658813477,1.9389874935150146,20.867277145385742,1.7622082233428955,12.304489135742188,1.850597858428955,False
2549,-31.397380828857422,1.9282009601593018,21.120227813720703,1.817275047302246,12.216147422790527,1.872738003730774,False
2550,-30.787242889404297,2.1176116466522217,20.062707901000977,1.5870552062988281,12.2151460647583,1.852333426475525,False
2551,-31.451894760131836,1.9112776517868042,20.608224868774414,1.7058131694793701,12.31430435180664,1.8085453510284424,False
2552,-31.016643524169922,2.0463967323303223,20.888559341430664,1.7668414115905762,12.450377464294434,1.9066190719604492,False
2553,-31.536466598510742,1.8850232362747192,20.623140335083008,1.7090601921081543,12.205103874206543,1.797041654586792,False
2554,-30.382801055908203,2.243166208267212,20.338441848754883,1.647081971168518,12.226163864135742,1.9451241493225098,False
2555,-29.158891677856445,2.6231155395507812,20.236173629760742,1.6248183250427246,12.507012367248535,2.123966932296753,False
2556,-30.061424255371094,2.3429341316223145,18.988889694213867,1.3532872200012207,12.294652938842773,1.8481106758117676,False
2557,-30.778839111328125,2.120220422744751,20.349477767944336,1.649484395980835,12.195038795471191,1.884852409362793,False
2558,-30.598674774169922,2.1761505603790283,21.584735870361328,1.9183975458145142,12.245131492614746,2.047274112701416,False
2559,-29.659954071044922,2.4675662517547607,20.406219482421875,1.6618369817733765,12.235159873962402,2.064701557159424,False
2560,-30.355459213256836,2.2516541481018066,19.689634323120117,1.5058379173278809,12.174839973449707,1.8787460327148438,False
2561,-30.75579833984375,2.127373218536377,19.591333389282227,1.4844379425048828,12.154545783996582,1.8059055805206299,False
2562,-29.562183380126953,2.497918128967285,19.359506607055664,1.4339697360992432,12.265007019042969,1.9659439325332642,False
2563,-31.420894622802734,1.9209012985229492,18.507766723632812,1.2485477924346924,12.184951782226562,1.5847245454788208,False
2564,-31.88409996032715,1.7771042585372925,18.174177169799805,1.1759259700775146,12.304489135742188,1.4765150547027588,False
2565,-31.55763053894043,1.8784531354904175,16.279874801635742,0.7635403275489807,12.295636177062988,1.3209967613220215,False
2566,-32.100894927978516,1.7098026275634766,18.625829696655273,1.274249792098999,12.255081176757812,1.4920262098312378,False
2567,-32.2689208984375,1.657640814781189,17.43134117126465,1.0142121315002441,12.265007019042969,1.3359265327453613,False
2568,-30.70686149597168,2.1425652503967285,21.875999450683594,1.9818049669265747,12.225164413452148,2.062185049057007,False
2569,-28.61176300048828,2.7929656505584717,21.033836364746094,1.7984678745269775,12.225164413452148,2.2957167625427246,False
2570,-29.75626564025879,2.4376673698425293,20.220970153808594,1.6215085983276367,12.304489135742188,2.029587984085083,False
2571,-31.46409034729004,1.907491683959961,19.17449378967285,1.3936928510665894,12.265007019042969,1.65059232711792,False
2572,-31.949235916137695,1.7568835020065308,17.62148666381836,1.0556063652038574,12.475804328918457,1.4062449932098389,False
2573,-30.36174201965332,2.2497036457061768,19.583335876464844,1.4826968908309937,12.516380310058594,1.8662002086639404,False
2574,-28.765100479125977,2.745363712310791,21.569734573364258,1.9151318073272705,12.918296813964844,2.3302478790283203,False
2575,-30.15445899963379,2.3140525817871094,18.155658721923828,1.1718945503234863,12.487276077270508,1.7429735660552979,False
2576,-31.53156089782715,1.88654625415802,16.692419052124023,0.8533503413200378,12.205103874206543,1.3699482679367065,False
2577,-30.9903507232666,2.0545589923858643,16.830129623413086,0.8833296298980713,12.205103874206543,1.4689443111419678,False
2578,-31.07576560974121,2.028042793273926,16.59279441833496,0.8316622376441956,12.265007019042969,1.4298524856567383,False
2579,-31.760190963745117,1.8155704736709595,15.390902519226074,0.5700128674507141,12.274911880493164,1.1927917003631592,False
2580,-31.77527618408203,1.8108874559402466,16.219301223754883,0.7503535747528076,12.28479290008545,1.2806205749511719,False
2581,-31.360565185546875,1.9396299123764038,15.76413345336914,0.651264488697052,12.174839973449707,1.2954472303390503,False
2582,-30.666587829589844,2.1550676822662354,16.052507400512695,0.7140429019927979,12.175850868225098,1.4345552921295166,False
2583,-31.4093074798584,1.924498438835144,16.531089782714844,0.8182292580604553,12.175850868225098,1.371363878250122,False
2584,-30.47879981994629,2.213364362716675,17.550891876220703,1.0402380228042603,12.164703369140625,1.6268012523651123,False
2585,-30.578285217285156,2.1824803352355957,16.047607421875,0.7129761576652527,12.164703369140625,1.4477282762527466,False
2586,-30.570009231567383,2.185049533843994,18.326875686645508,1.2091681957244873,12.154545783996582,1.6971088647842407,False
2587,-30.590234756469727,2.1787707805633545,19.077795028686523,1.372641682624817,12.082758903503418,1.7757062911987305,False
2588,-31.46425437927246,1.9074407815933228,20.430973052978516,1.66722571849823,12.164703369140625,1.7873332500457764,False
2589,-32.616798400878906,1.549646019935608,16.85781478881836,0.8893566131591797,12.184951782226562,1.219501256942749,False
2590,-34.53861999511719,0.9530373811721802,11.414697647094727,-0.2955986559391022,12.31430435180664,0.3287193775177002,False
2591,-34.85236740112305,0.8556379079818726,11.480043411254883,-0.2813730239868164,12.333866119384766,0.2871324419975281,False
2592,-33.92973709106445,1.1420584917068481,10.556045532226562,-0.48252543807029724,12.43991470336914,0.32976651191711426,False
2593,-35.06892013549805,0.7884114384651184,11.243809700012207,-0.33280059695243835,12.459868431091309,0.22780542075634003,False
2594,-35.321659088134766,0.7099514007568359,10.529500007629395,-0.48830434679985046,12.255081176757812,0.11082352697849274,False
2595,-35.3698844909668,0.6949803829193115,10.465572357177734,-0.5022212266921997,12.225164413452148,0.09637957811355591,False
2596,-35.86174392700195,0.5422879457473755,9.883340835571289,-0.6289718151092529,12.245131492614746,-0.04334193468093872,False
2597,-36.70625686645508,0.28011807799339294,11.148073196411133,-0.35364222526550293,12.235159873962402,-0.03676207363605499,False
2598,-36.34849548339844,0.39118120074272156,10.953693389892578,-0.3959583044052124,12.353342056274414,-0.0023885518312454224,False
2599,-36.60139846801758,0.3126702308654785,10.085676193237305,-0.5849238634109497,12.123924255371094,-0.1361268162727356,False
2600,-36.308658599853516,0.40354812145233154,10.81266975402832,-0.42665886878967285,12.236156463623047,-0.011555373668670654,False
2601,-36.02609634399414,0.49126651883125305,9.71395492553711,-0.6658468246459961,12.174839973449707,-0.08729015290737152,False
2602,-37.005496978759766,0.18722222745418549,10.373565673828125,-0.5222508907318115,12.073441505432129,-0.16751432418823242,False
2603,-37.450462341308594,0.04908757284283638,11.255773544311523,-0.3301960825920105,12.051628112792969,-0.1405542492866516,False
2604,-38.07863235473633,-0.14592097699642181,11.481249809265137,-0.28111037611961365,12.074726104736328,-0.21351566910743713,False
2605,-38.124385833740234,-0.16012465953826904,10.279329299926758,-0.5427659749984741,12.051628112792969,-0.3514453172683716,False
2606,-38.26934814453125,-0.20512662827968597,10.77915096282959,-0.4339558482170105,12.009767532348633,-0.31954124569892883,False
2607,-37.044105529785156,0.17523662745952606,11.92420768737793,-0.18467937409877777,12.082758903503418,-0.0047213733196258545,False
2608,-37.32321548461914,0.08858997374773026,14.56031322479248,0.3891953229904175,12.123924255371094,0.23889264464378357,False
2609,-37.45707702636719,0.047034114599227905,11.923515319824219,-0.18483009934425354,12.255081176757812,-0.06889799237251282,False
2610,-37.386199951171875,0.06903713196516037,11.69034481048584,-0.2355908304452896,12.093087196350098,-0.08327685296535492,False
2611,-35.86396789550781,0.5415975451469421,13.903970718383789,0.24631091952323914,12.020269393920898,0.39395421743392944,False
2612,-36.41018295288086,0.37203100323677063,13.46338176727295,0.15039563179016113,12.205103874206543,0.2612133026123047,False
2613,-35.658390045166016,0.6054169535636902,13.655492782592773,0.19221779704093933,12.10339069366455,0.39881736040115356,False
2614,-33.90076446533203,1.151052713394165,12.524981498718262,-0.05389216169714928,11.946210861206055,0.5485802888870239,False
2615,-33.386474609375,1.3107084035873413,16.43573760986328,0.7974713444709778,12.164703369140625,1.054089903831482,False
2616,-33.84211730957031,1.1692590713500977,15.466184616088867,0.586401641368866,11.988685607910156,0.8778303861618042,False
2617,-35.51751708984375,0.6491494178771973,13.264737129211426,0.1071511059999466,12.030746459960938,0.37815025448799133,False
2618,-34.92977523803711,0.831607460975647,15.011390686035156,0.48739394545555115,11.988685607910156,0.6595007181167603,False
2619,-35.17988586425781,0.7539633512496948,13.601184844970703,0.18039506673812866,12.041200637817383,0.46717920899391174,False
2620,-34.396114349365234,0.9972767233848572,16.862600326538086,0.8903984427452087,12.030746459960938,0.943837583065033,False
2621,-33.95170593261719,1.135238528251648,15.60192584991455,0.6159522533416748,12.00029182434082,0.8755953907966614,False
2622,-34.99134826660156,0.8124927878379822,12.60887622833252,-0.03562845289707184,12.134156227111816,0.38843217492103577,False
2623,-34.32704162597656,1.0187195539474487,12.54723072052002,-0.04904855042695999,12.030746459960938,0.48483550548553467,False
2624,-33.55817794799805,1.2574049234390259,14.173255920410156,0.3049337565898895,12.174839973449707,0.7811693549156189,False
2625,-33.48688888549805,1.2795358896255493,15.637398719787598,0.6236745715141296,12.255081176757812,0.9516052007675171,False
2626,-34.85499572753906,0.8548219799995422,14.684425354003906,0.4162142872810364,12.294652938842773,0.6355181336402893,False
2627,-34.013362884521484,1.1160976886749268,14.752323150634766,0.43099549412727356,12.31430435180664,0.773546576499939,False
2628,-32.7977180480957,1.4934815168380737,17.869312286376953,1.1095575094223022,12.236156463623047,1.301519513130188,False
2629,-32.57820129394531,1.5616281032562256,16.945167541503906,0.9083731770515442,12.274911880493164,1.2350006103515625,False
2630,-32.70570373535156,1.5220463275909424,15.965859413146973,0.69517982006073,12.2151460647583,1.1086130142211914,False
2631,-32.482540130615234,1.591325044631958,14.770764350891113,0.4350101053714752,12.174839973449707,1.0131676197052002,False
2632,-32.968223571777344,1.4405498504638672,16.266040802001953,0.7605286836624146,12.164703369140625,1.100539207458496,False
2633,-33.679847717285156,1.219633936882019,15.44579029083252,0.5819618701934814,12.304489135742188,0.9007979035377502,False
2634,-34.100318908691406,1.0891032218933105,15.148289680480957,0.5171965956687927,12.184951782226562,0.803149938583374,False
2635,-33.18580627441406,1.3730037212371826,15.867764472961426,0.6738247275352478,12.235159873962402,1.0234142541885376,False
2636,-32.485313415527344,1.5904641151428223,15.124098777770996,0.5119302868843079,12.2151460647583,1.0511971712112427,False
2637,-33.018218994140625,1.4250293970108032,15.463627815246582,0.5858450531959534,12.180100440979004,1.0054372549057007,False
2638,-31.89002227783203,1.7752658128738403,14.761567115783691,0.4330078661441803,12.123924255371094,1.1041368246078491,False
2639,-33.345550537109375,1.3234127759933472,14.39732551574707,0.3537132441997528,12.184951782226562,0.8385630249977112,False
2640,-32.770530700683594,1.501921534538269,13.43482780456543,0.14417949318885803,12.245131492614746,0.8230504989624023,False
2641,-33.29823684692383,1.3381009101867676,11.900374412536621,-0.18986782431602478,12.245131492614746,0.5741165280342102,False
2642,-32.73940658569336,1.511583685874939,13.717925071716309,0.20580917596817017,12.304489135742188,0.858696460723877,False
2643,-33.1214599609375,1.3929792642593384,13.388667106628418,0.13413040339946747,12.294652938842773,0.7635548114776611,False
2644,-33.00307083129883,1.4297319650650024,15.559737205505371,0.6067678332328796,12.184951782226562,1.0182498693466187,False
2645,-33.17431640625,1.3765705823898315,16.02796745300293,0.7087005972862244,12.265007019042969,1.0426355600357056,False
2646,-32.546024322509766,1.5716170072555542,16.356903076171875,0.7803092002868652,12.28479290008545,1.1759631633758545,False
2647,-33.41897964477539,1.3006175756454468,15.410690307617188,0.5743206739425659,12.245131492614746,0.9374691247940063,False
2648,-32.326961517333984,1.639622688293457,16.308103561401367,0.7696856260299683,12.245131492614746,1.2046542167663574,False
2649,-31.872177124023438,1.7808055877685547,18.75825309753418,1.303078055381775,12.235159873962402,1.5419418811798096,False
2650,-31.45986557006836,1.9088032245635986,19.162559509277344,1.3910948038101196,12.265996932983398,1.649949073791504,False
2651,-31.58560562133789,1.8697686195373535,16.392637252807617,0.7880884408950806,12.174839973449707,1.3289284706115723,False
2652,-33.84860610961914,1.1672446727752686,13.79937744140625,0.22354118525981903,12.104418754577637,0.695392906665802,False
2653,-34.39857482910156,0.9965128898620605,13.71225643157959,0.20457512140274048,12.174839973449707,0.6005439758300781,False
2654,-33.525875091552734,1.2674330472946167,13.207110404968262,0.09460588544607162,12.144363403320312,0.6810194849967957,False
2655,-32.91058349609375,1.4584436416625977,13.27773666381836,0.10998107492923737,12.235159873962402,0.7842123508453369,False
2656,-33.04423141479492,1.4169540405273438,13.895858764648438,0.24454496800899506,12.10339069366455,0.83074951171875,False
2657,-32.395748138427734,1.618268609046936,14.236541748046875,0.31871095299720764,12.184951782226562,0.9684897661209106,False
2658,-31.712854385375977,1.8302656412124634,14.407418251037598,0.35591042041778564,12.256073951721191,1.0930880308151245,False
2659,-32.76700210571289,1.5030169486999512,15.32393741607666,0.5554347038269043,12.185959815979004,1.0292258262634277,False
2660,-33.352333068847656,1.3213073015213013,14.067314147949219,0.28187045454978943,12.265007019042969,0.8015888929367065,False
2661,-33.44752502441406,1.2917559146881104,15.918051719665527,0.6847721934318542,12.28479290008545,0.9882640838623047,False
2662,-34.32133102416992,1.020492434501648,15.366119384765625,0.5646176338195801,12.245131492614746,0.792555034160614,False
2663,-34.49465560913086,0.9666856527328491,16.435392379760742,0.797396183013916,12.353342056274414,0.8820409178733826,False
2664,-33.5883903503418,1.248025894165039,18.166406631469727,1.174234390258789,12.324095726013184,1.211130142211914,False
2665,-32.853424072265625,1.4761881828308105,17.879526138305664,1.111781120300293,12.44942855834961,1.2939846515655518,False
2666,-33.05789566040039,1.4127122163772583,17.924325942993164,1.1215338706970215,12.364014625549316,1.2671229839324951,False
2667,-33.25364685058594,1.3519433736801147,19.381305694580078,1.4387153387069702,12.431333541870117,1.3953293561935425,False
2668,-32.890621185302734,1.464640736579895,19.161758422851562,1.3909204006195068,12.324095726013184,1.4277806282043457,False
2669,-33.52650451660156,1.267237663269043,18.17634391784668,1.176397681236267,12.305509567260742,1.2218177318572998,False
2670,-32.69485855102539,1.5254130363464355,19.336942672729492,1.4290575981140137,12.2151460647583,1.4772353172302246,False
2671,-31.588674545288086,1.8688158988952637,21.175209045410156,1.8292443752288818,12.275899887084961,1.8490301370620728,False
2672,-32.27116012573242,1.6569457054138184,18.045164108276367,1.147840142250061,12.294652938842773,1.402392864227295,False
2673,-33.369659423828125,1.3159284591674805,12.928712844848633,0.03399931266903877,12.295636177062988,0.6749638915061951,False
2674,-33.47740173339844,1.282481074333191,11.211528778076172,-0.3398280739784241,12.235159873962402,0.4713265001773834,False
2675,-33.27975082397461,1.3438396453857422,11.62594985961914,-0.24960948526859283,12.31430435180664,0.5471150875091553,False
2676,-33.845184326171875,1.1683069467544556,10.91098403930664,-0.405256062746048,12.334840774536133,0.381525456905365,False
2677,-33.361148834228516,1.3185704946517944,11.138343811035156,-0.3557603061199188,12.225164413452148,0.4814050793647766,False
2678,-33.76161193847656,1.1942510604858398,12.310949325561523,-0.10048651695251465,12.206108093261719,0.5468822717666626,False
2679,-33.7289924621582,1.2043774127960205,12.951309204101562,0.038918495178222656,12.256073951721191,0.6216479539871216,False
2680,-33.455806732177734,1.2891850471496582,14.609049797058105,0.3998051881790161,12.698720932006836,0.8444951176643372,False
2681,-32.836673736572266,1.4813880920410156,16.409517288208008,0.791763186454773,12.411249160766602,1.136575698852539,False
2682,-32.54218673706055,1.5728083848953247,17.675495147705078,1.067363977432251,12.324095726013184,1.3200862407684326,False
2683,-32.818119049072266,1.4871481657028198,16.45425033569336,0.8015015125274658,12.46839427947998,1.144324779510498,False
2684,-32.366634368896484,1.6273066997528076,19.242897033691406,1.4085841178894043,12.598877906799316,1.517945408821106,False
2685,-32.50358581542969,1.584791660308838,18.64896583557129,1.279286503791809,12.363046646118164,1.4320390224456787,False
2686,-33.012428283691406,1.426827073097229,19.558082580566406,1.4771993160247803,12.274911880493164,1.4520132541656494,False
2687,-32.412994384765625,1.612914800643921,17.733348846435547,1.0799585580825806,12.235159873962402,1.3464367389678955,False
2688,-32.530399322509766,1.5764676332473755,20.166051864624023,1.6095529794692993,12.226163864135742,1.5930103063583374,False
2689,-32.540130615234375,1.5734467506408691,21.727046966552734,1.9493783712387085,12.144363403320312,1.7614126205444336,False
2690,-32.4380989074707,1.605121374130249,21.41938018798828,1.8823999166488647,12.235159873962402,1.743760585784912,False
2691,-31.916574478149414,1.767022967338562,19.89073371887207,1.549616813659668,12.274911880493164,1.6583199501037598,False
2692,-32.90555953979492,1.4600032567977905,15.132084846496582,0.5136688351631165,12.255081176757812,0.9868360757827759,False
2693,-35.35731506347656,0.6988824009895325,12.299586296081543,-0.10296022891998291,12.245131492614746,0.2979610860347748,False
2694,-36.06444549560547,0.4793614447116852,11.357654571533203,-0.3080168068408966,12.324095726013184,0.08567231893539429,False
2695,-37.09735870361328,0.1587047576904297,10.52529525756836,-0.48921969532966614,12.294652938842773,-0.16525746881961823,False
2696,-37.353939056396484,0.07905218005180359,11.38707447052002,-0.30161216855049133,12.315282821655273,-0.11127999424934387,False
2697,-36.89012145996094,0.22303931415081024,10.939692497253418,-0.39900627732276917,12.304489135742188,-0.08798348158597946,False
2698,-37.92217254638672,-0.09734973311424255,10.250128746032715,-0.5491228699684143,12.304489135742188,-0.32323628664016724,False
2699,-38.40736389160156,-0.24797211587429047,10.704794883728027,-0.4501430094242096,12.184951782226562,-0.34905755519866943,False
2700,-37.96538543701172,-0.11076470464468002,8.878096580505371,-0.8478114008903503,12.235159873962402,-0.4792880415916443,False
2701,-38.146480560302734,-0.1669837236404419,10.607193946838379,-0.4713905155658722,12.2151460647583,-0.31918710470199585,False
2702,-38.47455978393555,-0.26883235573768616,10.446822166442871,-0.5063031315803528,12.170624732971191,-0.38756775856018066,False
2703,-38.234283447265625,-0.19424116611480713,10.419662475585938,-0.5122157335281372,12.154545783996582,-0.35322844982147217,False
2704,-37.89813995361328,-0.08988907933235168,10.133123397827148,-0.5745946764945984,12.123924255371094,-0.33224189281463623,False
2705,-37.61174774169922,-0.0009817277314141393,9.930883407592773,-0.6186219453811646,12.2151460647583,-0.30980184674263,False
2706,-37.50653839111328,0.03167937323451042,12.20895767211914,-0.12268988788127899,12.2151460647583,-0.045505255460739136,False
2707,-37.215396881103516,0.12206108868122101,11.467174530029297,-0.28417453169822693,12.245131492614746,-0.08105672150850296,False
2708,-36.966468811035156,0.19933810830116272,10.751450538635254,-0.4399861693382263,12.2151460647583,-0.1203240305185318,False
2709,-37.278541564941406,0.10245850682258606,13.262856483459473,0.10674168914556503,12.235159873962402,0.10460010170936584,False
2710,-36.75682830810547,0.26441872119903564,12.46937370300293,-0.06599786132574081,12.265007019042969,0.09921042621135712,False
2711,-36.528846740722656,0.33519312739372253,13.511576652526855,0.16088755428791046,12.184951782226562,0.2480403482913971,False
2712,-35.96525955200195,0.5101526379585266,14.417593002319336,0.3581254184246063,12.255081176757812,0.4341390132904053,False
2713,-34.63610076904297,0.9227755069732666,14.824847221374512,0.4467838406562805,12.216147422790527,0.6847796440124512,False
2714,-34.51955795288086,0.9589549899101257,12.32307243347168,-0.0978473424911499,12.11469554901123,0.4305538237094879,False
2715,-35.62506103515625,0.6157635450363159,12.894441604614258,0.026538535952568054,12.245131492614746,0.3211510479450226,False
2716,-35.83732223510742,0.5498693585395813,11.870862007141113,-0.19629260897636414,12.195038795471191,0.17678837478160858,False
2717,-35.376834869384766,0.6928226947784424,10.669687271118164,-0.45778584480285645,12.155561447143555,0.11751842498779297,False
2718,-35.96687316894531,0.5096517205238342,10.553709983825684,-0.4830338656902313,12.255081176757812,0.013308927416801453,False
2719,-36.560611724853516,0.32533201575279236,10.67513656616211,-0.45659956336021423,12.2151460647583,-0.06563377380371094,False
2720,-35.88922119140625,0.5337579250335693,10.318766593933105,-0.5341805815696716,12.154545783996582,-0.00021132826805114746,False
2721,-36.232059478759766,0.4273275136947632,11.054509162902832,-0.37401092052459717,12.274911880493164,0.026658296585083008,False
2722,-35.699424743652344,0.5926781892776489,12.422072410583496,-0.07629525661468506,12.041200637817383,0.25819146633148193,False
2723,-35.598655700683594,0.6239607930183411,14.201265335083008,0.3110313415527344,12.174839973449707,0.4674960672855377,False
2724,-35.061981201171875,0.7905656099319458,13.247149467468262,0.10332230478525162,12.343615531921387,0.4469439685344696,False
2725,-33.715702056884766,1.2085033655166626,13.239277839660645,0.10160867124795914,12.205103874206543,0.6550559997558594,False
2726,-33.56206512451172,1.2561982870101929,13.107260704040527,0.07286880910396576,12.184951782226562,0.6645335555076599,False
2727,-34.48158645629883,0.9707428216934204,12.853766441345215,0.017683638259768486,12.184951782226562,0.4942132234573364,False
2728,-34.50279998779297,0.9641573429107666,12.604185104370117,-0.03664970025420189,12.2151460647583,0.4637538194656372,False
2729,-33.7565803527832,1.1958130598068237,15.261794090270996,0.5419062376022339,12.274911880493164,0.8688596487045288,False
2730,-33.6170768737793,1.2391204833984375,15.599827766418457,0.615495502948761,12.154545783996582,0.9273079633712769,False
2731,-33.373714447021484,1.3146696090698242,14.706854820251465,0.42109712958335876,12.184951782226562,0.8678833842277527,False
2732,-32.999107360839844,1.430962324142456,17.264297485351562,0.9778470993041992,12.206108093261719,1.2044047117233276,False
2733,-32.22863006591797,1.6701486110687256,16.046361923217773,0.7127050161361694,12.28479290008545,1.1914267539978027,False
2734,-33.30080795288086,1.3373026847839355,17.173507690429688,0.9580823183059692,12.304489135742188,1.1476924419403076,False
2735,-32.33919906616211,1.6358237266540527,16.920642852783203,0.9030341506004333,12.363046646118164,1.2694289684295654,False
2736,-32.786216735839844,1.4970519542694092,15.604595184326172,0.6165333390235901,12.274911880493164,1.0567926168441772,False
2737,-33.1784553527832,1.3752857446670532,13.406038284301758,0.1379120647907257,12.164703369140625,0.7565988898277283,False
2738,-34.06235885620117,1.1008875370025635,15.011795997619629,0.4874821901321411,12.2151460647583,0.7941848635673523,False
2739,-34.282772064208984,1.0324625968933105,15.018312454223633,0.4889008104801178,12.216147422790527,0.760681688785553,False
2740,-33.581485748291016,1.250169277191162,15.005331039428711,0.4860747754573822,12.123924255371094,0.8681220412254333,False
2741,-34.02402877807617,1.1127866506576538,13.827805519104004,0.22972992062568665,12.164703369140625,0.671258270740509,False
2742,-33.45168685913086,1.290463924407959,14.660460472106934,0.4109971821308136,12.184951782226562,0.8507305383682251,False
2743,-32.076904296875,1.7172502279281616,17.083375930786133,0.9384608268737793,12.295636177062988,1.3278555870056152,False
2744,-31.339099884033203,1.946293592453003,15.86274242401123,0.6727314591407776,12.205103874206543,1.3095124959945679,False
2745,-32.74224853515625,1.5107014179229736,13.087520599365234,0.06857143342494965,12.274911880493164,0.7896364331245422,False
2746,-34.597171783447266,0.9348605871200562,11.482171058654785,-0.28090983629226685,12.174839973449707,0.32697537541389465,False
2747,-34.456607818603516,0.9784971475601196,11.134777069091797,-0.35653677582740784,12.11469554901123,0.3109802007675171,False
2748,-34.26948547363281,1.0365872383117676,11.205009460449219,-0.3412473201751709,12.184951782226562,0.34766995906829834,False
2749,-33.11885070800781,1.393789291381836,10.763497352600098,-0.4373635947704315,12.205103874206543,0.478212833404541,False
2750,-32.35454559326172,1.6310595273971558,12.585732460021973,-0.04066680371761322,12.164703369140625,0.7951963543891907,False
2751,-32.77104568481445,1.5017616748809814,12.77033519744873,-0.00047917061601765454,12.154545783996582,0.7506412267684937,False
2752,-32.08747482299805,1.7139687538146973,15.778332710266113,0.6543556451797485,12.195038795471191,1.1841621398925781,False
2753,-30.918094635009766,2.0769901275634766,16.394765853881836,0.7885518670082092,12.265007019042969,1.4327709674835205,False
2754,-31.582130432128906,1.870847463607788,14.912981986999512,0.46597057580947876,12.265996932983398,1.168408989906311,False
2755,-31.842050552368164,1.7901580333709717,11.954906463623047,-0.17799630761146545,12.372730255126953,0.8060808777809143,False
2756,-31.89444351196289,1.7738932371139526,14.91930866241455,0.4673478901386261,12.256073951721191,1.120620608329773,False
2757,-32.4273796081543,1.6084489822387695,16.87428855895996,0.8929429650306702,12.392032623291016,1.2506959438323975,False
2758,-31.639562606811523,1.8530182838439941,16.93443489074707,0.9060366749763489,12.440865516662598,1.3795274496078491,False
2759,-31.167987823486328,1.9994134902954102,15.905133247375488,0.681959867477417,12.245131492614746,1.3406866788864136,False
2760,-31.312772750854492,1.9544665813446045,15.713827133178711,0.640312910079956,12.265007019042969,1.2973897457122803,False
2761,-32.43510055541992,1.6060521602630615,17.484519958496094,1.0257890224456787,12.285778999328613,1.3159205913543701,False
2762,-32.221378326416016,1.672399878501892,18.07045555114746,1.153346061706543,12.205103874206543,1.4128730297088623,False
2763,-31.766170501708984,1.8137141466140747,19.437063217163086,1.450853705406189,12.294652938842773,1.6322839260101318,False
2764,-30.962766647338867,2.063122272491455,18.677988052368164,1.2856045961380005,12.255081176757812,1.674363374710083,False
2765,-31.341602325439453,1.94551682472229,16.519071578979492,0.8156129717826843,12.2151460647583,1.3805649280548096,False
2766,-32.14891815185547,1.6948943138122559,13.926676750183105,0.25125399231910706,12.174839973449707,0.9730741381645203,False
2767,-32.930763244628906,1.4521790742874146,12.57374382019043,-0.04327670484781265,12.22196102142334,0.7044512033462524,False
2768,-32.705284118652344,1.5221766233444214,13.389557838439941,0.134324312210083,12.195038795471191,0.8282504677772522,False
2769,-32.389644622802734,1.6201634407043457,14.050738334655762,0.2782619297504425,12.205103874206543,0.9492126703262329,False
2770,-32.91408920288086,1.457355260848999,12.251063346862793,-0.11352357268333435,12.225164413452148,0.6719158291816711,False
2771,-32.85248947143555,1.4764783382415771,11.319419860839844,-0.3163404166698456,12.255081176757812,0.5800689458847046,False
2772,-33.77205276489258,1.1910098791122437,12.62522029876709,-0.03207038342952728,12.145380973815918,0.5794697403907776,False
2773,-33.89168930053711,1.1538699865341187,11.927963256835938,-0.18386179208755493,12.265996932983398,0.48500409722328186,False
2774,-33.92662048339844,1.1430259943008423,11.823502540588379,-0.20660267770290375,12.184951782226562,0.46821165084838867,False
2775,-34.452842712402344,0.979665994644165,10.823097229003906,-0.4243888258934021,12.174839973449707,0.27763858437538147,False
2776,-35.14693832397461,0.7641915678977966,11.739580154418945,-0.2248723953962326,12.175850868225098,0.2696595788002014,False
2777,-34.949161529541016,0.8255892395973206,11.523634910583496,-0.2718832194805145,12.28479290008545,0.2768530249595642,False
2778,-34.84799575805664,0.8569950461387634,12.798471450805664,0.005646033212542534,12.205103874206543,0.43132054805755615,False
2779,-35.231346130371094,0.7379880547523499,14.368438720703125,0.3474246561527252,12.225164413452148,0.5427063703536987,False
2780,-35.03882598876953,0.7977538704872131,13.524468421936035,0.16369406878948212,12.164703369140625,0.4807239770889282,False
2781,-34.13698196411133,1.0777215957641602,16.07195472717285,0.7182765603065491,12.144363403320312,0.8979990482330322,False
2782,-33.35933303833008,1.31913423538208,16.47836685180664,0.8067516088485718,12.184951782226562,1.0629429817199707,False
2783,-32.03693771362305,1.7296574115753174,16.17123031616211,0.739888608455658,12.154545783996582,1.23477303981781,False
2784,-31.829748153686523,1.7939772605895996,18.96724510192871,1.348575234413147,12.164703369140625,1.5712761878967285,False
2785,-31.73470115661621,1.8234834671020508,19.539033889770508,1.4730525016784668,12.195038795471191,1.6482679843902588,False
2786,-30.785919189453125,2.1180226802825928,20.022241592407227,1.578245759010315,12.205103874206543,1.8481342792510986,False
2787,-31.78328514099121,1.808401107788086,19.185073852539062,1.39599609375,12.174839973449707,1.602198600769043,False
2788,-31.56805419921875,1.8752171993255615,18.44047737121582,1.2338989973068237,12.256073951721191,1.5545580387115479,False
2789,-32.10526657104492,1.7084455490112305,17.07118034362793,0.9358058571815491,12.255081176757812,1.3221256732940674,False
2790,-33.71495819091797,1.2087342739105225,15.85078239440918,0.670127809047699,12.255081176757812,0.9394310712814331,False
2791,-34.20758056640625,1.055804967880249,15.310065269470215,0.5524147748947144,12.174839973449707,0.8041098713874817,False
2792,-33.58830261230469,1.2480530738830566,17.158042907714844,0.9547156691551208,12.184951782226562,1.1013844013214111,False
2793,-32.92012405395508,1.4554818868637085,18.59801483154297,1.268194556236267,12.184951782226562,1.3618382215499878,False
2794,-31.60475730895996,1.8638231754302979,19.292293548583984,1.4193376302719116,12.205103874206543,1.64158034324646,False
2795,-32.40019989013672,1.6168866157531738,17.13458251953125,0.9496083855628967,12.205103874206543,1.283247470855713,False
2796,-32.79111862182617,1.4955302476882935,16.085803985595703,0.7212914824485779,12.265007019042969,1.1084108352661133,False
2797,-32.94119644165039,1.4489401578903198,15.407784461975098,0.5736880302429199,12.392032623291016,1.0113141536712646,False
2798,-32.922080993652344,1.4548743963241577,17.12308120727539,0.9471045732498169,12.343615531921387,1.2009894847869873,False
2799,-32.19256591796875,1.6813443899154663,16.835397720336914,0.8844764828681946,12.345172882080078,1.2829104661941528,False
2800,-31.942279815673828,1.7590429782867432,18.306047439575195,1.2046338319778442,12.235159873962402,1.4818384647369385,False
2801,-32.01871871948242,1.7353132963180542,20.51154327392578,1.6847656965255737,12.246126174926758,1.710039496421814,False
2802,-32.070335388183594,1.7192895412445068,18.802404403686523,1.3126897811889648,12.206108093261719,1.5159896612167358,False
2803,-31.94213104248047,1.7590891122817993,21.766080856323242,1.9578759670257568,12.315282821655273,1.8584825992584229,False
2804,-31.415273666381836,1.9226462841033936,20.87936019897461,1.764838695526123,12.304489135742188,1.8437424898147583,False
2805,-31.883623123168945,1.7772523164749146,18.93442153930664,1.341429591178894,12.235159873962402,1.5593409538269043,False
2806,-31.674623489379883,1.8421339988708496,19.543371200561523,1.473996639251709,12.265007019042969,1.6580653190612793,False
2807,-32.379981994628906,1.623163104057312,21.11199951171875,1.815483808517456,12.184951782226562,1.7193233966827393,False
2808,-30.98353385925293,2.0566751956939697,22.393444061279297,2.094451665878296,12.196044921875,2.075563430786133,False
2809,-30.919021606445312,2.076702356338501,21.73866844177246,1.9519083499908447,12.174839973449707,2.014305353164673,False
2810,-31.212100982666016,1.985719084739685,16.322895050048828,0.772905707359314,12.184951782226562,1.3793123960494995,False
2811,-32.777427673339844,1.4997804164886475,14.820124626159668,0.4457557201385498,12.154545783996582,0.9727680683135986,False
2812,-33.92243576049805,1.1443251371383667,13.974794387817383,0.26172909140586853,12.123924255371094,0.7030271291732788,False
2813,-34.60891342163086,0.9312155246734619,12.089681625366211,-0.14865604043006897,12.113670349121094,0.39127975702285767,False
2814,-33.654239654541016,1.227583646774292,13.417448997497559,0.14039616286754608,12.144363403320312,0.6839898824691772,False
2815,-33.523067474365234,1.2683045864105225,15.219722747802734,0.5327473878860474,12.164703369140625,0.9005259871482849,False
2816,-33.33768844604492,1.3258535861968994,17.591938018798828,1.0491737127304077,12.195038795471191,1.1875135898590088,False
2817,-32.67182159423828,1.532564640045166,20.94709587097168,1.7795846462249756,12.420825004577637,1.6560746431350708,False
2818,-31.8964900970459,1.773257851600647,19.390865325927734,1.4407964944839478,12.43991470336914,1.6070271730422974,False
2819,-31.794694900512695,1.8048591613769531,21.904821395874023,1.98807954788208,12.28479290008545,1.8964693546295166,False
2820,-31.310955047607422,1.955030918121338,23.45893096923828,2.3264060020446777,12.235159873962402,2.140718460083008,False
2821,-30.72519302368164,2.1368744373321533,22.385305404663086,2.092679977416992,12.164703369140625,2.114777088165283,False
2822,-31.14679527282715,2.0059924125671387,21.788362503051758,1.9627265930175781,12.164703369140625,1.9843595027923584,False
2823,-31.755714416503906,1.8169602155685425,22.808853149414062,2.184885263442993,12.164703369140625,2.000922679901123,False
2824,-31.90157699584961,1.7716786861419678,22.325101852416992,2.079573631286621,12.185959815979004,1.9256261587142944,False
2825,-32.91016387939453,1.4585739374160767,21.20683479309082,1.8361293077468872,12.144363403320312,1.647351622581482,False
2826,-32.63241195678711,1.5447989702224731,18.879716873168945,1.3295204639434814,12.174839973449707,1.437159776687622,False
2827,-32.33628845214844,1.6367273330688477,18.155725479125977,1.1719090938568115,12.195038795471191,1.4043182134628296,False
2828,-32.494232177734375,1.5876953601837158,14.884568214416504,0.45978495478630066,12.206108093261719,1.0237401723861694,False
2829,-32.92150115966797,1.4550544023513794,14.966410636901855,0.47760188579559326,12.144363403320312,0.9663281440734863,False
2830,-32.83734130859375,1.4811809062957764,17.22415542602539,0.9691082239151001,12.134156227111816,1.225144624710083,False
2831,-31.970504760742188,1.7502808570861816,19.611244201660156,1.4887725114822388,12.195038795471191,1.6195266246795654,False
2832,-31.867895126342773,1.7821348905563354,19.73343849182129,1.515373945236206,12.22196102142334,1.648754358291626,False
2833,-33.01786422729492,1.4251394271850586,19.85469627380371,1.5417715311050415,12.245131492614746,1.4834554195404053,False
2834,-31.535480499267578,1.8853293657302856,20.9934139251709,1.7896679639816284,12.401651382446289,1.837498664855957,False
2835,-31.76779556274414,1.8132097721099854,22.55096435546875,2.1287434101104736,12.412206649780273,1.9709765911102295,False
2836,-32.19514465332031,1.6805437803268433,21.21889877319336,1.8387556076049805,12.205103874206543,1.7596497535705566,False
2837,-31.71967124938965,1.828149437904358,23.844205856323242,2.4102795124053955,12.154545783996582,2.1192145347595215,False
2838,-31.48199462890625,1.9019335508346558,22.79387664794922,2.1816248893737793,12.164703369140625,2.0417792797088623,False
2839,-32.63371658325195,1.5443938970565796,22.054134368896484,2.0205845832824707,12.144363403320312,1.78248929977417,False
2840,-31.901403427124023,1.7717325687408447,19.036787033081055,1.363714337348938,12.134156227111816,1.5677235126495361,False
2841,-32.185150146484375,1.683646559715271,18.05635643005371,1.1502766609191895,12.343615531921387,1.416961669921875,False
2842,-32.33955764770508,1.6357123851776123,16.9450626373291,0.9083502888679504,12.196044921875,1.272031307220459,False
2843,-32.49143981933594,1.588562250137329,17.772872924804688,1.0885628461837769,12.255081176757812,1.3385624885559082,False
2844,-33.081241607666016,1.4054646492004395,19.158100128173828,1.390123963356018,12.265007019042969,1.397794246673584,False
2845,-32.977569580078125,1.4376485347747803,19.293813705444336,1.4196685552597046,12.28479290008545,1.4286584854125977,False
2846,-32.25829315185547,1.6609400510787964,22.714460372924805,2.1643362045288086,12.255081176757812,1.9126381874084473,False
2847,-32.396339416503906,1.6180851459503174,23.11471176147461,2.2514700889587402,12.246126174926758,1.9347776174545288,False
2848,-31.85881233215332,1.78495454788208,22.154296875,2.0423898696899414,12.184951782226562,1.9136722087860107,False
2849,-31.92256736755371,1.765162467956543,21.339447021484375,1.864998698234558,12.205103874206543,1.8150806427001953,False
2850,-32.47357177734375,1.5941091775894165,21.62047576904297,1.926177978515625,12.113670349121094,1.760143518447876,False
2851,-33.02384567260742,1.4232826232910156,22.001243591308594,2.00907039642334,12.245131492614746,1.7161765098571777,False
2852,-32.40315246582031,1.6159700155258179,21.20913314819336,1.8366296291351318,12.093087196350098,1.72629976272583,False
2853,-32.84971237182617,1.4773403406143188,20.577547073364258,1.6991345882415771,12.205103874206543,1.5882375240325928,False
2854,-32.55712127685547,1.5681720972061157,17.464710235595703,1.0214765071868896,12.225164413452148,1.2948243618011475,False
2855,-31.89621925354004,1.7733420133590698,18.059375762939453,1.1509339809417725,12.274911880493164,1.4621379375457764,False
2856,-31.9860782623291,1.7454462051391602,17.05112075805664,0.9314389228820801,12.195038795471191,1.3384425640106201,False
2857,-33.32149124145508,1.3308818340301514,14.503955841064453,0.376926451921463,12.134156227111816,0.853904128074646,False
2858,-32.71791458129883,1.518255591392517,15.830231666564941,0.6656539440155029,12.196044921875,1.0919547080993652,False
2859,-32.82129669189453,1.486161708831787,16.923402786254883,0.9036350250244141,12.333866119384766,1.1948983669281006,False
2860,-33.15983581542969,1.3810659646987915,17.794851303100586,1.0933475494384766,12.265007019042969,1.2372066974639893,False
2861,-33.86842346191406,1.1610926389694214,16.346952438354492,0.7781429886817932,12.459868431091309,0.9696178436279297,False
2862,-32.86357879638672,1.4730356931686401,17.105419158935547,0.943259596824646,12.372730255126953,1.208147644996643,False
2863,-33.0886344909668,1.4031696319580078,16.601123809814453,0.8334755301475525,12.324095726013184,1.1183226108551025,False
2864,-32.9211311340332,1.4551692008972168,16.947509765625,0.9088830351829529,12.211532592773438,1.1820261478424072,False
2865,-32.83849334716797,1.480823278427124,17.450016021728516,1.018277645111084,12.255081176757812,1.249550461769104,False
2866,-32.889442443847656,1.4650065898895264,16.921730041503906,0.9032708406448364,12.195038795471191,1.1841387748718262,False
2867,-33.66375732421875,1.2246290445327759,19.27581787109375,1.4157508611679077,12.113670349121094,1.3201899528503418,False
2868,-33.55268859863281,1.2591090202331543,17.793670654296875,1.093090534210205,12.082758903503418,1.1760997772216797,False
2869,-32.87227249145508,1.4703369140625,17.6984920501709,1.0723702907562256,12.2151460647583,1.2713536024093628,False
2870,-34.32783889770508,1.0184720754623413,13.817510604858398,0.22748874127864838,12.154545783996582,0.6229804158210754,False
2871,-37.209659576416016,0.12384217232465744,9.772743225097656,-0.6530486941337585,12.245131492614746,-0.26460325717926025,False
2872,-38.84362030029297,-0.3834031820297241,9.030533790588379,-0.814626157283783,12.123924255371094,-0.5990146398544312,False
2873,-38.56421661376953,-0.29666534066200256,8.600232124328613,-0.9083019495010376,12.174839973449707,-0.6024836301803589,False
2874,-38.89524459838867,-0.3994293808937073,10.30988883972168,-0.5361132025718689,12.123924255371094,-0.4677712917327881,False
2875,-38.954856872558594,-0.4179353713989258,8.536785125732422,-0.9221141934394836,12.030746459960938,-0.6700247526168823,False
2876,-38.624210357666016,-0.3152897357940674,9.551666259765625,-0.7011767029762268,12.113670349121094,-0.5082331895828247,False
2877,-38.439212799072266,-0.2578592598438263,9.040179252624512,-0.8125263452529907,12.195038795471191,-0.5351927876472473,False
2878,-38.612422943115234,-0.3116304576396942,9.377457618713379,-0.7391015887260437,12.10339069366455,-0.5253660082817078,False
2879,-37.6987190246582,-0.027981016784906387,10.999062538146973,-0.3860815465450287,12.134156227111816,-0.2070312798023224,False
2880,-37.50285720825195,0.032822154462337494,11.102692604064941,-0.3635214865207672,12.082758903503418,-0.16534966230392456,False
2881,-37.451332092285156,0.04881756752729416,11.641193389892578,-0.24629099667072296,12.123924255371094,-0.0987367182970047,False
2882,-37.12753677368164,0.1493363082408905,12.690723419189453,-0.017810489982366562,12.144363403320312,0.06576290726661682,False
2883,-37.152339935302734,0.1416364312171936,13.21932315826416,0.09726457297801971,12.051628112792969,0.11945050209760666,False
2884,-36.93975830078125,0.20763009786605835,14.141551971435547,0.29803186655044556,12.285778999328613,0.25283098220825195,False
2885,-37.17655563354492,0.1341189295053482,13.221739768981934,0.0977906659245491,12.113670349121094,0.11595480144023895,False
2886,-37.86356735229492,-0.07915639132261276,12.234795570373535,-0.11706503480672836,12.082758903503418,-0.09811071306467056,False
2887,-37.22563171386719,0.11888379603624344,11.917280197143555,-0.1861874759197235,12.255081176757812,-0.033651839941740036,False
2888,-37.49687576293945,0.03467902913689613,9.75886344909668,-0.6560702919960022,12.216147422790527,-0.310695618391037,False
2889,-37.477455139160156,0.04070794954895973,10.667543411254883,-0.45825257897377014,12.205103874206543,-0.20877231657505035,False
2890,-37.00337600708008,0.18788066506385803,9.536581993103027,-0.7044605016708374,12.134156227111816,-0.2582899332046509,False
2891,-35.76435089111328,0.5725225210189819,10.830193519592285,-0.4228439927101135,12.104418754577637,0.0748392641544342,False
2892,-35.04135513305664,0.7969686985015869,13.02910327911377,0.055854104459285736,12.174839973449707,0.42641139030456543,False
2893,-34.08038330078125,1.0952919721603394,15.43094253540039,0.578729510307312,12.246126174926758,0.8370107412338257,False
2894,-32.707794189453125,1.521397352218628,18.886449813842773,1.3309862613677979,12.165717124938965,1.426191806793213,False
2895,-31.80589485168457,1.8013821840286255,20.204933166503906,1.618017315864563,12.195038795471191,1.7096997499465942,False
2896,-33.60368347167969,1.2432782649993896,17.00164222717285,0.9206675887107849,12.245131492614746,1.0819729566574097,False
2897,-34.990291595458984,0.8128208518028259,15.271383285522461,0.5439937710762024,12.201081275939941,0.6784073114395142,False
2898,-34.88211441040039,0.8464033007621765,14.13897705078125,0.2974713146686554,12.2151460647583,0.5719373226165771,False
2899,-35.666412353515625,0.60292649269104,15.185847282409668,0.5253728032112122,12.295636177062988,0.5641496181488037,False
2900,-35.320892333984375,0.7101894617080688,13.358919143676758,0.1276543289422989,12.185959815979004,0.41892188787460327,False
2901,-34.0223388671875,1.1133112907409668,18.721782684326172,1.2951385974884033,12.265007019042969,1.204224944114685,False
2902,-33.693580627441406,1.2153706550598145,17.555328369140625,1.0412038564682007,12.175850868225098,1.1282873153686523,False
2903,-33.91469955444336,1.1467267274856567,16.92560577392578,0.9041146039962769,12.31430435180664,1.0254206657409668,False
2904,-34.096946716308594,1.090149998664856,17.242067337036133,0.9730076193809509,12.155561447143555,1.031578779220581,False
2905,-34.21281433105469,1.0541802644729614,16.740493774414062,0.8638160824775696,12.184951782226562,0.9589982032775879,False
2906,-34.15094757080078,1.0733860731124878,18.86850357055664,1.32707941532135,12.185959815979004,1.200232744216919,False
2907,-32.61307907104492,1.5508006811141968,19.393329620361328,1.4413329362869263,12.164703369140625,1.4960668087005615,False
2908,-32.651832580566406,1.538770079612732,19.513832092285156,1.4675661325454712,12.274911880493164,1.5031681060791016,False
2909,-34.004451751708984,1.1188640594482422,16.82047462463379,0.8812277913093567,12.265007019042969,1.000045895576477,False
2910,-34.047760009765625,1.1054195165634155,19.094388961791992,1.3762542009353638,12.236156463623047,1.2408368587493896,False
2911,-32.46961975097656,1.5953360795974731,20.378910064697266,1.6558917760849,12.144363403320312,1.6256139278411865,False
2912,-33.147464752197266,1.3849064111709595,19.822284698486328,1.5347155332565308,12.205103874206543,1.4598109722137451,False
2913,-33.08176040649414,1.4053035974502563,20.153087615966797,1.6067306995391846,12.174839973449707,1.5060172080993652,False
2914,-33.015628814697266,1.4258334636688232,18.28680419921875,1.2004446983337402,12.205103874206543,1.3131390810012817,False
2915,-33.18855285644531,1.3721510171890259,18.957597732543945,1.3464750051498413,12.236156463623047,1.3593130111694336,False
2916,-33.67207336425781,1.2220473289489746,18.676654815673828,1.2853143215179443,12.255081176757812,1.2536808252334595,False
2917,-34.822532653808594,0.864899754524231,16.23417854309082,0.753592312335968,12.28479290008545,0.8092460632324219,False
2918,-34.28715896606445,1.0311007499694824,14.420717239379883,0.3588055670261383,12.353342056274414,0.6949531435966492,False
2919,-34.10666275024414,1.087133765220642,15.545663833618164,0.6037040948867798,12.205103874206543,0.8454189300537109,False
2920,-32.589454650878906,1.5581345558166504,19.209566116333008,1.4013279676437378,12.196044921875,1.4797313213348389,False
2921,-31.652509689331055,1.8489989042282104,22.24626922607422,2.0624120235443115,12.134156227111816,1.9557054042816162,False
2922,-32.16339111328125,1.6904014348983765,20.92253303527832,1.7742373943328857,12.206108093261719,1.7323193550109863,False
2923,-33.265541076660156,1.3482508659362793,19.477519989013672,1.4596610069274902,12.265007019042969,1.4039559364318848,False
2924,-32.7098274230957,1.5207661390304565,20.962810516357422,1.783005714416504,12.184951782226562,1.651885986328125,False
2925,-33.08426284790039,1.404526710510254,20.560806274414062,1.6954902410507202,12.235159873962402,1.5500085353851318,False
2926,-32.63821792602539,1.5429965257644653,20.671289443969727,1.719542145729065,12.164703369140625,1.6312693357467651,False
2927,-31.570045471191406,1.8745990991592407,21.784141540527344,1.9618077278137207,12.2151460647583,1.918203353881836,False
2928,-31.813982009887695,1.798871636390686,17.65997886657715,1.06398606300354,12.062029838562012,1.4314289093017578,False
2929,-35.295005798339844,0.7182256579399109,15.4406099319458,0.5808340907096863,12.174839973449707,0.6495298743247986,False
2930,-35.89508056640625,0.5319389700889587,11.995259284973145,-0.16921158134937286,12.201081275939941,0.18136370182037354,False
2931,-35.6190299987793,0.6176358461380005,13.870844841003418,0.23909948766231537,12.135176658630371,0.4283676743507385,False
2932,-34.511940002441406,0.9613199234008789,13.69567584991455,0.20096556842327118,12.134156227111816,0.5811427235603333,False
2933,-34.60005569458008,0.9339653253555298,14.016923904418945,0.2709006071090698,12.093087196350098,0.6024329662322998,False
2934,-33.80371856689453,1.1811795234680176,15.761199951171875,0.6506258845329285,12.2151460647583,0.9159027338027954,False
2935,-33.96647644042969,1.1306531429290771,17.769771575927734,1.0878877639770508,12.195038795471191,1.109270453453064,False
2936,-32.79115295410156,1.4955195188522339,19.44453239440918,1.4524797201156616,12.235159873962402,1.4739996194839478,False
2937,-32.76277542114258,1.5043290853500366,21.810260772705078,1.9674938917160034,12.2151460647583,1.73591148853302,False
2938,-32.31474685668945,1.6434146165847778,21.59595489501953,1.9208399057388306,12.184951782226562,1.7821272611618042,False
2939,-31.89092254638672,1.7749862670898438,22.062305450439453,2.0223634243011475,12.235159873962402,1.8986748456954956,False
2940,-32.088706970214844,1.7135862112045288,22.148487091064453,2.0411250591278076,12.274911880493164,1.8773555755615234,False
2941,-33.41632843017578,1.3014405965805054,22.405792236328125,2.097139835357666,12.184951782226562,1.6992902755737305,False
2942,-32.23884582519531,1.6669772863388062,20.276546478271484,1.6336073875427246,12.324095726013184,1.6502923965454102,False
2943,-32.68879318237305,1.5272960662841797,21.307411193847656,1.8580244779586792,12.392032623291016,1.6926603317260742,False
2944,-32.567970275878906,1.564804196357727,22.037633895874023,2.0169925689697266,12.124947547912598,1.790898323059082,False
2945,-32.240196228027344,1.666558027267456,21.514036178588867,1.9030063152313232,12.205103874206543,1.7847821712493896,False
2946,-33.30116653442383,1.3371913433074951,22.292011260986328,2.0723698139190674,12.285778999328613,1.7047805786132812,False
2947,-32.32717514038086,1.6395564079284668,20.158432006835938,1.6078941822052002,12.155561447143555,1.6237252950668335,False
2948,-31.88414764404297,1.7770894765853882,21.79345703125,1.9638357162475586,12.235159873962402,1.8704626560211182,False
2949,-32.37611770629883,1.6243627071380615,22.32610511779785,2.079792022705078,12.265007019042969,1.8520773649215698,False
2950,-31.362926483154297,1.938896894454956,21.963117599487305,2.0007705688476562,12.205103874206543,1.9698337316513062,False
2951,-31.532270431518555,1.8863259553909302,22.159208297729492,2.043458938598633,12.205103874206543,1.9648923873901367,False
2952,-32.47636032104492,1.5932434797286987,21.876245498657227,1.9818586111068726,12.372730255126953,1.7875510454177856,False
2953,-33.6370964050293,1.232905626296997,20.705589294433594,1.7270091772079468,12.343615531921387,1.4799573421478271,False
2954,-33.30463409423828,1.3361148834228516,22.101125717163086,2.0308146476745605,12.411249160766602,1.683464765548706,False
2955,-33.42384338378906,1.2991076707839966,24.030948638916016,2.4509329795837402,12.304489135742188,1.8750202655792236,False
2956,-33.75434875488281,1.1965059041976929,24.614439010620117,2.5779576301574707,12.265996932983398,1.8872318267822266,False
2957,-34.58308792114258,0.9392328262329102,21.48120880126953,1.895859956741333,12.225164413452148,1.4175463914871216,False
2958,-34.39010238647461,0.9991430640220642,21.89997673034668,1.9870247840881348,12.236156463623047,1.4930839538574219,False
2959,-34.2109489440918,1.0547592639923096,21.906391143798828,1.9884212017059326,12.205103874206543,1.521590232849121,False
2960,-34.36618423461914,1.006568193435669,22.16421127319336,2.0445480346679688,12.195038795471191,1.5255581140518188,False
2961,-34.389984130859375,0.9991797804832458,21.634340286254883,1.9291963577270508,12.205103874206543,1.4641880989074707,False
2962,-34.57139205932617,0.9428636431694031,22.56529998779297,2.131864309310913,12.294258117675781,1.5373640060424805,False
2963,-33.6822395324707,1.2188913822174072,26.04621696472168,2.889652729034424,12.235159873962402,2.054272174835205,False
2964,-33.364906311035156,1.31740403175354,27.853395462036133,3.283071756362915,12.28479290008545,2.3002378940582275,False
2965,-33.78346252441406,1.1874678134918213,29.358102798461914,3.6106436252593994,12.364014625549316,2.3990557193756104,False
2966,-34.40816116333008,0.9935368895530701,28.168628692626953,3.3516972064971924,12.343615531921387,2.172616958618164,False
2967,-34.34072494506836,1.0144717693328857,28.09507179260254,3.335684061050415,12.304489135742188,2.1750779151916504,False
2968,-34.344757080078125,1.0132200717926025,27.935659408569336,3.30098032951355,12.382391929626465,2.157100200653076,False
2969,-34.67361831665039,0.9111286401748657,24.910860061645508,2.6424877643585205,12.334840774536133,1.776808261871338,False
2970,-34.285194396972656,1.0317106246948242,23.01561737060547,2.2298974990844727,12.353342056274414,1.6308040618896484,False
2971,-33.65214920043945,1.2282326221466064,21.895483016967773,1.986046552658081,12.294652938842773,1.6071395874023438,False
2972,-33.61524200439453,1.2396900653839111,21.54866600036621,1.9105452299118042,12.497624397277832,1.575117588043213,False
2973,-33.609012603759766,1.241623878479004,22.407758712768555,2.0975677967071533,12.977603912353516,1.6695958375930786,False
2974,-33.72982406616211,1.204119324684143,24.111373901367188,2.4684414863586426,12.184951782226562,1.836280345916748,False
2975,-34.03633499145508,1.10896635055542,24.472209930419922,2.546994686126709,12.245131492614746,1.8279805183410645,False
2976,-34.16338348388672,1.0695254802703857,25.120031356811523,2.6880240440368652,12.184951782226562,1.8787747621536255,False
2977,-33.798614501953125,1.1827640533447266,20.288578033447266,1.6362266540527344,12.144363403320312,1.4094953536987305,False
2978,-33.05454635620117,1.4137519598007202,20.771106719970703,1.741272211074829,12.031791687011719,1.5775120258331299,False
2979,-34.09248733520508,1.0915343761444092,22.716453552246094,2.1647701263427734,12.245131492614746,1.6281522512435913,False
2980,-33.94182205200195,1.1383068561553955,23.250171661376953,2.280959367752075,12.104418754577637,1.7096331119537354,False
2981,-34.09613037109375,1.090403437614441,23.91562843322754,2.425827980041504,12.226163864135742,1.7581157684326172,False
2982,-32.54156494140625,1.5730013847351074,23.05118751525879,2.2376410961151123,12.353342056274414,1.9053212404251099,False
2983,-32.20011901855469,1.6789995431900024,22.609277725219727,2.1414382457733154,12.164703369140625,1.9102189540863037,False
2984,-32.70646667480469,1.521809458732605,22.751502990722656,2.1724002361297607,12.134156227111816,1.847104787826538,False
2985,-33.030181884765625,1.4213155508041382,26.18142318725586,2.9190866947174072,12.274911880493164,2.170201063156128,False
2986,-33.45108413696289,1.2906510829925537,23.567380905151367,2.350015163421631,12.30547046661377,1.8203331232070923,False
2987,-32.77693557739258,1.499933123588562,23.0113582611084,2.2289702892303467,12.274911880493164,1.8644516468048096,False
2988,-31.86168098449707,1.7840640544891357,22.940643310546875,2.213575839996338,12.333866119384766,1.9988199472427368,False
2989,-32.799095153808594,1.493053913116455,22.385894775390625,2.092808246612549,12.543435096740723,1.792931079864502,False
2990,-33.56084442138672,1.2565771341323853,22.583934783935547,2.135921001434326,12.363046646118164,1.696249008178711,False
2991,-32.72453689575195,1.5161997079849243,23.19331932067871,2.268582820892334,12.175850868225098,1.8923912048339844,False
2992,-33.73521041870117,1.2024471759796143,22.54250717163086,2.1269023418426514,12.411249160766602,1.6646747589111328,False
2993,-33.379127502441406,1.3129892349243164,22.386018753051758,2.0928351879119873,12.353342056274414,1.7029122114181519,False
2994,-33.69830322265625,1.213904619216919,22.539836883544922,2.1263210773468018,12.235159873962402,1.6701128482818604,False
2995,-33.59828567504883,1.244953989982605,23.392881393432617,2.3120269775390625,12.232361793518066,1.7784905433654785,False
2996,-33.91408920288086,1.146916151046753,20.169723510742188,1.6103522777557373,12.155561447143555,1.3786342144012451,False
2997,-33.01479721069336,1.4260915517807007,17.8273868560791,1.1004304885864258,12.174839973449707,1.263261079788208,False
2998,-33.60215759277344,1.2437520027160645,16.26214599609375,0.7596808075904846,12.225164413452148,1.0017163753509521,False
2999,-33.0421142578125,1.4176113605499268,17.846681594848633,1.104630947113037,12.315282821655273,1.261121153831482,False
3000,-33.077823638916016,1.406525731086731,17.673898696899414,1.067016363143921,12.134156227111816,1.2367711067199707,False
3001,-32.48054122924805,1.5919455289840698,18.957122802734375,1.3463716506958008,12.469339370727539,1.46915864944458,False
3002,-32.93192672729492,1.4518178701400757,20.583942413330078,1.7005268335342407,12.124947547912598,1.5761723518371582,False
3003,-32.528961181640625,1.5769140720367432,18.860721588134766,1.325385332107544,12.333866119384766,1.4511497020721436,False
3004,-32.51409149169922,1.581530213356018,18.66427230834961,1.2826186418533325,12.245131492614746,1.4320744276046753,False
3005,-32.02567672729492,1.7331533432006836,19.56598472595215,1.4789196252822876,12.256073951721191,1.6060364246368408,False
3006,-31.725080490112305,1.826470136642456,20.673553466796875,1.7200350761413574,12.274911880493164,1.7732526063919067,False
3007,-31.114667892456055,2.0159661769866943,21.21767234802246,1.8384885787963867,12.333866119384766,1.9272273778915405,False
3008,-31.688173294067383,1.8379275798797607,21.447084426879883,1.8884310722351074,12.255081176757812,1.863179326057434,False
3009,-31.630781173706055,1.8557443618774414,21.814781188964844,1.9684779644012451,12.64454460144043,1.9121111631393433,False
3010,-30.495664596557617,2.2081289291381836,20.963945388793945,1.7832527160644531,12.430380821228027,1.9956908226013184,False
3011,-30.505491256713867,2.205078363418579,22.644153594970703,2.1490306854248047,12.28479290008545,2.1770544052124023,False
3012,-32.2376594543457,1.6673455238342285,23.347482681274414,2.3021438121795654,12.245131492614746,1.984744668006897,False
3013,-31.01857566833496,2.0457968711853027,21.185638427734375,1.831514835357666,12.28479290008545,1.9386558532714844,False
3014,-32.52732849121094,1.577420949935913,21.13811683654785,1.8211694955825806,12.205103874206543,1.6992952823638916,False
3015,-32.82595443725586,1.4847158193588257,20.81721305847168,1.7513093948364258,12.144363403320312,1.6180126667022705,False
3016,-33.33466720581055,1.3267914056777954,20.99671173095703,1.7903859615325928,12.265996932983398,1.5585887432098389,False
3017,-34.23981857299805,1.0457969903945923,18.751970291137695,1.3017103672027588,12.392993927001953,1.1737537384033203,False
3018,-33.88766860961914,1.1551181077957153,16.171077728271484,0.7398554086685181,12.353342056274414,0.9474867582321167,False
3019,-34.28180694580078,1.0327621698379517,15.882436752319336,0.6770188808441162,12.28479290008545,0.8548905253410339,False
3020,-33.69341278076172,1.2154227495193481,14.407567977905273,0.3559429943561554,12.174839973449707,0.7856828570365906,False
3021,-33.821388244628906,1.175694227218628,17.602203369140625,1.0514085292816162,12.255081176757812,1.113551378250122,False
3022,-34.36979675292969,1.0054466724395752,17.62734031677246,1.0568807125091553,12.275899887084961,1.0311636924743652,False
3023,-33.90531921386719,1.1496387720108032,16.840063095092773,0.8854921460151672,12.401651382446289,1.0175654888153076,False
3024,-34.49589538574219,0.9663007855415344,15.425676345825195,0.5775830745697021,12.225164413452148,0.7719419002532959,False
3025,-34.59318542480469,0.9360981583595276,16.067626953125,0.7173343896865845,12.274911880493164,0.8267163038253784,False
3026,-33.335872650146484,1.3264172077178955,14.674610137939453,0.4140775203704834,12.265996932983398,0.8702473640441895,False
3027,-33.588897705078125,1.247868299484253,17.829729080200195,1.1009403467178345,12.415465354919434,1.1744043827056885,False
3028,-35.72323989868164,0.5852850079536438,17.90755844116211,1.1178836822509766,12.28479290008545,0.8515843152999878,False
3029,-35.96064376831055,0.511585533618927,12.723495483398438,-0.01067607942968607,12.255081176757812,0.25045472383499146,False
3030,-36.41703796386719,0.36990293860435486,12.704383850097656,-0.01483664195984602,12.155561447143555,0.17753314971923828,False
3031,-34.99424362182617,0.8115940093994141,12.22132682800293,-0.11999715119600296,12.235159873962402,0.34579843282699585,False
3032,-34.872169494628906,0.8494905829429626,14.75904655456543,0.43245914578437805,12.274911880493164,0.6409748792648315,False
3033,-34.490604400634766,0.9679433107376099,13.475667953491211,0.15307030081748962,12.524795532226562,0.5605068206787109,False
3034,-34.12999725341797,1.0798898935317993,14.019391059875488,0.27143770456314087,12.294652938842773,0.6756638288497925,False
3035,-34.4442024230957,0.9823482632637024,13.461553573608398,0.14999763667583466,12.334840774536133,0.5661729574203491,False
3036,-33.61479949951172,1.2398273944854736,14.210482597351074,0.3130379319190979,12.236156463623047,0.7764326333999634,False
3037,-32.99419021606445,1.4324887990951538,16.059860229492188,0.715643584728241,12.44942855834961,1.074066162109375,False
3038,-33.57429504394531,1.25240159034729,17.49749183654785,1.0286129713058472,12.617202758789062,1.1405072212219238,False
3039,-33.664268493652344,1.2244702577590942,16.97272300720215,0.914371907711029,12.295636177062988,1.0694210529327393,False
3040,-33.628726959228516,1.2355037927627563,16.607851028442383,0.8349400758743286,12.195038795471191,1.0352219343185425,False
3041,-32.87577819824219,1.4692485332489014,17.9536075592041,1.12790846824646,12.184951782226562,1.2985785007476807,False
3042,-32.38335037231445,1.6221174001693726,18.425748825073242,1.2306926250457764,12.334840774536133,1.4264049530029297,False
3043,-32.83323287963867,1.4824563264846802,19.43548583984375,1.4505102634429932,12.144363403320312,1.4664833545684814,False
3044,-32.85887145996094,1.4744970798492432,20.309192657470703,1.640714406967163,12.184951782226562,1.5576057434082031,False
3045,-33.25660705566406,1.3510243892669678,20.629091262817383,1.7103556394577026,12.543435096740723,1.5306899547576904,False
3046,-32.7670783996582,1.5029932260513306,19.44756317138672,1.4531394243240356,12.135176658630371,1.478066325187683,False
3047,-32.352203369140625,1.6317867040634155,20.02912712097168,1.5797446966171265,12.402610778808594,1.605765700340271,False
3048,-32.6800537109375,1.5300090312957764,19.481956481933594,1.4606268405914307,12.680736541748047,1.4953179359436035,False
3049,-32.815834045410156,1.4878575801849365,19.45808982849121,1.4554311037063599,12.174839973449707,1.471644401550293,False
3050,-33.61252975463867,1.2405320405960083,19.11578941345215,1.3809130191802979,12.196044921875,1.3107225894927979,False
3051,-33.72834396362305,1.2045787572860718,19.0347900390625,1.3632795810699463,12.333866119384766,1.2839291095733643,False
3052,-34.07741165161133,1.0962145328521729,19.471874237060547,1.4584319591522217,12.265007019042969,1.2773232460021973,False
3053,-33.89963912963867,1.1514019966125488,20.22767448425293,1.622968077659607,12.094117164611816,1.3871850967407227,False
3054,-33.996097564697266,1.121457576751709,19.292264938354492,1.419331431388855,12.145380973815918,1.2703945636749268,False
3055,-34.18897247314453,1.0615816116333008,18.565526962280273,1.2611219882965088,12.184951782226562,1.1613517999649048,False
3056,-33.64569854736328,1.2302350997924805,19.80531883239746,1.5310221910476685,12.796318054199219,1.3806285858154297,False
3057,-34.288185119628906,1.0307822227478027,20.114694595336914,1.5983725786209106,12.28479290008545,1.314577341079712,False
3058,-34.748451232910156,0.8878975510597229,18.35466957092285,1.2152187824249268,12.294652938842773,1.0515581369400024,False
3059,-35.083099365234375,0.7840096950531006,18.729808807373047,1.2968858480453491,12.43991470336914,1.04044771194458,False
3060,-32.80896759033203,1.489989161491394,20.7305850982666,1.7324507236480713,12.455127716064453,1.611219882965088,False
3061,-32.248687744140625,1.6639219522476196,22.415958404541016,2.0993528366088867,12.392032623291016,1.8816373348236084,False
3062,-32.61814498901367,1.5492279529571533,22.44150733947754,2.104914903640747,12.3543119430542,1.8270714282989502,False
3063,-33.363128662109375,1.3179558515548706,22.657926559448242,2.152028799057007,12.274911880493164,1.734992265701294,False
3064,-33.21385955810547,1.3642948865890503,22.022953033447266,2.01379656791687,12.506075859069824,1.6890456676483154,False
3065,-32.86241149902344,1.4733980894088745,21.30986213684082,1.8585580587387085,12.265007019042969,1.6659780740737915,False
3066,-31.939241409301758,1.759986162185669,21.499473571777344,1.8998360633850098,12.363046646118164,1.8299111127853394,False
3067,-32.18360900878906,1.6841249465942383,22.690628051757812,2.1591479778289795,12.84864330291748,1.9216364622116089,False
3068,-32.585655212402344,1.5593141317367554,22.40021324157715,2.0959253311157227,12.411249160766602,1.8276197910308838,False
3069,-33.27531051635742,1.3452180624008179,22.97563362121582,2.2211930751800537,12.205103874206543,1.783205509185791,False
3070,-32.125885009765625,1.7020447254180908,23.374418258666992,2.3080077171325684,12.372730255126953,2.005026340484619,False
3071,-33.09748840332031,1.4004210233688354,22.141069412231445,2.0395102500915527,12.496685981750488,1.7199656963348389,False
3072,-34.20065689086914,1.0579543113708496,21.783464431762695,1.961660385131836,12.571245193481445,1.5098073482513428,False
3073,-32.29517364501953,1.6494909524917603,22.191694259643555,2.0505311489105225,12.28479290008545,1.8500111103057861,False
3074,-34.332366943359375,1.0170663595199585,23.408958435058594,2.3155269622802734,12.294652938842773,1.6662967205047607,False
3075,-34.867950439453125,0.8508003354072571,23.099502563476562,2.248159170150757,12.245131492614746,1.5494797229766846,False
3076,-35.605770111083984,0.6217522025108337,23.01390266418457,2.2295241355895996,12.411249160766602,1.425638198852539,False
3077,-35.61077880859375,0.6201973557472229,20.19149398803711,1.6150916814804077,12.392032623291016,1.1176445484161377,False
3078,-35.99437713623047,0.5011134147644043,16.986547470092773,0.9173814654350281,12.144363403320312,0.7092474699020386,False
3079,-36.03833770751953,0.48746630549430847,16.561092376708984,0.8247607946395874,12.295636177062988,0.6561135649681091,False
3080,-36.035213470458984,0.48843619227409363,16.943805694580078,0.9080767035484314,12.216147422790527,0.6982564330101013,False
3081,-37.80220413208008,-0.06010684370994568,12.96800708770752,0.04255358874797821,12.072406768798828,-0.008776627480983734,False
3082,-38.980777740478516,-0.42598220705986023,13.917680740356445,0.24929556250572205,12.124947547912598,-0.08834332227706909,False
3083,-38.57521057128906,-0.30007830262184143,12.426399230957031,-0.07535331696271896,12.294652938842773,-0.1877158135175705,False
3084,-38.58158493041992,-0.302057147026062,11.761983871459961,-0.2199951559305191,12.274911880493164,-0.26102614402770996,False
3085,-38.66057205200195,-0.3265778422355652,12.329452514648438,-0.09645841270685196,12.225164413452148,-0.21151812374591827,False
3086,-37.00123596191406,0.18854501843452454,12.008782386779785,-0.16626763343811035,12.134156227111816,0.011138692498207092,False
3087,-36.45520782470703,0.3580535352230072,14.494367599487305,0.37483909726142883,12.10339069366455,0.366446316242218,False
3088,-36.61100769042969,0.30968713760375977,19.632139205932617,1.4933212995529175,12.020269393920898,0.9015042185783386,False
3089,-37.909263610839844,-0.09334229677915573,18.3223876953125,1.208191156387329,12.10339069366455,0.5574244260787964,False
3090,-38.59064865112305,-0.3048708736896515,14.538383483886719,0.3844212591648102,12.134156227111816,0.039775192737579346,False
3091,-36.49121856689453,0.3468743860721588,12.660656929016113,-0.024355901405215263,12.145380973815918,0.1612592488527298,False
3092,-36.94101333618164,0.20724047720432281,12.021645545959473,-0.16346734762191772,12.180100440979004,0.021886564791202545,False
3093,-36.528541564941406,0.335287868976593,13.47060489654541,0.1519680917263031,12.392993927001953,0.24362798035144806,False
3094,-35.12614822387695,0.7706456184387207,12.660155296325684,-0.024465106427669525,12.562919616699219,0.3730902671813965,False
3095,-34.813411712646484,0.8677312731742859,14.518362998962402,0.38006284832954407,12.184951782226562,0.6238970756530762,False
3096,-34.288021087646484,1.030833125114441,15.29361629486084,0.5488339066505432,12.353342056274414,0.7898335456848145,False
3097,-34.90653610229492,0.8388218283653259,16.849157333374023,0.8874719142913818,12.245131492614746,0.8631469011306763,False
3098,-33.16720199584961,1.3787791728973389,18.184906005859375,1.178261637687683,12.324095726013184,1.2785203456878662,False
3099,-32.582115173339844,1.5604130029678345,19.41575813293457,1.4462156295776367,12.333866119384766,1.5033142566680908,False
3100,-33.2735481262207,1.345765233039856,20.338594436645508,1.6471151113510132,12.324095726013184,1.4964401721954346,False
3101,-33.640174865722656,1.2319499254226685,19.807191848754883,1.5314298868179321,12.43991470336914,1.3816899061203003,False
3102,-34.02821350097656,1.1114875078201294,17.852550506591797,1.1059085130691528,12.653621673583984,1.1086980104446411,False
3103,-33.77362823486328,1.1905207633972168,18.336700439453125,1.2113069295883179,12.392032623291016,1.200913906097412,False
3104,-34.32685852050781,1.0187764167785645,16.947311401367188,0.9088398814201355,12.382391929626465,0.9638081789016724,False
3105,-33.28804397583008,1.341265082359314,16.70598793029785,0.8563042283058167,12.196044921875,1.0987846851348877,False
3106,-33.69930648803711,1.2135931253433228,18.47711181640625,1.2418742179870605,12.58139705657959,1.2277336120605469,False
3107,-34.46506118774414,0.9758729338645935,19.38375473022461,1.4392485618591309,12.205103874206543,1.2075607776641846,False
3108,-33.32460021972656,1.3299165964126587,17.09717559814453,0.9414650201797485,12.123924255371094,1.1356908082962036,False
3109,-32.43451690673828,1.6062333583831787,16.41800880432129,0.7936117649078369,12.294652938842773,1.1999225616455078,False
3110,-32.08284378051758,1.7154064178466797,19.439672470092773,1.4514217376708984,12.392032623291016,1.583414077758789,False
3111,-32.77894973754883,1.4993078708648682,20.607927322387695,1.7057483196258545,12.155561447143555,1.6025280952453613,False
3112,-31.319168090820312,1.9524812698364258,20.587270736694336,1.70125150680542,12.524795532226562,1.8268663883209229,False
3113,-32.1940803527832,1.680874228477478,20.80097198486328,1.7477737665176392,12.2151460647583,1.7143239974975586,False
3114,-32.58134078979492,1.5606534481048584,20.48493766784668,1.6789737939834595,12.245131492614746,1.6198136806488037,False
3115,-32.03769302368164,1.729422926902771,19.71617317199707,1.51161527633667,12.46839427947998,1.6205191612243652,False
3116,-31.392362594604492,1.9297587871551514,20.608150482177734,1.7057969570159912,12.255081176757812,1.8177778720855713,False
3117,-31.260051727294922,1.9708333015441895,22.377296447753906,2.0909364223480225,12.225164413452148,2.0308847427368164,False
3118,-31.064563751220703,2.031520366668701,22.240516662597656,2.061159610748291,12.343615531921387,2.046339988708496,False
3119,-30.33882713317871,2.25681734085083,22.62613296508789,2.1451075077056885,12.334840774536133,2.200962543487549,False
3120,-31.301179885864258,1.9580655097961426,22.473100662231445,2.111792802810669,12.458921432495117,2.0349292755126953,False
3121,-32.188140869140625,1.68271803855896,20.79146385192871,1.7457038164138794,12.553651809692383,1.7142109870910645,False
3122,-31.78207015991211,1.8087782859802246,19.52324676513672,1.4696156978607178,12.195038795471191,1.6391969919204712,False
3123,-31.413265228271484,1.9232697486877441,21.89397430419922,1.9857181310653687,12.28479290008545,1.9544939994812012,False
3124,-31.963115692138672,1.7525746822357178,21.307966232299805,1.8581453561782837,12.304489135742188,1.8053600788116455,False
3125,-31.3209285736084,1.9519346952438354,20.972610473632812,1.7851390838623047,12.284003257751465,1.8685369491577148,False
3126,-32.14835739135742,1.6950684785842896,21.727617263793945,1.9495024681091309,12.285778999328613,1.8222854137420654,False
3127,-32.67686462402344,1.5309990644454956,20.741430282592773,1.7348116636276245,12.343615531921387,1.63290536403656,False
3128,-31.61836051940918,1.8596001863479614,20.2259578704834,1.6225943565368652,12.324095726013184,1.7410972118377686,False
3129,-31.212514877319336,1.9855905771255493,20.30609130859375,1.640039324760437,12.225164413452148,1.8128149509429932,False
3130,-31.606626510620117,1.8632428646087646,23.04392433166504,2.2360599040985107,12.3543119430542,2.0496513843536377,False
3131,-30.790576934814453,2.116576671600342,22.557533264160156,2.130173444747925,12.294652938842773,2.1233749389648438,False
3132,-30.986480712890625,2.055760383605957,22.686471939086914,2.158243179321289,12.580475807189941,2.107001781463623,False
3133,-32.5596923828125,1.5673739910125732,22.277502059936523,2.06921124458313,12.363046646118164,1.8182926177978516,False
3134,-32.29551696777344,1.6493843793869019,20.804168701171875,1.7484697103500366,12.580475807189941,1.6989270448684692,False
3135,-33.054588317871094,1.4137388467788696,22.265262603759766,2.066546678543091,12.185959815979004,1.740142822265625,False
3136,-30.940746307373047,2.069958209991455,23.004117965698242,2.2273941040039062,12.195038795471191,2.1486761569976807,False
3137,-31.121437072753906,2.013864755630493,22.46051025390625,2.1090517044067383,12.265007019042969,2.061458110809326,False
3138,-32.400753021240234,1.6167149543762207,19.682119369506836,1.504201889038086,12.164703369140625,1.5604584217071533,False
3139,-32.86719512939453,1.4719130992889404,16.836166381835938,0.8846438527107239,12.195038795471191,1.1782784461975098,False
3140,-31.84339714050293,1.7897400856018066,16.78040885925293,0.8725055456161499,12.144363403320312,1.331122875213623,False
3141,-31.7734432220459,1.8114564418792725,18.01991844177246,1.1423442363739014,12.2151460647583,1.476900339126587,False
3142,-32.24982452392578,1.6635690927505493,17.075620651245117,0.9367725253105164,12.072406768798828,1.3001707792282104,False
3143,-32.82887268066406,1.4838098287582397,15.426298141479492,0.5777184367179871,12.411249160766602,1.030764102935791,False
3144,-34.41549301147461,0.991260826587677,15.248480796813965,0.5390079617500305,12.411249160766602,0.7651343941688538,False
3145,-33.279911041259766,1.3437899351119995,14.97237491607666,0.47890031337738037,12.155561447143555,0.9113451242446899,False
3146,-33.486446380615234,1.2796732187271118,16.946285247802734,0.9086164832115173,12.134156227111816,1.0941448211669922,False
3147,-33.47138214111328,1.284349799156189,15.325324058532715,0.5557366013526917,12.235159873962402,0.9200432300567627,False
3148,-32.37491989135742,1.6247345209121704,17.382122039794922,1.0034972429275513,12.343615531921387,1.3141158819198608,False
3149,-31.5588321685791,1.878080129623413,19.444049835205078,1.4523745775222778,12.44942855834961,1.6652274131774902,False
3150,-31.98953628540039,1.7443727254867554,18.609115600585938,1.2706111669540405,12.154545783996582,1.507491946220398,False
3151,-31.188396453857422,1.9930778741836548,19.53366470336914,1.4718836545944214,12.196044921875,1.732480764389038,False
3152,-30.939489364624023,2.0703482627868652,19.858678817749023,1.5426385402679443,12.275899887084961,1.8064934015274048,False
3153,-30.82038116455078,2.1073241233825684,20.6610050201416,1.7173032760620117,12.315282821655273,1.91231369972229,False
3154,-30.77253532409668,2.1221773624420166,20.559959411621094,1.6953058242797852,12.094117164611816,1.9087415933609009,False
3155,-31.657302856445312,1.8475109338760376,20.36566734313965,1.6530088186264038,12.195038795471191,1.7502598762512207,False
3156,-31.659976959228516,1.8466808795928955,19.86701202392578,1.5444526672363281,12.174839973449707,1.6955667734146118,False
3157,-32.20366287231445,1.6778994798660278,18.200952529907227,1.1817549467086792,12.062860488891602,1.4298272132873535,False
3158,-33.375953674316406,1.3139744997024536,16.5913028717041,0.831337571144104,12.225164413452148,1.0726560354232788,False
3159,-34.00358200073242,1.1191340684890747,16.846220016479492,0.8868324756622314,12.46839427947998,1.0029833316802979,False
3160,-32.96088409423828,1.4428282976150513,16.45061492919922,0.8007100820541382,12.294652938842773,1.1217691898345947,False
3161,-33.83051681518555,1.1728602647781372,17.46942138671875,1.0225021839141846,12.164703369140625,1.0976812839508057,False
3162,-32.98391342163086,1.4356791973114014,17.280853271484375,0.9814512133598328,12.174839973449707,1.2085652351379395,False
3163,-32.383270263671875,1.6221423149108887,20.361860275268555,1.6521800756454468,12.412206649780273,1.6371612548828125,False
3164,-32.07472610473633,1.7179265022277832,20.935298919677734,1.777016520500183,12.113670349121094,1.747471570968628,False
3165,-31.225303649902344,1.98162043094635,20.84482192993164,1.7573198080062866,12.459868431091309,1.8694701194763184,False
3166,-32.11976623535156,1.703944206237793,21.792949676513672,1.963725209236145,12.164703369140625,1.8338346481323242,False
3167,-31.870887756347656,1.7812058925628662,20.924795150756836,1.77472984790802,12.653621673583984,1.777967929840088,False
3168,-31.850650787353516,1.7874882221221924,22.15502166748047,2.0425474643707275,12.256073951721191,1.91501784324646,False
3169,-31.745235443115234,1.8202133178710938,21.939865112304688,1.9957084655761719,12.324095726013184,1.9079608917236328,False
3170,-32.165771484375,1.6896624565124512,23.552743911743164,2.3468286991119385,12.430380821228027,2.0182456970214844,False
3171,-31.381929397583008,1.932997703552246,24.005327224731445,2.445355176925659,12.411249160766602,2.189176559448242,False
3172,-31.246009826660156,1.9751924276351929,22.629972457885742,2.1459434032440186,12.343615531921387,2.060567855834961,False
3173,-30.18682861328125,2.3040037155151367,22.6395263671875,2.1480231285095215,12.343615531921387,2.226013422012329,False
3174,-31.135663986206055,2.0094480514526367,24.24851417541504,2.4982964992523193,12.363046646118164,2.2538723945617676,False
3175,-31.01883888244629,2.045715093612671,25.00541877746582,2.6630730628967285,12.450377464294434,2.35439395904541,False
3176,-31.392433166503906,1.929736852645874,22.907649993896484,2.206393241882324,12.324095726013184,2.0680651664733887,False
3177,-31.4688663482666,1.9060090780258179,22.289806365966797,2.071889877319336,12.430380821228027,1.9889495372772217,False
3178,-30.75244903564453,2.128412961959839,21.315265655517578,1.8597344160079956,12.134156227111816,1.9940736293792725,False
3179,-30.850187301635742,2.098071336746216,22.948503494262695,2.21528697013855,12.2151460647583,2.156679153442383,False
3180,-32.63914489746094,1.5427087545394897,21.091794967651367,1.8110853433609009,12.2151460647583,1.6768970489501953,False
3181,-32.52878189086914,1.5769697427749634,21.581127166748047,1.9176119565963745,12.124947547912598,1.747290849685669,False
3182,-32.9842414855957,1.4355772733688354,20.400104522705078,1.660505771636963,12.144363403320312,1.548041582107544,False
3183,-33.360626220703125,1.318732738494873,22.107940673828125,2.0322980880737305,12.164703369140625,1.6755154132843018,False
3184,-33.317283630371094,1.3321880102157593,20.852336883544922,1.7589558362960815,12.28479290008545,1.5455719232559204,False
3185,-33.28260040283203,1.3429549932479858,22.18536949157715,2.049154281616211,12.164703369140625,1.6960546970367432,False
3186,-33.26146697998047,1.349515676498413,20.348878860473633,1.6493539810180664,12.093087196350098,1.4994348287582397,False
3187,-34.09007263183594,1.092284083366394,18.727699279785156,1.2964266538619995,12.372730255126953,1.1943553686141968,False
3188,-32.620269775390625,1.5485683679580688,19.03279685974121,1.3628456592559814,12.28479290008545,1.45570707321167,False
3189,-32.41396713256836,1.6126127243041992,21.596223831176758,1.9208984375,12.608964920043945,1.7667555809020996,False
3190,-33.128639221191406,1.3907506465911865,21.586336135864258,1.9187458753585815,12.148438453674316,1.6547482013702393,False
3191,-33.07173156738281,1.408416986465454,21.142047882080078,1.8220252990722656,12.144363403320312,1.6152211427688599,False
3192,-33.150882720947266,1.383845329284668,21.063486099243164,1.8049225807189941,12.285778999328613,1.594383955001831,False
3193,-32.07512283325195,1.7178033590316772,18.26922035217285,1.1966166496276855,12.274911880493164,1.4572100639343262,False
3194,-32.422122955322266,1.6100808382034302,19.706571578979492,1.5095250606536865,12.195038795471191,1.5598030090332031,False
3195,-32.25693130493164,1.661362886428833,22.57266616821289,2.13346791267395,12.265007019042969,1.8974153995513916,False
3196,-30.464675903320312,2.2177491188049316,21.49813461303711,1.899544596672058,12.265007019042969,2.0586469173431396,False
3197,-30.850940704345703,2.097837448120117,23.981338500976562,2.4401328563690186,12.164703369140625,2.2689852714538574,False
3198,-32.8951530456543,1.4632338285446167,21.45721435546875,1.8906363248825073,12.225164413452148,1.676935076713562,False
3199,-32.147003173828125,1.6954888105392456,21.88858985900879,1.9845459461212158,12.174839973449707,1.840017318725586,False
3200,-32.9588623046875,1.4434559345245361,21.134408950805664,1.8203623294830322,12.246126174926758,1.6319091320037842,False
3201,-32.13823699951172,1.6982102394104004,20.66046905517578,1.7171865701675415,12.134156227111816,1.7076983451843262,False
3202,-32.51137161254883,1.5823745727539062,21.69149398803711,1.9416385889053345,12.062029838562012,1.7620065212249756,False
3203,-33.1254768371582,1.3917323350906372,19.049365997314453,1.3664528131484985,12.30547046661377,1.3790925741195679,False
3204,-33.109230041503906,1.3967759609222412,19.140268325805664,1.3862420320510864,12.195038795471191,1.3915090560913086,False
3205,-32.839656829833984,1.4804620742797852,20.96200180053711,1.7828296422958374,12.184951782226562,1.631645917892456,False
3206,-32.20020294189453,1.6789735555648804,20.613357543945312,1.7069305181503296,12.274911880493164,1.692952036857605,False
3207,-30.896129608154297,2.0838088989257812,22.551706314086914,2.1289050579071045,12.382391929626465,2.1063570976257324,False
3208,-30.976303100585938,2.058919906616211,22.735435485839844,2.1689023971557617,12.195038795471191,2.1139111518859863,False
3209,-29.6962833404541,2.4562880992889404,22.319520950317383,2.0783586502075195,12.31430435180664,2.2673234939575195,False
3210,-28.998315811157227,2.672964572906494,23.580387115478516,2.352846622467041,12.3543119430542,2.5129055976867676,False
3211,-30.30082893371582,2.268613576889038,22.921751022338867,2.209462881088257,12.294652938842773,2.2390382289886475,False
3212,-30.894548416137695,2.0842998027801514,23.140018463134766,2.25697922706604,12.534126281738281,2.1706395149230957,False
3213,-30.409067153930664,2.2350122928619385,23.323644638061523,2.296954393386841,12.552724838256836,2.2659833431243896,False
3214,-30.644725799560547,2.1618545055389404,24.607004165649414,2.57633900642395,12.236156463623047,2.3690967559814453,False
3215,-29.806106567382812,2.422194719314575,23.373146057128906,2.3077306747436523,12.255081176757812,2.364962577819824,False
3216,-29.418359756469727,2.5425665378570557,25.548908233642578,2.7813897132873535,12.392032623291016,2.661978244781494,False
3217,-29.854413986206055,2.407198190689087,25.73054313659668,2.8209311962127686,12.412206649780273,2.6140646934509277,False
3218,-28.436960220336914,2.847231388092041,25.706417083740234,2.8156790733337402,12.373696327209473,2.8314552307128906,False
3219,-29.96056365966797,2.3742451667785645,26.395193099975586,2.9656240940093994,12.265007019042969,2.6699347496032715,False
3220,-31.051433563232422,2.0355966091156006,25.501684188842773,2.771109104156494,12.274911880493164,2.403352737426758,False
3221,-30.8617000579834,2.0944972038269043,21.151464462280273,1.8240752220153809,12.324095726013184,1.9592862129211426,False
3222,-31.101884841918945,2.0199344158172607,22.696069717407227,2.160332679748535,12.335038185119629,2.0901336669921875,False
3223,-31.271663665771484,1.9672284126281738,22.503511428833008,2.118412971496582,12.430380821228027,2.042820692062378,False
3224,-31.020904541015625,2.045073986053467,23.230304718017578,2.276634454727173,12.325072288513184,2.1608543395996094,False
3225,-31.4963321685791,1.8974826335906982,23.329282760620117,2.2981817722320557,12.235159873962402,2.097832202911377,False
3226,-31.593618392944336,1.8672810792922974,23.783418655395508,2.3970460891723633,12.225164413452148,2.1321635246276855,False
3227,-32.14421463012695,1.6963545083999634,23.600135803222656,2.3571460247039795,12.164703369140625,2.026750326156616,False
3228,-32.91941452026367,1.4557020664215088,22.45589256286621,2.108046531677246,12.164703369140625,1.7818742990493774,False
3229,-33.10093688964844,1.3993505239486694,22.160877227783203,2.0438222885131836,12.165717124938965,1.7215864658355713,False
3230,-33.07567596435547,1.4071924686431885,20.309511184692383,1.6407837867736816,12.10339069366455,1.523988127708435,False
3231,-33.59245681762695,1.2467634677886963,18.217613220214844,1.1853818893432617,12.051628112792969,1.216072678565979,False
3232,-33.47956085205078,1.2818107604980469,17.015933990478516,0.9237788915634155,12.144363403320312,1.102794885635376,False
3233,-33.6411247253418,1.2316550016403198,17.699417114257812,1.0725717544555664,12.205103874206543,1.152113437652588,False
3234,-33.927223205566406,1.1428388357162476,17.402511596679688,1.0079360008239746,12.062029838562012,1.0753874778747559,False
3235,-34.85745620727539,0.8540581464767456,17.06072235107422,0.9335291981697083,12.164703369140625,0.8937937021255493,False
3236,-35.28174591064453,0.7223420143127441,17.303895950317383,0.9864675998687744,12.225164413452148,0.8544048070907593,False
3237,-35.51968765258789,0.6484755873680115,16.116994857788086,0.7280817031860352,12.274911880493164,0.6882786750793457,False
3238,-35.58844757080078,0.6271297931671143,17.919893264770508,1.120568871498108,12.255081176757812,0.8738493323326111,False
3239,-35.5260124206543,0.6465121507644653,17.229997634887695,0.9703800678253174,12.31430435180664,0.8084461092948914,False
3240,-35.37870788574219,0.6922412514686584,17.680477142333984,1.068448543548584,12.184951782226562,0.8803448677062988,False
3241,-34.88097381591797,0.8467573523521423,16.846765518188477,0.886951208114624,12.185959815979004,0.8668543100357056,False
3242,-34.462669372558594,0.9766154289245605,16.58725357055664,0.830456018447876,12.174839973449707,0.9035357236862183,False
3243,-34.19133758544922,1.0608474016189575,16.781265258789062,0.8726919889450073,12.2151460647583,0.9667696952819824,False
3244,-33.666099548339844,1.2239018678665161,19.1148738861084,1.380713701248169,12.265007019042969,1.3023078441619873,False
3245,-33.679317474365234,1.2197985649108887,21.813732147216797,1.9682495594024658,12.184951782226562,1.5940240621566772,False
3246,-34.29461669921875,1.0287855863571167,19.415353775024414,1.4461275339126587,12.31430435180664,1.2374565601348877,False
3247,-34.25324630737305,1.0416285991668701,18.662338256835938,1.2821975946426392,12.195038795471191,1.1619131565093994,False
3248,-34.5974235534668,0.9347824454307556,20.81816291809082,1.7515162229537964,12.245131492614746,1.3431493043899536,False
3249,-34.04143524169922,1.1073830127716064,19.44070816040039,1.451647162437439,12.28479290008545,1.279515027999878,False
3250,-33.06038284301758,1.411940097808838,20.820669174194336,1.7520618438720703,12.255081176757812,1.582000970840454,False
3251,-33.438697814941406,1.2944962978363037,20.52231788635254,1.6871113777160645,12.144363403320312,1.490803837776184,False
3252,-32.90975570678711,1.4587006568908691,20.953718185424805,1.7810262441635132,12.123924255371094,1.619863510131836,False
3253,-32.56925964355469,1.5644038915634155,20.4244327545166,1.665802001953125,12.164703369140625,1.615103006362915,False
3254,-32.23329544067383,1.6687003374099731,23.040409088134766,2.2352945804595947,12.235159873962402,1.9519975185394287,False
3255,-31.96773910522461,1.7511394023895264,22.59136199951172,2.137537956237793,12.304489135742188,1.9443386793136597,False
3256,-32.58645248413086,1.5590665340423584,23.494043350219727,2.334049701690674,12.294652938842773,1.9465581178665161,False
3257,-32.10350036621094,1.7089937925338745,23.653600692749023,2.3687851428985596,12.265007019042969,2.0388894081115723,False
3258,-32.356407165527344,1.6304816007614136,23.52897071838379,2.341653347015381,12.123924255371094,1.986067533493042,False
3259,-31.09776496887207,2.0212135314941406,22.75729751586914,2.173661708831787,12.265996932983398,2.097437620162964,False
3260,-30.74229621887207,2.1315648555755615,22.593307495117188,2.1379613876342773,12.195038795471191,2.134763240814209,False
3261,-31.56587791442871,1.8758928775787354,22.09927749633789,2.030412197113037,12.184951782226562,1.9531525373458862,False
3262,-30.981060028076172,2.057443141937256,21.834125518798828,1.972689151763916,12.184951782226562,2.015066146850586,False
3263,-31.294172286987305,1.9602409601211548,20.98801612854004,1.7884929180145264,12.154545783996582,1.8743669986724854,False
3264,-31.55075454711914,1.8805876970291138,22.539255142211914,2.126194477081299,12.154545783996582,2.0033910274505615,False
3265,-30.930002212524414,2.073293447494507,23.690824508666992,2.3768887519836426,12.235159873962402,2.225090980529785,False
3266,-31.04151153564453,2.0386767387390137,24.4825439453125,2.5492444038391113,12.205103874206543,2.2939605712890625,False
3267,-30.66636085510254,2.1551382541656494,25.650442123413086,2.8034932613372803,12.324095726013184,2.479315757751465,False
3268,-30.447650909423828,2.223034381866455,24.2913818359375,2.5076286792755127,12.411249160766602,2.3653316497802734,False
3269,-31.144861221313477,2.0065929889678955,25.202991485595703,2.7060842514038086,12.343615531921387,2.3563385009765625,False
3270,-30.207326889038086,2.297640323638916,26.186866760253906,2.920271873474121,12.363046646118164,2.6089560985565186,False
3271,-29.868427276611328,2.4028480052948,26.55313491821289,3.0000076293945312,12.431333541870117,2.701427936553955,False
3272,-30.33884620666504,2.2568116188049316,25.427974700927734,2.7550625801086426,12.487276077270508,2.505937099456787,False
3273,-30.22986602783203,2.2906432151794434,26.004501342773438,2.8805713653564453,12.402610778808594,2.5856072902679443,False
3274,-30.527873992919922,2.198129892349243,24.23155975341797,2.494605541229248,12.431333541870117,2.346367835998535,False
3275,-31.044954299926758,2.0376079082489014,27.118072509765625,3.1229934692382812,12.420825004577637,2.580300807952881,False
3276,-30.000520706176758,2.3618409633636475,28.998655319213867,3.5323925018310547,12.235159873962402,2.9471168518066406,False
3277,-29.87362289428711,2.4012351036071777,27.674909591674805,3.244215726852417,12.255081176757812,2.822725296020508,False
3278,-30.08289337158203,2.3362693786621094,26.814722061157227,3.0569546222686768,12.2151460647583,2.6966118812561035,False
3279,-30.88274574279785,2.087963819503784,23.25139808654785,2.281226396560669,12.285778999328613,2.1845951080322266,False
3280,-30.7889347076416,2.117086410522461,26.025962829589844,2.8852434158325195,12.195038795471191,2.5011649131774902,False
3281,-30.61440658569336,2.171266794204712,27.70180892944336,3.2500715255737305,12.184951782226562,2.7106690406799316,False
3282,-29.19976806640625,2.6104259490966797,28.98261260986328,3.528899669647217,12.31430435180664,3.0696628093719482,False
3283,-30.24956512451172,2.2845277786254883,28.002347946166992,3.3154983520507812,12.44942855834961,2.8000130653381348,False
3284,-30.166175842285156,2.310415267944336,27.55693244934082,3.2185323238372803,12.304489135742188,2.7644739151000977,False
3285,-30.059223175048828,2.3436174392700195,27.632225036621094,3.2349233627319336,12.382391929626465,2.7892704010009766,False
3286,-29.830894470214844,2.414499521255493,27.774126052856445,3.265815019607544,12.63545036315918,2.8401572704315186,False
3287,-29.640567779541016,2.4735844135284424,28.563257217407227,3.4376070499420166,12.430380821228027,2.9555957317352295,False
3288,-29.11537742614746,2.6366240978240967,28.019975662231445,3.3193359375,12.435340881347656,2.977980136871338,False
3289,-29.884143829345703,2.3979690074920654,27.049623489379883,3.1080923080444336,12.58968734741211,2.753030776977539,False
3290,-30.565675735473633,2.186394691467285,28.033527374267578,3.3222861289978027,12.353342056274414,2.754340410232544,False
3291,-28.631837844848633,2.786733627319336,28.06894874572754,3.3299973011016846,12.333866119384766,3.0583653450012207,False
3292,-28.301862716674805,2.8891708850860596,27.487884521484375,3.203500747680664,12.420825004577637,3.0463356971740723,False
3293,-29.934850692749023,2.3822274208068848,26.02645492553711,2.885350465774536,12.420825004577637,2.6337890625,False
3294,-31.48503303527832,1.9009902477264404,26.048357009887695,2.8901185989379883,12.294652938842773,2.395554542541504,False
3295,-29.6715145111084,2.463977336883545,25.24161148071289,2.714491844177246,12.2151460647583,2.5892345905303955,False
3296,-29.711750030517578,2.451486587524414,28.509721755981445,3.425952672958374,12.072406768798828,2.9387197494506836,False
3297,-29.839094161987305,2.411954164505005,26.253643035888672,2.9348089694976807,12.31430435180664,2.6733815670013428,False
3298,-30.580873489379883,2.1816768646240234,23.532541275024414,2.342430830001831,12.256073951721191,2.262053966522217,False
3299,-32.593284606933594,1.556945562362671,26.356647491455078,2.957232713699341,12.304489135742188,2.257089138031006,False
3300,-32.25248336791992,1.6627436876296997,24.802921295166016,2.6189897060394287,12.373696327209473,2.140866756439209,False
3301,-32.98004150390625,1.436881184577942,26.464614868164062,2.9807369709014893,12.487276077270508,2.2088091373443604,False
3302,-30.3371524810791,2.2573373317718506,28.481029510498047,3.419706344604492,12.76108169555664,2.838521957397461,False
3303,-31.40203094482422,1.9267573356628418,30.123291015625,3.7772231101989746,12.496685981750488,2.851990222930908,False
3304,-31.496986389160156,1.8972795009613037,30.361221313476562,3.8290200233459473,12.662678718566895,2.863149642944336,False
3305,-31.102474212646484,2.01975154876709,28.77480697631836,3.483660936355591,12.753111839294434,2.751706123352051,False
3306,-32.09931945800781,1.7102917432785034,28.389556884765625,3.3997929096221924,12.506075859069824,2.555042266845703,False
3307,-32.8704833984375,1.470892310142517,26.65141487121582,3.0214030742645264,12.43991470336914,2.246147632598877,False
3308,-32.84067153930664,1.4801470041275024,26.46821403503418,2.981520652770996,12.430380821228027,2.2308337688446045,False
3309,-32.05039978027344,1.7254782915115356,28.08527946472168,3.333552360534668,12.315282821655273,2.529515266418457,False
3310,-32.682186126708984,1.5293470621109009,28.289764404296875,3.378068208694458,12.255081176757812,2.453707695007324,False
3311,-32.01069259643555,1.7378050088882446,27.07293128967285,3.113166332244873,12.123924255371094,2.425485610961914,False
3312,-31.699308395385742,1.8344708681106567,28.403562545776367,3.4028420448303223,12.205103874206543,2.6186563968658447,False
3313,-31.951614379882812,1.7561451196670532,27.5574951171875,3.2186548709869385,12.216147422790527,2.4874000549316406,False
3314,-32.067317962646484,1.7202262878417969,24.481870651245117,2.549097776412964,12.082758903503418,2.13466215133667,False
3315,-32.70458221435547,1.5223945379257202,25.42245864868164,2.753861904144287,12.041200637817383,2.1381282806396484,False
3316,-32.487430572509766,1.5898067951202393,24.220706939697266,2.4922430515289307,12.041200637817383,2.041024923324585,False
3317,-31.288536071777344,1.9619905948638916,22.763572692871094,2.175027847290039,12.104418754577637,2.068509101867676,False
3318,-31.428451538085938,1.9185553789138794,23.300569534301758,2.291930913925171,12.144363403320312,2.10524320602417,False
3319,-30.453031539916992,2.2213640213012695,21.576133728027344,1.916524887084961,12.020269393920898,2.0689444541931152,False
3320,-32.01229476928711,1.7373075485229492,21.659751892089844,1.9347283840179443,12.116544723510742,1.8360179662704468,False
3321,-33.07246017456055,1.4081907272338867,20.627761840820312,1.710066318511963,12.041200637817383,1.5591285228729248,False
3322,-33.824031829833984,1.1748734712600708,21.217727661132812,1.8385006189346313,12.082758903503418,1.506687045097351,False
3323,-32.60496139526367,1.5533206462860107,21.468345642089844,1.8930596113204956,12.030746459960938,1.7231900691986084,False
3324,-32.373199462890625,1.6252686977386475,22.076663970947266,2.025489330291748,12.10339069366455,1.8253790140151978,False
3325,-32.854923248291016,1.4757227897644043,20.877336502075195,1.764398217201233,12.144363403320312,1.6200604438781738,False
3326,-33.53363037109375,1.2650254964828491,20.52606964111328,1.6879280805587769,12.10339069366455,1.476476788520813,False
3327,-33.65640640258789,1.226910948753357,20.785856246948242,1.7444831132888794,11.999238967895508,1.4856970310211182,False
3328,-32.78343963623047,1.4979140758514404,20.17450523376465,1.6113932132720947,12.134156227111816,1.5546536445617676,False
3329,-32.952701568603516,1.4453685283660889,21.477081298828125,1.8949613571166992,12.041200637817383,1.670164942741394,False
3330,-32.599700927734375,1.554953694343567,21.082752227783203,1.8091167211532593,11.870865821838379,1.682035207748413,False
3331,-32.447471618652344,1.6022117137908936,21.39242935180664,1.876532793045044,12.072406768798828,1.7393722534179688,False
3332,-32.10709762573242,1.7078770399093628,20.9290771484375,1.7756619453430176,11.999238967895508,1.741769552230835,False
3333,-33.25205612182617,1.352437138557434,20.692432403564453,1.7241449356079102,12.020269393920898,1.5382909774780273,False
3334,-33.31487274169922,1.332936406135559,21.98476791381836,2.005483627319336,12.020269393920898,1.6692099571228027,False
3335,-31.973440170288086,1.7493696212768555,21.898975372314453,1.986806869506836,12.051628112792969,1.8680882453918457,False
3336,-32.410343170166016,1.6137378215789795,21.633296966552734,1.928969144821167,12.051628112792969,1.7713534832000732,False
3337,-33.277587890625,1.3445111513137817,19.807207107543945,1.5314332246780396,12.041200637817383,1.4379721879959106,False
3338,-33.293670654296875,1.339518427848816,20.845375061035156,1.757440209388733,12.093087196350098,1.5484793186187744,False
3339,-32.76686477661133,1.5030595064163208,21.951839447021484,1.9983152151107788,12.093087196350098,1.7506873607635498,False
3340,-32.55885696411133,1.5676332712173462,22.14120101928711,2.039538860321045,12.052667617797852,1.8035860061645508,False
3341,-32.79313659667969,1.4949036836624146,21.130098342895508,1.8194239139556885,12.184951782226562,1.6571638584136963,False
3342,-34.25453186035156,1.041229486465454,21.8292293548584,1.9716233015060425,12.051628112792969,1.5064263343811035,False
3343,-32.395023345947266,1.618493676185608,19.825702667236328,1.5354596376419067,12.196044921875,1.5769766569137573,False
3344,-32.278568267822266,1.6546459197998047,21.417423248291016,1.8819739818572998,12.113670349121094,1.7683099508285522,False
3345,-32.93324661254883,1.4514081478118896,21.9393253326416,1.9955909252166748,12.195038795471191,1.7234995365142822,False
3346,-32.27566146850586,1.6555482149124146,21.098846435546875,1.8126204013824463,12.144363403320312,1.7340843677520752,False
3347,-32.18171310424805,1.6847134828567505,22.382579803466797,2.0920865535736084,12.009767532348633,1.8884000778198242,False
3348,-32.381309509277344,1.622750997543335,22.201770782470703,2.052724838256836,12.144363403320312,1.8377379179000854,False
3349,-31.756391525268555,1.816749930381775,23.230369567871094,2.27664852142334,12.154545783996582,2.046699285507202,False
3350,-31.414295196533203,1.922950029373169,22.610261917114258,2.1416523456573486,12.155561447143555,2.032301187515259,False
3351,-32.50505065917969,1.5843368768692017,22.4674129486084,2.1105544567108154,12.184951782226562,1.8474457263946533,False
3352,-32.89870834350586,1.4621301889419556,22.38961410522461,2.0936179161071777,12.225164413452148,1.7778739929199219,False
3353,-31.99027442932129,1.7441436052322388,24.360721588134766,2.522723913192749,12.137832641601562,2.1334338188171387,False
3354,-32.29532241821289,1.6494446992874146,23.620325088500977,2.3615410327911377,12.10339069366455,2.005492925643921,False
3355,-31.682790756225586,1.839598536491394,25.24860191345215,2.7160136699676514,12.123924255371094,2.277806043624878,False
3356,-31.95406723022461,1.7553837299346924,23.79289436340332,2.399109125137329,12.093087196350098,2.0772464275360107,False
3357,-32.1203727722168,1.7037559747695923,25.86895751953125,2.8510637283325195,12.093087196350098,2.277409791946411,False
3358,-32.456298828125,1.5994713306427002,24.552343368530273,2.564439535140991,12.123924255371094,2.0819554328918457,False
3359,-33.057762145996094,1.4127535820007324,23.748441696166992,2.3894317150115967,12.072406768798828,1.9010926485061646,False
3360,-32.28662109375,1.6521459817886353,21.883317947387695,1.983398199081421,12.225164413452148,1.8177721500396729,False
3361,-33.09864807128906,1.400061011314392,20.21860122680664,1.62099289894104,12.225164413452148,1.5105268955230713,False
3362,-33.877967834472656,1.1581296920776367,22.99378204345703,2.2251439094543457,12.206108093261719,1.6916368007659912,False
3363,-32.912559509277344,1.4578301906585693,22.48845100402832,2.1151344776153564,12.2151460647583,1.786482334136963,False
3364,-32.30658721923828,1.6459476947784424,21.20023536682129,1.8346925973892212,12.123924255371094,1.7403202056884766,False
3365,-32.52341079711914,1.5786371231079102,19.29933738708496,1.4208710193634033,11.967498779296875,1.4997540712356567,False
3366,-33.075904846191406,1.4071214199066162,20.51722526550293,1.6860027313232422,12.123924255371094,1.5465620756149292,False
3367,-32.665496826171875,1.534528136253357,18.984201431274414,1.352266550064087,12.195038795471191,1.4433972835540771,False
3368,-32.31557846069336,1.6431564092636108,19.50465202331543,1.4655675888061523,11.988685607910156,1.5543620586395264,False
3369,-32.41672134399414,1.611757755279541,18.154096603393555,1.171554446220398,12.134156227111816,1.3916561603546143,False
3370,-32.99180603027344,1.4332289695739746,19.20159912109375,1.3995935916900635,12.041200637817383,1.416411280632019,False
3371,-32.491920471191406,1.5884130001068115,18.92145538330078,1.3386069536209106,12.051628112792969,1.4635100364685059,False
3372,-32.88784408569336,1.4655028581619263,18.568525314331055,1.2617747783660889,12.072406768798828,1.3636388778686523,False
3373,-33.2323112487793,1.3585667610168457,19.843467712402344,1.5393270254135132,12.030746459960938,1.4489469528198242,False
3374,-33.04222106933594,1.4175782203674316,19.245494842529297,1.4091496467590332,12.009767532348633,1.4133639335632324,False
3375,-34.379451751708984,1.0024493932724,18.601238250732422,1.2688963413238525,12.072406768798828,1.1356728076934814,False
3376,-33.82283401489258,1.1752454042434692,19.90483283996582,1.552686095237732,11.999238967895508,1.3639657497406006,False
3377,-34.15895080566406,1.0709015130996704,18.534175872802734,1.2542970180511475,12.113670349121094,1.1625993251800537,False
3378,-32.89591598510742,1.4629969596862793,19.497238159179688,1.4639536142349243,12.042243003845215,1.463475227355957,False
3379,-33.119197845458984,1.393681526184082,19.784616470336914,1.526515245437622,12.072406768798828,1.460098385810852,False
3380,-33.7449951171875,1.1994096040725708,19.731597900390625,1.5149732828140259,12.154545783996582,1.3571914434432983,False
3381,-32.94641876220703,1.4473189115524292,19.904638290405273,1.5526437759399414,12.041200637817383,1.49998140335083,False
3382,-31.883474349975586,1.7772984504699707,20.506092071533203,1.6835789680480957,12.274911880493164,1.7304387092590332,False
3383,-32.66215896606445,1.5355643033981323,19.940053939819336,1.5603537559509277,12.093087196350098,1.5479590892791748,False
3384,-33.26971435546875,1.3469552993774414,20.40521240234375,1.6616177558898926,12.041200637817383,1.504286527633667,False
3385,-32.89701843261719,1.462654709815979,20.60305404663086,1.704687476158142,12.180100440979004,1.5836710929870605,False
3386,-33.94059753417969,1.138687014579773,19.340015411376953,1.4297266006469727,12.104418754577637,1.2842068672180176,False
3387,-34.043922424316406,1.106610894203186,19.166927337646484,1.3920456171035767,12.123924255371094,1.2493282556533813,False
3388,-34.118778228759766,1.083372712135315,18.07211685180664,1.1537076234817505,12.134156227111816,1.1185401678085327,False
3389,-33.930686950683594,1.1417635679244995,20.136476516723633,1.6031144857406616,12.041200637817383,1.3724390268325806,False
3390,-33.094276428222656,1.4014180898666382,19.10268211364746,1.3780596256256104,12.123924255371094,1.3897387981414795,False
3391,-33.27192306518555,1.3462697267532349,20.516551971435547,1.6858561038970947,12.113670349121094,1.5160629749298096,False
3392,-33.760372161865234,1.1946359872817993,19.39973258972168,1.4427268505096436,12.082758903503418,1.3186814785003662,False
3393,-32.76529312133789,1.5035474300384521,20.224763870239258,1.6223344802856445,12.235159873962402,1.5629409551620483,False
3394,-31.61760139465332,1.8598358631134033,21.036298751831055,1.7990039587020874,12.082758903503418,1.8294198513031006,False
3395,-32.42561340332031,1.6089973449707031,19.020687103271484,1.3602094650268555,12.113670349121094,1.4846034049987793,False
3396,-32.573089599609375,1.563214898109436,20.03045654296875,1.5800341367721558,12.093087196350098,1.571624517440796,False
3397,-31.510257720947266,1.8931595087051392,19.52547836303711,1.4701014757156372,12.184951782226562,1.6816304922103882,False
3398,-32.147605895996094,1.6953017711639404,20.01730728149414,1.5771715641021729,12.082758903503418,1.6362366676330566,False
3399,-31.25130271911621,1.973549246788025,20.266050338745117,1.6313223838806152,12.134156227111816,1.8024358749389648,False
3400,-31.48256492614746,1.9017565250396729,19.37535285949707,1.4374194145202637,12.093087196350098,1.6695879697799683,False
3401,-32.131919860839844,1.7001712322235107,18.73335838317871,1.2976585626602173,12.113670349121094,1.4989149570465088,False
3402,-32.38608932495117,1.6212670803070068,18.966527938842773,1.3484190702438354,12.093087196350098,1.4848430156707764,False
3403,-32.230838775634766,1.669463038444519,18.73114585876465,1.2971769571304321,12.052667617797852,1.4833199977874756,False
3404,-32.601829528808594,1.554292917251587,18.5770320892334,1.2636266946792603,12.11469554901123,1.4089598655700684,False
3405,-31.653949737548828,1.848551869392395,19.206892013549805,1.4007458686828613,12.134156227111816,1.6246488094329834,False
3406,-32.237247467041016,1.6674734354019165,21.60035514831543,1.9217978715896606,12.041200637817383,1.7946356534957886,False
3407,-32.71300506591797,1.5197796821594238,19.693063735961914,1.5065844058990479,12.063067436218262,1.5131820440292358,False
3408,-32.05263137817383,1.724785566329956,19.365846633911133,1.435349941253662,12.093087196350098,1.580067753791809,False
3409,-32.66309356689453,1.5352741479873657,19.100688934326172,1.3776257038116455,12.062029838562012,1.4564499855041504,False
3410,-32.3813591003418,1.622735619544983,18.548240661621094,1.2573587894439697,12.041200637817383,1.440047264099121,False
3411,-33.609012603759766,1.241623878479004,17.706438064575195,1.074100136756897,12.072406768798828,1.1578619480133057,False
3412,-33.88972091674805,1.154481053352356,18.10152244567871,1.1601091623306274,12.113670349121094,1.1572951078414917,False
3413,-33.367828369140625,1.3164969682693481,17.0036678314209,0.9211085438728333,12.195038795471191,1.118802785873413,False
3414,-33.65026092529297,1.2288187742233276,17.408849716186523,1.009315848350525,12.154545783996582,1.1190673112869263,False
3415,-33.6861686706543,1.2176716327667236,18.26491355895996,1.1956790685653687,12.051628112792969,1.2066752910614014,False
3416,-33.287750244140625,1.3413562774658203,18.379961013793945,1.2207247018814087,12.072406768798828,1.2810404300689697,False
3417,-32.635093688964844,1.5439664125442505,18.600481033325195,1.2687314748764038,12.235159873962402,1.4063489437103271,False
3418,-32.21205520629883,1.6752941608428955,18.517559051513672,1.2506794929504395,12.105860710144043,1.4629868268966675,False
3419,-32.73043441772461,1.5143688917160034,18.193716049194336,1.1801795959472656,12.245131492614746,1.3472743034362793,False
3420,-32.81855010986328,1.4870144128799438,18.821720123291016,1.316894769668579,12.134156227111816,1.4019546508789062,False
3421,-32.786434173583984,1.4969844818115234,18.365901947021484,1.217664122581482,12.104418754577637,1.3573243618011475,False
3422,-32.151512145996094,1.6940890550613403,18.641155242919922,1.2775861024856567,12.062029838562012,1.4858375787734985,False
3423,-32.1200065612793,1.7038695812225342,18.475297927856445,1.2414793968200684,12.205103874206543,1.4726744890213013,False
3424,-31.869150161743164,1.7817453145980835,20.256595611572266,1.6292641162872314,12.274911880493164,1.7055046558380127,False
3425,-32.47016525268555,1.5951666831970215,20.882183074951172,1.7654532194137573,12.294652938842773,1.6803100109100342,False
3426,-32.74907302856445,1.5085828304290771,21.202016830444336,1.8350803852081299,12.477845191955566,1.6718316078186035,False
3427,-31.370704650878906,1.936482310295105,21.871822357177734,1.9808956384658813,12.072406768798828,1.9586889743804932,False
3428,-31.595027923583984,1.866843581199646,19.492429733276367,1.462906837463379,12.144363403320312,1.6648752689361572,False
3429,-31.834060668945312,1.7926384210586548,22.153072357177734,2.042123317718506,12.093087196350098,1.9173808097839355,False
3430,-32.7936897277832,1.4947320222854614,19.54388427734375,1.474108338356018,12.093087196350098,1.4844201803207397,False
3431,-31.685510635375977,1.8387541770935059,19.215497970581055,1.4026193618774414,12.134156227111816,1.6206867694854736,False
3432,-31.584556579589844,1.8700942993164062,21.933334350585938,1.9942866563796997,12.124947547912598,1.9321904182434082,False
3433,-32.53047180175781,1.57644522190094,22.960336685180664,2.217863082885742,12.2151460647583,1.8971540927886963,False
3434,-31.626232147216797,1.85715651512146,21.677743911743164,1.9386452436447144,12.164703369140625,1.8979008197784424,False
3435,-31.628978729248047,1.8563039302825928,23.79021453857422,2.3985257148742676,12.255081176757812,2.1274147033691406,False
3436,-31.575307846069336,1.8729654550552368,24.34429931640625,2.519148826599121,12.245131492614746,2.196057081222534,False
3437,-32.432437896728516,1.6068787574768066,24.85537338256836,2.630408525466919,12.2151460647583,2.1186437606811523,False
3438,-32.81071472167969,1.489446759223938,25.959026336669922,2.870671510696411,12.165717124938965,2.1800591945648193,False
3439,-32.4902229309082,1.5889400243759155,25.851226806640625,2.8472037315368652,12.174839973449707,2.218071937561035,False
3440,-32.1790771484375,1.6855318546295166,24.244016647338867,2.4973175525665283,12.2151460647583,2.0914247035980225,False
3441,-31.700542449951172,1.8340877294540405,25.94845962524414,2.86837100982666,12.246126174926758,2.351229429244995,False
3442,-32.159820556640625,1.6915098428726196,25.470016479492188,2.7642149925231934,12.185959815979004,2.2278623580932617,False
3443,-30.881216049194336,2.0884387493133545,24.7065486907959,2.5980095863342285,12.123924255371094,2.343224048614502,False
3444,-32.0877571105957,1.7138811349868774,24.435829162597656,2.539074659347534,12.10339069366455,2.1264779567718506,False
3445,-32.754520416259766,1.5068917274475098,23.274593353271484,2.28627610206604,12.255081176757812,1.896583914756775,False
3446,-32.73097229003906,1.5142019987106323,22.721899032592773,2.1659555435180664,12.196044921875,1.8400788307189941,False
3447,-32.79954147338867,1.492915391921997,22.26515007019043,2.0665223598480225,12.245131492614746,1.7797188758850098,False
3448,-31.57522201538086,1.8729920387268066,21.517480850219727,1.9037562608718872,12.134156227111816,1.8883740901947021,False
3449,-32.89181900024414,1.4642688035964966,21.766820907592773,1.95803701877594,12.041200637817383,1.7111529111862183,False
3450,-32.69353103637695,1.5258251428604126,22.51563262939453,2.121051788330078,12.180100440979004,1.8234384059906006,False
3451,-31.829660415649414,1.7940044403076172,22.2154598236084,2.0557048320770264,12.083791732788086,1.9248546361923218,False
3452,-32.81489181518555,1.4881501197814941,19.70380210876465,1.5089222192764282,12.236156463623047,1.4985361099243164,False
3453,-32.47160720825195,1.5947190523147583,19.253173828125,1.4108213186264038,12.10339069366455,1.502770185470581,False
3454,-33.24784469604492,1.3537445068359375,17.90328025817871,1.1169523000717163,12.382391929626465,1.2353484630584717,False
3455,-32.81474304199219,1.4881962537765503,18.308486938476562,1.205164909362793,12.154545783996582,1.3466806411743164,False
3456,-32.74953079223633,1.5084407329559326,20.665626525878906,1.7183092832565308,12.123924255371094,1.613374948501587,False
3457,-33.33694839477539,1.3260833024978638,20.40273666381836,1.6610788106918335,12.009767532348633,1.4935810565948486,False
3458,-32.39649200439453,1.6180377006530762,18.47410011291504,1.2412185668945312,12.041200637817383,1.4296281337738037,False
3459,-32.15121841430664,1.6941802501678467,19.431194305419922,1.4495760202407837,12.164703369140625,1.57187819480896,False
3460,-31.39230728149414,1.9297759532928467,19.14432144165039,1.3871244192123413,12.093087196350098,1.6584501266479492,False
3461,-31.754364013671875,1.817379355430603,20.7033748626709,1.7265270948410034,12.344588279724121,1.7719532251358032,False
3462,-32.573429107666016,1.5631095170974731,19.562232971191406,1.4781028032302856,12.144363403320312,1.5206061601638794,False
3463,-31.373233795166016,1.935697078704834,20.67660903930664,1.7207002639770508,12.072406768798828,1.8281986713409424,False
3464,-32.161685943603516,1.690930724143982,19.705148696899414,1.5092153549194336,11.978105545043945,1.6000730991363525,False
3465,-31.979511260986328,1.7474849224090576,19.763519287109375,1.5219224691390991,11.978105545043945,1.6347036361694336,False
3466,-32.1291618347168,1.701027512550354,19.547578811645508,1.4749126434326172,12.041200637817383,1.5879700183868408,False
3467,-31.94951057434082,1.756798267364502,19.14330291748047,1.3869026899337769,12.020269393920898,1.5718505382537842,False
3468,-32.00456237792969,1.7397080659866333,18.48196792602539,1.2429313659667969,12.073441505432129,1.4913196563720703,False
3469,-30.972732543945312,2.060028314590454,18.699275970458984,1.290238857269287,12.507012367248535,1.6751335859298706,False
3470,-30.456567764282227,2.220266103744507,20.642663955688477,1.7133104801177979,12.009767532348633,1.9667882919311523,False
3471,-31.243284225463867,1.9760385751724243,21.429786682128906,1.8846653699874878,11.999238967895508,1.930351972579956,False
3472,-31.35618019104004,1.9409912824630737,20.464773178100586,1.6745840311050415,11.989740371704102,1.8077876567840576,False
3473,-31.440359115600586,1.9148588180541992,19.901607513427734,1.5519839525222778,12.010817527770996,1.7334213256835938,False
3474,-30.636274337768555,2.164478063583374,19.270811080932617,1.414660930633545,12.246126174926758,1.7895694971084595,False
3475,-32.49739074707031,1.5867148637771606,18.860858917236328,1.3254151344299316,11.999238967895508,1.4560649394989014,False
3476,-31.941064834594727,1.7594201564788818,18.568490982055664,1.2617672681808472,12.082758903503418,1.5105936527252197,False
3477,-31.44214630126953,1.9143040180206299,18.48943328857422,1.2445565462112427,12.020269393920898,1.579430341720581,False
3478,-31.4193115234375,1.921392798423767,19.6240234375,1.4915544986724854,12.020269393920898,1.7064735889434814,False
3479,-30.864944458007812,2.0934901237487793,19.88119888305664,1.5475410223007202,12.030746459960938,1.8205156326293945,False
3480,-31.86821174621582,1.7820366621017456,20.74215316772461,1.7349690198898315,11.989740371704102,1.7585028409957886,False
3481,-29.98986053466797,2.365150213241577,19.847591400146484,1.5402247905731201,12.226163864135742,1.9526875019073486,False
3482,-29.979625701904297,2.3683276176452637,20.041969299316406,1.582540512084961,12.072406768798828,1.9754340648651123,False
3483,-30.64699935913086,2.1611487865448,20.74009132385254,1.7345201969146729,12.169571876525879,1.9478344917297363,False
3484,-30.88994789123535,2.0857279300689697,21.261444091796875,1.8480175733566284,12.496685981750488,1.9668726921081543,False
3485,-30.165542602539062,2.3106117248535156,22.064861297607422,2.0229198932647705,12.113670349121094,2.1667656898498535,False
3486,-29.94209098815918,2.3799798488616943,23.248546600341797,2.2806055545806885,12.123924255371094,2.3302927017211914,False
3487,-28.910839080810547,2.700120687484741,22.181161880493164,2.0482382774353027,12.235159873962402,2.3741793632507324,False
3488,-28.8044376373291,2.733151912689209,23.04909896850586,2.2371864318847656,12.274911880493164,2.4851691722869873,False
3489,-30.07935905456543,2.3373665809631348,23.620304107666016,2.3615365028381348,12.28479290008545,2.3494515419006348,False
3490,-31.32378578186035,1.9510477781295776,21.103525161743164,1.8136389255523682,12.363046646118164,1.8823432922363281,False
3491,-31.38096809387207,1.9332960844039917,20.46273422241211,1.6741400957107544,12.324095726013184,1.803718090057373,False
3492,-30.763912200927734,2.124854326248169,21.231679916381836,1.8415379524230957,12.516380310058594,1.9831961393356323,False
3493,-29.628820419311523,2.47723126411438,22.153350830078125,2.0421838760375977,12.44942855834961,2.259707450866699,False
3494,-29.073518753051758,2.649618625640869,21.43263053894043,1.8852845430374146,12.382391929626465,2.267451524734497,False
3495,-29.382278442382812,2.553767681121826,22.292268753051758,2.0724260807037354,12.44942855834961,2.3130970001220703,False
3496,-29.623071670532227,2.479015827178955,22.732624053955078,2.168290376663208,12.552724838256836,2.323653221130371,False
3497,-29.389095306396484,2.5516514778137207,24.39094352722168,2.5293030738830566,12.561994552612305,2.5404772758483887,False
3498,-30.454195022583008,2.2210028171539307,23.993087768554688,2.442690849304199,12.274911880493164,2.3318467140197754,False
3499,-29.767723083496094,2.434110403060913,23.9309139251709,2.4291555881500244,12.2151460647583,2.4316329956054688,False
3500,-28.902538299560547,2.70269775390625,22.786733627319336,2.180069923400879,12.154545783996582,2.4413838386535645,False
3501,-28.209197998046875,2.917937755584717,24.32941246032715,2.5159080028533936,12.245131492614746,2.7169227600097656,False
3502,-30.625377655029297,2.167860984802246,22.94767189025879,2.2151057720184326,12.420825004577637,2.191483497619629,False
3503,-30.675655364990234,2.152252674102783,22.50938606262207,2.119691848754883,12.274911880493164,2.135972261428833,False
3504,-30.072044372558594,2.339637279510498,24.955596923828125,2.6522269248962402,12.225164413452148,2.495932102203369,False
3505,-30.189056396484375,2.303312063217163,24.18470573425293,2.484405517578125,12.051628112792969,2.3938589096069336,False
3506,-30.564205169677734,2.1868512630462646,25.60759735107422,2.794166088104248,12.134156227111816,2.490508556365967,False
3507,-29.71211814880371,2.4513723850250244,25.339950561523438,2.7358999252319336,12.154545783996582,2.5936360359191895,False
3508,-31.982995986938477,1.7464030981063843,22.224075317382812,2.0575804710388184,12.478788375854492,1.901991844177246,False
3509,-30.942340850830078,2.0694632530212402,20.058385848999023,1.5861142873764038,12.195038795471191,1.8277888298034668,False
3510,-30.242324829101562,2.286775588989258,23.564985275268555,2.3494937419891357,12.164703369140625,2.3181347846984863,False
3511,-31.320491790771484,1.9520703554153442,22.095857620239258,2.029667615890503,12.144363403320312,1.9908690452575684,False
3512,-32.07975769042969,1.7163645029067993,19.989604949951172,1.5711408853530884,12.294652938842773,1.6437526941299438,False
3513,-31.713699340820312,1.830003261566162,19.534273147583008,1.4720160961151123,12.134156227111816,1.6510096788406372,False
3514,-31.41094970703125,1.9239885807037354,20.362648010253906,1.6523514986038208,12.164703369140625,1.7881700992584229,False
3515,-32.32387161254883,1.6405819654464722,20.506916046142578,1.6837583780288696,12.284003257751465,1.662170171737671,False
3516,-31.82485580444336,1.7954959869384766,20.012205123901367,1.5760608911514282,12.235159873962402,1.6857783794403076,False
3517,-31.767610549926758,1.8132671117782593,19.786725997924805,1.5269745588302612,12.206108093261719,1.6701208353042603,False
3518,-30.046894073486328,2.347444772720337,20.22127342224121,1.6215746402740479,12.184951782226562,1.9845097064971924,False
3519,-30.664154052734375,2.155823230743408,21.486324310302734,1.8969734907150269,12.333866119384766,2.0263984203338623,False
3520,-30.867691040039062,2.092637300491333,20.771896362304688,1.7414441108703613,12.421780586242676,1.9170407056808472,False
3521,-30.448999404907227,2.2226157188415527,21.506746292114258,1.9014194011688232,12.440865516662598,2.0620174407958984,False
3522,-29.687519073486328,2.4590089321136475,20.96699333190918,1.7839162349700928,12.515445709228516,2.12146258354187,False
3523,-29.472909927368164,2.525631904602051,22.6099796295166,2.1415910720825195,12.46839427947998,2.333611488342285,False
3524,-30.34060287475586,2.2562661170959473,22.355297088623047,2.0861470699310303,12.430380821228027,2.171206474304199,False
3525,-29.868722915649414,2.4027562141418457,19.5765323638916,1.4812158346176147,12.421780586242676,1.941986083984375,False
3526,-30.152076721191406,2.3147921562194824,21.91289520263672,1.9898371696472168,12.392993927001953,2.1523146629333496,False
3527,-28.403390884399414,2.8576526641845703,22.273130416870117,2.0682597160339355,12.363046646118164,2.462956190109253,False
3528,-29.322813034057617,2.572227954864502,23.916263580322266,2.425966262817383,12.2151460647583,2.4990971088409424,False
3529,-29.177921295166016,2.6172080039978027,25.252519607543945,2.7168664932250977,12.062029838562012,2.66703724861145,False
3530,-28.937963485717773,2.6917002201080322,23.435073852539062,2.3212122917175293,12.113670349121094,2.5064563751220703,False
3531,-28.950393676757812,2.6878414154052734,21.64154624938965,1.9307650327682495,12.051628112792969,2.3093032836914062,False
3532,-29.115102767944336,2.636709451675415,21.884660720825195,1.9836905002593994,12.285778999328613,2.3101999759674072,False
3533,-29.478626251220703,2.523857355117798,23.8400936126709,2.409384250640869,12.113670349121094,2.466620922088623,False
3534,-29.724300384521484,2.4475905895233154,24.160017013549805,2.4790308475494385,12.072406768798828,2.463310718536377,False
3535,-29.88288688659668,2.3983590602874756,23.287561416625977,2.2890992164611816,12.205103874206543,2.343729019165039,False
3536,-29.378562927246094,2.5549209117889404,24.02920150756836,2.4505527019500732,12.072406768798828,2.502736806869507,False
3537,-29.50776481628418,2.5148117542266846,24.322895050048828,2.51448917388916,12.134156227111816,2.514650344848633,False
3538,-31.087003707885742,2.0245542526245117,23.745513916015625,2.388794422149658,12.255081176757812,2.206674337387085,False
3539,-30.1251220703125,2.32315993309021,21.76219940185547,1.957031011581421,12.543435096740723,2.1400954723358154,False
3540,-29.625104904174805,2.4783847332000732,22.020122528076172,2.0131802558898926,12.245131492614746,2.2457823753356934,False
3541,-30.91408348083496,2.078235387802124,21.37793731689453,1.8733779191970825,12.265007019042969,1.975806713104248,False
3542,-30.66617202758789,2.1551966667175293,21.11715316772461,1.816605806350708,12.072406768798828,1.9859012365341187,False
3543,-30.2020263671875,2.299285650253296,19.853973388671875,1.5416141748428345,12.333866119384766,1.92044997215271,False
3544,-29.22203826904297,2.6035122871398926,20.460742950439453,1.6737066507339478,12.113670349121094,2.1386094093322754,False
3545,-29.500062942504883,2.517202615737915,23.0272159576416,2.232422351837158,12.082758903503418,2.374812602996826,False
3546,-30.379714965820312,2.244124174118042,24.298654556274414,2.509212017059326,12.205103874206543,2.3766679763793945,False
3547,-28.98214340209961,2.677985191345215,23.122264862060547,2.2531144618988037,12.236156463623047,2.465549945831299,False
3548,-29.94864845275879,2.377944231033325,23.39340591430664,2.312141180038452,12.169571876525879,2.3450427055358887,False
3549,-29.13591957092285,2.630247116088867,24.261547088623047,2.501133680343628,12.195038795471191,2.565690517425537,False
3550,-29.88547134399414,2.397556781768799,22.327983856201172,2.0802011489868164,12.094117164611816,2.2388789653778076,False
3551,-31.094417572021484,2.0222525596618652,22.523496627807617,2.1227638721466064,12.164703369140625,2.0725083351135254,False
3552,-32.28900146484375,1.65140700340271,22.617298126220703,2.143184185028076,12.165717124938965,1.897295594215393,False
3553,-30.596099853515625,2.176949977874756,20.952177047729492,1.7806907892227173,12.051628112792969,1.9788203239440918,False
3554,-30.49585723876953,2.208069086074829,22.49132537841797,2.115760087966919,12.255081176757812,2.161914587020874,False
3555,-31.123498916625977,2.0132246017456055,21.58243179321289,1.9178959131240845,12.062029838562012,1.9655601978302002,False
3556,-31.461801528930664,1.9082022905349731,21.583786010742188,1.9181907176971436,12.164703369140625,1.9131965637207031,False
3557,-32.012630462646484,1.7372033596038818,20.61988639831543,1.7083518505096436,12.184951782226562,1.7227776050567627,False
3558,-31.46216583251953,1.9080891609191895,23.018930435180664,2.230618715286255,12.051628112792969,2.0693540573120117,False
3559,-30.412935256958008,2.233811378479004,21.08420181274414,1.8094322681427002,11.988685607910156,2.0216217041015625,False
3560,-30.690771102905273,2.1475603580474854,21.847919464111328,1.9756920337677002,12.062029838562012,2.0616261959075928,False
3561,-30.489652633666992,2.2099952697753906,21.82652473449707,1.9710345268249512,12.113670349121094,2.090514898300171,False
3562,-31.446983337402344,1.9128023386001587,22.25505256652832,2.064324140548706,12.072406768798828,1.9885632991790771,False
3563,-32.62120056152344,1.5482794046401978,20.838605880737305,1.7559665441513062,12.093087196350098,1.652122974395752,False
3564,-33.28243637084961,1.343005895614624,19.09002685546875,1.3753045797348022,12.030746459960938,1.3591551780700684,False
3565,-33.04654312133789,1.416236400604248,20.150882720947266,1.6062506437301636,12.041200637817383,1.5112435817718506,False
3566,-32.61640548706055,1.5497679710388184,17.812427520751953,1.097173810005188,12.009767532348633,1.3234708309173584,False
3567,-31.606246948242188,1.8633607625961304,17.481319427490234,1.025092363357544,12.072406768798828,1.4442265033721924,False
3568,-31.735219955444336,1.8233224153518677,16.116619110107422,0.7279998660087585,12.020269393920898,1.2756611108779907,False
3569,-33.15314865112305,1.3831418752670288,17.27495002746582,0.9801661372184753,12.062029838562012,1.1816539764404297,False
3570,-33.082767486572266,1.4049910306930542,18.709735870361328,1.2925159931182861,12.051628112792969,1.3487534523010254,False
3571,-33.06934356689453,1.4091582298278809,16.82944107055664,0.8831797242164612,12.10339069366455,1.1461689472198486,False
3572,-31.91097068786621,1.7687625885009766,17.555912017822266,1.0413309335708618,12.021316528320312,1.4050467014312744,False
3573,-32.39226531982422,1.6193498373031616,16.171512603759766,0.7399500608444214,12.072406768798828,1.1796499490737915,False
3574,-33.46697998046875,1.2857164144515991,18.518451690673828,1.2508738040924072,12.030746459960938,1.2682950496673584,False
3575,-32.72543716430664,1.5159202814102173,16.898340225219727,0.8981789350509644,12.093087196350098,1.2070496082305908,False
3576,-32.55982971191406,1.567331314086914,18.47039222717285,1.240411400794983,11.978105545043945,1.4038712978363037,False
3577,-31.4694766998291,1.9058195352554321,15.427603721618652,0.5780026912689209,12.052667617797852,1.2419111728668213,False
3578,-31.716991424560547,1.8289812803268433,16.369016647338867,0.7829462885856628,12.010817527770996,1.3059637546539307,False
3579,-32.52363967895508,1.578566074371338,17.388864517211914,1.00496506690979,12.195038795471191,1.291765570640564,False
3580,-32.450374603271484,1.6013104915618896,16.841535568237305,0.8858126997947693,12.295281410217285,1.2435616254806519,False
3581,-31.368003845214844,1.9373207092285156,17.733495712280273,1.0799905061721802,12.195038795471191,1.5086555480957031,False
3582,-32.37158203125,1.6257708072662354,16.176780700683594,0.7410969138145447,12.225164413452148,1.1834338903427124,False
3583,-31.992382049560547,1.7434892654418945,16.0304012298584,0.7092304229736328,12.285778999328613,1.2263598442077637,False
3584,-31.92194366455078,1.7653560638427734,17.988393783569336,1.135481357574463,12.44942855834961,1.4504187107086182,False
3585,-31.27707290649414,1.9655492305755615,17.400741577148438,1.0075507164001465,12.382391929626465,1.486549973487854,False
3586,-31.009990692138672,2.0484619140625,16.656232833862305,0.8454726934432983,12.265007019042969,1.446967363357544,False
3587,-31.74576759338379,1.8200480937957764,17.8358211517334,1.102266550064087,12.304489135742188,1.4611573219299316,False
3588,-31.31586456298828,1.9535068273544312,16.954885482788086,0.9104887247085571,12.245131492614746,1.4319977760314941,False
3589,-32.36335754394531,1.6283239126205444,17.420549392700195,1.0118627548217773,12.245131492614746,1.3200933933258057,False
3590,-33.33354187011719,1.3271408081054688,18.45332908630371,1.2366968393325806,12.154545783996582,1.2819187641143799,False
3591,-32.457733154296875,1.599026083946228,16.275726318359375,0.762637197971344,12.343615531921387,1.1808316707611084,False
3592,-32.20817565917969,1.676498532295227,17.23255157470703,0.9709360599517822,12.823431015014648,1.3237173557281494,False
3593,-32.23390579223633,1.668510913848877,16.26461410522461,0.76021808385849,13.035283088684082,1.2143645286560059,False
3594,-32.42071533203125,1.6105178594589233,16.981342315673828,0.9162483215332031,12.598877906799316,1.263383150100708,False
3595,-32.527835845947266,1.5772634744644165,16.49638557434082,0.810674250125885,12.144363403320312,1.1939688920974731,False
3596,-33.28279495239258,1.3428946733474731,17.1016902923584,0.94244784116745,12.11469554901123,1.1426712274551392,False
3597,-32.37123489379883,1.6258785724639893,18.378002166748047,1.2202982902526855,11.978105545043945,1.4230884313583374,False
3598,-31.965133666992188,1.7519482374191284,18.547412872314453,1.2571786642074585,12.009767532348633,1.5045634508132935,False
3599,-32.60879135131836,1.5521317720413208,17.405994415283203,1.0086941719055176,11.988685607910156,1.2804129123687744,False
3600,-32.25423049926758,1.6622012853622437,16.94727897644043,0.9088327884674072,12.051628112792969,1.2855169773101807,False
3601,-32.39353561401367,1.6189554929733276,17.691696166992188,1.0708909034729004,12.10339069366455,1.3449232578277588,False
3602,-31.73485565185547,1.8234355449676514,17.75377655029297,1.0844056606292725,12.082758903503418,1.453920602798462,False
3603,-32.0643424987793,1.7211499214172363,17.630434036254883,1.0575542449951172,12.062029838562012,1.3893520832061768,False
3604,-31.956830978393555,1.7545257806777954,18.093441009521484,1.158349871635437,12.093087196350098,1.4564378261566162,False
3605,-31.658138275146484,1.8472516536712646,18.60167694091797,1.2689918279647827,12.062029838562012,1.558121681213379,False
3606,-31.554922103881836,1.8792939186096191,19.650686264038086,1.4973589181900024,12.373696327209473,1.688326358795166,False
3607,-31.864654541015625,1.7831408977508545,19.245548248291016,1.4091612100601196,12.2151460647583,1.5961511135101318,False
3608,-31.491052627563477,1.8991215229034424,19.3228816986084,1.4259965419769287,12.124947547912598,1.6625590324401855,False
3609,-31.85651969909668,1.7856662273406982,19.206918716430664,1.4007517099380493,12.041200637817383,1.5932090282440186,False
3610,-31.156917572021484,2.00285005569458,19.43549156188965,1.4505115747451782,12.072406768798828,1.7266807556152344,False
3611,-30.311616897583008,2.2652645111083984,19.111373901367188,1.37995183467865,12.063067436218262,1.822608232498169,False
3612,-31.363243103027344,1.9387986660003662,21.1837215423584,1.8310976028442383,12.134156227111816,1.8849481344223022,False
3613,-31.9342041015625,1.761549949645996,18.909074783325195,1.3359116315841675,12.137832641601562,1.5487308502197266,False
3614,-31.32294273376465,1.9513094425201416,20.439529418945312,1.6690884828567505,12.030746459960938,1.8101990222930908,False
3615,-31.012178421020508,2.0477828979492188,19.778568267822266,1.5251985788345337,12.051628112792969,1.7864906787872314,False
3616,-32.41539764404297,1.6121686697006226,18.536441802978516,1.2547903060913086,11.999238967895508,1.4334795475006104,False
3617,-32.418296813964844,1.6112686395645142,20.07136344909668,1.5889395475387573,12.031791687011719,1.6001040935516357,False
3618,-31.567829132080078,1.8752871751785278,19.571002960205078,1.480012059211731,12.093087196350098,1.6776496171951294,False
3619,-30.879905700683594,2.0888454914093018,19.231191635131836,1.4060359001159668,12.051628112792969,1.7474406957626343,False
3620,-28.965450286865234,2.6831674575805664,17.992172241210938,1.1363039016723633,12.009767532348633,1.9097356796264648,False
3621,-29.688220977783203,2.4587910175323486,17.752094268798828,1.0840394496917725,12.113670349121094,1.7714152336120605,False
3622,-31.040992736816406,2.0388376712799072,20.401742935180664,1.6608624458312988,12.062029838562012,1.849850058555603,False
3623,-30.62595558166504,2.1676814556121826,21.1041202545166,1.8137685060501099,12.082758903503418,1.990725040435791,False
3624,-29.309736251831055,2.5762875080108643,21.43737030029297,1.8863162994384766,12.155561447143555,2.231301784515381,False
3625,-29.89900779724121,2.393354654312134,22.254236221313477,2.0641462802886963,12.123924255371094,2.228750467300415,False
3626,-30.03606414794922,2.350806951522827,20.383047103881836,1.656792402267456,12.134156227111816,2.0037996768951416,False
3627,-31.388187408447266,1.931054949760437,20.359149932861328,1.6515899896621704,12.10339069366455,1.7913224697113037,False
3628,-31.8391170501709,1.7910687923431396,20.38660430908203,1.657566785812378,12.072406768798828,1.7243177890777588,False
3629,-32.33562469482422,1.6369333267211914,22.17700958251953,2.0473341941833496,12.082758903503418,1.8421337604522705,False
3630,-31.764402389526367,1.814263105392456,20.437458038330078,1.6686375141143799,12.082758903503418,1.741450309753418,False
3631,-31.757858276367188,1.8162946701049805,19.28465461730957,1.4176746606826782,12.10339069366455,1.6169846057891846,False
3632,-32.076927185058594,1.7172431945800781,18.728879928588867,1.296683669090271,12.10339069366455,1.5069634914398193,False
3633,-31.562637329101562,1.8768988847732544,18.65885353088379,1.2814390659332275,12.072406768798828,1.5791690349578857,False
3634,-31.365190505981445,1.9381940364837646,19.030466079711914,1.3623383045196533,12.041200637817383,1.650266170501709,False
3635,-32.302513122558594,1.6472125053405762,19.406780242919922,1.444261074066162,12.051628112792969,1.5457367897033691,False
3636,-33.495216369628906,1.276950716972351,18.322267532348633,1.208164930343628,12.063067436218262,1.2425577640533447,False
3637,-34.34666442871094,1.0126279592514038,20.96415901184082,1.783299207687378,12.010817527770996,1.397963523864746,False
3638,-34.103580474853516,1.0880906581878662,19.348773956298828,1.4316332340240479,12.062029838562012,1.259861946105957,False
3639,-35.52880096435547,0.6456464529037476,18.5430850982666,1.2562364339828491,11.967498779296875,0.9509414434432983,False
3640,-35.857200622558594,0.5436983704566956,17.453292846679688,1.0189909934997559,11.999238967895508,0.7813446521759033,False
3641,-35.76237487792969,0.5731359720230103,17.995948791503906,1.137126088142395,11.988685607910156,0.8551310300827026,False
3642,-35.3303337097168,0.7072584629058838,19.276348114013672,1.4158663749694824,11.97916316986084,1.061562418937683,False
3643,-35.53209686279297,0.6446232795715332,19.188655853271484,1.3967758417129517,12.093087196350098,1.0206995010375977,False
3644,-33.866111755371094,1.161810278892517,15.194149017333984,0.5271800756454468,11.935527801513672,0.8444951772689819,False
3645,-33.967281341552734,1.1304032802581787,14.619391441345215,0.4020565450191498,11.988685607910156,0.7662299275398254,False
3646,-33.35731506347656,1.3197606801986694,15.981739044189453,0.6986367702484131,11.997551918029785,1.0091986656188965,False
3647,-35.36577224731445,0.6962569355964661,16.064043045043945,0.7165541648864746,11.924816131591797,0.706405520439148,False
3648,-36.1757926940918,0.4447949230670929,18.044960021972656,1.1477956771850586,11.999238967895508,0.7962952852249146,False
3649,-35.990455627441406,0.5023307800292969,18.479665756225586,1.2424302101135254,12.083791732788086,0.8723804950714111,False
3650,-36.694644927978516,0.2837228775024414,18.22079086303711,1.186073660850525,12.113670349121094,0.7348982691764832,False
3651,-37.451053619384766,0.048904016613960266,18.881284713745117,1.3298618793487549,12.030746459960938,0.6893829703330994,False
3652,-37.023197174072266,0.18172739446163177,19.632734298706055,1.4934508800506592,12.113670349121094,0.8375891447067261,False
3653,-36.849639892578125,0.2356063723564148,19.58371925354004,1.4827803373336792,12.294652938842773,0.8591933250427246,False
3654,-37.578758239746094,0.00925950426608324,20.96690559387207,1.7838971614837646,12.44942855834961,0.896578311920166,False
3655,-37.53384017944336,0.023203827440738678,21.54543685913086,1.9098422527313232,12.458921432495117,0.9665230512619019,False
3656,-38.079471588134766,-0.14618150889873505,20.008445739746094,1.5752424001693726,12.544363975524902,0.7145304679870605,False
3657,-36.22073745727539,0.4308423101902008,19.06801414489746,1.3705124855041504,12.839966773986816,0.9006773829460144,False
3658,-36.80550003051758,0.24930910766124725,17.44860076904297,1.0179694890975952,12.662678718566895,0.6336392760276794,False
3659,-36.03214645385742,0.4893883168697357,18.608928680419922,1.2705705165863037,12.123924255371094,0.8799794316291809,False
3660,-35.68132019042969,0.5982985496520996,20.59098243713379,1.7020595073699951,12.174839973449707,1.1501790285110474,False
3661,-36.380615234375,0.38120996952056885,20.675230026245117,1.7203999757766724,12.134156227111816,1.0508049726486206,False
3662,-35.95445251464844,0.5135075449943542,21.419801712036133,1.8824917078018188,12.225164413452148,1.1979995965957642,False
3663,-34.55956268310547,0.9465359449386597,22.46997833251953,2.1111130714416504,12.175850868225098,1.5288245677947998,False
3664,-34.76454162597656,0.8829024434089661,21.914291381835938,1.9901410341262817,12.11469554901123,1.4365217685699463,False
3665,-33.856319427490234,1.1648502349853516,23.942663192749023,2.431713342666626,12.113670349121094,1.7982817888259888,False
3666,-34.05330276489258,1.1036988496780396,24.06209945678711,2.457714557647705,12.144363403320312,1.7807066440582275,False
3667,-35.20711135864258,0.745511531829834,22.474674224853516,2.112135171890259,12.030746459960938,1.4288233518600464,False
3668,-35.01686477661133,0.8045715093612671,21.334003448486328,1.8638136386871338,12.009767532348633,1.3341925144195557,False
3669,-33.93186569213867,1.1413977146148682,19.75748062133789,1.520607829093933,11.988685607910156,1.3310027122497559,False
3670,-35.33299255371094,0.7064330577850342,18.31648826599121,1.206906795501709,11.935527801513672,0.9566699266433716,False
3671,-35.62076187133789,0.6170982122421265,18.508378982543945,1.2486810684204102,11.967498779296875,0.9328896403312683,False
3672,-36.34621047973633,0.3918905556201935,18.178939819335938,1.1769628524780273,11.946210861206055,0.7844266891479492,False
3673,-36.14928436279297,0.45302414894104004,17.02655792236328,0.9260916709899902,11.935527801513672,0.6895579099655151,False
3674,-34.82239532470703,0.8649424314498901,19.214820861816406,1.4024720191955566,11.999238967895508,1.1337072849273682,False
3675,-35.30332946777344,0.7156416177749634,16.965251922607422,0.912745475769043,12.030746459960938,0.8141935467720032,False
3676,-34.18414306640625,1.063080906867981,17.29775047302246,0.985129714012146,11.925887107849121,1.0241053104400635,False
3677,-35.395050048828125,0.6871680021286011,16.093950271606445,0.7230648994445801,12.041200637817383,0.7051164507865906,False
3678,-35.88412094116211,0.5353412628173828,15.298415184020996,0.5498785972595215,12.008504867553711,0.5426099300384521,False
3679,-35.31497573852539,0.7120261788368225,16.230642318725586,0.7528225183486938,11.999238967895508,0.7324243783950806,False
3680,-35.145286560058594,0.7647043466567993,14.38020133972168,0.3499853312969208,11.978105545043945,0.5573448538780212,False
3681,-35.23552322387695,0.7366913557052612,14.500213623046875,0.376111775636673,12.164703369140625,0.5564015507698059,False
3682,-35.71730041503906,0.5871288776397705,14.01436996459961,0.270344614982605,12.093087196350098,0.42873674631118774,False
3683,-36.40676498413086,0.37309208512306213,14.320150375366211,0.3369123637676239,11.967498779296875,0.355002224445343,False
3684,-35.96979522705078,0.5087445974349976,14.413229942321777,0.3571755886077881,11.999238967895508,0.4329600930213928,False
3685,-36.349517822265625,0.390863835811615,14.59628677368164,0.3970266878604889,12.072406768798828,0.39394527673721313,False
3686,-36.05533218383789,0.4821905791759491,15.55449104309082,0.6056257486343384,12.041200637817383,0.5439081788063049,False
3687,-35.00489044189453,0.8082888126373291,14.805546760559082,0.4425821602344513,12.041200637817383,0.625435471534729,False
3688,-35.891841888427734,0.53294438123703,13.958013534545898,0.25807592272758484,11.946210861206055,0.39551013708114624,False
3689,-35.23624801635742,0.7364663481712341,14.770852088928223,0.43502920866012573,12.020269393920898,0.5857477784156799,False
3690,-35.21611404418945,0.7427167296409607,13.376091957092285,0.13139282166957855,12.10339069366455,0.4370547831058502,False
3691,-34.53825378417969,0.9531510472297668,15.169598579406738,0.5218355059623718,12.051628112792969,0.7374932765960693,False
3692,-34.11525344848633,1.0844669342041016,17.19651222229004,0.9630903601646423,11.97916316986084,1.0237786769866943,False
3693,-34.25192642211914,1.0420383214950562,16.795042037963867,0.8756911158561707,12.134156227111816,0.958864688873291,False
3694,-34.74489974975586,0.8890000581741333,17.74443817138672,1.0823726654052734,12.154545783996582,0.9856863617897034,False
3695,-34.831993103027344,0.8619629144668579,17.80498504638672,1.0955536365509033,12.10339069366455,0.9787582755088806,False
3696,-34.233612060546875,1.0477237701416016,16.406492233276367,0.7911046743392944,11.956868171691895,0.919414222240448,False
3697,-33.292179107666016,1.3399814367294312,16.1934871673584,0.7447338700294495,12.062029838562012,1.0423576831817627,False
3698,-33.68348693847656,1.2185041904449463,17.035436630249023,0.9280245304107666,12.093087196350098,1.0732643604278564,False
3699,-34.579830169677734,0.9402441382408142,16.78502082824707,0.8735095262527466,12.00029182434082,0.906876802444458,False
3700,-34.82585144042969,0.8638694882392883,16.48522186279297,0.8082439303398132,11.97916316986084,0.8360567092895508,False
3701,-34.97894287109375,0.8163439035415649,20.419137954711914,1.664649248123169,11.999238967895508,1.2404966354370117,False
3702,-34.90879440307617,0.8381207585334778,17.56273078918457,1.0428154468536377,12.020269393920898,0.9404680728912354,False
3703,-33.95868682861328,1.1330713033676147,16.767189025878906,0.8696275949478149,11.978105545043945,1.0013494491577148,False
3704,-34.360084533691406,1.008461833000183,18.922086715698242,1.3387444019317627,12.009767532348633,1.1736030578613281,False
3705,-33.19729995727539,1.3694356679916382,16.370328903198242,0.7832319736480713,11.870865821838379,1.07633376121521,False
3706,-32.075382232666016,1.717722773551941,19.499095916748047,1.4643580913543701,11.957930564880371,1.5910403728485107,False
3707,-33.73058319091797,1.2038836479187012,20.486669540405273,1.679350733757019,12.062029838562012,1.4416172504425049,False
3708,-33.124244689941406,1.3921148777008057,20.735305786132812,1.7334784269332886,12.051628112792969,1.5627965927124023,False
3709,-33.28794860839844,1.341294765472412,20.706573486328125,1.7272233963012695,11.935527801513672,1.5342590808868408,False
3710,-33.96268081665039,1.131831407546997,19.12589454650879,1.383112907409668,12.294652938842773,1.2574721574783325,False
3711,-34.12213134765625,1.0823317766189575,16.620256423950195,0.8376407027244568,12.314696311950684,0.9599862098693848,False
3712,-33.77899932861328,1.18885338306427,18.209524154663086,1.1836209297180176,12.225164413452148,1.186237096786499,False
3713,-33.854530334472656,1.1654056310653687,16.71215057373047,0.8576458692550659,12.00029182434082,1.0115257501602173,False
3714,-33.51652526855469,1.2703355550765991,14.888278007507324,0.4605925679206848,12.134156227111816,0.8654640913009644,False
3715,-33.3734245300293,1.314759612083435,14.322916030883789,0.3375144600868225,12.333866119384766,0.8261370658874512,False
3716,-33.64198684692383,1.2313873767852783,13.544529914855957,0.16806140542030334,12.469339370727539,0.6997243762016296,False
3717,-33.88467788696289,1.1560466289520264,14.272236824035645,0.3264816999435425,12.552724838256836,0.7412641644477844,False
3718,-33.575218200683594,1.25211501121521,12.196433067321777,-0.12541647255420685,12.353342056274414,0.5633492469787598,False
3719,-32.79566955566406,1.4941173791885376,12.952129364013672,0.03909704089164734,12.216147422790527,0.7666072249412537,False
3720,-32.04856872558594,1.7260466814041138,12.923684120178223,0.032904572784900665,12.082758903503418,0.8794756531715393,False
3721,-33.21923828125,1.3626251220703125,13.781638145446777,0.21967938542366028,12.164703369140625,0.7911522388458252,False
3722,-32.8094367980957,1.489843487739563,13.417960166931152,0.14050744473934174,12.083791732788086,0.815175473690033,False
3723,-33.98548126220703,1.1247532367706299,15.976552963256836,0.6975077986717224,12.051628112792969,0.9111305475234985,False
3724,-32.339256286621094,1.6358059644699097,16.056838989257812,0.7149858474731445,11.924816131591797,1.1753959655761719,False
3725,-32.99147033691406,1.433333158493042,14.564748764038086,0.3901609480381012,12.021316528320312,0.9117470383644104,False
3726,-34.132850646972656,1.0790040493011475,15.614242553710938,0.6186335682868958,11.956868171691895,0.8488187789916992,False
3727,-34.847103118896484,0.8572721481323242,15.04141902923584,0.4939310550689697,11.924816131591797,0.675601601600647,False
3728,-34.68437957763672,0.9077879190444946,16.595439910888672,0.8322381973266602,11.978105545043945,0.8700130581855774,False
3729,-35.105552673339844,0.7770392894744873,15.014699935913086,0.4881143569946289,11.988685607910156,0.6325768232345581,False
3730,-35.601863861083984,0.6229648590087891,13.833044052124023,0.2308703362941742,11.978105545043945,0.4269176125526428,False
3731,-35.1120491027832,0.775022566318512,13.2108736038208,0.09542512148618698,11.924816131591797,0.43522384762763977,False
3732,-34.88058090209961,0.8468793630599976,12.33767318725586,-0.09466879069805145,11.956868171691895,0.37610527873039246,False
3733,-36.27659606933594,0.4135015904903412,11.726911544799805,-0.22763033211231232,12.195038795471191,0.09293562918901443,False
3734,-34.773033142089844,0.8802663683891296,12.34283447265625,-0.09354519098997116,12.235159873962402,0.39336058497428894,False
3735,-34.416603088378906,0.9909161925315857,12.120444297790527,-0.1419590711593628,12.093087196350098,0.42447856068611145,False
3736,-34.49714660644531,0.9659123420715332,12.316385269165039,-0.09930312633514404,12.072406768798828,0.4333046078681946,False
3737,-34.754730224609375,0.8859483003616333,11.456092834472656,-0.2865869998931885,11.988685607910156,0.2996806502342224,False
3738,-34.53522872924805,0.9540901780128479,12.555620193481445,-0.04722218215465546,12.093087196350098,0.4534339904785156,False
3739,-34.9399299621582,0.8284550905227661,14.095231056213379,0.2879478931427002,12.030746459960938,0.5582014918327332,False
3740,-34.994327545166016,0.8115679025650024,14.85779857635498,0.4539572596549988,11.999238967895508,0.6327625513076782,False
3741,-35.150672912597656,0.7630321979522705,12.180042266845703,-0.1289847195148468,11.978105545043945,0.31702375411987305,False
3742,-35.99259948730469,0.5016652345657349,13.287306785583496,0.11206447333097458,11.978105545043945,0.306864857673645,False
3743,-35.29655838012695,0.7177436351776123,13.084735870361328,0.06796520203351974,12.052043914794922,0.3928544223308563,False
3744,-35.68344497680664,0.5976389050483704,13.756473541259766,0.21420109272003174,12.010817527770996,0.40591999888420105,False
3745,-36.80615997314453,0.24910424649715424,13.446732521057129,0.1467711180448532,11.925887107849121,0.19793768227100372,False
3746,-36.842201232910156,0.23791562020778656,14.207305908203125,0.31234636902809143,12.185959815979004,0.2751309871673584,False
3747,-36.68592834472656,0.286428838968277,12.992974281311035,0.0479888953268528,12.123924255371094,0.16720886528491974,False
3748,-34.52836990356445,0.9562194347381592,14.117647171020508,0.292827844619751,12.093087196350098,0.6245236396789551,False
3749,-34.17496109008789,1.0659313201904297,12.536507606506348,-0.05138295143842697,12.123924255371094,0.5072742104530334,False
3750,-33.38167953491211,1.312196969985962,13.074028015136719,0.06563412398099899,12.164703369140625,0.6889155507087708,False
3751,-33.980167388916016,1.1264029741287231,11.89553451538086,-0.19092145562171936,12.10339069366455,0.4677407741546631,False
3752,-34.87753677368164,0.8478243350982666,12.959548950195312,0.04071227088570595,12.094117164611816,0.4442683160305023,False
3753,-34.03898239135742,1.1081444025039673,14.413460731506348,0.35722583532333374,12.113670349121094,0.7326850891113281,False
3754,-35.18831253051758,0.7513474225997925,17.89462661743164,1.1150684356689453,12.030746459960938,0.9332079291343689,False
3755,-35.27790451049805,0.7235345244407654,16.445518493652344,0.7996006011962891,12.154545783996582,0.7615675926208496,False
3756,-35.70875549316406,0.5897815227508545,16.99855613708496,0.9199957251548767,12.051628112792969,0.754888653755188,False
3757,-36.70404815673828,0.28080374002456665,16.44786262512207,0.800110936164856,12.063067436218262,0.5404573678970337,False
3758,-36.053504943847656,0.4827578067779541,15.553629875183105,0.6054382920265198,12.031791687011719,0.5440980195999146,False
3759,-35.73373031616211,0.5820283889770508,16.81299591064453,0.8795996904373169,11.957930564880371,0.7308140397071838,False
3760,-36.804046630859375,0.24976029992103577,16.699838638305664,0.8549655675888062,11.936595916748047,0.5523629188537598,False
3761,-37.506046295166016,0.03183213621377945,13.592689514160156,0.17854565382003784,12.009767532348633,0.10518889129161835,False
3762,-36.400230407714844,0.3751206696033478,12.10890007019043,-0.14447222650051117,12.041200637817383,0.1153242215514183,False
3763,-35.63081741333008,0.6139765381813049,12.378576278686523,-0.08576427400112152,12.062029838562012,0.2641061246395111,False
3764,-35.82173156738281,0.5547093152999878,12.338603019714355,-0.09446636587381363,11.978105545043945,0.23012147843837738,False
3765,-35.2447624206543,0.7338231205940247,11.041345596313477,-0.3768766224384308,12.020269393920898,0.17847324907779694,False
3766,-34.903499603271484,0.8397644758224487,11.768148422241211,-0.21865314245224,11.967498779296875,0.31055566668510437,False
3767,-36.576541900634766,0.320386677980423,12.29355525970459,-0.10427317023277283,11.935527801513672,0.10805675387382507,False
3768,-35.46139144897461,0.6665729880332947,13.054903984069824,0.06147086247801781,12.020269393920898,0.3640219271183014,False
3769,-35.014068603515625,0.8054395318031311,11.967005729675293,-0.17536231875419617,12.030746459960938,0.31503862142562866,False
3770,-36.14713668823242,0.45369085669517517,13.5003023147583,0.15843315422534943,12.072406768798828,0.3060620129108429,False
3771,-36.174034118652344,0.4453408420085907,14.103255271911621,0.28969475626945496,12.030746459960938,0.3675177991390228,False
3772,-35.3546028137207,0.6997243762016296,14.258010864257812,0.32338473200798035,12.031791687011719,0.5115545392036438,False
3773,-35.41927719116211,0.679646909236908,15.130002975463867,0.5132156014442444,12.041200637817383,0.5964312553405762,False
3774,-35.384002685546875,0.6905975341796875,16.92562484741211,0.9041187763214111,12.030746459960938,0.7973581552505493,False
3775,-35.3170051574707,0.7113961577415466,16.976154327392578,0.915118932723999,12.009767532348633,0.8132575750350952,False
3776,-34.580135345458984,0.9401493668556213,15.09765625,0.5061737895011902,12.504199981689453,0.7231615781784058,False
3777,-33.648094177246094,1.2294914722442627,15.159941673278809,0.519733190536499,12.164703369140625,0.8746123313903809,False
3778,-33.94382095336914,1.1376862525939941,15.924482345581055,0.6861721277236938,12.082758903503418,0.911929190158844,False
3779,-34.99295425415039,0.8119942545890808,15.472586631774902,0.5877953767776489,12.072406768798828,0.6998947858810425,False
3780,-35.342987060546875,0.703330397605896,15.159562110900879,0.5196505784988403,12.009767532348633,0.6114904880523682,False
3781,-36.050254821777344,0.4837667644023895,15.808380126953125,0.660896897315979,11.956868171691895,0.5723318457603455,False
3782,-35.474369049072266,0.6625442504882812,16.086257934570312,0.7213903069496155,11.999238967895508,0.691967248916626,False
3783,-35.686771392822266,0.5966062545776367,15.793275833129883,0.6576087474822998,11.988685607910156,0.6271075010299683,False
3784,-37.368431091308594,0.07455328106880188,13.213827133178711,0.09606809914112091,12.062029838562012,0.0853106901049614,False
3785,-37.752384185791016,-0.044640783220529556,12.598198890686035,-0.037952885031700134,11.978105545043945,-0.041296832263469696,False
3786,-37.76532745361328,-0.04865888133645058,12.5635347366333,-0.045499201864004135,12.062029838562012,-0.047079041600227356,False
3787,-36.72795486450195,0.27338215708732605,13.619670867919922,0.1844194382429123,12.031791687011719,0.22890079021453857,False
3788,-37.607757568359375,0.0002569782081991434,13.693066596984863,0.2003975361585617,12.144363403320312,0.1003272607922554,False
3789,-36.756675720214844,0.2644660770893097,12.066675186157227,-0.1536644995212555,12.082758903503418,0.0554007887840271,False
3790,-37.0856819152832,0.16232968866825104,11.075847625732422,-0.3693656027317047,12.093087196350098,-0.10351795703172684,False
3791,-36.95796585083008,0.20197775959968567,11.829645156860352,-0.20526543259620667,12.009767532348633,-0.001643836498260498,False
3792,-36.56795120239258,0.3230535686016083,11.848871231079102,-0.20107996463775635,12.020269393920898,0.060986801981925964,False
3793,-37.92158889770508,-0.09716854989528656,11.76643180847168,-0.2190268486738205,12.041200637817383,-0.15809769928455353,False
3794,-38.24237060546875,-0.19675174355506897,12.04631233215332,-0.15809744596481323,12.00029182434082,-0.1774245947599411,False
3795,-36.4901123046875,0.3472177982330322,11.11036491394043,-0.3618512451648712,12.009767532348633,-0.007316723465919495,False
3796,-36.105777740478516,0.46653029322624207,12.97898006439209,0.04494238272309303,12.10339069366455,0.2557363510131836,False
3797,-36.746826171875,0.26752376556396484,12.637036323547363,-0.029498059302568436,12.134156227111816,0.11901285499334335,False
3798,-36.56010055541992,0.32549071311950684,11.156128883361816,-0.3518885374069214,12.10339069366455,-0.013198912143707275,False
3799,-36.870513916015625,0.22912625968456268,10.725680351257324,-0.44559627771377563,12.009767532348633,-0.10823500901460648,False
3800,-36.00658416748047,0.4973238706588745,14.052973747253418,0.2787485718727112,12.051628112792969,0.38803622126579285,False
3801,-34.41238784790039,0.9922247529029846,14.858259201049805,0.4540575444698334,12.082758903503418,0.7231411337852478,False
3802,-33.07314682006836,1.40797758102417,11.827095031738281,-0.20582059025764465,12.042243003845215,0.6010785102844238,False
3803,-32.332801818847656,1.6378096342086792,14.756009101867676,0.43179792165756226,12.154545783996582,1.0348037481307983,False
3804,-32.16353225708008,1.6903575658798218,13.39123249053955,0.13468888401985168,12.174839973449707,0.9125232100486755,False
3805,-32.73773956298828,1.512101173400879,15.768238067626953,0.6521580815315247,12.020269393920898,1.0821295976638794,False
3806,-33.08949279785156,1.4029031991958618,19.274919509887695,1.4155553579330444,12.082758903503418,1.4092292785644531,False
3807,-32.922122955322266,1.4548612833023071,17.605318069458008,1.052086591720581,12.072406768798828,1.2534739971160889,False
3808,-31.979890823364258,1.747367024421692,19.650848388671875,1.4973942041397095,12.253092765808105,1.6223806142807007,False
3809,-32.6158561706543,1.5499385595321655,18.98389434814453,1.3521997928619385,12.561994552612305,1.4510691165924072,False
3810,-33.27521514892578,1.345247745513916,18.412965774536133,1.227909803390503,12.343615531921387,1.2865787744522095,False
3811,-32.83058166503906,1.4832793474197388,17.18846321105957,0.9613381028175354,12.144363403320312,1.2223087549209595,False
3812,-32.32781982421875,1.639356255531311,19.129384994506836,1.3838727474212646,12.324095726013184,1.5116145610809326,False
3813,-33.02875518798828,1.4217585325241089,19.212684631347656,1.4020068645477295,12.255081176757812,1.4118826389312744,False
3814,-33.612396240234375,1.240573525428772,16.021175384521484,0.7072219848632812,12.205103874206543,0.9738977551460266,False
3815,-35.347782135009766,0.7018417716026306,18.856502532958984,1.3244668245315552,12.155561447143555,1.0131542682647705,False
3816,-33.33277130126953,1.3273800611495972,17.676898956298828,1.0676695108413696,12.009767532348633,1.1975247859954834,False
3817,-32.344173431396484,1.634279489517212,17.472009658813477,1.0230655670166016,12.020269393920898,1.3286725282669067,False
3818,-31.837373733520508,1.7916098833084106,17.425125122070312,1.0128588676452637,12.009767532348633,1.4022343158721924,False
3819,-33.47720718383789,1.2825415134429932,16.731197357177734,0.861792266368866,11.956868171691895,1.072166919708252,False
3820,-33.81802749633789,1.1767375469207764,17.474166870117188,1.0235352516174316,12.093087196350098,1.100136399269104,False
3821,-35.572635650634766,0.6320384740829468,16.868711471557617,0.8917288184165955,12.3543119430542,0.7618836164474487,False
3822,-36.88086700439453,0.22591225802898407,18.965394973754883,1.3481724262237549,11.935527801513672,0.7870423197746277,False
3823,-37.61689758300781,-0.0025804401375353336,18.891748428344727,1.3321397304534912,11.903316497802734,0.6647796630859375,False
3824,-37.00773620605469,0.1865270882844925,18.28569984436035,1.2002042531967163,12.009767532348633,0.6933656930923462,False
3825,-37.96636962890625,-0.11107023805379868,18.115556716918945,1.163164496421814,11.967498779296875,0.5260471105575562,False
3826,-37.71338653564453,-0.032534386962652206,15.728011131286621,0.6434007287025452,11.978105545043945,0.3054331839084625,False
3827,-36.925296783447266,0.21211950480937958,11.978742599487305,-0.1728072315454483,11.956868171691895,0.019656136631965637,False
3828,-37.008975982666016,0.1861422210931778,12.186019897460938,-0.12768340110778809,12.041200637817383,0.029229409992694855,False
3829,-37.870357513427734,-0.08126432448625565,11.924127578735352,-0.18469680845737457,12.021316528320312,-0.1329805701971054,False
3830,-37.49213790893555,0.03614984452724457,10.28714370727539,-0.5410647988319397,12.051628112792969,-0.25245746970176697,False
3831,-36.85652160644531,0.23347002267837524,11.89319133758545,-0.19143156707286835,12.030746459960938,0.02101922780275345,False
3832,-36.50736999511719,0.3418603539466858,12.241211891174316,-0.11566821485757828,12.042243003845215,0.11309607326984406,False
3833,-36.85136413574219,0.2350710928440094,13.856681823730469,0.23601622879505157,11.968559265136719,0.23554366827011108,False
3834,-38.074859619140625,-0.14474977552890778,12.757502555847168,-0.0032728100195527077,12.372730255126953,-0.07401129603385925,False
3835,-37.88658905029297,-0.0863032266497612,11.937512397766113,-0.18178296089172363,11.999238967895508,-0.13404309749603271,False
3836,-38.653289794921875,-0.3243171274662018,14.3870849609375,0.35148388147354126,12.020269393920898,0.013583377003669739,False
3837,-38.473594665527344,-0.26853275299072266,17.40017318725586,1.0074269771575928,12.062029838562012,0.36944711208343506,False
3838,-37.86789321899414,-0.0804993063211441,12.539955139160156,-0.05063243210315704,12.072406768798828,-0.06556586921215057,False
3839,-37.853511810302734,-0.07603475451469421,12.06920051574707,-0.15311473608016968,12.041200637817383,-0.11457474529743195,False
3840,-39.171695709228516,-0.4852506220340729,13.219772338867188,0.09736236184835434,12.041200637817383,-0.19394412636756897,False
3841,-39.04861831665039,-0.4470425844192505,13.3388671875,0.1232890635728836,11.953460693359375,-0.16187676787376404,False
3842,-39.247825622558594,-0.5088843107223511,13.150805473327637,0.08234842121601105,11.94727611541748,-0.2132679522037506,False
3843,-39.38998031616211,-0.5530146956443787,12.391096115112305,-0.08303873240947723,11.978105545043945,-0.31802672147750854,False
3844,-38.48823928833008,-0.2730790078639984,12.787043571472168,0.0031582077499479055,11.999238967895508,-0.13496039807796478,False
3845,-39.37603759765625,-0.5486863255500793,12.623433113098145,-0.03245944902300835,11.924816131591797,-0.2905728816986084,False
3846,-39.15026092529297,-0.47859641909599304,11.168502807617188,-0.3491947650909424,11.914080619812012,-0.4138956069946289,False
3847,-39.789588928222656,-0.677068829536438,11.524813652038574,-0.27162662148475647,11.967498779296875,-0.47434771060943604,False
3848,-39.8152961730957,-0.6850494146347046,11.166265487670898,-0.3496818244457245,11.870865821838379,-0.5173656344413757,False
3849,-39.71745681762695,-0.6546761989593506,11.730698585510254,-0.2268058955669403,11.90439224243164,-0.44074106216430664,False
3850,-39.45008850097656,-0.571674644947052,11.02450180053711,-0.38054347038269043,11.81623649597168,-0.4761090576648712,False
3851,-39.52925109863281,-0.5962498188018799,11.403775215148926,-0.29797643423080444,11.859994888305664,-0.44711312651634216,False
3852,-39.90406799316406,-0.7126076221466064,10.796476364135742,-0.43018412590026855,11.81623649597168,-0.5713958740234375,False
3853,-39.61288070678711,-0.6222116947174072,9.7503023147583,-0.6579340696334839,11.881710052490234,-0.6400728821754456,False
3854,-39.9381103515625,-0.7231757044792175,10.112516403198242,-0.5790808200836182,11.870865821838379,-0.6511282920837402,False
3855,-39.663421630859375,-0.6379016041755676,10.591499328613281,-0.4748072028160095,11.805229187011719,-0.5563544034957886,False
3856,-40.42158508300781,-0.8732652068138123,9.674246788024902,-0.6744911670684814,11.738584518432617,-0.7738782167434692,False
3857,-40.263824462890625,-0.8242900967597961,10.840161323547363,-0.42067402601242065,11.946210861206055,-0.6224820613861084,False
3858,-39.41569519042969,-0.5609976053237915,9.945249557495117,-0.615494430065155,11.881710052490234,-0.5882459878921509,False
3859,-39.138214111328125,-0.4748566150665283,9.374994277954102,-0.7396378517150879,11.783127784729004,-0.6072472333908081,False
3860,-39.00236129760742,-0.432682603597641,10.59060001373291,-0.4750030040740967,11.839262962341309,-0.45384281873703003,False
3861,-39.662208557128906,-0.6375250220298767,11.649005889892578,-0.24459022283554077,11.881710052490234,-0.44105762243270874,False
3862,-39.90684509277344,-0.7134697437286377,12.002923011779785,-0.1675432026386261,11.870865821838379,-0.4405064582824707,False
3863,-39.225162506103516,-0.5018488168716431,13.96972370147705,0.2606252133846283,11.838171005249023,-0.12061180174350739,False
3864,-39.68228530883789,-0.6437576413154602,12.926111221313477,0.03343294560909271,11.84909725189209,-0.30516234040260315,False
3865,-40.026695251464844,-0.7506759166717529,11.159628868103027,-0.3511265814304352,11.838171005249023,-0.5509012341499329,False
3866,-39.94866943359375,-0.7264536619186401,10.957682609558105,-0.39508986473083496,11.805229187011719,-0.5607717633247375,False
3867,-40.069427490234375,-0.7639417052268982,10.838312149047852,-0.42107656598091125,11.89252758026123,-0.5925091505050659,False
3868,-39.94621658325195,-0.7256922125816345,11.179603576660156,-0.34677812457084656,11.84909725189209,-0.5362351536750793,False
3869,-39.450862884521484,-0.5719150304794312,10.883135795593262,-0.4113185703754425,11.84909725189209,-0.49161678552627563,False
3870,-40.093528747558594,-0.7714236974716187,9.925114631652832,-0.6198777556419373,11.84909725189209,-0.6956506967544556,False
3871,-39.906227111816406,-0.7132779359817505,10.984082221984863,-0.389342725276947,11.924816131591797,-0.5513103008270264,False
3872,-39.388431549072266,-0.5525339245796204,10.197066307067871,-0.5606744885444641,11.84909725189209,-0.5566042065620422,False
3873,-38.7571907043457,-0.35657206177711487,10.661934852600098,-0.45947355031967163,11.875207901000977,-0.40802282094955444,False
3874,-38.8807373046875,-0.3949257433414459,10.312996864318848,-0.5354366302490234,11.859994888305664,-0.4651811718940735,False
3875,-38.04131317138672,-0.13433565199375153,11.034751892089844,-0.37831205129623413,11.881710052490234,-0.25632384419441223,False
3876,-38.08168411254883,-0.14686836302280426,13.335271835327148,0.12250635772943497,11.903316497802734,-0.012181002646684647,False
3877,-37.472999572753906,0.04209113493561745,13.318803787231445,0.11892130225896835,11.903316497802734,0.08050622045993805,False
3878,-37.33220672607422,0.08579874038696289,11.267230987548828,-0.3277018368244171,11.859994888305664,-0.12095154821872711,False
3879,-37.35899353027344,0.07748307287693024,12.416321754455566,-0.07754716277122498,11.968559265136719,-3.2044947147369385e-05,False
3880,-37.39130401611328,0.06745263189077377,13.47608470916748,0.15316103398799896,11.999238967895508,0.11030682921409607,False
3881,-36.140724182128906,0.45568156242370605,14.24782657623291,0.32116761803627014,11.94727611541748,0.3884245753288269,False
3882,-36.62493133544922,0.3053646981716156,15.140946388244629,0.515597939491272,11.924816131591797,0.410481333732605,False
3883,-37.259300231933594,0.10843177139759064,13.282183647155762,0.11094917356967926,11.903316497802734,0.10969047248363495,False
3884,-38.198509216308594,-0.18313544988632202,12.732233047485352,-0.008773929439485073,11.881710052490234,-0.09595468640327454,False
3885,-38.56428909301758,-0.2966878414154053,13.157925605773926,0.08389845490455627,11.924816131591797,-0.1063946932554245,False
3886,-38.1155891418457,-0.15739381313323975,12.16865062713623,-0.1314646452665329,11.957930564880371,-0.14442923665046692,False
3887,-38.986000061035156,-0.42760342359542847,12.121392250061035,-0.1417527049779892,11.924816131591797,-0.28467807173728943,False
3888,-38.98998260498047,-0.428839772939682,12.166810989379883,-0.13186512887477875,11.924816131591797,-0.2803524434566498,False
3889,-39.674560546875,-0.6413595676422119,10.173173904418945,-0.565875768661499,12.174839973449707,-0.6036176681518555,False
3890,-39.40381622314453,-0.5573099255561829,9.680832862854004,-0.6730574369430542,12.2151460647583,-0.6151837110519409,False
3891,-39.3764533996582,-0.5488154292106628,10.05789852142334,-0.5909709930419922,12.041200637817383,-0.5698932409286499,False
3892,-39.1221923828125,-0.4698828458786011,10.882925987243652,-0.41136422753334045,11.956868171691895,-0.44062352180480957,False
3893,-37.73967361450195,-0.04069492593407631,10.01309585571289,-0.600724458694458,12.030746459960938,-0.3207097053527832,False
3894,-37.4117546081543,0.06110396608710289,10.930846214294434,-0.40093210339546204,11.968559265136719,-0.16991406679153442,False
3895,-37.10434341430664,0.15653643012046814,11.690740585327148,-0.23550467193126678,12.2151460647583,-0.03948412090539932,False
3896,-37.62820816040039,-0.006091685965657234,12.505880355834961,-0.05805043876171112,12.174839973449707,-0.0320710614323616,False
3897,-37.28557586669922,0.10027478635311127,14.320685386657715,0.337028831243515,12.123924255371094,0.21865180134773254,False
3898,-37.87053298950195,-0.08131879568099976,12.735930442810059,-0.007969014346599579,12.041200637817383,-0.04464390501379967,False
3899,-37.85111999511719,-0.07529224455356598,13.091236114501953,0.06938029080629349,12.10339069366455,-0.0029559768736362457,False
3900,-37.139408111572266,0.1456509828567505,13.018806457519531,0.05361250787973404,12.072406768798828,0.09963174164295197,False
3901,-36.75407791137695,0.2652725577354431,11.68646240234375,-0.23643602430820465,12.063067436218262,0.014418266713619232,False
3902,-36.56927490234375,0.32264262437820435,13.333840370178223,0.12219473719596863,11.89252758026123,0.2224186807870865,False
3903,-36.86515426635742,0.23079010844230652,13.050848960876465,0.06058809161186218,11.89252758026123,0.14568910002708435,False
3904,-37.94449234008789,-0.10427866876125336,14.430376052856445,0.36090826988220215,12.030746459960938,0.1283147931098938,False
3905,-36.855491638183594,0.23378975689411163,14.615569114685059,0.40122440457344055,11.956868171691895,0.3175070881843567,False
3906,-37.405052185058594,0.06318466365337372,14.686037063598633,0.4165651500225067,11.98766803741455,0.23987489938735962,False
3907,-38.375343322753906,-0.23803167045116425,14.8580904006958,0.45402079820632935,11.967498779296875,0.10799456387758255,False
3908,-38.19812774658203,-0.18301703035831451,14.982711791992188,0.48115062713623047,11.967498779296875,0.14906680583953857,False
3909,-39.21952819824219,-0.5000997185707092,13.147920608520508,0.08172038942575455,12.020269393920898,-0.20918966829776764,False
3910,-38.29153823852539,-0.212015300989151,12.142559051513672,-0.13714472949504852,12.041200637817383,-0.17458000779151917,False
3911,-38.31640625,-0.2197353094816208,10.874719619750977,-0.41315072774887085,11.924816131591797,-0.3164430260658264,False
3912,-38.818302154541016,-0.3755434453487396,12.029176712036133,-0.16182783246040344,12.009767532348633,-0.26868563890457153,False
3913,-38.9158935546875,-0.40583962202072144,14.693456649780273,0.418180376291275,11.946210861206055,0.006170377135276794,False
3914,-37.97308349609375,-0.11315448582172394,12.39489459991455,-0.08221180737018585,11.967498779296875,-0.0976831465959549,False
3915,-38.91021728515625,-0.4040775001049042,10.985129356384277,-0.38911476731300354,11.870865821838379,-0.39659613370895386,False
3916,-39.83446502685547,-0.6910001635551453,10.653715133666992,-0.461262971162796,11.935527801513672,-0.5761315822601318,False
3917,-39.26841354370117,-0.5152755975723267,13.571698188781738,0.1739758849143982,11.870865821838379,-0.17064985632896423,False
3918,-38.260658264160156,-0.20242895185947418,11.071904182434082,-0.3702240586280823,11.978105545043945,-0.28632649779319763,False
3919,-39.117393493652344,-0.46839308738708496,10.95462417602539,-0.39575567841529846,11.924816131591797,-0.4320743680000305,False
3920,-38.26631164550781,-0.20418398082256317,12.95799446105957,0.04037386178970337,11.924816131591797,-0.0819050595164299,False
3921,-38.82152557373047,-0.37654411792755127,12.905478477478027,0.028941240161657333,11.946210861206055,-0.17380143702030182,False
3922,-38.56159210205078,-0.29585057497024536,14.33608627319336,0.34038159251213074,11.914080619812012,0.022265508770942688,False
3923,-37.90361022949219,-0.09158726781606674,13.989773750305176,0.26499006152153015,11.89252758026123,0.0867013931274414,False
3924,-38.8125,-0.3737422227859497,12.421595573425293,-0.076399065554142,11.903316497802734,-0.22507064044475555,False
3925,-38.57542037963867,-0.30014342069625854,14.293344497680664,0.33107680082321167,11.850186347961426,0.015466690063476562,False
3926,-39.303810119628906,-0.5262641310691833,13.127296447753906,0.0772305503487587,12.010817527770996,-0.22451679408550262,False
3927,-39.92009735107422,-0.7175837755203247,12.942804336547852,0.037067003548145294,12.009767532348633,-0.34025838971138,False
3928,-39.417606353759766,-0.5615909099578857,13.039633750915527,0.05814656615257263,11.924816131591797,-0.25172215700149536,False
3929,-38.77042007446289,-0.3606789708137512,12.908649444580078,0.02963155321776867,11.893606185913086,-0.1655237078666687,False
3930,-39.08326721191406,-0.45779895782470703,12.58242416381836,-0.041387010365724564,11.794191360473633,-0.24959298968315125,False
3931,-39.26047897338867,-0.5128124356269836,13.704154014587402,0.20281124114990234,11.881710052490234,-0.15500059723854065,False
3932,-39.1693000793457,-0.4845069348812103,13.695934295654297,0.20102183520793915,11.914080619812012,-0.1417425572872162,False
3933,-39.17962646484375,-0.48771265149116516,13.363823890686035,0.12872208654880524,11.936595916748047,-0.17949527502059937,False
3934,-39.46968078613281,-0.5777568221092224,10.867770195007324,-0.4146636128425598,11.967498779296875,-0.4962102174758911,False
3935,-39.61658477783203,-0.6233615875244141,11.38538932800293,-0.3019790053367615,11.999238967895508,-0.46267029643058777,False
3936,-39.74296951293945,-0.6625963449478149,13.470780372619629,0.15200628340244293,11.978105545043945,-0.2552950382232666,False
3937,-39.63905334472656,-0.6303367018699646,14.068553924560547,0.2821403443813324,11.805229187011719,-0.1740981787443161,False
3938,-39.62007141113281,-0.6244440078735352,13.955709457397461,0.2575743496417999,11.953460693359375,-0.18343482911586761,False
3939,-39.20753860473633,-0.4963776469230652,16.384153366088867,0.7862415313720703,11.935527801513672,0.14493194222450256,False
3940,-39.58402633666992,-0.613254189491272,19.109113693237305,1.3794597387313843,11.978105545043945,0.38310277462005615,False
3941,-39.37369918823242,-0.5479604005813599,18.57258415222168,1.2626583576202393,11.870865821838379,0.3573489785194397,False
3942,-39.47805404663086,-0.580356240272522,18.632902145385742,1.275789499282837,11.89252758026123,0.34771662950515747,False
3943,-39.667484283447266,-0.6391627788543701,21.46526527404785,1.8923890590667725,11.81623649597168,0.6266131401062012,False
3944,-39.5037841796875,-0.5883438587188721,21.316129684448242,1.8599225282669067,11.861082077026367,0.6357893347740173,False
3945,-38.91334915161133,-0.40504974126815796,19.6684627532959,1.5012288093566895,11.838171005249023,0.5480895042419434,False
3946,-39.702205657958984,-0.6499416828155518,18.464984893798828,1.239234209060669,11.935527801513672,0.2946462631225586,False
3947,-39.43905258178711,-0.5682486295700073,18.91069221496582,1.3362637758255005,11.749762535095215,0.3840075731277466,False
3948,-39.395774841308594,-0.5548135638237,21.081228256225586,1.8087849617004395,11.850186347961426,0.6269856691360474,False
3949,-39.1044921875,-0.46438801288604736,17.870864868164062,1.1098955869674683,11.81623649597168,0.32275378704071045,False
3950,-38.92264938354492,-0.4079369008541107,16.857576370239258,0.8893047571182251,11.838171005249023,0.2406839281320572,False
3951,-38.69875717163086,-0.3384319841861725,16.721418380737305,0.8596634268760681,11.89252758026123,0.2606157064437866,False
3952,-39.45003128051758,-0.5716568827629089,14.44434928894043,0.3639502227306366,11.999238967895508,-0.10385333001613617,False
3953,-39.7562255859375,-0.6667115688323975,14.71537971496582,0.4229529798030853,11.871950149536133,-0.12187929451465607,False
3954,-39.29117965698242,-0.522343099117279,12.116647720336914,-0.14278557896614075,11.84909725189209,-0.3325643539428711,False
3955,-39.21321487426758,-0.49813979864120483,12.846489906311035,0.01609955169260502,11.881710052490234,-0.24102012813091278,False
3956,-39.59425354003906,-0.6164290904998779,12.602102279663086,-0.03710312768816948,11.81623649597168,-0.32676610350608826,False
3957,-39.268272399902344,-0.5152317881584167,12.09772777557373,-0.14690440893173218,11.957930564880371,-0.33106809854507446,False
3958,-38.862735748291016,-0.38933736085891724,12.871105194091797,0.021458247676491737,11.978105545043945,-0.18393956124782562,False
3959,-38.53682327270508,-0.28816136717796326,13.558887481689453,0.17118702828884125,11.882791519165039,-0.058487169444561005,False
3960,-38.472129821777344,-0.2680779993534088,13.294304847717285,0.11358793079853058,11.925887107849121,-0.07724503427743912,False
3961,-38.17995071411133,-0.17737416923046112,15.342117309570312,0.5593924522399902,11.935527801513672,0.19100913405418396,False
3962,-39.8985481262207,-0.7108940482139587,16.410179138183594,0.7919073104858398,11.881710052490234,0.04050663113594055,False
3963,-40.16157531738281,-0.7925480008125305,16.970054626464844,0.9137910008430481,11.871950149536133,0.06062150001525879,False
3964,-39.20353317260742,-0.4951342046260834,15.623023986816406,0.6205452680587769,11.956868171691895,0.06270553171634674,False
3965,-39.03322219848633,-0.44226303696632385,13.12381362915039,0.07647234946489334,11.956868171691895,-0.18289534747600555,False
3966,-39.058258056640625,-0.45003512501716614,15.101700782775879,0.5070542693138123,11.967498779296875,0.02850957214832306,False
3967,-38.22509765625,-0.1913895457983017,14.397838592529297,0.3538249433040619,11.946210861206055,0.0812176987528801,False
3968,-38.82327651977539,-0.37708768248558044,14.183704376220703,0.3072083592414856,11.988685607910156,-0.034939661622047424,False
3969,-38.61438751220703,-0.3122403621673584,13.791651725769043,0.22185932099819183,11.988685607910156,-0.04519052058458328,False
3970,-39.500770568847656,-0.5874083638191223,14.32952880859375,0.33895403146743774,11.924816131591797,-0.12422716617584229,False
3971,-39.34170150756836,-0.5380270481109619,16.017532348632812,0.7064288854598999,11.84123420715332,0.084200918674469,False
3972,-38.819427490234375,-0.3758927881717682,14.044958114624023,0.27700358629226685,11.838171005249023,-0.04944460093975067,False
3973,-38.91242980957031,-0.4047643542289734,14.1435546875,0.29846784472465515,11.924816131591797,-0.05314825475215912,False
3974,-38.591064453125,-0.3049999475479126,15.702143669128418,0.6377694606781006,11.924816131591797,0.166384756565094,False
3975,-39.16033172607422,-0.48172280192375183,16.035661697387695,0.7103756070137024,11.97916316986084,0.11432640254497528,False
3976,-39.046695709228516,-0.4464457333087921,16.26185417175293,0.759617269039154,11.967498779296875,0.15658576786518097,False
3977,-39.287696838378906,-0.5212619304656982,17.12605094909668,0.9477511048316956,11.903316497802734,0.21324458718299866,False
3978,-38.900753021240234,-0.40113940834999084,17.049705505371094,0.9311308264732361,11.794191360473633,0.2649956941604614,False
3979,-38.999305725097656,-0.43173402547836304,16.963298797607422,0.9123203158378601,11.881710052490234,0.24029314517974854,False
3980,-39.40763473510742,-0.5584953427314758,14.167309761047363,0.30363929271698,11.988685607910156,-0.12742802500724792,False
3981,-39.284271240234375,-0.5201984643936157,15.922689437866211,0.6857817769050598,11.999238967895508,0.08279165625572205,False
3982,-39.924049377441406,-0.7188106179237366,14.681388854980469,0.4155532419681549,11.914080619812012,-0.15162868797779083,False
3983,-38.98891067504883,-0.428507000207901,13.24923324584961,0.10377594083547592,11.881710052490234,-0.16236552596092224,False
3984,-38.4429931640625,-0.25903284549713135,16.067169189453125,0.71723473072052,11.956868171691895,0.22910094261169434,False
3985,-38.94831085205078,-0.4159032106399536,16.87027931213379,0.8920701146125793,11.924816131591797,0.23808345198631287,False
3986,-39.252174377441406,-0.5102343559265137,16.858495712280273,0.8895048499107361,11.935527801513672,0.1896352469921112,False
3987,-39.1209602355957,-0.469500333070755,17.613298416137695,1.0538238286972046,11.89252758026123,0.292161762714386,False
3988,-38.88668441772461,-0.39677196741104126,18.974512100219727,1.3501572608947754,11.827219009399414,0.47669264674186707,False
3989,-38.52161407470703,-0.28343984484672546,17.5007381439209,1.0293197631835938,11.838171005249023,0.37293994426727295,False
3990,-38.859153747558594,-0.38822537660598755,15.852527618408203,0.6705077290534973,11.94727611541748,0.14114117622375488,False
3991,-38.43569564819336,-0.2567673921585083,18.542207717895508,1.2560454607009888,11.870865821838379,0.49963903427124023,False
3992,-38.701026916503906,-0.33913660049438477,18.099435806274414,1.159654974937439,11.956868171691895,0.4102591872215271,False
3993,-39.23310089111328,-0.5043131709098816,15.520705223083496,0.5982706546783447,11.871950149536133,0.04697874188423157,False
3994,-39.057498931884766,-0.44979947805404663,14.283687591552734,0.32897448539733887,11.914080619812012,-0.06041249632835388,False
3995,-39.29756164550781,-0.524324357509613,10.175192832946777,-0.5654362440109253,12.030746459960938,-0.5448802709579468,False
3996,-39.347900390625,-0.5399514436721802,9.70448112487793,-0.6679092049598694,12.255081176757812,-0.6039303541183472,False
3997,-39.383766174316406,-0.5510855913162231,10.350996017456055,-0.5271642804145813,12.496685981750488,-0.5391249656677246,False
3998,-39.678653717041016,-0.6426302194595337,10.357099533081055,-0.5258355736732483,12.021316528320312,-0.5842329263687134,False
3999,-39.393653869628906,-0.5541551113128662,9.835487365722656,-0.6393894553184509,12.062029838562012,-0.596772313117981,False
4000,-39.595802307128906,-0.616909921169281,9.68935775756836,-0.6712015271186829,12.072406768798828,-0.6440557241439819,False
4001,-39.680362701416016,-0.6431607604026794,8.940924644470215,-0.8341338634490967,12.093087196350098,-0.7386473417282104,False
4002,-39.58838653564453,-0.6146077513694763,9.313834190368652,-0.7529522776603699,12.2151460647583,-0.6837800145149231,False
4003,-39.60506820678711,-0.6197863817214966,8.889679908752441,-0.8452897667884827,12.030746459960938,-0.732538104057312,False
4004,-40.21669006347656,-0.8096577525138855,9.890459060668945,-0.6274222135543823,12.105860710144043,-0.7185399532318115,False
4005,-39.70702362060547,-0.6514373421669006,9.237751007080078,-0.7695153951644897,12.145380973815918,-0.7104763984680176,False
4006,-39.38431930541992,-0.551257312297821,10.493672370910645,-0.4961039423942566,12.072406768798828,-0.5236806273460388,False
4007,-39.66222381591797,-0.637529730796814,9.821805953979492,-0.6423678398132324,11.999238967895508,-0.6399487853050232,False
4008,-39.829315185546875,-0.6894014477729797,9.91092586517334,-0.6229666471481323,12.073441505432129,-0.6561840772628784,False
4009,-39.53398132324219,-0.5977182388305664,9.937786102294922,-0.6171191930770874,12.31430435180664,-0.6074187159538269,False
4010,-39.70574951171875,-0.6510418057441711,8.42737102508545,-0.94593346118927,12.959897994995117,-0.798487663269043,False
4011,-39.601078033447266,-0.6185476779937744,9.544032096862793,-0.702838659286499,13.026971817016602,-0.6606931686401367,False
4012,-39.36793899536133,-0.5461722016334534,9.59570598602295,-0.69158935546875,13.431812286376953,-0.6188807487487793,False
4013,-39.25112533569336,-0.5099086761474609,9.096872329711914,-0.800184428691864,13.371519088745117,-0.6550465822219849,False
4014,-39.294612884521484,-0.5234089493751526,9.265337944030762,-0.7635098099708557,12.515445709228516,-0.6434593796730042,False
4015,-39.46755599975586,-0.5770972371101379,8.844815254211426,-0.8550567030906677,11.967498779296875,-0.7160769701004028,False
4016,-39.58796691894531,-0.6144775152206421,10.046751976013184,-0.5933975577354431,11.946210861206055,-0.6039375066757202,False
4017,-39.46893310546875,-0.577524721622467,9.16161823272705,-0.7860893607139587,11.946210861206055,-0.6818070411682129,False
4018,-39.17649459838867,-0.486740380525589,10.223806381225586,-0.5548532009124756,12.184951782226562,-0.5207967758178711,False
4019,-39.77390670776367,-0.6722005009651184,9.37718391418457,-0.7391611337661743,12.021316528320312,-0.7056808471679688,False
4020,-39.28739547729492,-0.5211683511734009,10.676072120666504,-0.4563958942890167,12.072406768798828,-0.4887821078300476,False
4021,-39.849308013916016,-0.6956080198287964,10.933235168457031,-0.40041202306747437,12.123924255371094,-0.548009991645813,False
4022,-40.10066604614258,-0.7736393809318542,9.820622444152832,-0.6426255106925964,12.051628112792969,-0.7081324458122253,False
4023,-39.83000946044922,-0.6896169781684875,9.933801651000977,-0.6179866194725037,11.924816131591797,-0.6538017988204956,False
4024,-39.2911262512207,-0.5223265290260315,10.020291328430176,-0.599157989025116,11.978105545043945,-0.5607422590255737,False
4025,-39.504058837890625,-0.5884291529655457,9.932015419006348,-0.6183754801750183,11.903316497802734,-0.603402316570282,False
4026,-39.22800064086914,-0.5027298927307129,8.509418487548828,-0.9280718564987183,11.90439224243164,-0.7154008746147156,False
4027,-39.7507209777832,-0.665002703666687,9.837364196777344,-0.6389808654785156,11.89252758026123,-0.6519917845726013,False
4028,-39.71685791015625,-0.6544902920722961,10.304106712341309,-0.5373719930648804,12.082758903503418,-0.5959311723709106,False
4029,-39.51122283935547,-0.590653121471405,10.843557357788086,-0.4199346899986267,12.041200637817383,-0.5052939057350159,False
4030,-39.5745849609375,-0.6103231906890869,10.267953872680664,-0.5452423691749573,11.881710052490234,-0.5777827501296997,False
4031,-39.50906753540039,-0.5899840593338013,9.118831634521484,-0.7954038977622986,11.956868171691895,-0.6926939487457275,False
4032,-39.57381820678711,-0.6100851893424988,10.180595397949219,-0.5642601251602173,11.946210861206055,-0.5871726274490356,False
4033,-39.608436584472656,-0.620832085609436,9.781726837158203,-0.6510930061340332,11.84909725189209,-0.6359625458717346,False
4034,-39.41926193237305,-0.5621048808097839,9.230384826660156,-0.7711189985275269,12.154545783996582,-0.666611909866333,False
4035,-39.340248107910156,-0.537575900554657,9.994967460632324,-0.6046709418296814,12.294652938842773,-0.5711234211921692,False
4036,-38.99272918701172,-0.42969241738319397,10.376298904418945,-0.5216559171676636,12.084413528442383,-0.4756741523742676,False
4037,-39.081085205078125,-0.4571215808391571,10.781852722167969,-0.43336766958236694,12.051628112792969,-0.44524461030960083,False
4038,-39.47626495361328,-0.5798008441925049,9.89599323272705,-0.6262174248695374,12.041200637817383,-0.6030091047286987,False
4039,-39.818267822265625,-0.6859719157218933,11.054402351379395,-0.37403419613838196,11.794191360473633,-0.5300030708312988,False
4040,-40.40488052368164,-0.868079423904419,11.155435562133789,-0.3520394563674927,11.999238967895508,-0.6100594401359558,False
4041,-39.715885162353516,-0.654188334941864,9.156046867370605,-0.7873022556304932,12.225164413452148,-0.720745325088501,False
4042,-39.403053283691406,-0.5570730566978455,10.054657936096191,-0.5916764736175537,12.382391929626465,-0.574374794960022,False
4043,-39.760379791259766,-0.6680011749267578,8.397942543029785,-0.9523399472236633,11.914080619812012,-0.8101705312728882,False
4044,-39.61320877075195,-0.6223135590553284,8.615289688110352,-0.9050239324569702,11.924816131591797,-0.7636687755584717,False
4045,-39.223663330078125,-0.5013834238052368,10.610901832580566,-0.47058331966400146,11.89252758026123,-0.48598337173461914,False
4046,-39.2820930480957,-0.5195222496986389,9.20224666595459,-0.7772446274757385,12.041200637817383,-0.6483834385871887,False
4047,-39.51775360107422,-0.5926805138587952,9.990252494812012,-0.6056973934173584,11.935527801513672,-0.5991889238357544,False
4048,-39.6561393737793,-0.6356409192085266,10.368050575256348,-0.523451566696167,12.009767532348633,-0.5795462131500244,False
4049,-39.69196319580078,-0.6467620134353638,10.001991271972656,-0.6031419038772583,11.915153503417969,-0.624951958656311,False
4050,-39.912635803222656,-0.7152674198150635,10.962570190429688,-0.39402586221694946,11.999238967895508,-0.5546466112136841,False
4051,-38.971168518066406,-0.42299914360046387,9.853524208068848,-0.6354628801345825,12.009767532348633,-0.5292310118675232,False
4052,-39.0397834777832,-0.4442999064922333,8.637238502502441,-0.900245726108551,11.915153503417969,-0.672272801399231,False
4053,-39.157779693603516,-0.48093053698539734,8.615407943725586,-0.9049981832504272,12.184951782226562,-0.6929643750190735,False
4054,-39.413265228271484,-0.5602432489395142,9.398904800415039,-0.734432578086853,12.093087196350098,-0.6473379135131836,False
4055,-39.59886169433594,-0.6178596615791321,10.580818176269531,-0.4771324694156647,11.914080619812012,-0.5474960803985596,False
4056,-39.906070709228516,-0.7132293581962585,10.510814666748047,-0.4923720955848694,11.838171005249023,-0.602800726890564,False
4057,-39.64503479003906,-0.6321935653686523,10.403071403503418,-0.5158275961875916,12.062029838562012,-0.5740106105804443,False
4058,-39.80821228027344,-0.6828503012657166,10.297333717346191,-0.5388464331626892,11.956868171691895,-0.6108483672142029,False
4059,-39.59897232055664,-0.6178939938545227,9.739582061767578,-0.6602678298950195,11.957930564880371,-0.6390808820724487,False
4060,-39.73085403442383,-0.658835232257843,9.3992280960083,-0.7343621850013733,12.042243003845215,-0.6965987086296082,False
4061,-39.727745056152344,-0.6578701138496399,9.290410995483398,-0.7580514550209045,12.082758903503418,-0.7079607844352722,False
4062,-39.72285461425781,-0.6563519239425659,9.557043075561523,-0.7000061869621277,12.093087196350098,-0.6781790256500244,False
4063,-39.68635177612305,-0.6450200080871582,9.7899808883667,-0.6492961049079895,11.946210861206055,-0.6471580266952515,False
4064,-39.56503677368164,-0.6073590517044067,9.954841613769531,-0.6134063005447388,11.989740371704102,-0.6103826761245728,False
4065,-40.06591796875,-0.7628521919250488,11.4778470993042,-0.2818511426448822,11.957930564880371,-0.5223516821861267,False
4066,-39.357643127441406,-0.5429759621620178,10.11008071899414,-0.57961106300354,11.935527801513672,-0.5612934827804565,False
4067,-39.83268737792969,-0.6904482841491699,9.660876274108887,-0.6774019002914429,11.999238967895508,-0.6839250922203064,False
4068,-39.66413497924805,-0.6381230354309082,8.883986473083496,-0.8465291857719421,11.925887107849121,-0.7423261404037476,False
4069,-40.11671447753906,-0.7786214351654053,9.737156867980957,-0.6607958078384399,11.953460693359375,-0.7197086215019226,False
4070,-40.07622528076172,-0.7660520076751709,9.944812774658203,-0.6155895590782166,12.144363403320312,-0.6908208131790161,False
4071,-39.40929412841797,-0.5590104460716248,9.333847045898438,-0.7485954761505127,12.304489135742188,-0.6538029909133911,False
4072,-39.773109436035156,-0.6719529628753662,8.886794090270996,-0.8459179997444153,12.392032623291016,-0.7589354515075684,False
4073,-39.66924285888672,-0.6397086977958679,9.586102485656738,-0.6936799883842468,12.093087196350098,-0.6666943430900574,False
4074,-39.436744689941406,-0.5675321817398071,10.115643501281738,-0.5784000158309937,12.195038795471191,-0.5729660987854004,False
4075,-39.523258209228516,-0.5943893790245056,9.236323356628418,-0.7698261737823486,11.89252758026123,-0.6821078062057495,False
4076,-39.26988220214844,-0.5157315731048584,9.594612121582031,-0.6918274760246277,11.881710052490234,-0.6037795543670654,False
4077,-39.582275390625,-0.6127105951309204,10.842135429382324,-0.4202442467212677,11.978105545043945,-0.5164774060249329,False
4078,-39.708980560302734,-0.6520448923110962,9.9539794921875,-0.6135939359664917,11.956868171691895,-0.632819414138794,False
4079,-39.144893646240234,-0.4769302010536194,10.710602760314941,-0.4488786458969116,11.915153503417969,-0.4629044234752655,False
4080,-39.39490509033203,-0.5545435547828674,11.156115531921387,-0.351891428232193,11.924816131591797,-0.4532175064086914,False
4081,-39.08478546142578,-0.45827028155326843,10.550436973571777,-0.48374640941619873,12.042243003845215,-0.4710083603858948,False
4082,-39.137149810791016,-0.47452622652053833,9.510101318359375,-0.7102252840995789,12.093087196350098,-0.5923757553100586,False
4083,-39.26286697387695,-0.5135537385940552,9.634593963623047,-0.6831235289573669,12.184951782226562,-0.5983386039733887,False
4084,-39.5753288269043,-0.6105541586875916,10.613166809082031,-0.47009024024009705,12.353342056274414,-0.5403221845626831,False
4085,-39.380611419677734,-0.5501062273979187,10.265563011169434,-0.5457628965377808,12.164703369140625,-0.5479345321655273,False
4086,-39.01161575317383,-0.4355555474758148,11.227705955505371,-0.3363063633441925,12.072406768798828,-0.38593095541000366,False
4087,-39.82451629638672,-0.6879116892814636,9.92801284790039,-0.6192468404769897,12.92681884765625,-0.6535792350769043,False
4088,-39.0570182800293,-0.44965025782585144,9.213695526123047,-0.7747522592544556,12.43991470336914,-0.6122012734413147,False
4089,-39.56637191772461,-0.6077735424041748,9.743760108947754,-0.6593582630157471,12.174839973449707,-0.6335659027099609,False
4090,-39.387271881103516,-0.552173912525177,9.432793617248535,-0.727055013179779,12.123924255371094,-0.639614462852478,False
4091,-39.480918884277344,-0.5812456011772156,9.652852058410645,-0.67914879322052,12.134156227111816,-0.6301971673965454,False
4092,-39.33580017089844,-0.5361950397491455,10.410682678222656,-0.5141706466674805,12.174839973449707,-0.525182843208313,False
4093,-40.18412399291992,-0.7995479702949524,9.988112449645996,-0.6061632633209229,12.072406768798828,-0.7028555870056152,False
4094,-39.8302116394043,-0.689679741859436,9.180978775024414,-0.7818745970726013,12.020269393920898,-0.7357771396636963,False
4095,-39.451351165771484,-0.572066605091095,10.015748977661133,-0.6001468896865845,11.903316497802734,-0.5861067771911621,False
4096,-39.765602111816406,-0.6696224212646484,9.358345985412598,-0.7432621121406555,12.009767532348633,-0.7064422369003296,False
4097,-39.645503997802734,-0.6323392391204834,9.196194648742676,-0.7785621285438538,11.946210861206055,-0.7054506540298462,False
4098,-40.0331916809082,-0.752692699432373,10.21545124053955,-0.5566720962524414,11.999238967895508,-0.6546823978424072,False
4099,-39.8822021484375,-0.7058196067810059,9.794305801391602,-0.6483545899391174,12.144363403320312,-0.6770870685577393,False
4100,-39.34104537963867,-0.5378233790397644,10.550824165344238,-0.48366209864616394,11.978105545043945,-0.510742723941803,False
4101,-39.398681640625,-0.5557159185409546,8.807328224182129,-0.8632175326347351,12.180100440979004,-0.7094666957855225,False
4102,-39.17749786376953,-0.4870518445968628,8.84648609161377,-0.8546929359436035,12.072406768798828,-0.6708723902702332,False
4103,-39.49090576171875,-0.5843459367752075,8.9948148727417,-0.8224021196365356,12.154545783996582,-0.7033740282058716,False
4104,-39.67848587036133,-0.642578125,10.468022346496582,-0.5016878843307495,12.175850868225098,-0.5721330046653748,False
4105,-39.26765060424805,-0.515038788318634,11.036815643310547,-0.3778627812862396,12.164703369140625,-0.44645076990127563,False
4106,-39.42644500732422,-0.5643347501754761,10.403005599975586,-0.5158419013023376,12.225164413452148,-0.5400882959365845,False
4107,-40.12251663208008,-0.7804226279258728,9.7756986618042,-0.652405321598053,12.58968734741211,-0.7164139747619629,False
4108,-40.19513702392578,-0.802966833114624,10.297689437866211,-0.538769006729126,12.255081176757812,-0.670867919921875,False
4109,-39.77992630004883,-0.6740692257881165,9.982874870300293,-0.6073035001754761,12.459868431091309,-0.6406863927841187,False
4110,-39.57550811767578,-0.610609769821167,8.803841590881348,-0.8639765977859497,12.082758903503418,-0.7372931838035583,False
4111,-40.238258361816406,-0.8163533806800842,9.713452339172363,-0.6659561991691589,11.999238967895508,-0.7411547899246216,False
4112,-39.92695617675781,-0.719713032245636,9.880537033081055,-0.6295822262763977,12.216147422790527,-0.6746476292610168,False
4113,-39.59929275512695,-0.6179934740066528,8.917165756225586,-0.8393061757087708,11.935527801513672,-0.7286498546600342,False
4114,-39.67281723022461,-0.6408183574676514,9.494453430175781,-0.713631808757782,12.051628112792969,-0.6772251129150391,False
4115,-39.69319152832031,-0.6471433043479919,9.228236198425293,-0.7715867757797241,12.401651382446289,-0.7093650102615356,False
4116,-39.60935592651367,-0.6211174726486206,8.312500953674316,-0.9709404110908508,12.411249160766602,-0.7960289716720581,False
4117,-40.56031036376953,-0.9163309335708618,8.875661849975586,-0.8483414649963379,12.364014625549316,-0.8823361992835999,False
4118,-40.210933685302734,-0.8078707456588745,9.563193321228027,-0.6986672878265381,12.062029838562012,-0.7532690167427063,False
4119,-40.20690155029297,-0.8066190481185913,9.5144624710083,-0.7092759013175964,12.030746459960938,-0.7579474449157715,False
4120,-40.0505256652832,-0.7580738067626953,10.040932655334473,-0.594664454460144,12.052667617797852,-0.6763691306114197,False
4121,-40.433841705322266,-0.8770701289176941,8.695089340209961,-0.8876517415046692,11.903316497802734,-0.8823609352111816,False
4122,-40.23957443237305,-0.8167619705200195,8.816007614135742,-0.8613280653953552,11.794191360473633,-0.8390450477600098,False
4123,-39.694740295410156,-0.647624135017395,9.094443321228027,-0.8007131814956665,11.946210861206055,-0.7241686582565308,False
4124,-40.44452667236328,-0.8803871870040894,9.351459503173828,-0.7447612881660461,11.978105545043945,-0.8125742673873901,False
4125,-40.02565383911133,-0.7503526210784912,9.667024612426758,-0.6760634183883667,12.255081176757812,-0.713208019733429,False
4126,-39.865257263183594,-0.7005592584609985,9.877116203308105,-0.6303269267082214,12.093087196350098,-0.6654430627822876,False
4127,-40.20171356201172,-0.8050084710121155,9.358073234558105,-0.7433214783668518,11.957930564880371,-0.7741649746894836,False
4128,-39.93223571777344,-0.7213519811630249,9.136455535888672,-0.7915672063827515,11.914080619812012,-0.7564595937728882,False
4129,-40.006614685058594,-0.7444421648979187,9.35512638092041,-0.7439630031585693,11.89252758026123,-0.7442026138305664,False
4130,-40.525691986083984,-0.9055840373039246,8.957058906555176,-0.8306214809417725,11.795294761657715,-0.8681027889251709,False
4131,-39.780494689941406,-0.6742456555366516,8.294753074645996,-0.9748041033744812,11.795294761657715,-0.8245248794555664,False
4132,-39.922428131103516,-0.7183073163032532,8.796856880187988,-0.8654971122741699,11.935527801513672,-0.7919021844863892,False
4133,-40.18074417114258,-0.7984987497329712,8.38332748413086,-0.9555216431617737,11.999238967895508,-0.8770102262496948,False
4134,-40.077266693115234,-0.7663753032684326,9.317980766296387,-0.7520495653152466,11.886472702026367,-0.7592124342918396,False
4135,-40.094051361083984,-0.7715858817100525,9.779150009155273,-0.6516539454460144,11.935527801513672,-0.7116199135780334,False
4136,-39.687652587890625,-0.6454238295555115,8.87458610534668,-0.8485756516456604,12.274911880493164,-0.7469997406005859,False
4137,-39.59331512451172,-0.6161378026008606,9.28628921508789,-0.7589487433433533,12.123924255371094,-0.6875432729721069,False
4138,-40.36163330078125,-0.8546538352966309,9.54590129852295,-0.7024317383766174,12.753111839294434,-0.7785427570343018,False
4139,-39.96649932861328,-0.731988787651062,9.70401382446289,-0.668010950088501,12.421780586242676,-0.6999998688697815,False
4140,-40.112632751464844,-0.7773543000221252,9.519549369812012,-0.7081685066223145,12.093087196350098,-0.7427613735198975,False
4141,-40.40996551513672,-0.8696580529212952,8.133299827575684,-1.009952187538147,11.859994888305664,-0.9398051500320435,False
4142,-40.23857498168945,-0.8164516687393188,10.120756149291992,-0.5772870182991028,12.135176658630371,-0.6968693733215332,False
4143,-40.517704010009766,-0.9031042456626892,9.573150634765625,-0.6964995861053467,12.274911880493164,-0.7998019456863403,False
4144,-40.21828842163086,-0.8101539611816406,8.2683687210083,-0.9805479049682617,12.154545783996582,-0.8953509330749512,False
4145,-40.15854263305664,-0.7916065454483032,8.039266586303711,-1.0304229259490967,12.062029838562012,-0.9110147356987,False
4146,-40.13273620605469,-0.7835952043533325,9.016672134399414,-0.8176438212394714,12.46839427947998,-0.8006194829940796,False
4147,-40.11435317993164,-0.7778884172439575,9.008172035217285,-0.8194942474365234,12.275899887084961,-0.7986913323402405,False
4148,-40.03531265258789,-0.753351092338562,8.757387161254883,-0.8740895986557007,12.304489135742188,-0.8137203454971313,False
4149,-40.21934509277344,-0.8104819655418396,8.291054725646973,-0.9756092429161072,11.838171005249023,-0.8930456042289734,False
4150,-40.405906677246094,-0.8683980107307434,8.958474159240723,-0.8303133845329285,12.184951782226562,-0.8493556976318359,False
4151,-39.90094757080078,-0.7116389274597168,8.751060485839844,-0.8754669427871704,12.216147422790527,-0.7935529351234436,False
4152,-39.806758880615234,-0.6823990941047668,8.194443702697754,-0.996641218662262,12.154545783996582,-0.8395201563835144,False
4153,-40.110008239746094,-0.7765395641326904,9.313945770263672,-0.7529279589653015,12.245131492614746,-0.7647337913513184,False
4154,-40.347572326660156,-0.8502887487411499,8.531963348388672,-0.923163890838623,12.164703369140625,-0.8867263197898865,False
4155,-40.17427062988281,-0.7964891195297241,8.5321044921875,-0.9231331944465637,12.082758903503418,-0.8598111867904663,False
4156,-40.204010009765625,-0.8057214021682739,7.816048622131348,-1.0790170431137085,12.382391929626465,-0.9423692226409912,False
4157,-40.30027770996094,-0.8356066346168518,9.349392890930176,-0.7452111840248108,12.020269393920898,-0.7904089093208313,False
4158,-40.60388946533203,-0.9298595786094666,8.34090805053711,-0.9647562503814697,11.914080619812012,-0.9473079442977905,False
4159,-40.10163116455078,-0.7739389538764954,8.562163352966309,-0.9165894389152527,11.903316497802734,-0.845264196395874,False
4160,-40.23212814331055,-0.8144503235816956,8.800649642944336,-0.8646714687347412,12.082758903503418,-0.839560866355896,False
4161,-40.21491622924805,-0.8091070652008057,8.302796363830566,-0.9730530977249146,12.041200637817383,-0.8910800814628601,False
4162,-39.860740661621094,-0.6991571187973022,8.716081619262695,-0.8830817341804504,11.978105545043945,-0.7911194562911987,False
4163,-40.328704833984375,-0.8444315195083618,8.755839347839355,-0.874426543712616,11.89252758026123,-0.8594290018081665,False
4164,-40.792118072509766,-0.9882931113243103,10.251544952392578,-0.548814594745636,12.083791732788086,-0.7685538530349731,False
4165,-40.27212142944336,-0.8268658518791199,9.230376243591309,-0.7711209058761597,12.031791687011719,-0.7989933490753174,False
4166,-39.89033508300781,-0.7083443999290466,8.542262077331543,-0.9209219217300415,12.062860488891602,-0.8146331310272217,False
4167,-39.943397521972656,-0.7248170375823975,8.813972473144531,-0.8617711067199707,11.914080619812012,-0.7932940721511841,False
4168,-39.770687103271484,-0.6712009906768799,8.429878234863281,-0.945387601852417,11.967498779296875,-0.8082942962646484,False
4169,-40.27346420288086,-0.8272826671600342,8.816971778869629,-0.8611181974411011,12.654526710510254,-0.8442004323005676,False
4170,-40.102294921875,-0.7741450071334839,7.954577922821045,-1.0488594770431519,12.934475898742676,-0.9115022420883179,False
4171,-39.61588668823242,-0.6231448650360107,10.262508392333984,-0.546427845954895,12.590605735778809,-0.5847863554954529,False
4172,-40.45916748046875,-0.8849322199821472,8.763927459716797,-0.8726658225059509,11.989740371704102,-0.8787990212440491,False
4173,-40.26987075805664,-0.826167106628418,8.596193313598633,-0.9091811776161194,12.082758903503418,-0.8676741123199463,False
4174,-39.93915939331055,-0.7235013842582703,8.156695365905762,-1.0048589706420898,11.978105545043945,-0.8641802072525024,False
4175,-40.42288589477539,-0.8736690282821655,7.8547468185424805,-1.0705925226211548,11.924816131591797,-0.9721307754516602,False
4176,-40.479129791259766,-0.8911293148994446,8.649114608764648,-0.8976603150367737,11.935527801513672,-0.8943948149681091,False
4177,-40.025333404541016,-0.7502531409263611,9.320642471313477,-0.7514700889587402,11.903316497802734,-0.750861644744873,False
4178,-40.662166595458984,-0.9479511380195618,8.06238842010498,-1.0253894329071045,11.914080619812012,-0.9866702556610107,False
4179,-40.351165771484375,-0.8514043092727661,8.267123222351074,-0.980819046497345,12.009767532348633,-0.9161117076873779,False
4180,-40.130699157714844,-0.7829627990722656,8.855976104736328,-0.8526270389556885,11.924816131591797,-0.817794919013977,False
4181,-40.17802047729492,-0.7976531982421875,8.7803955078125,-0.8690807223320007,12.274911880493164,-0.8333669900894165,False
4182,-40.24141311645508,-0.8173327445983887,8.467912673950195,-0.9371076226234436,12.123924255371094,-0.8772201538085938,False
4183,-40.51775360107422,-0.903119683265686,8.844372749328613,-0.8551530241966248,12.185959815979004,-0.879136323928833,False
4184,-40.2377815246582,-0.8162053823471069,8.471818923950195,-0.9362572431564331,12.093087196350098,-0.87623131275177,False
4185,-40.70219039916992,-0.9603760838508606,8.495849609375,-0.9310258030891418,12.072406768798828,-0.9457009434700012,False
4186,-40.14677047729492,-0.7879520058631897,8.65630054473877,-0.8960959911346436,12.113670349121094,-0.8420239686965942,False
4187,-39.998497009277344,-0.7419220805168152,8.815940856933594,-0.8613426089286804,12.43991470336914,-0.8016323447227478,False
4188,-40.1241455078125,-0.7809283137321472,8.878676414489746,-0.8476852178573608,12.041200637817383,-0.8143067359924316,False
4189,-39.28440475463867,-0.5202398896217346,8.838091850280762,-0.8565203547477722,11.84909725189209,-0.6883801221847534,False
4190,-40.054927825927734,-0.7594404220581055,10.258514404296875,-0.5472973585128784,12.184951782226562,-0.6533688902854919,False
4191,-40.258243560791016,-0.8225575685501099,8.573025703430176,-0.9142247438430786,12.205103874206543,-0.8683911561965942,False
4192,-40.50978088378906,-0.9006446003913879,9.329906463623047,-0.7494533658027649,12.294652938842773,-0.8250489830970764,False
4193,-39.97874450683594,-0.7357901334762573,9.12955093383789,-0.7930703163146973,12.174839973449707,-0.7644302248954773,False
4194,-39.99198532104492,-0.7399005889892578,9.123429298400879,-0.7944030165672302,12.10339069366455,-0.7671518325805664,False
4195,-40.271480560302734,-0.8266668915748596,9.386458396911621,-0.7371421456336975,11.881710052490234,-0.7819045186042786,False
4196,-40.33331298828125,-0.845862090587616,8.254140853881836,-0.9836453199386597,11.881710052490234,-0.9147536754608154,False
4197,-40.22769546508789,-0.8130742907524109,8.263039588928223,-0.9817080497741699,12.104418754577637,-0.8973912000656128,False
4198,-40.520729064941406,-0.9040433764457703,8.455132484436035,-0.9398898482322693,12.010817527770996,-0.9219666123390198,False
4199,-40.395355224609375,-0.8651224374771118,8.669182777404785,-0.8932915329933167,11.997551918029785,-0.8792070150375366,False
4200,-40.194698333740234,-0.802830696105957,9.304441452026367,-0.7549970149993896,11.903316497802734,-0.7789138555526733,False
4201,-39.52914810180664,-0.5962178111076355,8.11577033996582,-1.0137683153152466,12.31430435180664,-0.8049930334091187,False
4202,-39.893882751464844,-0.7094457149505615,8.853446960449219,-0.8531776070594788,12.072406768798828,-0.7813116312026978,False
4203,-40.12290954589844,-0.780544638633728,9.409955024719238,-0.7320269346237183,11.89252758026123,-0.7562857866287231,False
4204,-40.09828186035156,-0.7728992104530334,9.308854103088379,-0.7540364265441895,11.935527801513672,-0.7634677886962891,False
4205,-40.034053802490234,-0.7529603242874146,8.55481243133545,-0.9181897044181824,11.924816131591797,-0.8355749845504761,False
4206,-40.48978042602539,-0.894435703754425,8.597097396850586,-0.908984363079071,11.999238967895508,-0.901710033416748,False
4207,-40.528499603271484,-0.9064556360244751,8.705321311950684,-0.8854242563247681,11.936595916748047,-0.8959399461746216,False
4208,-40.662940979003906,-0.9481915235519409,8.23121452331543,-0.988636314868927,11.881710052490234,-0.9684139490127563,False
4209,-40.547035217285156,-0.9122098088264465,8.168720245361328,-1.0022411346435547,12.010817527770996,-0.9572254419326782,False
4210,-40.32765579223633,-0.8441058397293091,8.911426544189453,-0.8405555486679077,11.870865821838379,-0.8423306941986084,False
4211,-40.7079963684082,-0.9621784687042236,9.791826248168945,-0.6488943696022034,12.123924255371094,-0.8055363893508911,False
4212,-40.3277702331543,-0.8441413640975952,8.223559379577637,-0.9903028011322021,12.580475807189941,-0.9172220826148987,False
4213,-40.45254898071289,-0.8828775882720947,8.250497817993164,-0.9844383597373962,12.113670349121094,-0.9336580038070679,False
4214,-40.215423583984375,-0.809264600276947,8.492080688476562,-0.9318462610244751,12.31430435180664,-0.8705554008483887,False
4215,-40.356754302978516,-0.8531391620635986,9.048423767089844,-0.8107315301895142,12.10339069366455,-0.8319353461265564,False
4216,-40.075252532958984,-0.765749990940094,8.268321990966797,-0.9805580973625183,11.967498779296875,-0.8731540441513062,False
4217,-40.33940887451172,-0.8477544784545898,9.44775104522705,-0.7237988114356995,12.10339069366455,-0.7857766151428223,False
4218,-40.727115631103516,-0.9681138396263123,9.049595832824707,-0.8104764223098755,12.63545036315918,-0.8892951011657715,False
4219,-40.628807067871094,-0.937595009803772,8.705111503601074,-0.885469913482666,12.154545783996582,-0.911532461643219,False
4220,-40.71770095825195,-0.965191125869751,8.483476638793945,-0.9337193965911865,11.805229187011719,-0.9494552612304688,False
4221,-40.296539306640625,-0.8344460725784302,8.059760093688965,-1.0259616374969482,12.524795532226562,-0.9302038550376892,False
4222,-40.397037506103516,-0.8656446933746338,9.616533279418945,-0.6870552897453308,12.515445709228516,-0.7763500213623047,False
4223,-40.4383430480957,-0.8784675002098083,8.683411598205566,-0.8901939392089844,12.373696327209473,-0.8843307495117188,False
4224,-40.435882568359375,-0.8777036666870117,8.407471656799316,-0.9502654671669006,12.304489135742188,-0.9139845371246338,False
4225,-40.54364013671875,-0.9111558794975281,9.042882919311523,-0.8119378089904785,12.154545783996582,-0.8615468740463257,False
4226,-40.55310821533203,-0.9140951037406921,9.051880836486816,-0.8099789619445801,11.978105545043945,-0.8620370626449585,False
4227,-40.856075286865234,-1.008147954940796,8.212040901184082,-0.9928103685379028,12.051628112792969,-1.0004792213439941,False
4228,-40.410194396972656,-0.8697291016578674,8.530388832092285,-0.9235066771507263,11.988685607910156,-0.8966178894042969,False
4229,-39.74482727050781,-0.6631730794906616,8.345995903015137,-0.9636486172676086,12.113670349121094,-0.8134108781814575,False
4230,-40.28629684448242,-0.8312664031982422,8.906353950500488,-0.8416598439216614,11.988685607910156,-0.8364630937576294,False
4231,-40.44775390625,-0.8813890218734741,8.15695858001709,-1.004801630973816,11.897708892822266,-0.943095326423645,False
4232,-40.562232971191406,-0.9169278144836426,9.07609748840332,-0.8047070503234863,11.838171005249023,-0.8608174324035645,False
4233,-40.1177864074707,-0.7789542078971863,8.478222846984863,-0.9348630905151367,12.195038795471191,-0.8569086790084839,False
4234,-40.87815475463867,-1.0150022506713867,8.769376754760742,-0.8714795112609863,11.936595916748047,-0.9432408809661865,False
4235,-40.24045944213867,-0.8170366883277893,8.3838529586792,-0.9554072618484497,11.978105545043945,-0.8862220048904419,False
4236,-40.169654846191406,-0.795056164264679,8.83706283569336,-0.8567444086074829,11.956868171691895,-0.8259003162384033,False
4237,-40.52360534667969,-0.9049362540245056,9.162031173706055,-0.7859994769096375,11.914080619812012,-0.8454678654670715,False
4238,-40.662071228027344,-0.9479215145111084,9.489157676696777,-0.7147846817970276,11.956868171691895,-0.8313530683517456,False
4239,-40.39064025878906,-0.8636587262153625,9.295136451721191,-0.7570227384567261,11.903316497802734,-0.8103407621383667,False
4240,-40.701934814453125,-0.9602967500686646,8.256468772888184,-0.9831385016441345,11.81623649597168,-0.9717175960540771,False
4241,-40.50114440917969,-0.8979635238647461,7.624452114105225,-1.1207271814346313,11.914080619812012,-1.009345293045044,False
4242,-40.837181091308594,-1.0022825002670288,8.262051582336426,-0.9819231629371643,12.030746459960938,-0.992102861404419,False
4243,-40.26119613647461,-0.8234741687774658,9.090950012207031,-0.8014736771583557,11.956868171691895,-0.8124738931655884,False
4244,-40.600013732910156,-0.9286563992500305,9.020386695861816,-0.8168351650238037,11.870865821838379,-0.8727457523345947,False
4245,-40.25919723510742,-0.8228536248207092,8.789769172668457,-0.8670400977134705,12.113670349121094,-0.8449468612670898,False
4246,-40.29949951171875,-0.8353650569915771,8.855731964111328,-0.8526801466941833,12.020269393920898,-0.8440226316452026,False
4247,-40.46482467651367,-0.8866884708404541,8.078333854675293,-1.0219180583953857,12.041200637817383,-0.9543032646179199,False
4248,-40.79222869873047,-0.9883275032043457,8.883405685424805,-0.8466556668281555,12.617202758789062,-0.9174915552139282,False
4249,-40.28184509277344,-0.82988440990448,8.398554801940918,-0.9522066712379456,12.392993927001953,-0.8910455703735352,False
4250,-40.608673095703125,-0.9313446283340454,7.947420597076416,-1.0504176616668701,12.63545036315918,-0.9908811450004578,False
4251,-40.568397521972656,-0.918841540813446,9.164612770080566,-0.7854374647140503,12.43991470336914,-0.8521394729614258,False
4252,-39.54582977294922,-0.6013965010643005,8.184518814086914,-0.9988018870353699,12.420825004577637,-0.8000991940498352,False
4253,-39.76811981201172,-0.6704040169715881,8.277390480041504,-0.9785838723182678,12.144363403320312,-0.824493944644928,False
4254,-40.20570373535156,-0.8062471747398376,8.298787117004395,-0.9739258885383606,12.104418754577637,-0.8900865316390991,False
4255,-40.447879791259766,-0.8814281225204468,9.621552467346191,-0.6859626173973083,11.988685607910156,-0.7836953401565552,False
4256,-40.369503021240234,-0.8570969104766846,9.030305862426758,-0.8146758079528809,12.072406768798828,-0.8358863592147827,False
4257,-40.35062026977539,-0.8512349128723145,9.62350845336914,-0.685536801815033,11.859994888305664,-0.7683858871459961,False
4258,-40.59374237060547,-0.9267095327377319,8.261161804199219,-0.9821168184280396,11.881710052490234,-0.9544131755828857,False
4259,-40.43814468383789,-0.8784059286117554,8.250189781188965,-0.9845054149627686,11.84909725189209,-0.931455671787262,False
4260,-40.921199798583984,-1.028365135192871,8.563387870788574,-0.9163228869438171,11.881710052490234,-0.9723440408706665,False
4261,-40.47105407714844,-0.8886222839355469,8.337721824645996,-0.965449869632721,11.783127784729004,-0.9270360469818115,False
4262,-40.67382049560547,-0.9515689611434937,9.308724403381348,-0.7540646195411682,11.870865821838379,-0.8528168201446533,False
4263,-40.608150482177734,-0.9311823844909668,8.65798282623291,-0.8957297205924988,11.89252758026123,-0.9134560823440552,False
4264,-39.988399505615234,-0.7387874126434326,9.572773933410645,-0.6965816020965576,12.116544723510742,-0.7176845073699951,False
4265,-40.80283737182617,-0.9916208386421204,8.516697883605957,-0.926487147808075,11.956868171691895,-0.9590539932250977,False
4266,-40.81452941894531,-0.9952504634857178,8.087967872619629,-1.0198208093643188,11.794191360473633,-1.007535696029663,False
4267,-40.387001037597656,-0.8625289797782898,9.226178169250488,-0.772034764289856,12.104418754577637,-0.8172818422317505,False
4268,-40.16923904418945,-0.7949271202087402,8.636558532714844,-0.9003937840461731,12.256073951721191,-0.8476604223251343,False
4269,-40.511444091796875,-0.9011609554290771,8.862360954284668,-0.8512370586395264,12.205103874206543,-0.8761990070343018,False
4270,-40.331424713134766,-0.84527587890625,7.9710564613342285,-1.0452722311019897,12.009767532348633,-0.9452740550041199,False
4271,-40.105709075927734,-0.7752048969268799,8.822558403015137,-0.8599019646644592,12.072406768798828,-0.8175534009933472,False
4272,-40.881771087646484,-1.016124963760376,8.363356590270996,-0.9598692655563354,11.893606185913086,-0.9879971146583557,False
4273,-40.69257736206055,-0.9573917984962463,8.60103702545166,-0.908126711845398,12.144363403320312,-0.9327592849731445,False
4274,-40.64863204956055,-0.9437494277954102,8.571313858032227,-0.9145973920822144,11.97916316986084,-0.9291734099388123,False
4275,-40.296173095703125,-0.8343324065208435,8.866110801696777,-0.8504207134246826,11.946210861206055,-0.8423765897750854,False
4276,-40.23823928833008,-0.8163474798202515,8.35523509979248,-0.9616372585296631,11.978105545043945,-0.8889923691749573,False
4277,-40.37799072265625,-0.8597317934036255,8.577873229980469,-0.9131694436073303,11.903316497802734,-0.8864506483078003,False
4278,-40.35657501220703,-0.8530835509300232,10.690963745117188,-0.4531540274620056,11.978105545043945,-0.6531187891960144,False
4279,-40.128944396972656,-0.7824180722236633,7.635238170623779,-1.1183791160583496,11.946210861206055,-0.9503985643386841,False
4280,-40.311710357666016,-0.8391557931900024,8.627721786499023,-0.9023175239562988,11.988685607910156,-0.8707366585731506,False
4281,-40.4410285949707,-0.8793012499809265,10.335262298583984,-0.5305894613265991,11.956868171691895,-0.7049453258514404,False
4282,-40.492393493652344,-0.8952469229698181,7.637622833251953,-1.117859959602356,12.094117164611816,-1.0065534114837646,False
4283,-40.62210464477539,-0.9355143308639526,9.406720161437988,-0.7327311635017395,11.827219009399414,-0.8341227769851685,False
4284,-40.687625885009766,-0.9558546543121338,8.53432559967041,-0.9226496815681458,12.009767532348633,-0.9392521381378174,False
4285,-40.25648880004883,-0.8220128417015076,8.250723838806152,-0.9843891859054565,11.956868171691895,-0.9032009840011597,False
4286,-40.62260818481445,-0.9356706142425537,8.64714241027832,-0.8980896472930908,12.104418754577637,-0.9168801307678223,False
4287,-40.163291931152344,-0.7930808663368225,7.624290943145752,-1.1207623481750488,12.009767532348633,-0.9569215774536133,False
4288,-40.86764907836914,-1.0117409229278564,8.243736267089844,-0.9859103560447693,12.051628112792969,-0.9988256692886353,False
4289,-40.16175079345703,-0.7926024794578552,8.438191413879395,-0.9435778856277466,12.195038795471191,-0.8680901527404785,False
4290,-40.059268951416016,-0.760788083076477,8.407353401184082,-0.9502912163734436,12.205103874206543,-0.8555396795272827,False
4291,-40.31010818481445,-0.8386583924293518,8.311800956726074,-0.9710928201675415,11.903316497802734,-0.904875636100769,False
4292,-40.04755401611328,-0.7571513056755066,7.209914207458496,-1.2109712362289429,12.010817527770996,-0.9840612411499023,False
4293,-40.1942138671875,-0.802680253982544,8.986260414123535,-0.824264407157898,11.903316497802734,-0.813472330570221,False
4294,-40.49017333984375,-0.8945576548576355,8.192418098449707,-0.9970822334289551,11.77203369140625,-0.9458199739456177,False
4295,-40.193180084228516,-0.8023593425750732,8.654315948486328,-0.8965280055999756,11.838171005249023,-0.8494436740875244,False
4296,-40.712730407714844,-0.9636480808258057,8.904058456420898,-0.8421595692634583,12.105860710144043,-0.9029037952423096,False
4297,-40.09843063354492,-0.7729454040527344,9.134241104125977,-0.7920492887496948,11.859994888305664,-0.7824973464012146,False
4298,-40.21013259887695,-0.8076220750808716,8.086402893066406,-1.020161509513855,12.010817527770996,-0.9138917922973633,False
4299,-40.494041442871094,-0.8957585096359253,8.046529769897461,-1.0288418531417847,11.988685607910156,-0.962300181388855,False
4300,-40.34177017211914,-0.8484874963760376,7.687406539916992,-1.1070221662521362,11.871950149536133,-0.9777548313140869,False
4301,-39.9278678894043,-0.7199960350990295,8.911684036254883,-0.8404995203018188,11.94727611541748,-0.7802478075027466,False
4302,-40.0959358215332,-0.772170901298523,7.617807388305664,-1.12217378616333,12.009767532348633,-0.9471723437309265,False
4303,-40.45977020263672,-0.8851193785667419,7.553164005279541,-1.1362464427947998,12.041200637817383,-1.0106829404830933,False
4304,-39.96818161010742,-0.7325109839439392,9.113086700439453,-0.7966545820236206,12.062029838562012,-0.7645827531814575,False
4305,-40.0529670715332,-0.7588317394256592,9.941359519958496,-0.6163412928581238,11.988685607910156,-0.6875865459442139,False
4306,-40.04982376098633,-0.7578559517860413,8.648527145385742,-0.8977882266044617,12.235159873962402,-0.8278220891952515,False
4307,-39.9970588684082,-0.7414756417274475,7.873739242553711,-1.066457986831665,12.274911880493164,-0.9039667844772339,False
4308,-40.05657958984375,-0.7599532008171082,8.419673919677734,-0.9476090669631958,11.893606185913086,-0.8537811040878296,False
4309,-40.52238464355469,-0.9045573472976685,8.955352783203125,-0.8309929370880127,11.870865821838379,-0.8677751421928406,False
4310,-40.47317123413086,-0.8892795443534851,7.681221008300781,-1.1083687543869019,11.861082077026367,-0.9988241195678711,False
4311,-40.488433837890625,-0.8940176367759705,8.032207489013672,-1.0319597721099854,11.859994888305664,-0.9629887342453003,False
4312,-40.3282356262207,-0.8442858457565308,8.875510215759277,-0.8483744859695435,11.870865821838379,-0.8463301658630371,False
4313,-40.32686996459961,-0.8438619375228882,7.246586322784424,-1.202987790107727,11.838171005249023,-1.0234248638153076,False
4314,-40.022735595703125,-0.74944669008255,8.151872634887695,-1.0059088468551636,11.925887107849121,-0.8776777982711792,False
4315,-40.060462951660156,-0.7611587643623352,8.570344924926758,-0.9148083329200745,11.850186347961426,-0.8379835486412048,False
4316,-40.20759963989258,-0.8068357110023499,8.9638090133667,-0.82915198802948,12.195038795471191,-0.8179938793182373,False
4317,-40.37797927856445,-0.859728217124939,8.808218955993652,-0.8630236387252808,11.914080619812012,-0.8613759279251099,False
4318,-39.9903564453125,-0.7393949627876282,9.2420654296875,-0.7685761451721191,11.946210861206055,-0.7539855241775513,False
4319,-40.30202102661133,-0.8361478447914124,8.99444580078125,-0.8224824666976929,11.914080619812012,-0.829315185546875,False
4320,-40.64849090576172,-0.9437056183815002,9.460309982299805,-0.7210648059844971,12.010817527770996,-0.8323851823806763,False
4321,-40.13877868652344,-0.7854710221290588,10.114808082580566,-0.5785819292068481,11.903316497802734,-0.6820265054702759,False
4322,-40.082679748535156,-0.7680557370185852,8.461833000183105,-0.9384311437606812,11.90439224243164,-0.8532434701919556,False
4323,-40.08989334106445,-0.7702950835227966,9.003898620605469,-0.8204245567321777,11.81623649597168,-0.7953598499298096,False
4324,-40.05950164794922,-0.7608603239059448,8.041096687316895,-1.030024528503418,11.893606185913086,-0.8954424262046814,False
4325,-40.1546745300293,-0.7904056906700134,8.875085830688477,-0.8484668731689453,12.009767532348633,-0.8194363117218018,False
4326,-40.305721282958984,-0.8372965455055237,8.468332290649414,-0.9370162487030029,12.041200637817383,-0.8871563673019409,False
4327,-39.90479278564453,-0.7128326296806335,9.302343368530273,-0.7554537653923035,11.946210861206055,-0.7341431975364685,False
4328,-39.84143829345703,-0.6931649446487427,9.483219146728516,-0.7160775065422058,11.946210861206055,-0.7046211957931519,False
4329,-40.39800262451172,-0.8659442663192749,7.942384243011475,-1.0515140295028687,11.84123420715332,-0.9587291479110718,False
4330,-40.426727294921875,-0.8748615384101868,9.23343563079834,-0.7704548835754395,12.009767532348633,-0.8226581811904907,False
4331,-40.75092315673828,-0.9755046367645264,9.275718688964844,-0.7612498998641968,11.989740371704102,-0.8683772683143616,False
4332,-40.46338653564453,-0.8862419724464417,8.537888526916504,-0.9218739867210388,12.062029838562012,-0.9040579795837402,False
4333,-39.965354919433594,-0.7316334843635559,8.15017318725586,-1.0062788724899292,12.020269393920898,-0.8689562082290649,False
4334,-40.73271179199219,-0.9698510766029358,9.11948299407959,-0.7952620983123779,11.999238967895508,-0.8825565576553345,False
4335,-40.36873245239258,-0.8568576574325562,8.560540199279785,-0.9169427752494812,12.062029838562012,-0.8869001865386963,False
4336,-40.43784713745117,-0.8783136010169983,7.939886569976807,-1.0520577430725098,12.041200637817383,-0.9651856422424316,False
4337,-40.770660400390625,-0.9816318154335022,9.611529350280762,-0.6881446242332458,12.2151460647583,-0.834888219833374,False
4338,-40.6076774597168,-0.931035578250885,8.345521926879883,-0.9637518525123596,12.295636177062988,-0.9473937153816223,False
4339,-40.29727554321289,-0.8346746563911438,8.792632102966309,-0.866416871547699,12.716629028320312,-0.8505457639694214,False
4340,-40.74875259399414,-0.9748308062553406,9.885758399963379,-0.628445565700531,12.113670349121094,-0.8016381859779358,False
4341,-40.35930252075195,-0.8539302349090576,8.618292808532715,-0.9043701887130737,12.124947547912598,-0.8791502118110657,False
4342,-39.69321823120117,-0.6471516489982605,8.38487720489502,-0.955184280872345,12.174839973449707,-0.8011679649353027,False
4343,-40.12135696411133,-0.7800626158714294,9.411476135253906,-0.731695830821991,12.123924255371094,-0.7558792233467102,False
4344,-40.354488372802734,-0.8524357676506042,7.871603965759277,-1.0669227838516235,12.174839973449707,-0.9596792459487915,False
4345,-40.09903335571289,-0.7731325030326843,8.207358360290527,-0.9938297271728516,12.104418754577637,-0.8834811449050903,False
4346,-40.389015197753906,-0.8631542325019836,10.365428924560547,-0.5240222811698914,12.245131492614746,-0.6935882568359375,False
4347,-40.542667388916016,-0.9108538627624512,7.868964195251465,-1.0674974918365479,11.946210861206055,-0.9891756772994995,False
4348,-40.36374282836914,-0.8553087115287781,9.212000846862793,-0.7751211524009705,11.805229187011719,-0.8152149319648743,False
4349,-40.05543899536133,-0.7595991492271423,10.094420433044434,-0.5830202698707581,11.861082077026367,-0.6713097095489502,False
4350,-40.57858657836914,-0.9220045804977417,9.824209213256836,-0.6418446898460388,11.870865821838379,-0.7819246053695679,False
4351,-40.460262298583984,-0.8852720856666565,9.446316719055176,-0.7241110801696777,11.915153503417969,-0.8046915531158447,False
4352,-40.41837692260742,-0.8722692728042603,8.7427339553833,-0.8772795796394348,11.838171005249023,-0.8747744560241699,False
4353,-39.885040283203125,-0.7067006826400757,9.204113960266113,-0.7768381237983704,11.903316497802734,-0.7417694330215454,False
4354,-40.73143768310547,-0.9694555401802063,8.112168312072754,-1.0145524740219116,11.989740371704102,-0.9920040369033813,False
4355,-40.31264114379883,-0.8394447565078735,7.705908298492432,-1.1029943227767944,12.333866119384766,-0.971219539642334,False
4356,-40.812110900878906,-0.994499683380127,8.705758094787598,-0.8853291869163513,12.63545036315918,-0.9399144649505615,False
4357,-39.970340728759766,-0.7331812977790833,8.648993492126465,-0.8976867198944092,11.881710052490234,-0.8154339790344238,False
4358,-40.41779327392578,-0.8720880746841431,7.129546165466309,-1.2284672260284424,11.859994888305664,-1.0502777099609375,False
4359,-40.3839111328125,-0.8615697026252747,8.347200393676758,-0.9633864164352417,11.999238967895508,-0.9124780893325806,False
4360,-39.81279373168945,-0.6842725276947021,8.22428035736084,-0.9901458621025085,12.58968734741211,-0.8372092247009277,False
4361,-40.033843994140625,-0.752895176410675,9.249253273010254,-0.7670114040374756,13.551420211791992,-0.7599532604217529,False
4362,-40.1868782043457,-0.8004029989242554,8.941802978515625,-0.8339426517486572,12.824860572814941,-0.8171728253364563,False
4363,-40.66349792480469,-0.9483643770217896,7.710765838623047,-1.101936936378479,12.430380821228027,-1.0251506567001343,False
4364,-40.74272155761719,-0.972958505153656,8.880521774291992,-0.8472834825515747,12.392993927001953,-0.910120964050293,False
4365,-39.94732666015625,-0.7260368466377258,10.524234771728516,-0.4894505739212036,12.195038795471191,-0.6077437400817871,False
4366,-39.974884033203125,-0.7345917224884033,9.083807945251465,-0.8030284643173218,11.914080619812012,-0.7688100934028625,False
4367,-40.12166976928711,-0.7801597714424133,8.015230178833008,-1.0356556177139282,12.113670349121094,-0.9079077243804932,False
4368,-40.37919998168945,-0.8601071834564209,8.35902214050293,-0.9608128666877747,12.31430435180664,-0.9104599952697754,False
4369,-40.1399040222168,-0.7858203649520874,9.310087203979492,-0.7537679672241211,12.294652938842773,-0.7697941660881042,False
4370,-40.82121658325195,-0.9973264336585999,8.908809661865234,-0.8411252498626709,12.205103874206543,-0.919225811958313,False
4371,-40.63774108886719,-0.9403684735298157,8.562671661376953,-0.9164787530899048,12.041200637817383,-0.9284236431121826,False
4372,-40.60820770263672,-0.9312001466751099,8.381857872009277,-0.9558415412902832,12.154545783996582,-0.9435208439826965,False
4373,-40.04399490356445,-0.7560464143753052,8.778515815734863,-0.8694899678230286,12.333866119384766,-0.8127682209014893,False
4374,-40.01370620727539,-0.746643602848053,8.585052490234375,-0.91160649061203,12.134156227111816,-0.8291250467300415,False
4375,-39.315528869628906,-0.5299020409584045,8.96654987335205,-0.8285553455352783,11.978105545043945,-0.679228663444519,False
4376,-40.41133499145508,-0.8700831532478333,9.146660804748535,-0.7893455624580383,12.062029838562012,-0.8297143578529358,False
4377,-40.57765579223633,-0.9217156767845154,8.712797164916992,-0.883796751499176,12.093087196350098,-0.9027562141418457,False
4378,-40.61966323852539,-0.9347563982009888,8.197850227355957,-0.9958996176719666,12.324095726013184,-0.9653279781341553,False
4379,-40.56196212768555,-0.9168437123298645,9.838146209716797,-0.6388106346130371,12.761964797973633,-0.7778271436691284,False
4380,-40.59595489501953,-0.9273964166641235,9.605216026306152,-0.6895190477371216,12.543435096740723,-0.8084577322006226,False
4381,-40.359283447265625,-0.8539243340492249,9.226520538330078,-0.7719602584838867,11.859994888305664,-0.8129422664642334,False
4382,-40.61208724975586,-0.9324045181274414,8.99381160736084,-0.8226205110549927,11.903316497802734,-0.877512514591217,False
4383,-40.44777297973633,-0.8813949227333069,9.005134582519531,-0.8201555013656616,12.31430435180664,-0.8507752418518066,False
4384,-40.18507385253906,-0.7998428344726562,8.97297191619873,-0.8271572589874268,12.534126281738281,-0.8135000467300415,False
4385,-40.21934127807617,-0.8104807734489441,8.271489143371582,-0.9798685908317566,12.580475807189941,-0.8951746821403503,False
4386,-40.3567008972168,-0.8531225919723511,8.902093887329102,-0.8425872921943665,12.31430435180664,-0.8478549718856812,False
4387,-40.42314529418945,-0.8737495541572571,8.637309074401855,-0.900230348110199,12.525728225708008,-0.886989951133728,False
4388,-40.449398040771484,-0.8818994164466858,8.542413711547852,-0.9208889007568359,12.226163864135742,-0.9013941287994385,False
4389,-39.80760192871094,-0.6826608180999756,9.325469017028809,-0.7504193782806396,12.382391929626465,-0.7165400981903076,False
4390,-40.12067794799805,-0.7798518538475037,8.807875633239746,-0.8630983829498291,12.304489135742188,-0.8214751482009888,False
4391,-39.9640998840332,-0.731243908405304,8.20854663848877,-0.9935710430145264,12.689738273620605,-0.8624074459075928,False
4392,-40.068115234375,-0.7635343074798584,7.925511360168457,-1.0551872253417969,12.58968734741211,-0.9093607664108276,False
4393,-40.05738067626953,-0.7602018713951111,9.09606647491455,-0.800359845161438,12.534126281738281,-0.7802808284759521,False
4394,-40.32752990722656,-0.8440667986869812,9.442087173461914,-0.725031852722168,12.704459190368652,-0.784549355506897,False
4395,-40.3585205078125,-0.8536874651908875,8.933813095092773,-0.8356820344924927,12.865945816040039,-0.8446847200393677,False
4396,-39.9302978515625,-0.7207503914833069,8.931673049926758,-0.8361479640007019,12.58968734741211,-0.7784491777420044,False
4397,-40.16325378417969,-0.793069064617157,8.251081466674805,-0.9843113422393799,12.401651382446289,-0.8886902332305908,False
4398,-39.11106872558594,-0.46642962098121643,9.010111808776855,-0.8190720081329346,12.255081176757812,-0.6427507996559143,False
4399,-40.07980728149414,-0.7671639919281006,7.9246344566345215,-1.0553781986236572,12.364014625549316,-0.9112710952758789,False
4400,-39.987117767333984,-0.7383895516395569,8.923306465148926,-0.8379693031311035,12.2151460647583,-0.7881793975830078,False
4401,-39.6823616027832,-0.643781304359436,8.246902465820312,-0.9852210879325867,12.477845191955566,-0.814501166343689,False
4402,-40.230079650878906,-0.8138144016265869,9.911184310913086,-0.6229103803634644,12.769917488098145,-0.7183623909950256,False
4403,-39.93187713623047,-0.7212406992912292,7.986542701721191,-1.041900873184204,11.967498779296875,-0.8815708160400391,False
4404,-40.33783721923828,-0.8472665548324585,8.978571891784668,-0.8259381651878357,11.914080619812012,-0.8366023302078247,False
4405,-40.507652282714844,-0.899983823299408,10.115819931030273,-0.5783616304397583,12.030746459960938,-0.7391726970672607,False
4406,-40.40577697753906,-0.8683577179908752,10.320968627929688,-0.5337011814117432,11.989740371704102,-0.7010294198989868,False
4407,-40.05974578857422,-0.7609361410140991,8.082878112792969,-1.0209288597106934,12.265007019042969,-0.8909325003623962,False
4408,-40.78130340576172,-0.9849358201026917,7.7761030197143555,-1.0877131223678589,12.123924255371094,-1.0363245010375977,False
4409,-40.02558517456055,-0.7503313422203064,9.296760559082031,-0.7566691637039185,12.295636177062988,-0.75350022315979,False
4410,-40.952293395996094,-1.0380178689956665,8.698150634765625,-0.8869853019714355,12.401651382446289,-0.962501585483551,False
4411,-39.8392448425293,-0.6924840211868286,10.93871784210205,-0.39921846985816956,12.543435096740723,-0.5458512306213379,False
4412,-40.1316032409668,-0.7832434773445129,8.873130798339844,-0.8488924503326416,13.484545707702637,-0.8160679340362549,False
4413,-40.05543899536133,-0.7595991492271423,8.811850547790527,-0.86223304271698,12.184951782226562,-0.8109160661697388,False
4414,-40.34537887573242,-0.8496078252792358,8.659274101257324,-0.895448625087738,12.734464645385742,-0.8725281953811646,False
4415,-39.80392074584961,-0.681518018245697,9.192680358886719,-0.7793272137641907,12.144363403320312,-0.7304226160049438,False
4416,-40.12261199951172,-0.7804522514343262,9.569192886352539,-0.697361171245575,12.030746459960938,-0.738906741142273,False
4417,-40.07978820800781,-0.7671580910682678,9.626786231994629,-0.6848232746124268,12.608050346374512,-0.7259906530380249,False
4418,-39.86867904663086,-0.7016215324401855,9.584664344787598,-0.693993091583252,12.235159873962402,-0.6978073120117188,False
4419,-39.95732116699219,-0.729139506816864,9.222535133361816,-0.7728278636932373,12.093087196350098,-0.750983715057373,False
4420,-40.66771697998047,-0.9496741890907288,8.826870918273926,-0.858963131904602,11.946210861206055,-0.9043186902999878,False
4421,-39.95278549194336,-0.727731466293335,9.253457069396973,-0.7660962343215942,12.093087196350098,-0.7469138503074646,False
4422,-40.234825134277344,-0.8152875900268555,8.522756576538086,-0.9251682162284851,12.343615531921387,-0.8702279329299927,False
4423,-40.09144973754883,-0.770778238773346,8.721506118774414,-0.8819008469581604,12.343615531921387,-0.8263395428657532,False
4424,-40.044456481933594,-0.7561897039413452,8.501602172851562,-0.9297734498977661,13.101211547851562,-0.8429815769195557,False
4425,-39.834224700927734,-0.6909255385398865,9.272130966186523,-0.7620309591293335,12.28479290008545,-0.7264782190322876,False
4426,-39.829933166503906,-0.6895933151245117,8.422953605651855,-0.9468951225280762,12.373696327209473,-0.818244218826294,False
4427,-39.93388748168945,-0.7218647599220276,8.03599739074707,-1.0311347246170044,12.190603256225586,-0.8764997720718384,False
4428,-39.95957565307617,-0.7298393845558167,8.22130012512207,-0.9907946586608887,12.195038795471191,-0.8603169918060303,False
4429,-39.41831588745117,-0.5618111491203308,7.815341472625732,-1.079171061515808,12.123924255371094,-0.8204910755157471,False
4430,-39.734256744384766,-0.6598916053771973,8.970842361450195,-0.8276208639144897,12.184951782226562,-0.7437562346458435,False
4431,-39.9746208190918,-0.7345100045204163,9.393351554870605,-0.7356414794921875,12.353342056274414,-0.7350757122039795,False
4432,-40.41200637817383,-0.8702915906906128,9.30455493927002,-0.7549723386764526,12.524795532226562,-0.8126319646835327,False
4433,-40.087764739990234,-0.7696343064308167,9.273754119873047,-0.761677622795105,12.185959815979004,-0.7656559944152832,False
4434,-39.734432220458984,-0.659946084022522,9.23093032836914,-0.7710002660751343,12.093087196350098,-0.7154731750488281,False
4435,-39.97716522216797,-0.7352998852729797,8.59006118774414,-0.9105161428451538,12.030746459960938,-0.8229080438613892,False
4436,-40.247188568115234,-0.8191257119178772,9.039505958557129,-0.8126729130744934,12.062029838562012,-0.8158993124961853,False
4437,-40.099876403808594,-0.7733942270278931,8.921460151672363,-0.8383712768554688,11.956868171691895,-0.8058827519416809,False
4438,-39.673152923583984,-0.6409225463867188,9.09663200378418,-0.800236701965332,12.062029838562012,-0.7205796241760254,False
4439,-39.46466064453125,-0.576198399066925,9.152449607849121,-0.7880853414535522,12.174839973449707,-0.682141900062561,False
4440,-39.570228576660156,-0.6089708209037781,8.859006881713867,-0.8519672155380249,12.246126174926758,-0.7304689884185791,False
4441,-40.15171813964844,-0.7894879579544067,8.289030075073242,-0.9760499596595764,12.10339069366455,-0.882768988609314,False
4442,-39.85871887207031,-0.6985294818878174,10.589632987976074,-0.47521349787712097,12.245131492614746,-0.5868715047836304,False
4443,-40.104427337646484,-0.7748070359230042,9.932267189025879,-0.6183207035064697,12.052667617797852,-0.6965638399124146,False
4444,-39.71588134765625,-0.6541871428489685,9.4082670211792,-0.7323943972587585,12.689738273620605,-0.6932907700538635,False
4445,-39.359397888183594,-0.5435207486152649,8.876163482666016,-0.8482322692871094,12.2151460647583,-0.6958764791488647,False
4446,-40.09706115722656,-0.7725202441215515,9.111586570739746,-0.796981155872345,12.458921432495117,-0.7847506999969482,False
4447,-39.81026077270508,-0.6834862232208252,8.09036636352539,-1.0192986726760864,12.884039878845215,-0.8513924479484558,False
4448,-40.1674690246582,-0.7943776249885559,9.839097023010254,-0.6386036276817322,12.496685981750488,-0.716490626335144,False
4449,-39.871063232421875,-0.7023616433143616,10.792351722717285,-0.4310820698738098,12.144363403320312,-0.5667218565940857,False
4450,-39.66334533691406,-0.637877881526947,8.134796142578125,-1.0096263885498047,11.956868171691895,-0.8237521648406982,False
4451,-40.221065521240234,-0.8110160827636719,9.442024230957031,-0.7250455617904663,13.230140686035156,-0.7680308222770691,False
4452,-39.612281799316406,-0.6220257878303528,9.11522102355957,-0.7961899042129517,13.051858901977539,-0.7091078758239746,False
4453,-40.02689743041992,-0.7507386803627014,8.868329048156738,-0.8499377965927124,12.680736541748047,-0.8003382682800293,False
4454,-40.18665313720703,-0.8003331422805786,9.06461238861084,-0.8072073459625244,13.31738567352295,-0.8037702441215515,False
4455,-39.7125358581543,-0.6531485915184021,8.470911979675293,-0.9364546537399292,12.113670349121094,-0.7948015928268433,False
4456,-39.569252014160156,-0.6086676716804504,8.905464172363281,-0.8418535590171814,12.43991470336914,-0.7252606153488159,False
4457,-39.95570755004883,-0.7286385893821716,10.130525588989258,-0.5751602649688721,13.925617218017578,-0.6518994569778442,False
4458,-40.34042739868164,-0.8480706810951233,8.06202507019043,-1.0254684686660767,13.101211547851562,-0.9367696046829224,False
4459,-39.86153793334961,-0.6994046568870544,9.331842422485352,-0.7490319013595581,12.201081275939941,-0.7242182493209839,False
4460,-39.26578903198242,-0.5144608616828918,9.136791229248047,-0.7914941310882568,12.144363403320312,-0.652977466583252,False
4461,-39.50269317626953,-0.5880051851272583,9.164058685302734,-0.7855580449104309,12.134156227111816,-0.686781644821167,False
4462,-40.24309539794922,-0.8178550004959106,8.720458984375,-0.8821287751197815,12.265996932983398,-0.8499919176101685,False
4463,-40.10836410522461,-0.7760291695594788,8.714184761047363,-0.8834946751594543,12.608964920043945,-0.8297619223594666,False
4464,-40.03146743774414,-0.7521573901176453,9.784523010253906,-0.6504842638969421,12.235159873962402,-0.7013208270072937,False
4465,-40.12245178222656,-0.7804024815559387,8.981019020080566,-0.8254054188728333,12.832140922546387,-0.802903950214386,False
4466,-39.696678161621094,-0.648225724697113,8.656176567077637,-0.896122932434082,12.450377464294434,-0.7721743583679199,False
4467,-39.813602447509766,-0.6845235824584961,8.408636093139648,-0.9500120282173157,12.256073951721191,-0.8172677755355835,False
4468,-39.5133056640625,-0.5912997126579285,8.411046028137207,-0.9494873881340027,12.507012367248535,-0.7703935503959656,False
4469,-39.83787155151367,-0.6920576691627502,7.819278717041016,-1.0783138275146484,11.978105545043945,-0.885185718536377,False
4470,-40.46031188964844,-0.8852875232696533,8.302861213684082,-0.9730389714241028,12.030746459960938,-0.9291632175445557,False
4471,-39.9357795715332,-0.7224521636962891,8.44996452331543,-0.9410148859024048,12.717521667480469,-0.8317335247993469,False
4472,-39.92924499511719,-0.7204235792160034,9.146126747131348,-0.7894617915153503,12.164703369140625,-0.7549426555633545,False
4473,-40.19398880004883,-0.8026103973388672,9.995997428894043,-0.6044467091560364,12.051628112792969,-0.7035285234451294,False
4474,-40.17428970336914,-0.7964950203895569,8.324457168579102,-0.9683375954627991,12.324095726013184,-0.882416307926178,False
4475,-39.34049606323242,-0.537652850151062,8.915143966674805,-0.8397462964057922,12.021316528320312,-0.6886996030807495,False
4476,-40.04228973388672,-0.7555170655250549,7.986073017120361,-1.0420031547546387,12.205103874206543,-0.8987600803375244,False
4477,-39.59653854370117,-0.6171384453773499,7.5028839111328125,-1.147192358970642,11.914080619812012,-0.8821654319763184,False
4478,-39.34427261352539,-0.538825273513794,8.440136909484863,-0.9431543350219727,11.936595916748047,-0.7409898042678833,False
4479,-39.819007873535156,-0.6862016320228577,9.882099151611328,-0.6292421817779541,12.325072288513184,-0.6577218770980835,False
4480,-40.203025817871094,-0.8054158687591553,10.086334228515625,-0.5847805738449097,12.28479290008545,-0.6950982213020325,False
4481,-40.094451904296875,-0.7717102766036987,8.288843154907227,-0.976090669631958,12.113670349121094,-0.8739004731178284,False
4482,-39.60758590698242,-0.6205679774284363,10.051716804504395,-0.592316746711731,12.77961540222168,-0.6064423322677612,False
4483,-39.671852111816406,-0.6405187249183655,9.659459114074707,-0.6777104139328003,12.76108169555664,-0.6591145992279053,False
4484,-40.25770568847656,-0.822390615940094,8.406957626342773,-0.9503774046897888,12.77961540222168,-0.8863840103149414,False
4485,-40.302879333496094,-0.8364142775535583,9.195016860961914,-0.7788185477256775,12.184951782226562,-0.8076164126396179,False
4486,-40.484439849853516,-0.8927778005599976,10.469175338745117,-0.5014368891716003,12.78753662109375,-0.6971073150634766,False
4487,-39.05655288696289,-0.4495057761669159,9.031732559204102,-0.8143652081489563,12.94296646118164,-0.6319354772567749,False
4488,-39.178199768066406,-0.48726972937583923,9.315777778625488,-0.7525291442871094,12.205103874206543,-0.6198994517326355,False
4489,-39.39322280883789,-0.5540212988853455,7.7767863273620605,-1.0875643491744995,12.31430435180664,-0.8207927942276001,False
4490,-39.794673919677734,-0.6786474585533142,7.597651958465576,-1.1265615224838257,12.184951782226562,-0.9026044607162476,False
4491,-39.472347259521484,-0.578584611415863,9.880305290222168,-0.6296326518058777,12.134156227111816,-0.6041086316108704,False
4492,-39.978492736816406,-0.7357119917869568,10.158783912658691,-0.569008469581604,12.22196102142334,-0.652360200881958,False
4493,-39.89060974121094,-0.7084296941757202,10.322132110595703,-0.5334479212760925,12.304489135742188,-0.620938777923584,False
4494,-40.33080291748047,-0.8450828790664673,8.831052780151367,-0.8580527901649475,11.94727611541748,-0.8515678644180298,False
4495,-39.92776870727539,-0.7199652791023254,8.946378707885742,-0.8329465389251709,12.265007019042969,-0.7764558792114258,False
4496,-39.03175354003906,-0.4418070912361145,8.734783172607422,-0.8790104389190674,12.154545783996582,-0.6604087352752686,False
4497,-38.291481018066406,-0.21199753880500793,7.632998466491699,-1.1188666820526123,12.382391929626465,-0.6654320955276489,False
4498,-39.053367614746094,-0.44851696491241455,9.503067970275879,-0.7117564678192139,12.009767532348633,-0.5801367163658142,False
4499,-39.35790252685547,-0.5430564880371094,9.262216567993164,-0.7641893029212952,12.274911880493164,-0.6536228656768799,False
4500,-39.86830520629883,-0.7015054821968079,9.10749340057373,-0.7978722453117371,12.925968170166016,-0.7496888637542725,False
4501,-39.573116302490234,-0.6098672747612,10.61226749420166,-0.4702860116958618,12.977603912353516,-0.5400766134262085,False
4502,-39.90690994262695,-0.7134898900985718,10.148046493530273,-0.5713459849357605,12.009767532348633,-0.6424179077148438,False
4503,-39.973655700683594,-0.7342103719711304,10.828168869018555,-0.42328473925590515,12.265007019042969,-0.578747570514679,False
4504,-40.41777420043945,-0.8720821738243103,9.989081382751465,-0.6059523224830627,12.020269393920898,-0.7390172481536865,False
4505,-39.86607360839844,-0.7008126974105835,9.417317390441895,-0.730424165725708,12.021316528320312,-0.7156184315681458,False
4506,-40.23264694213867,-0.8146113753318787,8.182826042175293,-0.9991703629493713,11.914080619812012,-0.906890869140625,False
4507,-40.423946380615234,-0.87399822473526,9.002037048339844,-0.8208298683166504,12.062029838562012,-0.8474140167236328,False
4508,-40.005836486816406,-0.744200587272644,8.537415504455566,-0.9219769835472107,12.2151460647583,-0.833088755607605,False
4509,-40.06106185913086,-0.7613446712493896,8.845437049865723,-0.8549213409423828,12.31430435180664,-0.8081330060958862,False
4510,-39.89943313598633,-0.7111688256263733,9.416296005249023,-0.730646550655365,12.496685981750488,-0.7209076881408691,False
4511,-39.76191329956055,-0.6684772372245789,8.76124095916748,-0.8732506632804871,12.154545783996582,-0.770863950252533,False
4512,-40.27274703979492,-0.8270600438117981,8.37507438659668,-0.9573183059692383,12.174839973449707,-0.8921891450881958,False
4513,-39.76372528076172,-0.669039785861969,9.115922927856445,-0.7960371375083923,12.295636177062988,-0.7325384616851807,False
4514,-40.223876953125,-0.8118888735771179,9.641729354858398,-0.6815701723098755,12.699617385864258,-0.7467294931411743,False
4515,-39.789581298828125,-0.6770665049552917,9.185914993286133,-0.7807999849319458,13.332146644592285,-0.7289332151412964,False
4516,-39.825687408447266,-0.6882752180099487,8.155143737792969,-1.0051968097686768,12.571245193481445,-0.8467360138893127,False
4517,-40.04038619995117,-0.7549261450767517,8.182769775390625,-0.9991826415061951,12.030746459960938,-0.8770543932914734,False
4518,-39.92021942138672,-0.7176216840744019,9.523926734924316,-0.7072155475616455,12.134156227111816,-0.7124186158180237,False
4519,-39.77662658691406,-0.6730448603630066,9.303001403808594,-0.7553105354309082,12.123924255371094,-0.7141777276992798,False
4520,-39.698543548583984,-0.648804783821106,8.603388786315918,-0.9076147675514221,11.988685607910156,-0.7782098054885864,False
4521,-40.337120056152344,-0.8470439314842224,8.923381805419922,-0.8379529118537903,11.870865821838379,-0.8424984216690063,False
4522,-40.015869140625,-0.7473151087760925,7.537967205047607,-1.1395548582077026,11.859994888305664,-0.9434349536895752,False
4523,-40.50092697143555,-0.8978959918022156,8.450626373291016,-0.9408708214759827,11.946210861206055,-0.9193834066390991,False
4524,-39.51231002807617,-0.5909906625747681,8.780200958251953,-0.869123101234436,11.931246757507324,-0.730056881904602,False
4525,-40.09840393066406,-0.7729371190071106,8.82491397857666,-0.8593891859054565,11.936595916748047,-0.816163182258606,False
4526,-39.90314865112305,-0.7123222351074219,10.122146606445312,-0.5769843459129333,11.988685607910156,-0.6446533203125,False
4527,-40.188941955566406,-0.801043689250946,8.647733688354492,-0.8979609608650208,12.225164413452148,-0.8495023250579834,False
4528,-40.13728713989258,-0.7850080132484436,8.7913236618042,-0.8667017221450806,11.978105545043945,-0.8258548974990845,False
4529,-39.94036865234375,-0.7238767743110657,9.185124397277832,-0.7809721231460571,12.082758903503418,-0.7524244785308838,False
4530,-39.7900276184082,-0.6772050261497498,8.6565580368042,-0.8960399031639099,12.420825004577637,-0.7866224646568298,False
4531,-40.23814392089844,-0.8163178563117981,8.797125816345215,-0.8654385805130005,12.123924255371094,-0.8408782482147217,False
4532,-40.29909896850586,-0.8352407217025757,9.035665512084961,-0.8135089874267578,12.030746459960938,-0.8243748545646667,False
4533,-40.191226959228516,-0.801753044128418,8.703849792480469,-0.885744571685791,11.924816131591797,-0.8437488079071045,False
4534,-39.68707275390625,-0.6452438235282898,9.116909980773926,-0.795822262763977,11.978105545043945,-0.720533013343811,False
4535,-39.743263244628906,-0.6626875400543213,9.815037727355957,-0.6438412666320801,12.009767532348633,-0.6532644033432007,False
4536,-40.582149505615234,-0.9231106638908386,8.335912704467773,-0.9658437371253967,12.093087196350098,-0.9444772005081177,False
4537,-39.65312194824219,-0.6347041726112366,8.77398681640625,-0.8704758882522583,12.009767532348633,-0.7525900602340698,False
4538,-40.041542053222656,-0.7552849650382996,10.183327674865723,-0.5636653304100037,11.881710052490234,-0.6594751477241516,False
4539,-39.88016891479492,-0.7051884531974792,10.079069137573242,-0.5863621830940247,11.827219009399414,-0.645775318145752,False
4540,-40.0403938293457,-0.7549285292625427,8.505145072937012,-0.9290022253990173,12.051628112792969,-0.84196537733078,False
4541,-40.04165267944336,-0.7553192973136902,8.53278636932373,-0.9229847192764282,12.063067436218262,-0.8391519784927368,False
4542,-40.02600860595703,-0.7504627704620361,9.26828670501709,-0.7628678679466248,12.00029182434082,-0.7566653490066528,False
4543,-39.88308334350586,-0.7060931921005249,9.32837963104248,-0.7497857213020325,12.072406768798828,-0.7279394865036011,False
4544,-39.61006546020508,-0.6213377714157104,9.728912353515625,-0.6625906229019165,11.903316497802734,-0.6419641971588135,False
4545,-39.54479217529297,-0.6010743379592896,8.80341911315918,-0.8640685677528381,12.113670349121094,-0.7325714826583862,False
4546,-40.253170013427734,-0.8209825754165649,8.087783813476562,-1.019860863685608,11.914080619812012,-0.9204217195510864,False
4547,-40.00570297241211,-0.7441591024398804,8.871275901794434,-0.8492962718009949,12.256073951721191,-0.7967276573181152,False
4548,-40.05916976928711,-0.760757327079773,8.665842056274414,-0.8940187692642212,12.041200637817383,-0.8273880481719971,False
4549,-40.46898651123047,-0.8879804611206055,9.87560749053955,-0.6306553483009338,11.999238967895508,-0.7593178749084473,False
4550,-40.14522933959961,-0.7874735593795776,10.2481107711792,-0.5495621562004089,12.134156227111816,-0.6685178279876709,False
4551,-40.068870544433594,-0.7637687921524048,8.790295600891113,-0.8669255375862122,12.2151460647583,-0.8153471946716309,False
4552,-39.762733459472656,-0.6687318682670593,8.51329517364502,-0.9272279143333435,12.174839973449707,-0.7979798913002014,False
4553,-39.19570541381836,-0.4927041828632355,8.643095970153809,-0.8989705443382263,12.440865516662598,-0.6958373785018921,False
4554,-39.48634719848633,-0.5829307436943054,7.686336994171143,-1.107254981994629,12.052667617797852,-0.8450928926467896,False
4555,-40.34907150268555,-0.8507541418075562,8.673255920410156,-0.8924047946929932,11.903316497802734,-0.8715794682502747,False
4556,-39.91154479980469,-0.7149287462234497,9.27288818359375,-0.7618660926818848,12.236156463623047,-0.7383974194526672,False
4557,-39.967918395996094,-0.7324293255805969,8.352205276489258,-0.9622968435287476,12.232361793518066,-0.8473631143569946,False
4558,-39.6185188293457,-0.6239619851112366,8.475811004638672,-0.9353881478309631,12.134156227111816,-0.7796750664710999,False
4559,-39.75899887084961,-0.6675724983215332,8.406493186950684,-0.9504784941673279,12.184951782226562,-0.8090255260467529,False
4560,-38.938812255859375,-0.4129544794559479,8.309368133544922,-0.9716224074363708,12.030746459960938,-0.6922884583473206,False
4561,-39.3721809387207,-0.5474891066551208,9.103421211242676,-0.7987587451934814,11.999238967895508,-0.6731239557266235,False
4562,-39.48971939086914,-0.5839776396751404,8.653440475463867,-0.8967186212539673,12.134156227111816,-0.7403481006622314,False
4563,-38.99879837036133,-0.43157652020454407,8.698163986206055,-0.8869823813438416,12.344588279724121,-0.659279465675354,False
4564,-39.149169921875,-0.4782577455043793,8.97453784942627,-0.8268163800239563,12.275899887084961,-0.6525370478630066,False
4565,-39.168548583984375,-0.48427364230155945,8.619941711425781,-0.9040111899375916,11.881710052490234,-0.6941424012184143,False
4566,-39.06794738769531,-0.4530430734157562,9.623231887817383,-0.6855970025062561,11.84909725189209,-0.569320023059845,False
4567,-38.82939910888672,-0.3789883553981781,8.874561309814453,-0.848581075668335,12.030746459960938,-0.6137847304344177,False
4568,-39.06214141845703,-0.4512406885623932,8.565836906433105,-0.9157897233963013,12.073441505432129,-0.683515191078186,False
4569,-39.50077438354492,-0.587409496307373,7.928177833557129,-1.0546067953109741,11.838171005249023,-0.8210081458091736,False
4570,-39.196285247802734,-0.49288418889045715,8.971211433410645,-0.8275405168533325,11.77203369140625,-0.6602123379707336,False
4571,-39.60782241821289,-0.6206414103507996,9.460987091064453,-0.7209174036979675,11.77314281463623,-0.6707794070243835,False
4572,-39.6521110534668,-0.6343903541564941,9.523938179016113,-0.7072130441665649,11.828313827514648,-0.6708016991615295,False
4573,-40.39040756225586,-0.8635864853858948,10.31371784210205,-0.5352796912193298,11.838171005249023,-0.6994330883026123,False
4574,-39.666481018066406,-0.6388513445854187,9.95491886138916,-0.6133894324302673,11.999238967895508,-0.626120388507843,False
4575,-39.42395782470703,-0.5635626316070557,8.83212661743164,-0.8578190207481384,12.113670349121094,-0.7106908559799194,False
4576,-39.712974548339844,-0.6532847285270691,10.728450775146484,-0.44499316811561584,12.372730255126953,-0.5491389632225037,False
4577,-39.23745346069336,-0.5056644082069397,9.493510246276855,-0.7138371467590332,12.226163864135742,-0.6097507476806641,False
4578,-39.46519088745117,-0.5763630270957947,8.554819107055664,-0.9181882739067078,12.072406768798828,-0.7472756505012512,False
4579,-39.36189651489258,-0.544296383857727,8.817413330078125,-0.8610220551490784,12.030746459960938,-0.7026592493057251,False
4580,-40.205745697021484,-0.8062602281570435,9.414664268493652,-0.7310017347335815,12.10339069366455,-0.7686309814453125,False
4581,-40.029483795166016,-0.7515416145324707,8.882186889648438,-0.8469209671020508,12.195038795471191,-0.7992312908172607,False
4582,-40.05009841918945,-0.7579411864280701,9.532588958740234,-0.7053297758102417,12.094117164611816,-0.7316354513168335,False
4583,-40.03148651123047,-0.7521633505821228,9.27762508392334,-0.7608349323272705,12.144363403320312,-0.756499171257019,False
4584,-38.76382827758789,-0.3586326241493225,9.38835620880127,-0.7367289662361145,12.459868431091309,-0.5476807951927185,False
4585,-39.68742370605469,-0.6453527808189392,8.775733947753906,-0.8700955510139465,12.155561447143555,-0.7577241659164429,False
4586,-39.344547271728516,-0.5389105081558228,8.115948677062988,-1.013729453086853,12.46839427947998,-0.7763199806213379,False
4587,-38.73072052001953,-0.34835466742515564,7.798685550689697,-1.0827969312667847,12.571245193481445,-0.7155758142471313,False
4588,-39.168609619140625,-0.48429256677627563,8.540831565856934,-0.9212332963943481,12.304489135742188,-0.7027629613876343,False
4589,-38.45298385620117,-0.2621343433856964,9.147974967956543,-0.7890594601631165,12.57198429107666,-0.5255969166755676,False
4590,-39.1932373046875,-0.4919379651546478,9.401066780090332,-0.7339618802070618,12.30547046661377,-0.6129499077796936,False
4591,-39.41744613647461,-0.5615411996841431,8.609050750732422,-0.906382143497467,12.402610778808594,-0.7339617013931274,False
4592,-40.04670715332031,-0.7568883895874023,9.088212966918945,-0.8020695447921753,12.689738273620605,-0.7794789671897888,False
4593,-39.9373893737793,-0.7229518890380859,8.432689666748047,-0.9447755813598633,12.372730255126953,-0.8338637351989746,False
4594,-39.131874084472656,-0.47288843989372253,11.513007164001465,-0.2741968631744385,12.174839973449707,-0.3735426664352417,False
4595,-39.814693450927734,-0.6848622560501099,9.357519149780273,-0.7434421181678772,12.515445709228516,-0.7141522169113159,False
4596,-39.29134750366211,-0.5223951935768127,8.570099830627441,-0.9148616790771484,12.255081176757812,-0.7186284065246582,False
4597,-39.73488998413086,-0.6600881814956665,9.57430648803711,-0.6962479948997498,12.11469554901123,-0.6781680583953857,False
4598,-39.69777297973633,-0.6485655903816223,9.543669700622559,-0.7029175162315369,12.265007019042969,-0.6757415533065796,False
4599,-40.16318893432617,-0.7930489182472229,8.748592376708984,-0.8760042190551758,12.145380973815918,-0.834526538848877,False
4600,-39.87348937988281,-0.7031148672103882,10.962315559387207,-0.3940812945365906,12.021316528320312,-0.548598051071167,False
4601,-39.46795654296875,-0.5772215723991394,8.83883285522461,-0.85635906457901,12.063067436218262,-0.7167903184890747,False
4602,-39.955875396728516,-0.7286906838417053,9.023354530334473,-0.8161890506744385,12.154545783996582,-0.7724398374557495,False
4603,-39.931095123291016,-0.7209979295730591,7.306813716888428,-1.1898764371871948,12.020269393920898,-0.955437183380127,False
4604,-39.53466033935547,-0.597929060459137,9.055878639221191,-0.8091086149215698,11.935527801513672,-0.7035188674926758,False
4605,-39.6899528503418,-0.6461378931999207,8.429679870605469,-0.9454308152198792,12.030746459960938,-0.7957843542098999,False
4606,-39.607391357421875,-0.6205075979232788,7.847529888153076,-1.072163701057434,12.155561447143555,-0.8463356494903564,False
4607,-39.88987731933594,-0.7082023024559021,8.63850212097168,-0.8999706506729126,12.450377464294434,-0.804086446762085,False
4608,-40.314109802246094,-0.8399006724357605,9.645424842834473,-0.680765688419342,12.093087196350098,-0.7603331804275513,False
4609,-39.70063781738281,-0.6494549512863159,8.868267059326172,-0.8499512672424316,11.988685607910156,-0.7497031092643738,False
4610,-39.54433822631836,-0.6009334325790405,8.402799606323242,-0.9512826204299927,12.009767532348633,-0.7761080265045166,False
4611,-39.33432388305664,-0.5357367992401123,10.112283706665039,-0.5791314840316772,12.662678718566895,-0.5574341416358948,False
4612,-39.59587478637695,-0.6169323921203613,9.324929237365723,-0.7505368590354919,12.99356460571289,-0.683734655380249,False
4613,-39.58333969116211,-0.6130410432815552,8.858749389648438,-0.8520232439041138,12.63545036315918,-0.7325321435928345,False
4614,-38.601776123046875,-0.30832529067993164,8.928436279296875,-0.8368525505065918,12.506075859069824,-0.5725889205932617,False
4615,-39.5266227722168,-0.5954338908195496,9.574146270751953,-0.6962828636169434,12.617202758789062,-0.6458584070205688,False
4616,-39.24524688720703,-0.5080837607383728,8.69498062133789,-0.887675404548645,12.507012367248535,-0.6978795528411865,False
4617,-38.72969436645508,-0.34803611040115356,8.80180835723877,-0.8644192218780518,12.430380821228027,-0.6062276363372803,False
4618,-38.41791534423828,-0.25124770402908325,10.0792875289917,-0.5863146781921387,12.333866119384766,-0.41878119111061096,False
4619,-38.53059768676758,-0.2862287163734436,10.576859474182129,-0.47799426317214966,12.382391929626465,-0.38211148977279663,False
4620,-39.61918258666992,-0.6241680383682251,11.321817398071289,-0.3158184885978699,12.082758903503418,-0.4699932634830475,False
4621,-39.37652587890625,-0.5488379001617432,9.199957847595215,-0.7777429223060608,12.030746459960938,-0.6632903814315796,False
4622,-39.10599136352539,-0.464853435754776,10.238066673278809,-0.5517487525939941,12.232361793518066,-0.5083010792732239,False
4623,-39.41360092163086,-0.5603474378585815,11.261518478393555,-0.32894542813301086,13.00193977355957,-0.444646418094635,False
4624,-38.69091796875,-0.33599838614463806,12.954230308532715,0.039554413408041,12.840834617614746,-0.14822198450565338,False
4625,-39.163360595703125,-0.4826630651950836,11.887365341186523,-0.1926998794078827,12.534126281738281,-0.33768147230148315,False
4626,-39.000762939453125,-0.43218639492988586,9.775182723999023,-0.6525176167488098,12.401651382446289,-0.542352020740509,False
4627,-39.43442153930664,-0.5668110251426697,10.208216667175293,-0.5582470297813416,12.246126174926758,-0.5625290274620056,False
4628,-38.144935607910156,-0.16650409996509552,9.231441497802734,-0.7708889842033386,12.031791687011719,-0.4686965346336365,False
4629,-38.91853713989258,-0.4066602885723114,9.542943000793457,-0.7030757665634155,12.062029838562012,-0.5548680424690247,False
4630,-39.09335708618164,-0.4609312415122986,10.050078392028809,-0.5926734209060669,12.073441505432129,-0.5268023014068604,False
4631,-38.92856979370117,-0.4097748100757599,9.632969856262207,-0.6834771037101746,12.265007019042969,-0.5466259717941284,False
4632,-38.548309326171875,-0.29172709584236145,10.05639934539795,-0.5912973880767822,12.134156227111816,-0.44151222705841064,False
4633,-39.066871643066406,-0.4527091383934021,10.173521995544434,-0.5658000111579895,12.062029838562012,-0.5092545747756958,False
4634,-38.79427719116211,-0.3680851459503174,10.495296478271484,-0.495750367641449,12.28479290008545,-0.4319177567958832,False
4635,-39.04661178588867,-0.44641968607902527,9.908935546875,-0.6233999133110046,12.051628112792969,-0.5349097847938538,False
4636,-38.30734634399414,-0.21692276000976562,9.28545093536377,-0.7591312527656555,12.235159873962402,-0.48802700638771057,False
4637,-38.3685302734375,-0.2359166443347931,11.269299507141113,-0.32725152373313904,12.235159873962402,-0.28158408403396606,False
4638,-39.01875305175781,-0.4377712309360504,10.010571479797363,-0.6012740135192871,12.274911880493164,-0.5195226073265076,False
4639,-38.903629302978516,-0.4020323157310486,8.751836776733398,-0.8752979040145874,13.044407844543457,-0.6386650800704956,False
4640,-39.178035736083984,-0.48721882700920105,10.836564064025879,-0.4214571416378021,12.796318054199219,-0.4543379843235016,False
4641,-39.75241470336914,-0.6655285358428955,9.812665939331055,-0.6443576216697693,12.707683563232422,-0.6549431085586548,False
4642,-39.31485366821289,-0.5296924710273743,11.170563697814941,-0.34874609112739563,12.154545783996582,-0.43921929597854614,False
4643,-39.607181549072266,-0.6204424500465393,9.420666694641113,-0.7296950221061707,12.164703369140625,-0.675068736076355,False
4644,-39.7299919128418,-0.6585676074028015,9.882617950439453,-0.6291292309761047,12.324095726013184,-0.6438484191894531,False
4645,-39.39834976196289,-0.5556129217147827,10.47628116607666,-0.49988996982574463,11.924816131591797,-0.5277514457702637,False
4646,-39.247764587402344,-0.5088653564453125,9.726890563964844,-0.663030743598938,12.062029838562012,-0.5859480500221252,False
4647,-40.37997055053711,-0.8603464365005493,9.429244995117188,-0.7278275489807129,11.978105545043945,-0.7940869927406311,False
4648,-39.86017608642578,-0.6989818811416626,9.503524780273438,-0.7116569876670837,12.195038795471191,-0.7053194046020508,False
4649,-39.59431838989258,-0.616449236869812,9.483757019042969,-0.7159603834152222,12.663582801818848,-0.6662048101425171,False
4650,-39.589874267578125,-0.6150696277618408,8.734538078308105,-0.8790638446807861,12.28479290008545,-0.7470667362213135,False
4651,-39.67200469970703,-0.6405661106109619,9.572543144226074,-0.6966318488121033,12.5997953414917,-0.668599009513855,False
4652,-39.758880615234375,-0.6675357818603516,9.383687973022461,-0.7377452254295349,12.216147422790527,-0.7026405334472656,False
4653,-39.96870803833008,-0.7326744198799133,8.825174331665039,-0.8593325018882751,12.58968734741211,-0.7960034608840942,False
4654,-40.04259490966797,-0.7556118369102478,8.909725189208984,-0.840925931930542,12.062860488891602,-0.7982689142227173,False
4655,-40.021854400634766,-0.7491731643676758,9.066877365112305,-0.8067142367362976,11.924816131591797,-0.7779437303543091,False
4656,-39.89592742919922,-0.7100805044174194,8.35545825958252,-0.9615886807441711,12.2151460647583,-0.8358346223831177,False
4657,-39.901580810546875,-0.711835503578186,9.382122993469238,-0.738085925579071,12.134156227111816,-0.7249606847763062,False
4658,-39.786521911621094,-0.6761167049407959,8.482732772827148,-0.9338812828063965,12.020269393920898,-0.8049989938735962,False
4659,-39.34210205078125,-0.5381514430046082,9.135648727416992,-0.7917428612709045,12.255081176757812,-0.6649471521377563,False
4660,-39.68447494506836,-0.6444373726844788,9.719962120056152,-0.6645390391349792,12.392032623291016,-0.654488205909729,False
4661,-40.18943786621094,-0.8011975884437561,8.053088188171387,-1.027414083480835,12.334840774536133,-0.9143058061599731,False
4662,-40.12276840209961,-0.7805008292198181,9.674248695373535,-0.674490749835968,12.030746459960938,-0.7274957895278931,False
4663,-39.767005920410156,-0.6700581908226013,8.62785816192627,-0.9022878408432007,12.164703369140625,-0.7861729860305786,False
4664,-39.57576370239258,-0.6106891632080078,9.507283210754395,-0.710838794708252,12.009767532348633,-0.6607639789581299,False
4665,-39.98161315917969,-0.7366806864738464,11.050606727600098,-0.3748604953289032,11.967498779296875,-0.5557705760002136,False
4666,-39.72795486450195,-0.6579352021217346,9.189737319946289,-0.7799679040908813,11.946210861206055,-0.7189515829086304,False
4667,-39.87773513793945,-0.7044329047203064,7.1688408851623535,-1.2199128866195679,12.020269393920898,-0.9621728658676147,False
4668,-39.90375900268555,-0.7125117182731628,8.798293113708496,-0.865184485912323,12.552724838256836,-0.7888481020927429,False
4669,-39.636138916015625,-0.629431962966919,9.340513229370117,-0.7471442818641663,12.030746459960938,-0.6882880926132202,False
4670,-39.217506408691406,-0.499472051858902,8.939192771911621,-0.8345109224319458,12.041200637817383,-0.6669914722442627,False
4671,-39.66447448730469,-0.6382284164428711,9.91871166229248,-0.6212716698646545,12.164703369140625,-0.6297500133514404,False
4672,-39.78404998779297,-0.6753493547439575,9.991120338439941,-0.6055084466934204,12.255081176757812,-0.640428900718689,False
4673,-40.076419830322266,-0.7661123871803284,8.327529907226562,-0.9676686525344849,11.956868171691895,-0.866890549659729,False
4674,-39.931190490722656,-0.7210274934768677,8.308928489685059,-0.9717181324958801,11.968559265136719,-0.8463728427886963,False
4675,-40.001338958740234,-0.7428043484687805,9.016366958618164,-0.817710280418396,11.903316497802734,-0.7802573442459106,False
4676,-39.29104232788086,-0.5223004817962646,9.214465141296387,-0.7745847105979919,12.051628112792969,-0.6484426259994507,False
4677,-39.85979080200195,-0.6988622546195984,9.751692771911621,-0.6576313376426697,11.946210861206055,-0.678246796131134,False
4678,-40.18474197387695,-0.7997398376464844,9.120369911193848,-0.7950690388679504,11.827219009399414,-0.797404408454895,False
4679,-39.80531311035156,-0.6819502711296082,9.137903213500977,-0.791252076625824,11.914080619812012,-0.7366011738777161,False
4680,-39.622737884521484,-0.625271737575531,9.139184951782227,-0.7909730076789856,11.914080619812012,-0.7081223726272583,False
4681,-40.004913330078125,-0.7439139485359192,9.201722145080566,-0.7773588299751282,11.978105545043945,-0.7606363892555237,False
4682,-40.17771911621094,-0.7975596785545349,9.179556846618652,-0.7821841835975647,12.082758903503418,-0.7898719310760498,False
4683,-39.7405891418457,-0.6618574261665344,9.264029502868652,-0.7637946605682373,12.402610778808594,-0.7128260135650635,False
4684,-39.49767303466797,-0.5864467620849609,9.704691886901855,-0.6678633689880371,12.580475807189941,-0.627155065536499,False
4685,-39.635841369628906,-0.6293395757675171,10.144963264465332,-0.5720171928405762,12.627246856689453,-0.6006783843040466,False
4686,-39.317440032958984,-0.5304953455924988,9.012322425842285,-0.8185907602310181,12.944659233093262,-0.674543023109436,False
4687,-39.19685745239258,-0.4930618107318878,8.785476684570312,-0.867974579334259,11.931246757507324,-0.6805182099342346,False
4688,-39.78868103027344,-0.6767870187759399,8.378500938415527,-0.9565723538398743,12.174839973449707,-0.8166797161102295,False
4689,-39.814552307128906,-0.6848184466362,8.104382514953613,-1.0162473917007446,12.113670349121094,-0.8505328893661499,False
4690,-39.650123596191406,-0.6337733864784241,9.642518997192383,-0.6813982725143433,12.123924255371094,-0.657585859298706,False
4691,-39.60374069213867,-0.6193742752075195,9.282649993896484,-0.7597410082817078,12.411249160766602,-0.689557671546936,False
4692,-39.506980895996094,-0.5893362760543823,8.690166473388672,-0.8887234330177307,12.195038795471191,-0.7390298843383789,False
4693,-39.459571838378906,-0.5746186375617981,8.977140426635742,-0.8262497782707214,11.870865821838379,-0.7004342079162598,False
4694,-40.307926177978516,-0.8379810452461243,8.791851043701172,-0.8665869235992432,12.225164413452148,-0.8522839546203613,False
4695,-40.044891357421875,-0.7563247084617615,8.773187637329102,-0.8706498742103577,12.617202758789062,-0.8134872913360596,False
4696,-40.71480941772461,-0.9642934799194336,9.4863920211792,-0.7153867483139038,11.946210861206055,-0.8398401141166687,False
4697,-40.62350845336914,-0.9359501004219055,9.167680740356445,-0.7847695350646973,11.988685607910156,-0.860359787940979,False
4698,-39.69478225708008,-0.647637128829956,9.860685348510742,-0.6339039206504822,11.881710052490234,-0.6407705545425415,False
4699,-39.80744171142578,-0.6826110482215881,9.932750701904297,-0.6182154417037964,11.94727611541748,-0.6504132747650146,False
4700,-39.592857360839844,-0.6159957051277161,10.051902770996094,-0.5922762751579285,12.496685981750488,-0.6041359901428223,False
4701,-40.096717834472656,-0.7724136710166931,9.955829620361328,-0.6131911873817444,12.689738273620605,-0.6928024291992188,False
4702,-39.13434600830078,-0.4736558198928833,8.241190910339355,-0.9864644408226013,11.946210861206055,-0.7300601005554199,False
4703,-39.78327178955078,-0.6751077771186829,8.873574256896973,-0.8487959504127502,12.626335144042969,-0.7619518637657166,False
4704,-39.78511047363281,-0.675678551197052,9.36766242980957,-0.7412339448928833,11.84909725189209,-0.70845627784729,False
4705,-39.702552795410156,-0.6500494480133057,9.64188289642334,-0.6815367341041565,12.020269393920898,-0.6657930612564087,False
4706,-39.33395004272461,-0.5356206893920898,9.843294143676758,-0.6376899480819702,12.020269393920898,-0.58665531873703,False
4707,-39.6585693359375,-0.636395275592804,8.943285942077637,-0.8336198329925537,11.999238967895508,-0.7350075244903564,False
4708,-39.266883850097656,-0.5148007273674011,9.469679832458496,-0.7190249562263489,11.978105545043945,-0.616912841796875,False
4709,-39.09566879272461,-0.4616488814353943,9.32592487335205,-0.7503201365470886,12.164703369140625,-0.6059845089912415,False
4710,-39.51513671875,-0.5918681621551514,8.98709774017334,-0.82408207654953,12.235159873962402,-0.7079751491546631,False
4711,-39.42092514038086,-0.5626211762428284,9.169455528259277,-0.7843831777572632,12.506075859069824,-0.6735022068023682,False
4712,-39.28863525390625,-0.5215532183647156,8.898594856262207,-0.8433489799499512,12.265007019042969,-0.6824511289596558,False
4713,-39.32320022583008,-0.5322835445404053,9.099137306213379,-0.7996913194656372,12.265007019042969,-0.6659874320030212,False
4714,-39.22327423095703,-0.5012626051902771,10.430373191833496,-0.5098840594291687,12.256073951721191,-0.5055733323097229,False
4715,-38.42985153198242,-0.25495314598083496,10.033097267150879,-0.5963701605796814,12.353342056274414,-0.4256616532802582,False
4716,-38.31977844238281,-0.22078216075897217,9.608616828918457,-0.6887786984443665,12.524795532226562,-0.4547804296016693,False
4717,-37.90095901489258,-0.09076422452926636,7.096187114715576,-1.235729455947876,13.14272403717041,-0.6632468700408936,False
4718,-39.53948211669922,-0.5994259119033813,8.668685913085938,-0.893399715423584,13.308818817138672,-0.7464128136634827,False
4719,-39.324188232421875,-0.5325902700424194,9.068451881408691,-0.8063714504241943,12.154545783996582,-0.6694808602333069,False
