0.0,0.0,0.0,0.0,0.0,0.0,0.0,0.0,0.0,0.0,0.0,0.0,0.0,0.0,0.0,0.0,0.0,0.0,0.0,0.0,0.0,0.0,0.0,0.0,0.0,0.0,0.0,0.0,0.0,0.0,0.0,0.0,0.0,0.0,0.0,0.0,0.0,0.0,0.0,0.0,0.0,0.0,0.0,0.0,0.0,0.0,0.0,0.0,0.0,0.0,0.0,0.0,0.0,0.0,0.0,0.0,0.0,0.0,0.0,0.0,0.0,0.0,0.0,0.0,0.0,0.0,0.0,0.0,0.0,0.0,0.0,0.0,0.0,0.0,0.0,0.0,0.0,0.0,0.0,0.0,0.0,0.0,0.0,0.0,0.0,0.0,0.0,0.0,0.0,0.0,0.0,0.0,0.0,0.0,0.0,0.0,0.0,0.0,0.0,0.0,0.0,0.0,0.0,0.0,0.0,0.0,0.0,0.0,0.0,0.0,0.0,0.0,0.0,0.0,0.0,0.0,0.0,0.0,0.0,0.0,0.0,0.0,0.0,0.0,0.0,0.0,0.0,0.0,0.0,0.0,0.0,0.0,0.0,0.0,0.0,0.0,0.0,0.0,0.0,0.0,0.0,0.0,0.0,0.0,0.0,0.0,0.0,0.0,0.0,0.0,0.0,0.0,0.0,0.0,0.0,0.0,0.0,0.0,0.0,0.0,0.0,0.0,0.0,0.0,0.0,0.0,0.0,0.0,0.0,0.0,0.0,0.0,0.0,0.0,0.0,0.0,0.0,0.0,0.0,0.0,0.0,0.0,0.0,0.0,0.0,0.0,0.0,0.0,0.0,0.0,0.0,0.0,0.0,0.0,0.0,0.0,0.0,0.0,0.0,0.0,0.0,0.0,0.0,0.0,0.0,0.0,0.0,0.0,0.0,0.0,0.0,0.0,0.0,0.0,0.0,0.0,0.0,0.0,0.0,0.0,0.0,0.0,0.0,0.0,0.0,0.0,0.0,0.0,0.0,0.0,0.0,0.0,0.0,0.0,0.0,0.0,0.0,0.0,0.0,0.0,0.0
0.0,0.0,0.0,0.0,0.0,0.0,0.0,0.0,0.0,0.0,0.0,0.0,0.0,0.0,0.0,0.0,0.0,0.0,0.0,0.0,0.0,0.0,0.0,0.0,0.0,0.0,0.0,0.0,0.0,0.0,0.0,0.0,0.0,0.0,0.0,0.0,0.0,0.0,0.0,0.0,0.0,0.0,0.0,0.0,0.0,0.0,0.0,0.0,0.0,0.0,0.0,0.0,0.0,0.0,0.0,0.0,0.0,0.0,0.0,0.0,0.0,0.0,0.0,0.0,0.0,0.0,0.0,0.0,0.0,0.0,0.0,0.0,0.0,0.0,0.0,0.0,0.0,0.0,0.0,0.0,0.0,0.0,0.0,0.0,0.0,0.0,0.0,0.0,0.0,0.0,0.0,0.0,0.0,0.0,0.0,0.0,0.0,0.0,0.0,0.0,0.0,0.0,0.0,0.0,0.0,0.0,0.0,0.0,0.0,0.0,0.0,0.0,0.0,0.0,0.0,0.0,0.0,0.0,0.0,0.0,0.0,0.0,0.0,0.0,0.0,0.0,0.0,0.0,0.0,0.0,0.0,0.0,0.0,0.0,0.0,0.0,0.0,0.0,0.0,0.0,0.0,0.0,0.0,0.0,0.0,0.0,0.0,0.0,0.0,0.0,0.0,0.0,0.0,0.0,0.0,0.0,0.0,0.0,0.0,0.0,0.0,0.0,0.0,0.0,0.0,0.0,0.0,0.0,0.0,0.0,0.0,0.0,0.0,0.0,0.0,0.0,0.0,0.0,0.0,0.0,0.0,0.0,0.0,0.0,0.0,0.0,0.0,0.0,0.0,0.0,0.0,0.0,0.0,0.0,0.0,0.0,0.0,0.0,0.0,0.0,0.0,0.0,0.0,0.0,0.0,0.0,0.0,0.0,0.0,0.0,0.0,0.0,0.0,0.0,0.0,0.0,0.0,0.0,0.0,0.0,0.0,0.0,0.0,0.0,0.0,0.0,0.0,0.0,0.0,0.0,0.0,0.0,0.0,0.0,0.0,0.0,0.0,0.0,0.0,0.0,0.0
0.0,0.0,0.0,0.0,0.0,0.0,0.0,0.0,0.0,0.0,0.0,0.0,0.0,0.0,0.0,0.0,0.0,0.0,0.0,0.0,0.0,0.0,0.0,0.0,0.0,0.0,0.0,0.0,0.0,0.0,0.0,0.0,0.0,0.0,0.0,0.0,0.0,0.0,0.0,0.0,0.0,0.0,0.0,0.0,0.0,0.0,0.0,0.0,0.0,0.0,0.0,0.0,0.0,0.0,0.0,0.0,0.0,0.0,0.0,0.0,0.0,0.0,0.0,0.0,0.0,0.0,0.0,0.0,0.0,0.0,0.0,0.0,0.0,0.0,0.0,0.0,0.0,0.0,0.0,0.0,0.0,0.0,0.0,0.0,0.0,0.0,0.0,0.0,0.0,0.0,0.0,0.0,0.0,0.0,0.0,0.0,0.0,0.0,0.0,0.0,0.0,0.0,0.0,0.0,0.0,0.0,0.0,0.0,0.0,0.0,0.0,0.0,0.0,0.0,0.0,0.0,0.0,0.0,0.0,0.0,0.0,0.0,0.0,0.0,0.0,0.0,0.0,0.0,0.0,0.0,0.0,0.0,0.0,0.0,0.0,0.0,0.0,0.0,0.0,0.0,0.0,0.0,0.0,0.0,0.0,0.0,0.0,0.0,0.0,0.0,0.0,0.0,0.0,0.0,0.0,0.0,0.0,0.0,0.0,0.0,0.0,0.0,0.0,0.0,0.0,0.0,0.0,0.0,0.0,0.0,0.0,0.0,0.0,0.0,0.0,0.0,0.0,0.0,0.0,0.0,0.0,0.0,0.0,0.0,0.0,0.0,0.0,0.0,0.0,0.0,0.0,0.0,0.0,0.0,0.0,0.0,0.0,0.0,0.0,0.0,0.0,0.0,0.0,0.0,0.0,0.0,0.0,0.0,0.0,0.0,0.0,0.0,0.0,0.0,0.0,0.0,0.0,0.0,0.0,0.0,0.0,0.0,0.0,0.0,0.0,0.0,0.0,0.0,0.0,0.0,0.0,0.0,0.0,0.0,0.0,0.0,0.0,0.0,0.0,0.0,0.0
0.0,0.0,0.0,0.0,0.0,0.0,0.0,0.0,0.0,0.0,0.0,0.0,0.0,0.0,0.0,0.0,0.0,0.0,0.0,0.0,0.0,0.0,0.0,0.0,0.0,0.0,0.0,0.0,0.0,0.0,0.0,0.0,0.0,0.0,0.0,0.0,0.0,0.0,0.0,0.0,0.0,0.0,0.0,0.0,0.0,0.0,0.0,0.0,0.0,0.0,0.0,0.0,0.0,0.0,0.0,0.0,0.0,0.0,0.0,0.0,0.0,0.0,0.0,0.0,0.0,0.0,0.0,0.0,0.0,0.0,0.0,0.0,0.0,0.0,0.0,0.0,0.0,0.0,0.0,0.0,0.0,0.0,0.0,0.0,0.0,0.0,0.0,0.0,0.0,0.0,0.0,0.0,0.0,0.0,0.0,0.0,0.0,0.0,0.0,0.0,0.0,0.0,0.0,0.0,0.0,0.0,0.0,0.0,0.0,0.0,0.0,0.0,0.0,0.0,0.0,0.0,0.0,0.0,0.0,0.0,0.0,0.0,0.0,0.0,0.0,0.0,0.0,0.0,0.0,0.0,0.0,0.0,0.0,0.0,0.0,0.0,0.0,0.0,0.0,0.0,0.0,0.0,0.0,0.0,0.0,0.0,0.0,0.0,0.0,0.0,0.0,0.0,0.0,0.0,0.0,0.0,0.0,0.0,0.0,0.0,0.0,0.0,0.0,0.0,0.0,0.0,0.0,0.0,0.0,0.0,0.0,0.0,0.0,0.0,0.0,0.0,0.0,0.0,0.0,0.0,0.0,0.0,0.0,0.0,0.0,0.0,0.0,0.0,0.0,0.0,0.0,0.0,0.0,0.0,0.0,0.0,0.0,0.0,0.0,0.0,0.0,0.0,0.0,0.0,0.0,0.0,0.0,0.0,0.0,0.0,0.0,0.0,0.0,0.0,0.0,0.0,0.0,0.0,0.0,0.0,0.0,0.0,0.0,0.0,0.0,0.0,0.0,0.0,0.0,0.0,0.0,0.0,0.0,0.0,0.0,0.0,0.0,0.0,0.0,0.0,0.0
0.0,0.0,0.0,0.0,0.0,0.0,0.0,0.0,0.0,0.0,0.0,0.0,0.0,0.0,0.0,0.0,0.0,0.0,0.0,0.0,0.0,0.0,0.0,0.0,0.0,0.0,0.0,0.0,0.0,0.0,0.0,0.0,0.0,0.0,0.0,0.0,0.0,0.0,0.0,0.0,0.0,0.0,0.0,0.0,0.0,0.0,0.0,0.0,0.0,0.0,0.0,0.0,0.0,0.0,0.0,0.0,0.0,0.0,0.0,0.0,0.0,0.0,0.0,0.0,0.0,0.0,0.0,0.0,0.0,0.0,0.0,0.0,0.0,0.0,0.0,0.0,0.0,0.0,0.0,0.0,0.0,0.0,0.0,0.0,0.0,0.0,0.0,0.0,0.0,0.0,0.0,0.0,0.0,0.0,0.0,0.0,0.0,0.0,0.0,0.0,0.0,0.0,0.0,0.0,0.0,0.0,0.0,0.0,0.0,0.0,0.0,0.0,0.0,0.0,0.0,0.0,0.0,0.0,0.0,0.0,0.0,0.0,0.0,0.0,0.0,0.0,0.0,0.0,0.0,0.0,0.0,0.0,0.0,0.0,0.0,0.0,0.0,0.0,0.0,0.0,0.0,0.0,0.0,0.0,0.0,0.0,0.0,0.0,0.0,0.0,0.0,0.0,0.0,0.0,0.0,0.0,0.0,0.0,0.0,0.0,0.0,0.0,0.0,0.0,0.0,0.0,0.0,0.0,0.0,0.0,0.0,0.0,0.0,0.0,0.0,0.0,0.0,0.0,0.0,0.0,0.0,0.0,0.0,0.0,0.0,0.0,0.0,0.0,0.0,0.0,0.0,0.0,0.0,0.0,0.0,0.0,0.0,0.0,0.0,0.0,0.0,0.0,0.0,0.0,0.0,0.0,0.0,0.0,0.0,0.0,0.0,0.0,0.0,0.0,0.0,0.0,0.0,0.0,0.0,0.0,0.0,0.0,0.0,0.0,0.0,0.0,0.0,0.0,0.0,0.0,0.0,0.0,0.0,0.0,0.0,0.0,0.0,0.0,0.0,0.0,0.0
0.0,0.0,0.0,0.0,0.0,0.0,0.0,0.0,0.0,0.0,0.0,0.0,0.0,0.0,0.0,0.0,0.0,0.0,0.0,0.0,0.0,0.0,0.0,0.0,0.0,0.0,0.0,0.0,0.0,0.0,0.0,0.0,0.0,0.0,0.0,0.0,0.0,0.0,0.0,0.0,0.0,0.0,0.0,0.0,0.0,0.0,0.0,0.0,0.0,0.0,0.0,0.0,0.0,0.0,0.0,0.0,0.0,0.0,0.0,0.0,0.0,0.0,0.0,0.0,0.0,0.0,0.0,0.0,0.0,0.0,0.0,0.0,0.0,0.0,0.0,0.0,0.0,0.0,0.0,0.0,0.0,0.0,0.0,0.0,0.0,0.0,0.0,0.0,0.0,0.0,0.0,0.0,0.0,0.0,0.0,0.0,0.0,0.0,0.0,0.0,0.0,0.0,0.0,0.0,0.0,0.0,0.0,0.0,0.0,0.0,0.0,0.0,0.0,0.0,0.0,0.0,0.0,0.0,0.0,0.0,0.0,0.0,0.0,0.0,0.0,0.0,0.0,0.0,0.0,0.0,0.0,0.0,0.0,0.0,0.0,0.0,0.0,0.0,0.0,0.0,0.0,0.0,0.0,0.0,0.0,0.0,0.0,0.0,0.0,0.0,0.0,0.0,0.0,0.0,0.0,0.0,0.0,0.0,0.0,0.0,0.0,0.0,0.0,0.0,0.0,0.0,0.0,0.0,0.0,0.0,0.0,0.0,0.0,0.0,0.0,0.0,0.0,0.0,0.0,0.0,0.0,0.0,0.0,0.0,0.0,0.0,0.0,0.0,0.0,0.0,0.0,0.0,0.0,0.0,0.0,0.0,0.0,0.0,0.0,0.0,0.0,0.0,0.0,0.0,0.0,0.0,0.0,0.0,0.0,0.0,0.0,0.0,0.0,0.0,0.0,0.0,0.0,0.0,0.0,0.0,0.0,0.0,0.0,0.0,0.0,0.0,0.0,0.0,0.0,0.0,0.0,0.0,0.0,0.0,0.0,0.0,0.0,0.0,0.0,0.0,0.0
0.0,0.0,0.0,0.0,0.0,0.0,0.0,0.0,0.0,0.0,0.0,0.0,0.0,0.0,0.0,0.0,0.0,0.0,0.0,0.0,0.0,0.0,0.0,0.0,0.0,0.0,0.0,0.0,0.0,0.0,0.0,0.0,0.0,0.0,0.0,0.0,0.0,0.0,0.0,0.0,0.0,0.0,0.0,0.0,0.0,0.0,0.0,0.0,0.0,0.0,0.0,0.0,0.0,0.0,0.0,0.0,0.0,0.0,0.0,0.0,0.0,0.0,0.0,0.0,0.0,0.0,0.0,0.0,0.0,0.0,0.0,0.0,0.0,0.0,0.0,0.0,0.0,0.0,0.0,0.0,0.0,0.0,0.0,0.0,0.0,0.0,0.0,0.0,0.0,0.0,0.0,0.0,0.0,0.0,0.0,0.0,0.0,0.0,0.0,0.0,0.0,0.0,0.0,0.0,0.0,0.0,0.0,0.0,0.0,0.0,0.0,0.0,0.0,0.0,0.0,0.0,0.0,0.0,0.0,0.0,0.0,0.0,0.0,0.0,0.0,0.0,0.0,0.0,0.0,0.0,0.0,0.0,0.0,0.0,0.0,0.0,0.0,0.0,0.0,0.0,0.0,0.0,0.0,0.0,0.0,0.0,0.0,0.0,0.0,0.0,0.0,0.0,0.0,0.0,0.0,0.0,0.0,0.0,0.0,0.0,0.0,0.0,0.0,0.0,0.0,0.0,0.0,0.0,0.0,0.0,0.0,0.0,0.0,0.0,0.0,0.0,0.0,0.0,0.0,0.0,0.0,0.0,0.0,0.0,0.0,0.0,0.0,0.0,0.0,0.0,0.0,0.0,0.0,0.0,0.0,0.0,0.0,0.0,0.0,0.0,0.0,0.0,0.0,0.0,0.0,0.0,0.0,0.0,0.0,0.0,0.0,0.0,0.0,0.0,0.0,0.0,0.0,0.0,0.0,0.0,0.0,0.0,0.0,0.0,0.0,0.0,0.0,0.0,0.0,0.0,0.0,0.0,0.0,0.0,0.0,0.0,0.0,0.0,0.0,0.0,0.0
0.0,0.0,0.0,0.0,0.0,0.0,0.0,0.0,0.0,0.0,0.0,0.0,0.0,0.0,0.0,0.0,0.0,0.0,0.0,0.0,0.0,0.0,0.0,0.0,0.0,0.0,0.0,0.0,0.0,0.0,0.0,0.0,0.0,0.0,0.0,0.0,0.0,0.0,0.0,0.0,0.0,0.0,0.0,0.0,0.0,0.0,0.0,0.0,0.0,0.0,0.0,0.0,0.0,0.0,0.0,0.0,0.0,0.0,0.0,0.0,0.0,0.0,0.0,0.0,0.0,0.0,0.0,0.0,0.0,0.0,0.0,0.0,0.0,0.0,0.0,0.0,0.0,0.0,0.0,0.0,0.0,0.0,0.0,0.0,0.0,0.0,0.0,0.0,0.0,0.0,0.0,0.0,0.0,0.0,0.0,0.0,0.0,0.0,0.0,0.0,0.0,0.0,0.0,0.0,0.0,0.0,0.0,0.0,0.0,0.0,0.0,0.0,0.0,0.0,0.0,0.0,0.0,0.0,0.0,0.0,0.0,0.0,0.0,0.0,0.0,0.0,0.0,0.0,0.0,0.0,0.0,0.0,0.0,0.0,0.0,0.0,0.0,0.0,0.0,0.0,0.0,0.0,0.0,0.0,0.0,0.0,0.0,0.0,0.0,0.0,0.0,0.0,0.0,0.0,0.0,0.0,0.0,0.0,0.0,0.0,0.0,0.0,0.0,0.0,0.0,0.0,0.0,0.0,0.0,0.0,0.0,0.0,0.0,0.0,0.0,0.0,0.0,0.0,0.0,0.0,0.0,0.0,0.0,0.0,0.0,0.0,0.0,0.0,0.0,0.0,0.0,0.0,0.0,0.0,0.0,0.0,0.0,0.0,0.0,0.0,0.0,0.0,0.0,0.0,0.0,0.0,0.0,0.0,0.0,0.0,0.0,0.0,0.0,0.0,0.0,0.0,0.0,0.0,0.0,0.0,0.0,0.0,0.0,0.0,0.0,0.0,0.0,0.0,0.0,0.0,0.0,0.0,0.0,0.0,0.0,0.0,0.0,0.0,0.0,0.0,0.0
0.0,0.0,0.0,0.0,0.0,0.0,0.0,0.0,0.0,0.0,0.0,0.0,0.0,0.0,0.0,0.0,0.0,0.0,0.0,0.0,0.0,0.0,0.0,0.0,0.0,0.0,0.0,0.0,0.0,0.0,0.0,0.0,0.0,0.0,0.0,0.0,0.0,0.0,0.0,0.0,0.0,0.0,0.0,0.0,0.0,0.0,0.0,0.0,0.0,0.0,0.0,0.0,0.0,0.0,0.0,0.0,0.0,0.0,0.0,0.0,0.0,0.0,0.0,0.0,0.0,0.0,0.0,0.0,0.0,0.0,0.0,0.0,0.0,0.0,0.0,0.0,0.0,0.0,0.0,0.0,0.0,0.0,0.0,0.0,0.0,0.0,0.0,0.0,0.0,0.0,0.0,0.0,0.0,0.0,0.0,0.0,0.0,0.0,0.0,0.0,0.0,0.0,0.0,0.0,0.0,0.0,0.0,0.0,0.0,0.0,0.0,0.0,0.0,0.0,0.0,0.0,0.0,0.0,0.0,0.0,0.0,0.0,0.0,0.0,0.0,0.0,0.0,0.0,0.0,0.0,0.0,0.0,0.0,0.0,0.0,0.0,0.0,0.0,0.0,0.0,0.0,0.0,0.0,0.0,0.0,0.0,0.0,0.0,0.0,0.0,0.0,0.0,0.0,0.0,0.0,0.0,0.0,0.0,0.0,0.0,0.0,0.0,0.0,0.0,0.0,0.0,0.0,0.0,0.0,0.0,0.0,0.0,0.0,0.0,0.0,0.0,0.0,0.0,0.0,0.0,0.0,0.0,0.0,0.0,0.0,0.0,0.0,0.0,0.0,0.0,0.0,0.0,0.0,0.0,0.0,0.0,0.0,0.0,0.0,0.0,0.0,0.0,0.0,0.0,0.0,0.0,0.0,0.0,0.0,0.0,0.0,0.0,0.0,0.0,0.0,0.0,0.0,0.0,0.0,0.0,0.0,0.0,0.0,0.0,0.0,0.0,0.0,0.0,0.0,0.0,0.0,0.0,0.0,0.0,0.0,0.0,0.0,0.0,0.0,0.0,0.0
0.0,0.0,0.0,0.0,0.0,0.0,0.0,0.0,0.0,0.0,0.0,0.0,0.0,0.0,0.0,0.0,0.0,0.0,0.0,0.0,0.0,0.0,0.0,0.0,0.0,0.0,0.0,0.0,0.0,0.0,0.0,0.0,0.0,0.0,0.0,0.0,0.0,0.0,0.0,0.0,0.0,0.0,0.0,0.0,0.0,0.0,0.0,0.0,0.0,0.0,0.0,0.0,0.0,0.0,0.0,0.0,0.0,0.0,0.0,0.0,0.0,0.0,0.0,0.0,0.0,0.0,0.0,0.0,0.0,0.0,0.0,0.0,0.0,0.0,0.0,0.0,0.0,0.0,0.0,0.0,0.0,0.0,0.0,0.0,0.0,0.0,0.0,0.0,0.0,0.0,0.0,0.0,0.0,0.0,0.0,0.0,0.0,0.0,0.0,0.0,0.0,0.0,0.0,0.0,0.0,0.0,0.0,0.0,0.0,0.0,0.0,0.0,0.0,0.0,0.0,0.0,0.0,0.0,0.0,0.0,0.0,0.0,0.0,0.0,0.0,0.0,0.0,0.0,0.0,0.0,0.0,0.0,0.0,0.0,0.0,0.0,0.0,0.0,0.0,0.0,0.8567104910503788,0.8567139694968426,0.8567172681977863,0.8567203846064197,0.8567233163166903,0.8567260610651495,0.8567286167326987,0.8567309813462339,0.8567331530801661,0.8567351302578389,0.856736911352821,0.8567384949900891,0.8567398799470899,0.8567410651546887,0.8567420496979916,0.8567428328170562,0.8567434139074763,0.8567437925208501,0.8567439683651282,0.856743941304835,1.7010863409064672,1.7010918979696568,1.7010970655219615,1.7011018395727258,1.7011062164349378,1.701110192728081,1.7011137653807549,1.7011169316330574,1.7011196890387286,1.7011220354670442,1.7011239691044793,1.7011254884561113,1.701126592346788,1.7011272799220458,1.7011275506487777,1.7011274043156606,1.7011268410333193,0.8444163273122897,0.8444186339087021,0.8444206992703454,0.8444225217999656,0.8444241000878439,0.8444254329128956,0.8444265192436207,0.8444273582389168,0.8444279492487391,0.8444282918146122,0.8444283856699938,0.8444282307404877,0.8444278271439143,0.8444271751902255,0.8444262753812694,0.8444251284104122,0.8444237351620066,0.8444220967107143,0.8444202143206758,0.844418089444542,0.8444157237223496,0.8444131189802576,0.844410277229137,0.8444072006630142,0.8444038916573745,0.8444003527673286,0.8443965867256308,0.8443925964405662,0.844388384993696,0.8443839556374747,0.8443793117927278,0.8443744570460028,0.8443693951467918,0.8443641300046207,0.8443586656860265,0.8443530064114001,0.8443471565517169,0.8443411206251509,0.0,0.0,0.0,0.0,0.0,0.0,0.0,0.0,0.0,0.0,0.0,0.0,0.0,0.0,0.0,0.0,0.0,0.0,0.0,0.0,0.0,0.0,0.0,0.0,0.0,0.0
0.8442544608219948,0.8442464562338258,0.8442383433423515,0.8442301284089593,0.8442218177736637,0.8442134178502113,0.8442049351211307,0.8441963761327274,0.8441877474900338,0.8441790558517084,0.844170307924898,0.8441615104600614,0.8441526702457619,0.8441437941034265,0.8441348888820843,0.8441259614530808,0.8441170187047764,0.0,0.0,0.0,0.0,0.0,0.0,0.0,0.0,0.0,0.0,0.0,0.0,0.0,0.0,0.0,0.0,0.0,0.0,0.0,0.0,0.0,0.0,0.0,0.0,0.0,0.0,0.0,0.0,0.0,0.0,0.0,0.0,0.0,0.0,0.0,0.0,0.0,0.0,0.0,0.0,0.0,0.0,0.0,0.0,0.0,0.0,0.0,0.0,0.0,0.0,0.0,0.0,0.0,0.0,0.0,0.0,0.0,0.0,0.0,0.0,0.0,0.0,0.0,0.0,0.0,0.0,0.0,0.0,0.0,0.0,0.0,0.0,0.0,0.0,0.0,0.0,0.0,0.0,0.0,0.0,0.0,0.0,0.0,0.0,0.0,0.8564823474531599,0.8564896495129397,0.856496944971249,0.8565042281987193,0.8565114935752934,0.8565187354945629,0.8565259483680998,0.85653312662977,0.8565402647400294,0.8565473571902039,0.8565543985067395,0.8565613832554342,0.8565683060456332,0.8565751615343904,0.8565819444306016,0.8565886494990844,0.8565952715646319,0.8566018055160036,0.8566082463098783,0.8566145889747537,0.8566208286147847,0.8566269604135691,0.8566329796378708,0.8566388816412792,1.7142481230722573,1.7142585547731088,1.7142687289443377,1.7142786377319172,1.7142882734866018,1.7142976287698417,2.5584276892040494,2.5584453982249844,2.5584627874171755,2.5584798433614924,2.5584965528958064,2.558512903125164,2.5585288814317266,2.558544475484521,1.7018491821985782,1.701860493499279,1.7018715651140421,1.7018823884990222,1.7018929553017415,1.701903257367538,1.7019132867458597,1.7019230356964066,1.7019324966951053,1.701941662439914,1.7019505258564736,1.701959080103558,1.701967318578371,1.701975234921642,1.70198282302254,1.7019900770233987,1.7019969913242456,1.7020035605871264,1.702009779740238,2.541455856756914,1.6971248797831555,1.6971300427766234,1.69713488443257,1.6971394010128087,1.6971435890298459,1.697147445249583,1.6971509666938207,1.6971541506425676,1.6971569946361549,1.6971594964771382,1.6971616542320147,1.6971634662327175,1.697164931077925,1.6971660476341484,1.6971668150366255,1.6971672326899978,1.697167300268785,2.5538765516396165,2.553872217015279,2.5538673595079313,2.553861982864611,2.553856091233033,2.553849689158392,2.5538427815798626,2.553835373826791,2.553827471614597,1.6962172250206338,1.6962132932176315,1.6962090045456906,1.696204362312654,1.6961993700993638,1.6961940317569113,1.696188351403665,1.6961823334220987,1.6961759824554177,1.6961693034039733,1.6961623014214888,1.6961549819110795,1.6961473505210871,1.6961394131407201,1.6961311758955047,1.6961226451425584,1.6961138274656826,1.6961047296702711,1.6960953587780625,1.696085722021707,1.6960758268391807,1.696065680868044,1.6960552919395262,1.6960446680724905,1.6960338174672138,1.6960227484990678,1.6960114697120319,1.6959999898120914,1.695988317660507,1.6838309563812035,1.6838198350325917,1.6838083710519636,1.6837965732941895,1.68378445087188,1.683772013148321,1.683759269730214,1.6837462304602189,1.6837329054093297,1.683719304869059,1.6837054393434627,0.8442560056716971,0.8442480221669726,0.844239929154534,0.8442317328833868,0.8442234396820689,0.8442150559537508,0.8442065881712769,0.8441980428721578,0.8441894266535098,0.84418074616695,0.8441720081134535,0.8441632192381635,0.844154386325185,0.8441455161923291,0.8441366156858507
2.530449890547016,2.5304317909865564,2.5304135179338503,2.5303950854848267,2.5303765078583416,2.5303577993852464,2.5303389744973352,2.530320047716236,2.5303010336422234,2.530281946942969,2.5302628023422464,1.6956863253349743,1.6956729846518042,1.6956597040528705,1.695646493783156,1.6956333640333754,1.695620324932119,2.5397154540752838,2.5396936736890363,2.5396720192812454,2.539650507557716,2.5396291551140844,2.5396079784230308,2.539586993821558,2.5395662174984137,2.539545665481588,2.5395253536259657,1.6832540308664559,1.6832377057080101,1.6832214871908637,0.84399406411298,0.8439857134871702,0.8439774557414271,0.8439692972455857,0.8439612442928106,0.8439533030947542,0.8439454797767613,0.8439377803731491,0.8439302108225529,0.8439227769633493,0.8439154845291539,0.8439083391444029,0.8439013463200159,0.8438945114491502,0.843887839803041,0.0,0.0,0.0,0.0,0.0,0.0,0.0,0.0,0.0,0.0,0.0,0.0,0.0,0.0,0.0,0.0,0.0,0.0,0.0,0.8562529139023073,0.8562566312096407,0.8562605216473993,0.8562645822160909,0.8562688097849949,0.8562732010945695,0.8562777527589606,0.8562824612686061,0.8562873229929384,0.856292334183175,0.8562974909752082,0.8563027893925763,0.8563082253495248,0.8563137946541545,0.8563194930116432,0.8563253160275603,0.8563312592112444,0.8563373179792634,0.8563434876589462,0.8563497634919793,0.8563561406380736,0.8563626141786932,0.8563691791208435,0.8563758304009206,0.8563825628886104,1.7137664779235349,1.7137796808051076,1.7137929957052256,1.7138064123523398,1.7138199203961881,1.7138335094157737,1.7138471689274013,1.713860888392769,1.7138746572270882,1.7138884648072525,1.7139023004800382,1.7139161535703127,1.713930013389282,0.8574615217895695,0.8574680609263403,1.701365380176711,1.7013786214558593,1.7013919948058411,1.7014054899106479,1.7014190963603255,1.701432803658994,1.7014466012329454,1.7014604784387912,1.70147442457167,1.701488428873502,1.7015024805412788,2.56222929860737,2.562248502610416,2.562267644217674,2.5622867086609045,2.5623056812313045,2.5623245472908613,2.5623432922836344,2.5623619017469967,2.5623803613227762,2.5623986567683477,2.56241677396761,1.7048312377374162,1.7048441789429267,1.7048570273473547,2.5440885992470066,2.5441089318876724,2.5441291756549296,1.7000283220894756,1.7000394052210726,1.7000503712504735,1.7000612117190173,1.70007191826481,1.700082482629184,1.7000928966630457,1.700103152333158,1.7001132417283333,1.7001231570655215,1.7001328906958078,1.7001424351103127,1.7001517829459702,1.7001609269912024,1.7001698601914852,1.7001785756547803,1.7001870666568473,1.7001953266464318,1.700203349250317,1.7002111282782373,1.7002186577276497,1.7002259317883763,1.7002329448470754,1.7002396914915852,1.7002461665150892,1.7002523649201504,2.5348246692942804,1.695395752724922,1.6954005214326329,1.6954050381603856,1.6954092994217327,1.6954133019270654,1.6954170425861652,1.6954205185105955,1.6954237270159367,1.6954266656238723,1.695429332064112,1.695431724276157,1.6954338404109002,1.6954356788320735,1.6954372381175207,1.6954385170603168,1.6954395146697112,1.6954402301719145,1.6954406630107086,1.6954408128479037,1.6954406795636077,1.6954402632563492,1.6954395642430091,1.6954385830586078,1.6954373204559048,1.6954357774048403,1.6954339550918063,1.6954318549187501,2.553031334521836,2.5530237430320692,2.553015760996939,2.5530073945731844,2.5529986502142608,2.552989534665378,2.552980054958293,2.552970218405901,2.5529600325965998,1.6922425080251446,1.6922368872798392,1.6922310063974408,1.6922248699144005,1.6922184825646465,1.6922118492759397,1.6922049751660675,1.6921978655389085,1.6921905258803294,1.692182961853959,1.6921751792968132,1.6921671842147878,1.6921589827780232,1.6921505813161326,1.6921419863133167,1.6921332044033475,1.6921242423644434,1.6921151071140268,1.6921058057033767,1.6920963453121756,2.54856714242228,2.548550084024365,2.5485328950613,2.5485155887985957,2.5484981785922662,2.5484806778785045,2.548463100163304,2.5484454590120147,2.5484277680388745,1.6910412560988162,1.6910297025577286,2.5304533914623457,2.5304353243774367,2.530417081091483,2.530398675689371,2.5303801223808797,2.530361435489677,2.5303426294422295,2.530323718756643,2.5303047180314153,2.5302856419341486,2.5302665051901934,1.6956889167920468,1.6956755648373105,1.6956622710275389,1.6956490456208184
2.5476892446146735,2.547674632616059,2.547660060508311,2.547645539527265,2.547631080869321,2.547616695682839,2.547602395059564,2.547588190026108,2.5475740915354645,2.5475601104586003,2.5475462575760814,2.5216101041735772,2.5215949145674266,2.521579701479598,2.521564476643099,2.5215492518004536,2.5215340386946847,2.5215188490602585,2.521503694614057,2.5214885870463557,2.52147353801181,1.6917449784914163,1.6917349278118152,1.6917250043021725,1.6917152156186614,1.6917055693136458,1.6916960728298567,2.5479380002292826,2.547925365685421,2.5479130825005236,3.3871124838659368,3.387093314387994,3.3870745748710087,3.3870562797742316,3.3870384432142733,3.3870210789542083,3.3870042003929353,3.3869878205548383,3.38697195207972,3.386956607213027,3.3869417977964025,3.386927535258512,3.386913830606229,3.386900694416111,3.386888136826227,4.230757504055254,3.3964003108700185,3.3963889601249453,3.396378312736582,3.3963683769184803,3.396359160335267,3.3963506700967465,3.3963429127523823,3.3963358942862714,3.396329620112507,3.396324095071002,3.396319323423757,3.3963153088515647,3.3963120544511627,3.396309562732855,3.396307835618562,3.3963068744403375,3.396306679939337,3.396307252265255,2.5400556770738847,2.5400540638293645,2.540053041182702,2.5400526099205973,2.5400527703734834,2.5400535224152883,2.5400548654635258,2.5400567984797706,3.400540354024867,3.4005478505903444,3.4005560334261373,3.4005648962179857,3.4005744321270597,3.4005846337952352,3.4005954933507803,3.4006070024144384,3.40061915210589,3.400631933050616,3.400645335387141,3.400659348774639,3.4006739624009215,3.400689164990795,3.4007049448147524,3.4007212896980317,3.400738187030026,2.5433785172413166,2.5433901563278885,2.54340226095287,2.5434148217772474,2.543427829110265,2.5434412729169145,2.543455142825669,2.543469428136502,2.5434841178291343,2.543499200571545,2.543514664728712,2.5435304983715876,2.5435466892863055,2.5435632249835933,2.543580092708414,2.5663145359468156,2.5663301871748168,2.566345943872234,2.566361793882221,2.5663777249760384,2.5663937248624844,2.566409781197378,2.5664258815930863,2.566442013628079,2.566458164856506,2.5664743228178066,1.7057777451743448,1.705788789058472,1.7057998794681895,1.7058110078492448,1.7058221656181813,1.705833344168949,1.7058445348795357,2.5401985136675176,2.5402154076096366,2.540232370788304,2.5402493901230145,2.5402664524900826,2.54028354473274,2.540300653671254,1.7010989399046905,1.7011083431590537,1.7011176901147276,1.7011269735642682,1.7011361863492462,1.7011453213657513,1.701154371569861,1.7011633299830442,1.701172189697537,1.7011809438816463,1.701189585785003,1.7011981087437547,1.7012065061856831,1.7012147716352632,1.70122289871864,1.7012308811685268,1.7012387128290318,1.7012463876603872,1.7012538997435973,1.7012612432849936,1.701268412620692,1.7012754022209537,1.701282206694438,1.7012888207923593,1.70129523941253,1.7013014576032846,2.5310267838513063,2.5310373452460704,2.5310476466580027,1.6964912927667886,1.6964953854000253,1.696499284240409,1.6965029862789458,1.6965064886580798,1.6965097886738985,1.696512883778222,1.696515771580587,1.6965184498500983,1.69652091651716,1.696523169675098,1.6965252075816346,1.6965270286602636,1.696528631501478,1.6965300148638798,1.696531177675166,1.696532119032973,1.696532838205602,1.6965333346326052,1.696533607925252,1.6965336578668464,1.6965334844129316,1.6965330876913445,1.6965324680021512,1.6965316258174428,1.6965305617809996,1.6965292767078215,1.6965277715835316,1.6965260475636388,1.6965241059726763,1.6965219483032092,1.6965195762147032,1.696516991532274,1.6965141962453023,1.6965111925059184,1.6965079826273683,1.6965045690822471,2.557207951863911,2.5571988992912127,2.5571895866452055,2.557180021109188,2.5571702100618987,2.5571601610718204,2.5571498818913536,2.5571393804508427,2.5571286648524545,2.5571177433639356,2.557106624412226,1.6904897197679667,1.6904831667262976,1.690476458846681,1.690469601306441,1.6904625993987341,1.690455458528458,1.6904481842080685,1.6904407820533116,1.690433257778875,1.690425617193959,1.690417866197782,1.6904100107749986,1.690402056991072,1.690394010987563,1.6903858789773718,1.690377667239921,1.69036938211628,1.6903610300042549,2.5477214021510743,2.5477067393675914,2.547692091712076,2.5476774704901164,2.547662886986819,2.547648352458082,2.5476338781218923,2.5476194751496455,2.5476051546574965,2.5475909276977866,2.547576805250468,2.5475627982146323,2.5475489174000834,2.521613010721309,2.5215978239743286,2.5215826117060187,2.5215673856602763
1.6915014051864903,1.691494652176898,1.6914878841547454,1.6914811063328228,1.6914743239315737,1.691467542175113,1.691460766287233,1.6914540014874184,1.6914472529868623,1.6914405259844778,1.6914338256629327,2.551906885854517,2.5518960040274448,2.5518852740936584,2.5518747043247068,2.5518643028690793,2.551854077745948,2.55184403683901,2.5518341878904285,2.551824538494881,2.55181509609372,3.3815194485982905,3.38150559535611,3.381491936479538,3.3814784825071214,3.381465243820344,3.3814522306356216,3.3814394529964007,3.381426920765413,3.3814146436170187,3.381402631029742,2.556490667935389,2.5564827103764785,2.556475045298055,2.5564676786177176,2.556460616023192,2.5564538629679108,2.5564474246667945,2.5564413060922035,2.556435511970073,2.5564300467762493,2.5564249147330043,2.556420119805761,2.556415665699993,2.5564115558583493,2.556407793457962,3.390743872934381,3.3907352475335095,3.39072707175841,3.390719351925525,3.3907120939993387,3.390705303587743,3.39069898593765,3.3906931459309306,3.390687788080593,3.3906829165272634,3.3906785350359687,3.390674646993191,3.3906712554042175,3.390668362890809,3.390665971689139,3.390664083648049,3.3906627002275993,3.3906618224979286,3.390661451138406,3.3906615864371057,3.3906622282905614,3.3906633762038503,3.3906650292909655,3.390667186275504,3.3906698454916535,3.3906730048854854,2.5301956279621174,2.5301953914573874,2.5301955445138087,1.700701234911521,1.7007037925602222,1.70070660607101,1.7007096732703275,1.7007129917887416,1.7007165590627769,1.7007203723369135,1.7007244286657246,1.7007287249161702,1.7007332577700196,1.700738023726441,1.7007430191047066,1.7007482400470566,1.7007536825216931,1.7007593423259055,1.700765215089329,1.700771296277341,1.7007775811945698,2.576701712456286,2.5767126114843935,2.5767237219754424,2.57673503535411,2.5767465428886416,2.5767582356976124,2.57677010475679,2.5767821409061122,3.406291352833049,3.4063056102241913,3.406320134365223,2.5397268586987716,2.539736979137592,2.539747358058567,2.539757987451364,2.5397688591130856,2.5397799646546,2.5397912955070416,2.539802842928407,2.53981459801032,2.539826551684891,2.5398386947317158,2.539851017784979,2.5398635113406707,2.5398761657639053,2.539888971296338,2.539901918063668,2.5399149960832412,2.5399281952717216,1.7055987209039305,1.7056064270077345,1.705614140532083,1.7056218555301732,1.7056295660543435,1.705637266160636,1.7056449499133604,1.7056526113896475,1.7056602446839957,1.705667843912797,1.7056754032188508,1.7056829167758565,1.705690378792875,1.705697783518774,1.7057051252466318,1.7057123983181106,1.7057195971277967,1.705726716127493,1.7057337498304714,1.7057406928156813,1.705747539731897,1.7057542853018302,1.7057609243261633,1.705767451687547,1.705773862354519,2.530681861361949,2.5306915136397907,2.530701027610958,2.530710395943793,2.5307196114181045,2.5307286669307003,2.5307375555008407,2.530746270275584,2.5905371389241933,2.5905415100005267,2.5905456267283036,2.5905494859320215,2.5905530846342852,2.590556420058096,2.590559489628999,2.5905622909770765,2.59056482193879,2.590567080558646,2.590569065090735,2.5905707740000796,2.590572205963848,2.590573359872396,2.59057423483014,2.590574830156283,2.590575145385361,1.7010748693250406,1.7010756656732327,1.701076285834566,1.7010767293227906,1.7010769957877077,1.7010770850154864,1.701076996928861,1.7010767315872424,1.7010762891866977,1.701075670059859,1.7010748746756983,1.701073903639211,1.7010727576909876,1.701071437706695,1.7010699446964312,1.7010682798039873,1.701066444306013,1.7010644396110643,1.7010622672585503,1.7010599289175894,1.7010574263857476,1.7010547615876888,1.7010519365737167,1.7010489535182218,1.7010458147180303,1.7010425225906505,1.7010390796724324,1.70103548861663,1.7010317521913632,1.7010278732774977,1.7010238548664338,1.701019700057799,1.7010154120570673,1.7010109941730847,2.5676120466244923,2.5676024443496965,2.567592706257564,2.567582839864271,2.5675728527854855,2.5675627527305003,2.567552547496247,2.5675422449612753,2.567531853079634,2.567521379874724,2.5675108334330674,2.5675002218980456,2.5674895534635853,2.5674788363677967,2.567468078886593,2.5674572893272587,2.567446476022008,1.6915228289911606,1.691516154501707,1.6915094484108935,1.6915027159011133,1.6914959621751458,1.6914891924521034,1.6914824119633574,1.6914756259484731,1.6914688396511157,1.6914620583149684,1.6914552871796544,1.6914485314766485,1.691441796425213,1.6914350872283288,2.5519089776455304,2.5518980643543787,2.551887301558607,2.551876697565847
2.5854374482261693,2.5854280272897263,2.585418634972604,2.585409278507642,2.5853999651001276,2.5853907019223,2.5853814961078907,2.5853723547466667,2.5853632848790395,2.585354293490683,2.5853453875072043,2.5853365737888563,2.5853278591252997,2.585319250230411,2.585310753737155,2.5853023761925025,2.5852941240524308,2.5852860036769663,2.5852780213253164,2.5852701831510765,2.58526249519749,2.5852549633928135,2.585247593545767,1.6959795483549989,1.6959751116915205,1.695970771700944,1.695966531733457,1.6959623950630083,1.6959583648847691,1.6959544443126418,1.6959506363768446,2.5208471683650795,2.5208400961555912,2.5208331444161165,2.520826318524782,2.52081962376376,2.520813065315102,2.5208066482566727,2.5208003775581385,2.5207942580770464,2.520788294554985,2.5207824916138177,2.520776853752036,2.520771385341166,2.5207660906223026,2.5207609737027283,1.7006451852574465,1.7006422167291544,1.7006394064007282,1.7006367564492668,1.700634268927996,1.7006319457646493,1.7006297887599255,1.7006277995860768,1.7006259797855656,1.7006243307698439,1.7006228538182289,1.700621550076881,1.7006204205578825,1.7006194661384364,1.7006186875601559,1.7006180854284674,1.7006176602121204,1.7006174122428073,1.7006173417148887,1.7006174486852317,1.7006177330731473,1.7006181946604535,1.7006188330916272,1.7006196478740834,1.7006206383785512,1.7006218038395657,1.700623143356061,1.700624655892078,1.700626340277567,2.5301230473053455,2.530123445205546,2.530124143075246,3.4193904570974336,3.41939455336589,3.419399021606729,3.419403858361026,3.4194090598849085,3.4194146221525106,3.4194205408591243,3.4194268114246,3.4194334289969364,3.4194403884560867,3.4194476844179893,3.4194553112387807,3.4194632630192285,3.4194715336093484,3.419480116613222,2.5435713579262478,2.543576324248126,2.5435815596240574,2.543587060000845,2.543592821121246,2.5435988385273354,2.543605107564003,2.543611623382599,1.7141213629684653,1.7141264420004454,1.7141316242622984,1.7141369057500404,1.71414228238363,1.7141477500101288,1.7141533044069297,1.7141589412850413,1.7141646562924038,1.71417044501727,1.7141763029916186,1.714182225694603,1.7141882085560567,1.7141942469600129,1.7142003362482674,1.714206471723974,1.714212648655253,1.7142188622788428,1.7142251078037574,1.7142313804149665,1.714237675277094,2.5343577865667095,2.534365961233431,2.534374169398745,2.5343824047452435,2.534390660935622,2.534398931617488,2.5344072104281734,2.534415490999559,2.534423766962888,2.534432031953591,2.5344402796160828,3.4419228879164576,3.441934351991989,3.441945720720011,3.4419569853509815,3.4419681372156754,3.441979167731746,3.4419900684102473,3.4420008308620864,3.4420114468043823,3.442021908066753,3.44203220659753,3.442042334469865,3.4420522838877625,3.4420620471919934,2.6171699068893406,2.617175785833374,2.617181463635876,2.6171869359235487,2.6171921984809035,2.6171972472534906,2.6172020783509984,2.6172066880502234,1.7277094251247926,1.7277127993299002,1.7277160484501275,1.7277191699793675,1.7277221615090388,1.7277250207299364,1.727727745434025,1.7277303335161514,1.7277327829756808,1.7277350919180594,1.7277372585562987,1.7277392812123806,1.7277411583185818,1.72774288841872,1.727744470169314,1.7277459023406665,1.727747183817847,2.617248624544208,2.6172485599053132,2.617248237913257,2.617247658804812,2.6172468230147636,2.6172457311756574,2.617244384117355,2.6172427828664633,2.6172409286455984,2.6172388228725123,2.61723646715906,2.617233863310016,2.617231013321751,2.6172279193807477,2.6172245838619785,2.6172210093271318,2.617217198522699,2.6172131543779025,2.617208880002497,2.6172043786844226,2.617199653887315,2.6171947092478796,2.617189548573128,2.617184175837487,2.6171785951797597,2.61717281089997,2.6171668274560735,2.6171606494605433,2.6171542816768336,2.617147729015709,2.617140996531487,2.6171340894181294,2.6171270130052497,2.617119772753992,2.617112374252813,1.7096327884280482,1.7096284557613992,1.7096240344518616,1.7096195279161213,1.7096149396374405,1.7096102731629417,1.7096055321008379,1.709600720117606,1.7095958409351226,1.7095908983277441,1.7095858961193433,1.7095808381803166,1.7095757284245394,1.7095705708062914,1.7095653693171449,1.709560127982834,2.58546766919044,2.5854581991201497,2.5854487343919645,2.585439282321083,2.5854298502129134,2.585420445357375,2.5854110750232033,2.585401746452296,2.585392466854051,2.5853832433997477,2.585374083216964,2.585364993384011,2.5853559809244238,2.5853470528014917,2.5853382159128335,2.5853294770850366,2.5853208430683345,2.5853123205313775
2.6533763865779694,2.6533669140727847,2.653357429299807,2.653347939557448,2.653338452148101,2.6533289743726174,1.7227946836250214,1.7227895058205387,1.7227843561357497,1.7227792385265752,1.7227741569249082,1.7227691152356686,1.7227641173338593,1.722759167061651,1.7227542682254915,1.722749424593222,1.7227446398912365,1.7227399178016518,1.7227352619595169,1.7227306759500471,1.7227261633058932,1.7227217275044353,1.7227173719651363,2.6119739430329467,2.6119671656889363,2.6119605604412137,2.6119541323882665,2.6119478864932373,2.611941827580092,2.6119359603298493,2.6119302892769594,2.6119248188057522,2.611919553147021,2.6119144963747027,2.6119096524026784,2.6119050249817,2.611900617696421,2.611896433962567,2.6118924770242216,2.611888749951245,2.6118852556368264,2.6118819967951534,2.61187897595925,2.6118761954789074,2.611873657518797,2.611871364056692,3.4319801701770443,3.4319765898663537,3.4319732899363014,3.431970272965569,3.4319675413140507,3.4319650971209006,3.431962942302697,3.4319610785518426,3.431959507335096,3.431958229892303,3.431957247235316,3.4319565601470687,3.4319561691808667,3.431956074659838,3.4319562766765856,3.431956775093019,3.43195756954037,3.4319586594194096,3.4319600439008315,3.4319617219258522,3.431963692206968,3.4319659532289157,3.431968503249831,3.4319713403025633,3.4319744621962074,3.43197786651779,3.431981550634166,3.4319855116940716,3.4319897466303733,3.4319942521624878,3.4319990247989827,3.4320040608403297,2.5427440396507928,2.5427467902500136,2.5427497175953917,2.5427528194037254,2.5427560932557265,2.542759536598011,2.5427631467451985,2.5427669208821344,2.542770856066195,2.542774949229715,2.5427791971825053,2.5427835966144716,2.542788144098329,2.542792836092402,2.5427976689435194,2.5428026388899956,2.5428077420646984,2.5428129744981782,2.5428183321219016,2.5428238107715333,2.542829406190301,2.542835114032432,2.5428409298666317,2.5428468491796514,2.542852867379883,2.5428589798010353,2.542865181705833,2.5428714682897877,2.5428778346849907,2.5428842759639534,2.5428907871434934,2.5428973631886347,2.5429039990165556,2.5429106895005487,2.542917429474014,2.5429242137344636,2.542931037047547,2.542937894151097,2.542944779759164,2.5429516885660854,2.542958615250541,2.5429655544796073,3.4735013190848916,3.4735125232778246,2.6534099186643676,2.653419244812424,2.6534285181248416,2.6534377314604187,2.6534468777251607,2.653455949877677,2.6534649409345423,2.653473843975597,2.6534826521492163,2.6534913586775013,2.6534999568614173,1.7460340557780023,1.7460391474406451,1.7460441702399299,1.7460491203201796,1.7460539938818096,1.7460587871841557,1.746063496548266,1.7460681183596556,1.7460726490709813,1.7460770852047083,1.7460814233556903,1.7460856601937182,1.7460897924660015,1.7460938169996008,1.746097730703802,1.7461015305724286,1.746105213686094,1.7461087772143935,1.7461122184180333,1.7461155346508903,1.7461187233620166,1.746121782097561,1.7461247085026361,1.7461275003231083,1.7461301554073136,1.746132671707712,1.746135047282461,1.7461372802969108,1.7461393690250304,1.7461413118507514,1.7461431072692428,1.7461447538880903,1.7461462504284149,1.746147595725892,1.7461487887316993,1.746149828513379,1.7461507142556143,1.7461514452609244,1.7461520209502628,1.7461524408635487,1.746152704660088,1.7461528121189218,1.7461527631390874,1.7461525577397696,1.7461521960603932,1.7461516783605924,1.7461510050201188,1.7461501765386294,1.746149193535413,1.7461480567489986,1.746146767036689,1.7461453253739874,1.746143732853953,1.746141990686439,1.7461401001972585,1.7461380628272487,1.7461358801312485,1.7461335537769762,1.7461310855438321,1.7461284773215935,1.7461257311090317,1.7461228490124334,1.746119833244043,1.7461166861204105,1.7461134100606455,1.74611000758461,1.746106481311001,1.7461028339553701,1.7460990683280484,1.746095187331999,1.7460911939605919,1.7460870912953004,1.746082882503316,1.746078570835102,2.6535461944069905,2.653538321976669,2.6535303047740917,2.653522148993732,2.6535138609382334,2.6535054470134813,2.653496913723617,2.6534882676659564,2.653479515525839,2.653470664071397,2.653461720148259,2.653452690674192,2.6534435826336864,2.6534344030724717,2.6534251590920013,2.653415857843871,2.6534065065242216,2.6533971123680793,2.653387682643681,2.653378224646775,2.6533687456948796,2.6533592531215593,2.6533497542706463,2.6533402564905004,2.653330767128233,1.7227956344420847,1.7227904430281964,1.7227852792959697,1.7227801472459108,1.7227750508532522,1.722769994064807,1.7227649807958565,1.7227600149270554,1.7227551003013823
1.7697219129578152,1.7697154212552897,1.7697089350744717,1.7697024593907122,1.7696959991715335,1.7696895593729332,2.700207974835439,2.7001973318468675,2.70018672739298,2.700176169630334,2.7001656666805025,2.700155226623932,2.7001448574938225,2.7001345672700294,2.7001243638730146,2.7001142551578248,2.7001042489081133,2.700094352830215,2.700084574547261,2.700074921593372,2.700065401407883,2.7000560213296376,2.70004678859138,2.7000377103141684,2.700028793501915,2.7000200450359713,1.7410903101728314,1.7410863299870116,1.741082473972918,1.7410787451155847,1.7410751463038496,1.7410716803280644,1.7410683498778727,1.7410651575400635,1.741062105796487,1.741059197022053,1.7410564334827918,1.7410538173340067,1.7410513506184926,1.7410490352648478,1.741046873085852,1.741044865776948,1.7410430149147968,1.7410413219559229,1.7410397882354558,1.7410384149659537,1.7410372032363308,1.7410361540108663,1.7410352681283228,1.7410345463011558,1.741033989114821,1.7410335970271844,1.7410333703680285,1.7410333093386727,1.7410334140116808,1.7410336843306853,1.7410341201103088,1.7410347210361987,1.741035486665154,1.7410364164253775,1.7410375096168198,1.741038765411633,1.7410401828547366,1.7410417608644866,1.7410434982334464,1.7410453936292787,1.7410474455957237,1.7410496525537016,1.7410520128025022,1.741054524521096,1.7410571857695294,1.741059994490442,1.741062948510662,1.7410660455429245,1.7410692831876657,1.7410726589349323,1.7410761701663684,1.7410798141573078,1.7410835880789497,1.7410874890006294,1.7410915138921697,1.7410956596263114,1.7410999229812467,1.7411043006432076,1.7411087892091457,1.7411133851894824,1.7411180850109265,1.7411228850193676,1.7411277814828343,1.7411327705945059,1.7411378484757982,1.7411430111794945,1.7411482546929364,1.7411535749412588,1.741158967790687,1.7411644290518533,1.741169954483182,1.741175539794288,1.7411811806494288,1.7411868726709723,1.741192611442898,1.741198392514332,1.7412042114030815,1.7412100635992114,1.741215944568614,1.7412218497566072,1.7412277745915252,2.7001583506053373,2.7001688177165057,2.7001793451513234,2.7001899247799095,2.70020054843408,2.70021120791369,3.506350892980258,3.5063640339318938,3.5063771170307283,3.5063901321927666,3.506403069391445,3.5064159186652883,3.506428670125497,2.5759124957913935,2.5759207663865995,2.5759289163071353,2.575936939307879,2.575944829245667,2.5759525800837992,2.5759601858964505,2.5759676408729826,2.5759749393221343,2.575982075676131,2.575989044494664,2.5759958404687637,2.576002458424576,2.5760088933270064,2.576015140283259,2.576021194546265,2.5760270515179866,2.5760327067526108,2.5760381559596173,2.5760433950067414,2.57604841992281,2.576053226900452,3.568964388717945,3.568973806667022,3.5689829146966785,3.5689917058394873,3.5690001733694725,3.5690083108070354,3.5690161119236747,3.5690235707465567,3.569030681562895,3.5690374389241475,3.56904383765004,3.569049872832399,3.569055539838787,3.56906083431597,3.569065752193175,3.5690702896851576,3.56907444329508,3.569078209817187,3.569081586339286,3.5690845702450096,3.5690871592158953,3.569089351233262,3.569091144579847,3.569092537841277,3.56909352990729,3.5690941199727733,3.569094307538575,3.569094092412097,3.5690934747076843,3.5690924548467695,2.762965422435212,2.762966173576257,2.762966587211082,2.762966662993025,2.7629664008353108,2.762965800911284,2.762964863654395,2.762963589758015,2.76296198017504,2.7629600361173097,2.7629577590548102,2.7629551507146877,2.7629522130800597,2.7629489483886323,2.762945359131103,2.7629414480493892,2.7629372181346366,2.762932672625047,2.762927815003497,2.762922648994981,2.7629171785638342,2.762911407910792,2.762905341469842,2.762898983904896,2.762892340106271,2.762885415186992,2.7628782144789117,2.7628707435286546,2.76286300809338,2.762855014136377,2.7628467678224933,2.7628382755133902,2.7628295437626487,2.7628205793106977,2.7628113890796056,2.7628019801677186,2.7627923598441404,2.762782535543089,2.762772514858099,2.762762305536104,2.762751915471385,2.762741352699402,2.7627306253904984,2.762719741843506,2.7627087104792327,2.762697539833853,2.762686238552207,2.762674815381003,1.7697620258281572,1.7697555972243442,1.769749143054347,1.7697426683271045,1.7697361780678345,1.7697296773140105,1.7697231711113341,1.7697166645096905,1.769710162559111,1.7697036703057312,1.7696971927877552,1.769690735031427,2.7002099611288655,2.700199298801568,2.7001886739152976,2.700178094692577,2.7001675693194316,2.700157105938958,2.700146712644939,2.700136397475487,2.700126168406758
2.83045822082042,2.830443738928837,2.830429233099474,2.8304147144822256,2.8304001942371944,2.830385683526281,2.8303711935047793,2.8303567353129617,2.8303423200676843,2.830327958853995,1.798746529923287,1.798739055039809,1.7987316643914553,1.7987243636502759,1.7987171584211863,1.7987100542377794,1.7987030565581796,1.7986961707609428,1.7986894021410111,1.7986827559057135,1.7986762371708152,1.798669850956634,1.798663602184215,1.798657495671557,1.7986515361299158,1.798645728160166,2.757561237746221,2.75755133480343,2.7575416605681746,2.757532222518732,2.7575230279539262,2.757514083987419,2.7575053975421002,2.7574969753446674,2.7574888239202897,2.7574809495874537,2.757473358452939,2.7574660564069506,2.7574590491184177,2.7574523420304393,2.75744594035591,2.7574398490733047,2.757434072922651,2.757428616401666,2.757423483762096,1.7647828996508017,1.7647817464055011,1.7647807944710279,1.7647800446250685,1.7647794974889734,1.7647791535270643,1.764779013046076,1.7647790761947058,1.7647793429633192,1.764779813183754,1.7647804865292693,1.7647813625146265,1.7647824404962913,1.7647837196727707,1.7647851990850927,1.7647868776174038,1.764788753997702,1.7647908267987122,1.764793094438886,1.7647955551835306,1.764798207146084,1.7648010482895025,1.7648040764277924,1.764807289227666,1.764810684210329,1.7648142587533893,1.7648180100928994,1.7648219353255126,1.7648260314107687,1.764830295173502,1.7648347233063595,1.7648393123724395,1.7648440588080425,1.764848958925533,1.764854008916312,1.7648592048538871,1.7648645426970488,1.7648700182931512,1.764875627381481,1.764881365596715,1.76488722847248,1.7648932114449818,1.7648993098567287,1.7649055189603229,1.7649118339223318,1.764918249827223,2.7575648132677046,2.7575750251627564,2.757585447970471,2.757596073607263,2.7576068938336977,2.7576179002610677,2.757629084358046,2.7576404374574794,2.757651950763248,2.757663615357238,3.5591249578672874,3.559141202547621,3.5591575172733867,3.559173889388127,3.559190306196977,3.559206754976758,2.6002985868690565,2.60031054461106,2.6003224416278465,2.6003342687100366,2.6003460167094468,2.600357676546276,1.7942402412288958,1.7942492632922582,1.7942582393837179,1.794267162586313,1.7942760260282413,1.7942848228881,1.7942935464000556,1.7943021898589697,1.79431074662544,1.7943192101307848,1.7943275738819389,1.794335831466293,2.8259175612071417,2.8259323228968944,2.8259469471103382,2.825961422616409,2.8259757383010484,2.8259898831755015,2.8260038463845314,2.8260176172144984,2.8260311851013444,2.826044539638434,2.82605767058429,2.8260705678701856,2.826083221607611,2.8260956220955897,2.826107759827865,2.826119625499929,2.826131210015908,1.8332359280760473,1.8332418662579495,1.833247578881532,1.8332530615911924,1.8332583102061095,1.833263320723242,1.8332680893201736,2.9079378527650697,2.9079476889226354,2.9079571241437234,2.9079661511759203,2.90797476307778,2.9079829532240487,2.9079907153106803,2.9079980433596244,2.9080049317233847,2.9080113750893326,2.908017368483801,2.908022907275924,2.908027987181236,2.9080326042650313,2.90803675494547,2.90804043599643,2.9080436445501165,2.908046378099395,2.908048634499883,2.9080504119717725,2.908051709101391,2.908052524842496,2.9080528585172996,3.714178320939851,3.7141751171032706,3.7141713698389163,3.71416708194138,3.7141622566194528,3.7141568974941324,3.7141510085963256,3.7141445943642513,3.714137659640511,3.7141302096688973,3.7141222500908517,3.7141137869416347,3.7141048266461896,3.7140953760146993,3.7140854422378293,2.91263073146086,2.912624239247334,2.9126173305692626,2.9126100107219832,2.912602285320003,2.912594160292827,2.9125856418805443,2.9125767366291457,2.9125674513856215,2.9125577932927778,2.912547769783849,2.9125373885768475,2.912526657668691,2.912515585329099,2.9125041800942637,2.912492450760298,2.912480406376475,2.9124680562382537,2.9124554098800943,2.9124424770680784,2.9124292677923442,2.912415792259318,1.8377399503632186,1.8377317581379464,1.8377234689870867,1.8377150893301981,1.8377066256591914,1.83769808453319,1.8376894725733308,1.837680796457507,1.837672062915048,1.8376632787213674,1.8376544506925505,2.830546839013695,2.8305327321649223,2.830518532577491,2.830504251251126,2.830489899249188,2.8304754876899283,2.830461027737693,2.8304465305940925,2.830432007489141,2.8304174696723754,2.830402928403972,2.8303883949458344,2.830373880552712,2.830359396463307,2.8303449538914176,2.8303305640170944,1.7987477922126516,1.7987402862110327,1.7987328643927811,1.7987255325123077,1.798718296252206
1.8758198050579211,1.8758089281944357,1.8757980930582223,1.8757873079460292,1.8757765811165594,1.8757659207844073,1.8757553351140215,1.8757448322136963,1.875734420129608,1.875724106839884,2.9072810330421905,2.9072641957930365,2.907247483582876,2.9072309092615685,2.907214485575746,2.105966399918745,2.105952176940737,2.1059380233813325,2.1059239501600806,2.1059099681343696,2.105896088091054,2.105882320738125,2.1058686766964705,1.0314811403256043,1.0314748323946865,1.0314685932478322,1.0314624276980875,1.0314563405016475,1.0314503363541971,1.0314444198872765,1.031438595664726,1.0314328681791591,1.0314272418485002,1.0314217210125842,1.031416309929805,1.031411012773841,1.0314058336304326,1.0314007764942368,1.0313958452657495,1.0313910437482983,1.0313863756451163,1.0313818445564826,1.031377453976956,1.0313732072926791,1.0313691077787692,2.024000937952214,2.023993822270405,2.825221378885617,2.8252169818025306,2.8252129998484388,2.825209436155982,2.8252062935339293,2.8252035744647044,2.825201281102202,2.825199415269844,2.8251979784589025,2.825196971827109,2.82519639619751,2.8251962520576046,2.825196539558762,2.8251972585159058,2.825198408407467,2.82519998837564,2.8252019972268863,2.825204433432738,2.825207295130875,2.8252105801264644,2.8252142858938036,2.8252184095782145,2.8252229479982347,2.8252278976480603,2.8252332547002834,2.8252390150088758,2.8252451741124593,2.8252517272378217,2.8252586693037154,2.8252659949248944,2.8252736984164146,2.8252817737981744,2.8252902147997223,2.8252990148652763,2.825308167158999,2.8253176645704996,2.8253274997205615,2.8253376649670843,2.8253481524112476,2.8253589539038777,2.8253700610520154,2.82538146522569,2.8253931575648643,2.825405128986576,1.8327773186059102,1.8327862109295179,1.8327952286545284,1.8328043647613181,1.8328136121398266,1.832822963595346,1.8328324118543584,1.832841949570442,2.6296504571019925,2.6296657530566714,1.8282315367618347,1.8282425628864671,1.8282536423766271,1.8282647666249696,1.8282759269945876,1.8282871148259463,1.8282983214437967,1.8283095381640837,2.9027001098234964,2.902718515299242,2.9027369755166896,2.9027554762208254,2.902774003131634,2.902792541955132,2.9028110783944125,2.902829598160631,2.9028480869839726,2.9028665306245687,2.902884914883359,2.902903225612898,2.902921448728081,2.9029395702168177,2.902957576150591,2.902975452694959,1.8714196014692295,1.8714304428282102,1.8714411265636968,1.8714516445072693,1.87146198862178,2.9918666463308075,2.991884783809725,2.99190265420902,2.9919202438270536,2.991937539180033,2.9919545270119885,2.991971194304555,2.9919875282865958,2.9920035164436016,2.99201914652692,2.9920344065627766,2.9920492848610865,2.9920637700240604,2.992077850954594,2.99209151686444,2.9921047572821555,2.992117562060816,2.992129921385514,2.9921418257805965,1.9174880257094757,1.9174934310780438,1.9174985038540624,1.9175032401652004,3.0851890827366257,3.085198201532479,3.0852067574713615,3.085214743967491,3.0852221548682945,3.0852289844591017,3.0852352274675297,3.085240879067561,3.0852459348833055,3.085250390992451,3.0852542439293904,3.085257490688014,3.0852601287242125,3.085262155957999,3.0852635707753446,3.0852643720296653,3.085264559042965,3.0852641316066562,3.0852630899820275,3.0852614349003806,3.0852591675628123,3.085256289639662,3.085252803269614,3.0852487110584352,3.085244016077385,3.085238721861267,3.08523283240613,3.085226352166613,3.085219286052961,3.0852116394276656,3.0852034181017745,3.085194628330838,3.085185276810521,3.0851753706718537,3.8866092188969725,3.886593841844678,3.8865778912488076,3.886561379291301,3.8865443185936783,3.8865267222078694,3.886508603606697,3.8864899766739986,3.8864708556943874,3.0896595539968916,1.9219699521335434,1.921960648249024,1.9219511399653477,1.9219414346028278,1.9219315396381362,1.9219214626986036,1.9219112115563575,1.921900794122354,1.9218902184402638,1.9218794926802367,1.9218686251325576,1.9218576242011718,2.9965086089176767,2.996491582474631,2.9964743109804957,2.996456807798029,2.9964390864723613,2.9964211607203524,2.9964030444197958,2.996384751598495,2.996366296423187,2.996347693188381,2.9963289563050424,2.9963101002892145,2.996291139750523,2.9962720893806143,2.9962529639415196,1.8758438309914958,1.875832860903674,1.8758219141411603,1.875810999213666,1.8758001246059668,1.8757892987710432,1.8757785301232588,1.8757678270315694,1.8757571978127605,1.875746650724761,1.8757361939599806,1.8757258356387272,2.9072840295678697,2.9072671470572704,2.9072503886177294,2.90723376721977,2.9072172957245552
3.084447840338818,3.084425722029084,3.084403635632312,3.084381598098126,3.084359626339099,3.0843377372181435,3.084315947535943,3.084294274018405,3.0842727333041777,1.9168841984123628,1.916872123507269,1.1202785648829723,1.120270117309718,1.1202617020203873,1.1202533255074028,1.9214768194735863,1.9214666782074676,1.9214567137362533,1.9214469337209827,1.9214373456844374,1.9214279570054387,1.9214187749132454,1.9214098064820488,2.9957750847916156,2.9957595062428664,2.995744247379322,2.9957293199800734,2.995714735572747,2.995700505424548,2.995686640533484,2.995673151619796,2.995660049117565,2.9956473431665147,2.9956350436040577,2.995623159957514,2.995611701436582,1.8755093217885392,1.8755045626155242,1.8755000795572812,1.875495876126688,1.875491955622988,1.875488321128964,1.8754849755082785,1.8754819214029697,1.8754791612311188,1.875476697184682,1.875474531227491,1.0742382829172477,1.0742345850154562,1.074231075000087,1.0742277555776694,1.0742246293077322,1.0742216986008277,1.0742189657166838,1.0742164327624548,1.074214101691112,1.0742119742999323,1.870792895286988,1.8707947011203367,1.870796841607211,1.8707993151506672,1.8708021198915585,1.870805253709743,1.8708087142255003,1.8708124988011807,1.8708166045430916,1.870821028303601,1.8708257666834625,1.8708308160343847,1.8708361724618012,1.8708418318278728,1.8708477897547124,1.8708540416278137,1.8708605825997038,1.870867407593797,1.870874511308469,1.8708818882213119,1.8708895325936106,1.8708974384749948,1.8709055997082913,1.870914009934555,1.8709226625982813,1.8709315509527917,1.8709406680657814,1.8709500068250406,1.8709595599443198,1.8709693199693471,1.8709792792839894,1.8709894301165544,1.8709997645462066,1.8710102745095243,1.871020951807151,2.991127616916367,2.9911447210754227,2.9911621292193775,2.9911798278312123,2.991197803171496,2.9912160412893884,2.9912345280338206,2.1944543612930194,2.986639308867977,2.9866595005814904,2.9866798959369074,2.9867004791096496,2.98672123413682,2.9867421449299494,2.986763195287753,2.9867843689089795,2.986805649405282,1.9124476667914339,1.9124619169853454,1.9124761538201507,1.9124903662924615,1.9125045434266261,3.079889263241694,3.0799125271453716,3.0799357434491927,3.0799588942668352,3.079981961771109,3.0800049282075217,3.080027775907773,3.0800504873031356,3.0800730449377083,3.080095431481558,3.0801176297437225,3.080139622685076,3.0801613934310303,3.080182925284105,3.080204201736307,3.0802252064813542,1.9598514281030774,1.9598636768019055,1.9598756761887857,3.1737982728018728,3.1738183198935745,3.173837957074914,3.1738571693199344,3.1738759419304783,3.173894260546901,3.1739121111585233,3.961712087841054,3.961731924615826,3.961751067374365,3.961769501623777,3.961787213407634,3.9618041893154436,3.9618204164917117,3.961835882644697,3.9618505760547604,3.9618644855823364,3.9618776006755887,3.9618899113776385,3.961901408333451,2.794230636452789,2.7942354142774715,2.7942395702741,2.794243101300557,2.794246004675518,2.7942482781803206,2.7942499200605706,2.7942509290274877,2.7942513042590136,2.794251045400653,2.794250152566084,2.7942486263374646,2.7942464677655345,2.7942436783694005,2.7942402601360996,2.7942362155198692,2.794231547441151,2.794226259285323,2.7942203549011415,2.79421383859891,2.006429647540178,2.0064253763824347,2.006420685914179,2.0064155796353536,2.0064100613637614,2.006404135232703,2.006397805688418,2.0063910774872538,2.0063839556926384,2.0063764456717914,2.0063685530922153,2.006360283917944,2.0063516444055676,2.006342641099999,2.006333280830029,2.0063235707036435,2.006313518103086,2.006303130679715,2.0062924163486153,2.0062813832829756,2.006270039908256,2.006258394896105,2.006246457158079,2.803025937184888,3.9706829788501428,3.9706590090225076,3.9706345556622455,3.9706096375809734,3.9705842739637904,3.9705584843547,3.1783659947451435,3.1783460423668517,3.1783257454695217,3.178305119730818,3.178284181088305,3.1782629457270293,3.178241430066912,3.1782196507499,3.1781976246269354,1.9642733017200036,1.9642596557358063,1.9642459282176925,1.9642321298218914,1.9642182712636318,1.964204363308533,1.964190416763952,1.9641764424702655,1.9641624512921232,1.9641484541096628,1.964134461809695,1.9641204852768845,3.0844964826473786,3.0844743092695817,3.0844521304084616,3.0844299632682968,3.084407825043641,3.0843857329055915,3.0843637039881147,3.084341755374391,3.084319904083202,3.0842981670554095,3.0842765611404603,3.0842551030830236,1.916874038009361,1.9168620466882083,1.1202717594802263,1.1202633373963757,1.120254952827183
2.0057855102333786,2.005770021887179,2.005754619091535,2.005739313598474,2.0057241170860465,2.0057090411499514,2.005694097295212,2.005679296927911,2.0056646513469967,3.173017315255993,3.1729938619778166,3.9695522624499113,3.1775708335672928,3.177549228164197,3.177527893328901,3.1775068454647837,3.1774861007589337,3.1774656751698895,3.177445584415562,3.1774258439613003,1.9638262471411645,1.963815811432192,1.9638056362719662,1.9637957295022535,1.9637860987641367,1.9637767514921163,1.9637676949083596,1.9637589360170629,1.963750481598975,1.9637423382060415,1.9637345121562069,1.9637270095283696,1.9637198361574777,1.9637129976298158,1.963706499278421,1.9637003461787033,3.0837858982816915,3.083774627085658,3.083763889442687,3.083753693712871,3.0837440478413147,3.083734959351593,3.0837264353395644,3.0837184824674635,3.083711106958354,3.083704314590886,3.08369811069441,3.0836925001444278,3.0836874873583877,3.0836830762918455,3.0836792704349802,3.0836760728094754,3.0836734859657566,3.083671511980633,3.08367015245529,3.083669408513666,3.0836692808012303,2.2870869264262517,2.287084510088901,2.287082582510842,2.2870811451779076,2.2870801991979275,2.2870797452998906,2.2870797838333754,2.287080314768282,3.0790402392571563,3.0790463640939514,3.07905311316882,3.0790604812864655,3.079068462765067,3.079077051440658,3.0790862406719044,3.079096023345312,3.07910639188084,3.0791173382379027,3.079128853921786,3.079140929990452,3.0791535570617077,3.0791667253207837,3.079180424528256,3.0791946440283517,3.0792093727575836,3.079224599253762,3.0792403116653104,3.079256497760931,3.079273144939577,3.0792902402407303,3.079307770354977,3.079325721634869,3.0793440801060545,3.0793628314786794,3.079381961159019,1.9593056254555818,1.9593193495137318,1.9593332443991467,1.9593472992662617,1.959361503148454,1.95937584496709,1.9593903135406694,3.1729956017434313,2.380847513407124,2.380864635346274,2.380881979177653,3.1684714531742135,3.1684965207970075,3.1685217395306795,3.1685470898217463,3.1685725520260517,3.168598106424341,3.1686237332378298,3.168649412643785,3.1686751247910494,3.168700849815556,3.1687265678557797,2.001381670109666,2.0013981244644414,2.0014144920050434,2.001430760139181,2.0014469163635926,3.2585986581682036,3.2586245086944956,3.2586501569530446,3.25867558324846,3.2587007680669977,3.2587256920911143,3.258750336213806,3.258774681552735,3.2587987094641484,3.2588224015565697,3.258845739704264,3.258868706060454,3.258891283070305,3.258913453483647,2.0450243446949203,2.045037077914947,2.045049488544789,2.04506156718911,2.045073304708752,2.0450846922268946,2.0450957211350214,2.040532817930589,2.040544166723838,2.040555134915589,2.0405657142709037,2.0405758968464682,2.0405856749956484,3.3359593264112997,3.3359739095781302,3.335987827986236,3.336001071056477,3.3360136287168065,3.3360254914092975,3.3360366500968714,3.3360470962697093,3.336056821951308,3.3360658197042197,3.336074082635461,3.3360816044015835,3.3360883792134004,3.3360944018403855,3.336099667614708,3.336104172434937,3.3361079127693922,3.3361108856591333,3.336113088720597,3.3361145201478783,3.3361151787146257,3.336115063775596,3.3361141752678156,3.336112513711364,3.3361100802097967,3.3361068764501427,3.3361029047025603,4.123875235427737,4.123866282628617,4.123856395211073,4.123845580398452,4.123833846119496,4.123821201004245,4.123807654379475,4.123793216263582,4.123777897361011,3.3405576915806154,3.3405450771331866,3.34053179393372,3.340517852058138,3.3405032620943107,3.340488035134732,3.340472182768777,3.3404557170745433,2.0450801407098544,2.0450685836528195,2.0450566780478314,2.04504443295708,2.0450318577142674,2.0450189619179713,2.0450057554247487,2.044992248341998,2.0449784510205724,2.044964374047136,2.0449500282363013,2.044935424622504,2.0449205744516785,2.837071783069177,2.837049845102885,2.8370276746609067,2.83700528889643,2.836982705150193,2.836959940936742,2.0493699717302793,2.0493542479638394,2.0493384123634444,3.2632245442427035,3.26319969949704,3.263174666428273,3.2631494644446395,3.2631241130907207,3.2630986320318787,3.2630730410385738,3.2630473599705785,3.263021608761094,2.0058671738835216,2.005851371183891,2.0058355910178847,2.005819845688835,2.00580414747426,2.0057885086157543,2.005772941308919,2.0057574576933126,2.0057420698424595,2.005726789753911,2.005711629339377,2.0056966004149324,2.005681714691326,2.0056669837643666,2.0056524191054472,3.172997803552497,3.1729744840266925,3.177574582036522,3.1775528981436034,3.1775314841115634
3.3395570185523464,3.3395299918350547,3.339503080119198,2.044468788543912,2.044452268927266,2.0444358774598124,2.044419626609354,2.044403528739416,2.0443875961005538,2.0443718408217273,2.044356274901724,2.044340910200672,2.8362808737220275,2.8362616296161125,2.0488848380477065,2.048871501595394,2.048858425721476,2.0488456204492485,2.048833095601404,2.0488208607927225,3.262389147289829,3.2623689617182805,3.2623492282266677,3.2623299620249284,3.262311177971557,3.262292890562159,3.262275113918238,3.262257861776236,3.262241147476822,3.2622249839544306,3.2622093837271056,3.2621943588865863,2.005386320811667,2.005378745214636,2.0053715556932925,2.0053647578828486,2.0053583571227716,2.005352358452214,2.005346766605621,2.005341586008556,2.0053368207737488,2.0053324746973478,2.0053285512554124,2.005325053600621,2.0053219845592363,2.0053193466282915,2.0053171419730385,2.0053153724246378,2.005314039478117,2.0053131442905774,2.0053126876796847,2.0053126701224113,2.005313091754057,2.00531395236757,2.005315251413111,2.0053169879979382,2.005319160886557,2.005321768501168,2.005324808922407,2.0053282798903744,2.0053321788059737,2.0053365027325225,2.0053412483976816,2.005346412195671,2.0053519901897796,1.2133990765529004,1.213400859112168,1.2134029078981796,1.2134052213312345,1.213407797627584,1.213410634800799,1.2134137306633053,2.0007784677405254,2.00078751779964,2.0007969571339883,2.0008067783898995,2.0008169739074795,2.0008275357269243,2.000838455595131,2.0008497249725794,2.0008613350404776,2.0008732767081874,3.257684982571908,3.2577042337565736,3.2577239961679636,3.257744254399278,3.257764992655824,3.2577861947680145,3.257807844204693,3.257829924086729,3.257852417200908,3.257875306014096,3.2578985726876404,3.2579221990920164,3.2579461668217005,3.257970457210231,3.2579950513454756,3.2580199300850605,3.2580450740719638,2.0444797596008364,2.0444965433408315,2.0445134201128408,2.0445303767591207,1.256975478418427,1.2569852348382318,1.256995061560475,1.2570049510046097,3.3350326121544915,3.33506055118871,3.3350885241154353,3.335116509280464,3.33514448503722,3.3351724297637264,3.335200321879471,3.3352281398621466,3.3352558622642654,3.3352834677296266,3.3353109350096233,3.3353382429794016,2.078229660759037,2.078246632080226,2.078263435093448,2.0782800569673814,2.078296485025247,2.078312706753869,2.078328709812523,2.0783444820416026,2.0783600114710765,2.0783752863287424,2.0783902950482878,2.0784050262771236,2.078419468884044,2.078433611966638,2.07844744485854,3.404155501767577,3.404176395909035,3.404196764647014,3.404216592516578,3.404235864468877,3.4042545658815193,2.6210636400095315,2.6210771336445458,2.6210901995368934,2.6211028276002097,3.3997781545719006,3.3997941270329486,2.104445164056041,2.104454188554905,2.104462779242198,2.1044709297157853,2.104478633893639,2.10448588601752,2.104492680656497,2.10449901271034,2.104504877412743,2.104510270334423,2.1045151873860584,2.1045196248210924,2.1045235792383874,2.1045270475847353,2.10453002715722,2.1045325156054266,2.1045345109335045,2.1045360115020832,2.1045370160300068,2.104537523595938,2.1045375336397703,2.1045370459638812,2.104536060734227,2.104534578481217,2.104532600100446,2.1045301268532066,2.104527160366808,2.1045237026346997,2.1045197560163746,2.10451532323706,2.1045104073871665,2.1045050119215354,2.1044991406584095,2.104492797778185,2.1044859878218882,2.1044787156894094,2.8876750041129537,2.887662392550536,2.8876491597739484,2.8876353154014356,2.8876208695352004,2.887605832756468,2.1089342861648537,2.108922869767049,3.4042695850726497,3.404251324034658,3.4042324771981844,3.4042130589329993,3.4041930840631953,3.404172567856545,3.404151526013434,3.404129974655383,2.0784178074728086,2.0784032763626823,2.0783884556689265,2.0783733567778246,2.0783579913079717,2.07834237110146,2.0783265082148192,2.0783104149096965,2.078294103643288,2.0782775870585497,2.078260877974157,2.865811031574481,2.8657866283857754,2.8657620569169717,2.86573733636438,2.8657124860645995,2.0826915999541415,2.08267436535586,2.0826570739465957,2.082639739213893,2.082622374686025,2.082604993920811,2.0825876104943717,3.3396988715071254,3.3396714947240196,3.3396441234101157,3.3396167788651603,3.3395894823696155,3.339562255167351,3.339535118448348,3.3395080933314656,2.0444717141912694,2.0444550842236207,2.044438581872713,2.0444222200394466,2.0444060115108424,2.0443899689493676,2.0443741048823996,2.044358431691829,2.0443429616038005,2.836282982202972,2.836263570876497,2.0488866918481285
2.1083243644416183,2.1083068902454483,2.108289515129058,3.4032797676755466,3.4032525296015583,3.403225478040034,3.403198633611848,3.4031720167838753,3.403145647854394,2.0777846459916702,2.0777682501712498,2.0777520559570974,2.0777360756469543,2.077720321385907,2.8650627291505546,2.8650423225419033,2.8650223218159874,2.0822162081628943,2.0822027715039324,2.0821896409906615,2.0821768266979896,2.082164338469374,2.082152185909437,2.0821403783766814,2.082128924976362,2.0821178345534657,2.08210711568584,2.0820967766774685,2.0820868255518876,2.0820772700457573,2.082068117602609,2.0820593753667365,3.3388446504543126,3.338830484891905,3.3388169720498775,3.3388041224764624,3.3387919462173645,3.3387804528073666,3.3387696512622793,3.338759550071252,3.3387501571894607,3.338741480031172,3.338733525463206,3.3387262997987874,3.3387198087918204,3.338714057631564,3.3387090509377417,3.338704792756094,3.3387012865543455,3.3386985352186613,3.3386965410505147,3.3386953057640607,3.338694830483935,3.3386951157435734,3.338696161483974,3.338697967052961,3.3387005312049505,3.338703852101177,3.338707927310446,3.3387127538103787,3.33871832798915,3.3387246456477326,3.3387317020026597,3.338739491689264,3.3387480087654464,3.338757246715938,3.338767198457056,3.3387778563419714,3.3387892121664553,3.3388012571751413,3.33881398206825,3.33882737700881,2.5514800467178915,2.5514893059558417,2.5514990642484956,2.5515093140715814,2.5515200475217403,2.5515312563226082,2.5515429318311886,3.3343487884020013,3.3343674930770586,3.3343867721392035,2.0776071685669772,2.077620876111718,2.0776349030665875,2.0776492383817486,2.077663870761973,2.077678788676524,2.077693980369228,2.0777094338687485,2.077725136999061,2.0777410773900744,2.0777572424884356,2.077773619568447,2.077790195743142,2.0778069579754472,2.0778238930894593,3.4031830864063926,3.403209913221854,3.4032369584958255,3.4032642011502876,3.4032916199651218,3.403319193595469,3.40334690058914,3.4033747194040207,3.4034026284255123,3.4034306059839388,1.3254409137589853,1.325451016172619,1.3254611277774009,1.3254712407716158,1.32548134735233,2.1039446756712312,2.1039626829475013,2.1039806268394976,2.1039984935255522,2.104016269268181,2.1040339404244204,2.104051493456024,2.104068914939414,2.1040861915754707,2.104103310199081,2.1041202577884968,2.1041370214744566,2.1041535885491163,2.104169946474732,2.1041860828921437,2.1042019856290173,2.104217642707883,3.45077654751251,3.4507997634120136,3.450822541923538,3.450844865805558,3.450866718174126,2.1251935378830726,2.1252066854086253,2.125219497725389,2.125231965301026,2.125244078867462,2.125255829426309,2.1252672082541184,2.1252782069074136,2.1252888172275632,2.125299031345478,1.3466456952002228,1.3466508455311126,1.3466557622030664,1.3466604414206254,1.3466648795716245,1.3466690732299742,2.12081361628785,2.1208212873195906,2.1208285203734483,2.1208353100648663,2.120841651319734,2.120847539377487,2.1208529697941327,2.12085793844519,2.1208624415285433,2.1208664755672224,2.1208700374120917,2.1208731242444423,2.1208757335785267,2.1208778632639644,2.120879511488069,2.120880676778081,2.120881358003266,2.120881554376924,2.120881265458274,2.120880491154188,2.1208792317208234,2.120877487765068,2.1208752602458723,2.1208725504753785,2.120869360119907,2.120865691200735,2.1208615460946834,2.1208569275345104,2.1208518386090636,2.1208462827632286,2.1208402637976125,2.120833785867992,2.120826853484495,2.1208194715105,2.120811645161262,2.1208033800022337,2.120794681947088,2.12078555725542,2.8994319424853447,2.899417216096028,2.8994019057426534,2.125250064796547,2.1252380728779316,2.1252257177112726,2.1252130086042698,2.125199955157438,2.1251865672577157,2.125172855071738,3.45084895187917,3.450826633415425,3.4508038536109344,2.1042468134036314,2.10423156873919,2.1042160531802967,2.1042002787032277,2.104184257508884,2.1041680020132403,2.1041515248375102,2.104134838798021,2.104117956895835,2.104100892306105,2.1040836583671823,2.104066268569494,2.1040487365441995,2.8870270015757944,2.8870014097875325,2.8869757031452385,2.8869499019717106,2.8869240266875273,2.108452607508784,2.1084346985833666,2.108416789130938,2.1083988932152216,2.1083810248941544,2.108363198207832,2.1083454271664253,2.1083277257381257,2.1083101078371165,2.1082925873115785,3.4032846645877415,3.4032572710753435,3.403230062711811,3.403203060725313,3.4031762861770583,3.403149759943907,2.077786756791914,2.0777702259595463,2.0777539001730716,2.077737792203875,2.077721914641667,2.8650641299404738
2.1246845458108212,2.124667050383804,2.124649635837797,2.1246323152501736,2.124615101629044,2.124598007904936,2.124581046922527,2.124564231432403,2.124547574082846,3.449865988358562,3.449840267620819,3.4498148483038826,3.449789749747392,2.1035881445342453,2.1035722480557157,2.1035565902610447,2.1035411830360453,2.8863125721200937,2.886291994044247,2.8862718456134435,2.108008148359556,2.1079950153978166,2.107982218623122,2.10796976788536,2.1079576727855303,2.107945942668331,2.1079345866148955,2.1079236134356103,2.107913031663087,2.1079028495452334,2.1078930750384792,2.1078837158011434,2.107874779186937,2.10786627223865,2.107858201681973,2.107850573919528,2.1078433950250504,2.107836670737789,2.107830406457087,2.1078246072371867,2.107819277782248,2.1078144224415905,2.1078100452051856,2.1078061496993747,2.1078027391828673,2.1077998165429817,2.1077973842921707,2.1077954445648324,2.107793999114397,2.107793049310736,2.1077925961378456,2.1077926401918887,2.10779318167951,2.107794220416526,2.1077957558269214,2.1077977869421973,2.107800312401075,2.107803330449544,2.107806838941264,2.107810835338353,2.1078153167125175,2.1078202797465595,2.10782572073626,2.1078316355926403,2.10783801984458,2.107844868641834,2.107852176758408,2.1078599385963157,2.107868148189708,2.107876799209371,2.1078858849675997,2.1078953984234228,2.107905332188194,2.1079156785315467,2.107926429387673,2.107937576361975,2.107949110738033,2.107961023484897,2.1079733052647143,1.3251922230831565,1.3251990906146054,1.3252061616645163,1.3252134307798238,1.3252208923546316,1.3252285406345357,2.1034854347395964,2.103499929402408,2.1035147242105072,2.103529807406404,2.103545167004756,3.449740805327271,3.4497653636416334,3.449790284111342,3.4498155471585776,3.449841132944382,3.449867021385651,3.449893192172311,2.1245775261600404,2.1245946139218623,2.1246118360871686,2.1246291790732434,2.124646629218569,2.1246641727947395,2.1246817960183453,2.1246994850628154,2.124717226070212,2.1247350051629383,2.1247528084553817,2.1247706220654394,2.124788432125943,2.124806224795963,2.124823986271966,1.346388466849018,1.3463981878247868,1.3464078701445745,1.3464175063370167,1.346427088966217,1.346436610637489,2.1203839544881267,2.1204011434746413,2.1204182061294485,2.1204351295157164,2.120451900833548,2.1204685074286007,2.120484936800455,2.1205011766107287,2.1205172146909446,2.120533039050157,2.1205486378823215,2.13046526359529,2.130479892710283,2.1304942653938856,2.130508371019843,2.130522199177329,2.130535739676657,2.130548982554811,2.1305619180807502,2.1305745367605518,2.1305868293423402,2.130598786821069,2.1306104004431177,2.130621661710731,2.1306325623863205,2.1306430944966044,2.130653250336619,2.13066302247361,2.13067240375078,2.130681387290947,2.130689966500076,2.1306981350707135,1.356565289855797,1.356568643510495,1.3565717537059752,1.3565746180414073,1.3565772343057505,1.3565796004794701,1.3565817147360952,1.3565835754436273,1.3565851811658092,1.3565865306632285,2.126234008378953,2.1262376990097938,2.1262409420079673,2.1262437346853855,2.1262460746573124,2.1262479598453297,2.12624938848026,2.126250359105064,2.1262508705776964,2.1262509220738983,2.1262505130899267,2.1262496434452016,2.12624831328487,2.126246523082248,2.126244273641159,2.1262415660981304,2.126238401924431,2.1262347829279555,2.12623071125492,2.126226189391356,2.12622122016439,2.126215806743294,2.1262099526402896,2.1262036617110702,2.1261969381550676,2.1261897865153987,2.1261822116785076,2.126174218873481,2.126165813671024,2.1261570019820684,1.3565037056436917,2.1306333375404716,2.130622370784973,2.1306110347863956,2.130599337980067,2.1305872891068023,2.1305748972075538,2.1305621716176883,2.130549121960893,2.1305357581427025,0.7740894913665887,2.1206173145281677,2.1206027656604673,2.120587934139461,2.1205728314137047,2.12055746917519,2.1205418593501433,2.120526014089474,2.1205099457588785,2.1204936669286325,2.1204771903630437,2.1204605290096286,2.1204436959879716,2.120426704578326,2.120409568209946,2.1203923004491703,2.12037491498728,2.120357425628144,2.1203398462756766,2.898767681205104,2.898741910895393,2.8987160808576906,2.124759140490386,2.1247412787516717,2.1247234402759863,2.1247056391824404,2.124687889562723,2.1246702054684894,2.124652600898779,2.124635089787477,2.124617685990862,2.124600403275217,2.1245832553045583,2.1245662556284857,2.124549417670167,3.449869500623774,3.4498435888425973,3.449817982795387,3.449792702481248,3.4497677676290666,2.103573209913707
2.130095458147155,2.130078438497449,2.1300614741276584,2.1300445776364425,2.1300277615746195,2.1300110384378446,2.1299944206592976,2.1299779206023763,2.129961550553384,2.129945322714208,2.1299292491949875,2.129913342006763,2.1298976130541085,3.4760589206540953,2.11995871435124,2.1199431012270975,2.119927715375487,2.1199125684322238,2.11989767187948,2.1198830370379333,2.8981126688940257,2.8980924803719086,2.898072725118216,2.8980534183077973,2.124312362352793,2.1243001902524323,2.1242883772797416,2.124276932618275,2.124265865191755,2.1242551836567127,2.1242448963952345,2.1242350115077993,2.124225536806213,2.124216479806688,2.1242078477230177,2.1241996474599123,2.124191885606462,2.1241845684297753,2.124177701868781,2.1241712915282047,2.1241653426727503,2.124159860221474,2.124154848742384,2.1241503124472603,2.1241462551867274,2.124142680445563,2.1241395913382846,2.124136990605007,2.1241348806075857,2.1241332633260726,2.1241321403554547,2.124131512902753,2.1241313817844105,2.124131747424064,2.1241326098506335,2.124133968696794,2.1241358231978054,2.124138172190724,2.124141014113997,2.124144347007455,2.1241481685126886,2.124152475873836,2.124157265938777,2.1241625351607394,2.124168279600306,2.1241744949278587,2.1241811764264154,2.1241883189948974,2.1241959171518063,2.124203965039328,2.124212456427823,2.1242213847207476,2.124230742959972,2.124240523831488,2.1242507196715215,2.124261322473028,2.1242723238925603,2.1242837152575045,2.124295487573681,2.1243076315332994,2.124320137523232,2.124332995633628,2.1243461956668517,2.1243597271466905,2.124373579327878,1.3461386761873362,1.3461466457006868,1.3461547706147794,2.7022454582449846,2.7022619863472457,1.3560987616756888,2.129839866917756,2.1298550143725894,2.1298703889672383,2.129885978359464,2.129901770048233,2.129917751385692,2.1299339095891727,2.1299502317532806,2.1299667048619866,2.12998331580073,2.130000051368527,2.1300168982900205,2.1300338432275145,2.1300508727929026,2.130067973559548,2.1300851320740426,2.1301023348678525,2.1301195684688325,2.130136819412595,2.130154074253721,2.1301713195767906,2.130188542007237,2.130205728222003,2.130222864959987,2.130239939032288,2.130256937332209,2.1302738468450535,1.3563527641726072,1.3563616462608858,1.3563704446581535,1.3563791525744764,1.3563877632896568,1.356396270158415,2.1258486686729383,2.125864374333513,2.1258799051168764,2.1258952495627845,2.1259103963819745,0.7694805652817729,0.7694876824627626,0.7694947229436683,0.7695016819251383,0.7695085546834523,0.7695153365710146,0.7695220230167481,2.124086686463381,2.124099207388287,2.1241114396269705,2.124123374394619,2.124135003126236,2.1241463174800908,2.124157309341083,2.124167970823998,2.124178294276683,2.124188272283137,2.124197897666557,2.1242071634923185,2.124216063070925,2.124224589960915,2.124232737971754,2.1242405011667125,2.124247873865723,2.1242548506482644,2.1242614263562074,2.1242675960967077,2.124273355245086,2.124278699447731,2.124283624625006,2.1242881269741956,1.3546458174877527,1.3546466073857972,1.35464715361807,1.3546474557630972,1.3546475135878286,1.354647327047828,1.354646896287292,1.354646221638946,1.3546453036237878,1.35464414295068,1.3546427405158004,1.3546410974019578,1.3546392148777409,1.3546370943965453,1.3546347375954502,1.354632146293946,1.354629322492532,1.3546262683711683,1.3546229862875887,1.3546194787754788,1.354615748542518,1.3546117984682813,1.3546076316020186,1.354603251160294,1.3545986605244986,1.354593863238242,1.3545888630046021,1.3545836636832742,1.3545782692875818,1.354572683981377,2.1242109964881437,2.1242017627436613,0.7696373267336996,0.7696336526827343,0.7696297849729111,0.769625726198662,0.7696214791405654,0.7696170467649148,0.7696124322229492,0.7696076388497343,2.1260352691397717,2.126022160914809,2.1260087526569174,2.125995054669635,2.1259810775265597,2.1259668320631597,2.125952329368192,2.1259375807746603,2.1259225978503906,2.125907392388185,2.125891976395597,2.1258763620843344,2.125860561859286,2.1258445883072223,2.125828454185156,2.1258121724083896,2.1257957560382916,2.1257792182697757,2.1257625724185627,2.1257458319081874,2.125729010256828,2.1257121210639367,2.899626249337552,2.8996012406259553,2.8995761848674113,2.1301159889884813,2.1300986802317836,2.1300814121267724,2.1300641984847952,2.130047053070094,2.1300299895868284,2.130013021666192,2.129996162853608,2.129979426596084,2.1299628262296744,2.1299463749671377,2.1299300858857606,2.1299139719153954,2.129898045826717,2.1298823202197106,3.4760367952799323
2.1237050907865394,2.1236889481730357,2.1236728314725144,2.1236567524559957,2.1236407228716936,2.1236247544391578,2.123608858843386,2.1235930477289036,2.1235773326937943,2.1235617252836745,2.1235462369856095,0.7693433776716151,0.7693359486072623,0.769328556088278,2.1253975709876745,2.1253823917017276,2.125367407273191,2.125352628946862,2.1253380678502163,2.125323734986168,2.1253096412256776,2.1252957973002866,2.1252822137945193,2.1252689011381736,2.898978082074465,2.8989591482908317,2.8989406487127116,2.12969074951853,2.129679375456174,2.1296683584334657,2.1296577071456984,2.1296474300368597,2.129637535292007,2.1296280308297044,2.1296189242945065,2.129610223049551,2.1296019341692145,2.129594064431895,2.1295866203129066,2.1295796079775133,2.129573033274105,2.129566901727555,2.1295612185327393,2.129555988548268,2.129551216290423,2.1295469059273273,2.1295430612733526,2.1295396857837954,2.1295367825498275,2.129534354293736,2.1295324033644683,2.1295309317335125,2.129529940991089,2.129529432342722,2.1295294066061525,2.129529864208636,2.1295308051846358,2.129532229173905,2.129534135419984,2.1295365227691194,2.1295393896696186,2.129542734171626,2.1295465539273644,2.1295508461918065,2.129555607823822,2.129560835287772,2.129566524655562,2.129572671609174,2.1295792714436486,2.1295863190705435,2.129593809021841,2.1296017354543224,2.129610092154402,2.129618872543394,2.129628069683244,2.129637676282681,2.1296476847038006,2.1296580869690667,2.1296688747687194,2.1296800394685755,2.129691572118211,2.129703463459516,2.129715703935596,2.1297282837000195,2.1297411926263736,2.1297544203181458,2.12976795611887,2.1297817891225512,0.7737134946023,0.7737197770475668,0.7737261970986384,0.0,1.354201153764003,1.35420922732407,1.3542173947386866,1.3542256497073255,2.1234718239199353,2.1234868037286785,2.1235019615710864,2.1235172851776607,2.123532762175483,2.123548380100453,2.123564126409452,2.1235799884924376,2.123595953684412,2.123612009277289,2.1236281425315937,2.1236443406880174,2.1236605909787833,2.1236768806388184,2.123693196916707,2.1237095270854343,2.123725858452871,2.123742178372032,2.123758474251054,2.1237747335629162,2.1237909438548814,2.123807092757661,2.1238231679942836,2.1238391573886752,2.1238550488739536,2.1238708305004246,2.1238864904432733,2.1239020170099816,1.3544733965900324,1.3544811957961862,1.3544888790076728,1.3544964402948492,1.3545038738221027,1.3545111738523625,1.3545183347515233,2.119503219505805,2.1195168380426965,2.1195302403329994,2.1195434169157017,2.1195563585125607,0.7650109790939403,0.7650173848608581,0.7650237089241784,0.7650299472855655,0.7650360959997394,0.7650421511732848,0.7650481089635103,0.7650539655773614,0.7650597172704311,0.7650653603460689,0.7650708911546147,0.7650763060927781,0.7650816016031794,0.7650867741740595,0.7650918203391915,0.7650967366779889,0.7651015198158327,0.7651061664246346,0.7651106732236284,0.765115036980411,0.7651192545122424,0.7651233226875915,0.7651272384279539,0.7651309987099243,0.7651346005675366,0.7651380410948598,0.7651413174488539,0.7651444268524781,0.7651473665980407,0.7651501340507896,0.7651527266527246,0.7651551419266304,0.7651573774803042,0.7651594310109787,0.7651613003099097,0.7651629832671193,0.7651644778762763,0.7651657822396927,0.7651668945734134,0.7651678132123797,0.765168536615645,0.7651690633716229,0.7651693922033265,0.7651695219736057,0.7651694516903211,0.7651691805114649,0.7651687077501733,0.7651680328796298,0.7651671555378114,0.765166075532079,0.7651647928435602,0.765163307631319,0.7651616202362866,0.7651597311849218,0.765157641192584,0.7651553511666048,2.119707688636748,2.119698697632504,2.119689342544169,2.1196796300663445,2.119669567221364,2.1196591613561866,2.1196484201387564,2.1196373515538642,2.119625963898456,2.1196142657764225,2.1196022660928677,2.1195899740478166,2.1195773991294162,2.1195645511065986,2.119551440021218,2.1195380761796923,2.1195244701441145,2.119510632722895,2.1194965749609036,2.119482308129167,2.1194678437140966,2.1194531934063066,2.1194383690890075,2.1194233828260174,2.1194082468494075,2.1193929735468027,2.1193775754483775,2.1193620652135503,2.1193464556174213,2.1193307595369912,2.1193149899371546,2.119299159856544,2.11928328239322,2.8887024842495737,2.1237081043404618,2.1236916335016844,2.123675188508438,2.123658782705791,2.1236424293986134,2.1236261418381486,2.1236099332086997,2.1235938166144597,2.1235778050664726,2.1235619114697903,2.12354614861083,0.7693414986764576,0.76933384393508,0.7693262420037911,0.7693186991386182
2.1053590492389507,2.105344056961646,0.7649557766116538,0.7649488483372728,0.7649418867913989,0.7649348964765694,0.7649278819346709,0.7649208477475844,0.7649137985376934,0.7649067389682408,0.7648996737435089,2.119080109159139,2.11906526008705,2.1190505363320593,2.119035948676649,2.119021507847436,2.1190072245094553,2.118993109260256,2.118979172623773,2.1189654250439958,2.118951876878399,2.1189385383911583,2.1189254197461533,2.11891253099973,2.1188998820932574,2.118887482845463,2.118875342944553,2.8880953202687496,2.888077513712145,2.8880601145732383,2.1232783809633284,2.123267874082234,2.123257710653847,2.1232478989076933,2.1232384468386507,2.1232293621987317,2.1232206524888415,2.123212324950591,2.123204386558169,2.123196844010265,2.1231897037221117,2.12318297181762,2.1231766541216577,2.1231707561524735,2.1231652831142944,2.123160239890132,2.1231556310347885,2.1231514607680992,2.1231477329684507,2.1231444511665583,2.1231416185395546,2.123139237905397,2.1231373117176,2.1231358420603503,2.1231348306439757,2.1231342788008165,2.1231341874815164,2.1231345572517286,2.1231353882892594,2.1231366803816907,2.123138432924449,2.123140644919361,2.123143314973704,2.1231464412997525,2.1231500217148334,2.123154053641899,2.1231585341106056,2.1231634597589357,2.123168826835323,2.123174631201322,2.123180868334789,2.123187533333586,2.1231946209198074,2.1232021254445184,2.1232100408929955,2.123218360890466,2.1232270787083385,2.123236187270902,2.123245679162493,2.123255546635119,2.1232657816164977,2.1232763757185427,2.1232873202462192,2.1232986062068067,2.1233102243195145,2.1233221650254364,2.1233344184978327,2.123346974652705,2.123359823159661,2.1233729534530084,2.1233863547431033,2.123400016027885,0.7692127723405947,0.7692188462575995,0.7692250521520331,0.7692313845913427,0.0,0.0,0.0,0.0,0.0,0.7647706663051328,2.105159965557086,2.105174509941784,2.105189172702406,2.1052039420013724,2.1052188059705648,2.1052337527227993,2.105248770363035,2.1052638469993314,2.1052789707535116,2.105294129771531,2.1053093122335302,2.1053245063635577,2.105339700438968,2.1053548827994644,2.1053700418557955,2.1053851660980887,2.105400244103828,2.105415264545469,2.1054302161976906,2.1054450879442825,2.1054598687846804,2.1054745478401418,2.105489114359586,2.105503557725084,2.1055178674570265,2.1055320332189726,2.10554604482219,2.1055598922299072,2.105573565561278,1.3406091865821013,1.340615730391586,1.3406221323277387,1.3406283874495881,1.3406344909294365,1.3406404380565813,1.3406462242409605,1.3406518450166967,2.1011936688021615,2.1012047694846827,2.1012156249194764,2.1012262278333096,2.1012365711139416,2.101246647810389,2.1012564511332683,2.101265974455225,2.101275211311484,2.1012841554005193,2.1012928005848908,2.101301140892255,2.1013091705165605,2.1013168838194574,2.1013242753319266,2.1013313397561415,2.1013380719675783,2.1013444670173667,2.1013505201349045,2.101356226730746,2.101361582399731,2.101366582924395,2.1013712242786213,2.101375502631577,2.101379414351863,2.101382956011933,2.1013861243927243,2.1013889164885033,2.1013913295119173,2.101393360899232,2.10139500831572,2.101396269661204,2.1013971430757055,2.1013976269452126,2.1013977199074936,2.101397420857976,2.1013967289556224,2.1013956436288064,2.101394164581141,2.101392291797234,2.1013900255483344,2.1013873663978426,2.1013843152066602,2.1013808731383294,2.1013770416639295,2.1013728225667294,2.1013682179465354,2.1013632302236873,2.101357862142726,2.1013521167756606,2.101345997524807,2.1013395081251955,2.1013326526465015,2.1013254354944704,2.1013178614118324,2.101309935478678,2.1013016631122583,2.1012930500662126,2.101284102429201,2.1012748266229218,2.101265229399515,2.101255317838326,2.101245099342033,2.1012345816321325,2.101223772743782,2.101212681019989,2.1012013151051687,2.101189683938042,2.1011777967439387,2.101165663026436,2.1011532925584357,2.1011406953726,2.1011278817512538,2.1011148622157014,2.1011016475150215,2.101088248614346,2.101074676682652,2.1010609430801033,2.1010470593449484,2.101033037180038,2.1010188884389676,2.1010046251118877,2.1009902593110334,2.1009758032559707,2.100961269258654,2.1009466697082697,1.3403993052877723,2.105361790616147,2.105346364257813,0.7649560762887688,0.7649487271534272,0.7649413510578708,0.7649339545464332,0.7649265441576191,0.764919126415014,0.76491170781832,0.7649042948345628,0.7648968938894872,2.1190785418276445,2.119063375210988,2.1190483550318966,2.1190334934037103
0.7605252729689206,0.7605192705954287,2.100886496523277,2.1008723247741177,2.100858154920271,2.100843996738719,2.100829860020249,2.100815754567418,2.1008016901923723,2.1007876767144955,2.100773723957853,2.10075984174843,2.1007460399111277,2.100732328266484,2.100718716627142,2.1007052147940013,2.1006918325520743,2.100678579666005,2.100665465875268,2.1006525008890136,2.100639694380561,2.1006270559815334,2.1006145952756428,2.1006023217920946,2.1005902449986538,2.1005783742943307,2.100566719001732,2.1005552883590632,2.100544091511799,2.1005331375040246,2.8652871912122597,2.8652707140776874,2.1049298717101737,2.104919919804218,2.1049102832300175,2.10490097004166,2.1048919880871475,2.1048833449991147,2.10487504818551,2.104867104820265,2.104859521834,2.1048523059047506,2.1048454634487976,2.104839000611558,2.104832923258634,2.104827236966989,2.104821947016321,2.104817058380639,2.1048125757200675,2.1048085033729285,2.104804845348097,2.1048016053176988,2.1047987866101128,2.1047963922033883,2.1047944247190173,2.1047928864161474,2.1047917791862254,2.1047911045481094,2.1047908636436503,2.1047910572337973,2.1047916856952007,2.104792749017358,2.1047942468003247,2.1047961782529616,2.1047985421917788,2.104801337040354,2.104804560829347,2.1048082111971103,2.104812285390893,2.104816780268672,2.1048216923015577,2.1048270175768233,2.1048327518015184,2.1048388903066924,2.104845428052177,2.104852359631975,2.104859679280179,2.104867380877477,2.1048754579581592,2.104883903717674,2.104892711020661,2.10490187240948,2.104911380113195,2.1049212260569954,2.104931401872032,2.104941898905637,2.1049527082319113,2.104963820662639,2.104975226758521,2.104986916840673,2.104998881002381,2.105011109121067,2.1050235908704544,2.1050363157328746,2.105049273011721,2.1050624518439784,2.1050758412128374,2.105089429960319,2.1051032067999387,2.105117160329314,2.1051312790427383,1.3403748850385315,0.0,0.0,0.0,0.0,0.7603307377280365,0.7603366190862848,0.7603425701660291,0.7603485859697229,0.7603546615288855,0.7603607919095322,0.7603669722171867,0.7603731976014642,0.7603794632602204,0.7603857644432551,0.7603920964555747,0.7603984546602043,0.7604048344805641,2.0756048767652078,2.0756187388860425,2.0756325465620247,2.075646289770658,2.075659958607992,2.075673543292865,2.0756870341707154,2.075700421717008,2.075713696540273,2.075726849384786,2.0757398711329005,2.0757527528070603,2.075765485571517,2.075778060733768,2.0757904697457543,2.0758027042048175,2.0758147558544833,2.075826616585058,2.0758382784340927,2.075849733586726,1.3153246016193305,1.3153297969183702,1.3153348301848864,1.315339697534142,1.3153443952094437,1.3153489195850274,1.3153532671688695,1.3153574346053807,1.3153614186780014,1.3153652163116873,2.071489156028825,2.071497226176528,2.0715050303225127,2.0715125631798914,2.071519819572727,2.07152679443691,2.071533482821456,2.0715398798902243,2.071545980924058,2.0715517813233673,2.0715572766111476,2.071562462436431,2.071567334578183,2.0715718889496157,2.071576121602952,2.0715800287345534,2.0715836066904942,2.071586851972476,2.0715897612441236,2.0715923313376114,2.071594559260597,2.0715964422034565,2.0715979775467495,2.071599162868935,2.071599995954256,2.0716004748007935,2.071600597628633,2.0716003628881032,2.0715997692680737,2.0715988157042267,2.0715975013873003,2.0715958257712446,2.071593788581246,2.0715913898215788,2.0715886297832427,2.071585509051344,2.0715820285121693,2.071578189359922,2.071573993103065,2.071569441570254,2.07156453691579,2.0715592816245723,2.071553678516525,2.0715477307504377,2.071541441827205,2.0715348155924365,2.0715278562383963,2.0715205683052558,2.0715129566816386,2.07150502660443,2.071496783657839,2.0714882337716998,2.071479383218988,2.071470238612573,2.07146080690116,2.071451095364461,2.071441111607562,2.0714308635545113,2.0714203594411407,2.0714096078070967,2.071398617487145,2.0713873976017196,2.071375957546772,2.0713643069829164,2.0713524558239165,0.7561555814654862,0.7561509286417167,0.7561461506756566,0.7561412524918751,0.7561362391720198,0.7561311159445507,0.7561258881740802,0.7561205613503517,0.0,0.0,0.0,0.7605327117681897,0.7605262007109315,0.7605196301326534,2.1008878656046974,2.1008731257555944,2.100858395449662,2.100843687185819,2.100829013417307,2.1008143865366944,2.1007998188610966,2.1007853226176523,2.1007709099292775,2.1007565928007397,2.1007423831050933,2.1007282925704813,2.100714332767378
2.0711828557935608,2.0711701018919024,2.0711573133941794,2.071144498608493,2.071131665878384,2.0711188235839377,2.071105980142714,2.0710931440105287,2.07108032368201,2.071067527690902,2.071054764610107,2.0710420430513934,2.0710293716647796,2.0710167591375246,2.0710042141927434,2.070991745587571,2.0709793621109087,2.0709670725806757,2.070954885840599,2.070942810756498,2.0709308562120428,2.070919031104015,2.0709073443370247,2.070895804817702,2.0708844214483624,2.070873203120125,2.07086215870553,2.070851297050624,2.070840626966547,2.070830157220629,2.0708198965270137,2.070809853536829,2.075210660718152,2.0752007498077534,2.0751911090123825,2.075181746595334,2.0751726706628206,2.0751638891534148,2.075155409827361,2.0751472402557765,2.075139387809802,2.075131859649698,2.075124662713959,2.0751178037084355,2.0751112890955525,2.0751051250836117,2.07509931761624,2.0750938723620123,2.0750887947042957,2.0750840897313316,2.0750797622265993,2.075075816659516,2.0750722571764704,2.0750690875922575,2.0750663113819288,2.075063931673091,2.075061951238703,2.0750603724903574,2.075059197472124,2.0750584278549478,2.07505806493164,2.075058109612465,2.0750585624213853,2.0750594234929225,2.0750606925697035,2.0750623690006806,2.0750644517400327,2.0750669393467662,2.075069829985026,2.0750731214250933,2.0750768110451223,2.0750808958335516,2.075085372392239,2.0750902369402833,2.075095485318532,2.0751011129947807,2.07510711506961,2.0751134862828886,2.0751202210208985,2.0751273133240704,2.0751347568952943,2.0751425451088084,2.075150671019603,2.0751591273733516,2.0751679066167945,2.0751770009085933,2.0751864021305737,2.075196101899361,2.075206091578359,2.0752163622900235,2.0752269049284235,2.0752377101720154,2.0752487684966336,2.0752600701886164,2.0752716053580693,2.0752833639521926,2.0752953357686614,2.0753075104690035,2.075319877591953,2.0753324265667192,2.0753451467261677,2.0753580273198486,2.0753710575268594,2.0753842264685036,2.0753975232207007,2.075410936826148,1.3150937185781386,1.31510145158601,1.3151091987713626,1.3151169541568442,1.315124711758697,2.0710496600632444,2.071062720343819,2.071075808000978,2.0710889129374084,2.071102025151704,2.0711151347455576,2.0711282319303317,2.0711413070330367,0.7559607051388658,0.7559662549992595,0.7559718172134385,0.7559773883211633,0.7559829649460162,0.7559885437935219,0.7559941216487793,0.7559996953736379,0.7560052619034439,0.756010818243389,0.7560163614644868,0.756021888699221,0.756027397136892,0.7560328840187039,0.7560383466326295,0.7560437823080891,0.7560491884104904,0.7560545623356627,0.7560599015042334,0.7560652033559796,0.7560704653442069,0.7560756849301923,0.7560808595777289,0.7560859867478124,0.7560910638935193,0.7560960884551036,0.7561010578553535,0.7561059694952433,0.75611082074992,2.035957985458527,1.2798461360285134,1.279849717755539,1.2798531189100648,1.2798563368669549,1.2798593691424722,1.2798622133961757,1.2798648674327537,1.2798673292037004,1.279869596808907,1.2798716684981304,1.279873542672345,1.2798752178849788,1.2798766928430276,1.2798779664080564,2.0316081107185635,2.031612164727091,2.0316159306962644,2.031619404760253,2.0316225831549737,2.0316254622262737,2.0316280384386043,2.0316303083841425,2.0316322687923405,2.031633916539847,2.0316352486607676,2.0316362623572015,2.0316369550100326,2.0316373241898895,2.0316373676682655,2.031637083428696,2.0316364696779914,2.0316355248574087,2.0316342476537774,2.0316326370104543,2.0316306921380933,2.031628412525157,2.031625797948127,2.031622848481325,2.031619564506339,0.7517755615231122,0.7517756336975903,0.7517755447016302,0.7517752929934471,0.7517748772485593,0.7517742963682135,0.7517735494871529,0.7517726359806849,0.7517715554710167,0.7517703078328255,0.7517688931980255,0.7517673119597237,0.75176556477531,0.751763652568701,0.7517615765316891,0.7517593381244088,0.7517569390748999,0.7517543813777664,0.7517516672919412,0.7517487993375505,0.7517457802918921,0.7517426131845428,0.7517393012916042,0.7517358481291223,0.7517322574456892,0.0,1.3151848327590465,1.3151772639260384,1.3151696507758286,1.3151619991827763,1.3151543150508371,1.3151466043089957,1.3151388729066986,1.3151311268092587,2.0712385130701616,2.071225247501417,2.0712119032347687,2.0711984921273974,2.071185026095529,2.0711715170975804,2.0711579771173065,2.071144418146936,2.0711308521704077,2.071117291146695,2.0711037469933107,2.071090231570041,2.071076756662911,2.071063333968489,2.0710499750785245,2.071036691464988,2.071023494465551,2.0710103952695276,2.0709974049043476
2.03127139142949,2.031259934826289,2.0312484336437446,2.0312368947245814,2.031225324960446,2.031213731296396,2.031202120735194,2.031190500341366,2.031178877244984,2.0311672586451044,2.0311556518128357,2.031144064093972,2.031132502911172,2.0311209757656217,2.031109490238159,0.75160254385434,0.751597697319206,0.7515928178426041,0.7515879083593688,0.7515829719596593,0.7515780118899681,0.751573031553356,0.7515680345088867,0.7515630244702587,0.7515580053036297,0.7515529810246241,0.7515479557945339,0.7515429339157177,0.7515379198262049,0.7515329180935226,0.0,0.0,0.7559141160464117,0.7559086828479187,0.7559033091875685,0.7558980002997399,0.7558927614447438,0.755887597899093,0.7558825149454093,0.755877517862018,0.7558726119122677,0.7558678023336007,0.7558630943264417,0.7558584930429201,0.7558540035754944,0.7558496309455018,0.7558453800917028,0.7558412558588374,0.755837262986264,0.7558334060967207,0.7558296896852379,0.7558261181082744,0.7558226955730993,0.7558194261274744,0.7558163136496778,0.7558133618389066,0.7558105742061019,0.7558079540652302,0.7558055045250603,0.7558032284814719,0.7558011286103192,0.7557992073608852,0.7557974669499565,0.7557959093565334,0.7557945363172046,0.7557933493222014,0.7557923496121514,0.7557915381755361,0.7557909157468718,0.7557904828056146,0.7557902395757919,0.7557901860263673,0.7557903218723259,0.7557906465764848,0.7557911593520131,0.755791859165649,0.755792744741602,0.7557938145661208,0.7557950668927038,0.7557964997479341,0.7557981109379045,0.7557998980552123,0.7558018584864833,0.7558039894204066,0.7558062878562205,0.755808750612644,0.7558113743371792,0.7558141555157798,0.7558170904828116,0.7558201754312892,0.755823406423323,0.7558267794007478,0.7558302901958772,0.7558339345423454,0.7558377080859864,0.7558416063957106,2.035352491267195,2.0353633974239878,2.0353744934599587,2.035385769458532,2.0353972154221798,2.0354088212864836,2.0354205769338902,2.035432472207207,2.0354444969227234,2.035456640882987,2.0354688938891474,2.0354812457528735,2.035493686307801,2.0355062054204702,2.0355187930007723,1.2796142445399592,1.2796216228076824,1.2796289965251353,1.2796363600029468,1.2796437075595781,2.031179854086881,2.031191767609358,2.031203663364827,2.0312155328734938,2.031227367807917,2.031239159995381,2.0312509014195403,2.0312625842213325,2.0312742006992,2.0312857433086453,2.0312972046611355,2.03130857752242,2.0313198548102704,2.0313310295917066,2.031342095079728,2.0313530446296095,2.0313638717348104,2.031374570022529,2.031385133248975,2.0313955552943823,2.031405830157843,2.0314159519519945,2.031425914897615,2.0314357133181953,2.0314453416345155,2.0314547943592967,2.0314640660919716,2.031473151513626,2.0314820453821616,2.0314907425277253,2.0314992378484336,2.0315075263064863,0.7516732264311691,0.7516773267546653,0.7516813832616873,0.7516853939046763,0.7516893565479452,0.7516932689646566,0.7516971288344836,0.7517009337419959,0.7517046811757786,0.7517083685282934,0.7517119930965067,0.7517155520832787,0.7517190425995162,0.7517224616670956,0.7517258062225471,0.0,0.0,0.0,0.0,0.0,0.0,0.0,0.0,0.0,0.0,0.0,0.0,0.0,0.0,0.0,0.0,0.0,0.0,0.0,0.0,0.0,0.0,0.0,0.0,0.0,1.2798403851978406,1.2798363624499753,1.2798321694393888,1.2798278094023647,1.2798232857040772,1.2798186018359876,1.2798137614131493,1.279808768171417,1.2798036259645544,1.279798338761264,1.2797929106421166,1.2797873457964002,1.279781648518888,1.2797758232065133,1.2797698743549795,1.2797638065552865,1.279757624490185,1.279751332930561,1.2797449367317457,1.2797384408297758,1.2797318502375716,1.2797251700410763,1.2797184053953223,1.279711561520452,1.27970464369769,2.0314261904795274,2.0314152872375386,2.03140420125145,2.0313929425953106,2.031381521568,2.03136994867742,2.031358234624128,2.0313463902844493,2.031334426693128,2.031322355025569,2.0313101865797494,2.031297932757827,2.031285605047531,2.031273215003404,2.0312607742279183,2.031248294352583,2.031235787019059,2.031223263860378,2.0312107364823015,2.0311982164449014,2.031185715244413,2.0311732442954202,2.031160814913428,2.031148438297887,2.031136125515712,2.031123887485353,2.0311117349614585,2.031099678520194
0.7472599407420336,0.7472567136404556,0.7472534342277523,0.7472501024150644,0.7472467181795899,0.7472432815772366,0.747239792755035,0.7472362519632241,0.7472326595669575,0.7472290160575558,0.7472253220632373,0.7472215783592683,0.7472177858774773,0.7472139457150676,0.7472100591426806,2.0267016377471405,2.0266911302030435,2.0266806789522596,2.026670290986995,2.0266599734210624,2.0266497334887656,2.0266395785428584,2.0266295160515417,2.026619553594467,2.026609698857802,1.2794351614839263,1.2794298196966838,1.2794246213237703,1.2794195703748186,1.279414670745716,2.03093785962337,2.030928311017898,2.0309189514713286,2.0309097894044177,2.0309008331978093,2.0308920911791866,2.030883571609924,2.030875282671329,2.0308672324504875,2.0308594289257726,2.030851879952083,2.0308445932458357,2.0308375763698003,2.0308308367177976,2.030824381499352,2.030818217724332,2.0308123521876578,2.030806791454122,2.0308015418433834,2.030796609415215,2.030791999955029,2.0307877189597754,2.0307837716242405,2.030780162827834,2.030776897121882,2.030773978717513,2.0307714114741735,2.030769198888813,2.030767344085805,2.030765849807638,2.0307647184064077,2.0307639518361613,2.030763551646135,2.030763518974884,2.0307638545453695,2.0307645586610055,2.030765631202679,2.0307670716267894,2.0307688789642766,2.03077105182068,2.0307735883772193,2.0307764863928846,2.0307797432075585,2.030783355746126,2.0307873205235936,2.030791633651176,2.0307962908433352,2.030801287425755,2.0308066183442177,2.0308122781743365,2.0308182611321315,2.0308245610853985,2.030831171565823,2.0308380857817974,2.0308452966319033,2.030852796719001,2.030860578364858,2.0308686336252957,2.0308769543057705,2.0308855319773316,2.0308943579929215,2.0309034235039256,2.0309127194769356,2.0309222367106496,2.030931965852861,2.03094189741746,0.7514451555085271,0.7514486911468236,0.751452321354629,0.7514560415634123,0.7514598472107124,0.7514637337519058,0.7514676966715486,0.7514717314942561,0.7514758337950623,0.7514799992092278,0.7514842234414593,0.7514885022744925,0.7514928315770179,0.7514972073109164,0.7515016255377817,0.7515060824246983,0.751510574249273,0.7515150974038924,0.7515196483992037,0.7515242238668077,0.0,0.0,0.0,0.0,0.0,0.0,0.7471678814436976,0.7471716661333316,1.9829315448216862,1.9829420693272346,1.9829525155418204,1.9829628774802885,1.982973149330522,1.982983325447304,1.9829934003455536,1.983003368693042,1.9830132253026018,1.9830229651239402,1.9830325832350784,1.9830420748335218,1.9830514352272088,1.9830606598253073,1.9830697441289356,1.983078683721871,1.9830874742613318,1.9830961114688705,1.9831045911214762,1.9831129090429371,1.983121061095526,1.9831290431720916,1.9831368511885739,1.9831444810770575,1.9831519287793675,1.9831591902412877,1.983166261407439,1.9831731382168665,1.9831798165993713,1.9831862924726242,1.9831925617400992,1.9831986202898368,1.983204463994082,1.9832100887098014,1.9832154902800894,1.983220664536478,1.9832256073021584,1.9832303143960845,1.9832347816379954,1.9832390048543036,1.9832429798848477,1.983246702590498,1.9832501688615618,1.9832533746269803,1.983256315864276,1.9832589886101917,1.9832613889720059,1.9832635131394425,1.9832653573971615,1.9832669181377263,1.983268191875044,1.9832691752581597,1.9832698650853826,1.9832702583186674,1.9832703520981558,1.9832701437568465,1.9832696308352975,1.9832688110962828,1.9832676825393665,1.983266243415257,1.9832644922399427,1.983262427808473,1.9832600492083463,1.983257355832426,1.983254347391315,1.9832510239251193,1.9832473858145283,1.9832434337911775,1.983239168947191,1.983234592743885,1.9832297070195506,1.983224513996301,1.9832190162858834,1.983213216894478,1.9832071192263974,1.9832007270866825,1.9831940446825498,1.9831870766236772,1.9831798279213184,1.9831723039862106,1.9831645106252944,1.9831564540372204,1.9831481408066665,1.9831395778974596,1.9831307726445302,1.9831217327447015,1.983112466246345,1.9831029815379515,1.9830932873356102,1.9830833926694766,1.983073306869247,1.9830630395487023,1.983052600589355,0.7472975822127005,0.7472937431311518,0.7472898080853593,0.7472857824803819,0.7472816718658918,0.7472774819199833,0.7472732184325825,0.7472688872885151,0.747264494450321,0.7472600459408852,0.7472555478259586,0.7472510061966486,0.7472464271519491,0.7472418167813973,0.7472371811479182,0.7472325262709417,0.7472278581098596,0.7472231825478911,0.7472185053764353,0.7472138322799629,0.7472091688215212,0.747204520428913,0.7471998923815908,0.7471952897983495
1.9785446747164332,1.9785350410407259,1.9785253745917244,1.9785156794843946,1.9785059598884385,1.978496220041222,1.9784864642603908,1.978476696956117,1.978466922642887,1.9784571459507363,1.9784473716358622,1.978437604590539,1.9784278498522405,1.9784181126119285,1.2355824957951609,1.2355759469273813,1.2355694781070563,1.2355630943243625,1.2355568005038187,1.2355506015005018,1.2355445020962954,1.235538506996201,1.2355326208247237,1.2355268481222905,1.2355211933417627,1.9826804589893476,1.9826707789890925,1.9826612176493263,1.982651783072559,1.9826424834382625,1.9826333269921748,1.9826243220347117,1.9826154769085362,1.9826067999853227,1.982598299651747,1.9825899842947754,1.98258186228627,1.9825739419670025,1.9825662316301007,1.9825587395040205,1.9825514737350836,1.9825444423696599,1.9825376533360761,1.9825311144262887,1.9825248332774341,1.9825188173533086,1.9825130739258503,1.9825076100567136,1.982502432579011,1.9824975480792852,1.982492962879804,1.9824886830212438,1.9824847142458277,1.982481061981023,1.9824777313238229,1.982474727025715,1.9824720534783955,1.982469714700272,1.9824677143238438,1.9824660555840012,1.9824647413072847,1.982463773902177,1.9824631553504515,1.9824628871996335,1.9824629705565877,1.9824634060822917,1.9824641939877856,1.9824653340313547,1.9824668255169255,1.9824686672937215,1.9824708577571406,1.9824733948508984,1.9824762760703922,1.9824794984673058,1.982483058655407,1.9824869528175615,1.9824911767138742,1.982495725690987,1.9825005946924592,1.9825057782702014,1.9825112705969201,1.982517065479512,1.982523156373372,1.982529536397539,1.982536198350635,1.9825431347275144,1.982550337736586,1.9825577993176928,1.9825655111605394,1.982573464723528,1.9825816512529804,1.9825900618026382,1.9825986872533792,1.9826075183330563,1.9826165456364175,1.9826257596449781,1.9826351507468076,1.9826447092561388,1.9826544254327338,1.9826642895009259,1.9826742916682587,1.982684422143683,1.9826946711552125,1.9827050289670018,1.9827154858957572,1.9827260323264633,1.982736658727338,1.9827473556639865,1.9827581138127055,1.9827689239728925,1.982779777078539,1.982790664208764,1.9828015765973648,1.9828125056413688,1.9828234429085758,1.982834380144058,1.9828453092756484,1.9828562224183781,1.9828671118779062,1.982877970152916,1.9828887899365268,1.9828995641167122,1.2357424043320728,1.2357492820555342,0.0,0.0,0.0,0.0,0.0,0.7428298320347273,0.7428326342203282,0.7428354080408172,0.7428381545530448,0.7428408748996399,0.7428435702922325,0.7428462419943928,0.7428488913043664,0.7428515195377084,0.742854128009895,0.7428567180190235,0.742859290828679,0.7428618476510693,0.742864389630507,0.7428669178273445,0.7428694332024328,0.7428719366021922,0.7428744287443794,0.7428769102046285,0.7428793814038293,0.742881842596422,0.7428842938596738,0.7428867350839861,0.742889165964296,0.7428915859926204,0.7428939944517832,0.7428963904103595,0.742898772718879,0.7429011400073011,0.7429034906837888,0.7429058229347897,0.7429081347264329,0.7429104238072327,0.7429126877121044,0.7429149237676653,0.7429171290988094,0.7429193006365247,0.7429214351269173,0.7429235291414088,0.7429255790880627,0.7429275812239754,0.7429295316686955,0.7429314264185913,0.7429332613621136,0.7429350322958749,0.7429367349414729,0.7429383649629778,0.7429399179849998,0.7429413896112578,0.742942775443551,0.7429440711010504,0.7429452722398131,0.7429463745724315,0.7429473738877158,0.7429482660703175,0.7429490471202052,0.7429497131718864,0.7429502605132926,0.7429506856042253,0.7429509850942877,0.742951155840196,0.7429511949223978,0.7429510996609135,0.7429508676303157,0.7429504966737834,0.742949984916148,0.7429493307758747,0.742948532975917,0.7429475905533843,0.7429465028679771,0.7429452696091495,0.7429438908019483,0.742942366811511,0.7429406983461869,0.7429388864592708,0.7429369325493288,0.742934838359116,0.7429326059730822,0.7429302378134823,0.7429277366350893,0.742925105518553,0.7429223478624084,0.7429194673737818,0.7429164680578348,0.7429133542059808,0.7429101303829376,0.742906801412666,0.742903372363259,1.978644266441427,1.9786337408066161,1.9786230869972044,1.9786123162564442,1.9786014400131389,1.9785904698576242,1.9785794175172446,1.978568294831398,1.9785571137262665,1.978545886189321,1.978534624243692,1.978523339922531,1.978512045243423,1.9785007521829905,1.9784894726517632,1.9784782184694003,1.9784670013404035,1.9784558328303579,1.235617605764287,1.2356107235924854,1.2356038946398276,1.235597124174602,1.2355904174199142,1.2355837795496698
1.185457382819907,1.1854504299306279,1.1854434736537165,1.1854365193563765,1.185429572404221,1.185422638157128,1.1854157219651134,1.1854088291641918,1.1854019650722716,0.0,0.0,0.0,0.0,0.0,0.7428259024262674,0.7428227652724397,0.7428195821317565,0.742816353882659,0.7428130816493124,0.7428097668073911,0.742806410988615,0.7428030160839988,0.7427995842457916,0.7427961178880869,0.7427926196860989,0.7427890925740873,0.7427855397419454,0.7427819646304492,0.7427783709251948,0.7427747625492266,0.7427711436544059,0.7427675186115348,0.7427638919992914,0.7427602685920106,0.7427566533463671,0.742753051387019,0.7427494679912695,0.742745908572825,0.7427423786647075,0.7427388839014021,0.7427354300003307,0.7427320227427155,0.7427286679539388,0.74272537148347,0.7427221391844677,0.7427189768931374,0.7427158904079457,0.7427128854687876,0.7427099677361934,0.7427071427706842,0.7427044160123634,0.7427017927608339,0.7426992781555473,0.7426968771566622,0.7426945945265102,0.7426924348117481,0.7426904023262876,0.7426885011350687,0.7426867350387683,0.7426851075594988,0.7426836219275811,0.7426822810694302,0.7426810875966315,0.742680043796248,0.742679151622401,0.7426784126891703,0.7426778282648422,0.7426773992675302,0.7426771262621908,0.7426770094590541,0.7426770487134573,0.7426772435271062,0.7426775930507329,0.7426780960881612,0.7426787511017328,0.7426795562191013,0.7426805092413268,0.7426816076522563,0.7426828486291396,0.7426842290544245,0.7426857455286807,0.7426873943845904,0.7426891717019407,0.7426910733235422,0.7426930948720059,0.7426952317672911,0.7426974792449508,0.7426998323749807,0.7427022860811895,0.7427048351609964,0.7427074743055667,0.7427101981201815,0.742713001144763,0.7427158778744468,0.7427188227801085,0.7427218303287527,0.7427248950036679,0.7427280113242539,0.7427311738654313,0.7427343772765456,0.7427376162996744,0.7427408857872639,0.742744180719001,0.7427474962178641,0.742750827565259,0.742754170215191,0.7427575198074003,0.7427608721794086,1.9281636561809878,1.9281738545548404,1.928184075182249,1.9281943094787786,1.9282045490804114,1.928214785852294,1.9282250118961484,1.92823521955638,1.9282454014248471,1.9282555503442924,1.9282656594104777,1.9282757219729931,1.9282857316347968,1.9282956822504889,1.928305567923378,1.9283153830013449,1.928325122071593,1.9283347799542958,1.9283443516952228,1.9283538325573946,1.9283632180118382,1.185542671692778,1.1855490513401057,1.1855553515014179,1.1855615673149185,1.1855676939838513,1.1855737267801985,1.1855796610483345,1.1855854922086202,1.185591215760941,1.1855968272881796,1.1856023224596277,1.185607697034334,1.9241295546336359,1.9241363520942225,1.9241430032947884,1.9241495067805767,1.9241558610537295,1.9241620645572861,1.9241681156600927,1.9241740126426778,1.9241797536842085,1.9241853368506008,1.9241907600838473,1.924196021192642,1.9242011178443623,1.9242060475584455,1.924210807701237,1.9242153954823071,1.9242198079523078,1.9242240420023695,1.9242280943650512,1.9242319616168642,1.924235640182351,1.9242391263397232,1.9242424162280378,1.9242455058558685,1.9242483911114703,1.9242510677743585,1.9242535315282758,1.9242557779754925,1.9242578026523613,1.9242596010460442,1.9242611686123894,1.924262500794795,1.9242635930440408,1.9242644408389502,1.924265039707795,1.9242653852503486,1.9242654731604698,1.9242652992491003,1.9242648594675846,1.9242641499311683,1.924263166942584,1.9242619070155835,1.9242603668983165,1.9242585435964168,1.9242564343957071,1.924254036884363,1.9242513489744688,1.9242483689228216,1.9242450953508663,1.9242415272637032,1.9242376640680028,1.9242335055887758,1.9242290520848975,1.9242243042632716,1.924219263291605,1.9242139308096557,1.9242083089389452,1.924202400290829,1.9241962079728976,1.9241897355936592,1.9241829872654461,1.9241759676055434,1.924168681735503,1.924161135278624,1.9241533343556065,1.9241452855783738,1.9241369960420842,1.9241284733153363,1.9241197254286249,1.9241107608610384,1.9241015885253014,1.9240922177511552,1.924082658267194,1.9240729201811675,1.9240630139588764,1.9240529504017023,1.924042740622887,1.9240323960226324,1.1855068235472646,1.1855000524421742,1.1854932396606863,1.185486390459741,1.1854795101243214,1.185472603963368,1.1854656773056895,1.1854587354958428,1.1854517838900125,1.1854448278518765,1.1854378727484682,1.1854309239460348,1.1854239868058964,1.1854170666803103,1.1854101689083418,1.185403298811745,0.7428271185785447,0.7428229635045251,0.742818837466307,0.7428147459822418,0.7428106943695655,0.7428066877297764
0.7384879383307066,0.738485940571948,0.738483921445368,0.7384818782852094,0.7384798084855447,0.7384777095226682,0.7384755789771195,0.7384734145552286,0.7384712141100709,1.9238641106467669,1.9238550415886069,1.9238459756583972,1.9238369166947837,1.9238278687369315,1.9238188360357888,1.9238098230641074,1.9238008345251467,1.9237918753600147,1.9237829507535622,1.9237740661388059,1.9237652271998005,1.9237564398729603,1.9237477103467815,1.9237390450599285,1.9237304506977262,1.9237219341869827,1.923713502689205,1.9237051635921851,1.923696924500001,1.9236887932214326,1.9236807777568643,1.9236728862836858,1.9236651271402714,1.923657508808577,1.9236500398954257,1.9236427291125762,1.9236355852556153,1.9236286171818002,1.9236218337869246,1.923615243981291,1.9236088566649345,1.9236026807021456,1.923596724895467,1.9235909979592167,1.9235855084927045,1.9235802649532228,1.9235752756289526,1.9235705486119037,1.9235660917709994,1.923561912725443,1.9235580188184755,1.9235544170916459,1.9235511142597077,1.9235481166862791,1.923545430360344,1.9235430608737252,1.9235410133996376,1.9235392926723984,1.92353790296842,1.9235368480885415,1.92353613134182,1.9235357555308157,1.9235357229384817,1.923536035316702,1.9235366938765228,1.9235376992801565,1.9235390516347657,1.9235407504880908,1.9235427948259112,1.923545183071392,1.9235479130863,1.923550982174087,1.9235543870848508,1.9235581240221356,1.9235621886515566,1.9235665761112124,1.9235712810238423,1.9235762975106714,1.923581619206903,1.9235872392787794,1.9235931504421298,1.9235993449823554,1.92360581477574,1.9236125513120088,1.9236195457180214,1.9236267887825362,1.9236342709818837,1.923641982506488,1.9236499132881035,1.9236580530276333,1.9236663912234495,1.9236749172000507,1.923683620136975,1.9236924890978055,1.9237015130591828,1.9237106809396773,1.923719981628409,1.9237294040132868,1.9237389370087699,1.9237485695830046,1.9237582907842663,1.9237680897665488,1.9237779558142412,1.9237878783657774,1.9237978470361579,1.923807851638263,1.923817882202879,1.9238279289973614,0.7384385497392987,0.738441748741275,0.7384449056879065,0.7384480172599582,0.7384510804651038,0.7384540926431273,0.7384570514694172,0.7384599549567744,0.7384628014555044,0.7384655896518175,0.738468318564548,0.7384709875402095,0.7384735962464303,0.7384761446637962,0.7384786330761548,0.7384810620594365,0.7384834324690482,0.7384857454259189,0.7384880023012599,0.7384902047001322,0.738492354443903,0.7384944535516909,0.7384965042208841,0.7384985088068503,0.7385004698019342,0.7385023898138556,0.7385042715436175,0.7385061177630483,0.738507931292082,0.7385097149759039,0.7385114716620734,0.7385132041777522,0.7385149153071419,1.1313914595026373,1.1313966473544443,1.131401708986034,1.1314066404908674,1.1314114380627989,1.131416097999012,1.131420616702885,1.1314249906867686,1.131429216574679,1.1314332911049045,1.1314372111325322,1.1314409736318702,1.1314445756987945,1.1314480145529853,1.1314512875400804,1.1314543921337217,1.1314573259375171,1.1314600866868805,1.1314626722507926,1.1314650806334423,1.1314673099757686,1.1314693585569024,1.1314712247954937,1.1314729072509335,1.1314744046244685,1.1314757157602053,1.1314768396460055,1.1314777754142624,1.1314785223425787,1.1314790798543233,1.1314794475190755,1.1314796250529568,1.8657094486931074,1.8657100920971148,1.8657105001548437,1.8657106676268649,1.8657105893326125,1.8657102601789914,1.8657096751894187,1.8657088295331459,1.8657077185547255,1.86570633780347,1.865704683062746,1.8657027503789698,1.8657005360901495,1.8656980368538147,1.8656952496742187,1.8656921719286483,1.8656888013927044,1.8656851362644358,1.8656811751871918,1.865676917271057,1.8656723621127766,1.8656675098140445,1.8656623609980585,1.1314286593979446,1.1314244134624194,1.131420019873877,1.1314154820234028,1.131410803413405,1.1314059876549025,1.131401038464738,1.1313959596627101,0.0,0.0,0.0,0.0,0.0,0.0,0.0,0.0,0.0,0.0,0.0,0.0,0.0,0.0,0.0,0.7385151047148804,0.7385112967945242,0.7385074313871658,0.7385035155151721,0.7384995563214596,0.7384955610438961,0.738491536989336,0.7384874915074008,0.7384834319641255,0.7384793657155925,0.7384753000816836,0.7384712423200526,0.7384671996004509,0.7384631789795226,0.7384591873761811,0.7384552315476788,1.9238477797573406,1.9238371161185703,1.923826550825627,1.923816094979098,1.9238057593747118,1.9237955544817253
1.8653840394367411,1.865375524137556,1.8653669954155796,1.8653584545697894,1.8653499029600593,1.8653413420316025,1.8653327733389544,1.8653241985693856,1.865315619565584,1.8653070383474981,1.8652984571331745,1.865289878358512,1.865281304695758,1.8652727390706836,1.8652641846783022,1.865255644997028,1.865247123801208,1.8652386251719166,1.8652301535059537,1.8652217135229803,1.8652133102707156,1.8652049491281808,1.865196635806922,1.865188376350201,1.865180177130139,1.8651720448427902,0.7340791468641242,0.7340765856548979,0.734073994792646,0.734071378093142,0.7340687397357358,0.7340660842495955,0.734063416498057,0.7340607416611588,0.7340580652164244,0.7340553929180038,0.7340527307742513,0.7340500850238589,0.7340474621106535,0.734044868657169,0.7340423114371306,0.7340397973469743,0.7340373333765368,0.7340349265790596,0.0,0.0,0.0,0.0,0.0,0.0,0.0,0.0,0.0,0.0,0.0,0.0,0.0,0.0,0.0,0.0,0.0,0.0,0.0,0.0,0.0,0.0,0.0,0.0,0.0,0.0,0.0,0.0,0.0,0.0,0.0,0.0,0.0,0.0,0.0,0.0,0.7340348510448117,0.7340377075399067,0.7340406814544975,0.7340437660928264,0.7340469544772407,0.7340502393759668,0.7340536133319318,0.7340570686924872,0.7340605976399127,0.7340641922225356,0.734067844386339,0.7340715460068963,0.7340752889214933,0.7340790649612724,1.8651750797443496,1.8651845732171033,1.8651941798822258,1.8652038874048367,1.8652136835228474,1.8652235560796768,1.8652334930560375,1.86524348260067,1.8652535130598746,1.8652635730057452,1.8652736512629584,1.8652837369340485,1.8652938194230178,1.8653038884572497,1.8653139341075782,1.865323946806493,1.8653339173643706,1.8653438369837214,1.8653536972713525,1.8653634902484622,1.8653732083586094,1.865382844473546,1.8653923918969288,1.8654018443658829,1.8654111960504665,1.865420441551037,1.8654295758935753,1.865438594523004,1.8654474932945502,1.8654562684632408,1.8654649166715793,1.865473434935511,1.865481820628741,1.8654900714655405,1.8654981854821155,1.8655061610166719,1.8655139966882848,1.8655216913747077,1.865529244189248,1.865536654456839,1.8655439216894567,1.86555104556101,1.8655580258818576,1.8655648625731023,1.865571555640785,1.8655781051501543,1.8655845112001306,0.7341993143954899,0.7342002459809173,0.7342011605767637,0.7342020620769836,0.7342029541891965,0.7342038404103737,0.7342047240037556,0.7342056079770991,0.734206495062386,0.7342073876970839,0.7342082880070533,0.7342091977911986,0.7342101185079328,0.7342110512635238,0.7342119968023938,0.7342129554994089,0.7342139273542112,0.7342149119876138,0.7342159086400879,0.7342169161723462,0.7342179330680202,0.7342189574384331,0.7342199870294327,0.7342210192302542,0.7342220510843869,0.7342230793023706,0.7342241002764816,0.7342251100972235,0.7342261045715462,0.734227079242716,0.7342280294117206,0.7342289501601249,0.0,0.0,0.0,0.0,0.0,0.0,0.0,0.0,0.0,0.0,0.0,0.0,0.0,0.0,0.0,0.0,0.0,0.0,0.0,0.0,0.0,0.0,0.0,0.7342282574263065,0.7342267655386883,0.7342251299231167,0.7342233500255245,0.7342214257558344,0.7342193574951562,0.7342171461008729,0.734214792909572,1.8656030549064369,1.8655950978799716,1.8655868883736333,1.8655784338280983,1.8655697422328252,1.8655608221127582,1.8655516825128626,1.8655423329806204,1.8655327835464899,1.8655230447024358,1.8655131273786134,1.8655030429182742,1.8654928030510316,1.8654824198645552,1.8654719057748486,1.865461273495192,1.8654505360039217,1.8654397065111388,1.86542879842452,1.8654178253143558,1.8654068008779623,1.8653957389036302,1.8653846532342502,1.86537355773077,1.8653624662356458,1.8653513925364251,1.8653403503296424,1.865329353185148,1.8653184145110346,1.8653075475193246,1.8652967651925212,1.865286080251206,1.8652755051227852,1.8652650519115277,1.8652547323700217,1.8652445578721402,1.8652345393876608
0.7297999378083707,0.7297984012506757,0.7297968761447934,0.7297953571301161,0.729793838905222,0.7297923162634935,0.729790784128218,0.7297892375869546,0.7297876719250199,0.7297860826579093,0.7297844655624933,0.7297828167068247,0.7297811324784078,0.7297794096107897,0.7297776452083213,0.7297758367689801,0.7297739822051235,0.7297720798620665,0.0,0.0,0.0,0.0,0.0,0.0,0.0,0.0,1.1310848396370468,1.1310794237713435,1.1310741264432307,1.1310689517387065,1.1310639036491403,1.1310589860682074,1.13105420278887,1.1310495575004744,1.1310450537858916,1.1310406951187675,1.1310364848608423,1.1310324262593596,1.1310285224445695,1.1310247764273111,1.1310211910966967,1.1310177692178829,1.1310145134299472,1.1310114262438473,1.86504109408114,1.865036079918231,1.865031319508345,1.8650268218298245,1.8650225956324369,1.8650186494048893,1.865014991342823,1.8650116293174004,1.865008570844636,1.8650058230556281,1.8650033926678178,1.8650012859574177,1.864999508733137,1.8649980663113217,1.8649969634926453,1.8649962045404482,1.8649957931608288,1.864995732484585,1.8649960250511066,1.8649966727942728,1.8649976770304464,1.864999038448616,1.8650007571027336,1.8650028324062962,1.8650052631291993,1.8650080473968815,1.865011182691755,1.8650146658569597,1.8650184931023808,1.865022660012948,1.8650271615591558,1.865031992109785,1.8650371454467531,1.8650426147820371,1.8650483927766075,1.8650544715612813,1.1310259917145895,1.1310297899713413,1.1310337450455958,1.1310378538869201,1.1310421133262685,1.13104652007842,1.1310510707445136,1.1310557618146602,1.131060589670658,1.1310655505887663,1.1310706407425877,1.8608517900159889,1.8608616611286166,1.8608716681867068,0.72978958323584,0.7297941440521983,0.7297986939878991,0.7298032234370228,0.7298077229958763,0.7298121834990521,0.7298165960542407,0.7298209520756617,0.7298252433159453,0.7298294618963101,0.729833600334912,0.7298376515732226,0.7298416090003212,0.7298454664749875,0.729849218345498,0.7298528594670323,0.7298563852166163,0.7298597915055383,0.7298630747891758,0.7298662320742091,0.7298692609231747,0.7298721594563615,0.7298749263510406,0.7298775608380319,0.7298800626956526,0.7298824322410612,0.7298846703190625,0.729886778288435,0.7298887580058404,0.729890611807421,0.7298923424881666,0.7298939532791686,0.7298954478228683,1.8053184362458374,1.8053261524782558,1.8053337065649862,1.8053410985857206,1.805348328931835,1.8053553982763781,1.8053623075430822,1.8053690578745751,1.8053756505999443,1.8053820872018593,1.805388369283412,1.8053944985348718,1.8054004767005183,1.8054063055457656,1.8054119868247076,1.8054175222483226,1.8054229134534463,1.805428161972726,1.8054332692057111,1.8054382363912174,1.8054430645811457,1.8054477546158654,1.80545230710133,1.8054567223880247,1.8054610005518805,1.80546514137724,1.8054691443420066,1.8054730086050155,1.8054767329957406,1.8054803160063684,1.805483755786312,1.8054870501391753,1.805490196522236,1.805493192048389,1.8054960334906203,1.805498717288954,1.805501239559859,1.8055035961080677,1.8055057824407785,1.8055077937841326,1.8055096251019442,1.8055112711165546,1.8055127263317228,1.805513985057461,1.8055150414366619,1.8055158894734253,1.8055165230629207,1.8055169360226488,1.805517122124951,1.8055170751305998,1.805516788823314,1.8055162570450158,1.8055154737316659,1.8055144329494834,1.8055131289313853,1.8055115561134518,1.8055097091712338,1.8055075830557188,1.8055051730287834,1.8055024746979214,1.8054994840501166,1.8054961974846309,1.8054926118445875,1.8054887244471445,1.805484533112129,1.805480036188961,1.805475232581737,1.8054701217723257,1.8054647038413616,1.8054589794870073,1.805452950041384,1.805446617484583,1.8054399844561588,1.8054330542640398,1.8054258308907936,1.8054183189972084,1.8054105239231348,1.8054024516855949,1.8053941089741137,1.8053855031433077,1.8053766422027402,1.8053675348040472,1.8053581902254288,1.8053486183534955,1.8053388296625994,1.805328835191689,1.8053186465187954,1.8053082757332497,1.8052977354057393,1.8052870385563438,1.8052761986206614,1.8052652294141855,1.8052541450950748,0.729827517562808,0.7298227891920903,0.7298180340913546,0.729813262307994,0.7298084839974476,0.7298037093838217,0.7297989487201502,0.7297942122484798,0.7297895101599683,0.7297848525551759,0.7297802494047464,0.7297757105106514,0.0,0.0,0.0,0.0,0.0,0.0,0.0,0.0,0.0
1.0753743167502476,1.0753675825287459,1.0753608359437061,1.0753540822007144,1.0753473265108058,1.075340574086447,1.0753338301375144,1.075327099867271,1.0753203884683593,1.0753137011187854,1.0753070429779328,1.0753004191825786,1.0752938348429324,1.0752872950386925,1.075280804815133,1.0752743691792077,1.075267993095693,1.0752616814833547,1.8050255677455536,1.805017398574432,1.8050092583227537,1.8050011519040454,1.8049930846575484,1.8049850623485346,1.8049770911660983,1.804969177718376,1.8049613290252076,1.8049535525082585,1.8049458559786364,1.8049382476220193,1.8049307359813929,1.8049233299374237,1.8049160386865641,1.8049088717169925,1.8049018387824485,1.8048949498741318,1.80488821519074,1.8048816451068008,1.8048752501394305,1.8048690409136698,1.8048630281265596,1.8048572225100998,1.8048516347932924,1.804846275663405,1.80484115572667,0.7297073507603093,0.7297053757261566,0.7297034970581314,0.729701722741753,0.7297000606181282,0.7296985183463809,0.7296971033666845,0.7296958228640805,0.7296946837332656,0.7296936925445011,0.7296928555108324,0.7296921784567626,0.7296916667885416,0.7296913254662123,0.7296911589775559,0.7296911713140579,0.7296913659490191,0.7296917458179167,0.7296923133011145,0.729693070209009,0.7296940177696855,0.7296951566191408,0.7296964867941422,0.7296980077277321,0.7296997182474318,0.7297016165761359,0.7297037003357061,0.7297059665532504,0.7297084116700618,0.7297110315531706,0.7297138215094702,1.8048489366974643,1.8048550513259647,1.8048614856907097,1.8048682306050878,1.804875276301955,1.804882612463378,1.8048902282523795,1.8048981123464993,1.8049062529730568,1.804914637945942,1.8049232547037817,1.8049320903492938,1.8049411316896857,1.8049503652778784,1.804959777454417,1.0751934205798541,1.075198613954938,1.075203925315661,1.0752093505652867,1.0752148855191876,1.0752205259080805,1.0752262673813084,1.0752321055101979,1.80077571348211,1.8007869284004665,1.8007981446765011,1.8008093476695932,1.8008205231396779,1.8008316572855163,1.8008427367806012,1.8008537488065328,1.8008646810837292,1.8008755218993602,1.8008862601323705,1.800896885275509,1.8009073874542854,1.8009177574427566,1.8009279866761547,1.8009380672602266,1.800947991977363,1.8009577542894326,1.8009673483373836,1.800976768937614,1.8009860115751593,1.8009950723937629,1.8010039481828857,1.801012636361763,1.8010211349605938,1.8010294425989888,1.8010375584618044,1.8010454822725008,0.7256316081647874,0.7256327073036705,0.7256336755113469,0.7256345192807754,0.725635245429683,0.7256358610589044,0.7256363735095647,0.7256367903193236,0.7256371191779011,0.7256373678820994,0.7256375442905606,0.7256376562784737,0.7256377116924577,0.7256377183058584,0.7256376837746663,0.7256376155942817,0.725637521057345,0.725637407212838,0.7256372808266593,0.7256371483438712,0.7256370158528078,0.7256368890512174,0.725636773214607,0.7256366731669566,0.7256365932539334,0.7256365373187481,0.7256365086807751,0.725636510117028,0.7256365438466087,0.7256366115181744,0.7256367142005141,0.7256368523762646,0.7256370259388027,0.7256372341923281,0.7256374758551335,0.7256377490660633,0.725638051394098,0.725638379851049,0.7256387309072841,0.7256391005104029,0.7256394841067882,0.725639876665909,0.725640272707264,0.7256406663298324,0.7256410512438798,0.7256414208049753,0.7256417680500382,0.7256420857352398,0.7256423663755827,0.7256426022859429,0.7256427856233896,0.7256429084305597,0.7256429626798829,0.7256429403184217,0.7256428333131282,0.7256426336962617,0.7256423336107717,0.725641925355394,0.7256414014292557,0.7256407545757473,0.7256399778254603,0.7256390645379631,0.7256380084422064,0.7256368036753622,0.7256354448198918,0.7256339269386617,0.7256322456079252,0.7256303969480046,0.7256283776515166,0.725626185008995,0.7256238169317775,0.7256212719720424,0.7256185493398829,0.725615648917336,0.725612571269276,0.7256093176511311,0.725605890013362,0.725602291002676,0.7255985239599677,0.7255945929149772,0.725590502577702,0.7255862583265734,0.7255818661934662,0.7255773328455877,0.7255726655643499,0.7255678722212947,0.7255629612511938,0.7255579416224471,0.7255528228049096,0.7255476147352959,0.7255423277803249,0.7255369726977763,0.0,1.075415442562665,1.075408900039464,1.0754023132710935,1.0753956873402475,1.0753890273597702,1.0753823384687116,1.0753756258283635,1.075368894618274,1.075362150032246,1.0753553972743362,1.0753486415548326,1.075341888086242,1.8051063875474416,1.8050952723676328,1.8050842673242902,1.8050733863559345,1.8050626430355112,1.8050520505346888,1.805041621589942,1.8050313684704853,1.805021302948264
1.7454502789342399,1.7454421380778071,1.7454340078007209,1.7454258863667476,1.7454177721110227,1.7454096634799745,0.7254854459302319,0.7254839651130104,0.7254824681432176,0.725480949201455,0.7254794027831879,0.7254778237355235,0.7254762072921078,0.7254745491059587,0.7254728452800796,0.7254710923956866,0.7254692875379082,0.725467428318825,0.7254655128977325,0.7254635399985192,0.7254615089240619,0.7254594195675791,0.7254572724208651,0.7254550685793616,0.7254528097440457,0.7254504982201047,0.7254481369124139,0.7254457293178233,0.7254432795142904,0.7254407921469076,0.725438272410887,0.7254357260315822,0.7254331592416343,0.7254305787553678,0.7254279917405285,0.7254254057875315,0.7254228288763326,0.7254202693411133,0.7254177358329216,0.7254152372804709,0.7254127828492651,0.7254103818992654,0.7254080439412969,0.7254057785923915,0.7254035955303166,1.8005304391557235,1.8005258144921328,1.8005214748118372,1.8005174314700052,1.8005136955149448,1.8005102776409505,1.8005071881420203,1.8005044368666057,1.8005020331736845,1.8004999858902835,1.8004983032707245,1.8004969929577532,1.8004960619457488,1.8004955165461933,1.8004953623555688,1.8004956042258446,1.8004962462376781,1.8004972916764999,1.8004987430115673,1.800500601878103,1.800502869062628,1.8005055444915308,1.8005086272229698,1.8005121154421269,1.8005160064598678,1.8005202967147893,1.8005249817786948,1.8005300563654432,1.80053551434316,1.8005413487497521,1.8005475518116736,0.7254219545707136,0.725425867729351,0.7254299546634743,0.72543420704608,0.7254386160047143,0.7254431721555356,0.7254478656396837,0.7254526861617631,0.7254576230302886,0.72546266519988,0.7254678013150223,0.7254730197551829,0.7254783086810714,0.7254836560818275,0.7254890498229158,0.7254944776944979,0.7254999274600624,0.7255053869050735,0.7255108438854264,0.7255162863754596,0.7255217025153184,0.7255270806574373,0.7255324094119247,0.0,0.0,0.0,0.0,0.0,0.0,0.0,0.0,0.0,0.7213278377433818,0.7213325985792699,0.7213371725214852,0.7213415540062657,0.7213457382899537,0.7213497214593151,0.7213535004379118,1.7412797597385343,1.741289765932188,1.7412995665988698,1.7413091568673442,1.7413185326773875,1.74132769076666,1.741336628653861,1.741345344618301,1.7413538376759925,1.7413621075524355,1.7413701546522233,1.7413779800256404,1.7413855853324813,1.74139297280324,1.741400145197907,1.7414071057626122,1.7414138581843117,1.7414204065438015,1.7414267552672782,1.7414329090767278,1.741438872939395,1.741444652016599,1.7414502516121728,1.7414556771207963,1.7414609339764875,1.7414660276015375,1.7414709633561365,1.7414757464889739,1.741480382089068,1.74148487503905,1.7414892299701978,1.741493451219408,1.7414975427883528,1.7415015083050345,1.7415053509879344,1.7415090736129524,1.741512678483299,1.7415161674025117,1.7415195416507334,1.7415228019643747,1.7415259485192867,1.741528980917506,1.7415318981776884,1.7415346987292377,1.7415373804102199,1.74153994046902,1.7415423755698005,1.7415446818016969,1.7415468546917334,1.741548889221387,1.7415507798467456,1.7415525205221303,1.7415541047271077,1.7415555254967345,1.7415567754549044,1.741557846850625,1.7415587315970555,1.7415594213131138,1.741559907367443,1.7415601809245258,1.7415602329927191,1.7415600544739696,1.7415596362149626,1.7415589690594528,1.741558043901518,1.7415568517394573,1.7415553837300826,1.7415536312431195,1.7415515859154342,1.7415492397048462,1.7415465849432052,1.7415436143885141,1.7415403212757892,1.7415366993664314,1.7415327429958256,1.7415284471189474,1.741523807353731,1.7415188200219567,1.7415134821874794,1.7415077916915571,1.7415017471851195,1.7414953481577826,1.7414885949634629,1.7414814888424466,1.7414740319397806,1.7414662273198787,1.7414580789772691,1.7414495918433786,1.7414407717893279,1.7414316256246964,1.7414221610922327,1.741412386858522,1.7414023125006448,1.0200683537937807,1.0200628229826945,1.0200571920255461,1.0200514652681811,1.0200456471303254,1.0200397421021814,1.0200337547409508,1.0200276896673202,1.020021551561892,1.0200153451615668,1.02000907525589,1.7455343072789822,1.745522467217154,1.7455105443724679,1.7454985556049825,1.7454865179801793,1.7454744487177214,1.7454623651395162,1.745450284617335,1.745438224520186,1.745426202161723,1.7454142347478665,1.7454023393249078,1.7453905327283057,0.7254614278770174,0.7254564718744969,0.7254516362638229,0.7254469314498186,0.7254423674058551,0.7254379536352684,0.7254336991349124,0.7254296123609929,0.7254257011973607
0.7212167138807022,0.7212151537776584,0.7212136234135629,0.7212121142557526,0.7212106178501255,0.7212091258745145,1.7411237433316362,1.7411156154546346,1.7411074865255074,1.7410993543577784,1.7410912171286903,1.7410830734200644,1.7410749222568949,1.7410667631434609,1.7410585960967762,1.7410504216771565,1.7410422410157644,1.7410340558389503,1.7410258684892612,1.7410176819429912,1.7410094998241525,1.7410013264147945,1.740993166661592,1.7409850261786388,1.7409769112464355,1.7409688288070295,1.7409607864553291,1.7409527924266168,1.7409448555802856,1.7409369853798724,1.740929191869474,1.7409214856466324,1.7409138778317945,1.740906380034522,1.740899004316536,1.740891763151832,1.7408846693839783,1.740877736180851,1.7408709769869657,1.0197333859216406,1.0197298033460371,1.019726377549597,1.0197231111742837,1.019720006739089,1.0197170666380966,1.0197142931386354,1.0197116883795367,1.019709254369485,1.0197069929854714,1.0197049059713523,1.0197029949365,1.0197012613545722,1.0196997065623676,1.0196983317588058,1.0196971380039985,1.0196961262184363,1.01969529718228,1.0196946515347576,1.0196941897736775,1.0196939122550397,1.019693819192766,1.0196939106585343,1.0196941865817237,1.0196946467494676,1.0196952908068206,1.019696118257031,1.0196971284619234,1.0196983206423886,1.0196996938789873,1.0197012471126554,1.0197029791455203,1.019704888641826,1.0197069741289568,1.0197092339985765,1.7408443324447074,1.7408511584146966,1.740858374219819,1.7408659691223587,1.740873931527001,1.7408822490176874,1.7408909083977226,1.7408998957329587,1.7409091963978547,1.740918795124197,1.7409286760522833,1.7409388227843192,1.7409492184397928,1.740959845712578,1.7409706869295096,1.7409817241101577,1.7409929390275432,1.7410043132695003,1.741015828300435,1.7410274655231648,1.7410392063406068,1.7410510322169843,1.7410629247383191,1.7410748656719117,1.7410868370245578,1.7410988210992222,1.741110800549945,1.7411227584347122,1.741134678266059,1.7411465440592149,1.7411583403775195,1.7411700523749842,1.7411816658357542,1.7411931672103491,1.0198767059051228,1.0198831844492113,1.01988970146126,1.0198962519136288,1.0199028307528075,1.0199094329033156,1.0199160532716134,0.0,0.0,0.0,0.0,0.0,0.7171396496556045,0.7171422043388329,0.7171445262556914,0.7171466205066063,0.7171484930130481,0.7171501504762113,0.7171516003321362,0.7171528507034821,0.7171539103482079,0.7171547886054181,0.7171554953386432,0.717156040876843,0.7171564359534326,0.717156691643627,0.7171568193004288,0.7171568304895728,0.7171567369237529,0.717156550396463,0.7171562827157751,0.7171559456383888,0.7171555508042794,0.7171551096722709,0.7171546334568435,0.7171541330665097,0.7171536190440366,0.7171531015088408,0.717152590101812,1.684123988509571,1.6841277125201424,1.6841313287253117,1.6841348412267707,1.6841382535275722,1.6841415684991667,1.6841447883523921,1.6841479146125278,1.6841509480985999,1.6841538889070164,1.6841567363996177,1.6841594891962315,1.6841621451717637,1.684164701457833,1.6841671544489774,1.6841694998133956,1.6841717325081547,1.6841738467988332,1.684175836283485,1.684177693920804,1.6841794120623759,1.6841809824888512,1.684182396449856,1.6841836447074694,1.6841847175830198,1.6841856050070148,1.6841862965719274,1.6841867815875822,1.6841870491388897,1.6841870881456138,1.6841868874239037,1.684186435749262,1.6841857219206593,1.6841847348254402,1.6841834635047486,1.6841818972190894,1.684180025513736,1.6841778382836448,1.6841753258375363,1.6841724789608348,1.6841692889771445,1.684165747807943,1.6841618480301963,1.6841575829315816,1.6841529465630671,1.6841479337885423,1.6841425403312604,1.6841367628168362,1.6841305988125987,1.6841240468630532,1.6841171065212754,0.9669741342967278,0.9669698733639598,0.0,0.0,0.0,0.0,0.0,0.0,0.0,0.0,0.7213235946950571,0.7213184831825729,0.7213132056933945,0.7213077708887258,0.7213021881414953,0.7212964675038602,0.7212906196714336,0.7212846559443978,0.7212785881856839,0.7212724287764133,0.7212661905688093,0.7212598868367939,0.7212535312245002,0.7212471376929542,0.7212407204651565,0.721234293969837,0.7212278727841386,0.7212214715755045,0.7212151050430382,0.7212087878586114,0.7212025346080043,0.7211963597323469,0.7211902774701375,0.7211843018001229,1.7410958500406686,1.7410835046450126,1.7410713228453587,1.7410593221334583,1.7410475194603858,1.7410359311860153,1.7410245730310994,1.741013460032124,1.7410026064991948
1.6837832098467334,1.6837751399021776,1.6837670900918418,1.6837590549664214,1.6837510291791542,1.6837430075461917,1.683734985106024,1.683726957177629,1.6837189194170525,1.6837108678720947,1.6837027990348412,1.683694709891725,1.68368659797087,1.6836784613864537,0.9667256640397734,0.966719487276682,0.9667133690459001,0.0,0.0,0.0,0.0,0.0,0.0,0.0,0.0,0.0,0.0,0.0,0.0,0.0,0.0,0.0,0.0,0.0,0.0,0.0,0.0,0.0,0.0,0.7211310195520204,0.7211282321413071,0.7211255034464418,0.7211228448602232,0.7211202679090819,0.7211177841980339,0.7211154053548742,0.7211131429739085,0.7211110085594734,0.7211090134695288,0.7211071688596055,0.7211054856273633,0.7211039743580521,0.721102645271118,0.7211015081682418,0.721100572383043,0.7210998467327059,0.7210993394717654,0.7210990582482779,0.7210990100625885,0.7210992012289105,0.7210996373398924,0.7211003232343612,0.7211012629683926,0.721102459789857,0.7211039161165741,0.7211056335181778,0.7211076127017887,0.7211098535015728,0.7211123548722355,0.721115114886493,0.7211181307365419,0.7211213987395108,0.721124914346899,0.7211286721579402,0.0,0.0,0.0,0.0,0.0,0.0,0.0,0.0,0.0,0.0,0.0,0.0,0.0,0.7169459110455644,0.7169530796044913,0.7169603240715097,0.7169676271982378,0.7169749716332517,0.7169823399925519,0.7169897149300584,0.7169970792078121,0.7170044157655433,0.7170117077892846,0.7170189387787043,0.7170260926128382,0.7170331536139171,0.7170401066089884,0.7170469369890359,0.7170536307653289,0.7170601746227384,1.6837839896269804,1.6837963542912333,1.68380858897994,1.683820678743508,1.6838326094797254,1.683844367967938,1.683855941898854,1.6838673198998435,1.683878491555648,1.6838894474244148,1.683900179049009,1.6839106789635792,1.6839209406953644,1.6839309587617584,1.6839407286626877,1.6839502468683392,0.9668198611467558,0.966826314481767,0.9668327439298664,0.9668391445300492,0.9668455113434987,0.9668518394573923,0.9668581239886928,0.9668643600879215,0.9668705429428972,0.9668766677824563,0.966882729880133,0.9668887245578076,0.9668946471893205,0.9669004932040463,0.9669062580904193,0.9669119373994204,0.9669175267480107,0.966923021822519,0.9669284183819749,0.96693371226138,0.9669388993749297,0.9669439757191683,0.9669489373760793,0.9669537805161165,0.9669585014011614,0.9669630963874114,0.9669675619281932,0.0,0.0,0.0,0.0,0.0,0.0,0.0,0.0,0.0,0.0,0.0,0.0,0.0,0.0,0.0,0.0,0.0,0.0,0.0,0.0,0.0,0.0,0.0,0.0,0.0,0.0,0.0,0.0,0.0,0.0,0.0,0.0,0.0,0.0,0.0,0.0,0.0,0.0,0.0,0.0,0.0,0.0,0.0,0.0,0.0,0.0,0.0,0.0,0.0,0.0,0.0,0.7171356440793655,0.7171321907108871,1.684093966341656,1.6840854889910406,1.6840766369368305,1.684067416196294,1.6840578338894479,1.684047898233509,1.6840376185325283,1.684027005162204,1.6840160695499402,1.6840048241502164,1.6839932824153787,1.68398145876195,1.6839693685326216,1.6839570279540672,1.6839444540907789,1.6839316647951086,1.6839186786537428,1.6839055149308448,1.6838921935081215,1.6838787348220623,1.6838651597986556,1.683851489785856,1.683837746484111,1.6838239518752705,1.6838101281501703,1.6837962976352525,1.6837824827185224,1.6837687057752007,1.683754989093381,0.9667973491236792,0.9667908499944797,0.9667843543417276,0.9667778671771619,0.9667713935058991,0.9667649383225666,0.9667585066074491,0.9667521033226537,0.9667457334082721,0.9667394017785802,0.9667331133182399,0.966726872878537
0.0,0.0,0.0,0.0,0.0,0.0,0.0,0.0,0.0,0.0,0.0,0.0,0.0,0.0,0.7169446348400743,0.716942622580628,0.716940525378124,1.6836456534142856,1.6836373884176796,1.6836291018010923,1.6836207967264074,1.6836124771638117,1.683604147900608,1.6835958145454448,1.6835874835279803,1.6835791620938965,1.683570858295306,1.6835625809765775,1.6835543397556187,1.6835461450006792,1.6835380078028002,1.6835299399440085,1.6835219538613702,1.6835140626071259,1.683506279805007,1.6834986196030064,1.6834910966227548,1.6834837259057887,1.6834765228569202,1.683469503184988,1.6834626828412818,1.6834560779558831,1.6834497047722818,1.6834435795805236,1.6834377186492466,1.683432138156891,1.6834268541224464,1.6834218823360394,1.6834172382897012,1.6834129371086557,1.683408993483439,1.6834054216031973,1.6834022350904585,1.6833994469377247,1.6833970694461522,1.6833951141666588,1.6833935918437017,1.6833925123620355,1.6833918846966816,1.6833917168663746,1.6833920158907012,1.683392787751142,1.6833940373562237,1.6833957685109404,1.6833979838905955,1.6834006850192251,1.6834038722526659,1.6834075447664079,1.6834117005482623,1.6834163363959123,1.683421447919348,1.6834270295482048,1.6834330745439638,1.6834395750169695,1.6834465219482118,1.6834539052157502,1.6834617136256909,1.6834699349475626,1.6834785559539487,1.6834875624641916,1.6834969393919659,1.6835066707965254,1.6835167399373732,1.6835271293321066,1.6835378208172007,1.6835487956114203,1.6835600343815844,0.9666256062648275,0.966630144561505,0.9666348103014726,0.9666395998862445,0.9666445096217755,0.9666495357213173,0.9666546743083285,0.9666599214194653,0.9666652730076353,0.9666707249451133,1.6794649846535055,1.6794786472397096,1.679492292115417,1.6795058971980463,1.679519441006673,1.6795329027321682,1.6795462623037871,0.7128420667946653,0.7128490074603071,0.7128557354317425,0.7128622389692296,0.7128685073802811,0.7128745310556145,0.7128803014998699,0.712885811356958,0.7128910544299227,0.7128960256952408,0.7129007213114917,0.7129051386223741,0.7129092761540652,0.7129131336069406,0.7129167118417227,0.7129200128601164,0.7129230397800538,0.7129257968056792,0.7129282891922211,0.7129305232059482,0.7129325060794072,0.7129342459621772,0.712935751867385,0.7129370336142646,0.7129381017670385,0.712938967570444,0.7129396428822139,1.6303895303631886,1.6303955725349142,1.6304013855239599,1.630406978569059,1.6304123612139914,1.630417543232666,1.630422534553706,1.6304273451849127,1.630431985138008,1.630436464354037,1.630440792629814,1.630444979545791,1.6304490343957223,1.6304529661184746,1.6304567832323484,1.6304604937722278,1.6304641052299038,1.6304676244978595,1.630471057816803,1.6304744107272402,1.6304776880253196,1.6304808937231647,1.6304840310139368,1.6304871022417724,1.6304901088767711,1.630493051495165,1.630495929764773,1.6304987424358082,1.6305014873371309,1.630504161377908,1.6305067605547432,1.630509279964211,1.6305117138207468,1.6305140554798139,1.6305162974662435,1.6305184315075965,1.630520448572407,1.630522338913115,1.6305240921134687,1.6305256971401954,1.630527142398651,1.63052841579221,1.6305295047850894,1.6305303964682918,1.6305310776283584,1.6305315348185827,1.630531754432336,1.6305317227781417,1.6305314261561232,1.6305308509354532,1.6305299836324045,1.6305288109886364,1.630527320049299,1.6305254982405772,1.6305233334462979,1.6305208140831802,1.6305179291743843,1.6305146684209784,1.6305110222709318,1.6305069819853353,1.6305025397014585,1.6304976884923563,1.6304924224226958,1.6304867366005311,1.6304806272247396,1.6304740916278748,1.6304671283142125,1.630459736992787,1.6304519186052142,1.6304436753481846,1.630435010690447,1.6304259293842271,1.6304164374709655,1.6304065422813427,1.6303962524295743,1.6303855778019507,1.6303745295397052,1.630363120016213,1.6303513628086557,1.6303392726642336,1.630326865461086,1.6303141581640714,1.6303011687756135,0.7128427253072456,0.712835062823822,0.7128272430016827,0.7128192828591919,0.7128112000939746,0.7128030130129109,0.7127947404591589,0.7127864017365484,0.0,0.0,0.0,0.0,0.0,0.0,0.0,0.7169440056763742,0.7169369747933307,0.7169300663008483,0.7169232963954992,0.716916680833613,0.7169102348678289,0.7169039731859373,0.7168979098522545,0.7168920582518326,0.7168864310377633,0.716881040081806,0.7168758964285934
1.6301175374595296,1.630109698179678,1.6301018778907106,1.6300940687710415,1.6300862631257806,1.6300784534595139,1.6300706325479442,1.630062793508022,1.630054929866191,1.6300470356243986,1.6300391053235095,1.6300311341037994,1.6300231177622029,1.6300150528060064,1.630006936502701,1.629998766925729,1.6299905429958756,1.6299822645180697,1.6299739322134035,1.6299655477461883,1.6299571137458706,1.6299486338237106,1.6299401125840984,1.6299315556304241,1.6299229695654796,1.629914361986334,1.6299057414737175,1.6298971175759196,1.6298885007872852,0.7126776523550059,0.7126737050850069,0.7126696803793532,0.7126655887271138,0.7126614414749223,0.7126572507782809,0.7126530295485273,0.7126487913956853,0.7126445505675055,0.7126403218849574,0.7126361206745131,0.7126319626975305,0.712627864077087,0.7126238412226112,0.7126199107526829,0.7126160894163729,0.7126123940135075,0.7126088413142381,0.7126054479783134,0.7126022304744427,0.7125992050001451,0.7125963874024702,0.0,0.0,0.0,0.0,0.0,0.0,0.0,0.0,0.0,0.0,0.0,0.0,0.0,0.0,0.0,0.0,0.0,0.7125953131665851,0.7125984881800216,0.7126020150846853,0.7126058892262538,0.7126101047254734,0.7126146544967372,0.7126195302721896,0.7126247226312337,0.7126302210353178,0.712636013867836,0.7126420884789567,0.712648431235177,0.7126550275733659,0.7126618620590442,0.712668918448632,0.7126761797553677,0.7126836283185867,0.712691245876042,0.7126990136389172,0.7127069123691792,0.7127149224589127,0.7127230240112514,1.6299378129660327,1.6299508804527467,1.6299640895445744,1.6299774161956595,1.629990836403818,1.6300043262959143,1.6300178622121684,0.9172427091622147,0.9172482447733935,0.9172538627533466,0.9172595587686642,0.9172653284256834,0.9172711672738743,0.9172770708092727,0.9172830344779479,0.917289053679518,1.6259451227532746,1.6259583336646841,1.6259713205767778,1.625984067855847,1.6259965611410871,1.626008787377787,1.6260207348440971,1.6260323931712737,1.626043753357323,1.6260548077740156,1.6260655501672554,1.6260759756508374,1.6260860806936441,1.626095863100388,1.626105321986,1.6261144577438316,1.6261232720078582,1.626131767609076,1.6261399485263603,1.6261478198320258,1.626155387632405,1.6261626590037463,1.6261696419237746,1.6261763451992892,1.6261827783901552,0.7087395614697776,0.7087397756129561,0.7087398292926816,0.7087397386105616,0.7087395199388166,0.7087391898281844,0.7087387649153104,0.7087382618300792,0.7087376971033379,0.7087370870754911,0.708736447806393,0.7087357949870126,0.7087351438532856,0.7087345091025956,0.7087339048132907,0.7087333443676341,0.7087328403785759,0.7087324046207001,0.7087320479656912,0.7087317803226462,0.7087316105835137,0.7087315465739468,0.7087315950097943,0.708731761459465,0.7087320503123329,0.7087324647533573,0.7087330067440288,0.7087336770097519,0.7087344750337115,0.7087353990572705,0.708736446086882,0.708737611907504,0.7087388911024334,0.7087402770794716,0.7087417621033014,0.7087433373339004,0.708744992870825,0.7087467178031316,0.7087485002647029,0.7087503274947005,0.708752185902852,0.7087540611392568,0.7087559381683587,0.7087578013467343,0.7087596345043011,0.7087614210285637,0.7087631439514699,0.7087647860384537,0.7087663298792319,0.7087677579798942,0.708769052855854,0.7087701971251728,0.7087711736018255,0.708771965388422,0.7087725559679416,0.7087729292940166,0.7087730698793224,0.7087729628816327,0.7087725941871081,0.7087719504904048,0.7087710193712152,0.7087697893668328,0.7087682500403996,0.708766392044482,0.7087642071796617,0.7087616884478326,0.7087588300999471,0.7087556276779592,0.708752078050755,0.7087481794438718,0.7087439314628647,0.7087393351101855,0.7087343927954809,0.7087291083392536,0.708723486969846,0.7087175353137638,0.7087112613793599,0.7087046745339599,0.7086977854745189,0.7086906061919442,0.7086831499292505,0.7086754311337292,0.708667465403369,1.6261044604023185,1.62609021869398,0.9174334594847274,0.9174275006699018,0.917421485924228,0.917415419889277,0.9174093072461318,0.9174031527117706,1.6301749775671244,1.63016034182916,1.6301456722484706,1.6301309939995374,1.6301163323303398,1.6301017124750494,1.6300871595667419,1.6300726985505363,1.6300583540975473,1.6300441505200425,1.6300301116881974,1.630016260948823,1.6300026210464238,1.6299892140469656,1.629976061264672,1.6299631831921921,1.6299505994344636,1.629938328646528,1.6299263884756292
0.7085531599108965,0.7085518253631237,0.7085505078237098,0.7085491920124249,0.7085478628069383,0.7085465053331019,0.7085451050538977,0.7085436478565871,0.7085421201376336,0.7085405088849639,0.7085388017571661,0.7085369871592075,0.7085350543143152,0.7085329933316297,0.708530795269315,0.7085284521927812,0.708525957227745,0.7085233046078467,0.7085204897165788,0.7085175091233176,0.7085143606132677,0.7085110432111575,0.7085075571985775,0.7085039041248397,0.7085000868113249,0.7084961093492652,0.7084919770909761,0.7084876966345659,0.7084832758021989,1.6256809737783566,1.625671680237586,1.6256623982295695,1.6256531435999535,1.625643933121113,0.917180397614326,0.9171764182109945,0.9171725765765851,0.9171688756737651,0.9171653183566381,0.9171619073685473,0.9171586453399608,0.9171555347864506,0.91715257810675,0.9171497775809083,0.9171471353685398,0.9171446535071542,0.9171423339105933,0.9171401783675535,0.9171381885402123,0.9171363659629473,0.9171347120411539,1.6297270211501524,1.6297233521406653,1.6297201077620078,1.6297173025771006,1.6297149502950146,1.6297130637041954,1.6297116546091874,1.6297107337711623,1.6297103108525364,1.6297103943659468,1.629710991627849,1.6297121087169488,1.6297137504376928,1.6297159202889762,1.6297186204382608,1.629721851701192,1.6297256135268667,0.9171345908221973,0.9171362316015601,0.9171380411388672,0.9171400180386781,0.9171421607764885,0.917144467699905,0.9171469370299152,0.9171495668622602,0.9171523551688994,0.9171552997995712,0.9171583984834499,0.917161648830895,0.9171650483352904,0.9171685943749742,0.9171722842152583,0.9171761150105341,1.6256417185354946,1.6256541034346363,1.6256667970780545,1.625679774096298,1.6256930085850305,1.6257064742023886,0.7085135282243663,0.7085225323747762,0.7085315762551516,0.7085406365915815,0.7085496902554188,0.7085587143597586,0.7085676863545971,0.7085765841202055,0.7085853860582806,0.7085940711804422,0.7086026191936541,0.7086110105821651,0.7086192266855871,0.7086272497727379,0.7086350631108965,0.7086426510301598,0.0,0.0,0.0,0.0,0.0,0.0,0.0,0.0,0.0,0.0,0.0,0.0,0.8726089965410866,1.577151206793956,1.5771604579223544,1.577169351320491,1.577177890235418,1.5771860792925547,1.5771939244374407,1.5772014328713344,1.5772086129810217,1.5772154742631992,1.577222027243815,1.5772282833928086,1.5772342550346763,1.5772399552553342,1.5772453978057581,1.577250597002891,1.5772555676283293,1.5772603248253183,1.5772648839945522,1.5772692606893566,1.5772734705107354,1.5772775290028624,1.577281451549518,1.5772852532720103,1.5772889489290967,1.577292552819415,1.5772960786869037,1.577299539629725,1.5773029480131044,1.5773063153865743,1.5773096524060175,1.577312968760895,1.5773162731070642,1.5773195730054885,1.5773228748671801,1.5773261839046488,1.577329504090088,1.5773328381205478,1.5773361873902463,1.5773395519701756,1.5773429305951185,1.577346320658139,1.57734971821258,1.57735311798158,1.577356513375061,1.577359896514112,1.5773632582626522,1.5773665882662455,1.577369874997848,1.5773731058103038,1.5773762669953202,1.5773793438486372,1.5773823207410822,1.5773851811951642,1.577387907966834,1.5773904831320062,1.5773928881774397,1.5773951040955037,1.5773971114823875,1.5773988906392713,1.577400421675939,1.577401684616353,1.5774026595056427,1.5774033265179996,1.5774036660649307,1.577403658903342,1.5774032862429106,1.5774025298522119,1.5774013721630746,1.5773997963726436,1.5773977865426299,1.5773953276952697,1.5773924059054762,1.5773890083887676,1.5773851235844705,1.5773807412338177,1.5773758524525276,1.5773704497974839,1.577364527327187,1.5773580806556518,1.5773511069994688,1.5773436052177905,1.5773355758450132,1.5773270211159676,1.577317944983509,1.577308353128346,1.577298252961091,1.5772876536164537,1.5772765659396102,1.5772650024647978,1.5772529773861717,1.57724050652111,1.5772276072660483,0.872688739230805,0.8726832574146693,0.8726777032228159,0.8726720809416825,0.8726663949101893,1.581302908082634,1.5812883311083423,1.5812735497522612,1.5812585896184703,1.5812434769849486,1.581228238711447,1.5812129021446715,1.5811974950211913,1.5811820453685272,1.5811665814048776,0.7085502071643662,0.7085408976594031,0.7085316627650237,0.7085225257398856,0.7085135095281884,0.7085046366645692,0.7084959291808755,0.7084874085152402,0.7084790954238949,0.7084710098961323,0.7084631710728236,0.0,0.0,0.0,0.0
1.5769845987567592,1.5769775440173706,1.5769704903839392,1.5769634243251516,1.5769563325045406,1.5769492018823201,1.5769420198156472,1.5769347741567916,1.5769274533487097,1.5769200465175373,1.5769125435614955,1.5769049352357791,1.5768972132329666,1.5768893702585312,1.576881400101069,1.5768732976968654,1.5768650591884523,1.576856681976863,1.5768481647672805,1.5768395076078456,1.5768307119214102,0.8724771568817699,0.8724719555712565,0.8724668449121095,0.8724618288462368,0.8724569112425269,0.8724520958938728,0.8724473865142505,0.8724427867358553,0.872438300106304,0.8724339300859016,0.8724296800449789,0.8724255532612902,0.8724215529174976,1.5808720689166083,1.5808632415534258,1.5808545112185621,1.5808458975589326,1.5808374208031344,1.580829101679633,1.580820961331613,1.5808130212289049,1.5808053030774154,1.5807978287264532,1.5807906200744501,1.5807836989734771,1.580777087133037,1.5807708060235903,1.5807648767802724,1.5807593201072785,1.5807541561833447,1.5807494045688255,1.580745084114763,1.5807412128744445,0.7083665448271946,0.7083642552085433,0.7083622945445551,0.7083606765190605,0.7083594137575842,0.7083585177622503,0.7083579988516825,0.708357866106204,0.7083581273185999,0.7083587889506904,1.5807324039986435,1.5807349360666776,1.58073804611178,1.5807417340181802,1.5807459980879388,1.5807508350366652,1.580756239996009,1.580762206522927,1.5807687266156933,1.5807757907365843,1.580783387841147,1.5807915054139112,1.5808001295103988,1.5808092448052296,1.5808188346461196,1.5808288811135074,1.5808393650855588,1.580850266308229,1.580861563470073,1.5808732342814626,0.8724236208288039,0.8724276874142074,0.8724318787921971,0.8724361917302715,0.8724406229021476,0.8724451688903142,0.8724498261886713,0.8724545912052283,0.8724594602648695,1.5768103005425977,1.576825108429193,1.576839978888351,1.5768548823011215,1.5768697894771155,1.5768846717632812,1.5768995011496394,1.576914250371492,1.5769288930076382,1.576943403574131,1.5769577576131586,1.57697193177662,1.5769859039040501,1.5769996530944943,1.577013159772051,1.5770264057447645,1.577039374256611,1.5770520500323588,1.5770644193151102,1.5770764698963573,1.5770881911384476,1.5770995739893738,1.5771106109898394,1.5771212962725913,1.5771316255540682,0.7045325995773238,0.0,0.0,0.0,0.0,0.0,0.0,0.0,0.0,0.0,0.0,0.0,0.0,0.0,0.0,0.0,0.0,0.0,0.0,0.0,0.0,0.0,0.0,0.0,0.0,0.0,0.0,0.0,0.8332092088830867,0.833212834006608,0.8332163296038493,0.8332196929764693,0.8332229215281719,0.833226012766706,0.8332289643057957,0.8332317738669873,0.8332344392814075,0.8332369584914411,0.8332393295523228,0.833241550633641,0.8332436200207526,0.8332455361161086,0.8332472974404912,0.8332489026341539,0.8332503504578772,0.8332516397939259,0.8332527696469103,0.8332537391445638,0.8332545475384084,0.833255194204336,0.8332556786430976,0.8332560004806807,0.8332561594686051,0.8332561554841108,0.8332559885302548,0.8332556587359111,0.8332551663556639,0.8332545117696217,0.8332536954831123,0.8332527181262993,0.8332515804536912,1.5336955259467957,1.533697484492037,1.5336991359989223,1.5337004572113813,1.5337014252348602,1.53370201766062,1.5337022126886404,1.5337019892485013,1.5337013271176547,1.5337002070364947,1.5336986108196407,1.5336965214628857,1.533693923245277,1.5336908018258018,1.5336871443341928,1.5336829394554106,1.5336781775073436,0.7004675802047657,0.7004655636205458,0.700463092077867,0.7004601599654535,0.7004567634885431,0.7004529007013497,0.7004485715308258,0.7004437777915883,0.0,0.0,0.0,0.0,0.0,0.0,0.0,0.7045255593142942,0.7045173433369705,0.7045088324603306,0.7045000455278834,0.7044910025853532,0.7044817248004742,0.7044722343774155,0.7044625544662513,0.7044527090678874,0.7044427229349163,0.7044326214688548,0.7044224306142611,0.7044121767502338,0.7044018865798026,0.7043915870177474,1.5769822293509321,1.5769658938605875,1.5769496257226754,1.5769334562726498,0.8725765256085404,0.8725704391371552,0.8725643673449839,0.8725583149165145,0.8725522865212154,0.8725462868099397,0.8725403204113369,1.5809899890971537,1.580976811334295,1.5809639788841607,1.580951511267525
0.8330498205900919,0.8330439542717122,0.8330380887573932,0.8330322285726708,0.8330263782388962,0.833020542269745,0.8330147251677356,0.8330089314207564,0.8330031654986048,0.8329974318495391,0.8329917348968459,0.8329860790354335,0.0,0.0,0.0,0.0,0.0,0.0,0.0,0.0,0.0,0.704344623648268,0.7043407621008841,0.704336684099992,0.7043323927961238,0.7043278928353597,0.7043231903491954,0.704318292936813,0.7043132096398128,0.7043079509095413,0.7043025285671559,0.7042969557566079,0.704291246890782,0.7042854175910349,0.7042794846204207,0.7042734658109392,0.7042673799851312,0.7042612468724179,0.7042550870205802,0.7042489217027987,0.704242772820714,0.7042366628039644,0.7042306145066984,0.7042246511015504,0.7042187959715979,0.7042130726008281,0.7042075044636343,0.7042021149138887,0.7041969270741147,0.70419196372531,0.7041872471979506,0.7041827992646982,0.7041786410353347,0.7041747928544414,1.5765425373929305,1.5765387341402344,1.576535465200211,1.5765327472628345,1.576530595668694,1.5765290243327246,1.5765280456738673,0.8723703872542824,0.8723709391002944,0.872371659501622,0.7041577025226686,0.7041587613468069,0.7041602863307392,0.7041622789551354,0.7041647390170135,0.7041676646233936,0.7041710521927179,0.7041748964640342,0.7041791905139081,0.7041839257809902,0.7041890920981221,0.7041946777318355,0.704200669429062,0.7042070524708338,0.7042138107327228,0.7042209267517401,0.7042283817993694,0.7042361559604026,0.7042442282171927,0.7042525765389385,0.7042611779755619,0.7042700087557457,0.7042790443886667,0.7042882597689245,0.7042976292841904,0.7043071269250464,0.7043167263964984,0.7043264012306383,0.7043361248999027,0.0,0.0,0.0,0.0,0.0,0.0,0.0,0.0,0.0,0.700262999393504,0.7002720599439469,1.533268312173005,1.5332824960598737,1.5332964204076793,1.533310064138306,1.5333234077693993,1.5333364334731447,1.5333491251268332,1.5333614683549854,1.5333734505628616,1.5333850609612167,1.533396290582215,1.533407132286439,1.533417580761011,1.5334276325088356,1.5334372858290666,1.53344654078891,1.533455399186936,1.5334638645081,1.5334719418707343,1.5334796379657698,1.5334869609885617,1.5334939205636213,1.5335005276626958,1.5335067945166032,1.533512734521283,1.5335183621385524,1.5335236927920728,1.5335287427590754,1.5335335290583734,1.5335380693352705,1.5335423817439162,1.533546484827729,1.5335503973984905,1.5335541384147167,1.533557726859933,1.5335611816214565,1.5335645213703115,1.5335677644428785,1.533570928724866,1.5335740315382091,1.5335770895314398,1.5335801185741134,0.7003739247727008,0.7003733147834837,0.7003728473205083,0.7003725368787941,0.7003723966227607,0.700372438313153,0.7003726722412422,0.7003731071706374,0.7003737502869807,0.7003746071557968,0.7003756816886836,0.7003769761180338,0.7003784909804041,0.7003802251086124,0.7003821756326221,0.7003843379891921,0.7003867059402704,0.7003892716000276,0.7003920254704106,0.7003949564850468,0.7003980520612837,0.7004012981601169,0.7004046793537168,0.7004081789002224,0.7004117788254473,0.7004154600110939,0.7004192022890522,0.7004229845413245,0.7004267848050847,0.7004305803823657,0.7004343479538333,0.7004380636961016,0.7004417034020028,0.0,0.0,0.0,0.0,0.0,0.0,0.0,0.0,0.0,0.0,0.0,0.0,0.0,0.0,0.0,0.0,0.0,0.8332052703065803,0.8332013886347092,0.8331973862706701,0.8331932663038513,0.8331890319143792,0.8331846863706643,0.833180233026876,0.8331756753203464,1.5336095399608505,1.5335990742991035,1.5335880672751876,1.5335765319677976,1.5335644833533033,1.5335519382645049,1.5335389153408105,1.5335254349700893,1.5335115192224358,1.53349719177616,1.5334824778363285,1.533467404046235,1.5334519983922172,1.5334362901022318,1.5334203095386933,1.5334040880860458,1.5333876580335986,1.5333710524541786,1.5333543050791512,1.5333374501704073,1.5333205223898916,0.8330568236463928,0.8330509623009341,0.8330450963523935,0.8330392303267327,0.833033368749896,1.5373684070271754,1.537352774779496,1.537337335957194,1.5373221196090827,1.537307153986026,1.537292466438799,1.5372780833200896,1.5372640298910927,0.7042687731885391,0.7042610207733333,0.704253613186007
0.700239866567287,0.7002394899674973,0.7002391030458894,0.7002386842350606,0.7002382122057165,0.7002376659886415,0.7002370250948324,0.7002362696332166,0.7002353804253585,0.7002343391165714,0.7002331282828996,0.7002317315334142,1.5332106022357639,1.5332032284692638,1.5331956808265061,1.5331879522084397,1.53318003692829,1.5331719307727356,1.533163631055471,1.533155136662863,1.533146448091442,1.5331375674770324,1.5331284986153557,1.5331192469739603,1.5331098196954387,1.5331002255918416,1.5330904751303343,1.5330805804101268,1.5330705551307715,1.5330604145519584,1.533050175445001,1.533039856036208,1.5330294759424095,1.5330190560989516,1.5330086186804537,1.532998187014743,1.5329877854903373,1.5329774394579323,1.5329671751263498,1.5329570194534439,1.5329470000324805,1.5329371449745373,1.5329274827874877,0.8328503920466457,0.8328481864789539,0.8328461327191747,0.8328442323510008,0.832842486839832,0.8328408975316474,0.8328394656519675,0.8328381923049147,0.832837078472359,0.8328361250131652,0.8328353326625308,0.8328347020314197,0.8328342336060937,0.8328339277477361,0.8328337846921745,0.8328338045497009,0.8328339873049834,0.832834332817083,1.5369921241162416,1.5369924800256358,1.5369934493117636,0.8328373352272671,0.8328384880259961,0.8328398001109192,0.8328412704702607,0.8328428979701935,0.8328446813557131,0.832846619251603,0.8328487101634946,0.8328509524790143,0.8328533444690311,0.8328558842889793,0.8328585699802881,0.832861399471882,0.8328643705817774,0.8328674810187666,0.8328707283841758,0.8328741101737162,0.832877623779412,0.8328812664916061,1.532960077554028,1.5329729950225508,1.532986292653379,1.5329999398177507,1.5330139050911078,1.533028156379051,1.5330426610458887,1.5330573860451815,1.5330722980516747,1.5330873635939841,1.5331025491874317,1.5331178214663885,1.5331331473155165,1.5331484939992914,1.5331638292891867,1.5331791215879478,1.5331943400503496,1.5332094546998865,1.5332244365408507,0.8329762582717656,0.832981831410268,0.0,0.0,0.0,0.0,0.0,0.0,0.0,0.0,0.6961973315634645,0.6962030480486655,0.696208338258133,0.6962131998499169,0.6962176325550352,0.696221638160739,0.6962252204837633,0.696228385333711,0.6962311404667672,0.6962334955299785,0.6962354619963907,0.6962370530913661,0.6962382837104705,0.6962391703293292,0.6962397309059157,0.6962399847757689,1.4952027987924794,1.4952076159385943,1.4952121247905357,1.4952163451286893,1.495220297554827,1.495224003359894,1.4952274843889108,1.4952307629036987,1.495233861444107,1.4952368026884448,1.4952396093138183,1.4952423038570881,1.4952449085771335,1.4952474453191187,1.4952499353814401,1.495252399386044,1.4952548571527267,1.495257327578077,1.4952598285196586,1.4952623766860191,1.4952649875330626,1.4952676751673202,1.4952704522565985,1.495273329948457,1.4952763177969213,1.495279423697809,1.4952826538329886,1.4952860126238536,1.4952895026942628,1.4952931248431205,1.4952968780267564,1.4953007593511911,1.49530476407434,1.4953088856181436,1.4953131155905959,1.495317443817557,1.4953218583841883,1.4953263456858563,1.4953308904882197,1.4953354759962496,1.49534008393183,1.495344694619568,1.4953492870804213,1.495353839132655,1.4953583274996762,1.4953627279241912,1.4953670152881615,1.4953711637379414,1.4953751468140153,1.4953789375846935,1.4953825087830976,1.4953858329467846,1.4953888825593151,1.4953916301930779,1.4953940486526518,1.4953961111180134,1.4953977912868872,1.4953990635155188,1.495399902957185,1.4954002856977506,1.4954001888876072,1.4953995908693192,1.4953984713003508,1.495396811270276,1.4953945934118442,1.4953918020053822,1.4953884230759904,1.4953844444830366,1.4953798560014948,1.495374649394725,1.4953688184782974,1.4953623591745575,1.4953552695576144,1.495347549888538,1.4953392026405627,1.4953302325141515,1.495320646441829,1.4953104535827326,1.4952996653069024,1.4952882951693478,1.4952763588739963,1.4952638742277031,1.4952508610844801,1.4952373412802376,0.6962641509841383,0.6962549094458709,0.6962452937763903,0.6962353288373682,0.6962250409754118,0.6962144579106585,0.69620360861884,0.6961925232073801,0.0,0.0,0.0,0.0,0.0,0.7002467330209227,0.7002356257656924,0.7002245552995087,0.7002135520265257,0.7002026460835168,0.700191867211209,0.7001812446275021,0.7001708069031736,0.7001605818406686,0.7001505963565378,0.7001408763680915,0.7001314466847991,0.7001223309049464,1.5330951083626414,1.5330811152048067,1.53306755177384
1.4949974795005205,1.494992257077659,1.4949870136514245,1.4949817283240456,1.4949763804734313,1.4949709498894501,1.4949654169081281,1.4949597625430902,1.4949539686135678,1.4949480178683219,1.494941894104854,1.494935582283296,1.4949290686343821,1.4949223407609609,1.4949153877325274,1.4949082001722633,1.4949007703361668,1.4948930921838284,1.4948851614404972,1.4948769756501106,1.4948685342189858,1.4948598384499534,1.494850891566735,1.4948416987284106,1.4948322670339114,1.49482260551645,1.494812725127939,0.6960590799529034,0.6960528600769053,0.6960463558550672,0.696039582515404,0.6960325570666707,0.6960252982277056,0.696017826348073,0.6960101633203684,0.0,0.0,0.0,0.0,0.0,0.0,0.0,0.0,0.7000676502054741,0.7000606658170834,0.7000538091467126,0.700047107447563,0.7000405878521706,0.7000342772445164,0.7000282021328915,0.7000223885240896,0.7000168617995725,0.7000116465941841,0.7000067666780136,0.7000022448419723,0.6999981027876477,0.6999943610219561,0.699991038757119,0.6999881538164306,0.6999857225462965,0.6999837597349496,0.6999822785382479,0.6999812904129182,0.6999808050575658,0.6999808303617353,0.699981372363285,0.6999824352142677,0.699984021155501,0.6999861304999438,0.6999887616249715,0.6999919109735887,0.6999955730645762,0.6999997405115361,0.7000044040507422,0.7000095525776684,0.7000151731920308,0.7000212512511259,0.7000277704312142,0.7000347127966671,0.7000420588765421,0.7000497877482295,0.7000578771277686,0.7000663034664129,0.0,0.0,0.0,0.0,0.0,0.7987515706785929,0.7987559284727969,0.7987603831349861,0.7987649312293857,1.4947839684889759,1.4947995212969993,1.4948151523378386,1.4948308252181972,1.4948465039928038,1.4948621533084214,1.4948777385445227,1.4948932259499481,1.4949085827749191,1.4949237773977866,1.4949387794458981,1.4949535599100536,1.49496809125198,1.494982347504353,1.4949963043628731,1.495009939270006,1.4950232314899714,1.4950361621746575,1.4950487144201583,1.4950608733136912,0.7988752944072097,0.798880913513167,0.7988865330720697,0.7988921487480907,0.7988977562083239,0.7989033511261326,0.7989089291844877,0.7989144860792952,0.7989200175227249,0.7989255192465128,0.7989309870052622,0.7989364165797137,0.7989418037800095,0.7989471444489242,0.7989524344650739,0.7989576697461023,0.0,0.0,0.0,0.0,0.0,0.0,0.0,0.0,0.0,0.0,0.0,0.0,0.0,0.0,0.0,0.0,0.0,0.0,0.0,0.0,0.0,0.0,0.0,0.0,0.0,0.0,0.0,0.0,0.0,0.0,0.0,0.0,0.0,0.0,0.0,0.0,0.0,0.0,0.0,0.0,0.0,0.0,0.0,0.0,0.0,0.6921523126248517,0.6921582875031618,0.6921643040514497,0.6921703313668461,0.6921763378606443,0.6921822914138684,0.6921881595359406,0.6921939095256587,0.6921995086337083,0.6922049242259173,0.6922101239464464,0.6922150758801181,0.6922197487130978,0.6922241118911233,0.6922281357745196,0.6922317917892282,0.6922350525731095,0.692237892116797,0.6922402858984099,0.692242211011458,0.6922436462852979,0.6922445723975598,0.6922449719779679,0.6922448297030535,0.692244132381278,0.6922428690281441,0.6922410309309209,0.6922386117026506,0.692235607325164,0.6922320161808948,0.6922278390733102,0.6922230792358616,0.6922177423293928,0.6922118364280206,0.6922053719935289,0.6921983618384102,0.692190821077714,0.692182767069933,0.6921742193472015,1.4911243871093225,1.4911097003030194,0.7989486945869415,0.7989433682846198,0.7989379942435987,0.7989325766109678,0.7989271195673912,0.7989216273238753,1.4950973369046388,1.495080323546523,1.4950631474478158,1.495045846205287,1.495028457873875,1.4950110208169036,1.4949935735549063,1.4949761546137665,1.4949588023728935,1.49494155491414,1.494924449872173,1.4949075242869934,1.4948908144592905,1.4948743558093307,1.4948581827399994,1.4948423285046684,0.7988270341048255,0.7988216431991924,0.7988162984727827,0.7988110040485927,0.7988057640107501
0.6920113336837149,0.6920126728761422,0.6920139726811547,0.6920152039312385,0.6920163377864423,0.6920173458925539,0.6920182005369175,0.692018874801115,0.6920193427097567,0.6920195793746379,0.6920195611335402,0.6920192656829982,0.6920186722043484,0.6920177614824455,0.6920165160164512,0.6920149201221277,0.6920129600251371,0.6920106239448618,0.6920079021683355,0.6920047871139017,0.6920012733842742,0.6919973578087353,0.6919930394742428,0.6919883197452875,0.6919832022723932,0.6919776929891995,0.6919718000981365,0.7987435587605126,0.7987395008987014,0.7987355525746855,0.7987317168335287,0.7987279966334353,0.798724394843467,0.7987209142413395,0.7987175575112787,1.4947166597265849,1.4947055844497776,1.4946945233117168,1.4946835056395742,1.4946725616531698,1.494661722335752,1.4946510193001932,1.4946404846512849,1.4946301508447268,1.494620050543551,1.4946102164726192,1.494600681271934,1.494591477349429,1.4945826367339812,1.494574190929325,1.4945661707695945,1.4945586062771654,1.494551526523499,1.4945449594936622,1.4945389319551468,1.4945334693316608,1.4945285955824748,1.49452433308791,1.494520702541522,1.494517722849512,1.494515411037842,1.494513782167493,1.494512849258311,1.494512623221778,1.4945131128030489,1.4945143245325527,1.494516262687362,1.494518929262564,1.4945223239527419,1.4945264441436885,1.4945312849143817,1.4945368390492373,1.4945430970605682,1.4945500472211766,1.4945576756069023,1.4945659661489756,1.4945749006958753,1.4945844590844584,1.4945946192200115,1.4946053571648321,1.49461664723496,1.4946284621045791,1.4946407729176139,1.494653549405988,1.494666760013998,1.494680372028212,1.4946943517122735,1.494708664445994,0.6959717041894722,0.6959822185489157,0.6959928613676319,0.6960035993790187,0.0,0.0,0.0,0.0,0.0,0.0,0.0,0.6919680288144063,0.6919785039940043,0.6919887338228072,0.691998689349817,0.6920083432074551,0.6920176697287791,0.6920266450562469,0.6920352472414891,0.6920434563356327,0.6920512544697319,0.6920586259249254,0.6920655571919927,0.6920720370200322,0.692078056454025,1.462029039324402,1.4620394914531574,1.4620494636094332,1.4620589520313465,1.4620679552783362,1.4620764742036247,1.462084511915521,1.462092073727808,1.4620991670994719,1.4621058015640904,1.4621119886492617,1.4621177417864966,1.4621230762120274,1.462128008859068,1.4621325582420548,1.4621367443334794,1.462140588433938,1.4621441130360449,1.462147341682926,1.4621502988219803,1.4621530096546724,1.4621554999830995,1.4621577960541128,1.4621599244017673,1.462161911688916,1.4621637845487032,1.462165569426788,1.4621672924250801,1.462168979147743,1.4621706545502717,1.4621723427923816,1.4621740670954337,1.4621758496051294,1.4621777112601373,1.4621796716673325,1.4621817489842508,1.4621839598093458,1.4621863190806184,1.4621888399830953,1.4621915338656462,1.4621944101675468,1.4621974763551417,1.4622007378689652,1.4622041980815466,1.4622078582661437,1.4622117175765619,1.462215773038158,1.4622200195500938,1.4622244498988324,1.4622290547828205,1.4622338228482517,1.462238740735732,1.4622437931376533,1.462248962865964,1.4622542309300597,1.4622595766243895,1.4622649776253653,1.4622704100971187,1.4622758488055738,1.462281267240317,0.7701343251187793,0.7701336441429527,0.770132815356738,0.7701318393999728,0.7701307170261096,0.7701294491016325,0.7701280366053851,0.770126480627815,0.77012478237013,0.770122943143371,0.7701209643673955,0.7701188475697808,0.7701165943846437,0.7701142065513752,0.7701116859132965,1.4582465771170217,1.4582481016692397,1.4582490472428478,1.4582493881490575,1.4582491005865283,1.4582481627746549,1.4582465550777912,1.45824426011982,1.4582412628884605,1.4582375508288083,1.4582331139256373,1.458227944774011,1.4582220386378788,1.4582153934963173,1.4582080100772046,1.4581998918781125,1.4581910451743192,1.4581814790138639,0.7700417171048737,0.7700370723673126,0.7700323543623161,0.7700275667311007,0.7700227131685621,0.7700177974204254,0.7700128232803504,0.7700077945870015,1.4621485552838638,1.4621331423652104,1.4621173200549955,1.4621011228998397,1.4620845868961048,1.4620677493474346,1.4620506487162022,1.4620333244695722,1.4620158169208932,1.461998167067192,1.4619804164235108,1.4619626068548857,0.6920055133764293,0.6919930835065394,0.6919807143585338,0.6919684433586001,0.0,0.0,0.0,0.0,0.0,0.0,0.6959997909756589,0.6959900598484732,0.6959806930025971,0.6959717137661154,0.6959631437884559
0.7699382210715143,0.7699328505805654,0.7699274872452456,0.7699221352035004,0.7699167985844945,0.7699114815054285,0.769906188068362,0.7699009223570488,0.7698956884337882,0.7698904903362938,0.7698853320745758,0.7698802176278536,0.7698751509414844,0.7698701359239234,0.769865176443708,0.7698602763264785,0.7698554393520285,0.7698506692513896,0.7698459697039567,0.7698413443346527,0.7698367967111351,0.7698323303410449,0.7698279486693062,0.7698236550754688,0.7698194528711075,0.7698153452972685,0.7698113355219716,1.4617729606825238,1.461762529140173,1.4617518587375748,1.4617409692362333,1.4617298823430733,1.4617186216286924,1.46170721243586,1.4616956817786364,1.4616840582326396,1.4616723718169484,1.4616606538682166,1.4616489369076044,1.4616372545011467,1.4616256411142445,1.461614131960963,1.4616027628488735,1.4615915700201687,1.4615805899898293,1.4615698593816076,1.4615594147626303,1.4615492924774052,1.4615395284820345,0.7697521195370177,0.7697511798345749,0.7697503874142371,0.7697497428870574,0.7697492467500504,0.769748899385804,0.7697487010621862,0.769748651932141,0.769748752033567,0.76974900128929,0.7697493995071226,0.7697499463800125,0.7697506414862769,0.7697514842899289,0.7697524741410903,0.7697536102764871,0.7697548918200459,0.7697563177835598,0.7697578870674535,0.7697595984616282,0.7697614506463939,0.7697634421934854,0.7697655715671603,0.7697678371253835,0.7697702371210895,0.7697727697035283,0.769775432919691,0.7697782247158123,0.7697811429389516,0.7697841853386529,0.7697873495686751,0.7697906331888007,0.7697940336667137,1.4615828231445005,1.4615958243030702,1.461609281844085,1.4616231599565674,1.4616374216997299,1.4616520291591222,1.4616669436068361,1.4616821256650394,1.4616975354720325,1.4617131328500685,1.4617288774741215,1.4617447290408077,1.4617606474366664,1.4617765929049864,1.4617925262103988,1.4618084088004477,1.4618242029633812,0.7698718431670052,0.7698768762846957,0.7698819597406035,0.769887089613294,0.769892261945465,0.7698974727469968,0.769902717998031,0.7699079936520671,0.7699132956390853,1.4578752621486633,1.4578879067443953,1.4579000769666162,1.4579117568283837,1.4579229328978622,0.6879881638670682,0.6879929313799247,0.6879971770865992,0.68800090210732,0.6880041101415132,0.6880068074329042,0.688009002722174,0.688010707187421,0.6880119343727262,0.6880127001051942,0.688013022400885,0.6880129213601089,0.68801241905262,0.68801153939327,0.6880103080087651,0.688008752096169,0.6880069002738743,0.6880047824257801,0.6880024295394487,0.6879998735390438,0.6879971471138924,0.6879942835434999,0.6879913165199008,0.6879882799682216,0.6879852078663354,1.4339404168095067,1.4339411661447845,1.4339418826168515,1.4339425957733003,1.4339433344078947,1.4339441263954877,1.4339449985320365,1.4339459763805267,1.4339470841235553,1.4339483444233228,1.433949778289721,1.433951404957165,1.4339532417707974,1.433955304082624,1.4339576051580873,1.4339601560935749,1.433962965745235,1.4339660406694934,1.4339693850755455,1.4339730007900826,1.4339768872344238,1.4339810414141876,1.433985457921537,1.4339901289500339,1.4339950443220097,1.4340001915283456,1.4340055557804643,1.4340111200743064,1.4340168652659735,1.43402277015868,1.4340288116006148,1.4340349645932127,1.4340412024093518,1.4340474967208707,1.4340538177348279,1.4340601343378045,1.43406641424759,1.4340726241714878,1.4340787299704834,1.4340846968284722,1.434090489425731,1.434096072115773,1.4341014091047324,1.4341064646324062,1.434111203154045,1.4341155895220248,1.4341195891664933,1.434123168274112,1.434126293963991,1.4341289344599855,0.7459935165576773,0.7459907917285284,0.745987946968435,0.7459849844733475,0.7459819065300736,0.7459787155145141,0.7459754138898284,0.7459720042045264,0.7459684890905008,0.7459648712609932,0.7459611535084977,0.0,0.0,0.0,0.0,0.0,0.0,0.0,0.6881294880947945,0.6881231658914674,0.6881162410365476,0.6881087297210566,0.6881006506385475,0.6880920249076327,0.6880828759829278,0.6880732295548633,0.688063113438824,0.6880525574541702,0.6880415932937066,0.6880302543842339,0.6880185757388649,0.6880065938018005,0.6879943462863283,0.6879818720068139,0.6879692107055106,0.6879564028750013,0.0,0.0,0.7699392670303338,0.7699338956280984,0.7699285305752035,0.7699231760109334,1.4618741435099047,1.4618568577597115,1.4618398016985843,1.4618230139226762,1.4618065318911195,1.461790391777912,1.4617746283299198,1.4617592747316577,1.4617443624774855,1.4617299212517958,1.4617159788177663
1.433753032710204,1.4337503088748103,1.4337475428195545,1.433744705199523,1.4337417670316899,1.4337386998692163,1.4337354759731196,1.433732068480445,1.4337284515681108,1.4337246006115785,1.4337204923375642,1.4337161049700076,1.4337114183685664,1.4337064141589222,1.4337010758542532,0.6879407973862253,0.6879393392197087,0.6879374440207957,0.6879351003802844,0.6879322992846573,0.6879290341758268,0.6879253009987188,0.6879210982364542,0.6879164269329313,0.6879112907027022,0.6879056957280708,0.687899650743424,0.6878931670068603,0.68788625825924,0.6878789406708553,0.6878712327759665,0.687863155395521,0.6878547315484164,0.6878459863517472,0.6878369469104993,0.6878276421972416,0.6878181029223782,0.6878083613956054,0.6877984513792311,0.687788407934074,0.687778267258688,0.687768066522684,0.0,0.0,0.0,0.0,0.0,0.0,0.0,0.6917780386424188,0.6917700364217879,0.6917623491087728,0.6917550088689061,0.6917480467952379,0.6917414927606375,0.6917353752755794,0.6917297213520872,0.6917245563745017,0.6917199039776896,0.6917157859332885,0.6917122220445294,0.6917092300501548,0.6917068255378876,0.6917050218678727,0.6917038301064635,0.6917032589706733,0.691703314783559,0.6917040014407546,0.691705320388324,0.6917072706120349,0.6917098486381101,0.691713048545462,0.6917168619893469,0.6917212782363342,0.6917262842104218,0.691731864550088,0.6917380016759983,0.6917446758690535,0.691751865358407,0.6917595464190299,0.6917676934783568,0.6917762792315107,0.0,0.0,0.0,0.0,0.0,0.0,0.0,0.0,0.6877685840286958,0.6877802089149928,0.6877918957173402,0.6878036039497535,0.6878152934141213,0.6878269243830943,0.6878384577804251,1.4336111630993504,1.4336271230694135,1.4336429273906202,1.433658537619117,1.4336739167572516,1.4336890294039066,1.4337038418967096,1.4337183224454293,1.4337324412559465,1.4337461706442012,1.4337594851395865,0.7458157192973256,0.7458208346680945,0.7458259612675219,0.7458310951402742,0.7458362323253438,0.7458413688591052,0.7458465007783696,0.7458516241234481,0.7458567349412047,0.7458618292881048,0.7458669032332631,0.7458719528614736,0.7458769742762336,0.7458819636027523,0.7458869169909383,0.7458918306183757,0.7458967006932732,0.7459015234573919,0.745906295188948,0.7459110122054847,0.7459156708667175,0.7459202675773479,0.7459247987898333,0.7459292610071353,0.7459336507854125,0.7459379647366875,0.7459421995314612,0.7459463519012851,0.7459504186412841,0.7459543966126386,0.0,0.0,0.0,0.0,0.0,0.0,0.0,0.0,0.0,0.0,0.0,0.0,0.0,0.0,0.0,0.0,0.0,0.0,0.0,0.0,0.0,0.0,0.0,0.0,0.0,0.0,0.0,0.0,0.0,0.0,0.0,0.0,0.0,0.0,0.0,0.0,0.0,0.683964035470561,0.6839721504806007,0.6839802898883925,0.6839884134347542,0.6839964803621463,0.6840044496141224,0.6840122800367208,0.6840199305808006,0.684027360504351,0.6840345295737745,0.6840413982631665,0.6840479279506075,0.6840540811105175,0.6840598215011156,0.6840651143460738,0.6840699265094665,0.6840742266631593,0.6840779854458005,0.6840811756126498,0.6840837721754806,0.6840857525318866,0.6840870965833318,0.6840877868413671,0.6840878085214933,1.4300444883267822,1.4300392307904306,1.4300331861982087,1.4300263543449958,1.4300187380671958,1.430010343252418,1.43000117883483,1.4299912567762174,1.4299805920328033,1.4299692025079829,1.4299571089911771,1.4299443350830958,1.4299309071077562,1.4299168540116542,1.429902207250593,1.4298870006646736,1.4298712703420577,1.429855054472141,1.4298383931888474,0.7458707177381366,0.7458656618098483,0.7458605825228264,0.7458554837963353,0.745850369564577,0.7458452437736552,1.4337835999556763,1.4337654855993662,1.4337473491908588,1.4337292363548546,1.4337111925403319,1.4336932628321746,1.4336754917646526,1.4336579231375914,1.4336405998361326,1.4336235636549328,1.4336068551275944,1.4335905133621818,1.433574575883552,1.4335590784832595,1.4335440550777387,0.7457648779342101,0.7457601561578232
0.6838534855955984,0.683857032578898,0.6838605194063316,0.6838639085621991,0.6838671629451886,0.683870246065101,0.6838731222366625,0.6838757567694574,0.6838781161530483,0.6838801682363655,0.6838818824004695,0.683883229723835,0.6838841831393332,0.6838847175821241,0.6838848101277327,1.4296390317006118,1.4296335911778109,1.4296277199170253,1.429621408205905,1.4296146489396837,1.4296074376850867,1.429599772730834,1.4295916551244336,1.4295830886950838,1.4295740800625518,1.4295646386319394,1.4295547765743781,1.4295445087936964,1.429533852879222,1.4295228290449193,1.4295114600551615,1.4294997711374595,1.4294877898825769,1.429475546132497,1.4294630718567767,0.7456789925999331,0.745676310197623,0.7456737505021028,0.7456713154873494,0.7456690070311752,0.745666826913785,0.7456647768164001,1.4334207020149417,1.4334087102716846,1.4333969085221732,1.4333853373374619,1.4333740372622088,1.433363048629391,1.4333524113752327,1.433342164855234,1.4333323476621835,1.4333229974470354,1.4333141507435125,1.4333058427972873,1.433298107400549,1.4332909767327746,1.4332844812084518,1.433278649332498,1.4332735075640737,1.4332690801894432,1.433265389204494,1.4332624542074903,1.4332602923025672,1.4332589180144466,1.433258343214777,1.433258577060455,1.4332596259442378,1.4332614934578842,1.433264180368,1.433267684604721,1.4332720012632847,1.4332771226184975,1.4332830381520207,1.4332897345923765,1.4332971959674603,1.4333054036693422,1.433314336531032,1.433323970914863,1.4333342808120804,1.4333452379531488,1.4333568119282796,1.4333689703175883,1.4333816788302849,1.4333949014522283,1.4334086006011444,1.4334227372887756,1.4334372712891943,1.4334521613124664,1.4334673651828698,1.4334828400207815,0.7457299583987005,0.7457342197563998,0.7457385591592999,0.7457429732603287,0.745747458654752,0.7457520118827935,0.7457566294323069,0.6837781007019406,0.6837896723532195,0.6838010051751107,0.6838120613820158,0.6838228048360601,0.6838332012097386,0.6838432181395299,0.6838528253697428,0.6838619948858968,0.6838707010369856,0.6838789206460447,0.6838866331084862,0.683893820477724,0.6839004675376865,0.6839065618618676,0.6839120938586327,0.683917056802582,0.6839214468518089,0.6839252630509954,0.6839285073203341,0.6839311844303454,0.683933301962721,0.6839348702574054,0.6839359023461817,1.4100010733119408,1.4100058132224014,1.4100100320076812,1.4100137489257392,1.410016985439039,1.4100197650792419,1.410022113302023,1.410024057332738,1.410025626003745,1.410026849584169,1.4100277596029986,1.4100283886663747,1.4100287702700114,1.4100289386076663,1.4100289283766358,1.410028774581235,1.4100285123352472,1.4100281766643268,1.41002780230933,1.4100274235315682,1.4100270739209373,1.4100267862078724,1.4100265920800803,1.4100265220049284,1.4100266050584027,1.4100268687614455,1.410027338924528,1.4100280395011746,1.4100289924512133,1.4100302176143937,1.4100317325950187,1.410033552658155,1.4100356906379439,1.4100381568584537,1.4100409590674907,1.410044102383683,1.4100475892571138,1.4100514194437002,1.4100555899934633,1.4100600952527338,1.410064926880313,1.4100700738775214,1.4100755226319754,1.410081256974912,1.4100872582517812,1.4100935054057735,1.4100999750738858,1.410106641695069,1.4101134776299293,1.410120453291424,1.4101275372859061,1.4101346965638522,1.4101418965795394,1.4101491014588958,0.7261922387041523,0.7261912262477773,0.7261900804488385,0.7261888021918905,0.7261873924637376,0.7261858523526704,0.7261841830476246,0.7261823858372614,0.7261804621089711,0.7261784133478022,0.7261762411353087,0.7261739471483322,1.4061642860865295,1.4061684069844271,1.406171941706254,1.406174855710859,1.406177116509299,1.4061786938375704,1.4061795598192512,1.406179689117232,1.4061790590737795,1.4061776498382321,1.4061754444816779,1.4061724290980604,1.4061685928911671,1.4061639282470872,1.4061584307917439,1.4061520994332224,1.4061449363886513,1.4061369471954976,1.4061281407072015,1.4061185290731524,1.4061081277030945,1.4060969552161087,1.4060850333744124,0.726088237816677,0.7260836899332114,0.7260790917087004,0.7260744466916107,0.7260697584664667,0.7260650306510807,0.0,0.0,0.6839506106666439,0.6839382418271698,0.6839255813025735,0.6839126713478196,0.6838995552432001,0.6838862770984191,0.683872881652814,0.6838594140726575,0.6838459197465463,0.6838324440798368,0.6838190322891396,0.6838057291978413,0.6837925790336555,0.6837796252291592,0.0,0.0,0.0,0.0,0.0,0.0,0.0,0.6877646596411972,0.687755399595507
0.7260105143973843,0.7260056034230505,1.4058086623572226,1.4058083004887771,1.405807807282284,1.40580714590793,1.4058062804020062,1.4058051758725227,1.4058037986995737,1.4058021167294332,1.4058000994614335,1.4057977182266623,1.4057949463575978,1.405791759347817,1.4057881350009729,1.405784053568288,1.4057794978738647,1.405774453427174,1.4057689085221452,1.4057628543223588,1.4057562849318819,1.4057491974513956,1.4057415920193077,1.4057334718376238,1.405724843182447,1.40571571539901,1.4057061008812597,0.7258920410203884,0.725888644262012,0.7258853476348823,0.7258821536814802,0.7258790648650744,0.7258760835678256,0.7258732120889579,0.7258704526429783,1.4096392157759277,0.6837612592285106,0.6837508640828858,0.6837402600400184,0.6837294856126673,0.6837185805897111,0.683707585851919,0.6836965431820857,0.6836854950704352,0.6836744845162616,0.6836635548267456,0.6836527494139347,0.6836421115908687,0.6836316843678345,0.6836215102497387,0.6836116310355768,0.6836020876209721,0.6835929198047317,0.0,0.0,0.0,0.0,0.0,0.0,0.0,0.0,0.0,0.0,0.0,0.0,0.0,0.0,0.0,0.0,0.0,0.0,0.0,0.0,0.0,0.0,0.7258681090020898,0.7258707676752428,0.7258735402674231,0.725876424640419,0.7258794185697965,0.7258825197466034,1.4094805522040812,1.409493494063365,1.4095069712895798,1.4095209431942797,1.4095353675586242,1.4095502008188396,1.4095653982576182,1.409580914200507,1.4095967022163625,1.4096127153209226,1.4096289061825065,1.4096452273288733,1.4096616313542447,1.4096780711255068,1.4096944999865977,1.4097108719601088,0.7259490412431931,0.7259535935571981,0.7259581959067763,0.7259628447416375,0.7259675364755812,0.7259722674892566,0.7259770341329607,1.405788727258509,1.4058028093250767,1.4058164028187061,1.4058294792268131,1.4058420128417277,1.405853980856897,1.4058653634487444,1.4058761438437746,1.405886308370638,1.4058958464969118,1.4059047508504432,1.4059130172251686,1.4059206445714052,1.4059276349706842,1.4059339935952766,1.405939728652629,1.4059448513150108,0.6798847161958963,0.6798839282251739,0.67988261755473,0.679880809851524,0.6798785331559879,0.6798758177303101,0.6798726958959412,0.6798692018611265,0.6798653715393268,0.6798612423594321,0.6798568530686987,0.6798522435293949,0.6798474545101629,0.6798425274731145,0.6798375043577308,0.6798324273626172,0.6798273387261929,0.6798222805074011,0.679817294367505,0.6798124213540596,0.6798077016881022,0.0,0.0,0.0,0.0,0.0,0.0,0.0,0.0,0.0,0.0,0.0,0.0,0.0,0.7100320158331003,0.7100336155671229,0.7100350911355114,0.7100364413992194,0.7100376653159292,0.7100387619408521,0.7100397304274626,0.71004057002815,0.7100412800947996,1.389849012350779,1.3898553651701744,1.389862027823737,1.3898689748683055,1.3898761784225273,1.3898836082978052,1.38989123214131,1.38989901559034,1.389906922437324,1.3899149148046264,1.3899229533283495,1.3899309973502134,1.3899390051166012,1.3899469339837975,1.3899547406284238,1.3899623812620387,1.389969811848876,1.389976988325631,0.6799538321178692,0.6799622308587195,0.6799703653041889,0.6799781919526174,0.6799856682756017,0.0,0.0,0.0,0.0,0.0,0.0,0.0,0.0,0.0,0.0,0.0,0.0,0.0,0.0,0.0,0.0,0.0,0.0,0.0,0.0,0.0,0.0,0.0,0.6799841491856033,0.6799753539572554,0.6799659429778857,0.6799559460803491,0.6799453956590636,0.6799343265243954,1.4059830426392539,1.4059662533528083,1.4059490340897969,1.405931431371672,1.405913493269538,1.4058952691987376,1.405876809707136,1.405858166258143,1.4058393910094789,0.7260163891000905,0.7260114712522919,0.7260065587888674,0.7260016554999126,0.7259967651683845,0.7259918915671868,0.7259870384562577,1.4097491198059515,1.409731883948428,1.4097149997111034,1.4096985091235141,1.4096824524730327,1.409666868139782,1.40965179244071,1.4096372594835203,1.4096233010311705
1.3896632083159568,1.3896631897383367,0.7098551552557527,0.7098504612819122,0.7098457844875661,0.7098411284808064,0.0,0.0,0.0,0.0,0.0,0.0,0.0,0.0,0.0,0.0,0.0,0.0,0.0,0.0,0.0,0.0,0.0,0.0,0.0,0.0,0.0,0.6798039740156933,0.679796831970292,0.6797891580998388,0.6797809739419859,0.6797723038339879,0.679763174805824,0.6797536164599413,0.6797436608381799,0.6797333422765556,1.405587975522574,1.4055746315393298,1.4055611597806146,1.4055476038563097,1.405534008694639,1.405520420339347,1.4055068857407655,1.4054934525417735,1.405480168859698,0.7258480366799843,0.7258467614030601,0.7258456185572388,0.7258446090238369,0.7258437335813661,0.725842992904936,0.7258423875657329,0.7258419180305794,1.4094257507619385,1.409417251269272,1.4094093749109995,1.409402155323424,1.409395624065548,1.4093898104684253,1.4093847414945002,1.4093804416075981,1.4093769326542136,1.409374233756655,1.409372361218575,1.4093713284433198,1.40937114586553,1.4093718208962804,1.4093733578820697,1.4093757580778243,1.409379019634081,1.4093831375983936,1.4093881039309761,1.4093939075345043,1.409400534297944,1.4094079671542095,0.6835480771492758,0.6835544008618114,0.6835613485883217,0.683568894417924,0.6835770100538541,0.6835856649444871,0.0,0.0,0.0,0.0,0.0,0.0,0.0,0.0,0.679630393279385,0.679642884626129,0.679655472442568,0.6796681087100535,0.6796807455552748,0.6796933354729546,0.6797058315465146,0.6797181876656364,0.6797303587396734,0.6797423009058703,0.6797539717313866,0.6797653304081397,0.6797763379395241,0.6797869573181066,0.6797971536934209,0.0,0.7098427026490397,0.7098473661245611,0.7098520491677888,0.7098567481657307,0.7098614594930333,0.7098661795147725,0.7098709045892638,0.7098756310708676,0.7098803553128049,0.7098850736699689,0.7098897825017391,0.7098944781747903,0.7098991570658953,0.7099038155647243,0.709908450076628,0.7099130570254135,0.7099176328561067,0.7099221740376928,0.7099266770658438,0.7099311384656282,0.7099355547941852,0.7099399226433927,0.7099442386424902,0.7099484994606884,0.7099527018097385,0.7099568424464712,0.7099609181753037,0.7099649258507045,0.709968862379628,0.7099727247238985,0.7099765099025609,0.7099802149941817,0.7099838371391065,0.7099873735416716,0.709990821472357,0.7099941782699052,0.7099974413433708,1.389803782729746,1.3898025542221113,1.3898014916528094,1.3898006276191226,1.3897999929916356,1.3897996167434974,1.3897995257895484,1.3897997448360722,1.3898002962419587,1.389801199891918,1.3898024730824043,1.3898041304207993,1.3898061837383613,0.6797766261842564,0.6797778957656437,0.6797797036733184,0.6797820511914439,0.6797849365151737,0.6797883547519709,0.6797922979383011,0.6797967550716096,0.6798017121574419,0.0,0.0,0.0,0.0,0.0,0.0,0.0,0.0,0.0,0.0,0.0,0.0,0.0,0.0,0.6758681282461901,0.6758779426175489,0.6758876849477905,0.6758973061744933,1.385936792029636,1.385944162781894,1.3859511467799628,1.3859576982871564,1.385963772697702,1.3859693267641249,1.385974318818792,1.3859787089885274,1.3859824594012382,1.385985534383531,1.3859879006483307,1.3859895274715777,1.385990386857118,1.3859904536889744,1.3859897058702182,1.3859881244477628,1.3859856937224475,1.385982401343849,1.3859782383893418,1.3859731994270073,1.3859672825620686,1.3859604894665896,1.3859528253923052,1.3859442991664703,1.385934923170754,1.3859247133032708,1.385913688923888,1.3859018727831052,1.3858892909347937,1.3858759726332477,1.3858619502150096,1.385847258966045,1.3858319369749013,1.3858160249725437,1.3857995661596632,1.3857826060222398,1.3857651921363088,0.709898484301504,0.7098938027965758,0.7098891050311078,0.7098843946298722,0.7098796752273375,0.7098749504648608,1.3896743714765591,1.389655684057844,1.3896370234179507,1.3896184420828117,1.38959999214035,1.3895817250164826,1.3895636912544003,0.6797085438806805,0.6796957332594756,0.6796832693826641,0.67967119362529,0.6796595454878361,0.6796483624190474,0.6796376796487349,0.679627530031359,0.0
0.6757595656491124,0.6757653703723626,0.6757711067375631,0.6757767289824912,0.6757821918346033,0.6757874507455224,1.3856289589757114,1.3856290767319397,1.3856288950374263,1.3856283780265763,1.3856274916291684,1.3856262037648777,1.3856244845279595,1.3856223063611828,1.385619644218128,1.3856164757130247,1.385612781257382,1.3856085441827155,1.3856037508487384,1.3855983907364726,1.385592456525798,1.3855859441570337,1.385578852876241,1.3855711852639776,1.3855629472473843,1.385554148095484,1.3855448003977222,1.3855349200258336,1.3855245260792,1.3855136408139517,1.3855022895561513,1.385490500599467,1.385478305087819,1.3854657368835739,1.3854528324219064,1.3854396305520367,1.3854261723661132,1.3854125010165628,0.7097208106780482,0.7097187397124696,0.7097167875280016,0.709714955630137,0.7097132454316009,0.7097116582512614,0.7097101953131139,1.3893279041305462,1.3893151287355479,1.3893026427410753,1.3892904938915045,1.3892787292953743,1.3892673952053602,1.3892565368016903,1.3892461979800124,1.3892364211447834,1.389227247009122,1.3892187144021406,1.3892108600846504,1.3892037185741377,1.3891973219798635,1.3891916998488656,1.3891868790236206,1.3891828835120312,1.3891797343703858,1.3891774495998501,1.389176044056971,1.3891755293786603,1.389175913921986,1.3891772027190887,1.389179397447434,1.3891824964155428,1.389186494564288,1.3891913834837408,1.3891971514455,1.3892037834503532,1.3892112612910494,1.3892195636298883,1.3892286660907565,1.3892385413651809,1.389249159331901,1.3892604871893846,1.389272489600667,1.3892851288498216,1.389298365009319,1.3893121561174824,1.3893264583651903,1.3893412262909366,1.3893564129833136,1.3893719702899714,1.389387849032031,0.7097736059435515,0.7097774856645738,0.7097814388599236,0.7097854624803884,0.7097895534223916,0.7097937085303887,1.3854777993905305,1.3854948992745606,1.3855118408418945,1.3855285736551213,1.3855450487962697,1.3855612190802975,1.3855770392597953,1.3855924662199164,1.3856074591626222,1.3856219797793101,0.6757932897620157,0.6758020980710854,0.6758103160329528,0.6758179203767752,0.6758248909961246,0.6758312110341671,0.6758368669528472,0.6758418485857396,0.6758461491743335,0.6758497653875651,0.675852697324517,0.6758549485002874,0.6758565258150953,0.6758574395068018,0.6758577030870725,0.6758573332615224,0.6758563498342384,0.6758547755971599,0.6758526362048787,0.6758499600354791,0.6758467780381173,0.675843123568095,0.6758390322102578,0.6758345415915857,0.6758296911839129,0.6758245220977543,1.3726699359198058,1.372668134856223,1.3726660777263173,1.3726638070531023,1.37266136592595,1.3726587977658586,1.3726561460895361,1.3726534542734616,1.3726507653191065,1.3726481216204547,1.3726455647349975,1.3726431351592996,1.3726408721102792,1.3726388133132499,1.3726369947977841,1.3726354507023988,1.3726342130890246,1.3726333117681657,1.3726327741356208,1.372632625021555,1.372632886552676,1.372633578028188,1.3726347158101357,1.3726363132286723,1.3726383805027327,1.3726409246764977,1.3726439495719631,1.3726474557578596,1.372651440535082,1.372655897938699,1.3726608187565512,1.3726661905643582,1.3726719977771622,1.3726782217168758,1.3726848406956211,1.3726918301144455,1.3726991625769625,1.3727068080173734,1.3727147338422363,1.3727229050853351,1.372731284574869,1.3727398331121874,1.372748509661187,1.3727572715474632,1.3727660746662629,1.3727748736982082,1.3727836223317662,0.696924145245187,0.6969228369525712,0.6969214077180134,0.6969198586448228,0.6969181909288101,0.6969164058573647,0.6969145048084558,0.6969124892495712,0.6969103607365805,0.696908120912532,0.6969057715063836,1.3688450472251747,1.3688495014175457,1.36885325893661,1.3688562837137568,1.3688585424087814,1.3688600045871184,1.3688606428835568,1.3688604331515886,1.3688593545976766,1.3688573898997456,1.3688545253093034,1.3688507507366796,1.3688460598189383,1.3688404499701292,1.3688339224135975,1.368826482196194,1.3688181381842819,0.6719617140733928,0.6719556043325033,0.6719486994670397,0.6719410200867887,0.0,0.0,0.0,0.0,0.0,0.0,0.0,0.0,0.0,0.6758488896613015,0.6758353998369486,0.6758216256980832,0.6758076174208518,0.675793426157455,0.6757791037999142,0.6757647027404126,0.6757502756293514,0.6757358751323106,0.6757215536870771,0.6757073632619138,0.6756933551162426,0.6756795795648831,0.7098373964175159,0.7098327870223815,0.7098282084419473,0.7098236642083391,0.7098191578271348,0.7098146927746609,0.7098102724953178,0.7098059003989143,1.3894195237591864
0.6967587434831837,0.6967541879111536,0.6967496415491825,0.6967451079048524,1.3685039052463923,1.368505652509219,1.368507160701381,1.3685083873026622,1.3685092912743682,1.368509833286617,1.3685099759372403,1.368509683961177,1.3685089244293265,1.3685076669358507,1.3685058837730018,1.3685035500925773,1.3685006440531948,1.3684971469526517,1.3684930433446734,1.3684883211394843,1.3684829716876665,1.368476989846874,1.3684703740310729,0.6718007954645455,0.6717964184476976,0.6717913414941082,0.6717855747448229,0.6717791319408992,0.6717720303673089,0.6717642907793309,0.0,0.0,0.0,0.0,0.0,0.0,0.0,0.0,0.6756778508447403,0.67566596085569,0.6756538787602728,0.6756416524213728,0.67562933080134,0.6756169637314489,0.6756046016768558,0.6755922954982069,0.6755800962110496,0.6755680547442106,0.6755562216983205,0.6755446471056517,0.6755333801924299,0.6755224691447748,0.6755119608793938,0.6755019008201502,0.0,0.0,0.0,0.0,0.0,0.0,0.0,0.0,0.0,0.0,0.0,0.0,0.0,0.0,0.0,0.0,0.0,0.0,0.0,0.0,0.0,0.0,0.0,0.0,0.0,0.0,0.0,0.6755060956043843,0.6755166296679633,0.6755276443107441,0.6755390950819683,0.675550935830646,0.6755631189226088,0.6755755954645004,1.37225467980988,1.372271256769166,1.3722880493974234,1.372305003221529,1.3723220636395466,1.3723391761651231,1.3723562866708885,0.6966934668384489,0.6966975874548735,0.6967017609465482,0.6967059840940628,0.6967102536396567,0.6967145662897334,0.6967189187173968,1.368484865429078,1.368499957621538,1.3685145302821968,1.3685285459271728,1.3685419700826622,1.3685547714272337,1.3685669219185326,1.3685783969037806,1.368589175213564,1.3685992392384518,1.3686085749880958,1.3686171721325358,1.3686250240255295,1.368632127709815,1.368638483904289,1.3686440969732014,1.3686489748775312,1.3686531291087893,1.3686565746056332,1.3686593296536835,1.3686614157690875,1.3686628575664046,1.3686636826115057,1.3686639212602087,1.3686636064834845,1.368662773680099,1.3686614604776404,1.3686597065229418,1.3686575532629037,0.6718041846653283,0.6717974866197965,0.6717905904762517,0.6717835454771476,0.6717764014102804,0.6717692083541914,0.6717620164223511,0.0,0.0,0.0,0.0,0.0,0.0,0.0,0.0,0.0,0.0,0.0,0.0,0.0,0.0,0.0,0.0,0.0,0.0,0.0,0.0,0.0,0.0,0.0,0.0,0.0,0.0,0.0,0.0,0.0,0.0,0.0,0.0,0.671758518025834,0.6717676551058662,0.6717771254811001,0.6717868848962744,0.6717968872212704,0.6718070846744442,0.6718174280543929,0.6718278669790542,0.6718383501309583,0.6718488255074597,0.6718592406747222,0.671869543024225,0.6718796800305423,0.6718895995091362,0.6718992498729035,0.6719085803862297,0.6719175414152966,0.6719260846734234,0.6719341634602395,0.0,0.0,0.0,0.0,0.0,0.0,0.0,0.0,0.0,0.0,0.0,0.0,0.0,0.0,0.0,0.0,0.0,0.6968471889681739,0.6968431888563201,0.6968391292786678,0.6968350133681457,1.3687634345891575,1.3687500628410239,1.3687359521968894,1.3687211397948345,1.3687056657676493,1.368689573071531,1.3686729073013386,1.368655716493282,1.3686380509160032,1.368619962851048,1.3686015063638015,1.3685827370659711,1.3685637118707819,1.3685444887420477,0.6967687565179208,0.6967641930602246,0.6967596310932943,0.6967550741368637,0.6967505257067503,0.6967459893121409,0.6967414684528875,0.6967369666168055,1.3723985730239738,1.372380955289909,1.3723637425340531,1.3723469824585313,1.3723307207088986,1.3723150006799547,1.3722998633323824,1.372285347021099,1.3722714873361275
0.6717366709658295,0.671743483580316,0.671750228034522,0.6717568547752183,0.0,0.0,0.0,0.0,0.0,0.0,0.0,0.0,0.0,0.0,0.0,0.0,0.0,0.0,0.0,0.0,0.0,0.0,0.0,0.696662330777473,0.6966588336351304,0.6966554192594192,0.6966520902837946,0.6966488492758139,0.6966456987351655,0.6966426410917367,1.3683956160155408,1.3683838112275408,1.36837155027188,1.3683588688456079,1.368345805422195,1.3683324010816529,1.368318699327356,1.368304745890495,1.3682905885230818,1.3682762767805268,1.3682618617948359,1.3682473960395254,1.3682329330874143,1.3682185273624397,1.3682042338867197,1.3681901080240904,0.6966068558795655,0.6966057963190456,0.696604860429058,0.6966040489313472,0.6966033624517283,0.6966028015196097,0.6966023665675808,0.6966020579310831,1.3720942085297185,1.372085118719558,1.3720767290428362,1.3720690768170116,1.3720621967762778,1.3720561209047375,1.372050878282173,1.372046494943179,1.3720429937503156,1.3720403942819104,1.3720387127350326,1.3720379618441272,1.3720381508156814,1.3720392852792613,1.372041367255139,1.3720443951386798,1.3720483637015732,1.3720532641098915,1.3720590839589075,1.37206580732451,1.3720734148309655,1.3720818837347255,1.372091188023865,1.372101298532697,1.372112183071013,1.372123806567337,1.3721361312255165,0.6966430210895191,0.6966460905783608,0.6966492526632181,0.6966525049052981,0.6966558447962445,0.6966592697600746,0.6966627771551555,0.6715792337229377,0.6715927642180435,0.6716064321499747,0.671620182428019,0.6716339598929268,0.6716477095764984,0.6716613769600563,0.6716749082305452,0.6716882505330202,0.6717013522182947,0.6717141630845541,0.6717266346117391,0.6717387201875826,0.671750375324182,0.0,0.0,0.0,0.0,0.0,0.0,0.0,0.0,0.0,0.0,0.6678585887869456,0.6678624357146514,0.6678654899720927,1.3539812089605445,1.3539870943854249,1.3539921872187008,1.3539964965868303,1.3540000353680757,1.3540028201033885,1.354004870889449,1.354006211254446,1.3540068680172013,0.6861523431598997,0.686156502683758,0.6861606179881187,0.6861646858971711,0.6861687032716384,0.6861726670112016,0.6861765740568964,0.6861804213934722,0.6861842060517229,0.6861879251107803,0.686191575700368,0.6861951550030219,0.6861986602562625,0.6862020887547339,1.3579603133596743,1.3579565399906328,1.357952831238366,1.3579492323610596,1.3579457874654115,1.3579425392714866,1.3579395288848548,1.3579367955771304,1.3579343765759946,1.3579323068657252,1.3579306189992177,1.3579293429224042,1.3579285058119632,1.3579281319270806,1.357928242476003,1.3579288554980535,1.357929985761663,1.3579316446789331,1.3579338402371635,1.357936576947648,1.3579398558120435,1.357943674306446,1.3579480263832648,1.3579529024909096,1.3579582896111937,1.3579641713142778,1.3579705278308962,1.3579773361415377,1.3579845700821422,1.3579922004658085,1.358000195219956,1.3580085195382443,0.686258618020723,0.6862583498763665,0.6862579589045809,0.6862574454071997,0.6862568097806403,0.6862560525155945,0.6862551741966538,0.6862541755018526,0.6862530572021481,0.6862518201608199,0.686250465332806,1.3541116367120516,1.3541207264722186,1.354129484724794,1.3541378580563532,1.354145794034007,1.3541532414701138,1.3541601506816674,1.3541664737430787,1.3541721647310956,1.354177179960668,1.3541814782105832,1.354185020937746,1.354187772479049,1.354189700239825,1.3541907748679523,1.3541909704127186,1.3541902644676784,1.3541886382967667,1.3541860769430383,1.3541825693194873,1.3541781082814768,1.3541726906804175,1.3541663173984,1.3541589933636151,1.3541507275464486,1.3541415329362727,1.3541314264990252,1.3541204291157687,1.354108565502525,1.354095864111748,1.3540823570159306,1.3540680797738702,1.3540530712802736,1.354037373599392,1.3540210317835009,1.3540040936771134,0.6861337862038753,0.6861294452120548,0.6861250808804522,0.6861206965766752,0.686116295683694,0.0,0.0,0.6717563699204121,0.6717414911932093,0.6717265906611325,0.6717117243816734,0.6716969481633445,0.6716823173066949,0.6716678863479129,0.6716537088062631,0.6716398369365616,0.6716263214878939,0.6716132114697171,0.6716005539264931,0.6715883937219036,0.0,0.0,0.0,0.0
1.3538239155445673,1.353827168830771,1.3538303641692624,1.3538334519960897,1.3538363832870364,1.3538391098228324,1.3538415844504859,1.3538437613393932,1.3538455962310023,1.3538470466807446,1.3538480722910604,1.3538486349343317,1.3538486989646272,1.3538482314171798,1.353847202194614,1.3538455842389716,1.3538433536886822,1.3538404900196765,1.3538369761699331,1.3538327986468244,1.3538279476167139,1.3538224169763349,1.3538162044056121,1.3538093114015934,1.3538017432933716,1.353793509237842,1.3537846221963559,1.3537750988923292,1.3537649597500216,1.3537542288147626,1.35374293365501,1.3537311052467094,1.3537187778404958,1.3537059888124157,1.353692778498834,1.3536791900163965,1.3536652690678523,1.3536510637347368,0.6859574937084272,0.685955507666629,0.685953632462403,0.6859518695419108,0.6859502202647133,0.6859486859027263,0.6859472676392383,0.685945966568,1.3575141330341651,1.3575005043540167,1.3574872050949547,1.357474289402191,1.3574618104739637,1.357449820310136,1.35743836946595,1.3574275068121615,1.35741727930268,1.3574077317508557,1.3573989066154797,1.3573908437975348,1.3573835804486682,1.3573771507923262,1.3573715859583846,1.3573669138320872,1.3573631589180324,1.357360342219826,1.3573584811360142,1.357357589372791,1.3573576768738822,1.3573587497679709,1.3573608103339059,1.3573638569838729,1.3573678842645989,1.3573728828766054,1.3573788397114197,1.3573857379065557,1.357393556918038,1.357402272610095,1.3574118573616207,1.3574222801888913,1.357433506883957,1.3574455001680579,1.357458219859321,1.3574716230539594,1.3574856643200994,1.357500295903312,1.3575154679428723,1.3575311286977132,1.3575472247809905,1.3575637014021447,0.6860012688923538,0.6860048073547097,0.6860084186325495,0.686012099940399,0.6860158484387335,0.686019661236167,0.6860235353916805,1.3537166967844136,1.3537345782852215,1.353752244849205,1.353769640264924,1.353786710077742,1.3538034018321694,1.3538196653041865,1.3538354527224241,1.35385071897713,1.3538654218159085,1.353879522025296,1.3538929835972966,1.3539057738800668,1.3539178637120344,1.3539292275388066,1.3539398435123122,1.353949693571698,0.6861001747186637,0.6861046072809197,0.6861090356681596,0.0,0.0,0.0,0.0,0.0,0.0,0.0,0.0,0.0,0.6678545279704765,0.6678497508247654,0.6678444328537674,0.6678386154996802,0.6678323425324378,0.6678256598241362,0.6678186151133324,0.6678112577603854,0.6678036384950403,0.6677958091575082,0.6677878224343119,0.6677797315902025,0.6677715901974622,0.6677634518639254,0.6677553699610517,0.6677473973533764,0.6677395861306819,0.6677319873441764,0.6677246507479841,0.6677176245472093,0.6677109551537901,0.6677046869513481,0.667698862070167,0.6676935201733992,1.3451548333804686,1.345152877097218,1.3451514032061889,0.6774727594821676,0.6774747574740974,0.6774766477639689,0.6774784288926606,0.6774800994853073,0.6774816582523596,0.6774831039905835,0.6774844355839889,0.6774856520046938,0.6774867523137174,1.3451720673969931,1.3451774292836345,1.3451833373834834,1.3451897709635103,1.345196705822878,1.345204114404972,1.3452119659264554,1.3452202265227262,1.3452288594090733,1.3452378250567723,1.345247081383258,1.3452565839554698,1.3452662862053901,1.3452761396567205,1.3452860941616243,1.3452960981463598,1.3453060988646448,1.3453160426574935,1.3453258752182855,1.3453355418617599,0.6774823448475434,0.677480838511551,0.6774792197798664,0.6774774899020296,0.67747565021337,0.6774737021339725,0.677471647167579,0.6774694869004284,0.6774672230000277,0.677464857213866,0.0,0.0,0.6639835887997738,0.66398860101723,0.6639928253386361,0.6639962320953033,0.663998795262137,0.6640004925921452,0.664001305732735,0.6640012203232307,0.6640002260731167,0.6639983168206177,0.6639954905713209,0.6639917495166342,0.6639871000319931,0.6639815526548144,0.0,0.0,0.0,0.0,0.0,0.0,0.0,0.0,0.0,0.0,0.6678528235039729,0.6678391874529322,0.667825136586321,0.6678107243409095,0.6677960057724557,1.3538929188960278,1.3538733341595994,1.3538536090068476,1.3538338057602455,1.3538139870270673,1.3537942154204552,1.3537745532805894,0.6860809002795918,0.6860765035541432,0.6860721243365695,0.6860677660053843,0.686063431922944,0.6860591254328483,0.6860548498573659,0.68605060849487,1.3576231779510055,1.3576079741278306,1.3575934310965951,1.3575795862446456
0.677331211085404,0.6773268774115132,0.677322550157782,0.6773182326627989,0.6773139282575743,0.6773096402629726,0.6773053719871541,0.6773011267230181,1.341101356470455,1.3411035341554784,1.3411052661929332,1.34110651199713,0.6638268741484098,0.6638310755878367,0.6638346400895634,0.6638375356240739,0.6638397335605599,0.6638412088180308,0.6638419399989741,0.6638419095049012,0.6638411036331918,0.6638395126547565,0.6638371308721251,0.6638339566576624,0.6638299924717189,0.663825244860618,0.6638197244344797,0.6638134458249877,0.6638064276232987,0.0,0.0,0.0,0.0,0.0,0.0,0.0,0.0,0.0,0.667679130549452,0.6676664951402098,0.6676536207769529,0.6676405613101007,0.6676273718585914,0.6676141085476542,0.6676008282414672,0.6675875882719807,0.6675744461652389,0.6675614593665221,0.6675486849656496,0.6675361794237755,0.6675239983029976,0.6675121960000971,0.0,0.0,0.0,0.0,0.0,0.0,0.0,0.0,0.0,0.0,0.0,0.0,0.0,0.0,0.0,0.0,0.0,0.0,0.0,0.0,0.0,0.0,0.0,0.0,0.0,0.0,0.0,0.0,0.0,0.0,0.6675101116971888,0.6675223066844085,0.6675349682221978,0.667548044024279,0.66756148013713,0.6675752211949164,0.6675892106810954,0.6676033911954238,0.6676177047250887,0.6676320929186432,0.6676464973614239,0.6676608598511186,0.6676751226721482,0.0,0.0,0.0,0.0,0.0,0.6772833324941744,0.6772874429040687,1.341106036061854,1.341121542447095,1.3411364465681408,1.341150707626681,1.3411642882015864,1.3411771544070197,1.341189276033123,1.3412006266685963,1.341211183804595,1.3412209289194412,1.3412298475437454,1.3412379293056569,1.3412451679560113,1.341251561373292,1.3412571115483825,1.3412618245492232,1.3412657104655499,1.3412687833340156,1.3412710610440874,1.3412725652251916,1.3412733211156995,1.341273357414405,1.3412727061152594,1.3412714023261898,1.3412694840729076,1.341266992088718,1.3412639695913455,1.3412604620479276,1.3412565169293267,1.3412521834549973,1.3412475123296685,1.3412425554731642,1.3412373657446834,0.6774276414485415,0.6774311005717158,0.6774344856894122,0.6774377941889929,0.6774410235169245,0.6774441711807565,0.677447234751041,0.6774502118632136,0.6774531002194201,0.6774558975902901,0.6774586018166622,0.6774612108112485,0.6774637225602539,0.0,0.0,0.0,0.6676776784367024,0.6676752467198418,0.6676734738476987,0.6676723773726851,0.6676719711849702,0.6676722654384188,0.6676732664949657,0.6676749768876927,0.6676773953028046,0.6676805165805764,0.0,0.0,0.0,0.0,0.0,0.0,0.0,0.0,0.0,0.0,0.0,0.0,0.0,0.0,0.6638091776213666,0.6638203427829247,0.6638316381399142,0.6638430066834053,0.6638543906208431,0.6638657316593413,0.6638769712918186,0.6638880510845758,0.6638989129649168,0.6639094995074042,0.6639197542173514,0.6639296218101632,0.6639390484851555,0.6639479821925102,0.6639563728920493,0.6639641728025621,1.3414337280085125,1.3414376492124678,0.6774571671866224,0.6774544128833749,0.6774515665821459,0.6774486304798574,0.6774456068427234,0.677442498004498,0.6774393063646715,0.6774360343866177,0.6774326845956877,0.6774292595772623,0.6774257619747528,0.6774221944875611,0.67741855986899,0.67741486092412,1.3413862225499418,1.341375108430937,1.3413630968598604,1.341350217392332,1.3413365033795457,1.3413219918279466,1.3413067232413876,1.3412907414465085,1.341274093402207,1.3412568289940907,1.3412390008149377,1.3412206639322004,1.3412018756436952,1.3411826952226562,1.3411631836533802,0.6773493841257566,0.6773450599613366,0.677340728188261,0.6773363921488008,0.6773320551884727,0.677327720653456,0.6773233918880117,1.3449932343496032,1.3449740651990814,1.3449551863964713,1.3449366563826937,1.3449185319808294,1.3449008681455021,1.3448837177213329,1.344867131211604,1.3448511565582262,0.6675546881559292,0.6675441174675188,0.6675342402642955
0.6637422250553825,0.6637506059912632,0.6637589245154908,0.6637671247007924,0.6637751511910888,0.6637829494832457,0.6637904662047261,0.6637976493857729,0.0,0.0,0.0,0.0,0.6772803594422164,0.677276320226507,0.6772723264341982,0.677268381146101,0.6772644874055697,0.6772606482161602,0.6772568665393097,0.6772531452920579,0.6772494873447965,0.677245895519057,0.6772423725853368,0.6772389212609633,0.6772355442080014,0.6772322440311996,0.6772290232759851,0.6772258844265011,0.6772228299036938,1.3410185543618405,1.3410072492910372,1.340995374438491,1.3409829653777363,1.3409700609753121,1.340956703217532,1.340942937021505,1.340928810031311,1.3409143724003467,1.3408996765608658,1.3408847769818726,1.3408697299165258,1.340854593140281,1.340839425681065,1.3408242875427723,0.677187129634399,0.6771858096232374,0.6771846048457811,0.6771835162311418,0.6771825446188453,0.6771816907581875,0.6771809553076524,0.6771803388344141,1.3446806672995768,1.3446694026794273,1.3446587906286225,1.3446488785453128,1.3446397113441457,1.3446313312405827,1.3446237775476528,1.344617086486136,1.344611291009066,1.3446064206414232,1.344602501335769,1.3445995553445296,1.3445976011095326,1.3445966531693463,1.3445967220848456,1.3445978143833859,1.344599932521842,1.3446030748687052,1.344607235705316,1.344612405246246,1.3446185696787243,1.3446257112209308,1.3446338081988864,1.3446428351415785,1.3446527628938596,1.344663558746603,1.3446751865834923,1.344687607043742,1.344700777699983,1.3447146532504703,0.677219074027493,0.677222018016946,0.6772250493156867,0.6772281655857527,0.6772313644236182,0.677234643362048,0.6772379998720002,1.3408730989475868,1.340891564563683,1.3409101675936643,1.340928843947931,1.3409475297163835,1.3409661614589816,1.3409846764936721,1.341003013180341,1.3410211111993737,1.3410389118235138,1.3410563581816763,0.6637900630192906,0.663802528509068,0.0,0.0,0.0,0.0,0.0,0.0,0.0,0.0,0.0,0.0,0.0,0.6599528416586361,0.6599556878975331,0.6599576544392967,0.6599587469716232,0.6599589754222156,0.6599583538984852,0.6599569006068293,0.6599546377519075,0.659951591416415,0.0,0.0,0.0,0.0,0.0,0.0,0.0,0.6700832984024063,0.6700871115549588,0.6700908697075247,0.6700945699597795,0.6700982094560503,0.6701017853875194,1.3339096502087697,1.3339041371197133,1.3338985548780737,1.3338929572934783,1.3338873976999097,1.333881928675895,1.333876601768878,1.3338714672251322,1.3338665737265443,1.3338619681355304,1.3338576952493792,1.3338537975651765,1.3338503150565,1.3338472849629448,1.3338447415935288,1.3338427161449193,1.3338412365353896,1.333840327255296,1.3338400092348135,1.3338402997295797,1.333841212224801,1.3338427563582909,1.333844937862824,1.333847758528088,1.333851216182422,1.3338553046944401,1.3338600139945354,1.3338653301161756,1.3338712352567899,1.3338777078579585,1.3338847227045434,1.3338922510422546,1.3339002607131314,1.3339087163082572,1.3339175793369937,1.333926808411921,1.3339363594485856,1.3339461858791029,1.333956238878587,1.3339664676033007,0.6701676418180297,0.6701668974780901,0.6701660365566116,0.6701650597181763,0.6701639677168468,0.6701627613955791,0.670161441685574,0.6701600096055557,0.6701584662609826,0.6701568128431977,1.33011143986942,1.3301196959556458,1.3301273945003138,1.3301344829732158,1.3301409110100868,1.3301466306707326,1.3301515966859965,1.3301557666923274,1.3301591014527943,1.3301615650634424,1.3301631251439738,1.330163753011771,1.3301634238384303,1.3301621167879905,1.3301598151361733,1.330156506370034,1.3301521822674984,1.3301468389564124,1.3301404769527547,1.3301331011778514,1.330124720954455,1.3301153499817202,1.330105006289167,1.3300937121698546,1.3300814940930747,0.6599874200840375,0.6599773449457916,0.6599664963928062,0.6599549132907482,0.0,0.0,0.0,0.0,0.0,0.0,0.0,0.0,0.6637940192329899,0.663778357959594,0.6637625636083846,0.6637466978795048,0.6637308227640091,0.6637150002536145,0.6636992920505602,0.6636837592789848,0.6636684621992158,0.663653459926352,0.6636388101544882,0.0,0.0,0.0,0.0,0.0,0.6772811507781367,0.6772771030810801,0.6772731002035253
0.6700138915028506,1.3297908387108082,1.32979541097259,1.3297998745398991,1.32980417495374,1.3298082586287516,1.3298120731396972,1.3298155675022865,1.3298186924469417,1.3298214006841298,1.3298236471599576,1.3298253893007417,1.329826587245345,1.3298272040640993,1.329827205963245,1.3298265624738321,1.3298252466241565,1.3298232350948473,1.329820508355835,1.3298170507844893,1.3298128507643447,1.3298079007638917,1.3298021973950414,1.3297957414509445,1.329788537922973,1.3297805959967568,1.3297719290272854,1.3297625544931753,1.3297524939303278,1.3297417728452667,0.6598297338666919,0.6598205717413907,0.6598107572984294,0.6598003285905835,0.6597893269931148,0.6597777970088896,0.0,0.0,0.0,0.0,0.0,0.0,0.0,0.0,0.6636221097890446,0.6636085328062453,0.6635950529415374,0.6635817303227467,0.6635686247085192,0.6635557952013271,0.6635432999634439,0.6635311959372489,0.6635195385712268,0.6635083815529883,0.6634977765505934,0.6634877729634342,0.6634784176838759,0.6634697548708063,0.6634618257361816,0.6634546683456043,0.0,0.0,0.0,0.0,0.0,0.0,0.0,0.0,0.0,0.0,0.0,0.0,0.0,0.0,0.663454494022131,0.6634617814352881,0.6634698962200916,0.663478805784912,0.6634884740473137,0.6634988616036186,0.6635099259143432,0.6635216215046189,0.663533900178634,1.3334496940402183,1.333465931053929,1.3334826773545765,1.3334998739122208,1.3335174601568287,1.3335353742550857,0.6699218858099161,0.669925304691786,0.6699287934129137,0.6699323492823382,0.6699359695572752,0.6699396514452263,0.6699433921061363,1.3297317612195516,1.32975030206624,1.329768524090372,1.3297863683452684,1.3298037780874108,1.3298206990301615,1.3298370795852745,1.3298528710910495,1.3298680280260027,1.3298825082070214,1.3298962729710633,1.3299092873394989,1.3299215201643189,1.3299329442554888,1.329943536488864,1.3299532778941243,1.3299621537223194,0.6700173118340939,0.6700215831212656,0.6700258499737514,0.670030109099346,0.6700343572117595,0.6700385910331553,0.6700428072966776,0.6700470027489729,0.6700511741527012,1.3300031097109986,1.3300027031318948,1.3300015794674904,1.3299997755949549,1.3299973314284965,1.3299942897003278,1.3299906957281513,0.6599032987679057,0.6598949322148862,0.6598862173811746,0.6598772102736693,0.6598679681178139,0.6598585490682113,0.6598490119149466,0.6598394157870588,0.6598298198546249,0.6598202830309001,0.659810863675995,0.6598016193035176,0.6597926062916248,0.6597838795998915,0.0,0.0,0.0,0.0,0.0,0.0,0.0,0.0,0.0,0.0,0.0,0.0,0.0,0.0,0.0,0.0,0.0,0.0,0.0,0.0,0.0,0.0,0.0,0.0,0.0,0.0,0.6597807643107405,0.659790165769938,0.6598000305796752,0.659810310343053,0.659820954215629,0.6598319091532268,0.6598431201708335,0.6598545306113195,0.6598660824226977,0.6598777164425708,0.659889372688374,0.6599009906520226,0.6599125095975137,0.6599238688600435,0.6599350081451704,0.6599458678265684,0.0,0.0,0.0,0.0,0.0,0.0,0.0,0.0,0.0,0.0,0.0,0.0,0.0,0.0,0.0,0.0,0.0,0.0,0.0,0.0,0.0,0.0,0.0,0.0,0.0,0.6700809625129343,0.6700770672158414,0.670073124670414,0.6700691379191303,1.3300077479602006,1.3299907599251262,1.3299731387542395,1.3299549389074956,1.3299362174134877,1.329917033615424,1.3298974489060376,1.329877526452727,1.3298573309142427,1.3298369281502982,1.329816384925509,1.3297957686090784,0.6700147232116983,0.670010451705274,0.6700061843526736,0.6700019244463071,0.6699976752727945,0.6699934401104292,0.6699892222266468,1.333609593763435,1.333591641475825,1.3335742305907292,1.3335574137180792,1.3335412407744314,1.333525758765075,1.3335110115801407,1.3334970398057058
0.6597723212935805,0.0,0.0,0.0,0.0,0.0,0.0,0.0,0.0,0.0,0.0,0.0,0.0,0.0,0.0,0.0,0.0,0.0,0.0,0.0,0.0,0.0,0.0,0.0,0.0,0.0,0.0,0.0,0.0,0.0,0.669900686741914,0.6698978985877342,0.6698952014106512,0.6698925972908741,0.6698900882368231,0.6698876761835839,1.3296511490494156,1.32963649469724,1.3296215644089542,1.3296064145823792,1.329591103477509,1.329575690944242,1.32956023814181,1.32954480725126,1.3295294611824036,1.3295142632766397,1.3294992770071208,1.3294845656776821,1.329470192122037,0.669864989966552,0.6698642112199115,0.6698635494306294,0.6698630051090646,0.6698625786749881,0.6698622704572603,0.6698620806935743,0.6698620095302784,0.6698620570222571,0.6698622231328946,0.669862507734099,1.3333112280402846,1.3333062356755887,1.333302226168175,1.333299222824231,1.3332972449575347,1.3332963077921265,1.3332964223841113,1.333297595563018,1.3332998298929737,1.3333031236538888,1.333307470842753,1.333312861195036,1.3333192802260987,1.3333267092924213,0.6698806316502371,0.6698827212308117,0.6698849134940756,0.6698872067493128,0.6698895992279058,0.6698920890846999,0.6698946743994225,0.6698973531781647,0.6699001233549133,0.0,0.6596017194106495,0.6596160385901688,0.6596307324194848,0.6596457403428136,0.6596610005601019,0.6596764503190437,0.659692026211604,0.6597076644736183,0.6597233012860054,0.6597388730761496,0.6597543168179854,0.6597695703293219,0.0,0.0,0.0,0.0,0.0,0.0,0.0,0.0,0.6559562195278792,0.6559668343249925,0.6559766807281876,0.6559857260502158,0.6559939415711327,0.656001302666904,0.6560077889179686,0.6560133841972082,0.6560180767369106,0.6560218591743958,0.6560247285760925,1.3198003113745238,1.319805589692165,1.319809963207799,1.3198134432588882,1.3198160454187504,1.3198177893952585,1.319818698909421,1.3198188015545047,1.319818128636371,1.3198167149958682,1.3198145988141556,1.3198118214019483,1.319808426973737,1.3198044624081122,1.319799976995399,1.3197950221738457,1.3197896512557006,0.6638420084722347,0.6638456438367023,0.6638492174311831,0.6638527264977025,0.6638561683280544,0.6638595402658967,0.6638628397087961,0.6638660641102427,0.6638692109816194,0.6638722778941178,0.6638752624806223,1.323653654930904,1.323648471801749,1.3236436396054367,1.323639202857114,1.323635203442135,1.323631680396875,1.3236286697039787,1.3236262041030493,1.3236243129176941,1.3236230218997656,1.3236223530915736,1.3236223247067214,1.3236229510301531,1.323624242337911,1.3236262048369851,1.3236288406255503,1.3236321476738078,1.3236361198254971,1.32364074682011,1.3236460143356932,1.3236519040520343,1.3236583937339363,1.3236654573341977,1.3236730651157873,1.3236811837926483,1.3236897766884448,0.6639180396017637,0.6639180567821552,0.6639179563004429,0.6639177382341931,0.663917402751742,0.6639169501120619,0.6639163806645656,0.6639156948488325,0.6639148931942724,0.663913976319711,0.6639129449329186,1.3198689894225069,1.3198794231328779,1.319889583814777,1.3198994105562674,1.3199088432163184,1.319917822727548,1.3199262913944585,1.3199341931857063,1.3199414740189637,1.3199480820369645,1.3199539678733634,1.3199590849071146,1.319963389504069,1.3199668412446401,1.3199694031363558,1.3199710418102737,1.319971727700254,1.3199714352042102,1.3199701428265136,1.3199678333008413,1.3199644936928472,1.3199601154821274,1.3199546946230734,1.3199482315842732,1.3199407313662856,1.319932203497642,1.3199226620091176,1.319912125386366,1.3199006165011302,1.319888162521373,1.3198747948007343,1.3198605487478652,1.319845463676251,1.3198295826352602,1.319812952223232,1.3197956223835101,1.319777646184407,1.3197590795841694,0.6637999807547016,0.6637958415244841,0.6637916789565405,0.663787496262823,0.6637832966707681,0.6637790834208053,0.663774859763859,0.0,0.6597604236599928,0.6597441356757923,0.6597279731449631,0.6597119995255062,0.6596962773715035,0.659680868040439,0.6596658314064017,0.659651225580556,0.6596371066402221,0.6596235283678622,0.6596105420012319,0.0,0.0,0.0,0.0
1.3195871765946887,1.3195921672460496,1.3195971064715915,1.31960193740497,1.3196066037771725,1.3196110502161065,1.3196152225418105,1.3196190680558355,1.3196225358233566,1.3196255769466125,1.31962814482831,1.319630195423688,1.319631687479978,1.3196325827620554,1.3196328462631695,1.3196324463996858,1.319631355188853,1.3196295484087202,1.3196270057393704,1.3196237108847875,1.3196196516746999,1.3196148201459057,1.319609212602665,1.319602829655811,1.319595676240409,1.3195877616118372,1.3195790993202974,1.3195697071638706,1.319559607120338,1.3195488252580763,1.319537391626474,1.3195253401263847,1.3195127083612401,1.3194995374695706,1.3194858719397082,1.3194717594076244,1.3194572504388322,1.3194423982954766,1.3194272586896938,1.3194118895244775,0.6636289272298537,0.66362710127498,0.6636253821514804,0.6636237711851389,0.6636222696183268,0.6636208786090374,0.6636195992299992,0.6636184324678497,0.6636173792223717,1.3232076687439152,1.3231941107471417,1.3231810719615837,1.3231686104237463,1.323156782251122,1.3231456413728535,1.3231352392704245,1.3231256247296086,1.3231168436048788,1.3231089385974026,1.3231019490477087,1.3230959107440032,1.3230908557470709,1.3230868122326003,1.3230838043516928,1.3230818521102146,1.3230809712676006,1.3230811732555687,1.3230824651171549,1.3230848494663632,1.323088324468626,1.3230928838421723,1.3230985168803122,1.3231052084945225,1.323112939278149,1.3231216855904173,1.3231314196603647,1.3231421097101954,1.323153720097483,1.3231662114755482,1.3231795409712412,1.3231936623792993,1.3232085263723397,1.3232240807255091,1.3232402705547002,0.6636553191565484,0.6636582867334211,0.6636613370901583,0.6636644678740635,0.6636676766703868,0.6636709610041811,0.6636743183422081,0.663677746094895,1.3194666763487621,1.3194863324005501,1.3195059133514297,1.3195253523213886,1.31954458355957,1.3195635427426247,1.3195821672658683,1.319600396525826,1.3196181721927922,1.3196354384720985,1.3196521423528076,1.3196682338426418,0.6637274466601071,0.6637315617529345,0.6637357031031276,0.6637398675157453,0.663744051778008,0.6637482526617786,0.6637524669260519,0.6637566913194527,0.6637609225827473,0.6637651574513549,0.6637693926578683,0.0,0.0,0.0,0.0,0.0,0.0,0.0,0.0,0.0,0.0,0.0,0.0,0.0,0.0,0.0,0.0,0.0,0.6559419106722882,0.6559322382084334,0.6559223797364864,0.6559123959294382,0.6559023478120124,0.6558922964537189,0.6558823026619773,0.6558724266768095,0.6558627278686037,0.6558532644404134,0.6558440931362557,0.6558352689568141,0.6558268448839476,0.6558188716153266,0.6558113973105018,0.6558044673496201,0.6557981241059746,0.6557924067334767,0.6557873509700833,1.3142021433900095,1.3142005805893222,1.3141996615637987,1.3141994052485941,1.3141998265302612,1.3142009361639924,1.3142027407115484,1.3142052425001989,1.3142084396028626,1.314212325839555,1.3142168908001468,1.3142221198883224,1.3142279943865418,1.3142344915416855,1.3142415846709925,1.3142492432877741,1.314257433246306,1.3142661169052123,1.3142752533085482,1.3142847983837225,1.3142947051552911,1.3143049239736229,1.3143154027572996,1.3143260872481064,1.3143369212773717,1.314347847042359,1.3143588053913922,1.3143697361162974,1.3143805782507827,0.6584340807808085,0.6584328696748468,0.6584315467399494,0.6584301129973229,0.6584285695537027,0.6584269176005028,0.6584251584128885,0.6584232933487943,0.6584213238478747,0.6584192514303893,0.0,0.6521440849282579,0.6521507991730296,0.6521567431204346,0.652161877185716,0.6521661654032187,0.6521695756106636,0.6521720796151118,0.6521736533397675,0.652174276950896,0.6521739349642197,0.6521726163302588,0.652170314498188,0.652167027457884,0.6521627577599486,0.6521575125136019,0.6521513033624455,0.6521441464382142,0.0,0.0,0.0,0.0,0.0,0.0,0.0,0.0,0.0,0.0,0.655940000427383,0.6559245704324518,0.6559087560375242,0.6558926189395557,0.6558762223518895,0.655859630707777,0.6558429093580648,1.3195967532233666,1.3195757359604585,1.3195547868541866,1.3195339751056927,0.6637536995746793,0.6637494820161441,0.6637452768896492,0.6637410874394852,0.6637369168978074,0.6637327684821334,0.6637286453928714,0.6637245508108446,1.3233186838907274,1.323302995580368,1.3232880732221561,1.3232739587184765
0.658289529654753,0.6582853096286937,0.6582810916516524,0.6582768789779861,0.6582726748579129,0.6582684825350078,0.6582643052436965,0.6582601462067652,0.6582560086328678,1.3102199446921936,1.3102226522629494,1.3102248346793481,0.651986713306468,0.6519917049040806,0.6519960141250405,0.6519996056536657,0.6520024478772365,0.6520045130514155,0.6520057774465954,0.6520062214744665,0.6520058297941507,0.6520045913973779,0.6520024996722803,0.6519995524454665,0.6519957520021816,0.6519911050844193,0.6519856228670182,0.6519793209118279,0.6519722191001874,0.0,0.0,0.0,0.0,0.0,0.0,0.0,0.0,0.0,0.0,0.0,0.6557674233934607,0.6557536021749041,0.6557396286677384,0.6557255654165624,0.6557114758030502,0.6556974237409687,0.6556834733683782,0.6556696887385194,0.6556561335108843,0.6556428706439752,0.6556299620912375,0.6556174685016541,0.6556054489264334,0.0,0.0,0.0,0.0,0.0,0.0,0.0,0.0,0.0,0.0,0.0,0.0,0.0,0.0,0.0,0.0,0.0,0.0,0.0,0.0,0.0,0.0,0.0,0.0,0.0,0.0,0.0,0.6556051644740833,0.6556179003477979,0.6556312482264994,0.6556451536455654,0.6556595597342667,0.6556744074838273,0.6556896360257264,0.6557051829188916,0.6557209844444112,0.6557369759063331,0.6557530919371147,0.6557692668062257,0.0,0.0,0.0,0.0,0.0,0.0,0.0,0.6519729820722079,0.6519871742616918,0.6520008010119602,0.6520138113448027,1.3102705162459092,1.310286212397871,1.3103011892441803,1.310315406359776,1.3103288271950326,1.3103414192291942,1.3103531541040265,1.3103640077370127,1.3103739604135836,1.3103829968579266,1.3103911062820446,1.3103982824128404,1.3104045234971222,1.3104098322845104,1.3104142159883518,1.310417686224873,1.3104202589308587,1.3104219542603253,1.310422796460676,1.3104228137290068,1.3104220380492688,1.3104205050111277,1.3104182536114157,1.310415326039196,1.3104117674455007,1.3104076256989086,1.310402951128174,1.3103977962531985,1.3103922155056869,1.3103862649408637,1.3103800019417062,1.310373484917125,1.3103667729956245,1.3103599257159273,1.3103530027161043,0.6583836255133265,0.6583868666499895,0.6583900314662708,0.6583931175195169,0.6583961224278401,0.6583990438719591,0.6584018795969899,0.6584046274141875,0.6584072852026386,0.6584098509109003,0.6584123225585848,0.6584146982378913,0.658416976115076,0.0,0.0,0.0,0.0,0.0,0.0,0.0,0.0,0.0,0.0,0.0,0.0,0.0,0.0,0.0,0.0,0.0,0.0,0.0,0.0,0.0,0.0,0.0,0.0,0.6519745545293129,0.6519861967415157,0.6519979898724283,0.652009872061836,0.6520217805860944,0.6520336521672911,0.6520454232855292,0.6520570304927978,0.6520684107269107,0.6520795016239617,0.6520902418277842,0.6521005712948874,0.6521104315933723,0.6521197661943672,0.6521285207545352,1.3105537210843026,0.6584148043226772,0.6584124330651199,0.6584099657536812,0.6584074042928112,0.6584047506596191,0.658402006902338,0.6583991751387464,0.658396257554531,0.6583932564015965,0.6583901739963294,0.6583870127178022,0.6583837750059393,0.6583804633596325,0.6583770803348071,0.6583736285424509,0.6583701106465946,0.6583665293622557,1.3104989497460682,1.3104862635388979,1.3104726491366396,1.3104581426283697,1.3104427840814374,1.310426617369211,1.3104096899805118,1.3103920528116608,1.3103737599421557,1.3103548683950486,1.3103354378832082,1.3103155305426801,1.3102952106544477,0.6583113587334711,0.6583071803860268,0.6583029872125998,0.6582987824486473,0.6582945693385241,0.6582903511329797,0.658286131086647,0.6582819124555356,1.3140373682044642,1.3140170474593216,1.3139970653913917,1.3139774868368752,1.3139583748009496,1.3139397901763288,1.3139217914720591,1.3139044345538267,1.3138877723970017,0.6556313385873422,0.6556202024490334,0.6556098607172427
0.6518905697360216,0.6518999445621384,0.6519092676674088,0.6519184777709593,0.6519275142028297,0.6519363172119411,0.6519448282696012,0.651952990367063,0.6519607483056672,0.0,0.0,0.0,0.6582397365080552,0.65823575371223,0.6582318111971067,0.6582279120040072,0.6582240591407917,0.6582202555795453,0.6582165042542816,0.658212808058685,0.6582091698438771,0.6582055924162205,0.6582020785351567,0.6581986309110762,0.6581952522032334,0.6581919450176953,0.6581887119053321,0.6581855553598538,0.6581824778158879,1.3101438231911247,1.310132285640396,1.310120118733413,1.3101073607139395,1.3100940534292849,1.3100802421414723,1.3100659753211832,1.3100513044254858,1.310036283660442,1.3100209697297267,1.3100054215705166,1.3099897000779213,1.3099738678192872,1.3099579887398094,1.3099421278608363,0.6581457118127295,0.6581442842333044,0.6581429674851761,0.6581417625837916,0.6581406704583398,0.6581396919510369,0.6581388278164755,0.6581380787210462,0.6581374452424217,1.3137308884023424,1.3137195853293528,1.3137090378391543,1.3136992960487501,1.3136904070603515,1.313682414732857,1.313675359468425,1.3136692780151673,1.3136642032869108,1.3136601642009105,1.3136571855342676,1.3136552877997683,1.3136544871417324,1.313654795252364,1.3136562193090329,1.3136587619327678,1.3136624211681824,1.313667190484924,1.3136730588006533,1.3136800105254507,1.3136880256274357,1.3136970797193004,1.3137071441653578,1.3137181862085823,1.3137301691170606,1.3137430523491442,1.3137567917365471,0.658166175210396,0.6581687450401121,0.6581714068364006,0.6581741585463476,0.6581769980476765,0.6581799231503782,0.6581829315984037,0.6581860210713958,1.309985657366946,1.3100053211791665,1.3100251830992289,1.310045173469606,1.3100652225259413,1.3100852607156313,1.3101052190150906,1.3101250292441668,1.3101446243761892,1.3101639388421424,1.3101829088275134,0.6582284904881428,0.658232396327459,0.6582363450372734,0.6582403335714888,0.0,0.0,0.0,0.0,0.0,0.0,0.0,0.6481871697572471,0.6481930769443336,0.6481980492218207,0.648202078901537,0.6482051628570138,0.6482073025260642,0.6482085038910688,0.6482087774370687,0.648208138087886,0.6482066051205849,0.6482042020587311,0.6482009565449625,0.6481969001935232,0.6481920684234984,0.6481865002735853,0.0,0.0,0.0,0.0,0.0,0.0,0.0,0.0,0.0,0.6534376362603415,0.653441173678127,0.6534446458507284,0.6534480500983931,1.3054138217031714,1.3054069444555494,1.3054001685776941,1.3053935510044035,1.3053871472458711,1.3053810110996764,1.305375194371687,1.3053697466072511,1.3053647148339826,1.3053601433174016,1.305356073330609,1.3053525429391244,1.3053495868019416,1.3053472359897498,1.3053455178212228,1.3053444557181675,1.3053440690802258,1.3053443731797598,1.3053453790774139,1.3053470935587774,1.305349519092457,1.3053526538097677,1.3053564915061373,1.3053610216642357,1.3053662294987214,1.3053720960223878,1.3053785981333985,1.305385708723219,1.3053933968046842,1.3054016276596418,1.3054103630054348,1.3054195611794221,1.3054291773406799,1.3054391636878728,1.3054494696922918,1.305460042344896,1.3054708264161883,0.6535072101983532,0.6535066016920047,0.6535058774388133,0.6535050379978531,0.6535040840171179,0.6535030162330169,0.6535018354698052,0.6535005426389505,0.6534991387384241,0.6534976248519316,1.3016820560273255,1.3016906293060968,1.3016986213990158,1.3017059767732153,1.301712642183309,1.3017185669448386,1.3017237031959144,1.3017280061457153,1.3017314343086412,1.3017339497229374,1.3017355181526977,1.3017361092722473,1.301735696831971,1.30173425880476,1.3017317775123334,1.3017282397307985,1.3017236367749132,1.3017179645606132,1.3017112236454889,1.3017034192469814,1.3016945612382058,1.301684664121397,1.3016737469790995,0.6482293214222143,0.6482201232607394,0.6482100447044706,0.6481991193480859,0.648187384759553,0.0,0.0,0.0,0.0,0.0,0.0,0.0,0.0,0.6519631856224601,0.6519464189576136,0.6519294573557973,0.6519123674759717,0.651895216596632,0.6518780723002224,0.6518610021561619,0.6518440734040245,0.6518273526383902,0.6518109054969116,0.6517947963530806,0.0,0.0,0.0,0.0,0.0,0.0,0.6582405162662732,0.6582365259853051,0.6582325753892899
0.6533593165902017,0.6533550973402842,0.6533508792670353,0.6533466656249012,1.3013587895430363,1.3013633871200998,1.301367706973593,1.3013716948694036,1.3013752983843525,1.301378467187521,1.3013811533112567,1.3013833114105244,1.3013848990092889,1.3013858767327,1.301386208523931,1.3013858618445604,1.3013848078575134,1.3013830215916187,1.3013804820869697,1.301377172520334,1.3013730803099919,1.3013681971994537,1.301362519319632,1.3013560472291426,1.301348785932518,1.3013407448762222,0.6480736922883833,0.648067314382867,0.6480601329960299,0.6480521724711306,0.6480434613068423,0.6480340320258221,0.6480239210233398,0.6480131683967185,0.0,0.0,0.0,0.0,0.0,0.0,0.0,0.0,0.0,0.0,0.6517806391596394,0.6517664400879395,0.6517523468113319,0.6517384245297311,0.6517247380399829,0.6517113514227402,0.6516983277325676,0.6516857286928077,0.6516736143966548,0.6516620430159189,0.6516510705188542,0.6516407503984403,0.6516311334124101,0.6516222673362907,0.0,0.0,0.0,0.0,0.0,0.0,0.0,0.0,0.0,0.0,0.0,0.0,0.0,0.0,0.0,0.0,0.0,0.6516228636857524,0.6516321399899152,0.6516422710691417,0.6516532172026508,0.6516649350516907,0.6516773778622493,0.6516904956841287,0.6517042356053312,0.651718542000648,0.6517333567932371,0.6517486197279636,0.651764268655168,0.6517802398235073,0.0,0.0,0.6532635292761494,0.6532668989929267,0.6532703379255601,0.6532738434215178,0.6532774127768953,0.6532810432385007,1.301305584716916,1.3013251546891345,1.301344376458748,1.3013631876292409,1.3013815281460497,1.3013993405654247,1.3014165703103593,1.3014331659123588,1.3014490792378526,1.3014642656981827,1.3014786844421193,1.3014922985299977,1.301505075088622,1.3015169854461817,0.6533408354893083,0.6533450375980977,0.653349248644999,0.6533534653810699,0.6533576845529344,0.6533619029052898,0.6533661171834176,0.6533703241356994,0.6533745205161203,0.6533787030867764,0.6533828686203745,0.6533870139027205,0.6533911357352024,0.6533952309372559,0.6533992963488245,1.301583567032106,1.3015806531311571,1.3015771004514227,1.3015729572686716,1.301568274342878,1.301563104646741,1.3015575030838107,1.3015515261975783,1.3015452318730174,0.6481010427716853,0.6480907536461696,0.6480803909643925,0.6480700175733103,0.648059696055732,0.6480494884162004,0.6480394557700342,0.6480296580370393,0.6480201536413782,0.6480109992190803,0.0,0.0,0.0,0.0,0.0,0.0,0.0,0.0,0.0,0.0,0.0,0.0,0.0,0.0,0.0,0.0,0.0,0.0,0.0,0.0,0.0,0.0,0.0,0.0,0.0,0.0,0.6480165007176347,0.6480265157257276,0.6480369688290141,0.6480478064943053,0.648058972858551,0.6480704100028561,0.6480820582369204,0.6480938563925226,0.6481057421246178,0.648117652218603,0.6481295229022312,0.6481412901606837,0.648152890053238,0.6481642590300073,0.6481753342471821,0.0,0.0,0.0,0.0,0.0,0.0,0.0,0.0,0.0,0.0,0.0,0.0,0.0,0.0,0.0,0.0,0.0,0.0,0.0,0.0,0.0,0.0,0.0,0.6534325119811075,0.6534288281422524,0.6534250885856839,0.6534212961973717,0.6534174539040206,1.3015884469793098,1.301571288475233,1.301553414571763,1.3015348799007356,1.3015157420635357,1.301496061374988,1.3014759005942256,1.301455324643861,1.3014344003188039,1.3014131959861515,1.30139178127759,0.6533685646264256,0.6533643542039859,0.6533601378159336,0.6533559187155176,0.6533517001580332,0.6533474853983103,0.653343277688203,0.6533390802740783,1.3051139844095037,1.3050945707097366,1.3050756975495141,1.3050574245181528,1.3050398085079549,1.305022903462524,1.3050067601392863,1.3049914258873097,1.3049769444415036
0.6479794370226206,0.6479887964892487,0.6479981061933187,0.6480073043722969,0.0,0.0,0.0,0.0,0.0,0.0,0.0,0.0,0.0,0.0,0.0,0.0,0.0,0.0,0.0,0.0,0.0,0.0,0.0,0.0,0.0,0.0,0.653258245634105,0.6532550689182003,0.6532519705431103,0.6532489528985654,0.6532460183120071,0.6532431690467928,0.6532404073004501,0.6532377352029886,1.301236972571665,1.3012225841470002,1.3012077902447843,1.3011926455562652,1.3011772072912056,1.3011615349113654,1.3011456898524283,1.301129735235722,1.3011137355711564,1.301097756452794,1.3010818642485744,1.3010661257856782,1.3010506080330568,0.6532107580440862,0.6532096358238461,0.6532086269836844,0.6532077323015778,0.6532069524674671,0.6532062880827214,0.6532057396596804,0.6532053076212565,0.6532049923006089,0.6532047939408914,0.6532047126950591,1.304818945356395,1.3048118644288598,1.304805774625331,1.3048007094149001,1.304796698193793,1.3047937661390754,1.3047919340821452,1.3047912184026251,1.304791630943149,1.3047931789454834,1.3047958650082676,1.3047996870665983,1.3048046383935543,1.3048107076236628,1.304817878798202,1.304826131432137,1.3048354406023566,0.6532229133710812,0.65322496735424,0.6532271228936942,0.6532293783270587,0.6532317319148958,0.6532341818420553,0.6532367262190724,0.6532393630836247,0.6532420904020422,0.6532449060708727,1.3010866389820452,1.3011055481749503,1.3011248644111983,1.3011445195789628,1.3011644445014554,0.6479210399770071,0.6479379244864247,0.6479547987918807,0.6479715952969487,0.6479882469904245,0.6480046877615758,0.0,0.0,0.0,0.0,0.0,0.0,0.0,0.0,0.0,0.6442533130484397,0.644263762256597,0.644273382874575,0.6442821451348086,0.6442900234831181,0.6442969966905098,0.6443030479438115,0.6443081649147115,0.6443123398068645,0.6443155693808412,0.644317854956806,0.6443192023949248,0.6443196220535986,0.6443191287257549,0.6443177415535044,0.6443154839216092,0.6443123833302932,1.2931466514424312,1.2931460690775514,1.2931447199955959,1.2931426433523074,1.2931398815238868,1.293136479875005,1.2931324865125293,1.2931279520262056,1.2931229292175745,0.6488738150518882,0.648877545698847,0.6488812197525107,0.6488848343774168,0.6488883867839326,0.6488918742304075,0.648895294025294,0.6488986435292231,0.6489019201570461,0.6489051213798307,0.6489082447268146,0.6489112877873142,0.6489142482125889,1.2969193730522397,1.2969138682907775,1.2969087806090147,1.2969041546834537,1.2969000321729491,1.2968964515015884,1.2968934476579193,1.2968910520115253,1.296889292147811,1.296888191721826,1.2968877703318182,1.2968880434131473,1.2968890221530682,1.2968907134267997,1.296893119755195,1.2968962392842331,1.2969000657864063,1.2969045886840393,1.2969097930944171,1.2969156598964982,1.2969221658189196,1.2969292835488684,1.2969369818612886,1.296945225767824,1.2969539766847789,1.2969631926192808,0.6489563276551372,0.6489563200350965,0.6489561950192381,0.6489559527040548,0.6489555932765927,0.6489551170143019,0.6489545242848228,0.6489538155457043,0.6489529913440478,0.6489520523160849,0.6489509991866858,1.293205404871359,1.293215640772467,1.2932255309432539,1.2932350137429365,1.2932440286358498,1.2932525164978044,1.2932604199163276,1.2932676834832786,1.2932742540784097,1.2932800811424654,1.2932851169384705,1.2932893167998987,1.293292639364502,1.2932950467926307,1.2932965049689442,1.2932969836865256,1.2932964568124499,1.293294902433995,1.2932923029847543,1.2932886453499943,1.293283920950748,1.293278125806193,1.2932712605739896,1.2932633305683838,1.2932543457559391,1.2932443207289253,1.2932332746564725,1.29322123121371,1.2932082184892346,1.2931942688713378,1.293179418913551,1.293163709180139,1.293147184072307,1.2931298916359533,1.2931118833518873,0.648849883489872,0.6488458350530713,0.6488417544940172,0.6488376449615265,0.0,0.0,0.0,0.0,0.6480016621493768,0.6479842494924045,0.6479668457509219,0.6479495191886516,0.6479323377344705,0.6479153686643426,0.6478986782864976,0.6478823316313586,0.6478663921477237,0.6478509214066622,0.0,0.0,0.0,0.0,0.0,0.0,0.0
1.2928956846012298,1.292900658189195,1.2929055835836227,1.292910402467823,1.2929150571351584,1.2929194907967898,1.292923647884943,1.2929274743501837,1.2929309179512254,1.2929339285358452,1.292936458311475,1.2929384621041622,1.2929398976045667,1.2929407255997902,1.292940910189867,1.292940418987821,1.2929392233023038,1.2929372983018728,1.2929346231600864,1.2929311811806912,1.2929269599022377,1.2929219511816221,1.2929161512561003,1.292909560783451,1.2929021848600926,1.2928940330170189,1.292885119193583,1.2928754616892288,1.2928650830934063,1.292854010193981,1.2928422738646117,1.2928299089316084,1.2928169540209242,1.2928034513860476,1.2927894467175851,1.2927749889355216,1.2927601299651188,0.6486756811655465,0.6486734687588085,0.6486713571999031,0.6486693481172708,0.6486674430603082,0.6486656434981797,0.6486639508186813,0.0,0.0,0.0,0.647824619738609,0.647810865507283,0.6477974171790863,0.6477843383350076,0.6477716912101582,0.6477595363921861,0.6477479325274405,0.6477369360362945,0.6477266008390089,0.6477169780934657,0.6477081159460167,0.6477000592966713,0.6476928495797354,0.64768652456097,0.6476811181522341,0.6476766602445131,0.6476731765601302,0.647670688524849,0.6476692131604914,0.6476687629985801,0.6476693460154196,0.6476709655889438,0.6476736204775233,0.6476773048208521,0.6476820081628984,1.2963522040427704,1.296360623401657,1.296370109815264,1.2963806336954642,1.2963921612159446,1.2964046544629126,1.296418071605047,1.2964323670818996,1.2964474918098237,1.2964633934044918,1.2964800164189239,1.296497302595887,1.2965151911334807,0.6486947878990985,0.6486977665670909,0.648700827343026,0.6487039678661999,0.6487071857143742,0.6487104784056449,0.648713843400355,0.648717278103049,1.2927999304257094,1.2928202697023923,1.2928404614205595,1.292860437847634,1.2928801327188078,1.2928994815364043,1.2929184218603735,1.2929368935885521,1.2929548392253123,1.2929722041372926,1.2929889367949934,1.2930049889990258,0.6487670030415252,0.6487711148841493,0.6487752522561392,0.648779411965634,0.6487835908034967,0.6487877855457859,0.6487919929562447,0.6487962097887945,0.6488004327900413,0.6488046587017847,0.6488088842635312,0.6488131062150098,0.6488173212986866,0.6488215262622824,0.6488257178612756,0.6488298928614131,0.6488340480412021,0.0,0.0,0.0,0.0,0.0,0.0,0.0,0.0,0.0,0.6442436577666109,0.6442340935018256,0.6442242663250681,0.6442142378229448,0.6442040702651888,0.6441938262907503,0.644183568592415,0.644173359601487,0.6441632611740925,0.6441533342806331,0.6441436386998969,0.6441342327193288,0.6441251728429211,0.6441165135081375,0.6441083068132456,0.6441006022563968,0.6440934464876963,0.6440868830754833,0.6440809522879442,0.0,0.0,0.0,0.0,0.0,0.0,0.0,0.0,0.0,0.0,0.0,0.0,0.0,0.6440776587116687,0.6440833496623087,0.6440897629220558,0.6440968678390339,0.6441046299160815,0.6441130109781694,0.6441219693580701,0.644131460099401,0.6441414351760476,0.6441518437269238,0.6441626323049258,0.6441737451388889,0.644185124407274,0.6441967105222584,0.6442084424228626,0.6442202578756802,0.6442320937817626,0.6442438864881521,0.0,0.0,0.0,0.0,0.0,0.0,0.0,0.0,0.0,0.0,0.0,0.0,0.0,0.0,0.0,0.0,0.6405090741429973,0.6405102870066406,0.6405105462366419,0.6405098366832255,0.0,0.0,0.0,0.0,0.0,0.0,0.0,0.0,0.0,0.0,0.0,0.0,0.0,0.0,0.0,0.6442433304196847,0.6442281059122834,0.6442123703926814,0.6441961835215796,1.2930131167255845,1.2929920564556845,1.2929707160856276,1.2929491652909704,1.2929274746972665,1.292905715562259,0.6488083355444538,0.6488041097419875,0.6487998840130768,0.6487956616180919,0.6487914458147859,0.6487872398557781,0.6487830469860447,0.6487788704404187,1.29661069225563,1.2965922005316894,1.2965743741241518,1.2965572675045562,1.2965409319274326,1.2965254152060992,1.296510761504984
0.6445140242833214,0.6445097899206347,0.6445055561858456,0.0,0.0,0.0,0.0,0.0,0.0,0.0,0.0,0.0,0.0,0.0,0.0,0.0,0.0,0.0,0.0,0.0,0.0,0.0,0.0,0.0,0.0,0.0,0.0,0.0,0.0,0.0,0.0,0.0,0.0,0.0,0.0,0.0,0.0,0.6440692433320322,0.6440559609778227,0.6440423479323735,0.6440284639857192,0.6440143706874296,0.6440001310510426,0.6439858092510916,1.2926338366414023,1.292618071051503,1.2926025302257333,1.2925872809096193,1.2925723893504284,0.6486561064854465,0.6486551937996002,0.6486543960548369,0.6486537138663316,0.6486531477601476,0.6486526981728274,0.6486523654510606,0.6486521498514138,0.6486520515401335,0.6486520705930214,0.648652206995371,0.6486524606419831,0.6486528313372452,0.6486533187952807,0.6486539226401737,0.6486546424062517,0.648655477538451,0.648656427392739,0.6486574912366132,0.6486586682496632,0.6486599575242037,0.6486613580659739,0.648662868794902,0.0,0.0,0.0,0.0,0.0,0.0,0.0,0.0,0.0,0.0,0.0,0.6439146599475086,0.643929843288507,0.643945481288349,0.6439615111102018,0.6439778683004641,0.6439944870917844,0.6440113007123481,0.6440282416999432,0.6440452422192872,0.6440622343810776,0.0,0.0,0.0,0.0,0.0,0.0,0.0,0.0,0.0,0.64034031111367,0.6403530458379136,0.6403650753480757,0.6403763584527908,0.6403868576735586,0.6403965394145159,0.6404053741131984,0.6404133363715593,0.640420405066612,0.640426563440146,1.284934285123791,1.2849428215810956,1.284950427204622,1.2849570998942215,1.284962842038023,1.2849676604737763,1.2849715664285022,1.2849745754367443,1.2849767072378748,1.284977985652957,1.2849784384418204,1.284978097141051,1.2849769968837328,1.284975176201852,1.284972676812346,1.2849695433878883,1.2849658233135464,1.2849615664305372,1.2849568247683623,1.2849516522666424,1.284946104488065,1.2849402383238369,1.2849341116931312,0.6445948625928727,0.6445983585987337,0.6446017868867299,0.6446051448109262,0.6446084297796644,0.644611639257563,0.6446147707674771,0.6446178218924108,0.6446207902773865,0.6446236736312644,0.6446264697285113,0.6446291764109217,0.6446317915892856,0.6446343132450028,0.6446367394316425,1.2887147591675605,1.288712429946026,1.288710731559958,1.288709687591713,1.2887093175747637,1.2887096368877589,1.2887106566694373,1.2887123837547931,1.288714820632821,1.2887179654260452,1.2887218118919317,1.2887263494461934,1.2887315632078733,0.6446597753543345,0.6446605891051996,0.6446612871039058,0.6446618688116141,0.6446623337792553,0.64466268164788,0.6446629121489325,0.6446630251044626,0.644663020427258,0.6446628981209168,0.6446626582798419,0.6446623010891688,0.6446618268246235,0.644661235852307,1.2850014173046715,1.2850122652243252,1.2850230133029048,1.2850335993425848,1.2850439610010662,1.2850540361036444,1.2850637629552668,1.2850730806510513,1.2850819293837386,1.2850902507465611,1.2850979880300497,1.2851050865113107,1.2851114937343306,1.2851171597799445,1.285122037524118,1.2851260828832483,1.2851292550452955,1.285131516685561,1.2851328341660573,1.2851331777174542,0.6446234474597123,0.6446205572548979,0.6446175821983713,0.6446145245864194,1.2851195344004298,1.2851136440124264,1.2851066908805417,1.2850986803873248,1.2850896225186381,1.285079531837247,1.2850684274344106,1.2850563328597118,1.285043276029453,1.2850292891140573,1.2850144084050075,1.2849986741619737,1.2849821304408557,1.2849648249035832,1.2849468086105853,1.284928135796941,1.2849088636332913,1.2848890519726792,0.6445442131042202,0.6445400702141126,0.6445359045877213,0.6445317194393767,0.6445275179984264,0.6445233035067416,0.6445190792162169,1.28859047229694,1.2885687824736602,1.2885472383808212,1.2885259105976687,0.6440069437511853,0.643990470682094,0.6439744055636258,0.6439588100061024,0.6439437434565053,0.6439292629222646,0.6439154227068714,0.0,0.0,0.0,0.0
0.6402165068634696,0.6402254241564362,0.6402342924515753,1.2847443773518976,1.2847487433482407,1.2847528906620016,1.284756764536231,1.2847603117152508,1.2847634807310406,1.284766222180821,1.284768488994449,1.2847702366902873,1.284771423618283,1.284772011189014,1.2847719640875876,1.2847712504712878,1.284769842149995,1.284767714748455,1.2847648478495974,1.284761225118149,1.284756834403935,1.2847516678243198,1.284745721825395,1.2847389972215377,1.284731499213198,1.2847232373827406,1.284714225668401,1.2847044823164353,1.2846940298117038,1.284682894786999,1.2846711079115802,1.2846587037594226,1.2846457206578359,1.2846322005171893,1.2846181886425554,1.2846037335282146,1.2845888866359947,1.2845737021585573,1.284558236768754,0.6443775452847441,0.6443755296396506,0.6443736181873793,0.6443718124020162,0.6443701136761464,0.6443685233197859,0.644367042559368,0.644365672536805,0.6443644143086028,0.6443632688450516,1.2882640515248864,1.2882500659640073,1.288236630977377,1.28822380770049,1.288211655237287,1.28820023037541,1.2881895873120617,1.288179777391791,1.2881708488574533,1.2881628466155588,1.2881558120171301,1.288149782655134,1.2881447921794398,1.2881408701302228,1.288138041790594,1.2881363280591698,1.2881357453432045,1.2881363054727877,1.2881380156365365,1.2881408783390844,1.2881448913805844,1.2881500478583257,1.2881563361904624,1.2881637401617598,1.2881722389911308,1.2881818074206586,1.288192415825696,1.2882040303455025,1.28821661303382,1.2882301220286816,1.28824451174063,1.2882597330584682,1.2882757335715715,1.2882924578076864,0.6443951875375934,0.6443979984894807,0.6444008963052739,0.6444038787500138,0.6444069435234451,0.6444100882617927,0.6444133105395803,0.6444166078715013,1.2845885162085202,1.2846088869465802,1.2846292532094632,1.2846495459061629,1.2846696967811688,1.284689638723688,1.2847093060710226,1.284728634904643,1.2847475633375138,1.2847660317913006,1.2847839832620906,0.6444610524596875,0.6444650757770233,0.644469134218773,0.6444732246541104,0.6444773439274829,0.6444814888610452,0.6444856562571114,0.644489842900619,0.6444940455616095,0.6444982609977227,0.0,0.0,0.0,0.0,0.0,0.0,0.0,0.0,0.0,0.0,0.0,0.0,0.0,0.0,0.0,0.0,0.0,0.0,0.0,0.0,0.0,0.0,0.0,0.640332920645129,0.6403229534165474,0.6403129703002484,0.6403030328997786,0.6402932022519939,0.6402835385201101,0.6402741006913546,0.6402649462807091,0.640256131042177,0.6402477086889816,0.6402397306240596,0.6402322456821525,0.6402252998847535,0.6402189362090926,1.2807317019951103,1.280728942362722,1.2807267740552817,1.2807252241638987,1.280724315905435,1.2807240684977348,1.2807244970549498,1.2807256125034687,1.280727421518867,1.2807299264841856,1.280733125469747,1.2807370122346018,1.2807415762496241,1.2807468027421305,1.2807526727618344,1.2807591632677964,1.2807662472359977,1.2807738937869795,1.280782068332973,1.280790732743804,1.2807998455307694,1.2808093620476182,1.2808192347076566,1.2808294132159446,1.2808398448154534,1.2808504745460036,1.2808612455147315,1.280872099176761,0.6405420869484909,0.6405412543604154,0.640540306620831,0.6405392444613428,0.6405380687018808,0.6405367802500684,0.6405353801005161,0.6405338693340552,0.6405322491169023,0.6405305206997575,0.6405286854168355,0.6405267446848383,0.6405247000018558,1.2771452201564093,1.2771498892391209,1.2771537361030114,0.6366412063903837,0.6366458318765501,0.6366496193562825,0.6366525377680773,0.6366545599317643,0.6366556626914274,0.6366558270389211,0.6366550382173598,0.6366532858040653,0.6366505637725491,0.6366468705332207,0.636642208952602,0.6366365863509558,0.6366300144783198,0.6366225094690702,0.0,0.0,0.0,0.0,0.0,0.0,0.0,0.0,0.0,0.0,0.0,0.640324549980314,0.6403079911629868,0.6402911085219174,0.6402739666564446,0.6402566314012905,0.6402391695191232,0.6402216483887082,0.6402041356901519,0.6401866990887704,0.6401694059191133,0.0,0.6444979249822594,0.6444937104329819,0.6444895089174849,0.6444853236772682,0.6444811579412278,0.6444770149231664,0.6444728978193132,1.2883710839644409,1.2883546194699216,1.2883389749136018,1.2883241945202002
0.6403951523233066,0.6403909130203497,0.6403866745928894,0.6403824403110827,0.640378213441837,0.6403739972462936,0.6403697949773105,0.6403656098769513,0.6403614451739886,0.6403573040814089,0.6403531897939371,0.640349105485574,0.0,0.6364549156249947,0.6364585544816779,0.6364615000417665,0.636463721907408,0.6364651934479951,0.636465891942533,0.6364657987027181,0.6364648991760925,0.6364631830287719,0.6364606442073191,0.6364572809794451,0.6364530959533443,0.0,0.0,0.0,0.0,0.0,0.0,0.0,0.0,0.0,0.0,0.0,0.0,0.0,0.0,0.640165004071559,0.640151171113403,0.6401371352608048,0.6401229588927093,0.6401087055326826,0.640094439543471,0.640080225817203,0.640066129462741,0.6400522154917129,0.6400385485047432,0.6400251923794095,0.6400122099614423,0.6399996627606632,0.0,0.0,0.0,0.0,0.0,0.0,0.0,0.0,0.0,0.0,0.0,0.0,0.0,0.0,0.0,0.0,0.0,0.0,0.0,0.0,0.0,0.0,0.0,0.0,0.0,0.0,0.0,0.0,0.0,0.6400098942515482,0.64002392036048,0.6400385185477725,0.6400536306773371,0.640069196436523,0.6400851536190768,0.6401014384171518,0.6401179857209587,0.6401347294246166,0.6401516027367289,0.0,0.0,0.0,0.0,0.0,0.0,0.0,0.0,0.0,0.0,0.6364648934350936,0.6364781624399417,1.2768375607285987,1.27685356565371,1.2768688751314707,1.2768834491922727,1.2768972516415773,1.2769102502100043,1.2769224166841222,1.27693372701731,1.276944161420163,1.2769537044300123,1.2769623449592344,1.2769700763221463,1.2769768962403405,1.2769828068264975,1.2769878145467342,1.2769919301617296,1.2769951686469132,1.276997549092154,1.2769990945814518,1.276999832053251,1.2769997921420955,1.27699900900241,1.2769975201153247,1.2769953660794873,1.276992590386941,1.2769892391851667,1.2769853610265147,1.2769810066062353,1.276976228490456,1.276971080835429,1.2769656190994692,1.2769598997489822,1.27695397996008,1.2769479173172176,1.276941769510369,0.6404869479109795,0.6404902310553497,0.6404934384329658,0.6404965675682908,0.640499616046147,0.6405025815135893,0.6405054616817145,0.6405082543274379,0.6405109572952042,0.6405135684986591,0.6405160859222592,0.0,0.0,0.0,0.0,0.0,0.0,0.0,0.0,0.0,0.0,0.0,0.0,0.0,0.0,0.0,0.0,0.0,0.0,0.0,0.0,0.0,0.0,0.0,0.0,0.0,0.6364568166673568,0.6364678744708717,0.6364791219574104,0.6364905000149982,0.6365019484053822,0.6365134060610069,0.6365248113864806,0.6365361025630754,0.6365472178547646,0.6365580959143142,0.63656867608792,0.6365788987169105,0.6365887054350217,0.6365980394598005,0.6366068458766875,0.6366150719143923,0.0,0.0,0.0,0.6405155145039559,0.6405129753015445,0.6405103427767427,0.6405076189615418,0.6405048059583797,0.6405019059385149,0.6404989211403497,0.6404958538677008,0.6404927064880163,0.6404894814305504,0.6404861811844824,0.6404828082969974,0.6404793653713156,0.6404758550646799,0.6404722800863085,1.2770827349705143,1.2770697332772527,1.2770558161318606,1.2770410192276733,1.2770253821453517,1.2770089481844709,1.276991764177235,1.2769738802852446,1.2769553497802846,1.2769362288101946,1.2769165761509709,1.2768964529462778,1.2768759224356523,0.6404170621201117,0.6404128708107442,0.6404086634345734,0.6404044432380488,0.6404002134774637,0.6403959774164427,0.6403917383234234,0.6403874994691333,1.2805355869947317,1.280514551232712,1.2804938658354117,1.2804735969654755,1.2804538089198567,1.2804345638437293,1.2804159214548032,1.2803979387793354,1.2803806699011058,0.640018325514957,0.640006655768276,0.0
0.6363640110795781,0.6363725450773845,0.6363810293225236,0.636389404519736,0.6363976119689764,0.6364055938653901,0.6364132935949407,0.6364206560242343,0.6364276277831068,0.6364341575385827,0.6364401962588484,0.636445697465934,1.2767956717829971,0.6403410393838738,0.6403370638129713,0.6403331306612473,0.6403292429627445,0.6403254037164047,0.6403216158837504,0.6403178823866065,0.6403142061048452,0.6403105898741681,0.6403070364839213,0.6403035486749411,0.6403001291374494,1.2767448765845106,1.2767357979795673,1.2767260073329803,1.2767155268466686,1.2767043827785685,1.2766926053333925,1.2766802285335592,1.2766672900709,1.2766538311398898,1.2766398962531813,1.2766255330403766,1.2766107920309766,1.2765957264226047,1.2765803918356051,1.2765648460552295,1.2765491487626672,0.6402547643100158,0.6402529644827895,0.6402512719398715,0.6402496879865015,0.640248213844169,0.6402468506496736,0.6402455994542501,0.6402444612227604,0.6402434368329473,0.6402425270747616,0.6402417326497535,1.2802286648236623,1.2802166037512406,1.280205268373531,1.2801947123049344,1.2801849863345982,1.280176138180178,1.2801682122558256,1.2801612494555172,1.280155286952766,1.280150358017671,1.2801464918522036,1.2801437134445115,1.2801420434429267,1.2801414980503294,1.280142088939321,1.2801438231886633,1.2801467032412708,1.280150726883969,1.2801558872491219,1.2801621728381227,1.2801695675666616,1.2801780508315326,1.280187597598697,1.28019817851218,1.2802097600232796,1.2802223045394956,1.2802357705924683,1.2802501130241337,1.2802652831902073,0.6402713349284967,0.6402739756913417,0.6402767075341542,0.6402795283500303,0.6402824359634263,0.6402854281318346,0.6402885025475105,0.640291656839251,0.6402948885742207,1.2765900235871053,1.276610090927597,1.276630228045888,1.2766503666612887,1.2766704389994152,1.2766903780991639,1.2767101181154388,1.2767295946161688,1.2767487448721733,1.276767508138478,1.2767858259257148,0.6403387488252105,0.6403427414921995,0.0,0.0,0.0,0.0,0.0,0.0,0.0,0.0,0.0,0.0,0.0,0.0,0.0,0.0,0.0,0.0,0.0,0.0,0.0,0.0,0.0,0.0,0.0,0.0,0.0,0.0,0.0,0.0,0.0,0.0,0.0,0.0,0.0,0.0,0.6364836981288461,1.2729356883502798,1.2729295295711316,1.272923455974931,1.2729175226782594,1.2729117834193495,1.2729062902774784,1.2729010934010407,1.2728962407456543,1.27289177782355,1.2728877474655016,1.272884189596426,1.2728811410257659,1.2728786352536754,1.272876702293944,1.272875368514526,1.2728746564964593,1.272874584911842,1.2728751684214887,1.2728764175927374,1.272878338837832,1.272880934373175,1.2728842021996558,1.2728881361041477,1.2728927256821825,1.2728979563817018,1.272903809567667,1.2729102626072362,1.272917288975103,1.2729248583784818,1.2729329369011615,1.272941487165928,1.2729504685145794,1.2729598372046658,1.2729695466220141,1.2729795475080168,1.2729897882005754,0.6365433982201925,0.6365428974006108,0.6365422798869032,0.6365415461557626,0.6365406967735971,0.636539732396092,0.6365386537677021,0.636537461721077,0.6365361571764178,0.6365347411407645,0.6365332147072186,0.6365315790540975,0.6365298354440231,1.2692892305664036,1.2692957986323306,1.2693016947155769,1.2693068716300115,1.2693112848522166,1.269314892753899,1.2693176568208524,1.269319541857361,1.2693205161750316,1.2693205517651056,1.2693196244533902,1.269317714037024,1.2693148044023963,1.2693108836236047,1.2693059440409709,1.2692999823191915,1.269292999484831,0.632803097522107,0.6327975445880512,0.6327910668037379,0.6327836798844969,0.6327754037320897,0.6327662623497544,0.0,0.0,0.0,0.0,0.0,0.0,0.0,0.0,0.0,0.0,0.0,0.6364379875525842,0.6364210304238976,0.6364038814900964,0.63638660623039,0.6363692707288127,0.6363519413660774,0.6363346845100781,0.6363175662065421,0.6363006518713242,0.6362840059858286,0.0,0.0,0.0,0.0,0.0,0.0,0.0,0.6403458402095763,0.6403418179847858,1.280333637883857
0.6363941650477308,0.6363899276235864,0.6363856915613911,0.6363814601294671,0.6363772365925124,0.6363730242090869,0.6363688262290945,0.6363646458912805,1.2689506339680843,1.2689526100296755,1.2689541363992274,1.268955171390005,1.2689556759992284,1.2689556141248106,1.2689549527677184,1.268953662218937,1.2689517162300974,1.2689490921669078,1.2689457711446064,1.268941738144763,0.6326236371488145,0.6326217564571723,0.6326190795843656,0.6326156050209198,0.6326113354611357,0.6326062778008692,0.6326004431145107,0.6325938466112696,0.0,0.0,0.0,0.0,0.0,0.0,0.0,0.0,0.0,0.0,0.0,0.0,0.0,0.6362785969462009,0.6362645816811927,0.6362504952095918,0.6362364006249969,0.6362223615358334,0.6362084417593122,0.6361947050140927,0.6361812146131465,0.6361680331583123,0.6361552222380226,0.6361428421296729,0.6361309515080619,0.6361196071613374,0.0,0.0,0.0,0.0,0.0,0.0,0.0,0.0,0.0,0.0,0.0,0.0,0.0,0.0,0.0,0.0,0.0,0.0,0.0,0.0,0.0,0.0,0.0,0.0,0.6361148781636528,0.6361266615864022,0.6361391656173562,0.6361523412608431,0.6361661366224197,0.6361804971514963,0.6361953658966496,0.6362106837724093,0.6362263898362207,0.6362424215742715,0.636258715194794,0.6362752059274399,0.0,0.0,0.0,0.0,0.0,0.6363159887696126,0.636319696519818,0.6363234598119024,0.6363272757430077,1.2689221575216736,1.268940175438277,1.2689577130012961,1.2689747184526516,1.268991142933853,1.2690069406984463,1.2690220693091137,1.2690364898184128,1.2690501669323333,1.2690630691558482,1.2690751689197726,1.2690864426883295,1.269096871046901,1.269106438769556,1.269115134866037,1.2691229526079977,1.2691298895343859,1.2691359474359452,1.2691411323189699,1.2691454543484737,1.2691489277710988,1.269151570818166,1.2691534055893516,1.269154457917607,1.2691547572159891,1.2691543363071967,1.2691532312366691,1.2691514810701765,1.2691491276769402,1.2691462154993653,1.2691427913105247,1.269138903960633,1.2691346041137472,1.2691299439760275,1.2691249770169033,1.2691197576845186,1.2691143411168846,1.2691087828501508,0.6326194403966175,0.6326104213667926,0.6326015002848512,0.6325927338796424,0.0,0.0,0.0,0.0,0.0,0.0,0.0,0.0,0.0,0.0,0.0,0.0,0.0,0.0,0.0,0.0,0.0,0.0,0.0,0.0,0.0,0.0,0.0,0.0,0.0,0.0,0.0,0.0,0.0,0.0,0.6325932582026449,0.6326031779786693,0.6326134383365438,0.6326239868848456,0.6326347693224847,0.632645729705101,0.6326568107199293,0.6326679539677689,0.6326791002507168,0.6326901898642365,0.6327011628921682,0.6327119595032183,0.6327225202474918,0.6327327863516176,0.6327427000110171,0.6327522046778831,0.0,0.0,0.0,0.0,0.0,0.0,0.0,0.0,0.0,0.0,0.0,0.0,0.0,0.0,0.0,0.0,0.0,0.6364819034208496,0.6364784518847496,0.6364749333987385,0.6364713506783476,0.6364677064886493,0.636464003642121,1.2692165287338393,1.2692019332196909,1.269186517992762,1.2691703252033744,1.2691534004282468,1.2691357924734694,1.269117553162006,1.2690987371067401,1.2690794014701763,1.2690596057119428,1.2690394113253385,1.2690188815641794,0.636411880980105,0.6364076734307174,0.6364034535510203,0.6363992245970543,0.6363949898318144,0.6363907525227275,0.6363865159391365,0.636382283349773,0.6363780580202401,1.2726415350075193,1.2726214131958375,1.2726017617158878,1.27258264160685,1.2725641115322368,1.2725462275213704,1.272529042723531,1.272512607175956,1.272496967586774,1.2724821671339175
0.6325301672155954,0.6325382363809956,0.6325462547720627,0.6325541651039388,0.6325619106704142,0.632569435634389,0.6325766853141217,0.6325836064638402,0.0,0.0,0.0,0.0,0.0,0.0,0.0,0.0,0.0,0.0,0.0,0.0,0.6363133449639861,0.6363097395786065,0.6363061974156314,0.636302721207226,0.6362993136346498,0.6362959773261869,0.6362927148551253,0.6362895287377714,1.2688729290024883,1.2688618445926172,1.2688501516015078,1.2688378832054834,1.268825076131302,1.2688117704944575,1.2687980096203395,1.2687838398491587,1.2687693103255553,1.2687544727739413,1.2687393812606493,1.2687240919440623,1.2687086628139395,1.2686931534211965,1.2686776245994729,0.6362507392259618,0.6362491722675246,0.6362477152438261,0.6362463692784599,0.6362451354093712,0.6362440145880558,0.6362430076788284,0.636242115458157,0.6362413386140665,0.6362406777456052,0.6362401333623884,1.2723485695999943,1.272338169011543,1.2723285885166469,1.2723198748617581,1.2723120715544058,1.2723052186511166,1.2722993525613666,1.2722945058685116,1.2722907071685692,1.2722879809276058,1.272286347358441,1.272285822317236,1.272286417220497,1.2722881389828644,1.2722909899760122,1.2722949680088593,1.272300066329175,1.2723062736466062,1.2723135741769998,1.2723219477078267,1.2723313696844087,1.2723418113165375,1.2723532397049784,1.2723656179872767,0.6362640273385259,0.6362663963854706,0.6362688620838487,0.6362714225320735,0.6362740757554701,0.6362768197077938,0.6362796522728068,0.6362825712659109,0.6362855744358256,0.6362886594663267,0.6362918239780283,1.2687285291419492,1.2687480431402587,1.2687676983508642,1.2687874282743787,1.2688071665964675,1.2688268474880215,0.6325304171330277,0.6325460813501939,0.6325614409718489,0.6325764379393151,0.0,0.0,0.0,0.0,0.0,0.0,0.0,0.0,0.0,0.0,0.0,0.0,0.0,0.0,0.0,0.0,0.0,0.0,0.0,0.0,0.0,0.0,0.0,0.0,0.0,0.0,0.0,0.0,0.0,0.0,0.6325354796467907,0.6325392959453515,0.6325430602951988,0.6325467697912102,0.6325504215705592,0.6325540128149243,0.6325575407526666,0.6325610026609708,0.6325643958679487,0.6325677177547027,0.6325709657573494,0.6325741373690009,1.2651614079099565,1.26515612786369,1.2651510813441416,1.2651463167190862,1.2651418802362229,1.2651378157805486,1.2651341646438672,1.265130965307547,1.2651282532395869,1.265126060706988,1.2651244166043383,1.2651233462994478,1.2651228714967961,1.265123010119436,1.2651237762099559,1.265125179850977,1.265127227105555,1.2651299199778197,1.2651332563940132,1.265137230204045,1.2651418312035512,1.2651470451763753,1.2651528539572536,1.2651592355144128,1.2651661640517093,1.2651736101297884,1.2651815408057194,1.265189919790413,1.265198707623086,1.2652078618619207,0.6326240790873613,0.6326239081569139,0.6326236199689635,0.6326232147459783,0.6326226928007742,0.6326220545362723,0.632621300445189,0.6326204311096533,0.6326194472007587,0.632618349478042,0.6326171387888985,0.6326158160679249,0.6326143823361973,0.632612838700483,1.2615335173444193,1.2615408883139092,1.2615477020242478,1.2615539089022274,1.2615594614556973,1.2615643145187811,1.2615684254864563,1.261571754537316,1.261574264843429,1.26157592276623,1.2615766980374798,1.2615765639243741,1.261575497377982,1.261573479164275,1.2615704939770587,1.2615665305322685,1.2615615816431163,1.2615556442757234,1.2615487195849415,1.261540812930163,1.2615319338710351,1.2615220961430749,1.2615113176132988,1.2614996202160562,1.26148702986938,1.2614735763722402,1.2614592932831985,0.0,0.0,0.0,0.0,0.0,0.0,0.0,0.0,0.0,0.0,0.6325862001811665,0.6325694026091631,0.6325524794685432,0.632535494920761,0.6325185134171241,0.6325015993988676,0.6324848169973641,0.6324682297359239,0.6324519002346203,0.632435889919561,0.0,0.0,0.0,0.0,0.0,0.0,0.0,0.0,0.0
0.6324736288886074,0.632469402027323,0.6324651771505305,0.6324609575179075,0.6324567463850364,1.2612036386311396,1.261206194394156,1.2612084512008201,1.2612103630151437,1.2612118856798118,1.2612129771586218,1.261213597768434,1.2612137103994896,1.2612132807229761,1.2612122773848173,1.261210672184692,1.261208440239396,1.2612055601297136,1.261202014030054,1.2611977878202045,1.261192871178606,1.2611872576566965,1.2611809447339302,1.2611739338531613,1.2611662304362379,1.2611578438796769,1.2611487875304412,1.2611390786419285,1.2611287383103567,0.6287544149760166,0.0,0.0,0.0,0.0,0.0,0.0,0.0,0.0,0.0,0.0,0.0,0.0,0.0,0.6324113989538634,0.6323975844324237,0.6323838278655028,0.6323701911933021,0.6323567362573113,0.6323435245027008,0.6323306166823438,0.6323180725639229,0.6323059506415214,0.6322943078531109,0.6322831993052983,0.6322726780066519,0.6322627946109131,0.6322535971713172,0.0,0.0,0.0,0.0,0.0,0.0,0.0,0.0,0.0,0.0,0.0,0.0,0.0,0.0,0.0,0.0,0.0,0.0,0.0,0.6322568704547219,0.6322667789096553,0.6322774770970027,0.6322889238004072,0.6323010745621298,0.6323138818902222,0.6323272954801823,0.632341262450029,0.6323557275876666,0.632370633609365,1.2647526255853485,1.2647713273332815,1.2647903672300804,0.6323762164101322,0.6323795382206799,0.6323829313386887,0.632386393147035,0.632389920975581,0.6323935121032322,0.6323971637600359,0.6324008731293151,0.6324046373498374,0.6324084535180243,1.2611746886464832,1.261192266285004,1.2612093892871403,1.2612260077897344,1.2612420747054434,1.2612575459266089,1.261272380514394,1.2612865408722507,1.2612999929029094,1.2613127061481164,1.2613246539104468,1.26133581335663,1.2613461656018796,1.2613556957748355,1.2613643930628256,1.261372250737227,1.261379266158845,1.2613854407632785,1.261390780026387,1.2613952934100356,1.261398994288413,1.2614018998553136,1.2614040310128507,1.2614054122421805,1.2614060714568902,1.2614060398398093,1.2614053516640427,1.2614040440991594,1.2614021570034901,1.2613997327035844,0.6288613361151459,0.628854156788784,0.6288466316214527,0.6288388132953101,0.6288307556636628,0.6288225134761449,0.6288141420998057,0.628805697237472,0.6287972346447679,0.6287888098471929,0.6287804778586221,0.6287722929026357,0.6287643081380139,0.6287565753897559,0.0,0.0,0.0,0.0,0.0,0.0,0.0,0.0,0.0,0.0,0.0,0.0,0.0,0.0,0.0,0.0,0.0,0.0,0.0,0.0,0.0,0.0,0.0,0.0,0.0,0.6287517124271741,0.6287600827228808,0.6287689115005053,0.6287781553630817,0.6287877683812111,0.6287977023170442,0.6288079068599299,0.6288183298725971,0.62882891764667,0.6288396151662887,0.6288503663785437,0.6288611144694262,0.62887180214393,0.628882371908968,0.6288927663577,0.6289029284538912,0.6289128018149206,0.0,0.0,0.0,0.0,0.0,0.0,0.0,0.0,0.0,0.0,0.0,0.0,0.0,0.0,0.0,0.0,0.0,0.0,0.0,0.0,0.0,0.0,0.0,0.0,0.0,0.0,0.0,1.2614442177810392,1.2614283905080537,1.261411855396729,1.2613946594806724,1.2613768526907,1.2613584876370574,1.2613396193788402,1.2613203051817203,1.2613006042651493,1.261280577540266,1.2612602873397674,1.2612397971410527,0.6324828964315887,0.6324786766462742,0.6324744516895018,0.63247022482112,0.6324659993024028,0.6324617783935328,0.6324575653510865,0.6324533634255237,1.2648694345966924,1.2648500707620085,1.2648312212232886,1.2648129430618174,1.2647952908072573,1.2647783161992838,1.264762067962623,1.2647465915965745,1.2647319291799914
0.6287144570084129,0.6287219961523888,0.6287294836529508,0.6287368647372622,0.6287440851897012,0.0,0.0,0.0,0.0,0.0,0.0,0.0,0.0,0.0,0.0,0.0,0.0,0.0,0.0,0.0,0.0,0.0,0.0,0.0,0.0,0.0,0.0,0.0,0.0,0.6323633764158358,1.2611062664006503,1.2610941953888677,1.261081613808449,1.2610685603559575,1.261055076800932,1.2610412077986894,1.2610270006884376,1.2610125052777232,1.260997773614218,1.2609828597460044,1.2609678194714806,1.2609527100801352,1.260937590085443,1.2609225189511684,0.6323295209732327,0.6323280887541148,0.6323267675219227,0.6323255582955265,0.632324462007418,0.6323234795029911,0.632322611539895,0.6323218587874482,0.632321221826122,0.6323207011470958,0.6323202971518792,0.6323200101520002,0.6323198403687685,1.2645649188403163,1.2645572908695368,1.2645505924838458,1.2645448589995372,1.2645401220195929,1.2645364092774627,1.2645337444988898,1.2645321472824302,1.2645316329992768,1.2645322127128273,1.264533893118428,1.2645366765035553,1.2645405607286548,1.2645455392287186,1.2645516010356082,1.2645587308210304,1.2645669089599507,1.2645761116141654,1.2645863108356363,0.6323406042343823,0.632342788483733,0.6323450723837362,0.6323474541730428,0.6323499320147982,0.632352503998053,0.6323551681392378,0.6323579223836908,0.6323607646072392,0.6323636926178353,0.0,0.0,0.6285946899531797,0.6286101755702087,0.6286257945707869,0.6286414856889743,0.628657187596324,0.6286728391889999,0.6286883798736698,0.6287037498507905,0.6287188903939096,0.6287337441236269,0.6287482552748873,0.0,0.0,0.0,0.0,0.0,0.0,0.0,0.0,0.0,0.0,0.0,0.0,0.0,0.0,0.0,0.0,0.0,0.0,0.0,0.0,0.0,0.0,0.0,0.0,0.6286490292348447,0.6286530687607549,0.6286570740468708,0.6286610420023775,0.6286649695652231,0.6286688537044823,0.6286726914226994,0.6286764797581988,0.6286802157873765,0.6286838966269549,0.6286875194362124,0.6286910814191732,0.6286945798267721,0.6286980119589737,0.6287013751668618,0.6287046668546816,0.6287078844818493,0.6287110255649134,0.6287140876794708,0.6287170684620448,1.2574691104988367,1.257464841901485,1.2574608821742177,1.2574572731706044,1.2574540542624488,1.2574512621316258,1.2574489305756344,1.2574470903278288,1.2574457688931795,1.2574449904003893,1.257444775471083,1.2574451411066943,1.2574461005936208,1.257447663427108,1.2574498352542247,1.2574526178362337,1.2574560090305282,1.2574600027922318,1.2574645891954628,1.2574697544741813,1.2574754810823978,1.2574817477734879,1.257488529698227,1.257495798521075,1.2575035225541589,0.6287599544811434,0.6287601109375915,0.628760150536037,0.6287600732459059,0.6287598791268613,0.6287595683287559,0.6287591410915159,0.6287585977449547,0.6287579387085186,0.6287571644909627,0.6287562756899568,0.6287552729916243,0.6287541571700112,0.6287529290864866,0.6287515896890787,0.6287501400117399,1.25385734383689,1.2538647445421192,1.253871654159743,1.2538780239734182,1.2538838070087976,1.2538889582751322,1.2538934349979205,1.253897196841454,1.2539002061201323,1.2539024279975366,1.2539038306722288,1.2539043855493843,1.2539040673973632,1.2539028544884678,1.253900728723162,1.2538976757371247,1.2538936849905924,1.2538887498395463,1.253882867588372,1.2538760395237003,1.253868270929272,1.2538595710817204,1.2538499532272747,1.2538394345395003,1.2538280360582454,1.2538157826100966,1.2538027027107033,1.2537888284494598,1.2537741953570638,0.6286637075584869,0.6286597666343366,0.6286557863016545,0.6286517696320356,0.6286477197250682,0.0,0.0,0.0,0.0,0.0,0.0,0.6287362748523762,0.6287197980382335,0.6287033208563899,0.6286869052472025,0.6286706128565012,0.628654504749532,0.6286386411277921,0.6286230810501251,0.6286078821594259,0.6285931004162574,0.0,0.0,0.0,0.0,0.0,0.0,0.0
0.6286094780030448,0.6286052707629919,0.6286010661646481,1.25353396708161,1.25353642360479,1.2535386868781064,1.2535407106765186,1.253542450073602,1.2535438616877905,1.2535449039210016,1.2535455371884732,1.2535457241386425,1.2535454298619824,1.2535446220877315,1.2535432713675574,1.2535413512451887,1.2535388384112016,1.253535712842147,1.2535319579233304,1.2535275605546174,1.2535225112387112,1.2535168041514586,1.25351043719383,1.2535034120252668,1.2534957340782449,1.2534874125539504,1.2534784603990725,1.2534688942638206,1.2534587344413426,1.2534480047888423,1.2534367326307647,0.62849430388424,0.6284915900821496,0.62848896661366,0.6284864355020553,0.6284839986993734,0.6284816580849019,0.6284794154637326,0.0,0.0,0.0,0.0,0.0,0.0,0.6285780358391925,0.6285646754387274,0.6285514341972764,0.6285383715394015,0.628525546506445,0.6285130174726385,0.6285008418641505,0.6284890758824536,0.62847777423333,0.6284669898628469,0.6284567737015548,0.6284471744181684,0.628438238183897,0.6284300084485759,0.6284225257296674,0.6284158274151556,0.0,0.0,0.0,0.0,0.0,0.0,0.0,0.0,0.0,0.0,0.0,0.0,0.0,0.6284166545143601,0.6284236698994925,0.628431546944794,1.2569186247925428,1.2569303287605407,1.2569428950631272,1.256956282398486,1.2569704462771538,1.2569853392221262,1.2570009109829137,1.257017108762516,1.2570338774562466,1.2570511599012586,1.2570688971355906,1.257087028665481,0.6285108027865169,0.6285140510593183,0.6285173723423546,0.6285207640739331,0.6285242236379935,0.6285277483661224,0.6285313355396127,0.6285349823915528,0.6285386861089652,0.6285424438349696,1.2534841867540756,1.2535015768167954,1.2535185916056188,1.253535181113521,1.253551297756676,1.253566896581185,1.25358193545673,1.2535963752562558,1.253610180020785,1.2536233171086004,1.2536357573280448,1.2536474750533364,1.2536584483228308,1.253668658919258,1.253678092431579,1.2536867382981538,1.253694589831047,1.2537016442213529,1.2537079025255602,1.2537133696330058,1.253718054214647,1.2537219686533796,1.2537251289563005,1.253727554649358,1.253729268654919,0.625081267918054,0.6250776006653961,0.6250733436440173,0.6250685349106317,0.6250632150460279,0.6250574269436595,0.6250512155871273,0.6250446278176457,0.6250377120926465,0.6250305182367176,0.6250230971861068,0.625015500728042,0.6250077812361693,0.6249999914033932,0.6249921839734481,0.6249844114725008,0.6249767259421204,0.6249691786749111,0.6249618199540988,0.6249546987983591,0.6249478627131139,0.6249413574495261,0.0,0.0,0.0,0.0,0.0,0.0,0.0,0.0,0.0,0.0,0.0,0.0,0.0,0.0,0.0,0.0,0.0,0.0,0.0,0.0,0.0,0.6249399918111384,0.6249470813587797,0.6249546752067829,0.6249627374659995,0.624971229459892,0.6249801099120491,0.6249893351467588,0.6249988593016852,0.6250086345516132,0.6250186113421813,0.6250287386324747,0.6250389641452957,0.625049234623902,0.6250594960939705,0.6250696941294959,0.6250797741213499,0.6250896815471724,0.6250993622412907,0.0,0.0,0.0,0.0,0.0,0.0,0.0,0.0,0.0,0.0,0.0,0.0,0.0,0.0,0.0,0.0,0.0,0.0,0.0,0.0,0.0,0.0,0.0,0.0,0.0,0.0,0.0,0.0,0.0,0.6250951346981378,0.6250830444646617,0.625070360481525,0.6250571273305571,0.625043392113151,1.2536728439395843,1.2536541478946148,1.2536350801895302,1.2536156989198894,1.2535960635340087,1.2535762345699837,1.25355627338759,0.6286145032024927,0.6286102970619744,0.6286060896851057,0.6286018843181077,0.6285976842056024,0.6285934925881081,0.6285893126995393,0.6285851477647131,0.6285810009968614,1.2571556654358171,1.2571377770056473,1.2571204886896385,1.2571038503796321,1.2570879090763376,1.2570727086872606,1.2570582898394784
0.6249164363998143,0.6249233933950431,0.6249302984149498,0.0,0.0,0.0,0.0,0.0,0.0,0.0,0.0,0.0,0.0,0.0,0.0,0.0,0.0,0.0,0.0,0.0,0.0,0.0,0.0,0.0,0.0,0.0,0.0,0.0,0.0,0.0,0.0,0.6249306447602705,0.6249210966470804,0.6249110172446802,0.6249004444144043,0.6248894188221965,0.6248779837483565,0.6248661848842432,1.2533313426823023,1.2533169203452776,1.2533023865009065,1.2532877957219806,1.2532732037364367,1.2532586671674562,1.2532442432685924,0.6284651933327003,0.6284639009967177,0.6284627203478653,0.6284616522965971,0.6284606976665356,0.6284598571938341,0.6284591315266149,0.6284585212244646,0.628458026758007,0.6284576485085407,0.628457386767743,0.6284572417374487,0.6284572135294926,0.6284573021656233,0.6284575075774869,1.2568677771879577,1.25686318483084,1.2568595845528168,1.2568569991348029,1.2568554473925038,1.2568549440803236,1.2568554998142307,1.2568571210139639,1.2568598098648547,1.2568635642994597,1.2568683779990917,1.2568742404152538,1.2568811368108745,0.628472393806805,0.6284742821343113,0.6284762741432901,0.0,0.0,0.0,0.0,0.0,0.0,0.0,0.0,0.0,0.0,0.0,0.6247765209750252,0.6247911103310648,0.6248058899715362,0.6248208020170755,0.624835788252435,0.6248507903988763,0.624865750386724,0.6248806106267574,0.6248953142791193,0.624909805518449,0.624924029793943,0.0,0.0,0.0,0.0,0.0,0.0,0.0,0.0,0.0,0.0,0.0,0.0,0.0,0.0,0.0,0.0,0.0,0.0,0.0,0.6248029027781733,0.6248070514988006,0.624811184477125,0.6248152985240656,0.6248193904650994,0.624823457142716,0.6248274954188514,0.6248315021773123,0.6248354743261811,0.6248394088002034,0.6248433025631539,0.6248471526101812,0.62485095597013,0.6248547097078301,0.6248584109263686,0.6248620567693256,0.6248656444229789,0.6248691711184781,0.6248726341339832,0.6248760307967685,0.6248793584852848,0.6248826146311875,0.6248857967213174,0.6248889022996458,0.6248919289691701,0.6248948743937657,0.6248977362999937,0.6249005124788549,1.2498384275598553,1.2498353113886949,1.2498325585458545,1.2498302036146645,1.249828278446423,1.2498268119899203,1.2498258301356961,1.249825355575819,1.2498254076798632,1.2498260023876846,1.2498271521195294,1.2498288657039176,1.249831148323645,1.2498340014801959,1.249837422976714,1.2498414069196486,1.2498459437390557,1.2498510202274793,1.2498566195972227,1.249862721555733,1.2498693023987646,0.6249363433097164,0.6249367081838151,0.6249369572473115,0.6249370903079334,0.6249371072629629,0.62493700809931,0.624936792893526,0.6249364618117466,0.6249360151095577,0.6249354531318024,0.6249347763123125,0.6249339851735738,0.6249330803263213,0.6249320624690673,0.6249309323875611,0.6249296909541827,0.624928339127267,1.2462389847405868,1.2462462639287728,1.2462531170899527,1.2462594971325767,1.246265358376582,1.2462706567875794,1.246275350203725,1.2462793985541727,1.246282764068034,1.2462854114727762,1.246287308181103,1.2462884244653756,1.2462887336187016,1.2462882121018835,1.2462868396754956,1.2462845995164304,1.2462814783183032,1.2462774663752305,1.246272557648537,1.2462667498160616,1.2462600443037806,1.2462524462996105,1.246243964749268,1.2462346123342205,1.2462244054318141,1.2462133640577426,1.24620151179115,1.2461888756826975,1.246175486146047,1.2461613768332698,0.6248405501473,0.6248366272486786,0.6248326657855073,0.6248286688148077,0.6248246394209572,0.6248205807133081,0.6248164958237881,0.6248123879044806,0.6248082601251929,0.6248041156710096,0.0,0.0,0.6249217386938443,0.6249059052190312,0.6248901270408526,0.6248744628214669,0.6248589706745123,0.6248437078962161,0.6248287307005468,0.6248140939596715,0.6247998509509867,0.6247860531119086,0.6247727498036233,0.0,0.0,0.0,0.0,0.0
0.624786621485926,0.6247824420525769,1.245926673596345,1.2459286852790565,1.2459305586106377,1.2459322495174923,1.2459337149095728,1.245934912917435,1.2459358031232899,1.2459363467849038,1.2459365070512303,1.2459362491686947,1.245935540677088,1.24593435159411,1.2459326545876106,1.2459304251346728,1.2459276416667375,1.2459242857000277,1.245920341950613,1.2459157984335345,1.2459106465454708,1.2459048811305231,1.24589850052879,1.245891506607441,1.2458839047741685,1.2458757039728734,1.2458669166616487,1.2458575587731069,1.2458476496572626,1.2458372120072179,1.2458262717680122,1.2458148580290658,0.6246698018270209,0.6246672130679869,0.6246647164403261,0.6246623138694809,0.6246600072083361,0.6246577982357988,0.6246556886554213,0.6246536800940937,0.6246517741007883,0.6246499721453682,0.6246482756174572,0.624646685825365,0.6246452039950839,1.249408627591838,1.2493946317434617,1.2493809208613316,1.2493675519948662,1.2493545814706573,1.2493420646250963,1.2493300555411675,1.2493186067906494,1.2493077691830126,1.2492975915221818,1.2492881203723656,1.2492793998340752,1.2492714713314008,1.249264373411581,1.2492581415578332,1.249252808016334,1.2492484016381877,1.2492449477371501,1.2492424679637852,0.6246393671689441,0.6246402827223528,0.6246413111753504,0.6246424517348493,0.6246437035213077,1.2492487731939799,1.2492533924826164,1.249259017954265,1.2492656355734018,1.249273227378373,1.249281771557567,1.249291242543595,1.2493016111250115,1.2493128445750883,1.2493249067970011,1.2493377584847618,1.2493513572991177,1.2493656580576027,1.2493806129378175,1.24939617169299,1.2494122818787718,1.249428889090209,1.2494459372077382,0.6246868476760177,0.6246900143084938,0.6246932554868315,0.624696568711147,0.6246999514259545,0.6247034010221425,0.6247069148389777,0.6247104901661589,0.6247141242459047,0.6247178142750793,0.6247215574073516,1.2458714734879,1.245888173360823,1.2459045272550835,1.2459204879086494,1.2459360103311732,1.2459510519983779,1.2459655730341819,1.2459795363796848,1.2459929079482046,1.2460056567656193,1.2460177550953393,1.246029178547316,1.2460399061705751,1.24604992052882,1.2460592077587704,1.2460677576109611,1.2460755634728145,1.2460826223739043,1.2460889349733923,0.6212916027515583,0.6212922903540017,0.621292270761606,0.6212915618636828,0.6212901848404007,0.6212881640456074,0.6212855268742257,0.6212823036148695,0.6212785272884336,0.6212742334734453,0.6212694601190647,0.6212642473466475,0.6212586372408715,0.6212526736314478,0.6212464018665096,0.6212398685787935,0.6212331214457696,0.6212262089449034,0.6212191801052604,0.6212120842566671,0.6212049707776741,0.6211978888435449,0.6211908871755191,0.621184013792573,0.621177315766896,0.6211708389842708,0.6211646279105394,0.6211587253652907,0.6211531723038664,0.6211480076087594,0.6211432678914129,0.0,0.0,0.0,0.0,0.0,0.0,0.0,0.0,0.0,0.0,0.0,0.0,0.0,0.0,0.0,0.6211439380681918,0.6211491365245797,0.6211548875378924,0.6211611660696711,0.6211679440200327,0.621175190362276,0.6211828712921104,0.6211909503907889,0.6211993888013635,0.6212081454172086,0.6212171770819102,0.6212264387995468,0.621235883954352,0.6212454645386862,0.6212551313882271,0.6212648344232221,0.6212745228946371,0.6212841456340085,0.6212936513057716,0.6213029886608458,0.0,0.0,0.0,0.0,0.0,0.0,0.0,0.0,0.0,0.0,0.0,0.0,0.0,0.0,0.0,0.0,0.0,0.0,0.0,0.0,0.0,0.0,0.0,0.0,0.0,0.0,0.0,0.0,0.0,0.0,0.6213060343474845,0.6212945215758081,0.6212824465053184,0.6212698511398289,0.621256779853648,0.6212432791879979,0.6212293976370185,0.6212151854243942,0.6212006942716966,0.6211859771595608,1.2459710458226967,1.245951871341001,0.6247916142873917,0.6247874352037766,0.6247832555134996,0.6247790784414085,0.6247749072102806,0.6247707450383408,0.6247665951367725,0.6247624607072455,0.6247583449394445,0.62475425100861,0.6247501820730879,1.249506129356811,1.2494899442194551,1.249474421378895,1.2494596028129392,1.2494455273849803
1.242131608308649,0.621142126325203,0.0,0.0,0.0,0.0,0.0,0.0,0.0,0.0,0.0,0.0,0.0,0.0,0.0,0.0,0.0,0.0,0.0,0.0,0.0,0.0,0.0,0.0,0.0,0.0,0.0,0.0,0.0,0.0,0.0,0.0,0.6211332010737147,0.621123528307598,0.6211133947346935,0.6211028387125764,0.6210919010526762,0.6210806248292041,0.6210690551767619,0.6210572390776203,0.6210452251397125,0.6210330633664137,0.6210208049192473,0.6210085018746563,0.6209962069760372,0.62098397338224,0.0,0.0,0.0,0.0,0.0,0.0,0.0,0.0,0.0,0.0,0.0,0.0,0.0,0.0,0.0,0.0,0.0,0.0,0.6246016130277161,0.6246002157287627,0.6245997216306818,0.6246001376141226,0.6246014666186356,0.0,0.0,0.0,0.0,0.0,0.0,0.0,0.0,0.0,0.0,0.0,0.0,0.0,0.0,0.0,0.0,0.0,0.620979666036657,0.6209932210281774,0.6210070143701809,0.6210209921897734,0.6210351000398752,0.6210492831537976,0.6210634867012077,0.6210776560442318,0.6210917369924759,0.6211056760557019,0.6211194206929659,0.6211329195569743,0.0,0.0,0.0,0.0,0.0,0.0,0.0,0.0,0.0,0.0,0.0,0.0,0.0,0.0,0.0,0.6209967383286483,0.6210008837600806,0.6210050258134071,0.6210091612927272,0.6210132870071624,0.6210173997733227,0.6210214964177605,0.6210255737794199,0.6210296287120789,0.6210336580867737,0.6210376587942181,0.6210416277472002,0.6210455618829694,0.6210494581655976,0.6210533135883264,0.6210571251758832,0.6210608899867873,0.6210646051156126,0.6210682676952362,0.6210718748990531,0.621075423943157,0.6210789120884899,0.6210823366429615,0.6210856949635255,0.6210889844582238,0.6210922025881853,0.6210953468695914,0.6210984148755935,0.6211014042381858,0.6211043126500397,0.6211071378662826,0.6211098777062342,0.6211125300550925,0.6211150928655663,0.6211175641594591,1.242258929334585,1.242257422011107,1.2422563370457254,1.2422556985372069,1.2422555275862113,1.242255842178911,1.2422566570863927,1.2422579837803478,1.2422598303654477,1.2422622015287497,1.2422650985063863,1.2422685190676996,1.2422724575169088,1.2422769047123094,1.242281848102921,0.62114333371422,0.6211440200354569,0.6211445925103874,0.6211450506970778,0.6211453942418236,0.6211456228794187,0.621145736433364,0.6211457348160007,0.6211456180285806,0.6211453861612618,0.621145039393044,0.6211445779916249,0.6211440023131972,0.6211433128021707,0.621142509990829,0.6211415944989198,0.6211405670331729,0.6211394283867563,0.6211381794386603,0.6211368211530209,1.2386769951239525,1.238683644384608,1.238689884714008,1.238695672424599,1.2387009651513148,1.238705722069231,1.2387099041044172,1.2387134741369445,1.2387163971950566,1.2387186406395108,1.238720174337207,1.2387209708232134,1.238721005450397,1.238720256525894,1.2387187054337536,1.2387163367431222,1.238713138301434,1.2387091013121179,1.2387042203964427,1.2386984936391712,1.2386919226177753,1.2386845124150723,1.2386762716151831,1.2386672122828306,1.2386573499260658,1.2386467034425725,1.2386352950498218,1.238623150199384,1.2386102974758213,1.238596768480624,0.6210493493384319,0.621045451954032,0.6210415168013792,0.6210375469171805,0.6210335453649013,0.6210295152323979,0.6210254596295365,0.621021381685791,0.6210172845478277,0.6210131713770763,0.6210090453472911,0.6210049096420994,1.2421417810376023,1.2421225609359952,0.621110913455564,0.6210959923355361,0.6210812303561569,0.6210666815065532,0.6210523987611388,0.6210384338356366,0.6210248369492629,0.6210116565942052,0.620998939313511,0.620986729488438,0.0,0.0,0.0,0.0
0.0,1.238369727393613,1.2383712107935718,1.2383726062093783,1.238373872333796,1.2383749685499916,1.2383758551561541,1.2383764935856278,1.2383768466214704,1.2383768786043519,1.2383765556327568,1.2383758457545042,1.2383747191485956,1.2383731482965135,1.2383711081420739,1.2383685762390533,1.2383655328858358,1.2383619612463908,1.2383578474569732,1.2383531807180121,1.2383479533706883,1.2383421609578353,1.238335802268831,1.2383288793682343,1.2383213976080278,1.238313365623367,1.238304795311855,1.2382957017964349,1.2382861033720385,1.238276021436273,1.2382654804044508,0.6208828327601615,0.6208801897774165,0.6208776365195832,0.6208751749557937,0.6208728069844507,0.6208705344317569,0.620868359050315,0.6208662825177744,0.6208643064355407,0.6208624323275408,0.6208606616390515,0.6208589957355862,0.6208574359018404,0.620855983340707,0.6208546391723468,1.2418252588470824,1.2418121833736473,1.241799439880598,1.241787081427152,1.2417751601341178,1.2417637269364983,1.241752831341184,1.2417425211909388,1.24173284243577,1.241723838912834,1.2417155521359093,1.2417080210954543,1.2417012820702262,1.2416953684513508,1.2416903105797115,1.2416861355974143,1.241682867314069,1.2416805260885195,1.2416791287265851,1.2416786883953332,1.2416792145542608,1.2416807129037588,1.2416831853510777,1.2416866299939813,1.2416910411221718,1.2416964092364737,1.2417027210857041,1.2417099597210566,1.2417181045677355,1.2417271315135219,1.241737013013847,1.2417477182128627,1.2417592130799728,1.2417714605611403,1.2417844207442803,1.2417980510379423,1.2418123063624358,1.2418271393524871,1.241842500570472,1.24185833872919,0.6208949348864813,0.6208980118389826,0.6209011647711701,0.6209043912512432,0.6209076887906446,0.620911054845981,0.6209144868209795,0.6209179820684897,0.6209215378925241,0.6209251515503359,0.6209288202545312,0.6209325411752185,1.2383096268338234,1.2383255653748102,1.2383411887815585,1.2383564527861084,1.2383713152281786,1.2383857362361432,1.2383996783965951,1.2384131069117101,1.238425989743635,1.2384382977452193,1.2384500047764608,1.2384610878061117,1.238471526997965,1.2384813057814128,1.2384904109059531,0.6175020941507391,0.6175056802294719,0.6175085764960805,0.617510786393312,0.6175123167048119,0.6175131775084478,0.6175133821135423,0.6175129469823463,0.6175118916361343,0.6175102385464141,0.6175080130117728,0.6175052430210051,0.6175019591031797,0.6174981941654129,0.6174939833191437,0.6174893636957879,0.6174843742526689,0.6174790555702049,0.6174734496413475,0.6174675996543159,0.6174615497696998,0.6174553448930322,0.6174490304439523,0.6174426521230948,0.6174362556778554,0.6174298866681791,0.6174235902335206,0.6174174108621276,0.617411392163769,0.6174055766470181,0.6174000055021941,0.6173947183910043,0.6173897532439264,0.6173851460663157,0.617380930754181,0.6173771389205287,0.0,0.0,0.0,0.0,0.0,0.0,0.0,0.0,0.0,0.0,0.0,0.0,0.6173757701465823,0.6173796450156394,0.6173840660028476,0.6173890157422963,0.6173944738180248,0.6174004168603484,0.6174068186569243,0.6174136502780169,0.6174208802153499,0.6174284745339018,0.6174363970358858,0.6174446094361462,0.6174530715481104,0.617461741479406,0.6174705758361907,0.6174795299352088,0.6174885580225465,0.6174976134980226,0.6175066491441227,0.6175156173583662,0.6175244703879725,0.6175331605656815,0.0,0.0,0.0,0.0,0.0,0.0,0.0,0.0,0.0,0.0,0.0,0.0,0.0,0.0,0.0,0.0,0.0,0.0,0.0,0.0,0.0,0.0,0.0,0.0,0.0,0.0,0.0,0.0,0.0,0.0,0.61753324836333,0.6175223704154369,0.6175109654975642,0.6174990728035603,0.6174867337347539,0.6174739917105744,0.617460891969475,0.617447481361142,0.6174338081309828,0.6174199216979538,0.6174058724267993,0.617391711395805,0.6173774901611935,0.0,0.6209924764068444,0.620988333947695,0.6209841977932454,0.6209800711346469,0.6209759571556757,0.620971859030276,0.6209677799201165,0.6209637229721474,0.6209596913161749,0.6209556880624466,1.2419267854355462,1.2419117768102623,1.2418974314418998,1.2418837861701095
1.2346038945596267,0.6172274047820285,0.6172233019819939,0.6172192064055771,0.0,0.0,0.0,0.0,0.0,0.0,0.0,0.0,0.0,0.0,0.0,0.0,0.0,0.0,0.0,0.0,0.0,0.0,0.0,0.0,0.0,0.0,0.0,0.0,0.0,0.0,0.0,0.6173716748492161,0.6173629434089509,0.6173537534244722,0.6173441382658097,0.6173341337485747,0.6173237779675901,0.6173131111191258,0.6173021753126192,0.6172910143727852,0.6172796736330904,0.617268199721596,0.6172566403402117,0.6172450440384363,0.61723345998269,0.6172219377223563,0.6172105269536757,0.0,0.0,0.0,0.0,0.0,0.0,0.0,0.0,0.0,0.0,0.0,0.0,0.0,0.0,0.0,0.0,0.0,0.0,0.0,0.0,0.0,0.0,0.0,0.0,0.0,0.0,0.0,0.0,0.0,0.0,0.0,0.0,0.0,0.0,0.0,0.0,0.0,0.0,0.0,0.6172169376795109,0.6172296459397275,0.617242581426763,0.6172556939590096,0.6172689328169686,0.6172822469800602,0.6172955853647177,0.6173088970626188,0.617322131577891,0.617335239062152,0.6173481705462409,0.6173608781675181,0.0,0.0,0.0,0.0,0.0,0.0,0.0,0.0,0.0,0.0,0.0,0.0,0.6172210522784061,0.6172251515077088,0.6172292565336797,0.6172333641891242,0.6172374713047695,0.6172415747117118,0.6172456712438622,0.6172497577403875,0.6172538310481512,0.6172578880241459,0.6172619255379204,0.6172659404739933,0.6172699297342606,0.6172738902403848,0.6172778189361733,0.6172817127899352,0.6172855687968248,0.6172893839811601,0.61729315539872,0.6172968801390198,0.6173005553275557,0.6173041781280264,0.6173077457445242,0.617311255423694,0.6173147044568589,0.6173180901821133,0.6173214099863785,0.617324661307424,0.617327841635843,0.6173309485169917,0.6173339795528904,0.6173369324040693,0.617339804791382,0.6173425944977649,0.6173452993699471,0.6173479173201203,0.6173504463275475,0.6173528844401268,0.6173552297759004,1.2347312802576274,1.2347305747130144,1.2347302742396535,1.234730398234333,1.2347309632054961,1.2347319826798324,1.2347334671240175,1.2347354238819592,1.2347378571278897,1.2347407678355145,1.2347441537633927,1.234748009456613,0.6173765561181902,0.6173774473605382,0.6173782268652629,0.617378894030617,0.6173794483415751,0.617379889370228,0.6173802167761202,0.6173804303065069,0.6173805297965529,0.617380515169459,0.617380386436521,0.6173801436971218,0.6173797871386537,0.6173793170363734,0.6173787337531924,0.6173780377393889,0.6173772295322687,0.6173763097557438,0.6173752791198509,0.6173741384202042,0.6173728885373783,0.6173715304362285,0.6173700651651443,1.231164595538146,1.2311701669733175,1.2311753080419043,1.2311799798937244,1.231184145106866,1.2311877678816245,1.2311908142272037,1.2311932521402662,1.2311950517744439,1.2311961855999605,1.2311966285525813,1.2311963581711391,1.2311953547229455,1.2311936013164662,1.2311910840006846,1.231187791850663,1.2311837170388455,1.2311788548917615,1.2311732039318213,1.231166765903982,1.2311595457871485,1.2311515517902283,1.2311427953328438,1.2311332910107968,1.2311230565464117,1.231112112724017,1.2311004833108377,1.2310881949636996,0.6172884101632578,0.6172845842370028,0.6172807182480853,0.617276815179872,0.617272878044302,0.6172689098795597,0.6172649137477293,0.6172608927324312,0.6172568499364414,0.617252788479297,0.6172487114948869,0.6172446221290349,0.6172405235370716,0.6172364188813976,1.2345955718483506,1.234577278316941,1.2345590831773137,1.2345410406805764,0.6173072888436592,0.6172937858293236,0.6172805769207106,0.6172677089910126,0.6172552273085636,0.6172431753301189,0.6172315945029404,0.6172205240766289,0.6172100009255979,0.0,0.0
0.0,0.6136312253409154,0.6136361677414816,0.6136410215851322,1.2308608673093322,1.2308613506996706,1.2308616420241236,1.2308617061894545,1.2308615093439448,1.230861019068423,1.230860204560205,1.2308590368090329,1.230857488764132,1.230855535491528,1.2308531543208654,1.2308503249809477,1.2308470297233434,1.230843253433418,1.2308389837282268,1.2308342110407755,1.2308289286902043,1.230823132937541,1.230816823026728,1.2308100012107026,1.2308026727623846,1.2307948459705034,1.2307865321202638,1.230777745458938,1.230768503146529,1.2307588251917356,0.6171224290477872,0.6171197332804752,0.6171171246277866,0.6171146051016012,0.6171121766450408,0.6171098411309758,0.6171076003605824,0.6171054560619559,0.6171034098887769,0.6171014634190412,0.617099618153845,0.6170978755162225,0.6170962368500602,0.6170947034190526,0.6170932764057353,0.6170919569105707,0.6170907459511038,1.2342889217438056,1.2342768912781863,1.2342652309881372,1.2342539894720927,1.2342432142165265,1.2342329513705157,1.234223245526144,1.2342141395058004,1.2342056741574003,1.234197888158517,1.2341908178303598,1.2341844969625142,1.2341789566492656,1.2341742251383168,1.2341703276926022,1.2341672864658992,1.2341651203928028,1.234163845093612,1.2341634727945952,1.2341640122639954,1.234165468764112,1.2341678440196762,1.234171136202693,1.234175339933807,1.2341804463002095,1.234186442889999,1.2341933138428378,1.23420103991667,1.2342095985701902,1.2342189640606709,1.2342291075566858,1.2342399972652087,1.2342515985724747,1.234263874197934,1.2342767843605804,1.2342902869568537,1.234304337749272,1.2343188905649,1.2343338975027054,0.6171323714692889,0.6171354288588391,0.6171385612578258,0.6171417662502755,0.6171450413641983,0.6171483840734872,0.6171517917998688,0.6171552619148881,0.6171587917419341,0.6171623785583021,0.6171660195972961,0.6171697120503532,0.617173453069217,1.230808430992975,1.230823283877748,1.2308378122027694,1.2308519767942254,1.2308657405803993,1.2308790687480031,1.23089192888727,1.2309042911251162,1.2309161282457346,1.2309274157980425,1.230938132189478,0.6137272064872941,0.6137326283681082,0.6137374263891654,0.613741594210046,0.6137451286020742,0.6137480294509418,0.6137502997440857,0.6137519455428991,0.6137529759399203,0.6137534030012178,0.6137532416942718,0.6137525098017063,0.6137512278213217,0.6137494188529163,0.6137471084724727,0.6137443245943307,0.6137410973220441,0.6137374587886544,0.6137334429871814,0.6137290855921718,0.6137244237731907,0.6137194960011789,0.6137143418486342,0.6137090017846092,0.6137035169655277,0.6136979290228618,0.6136922798487082,0.6136866113803251,0.6136809653846796,0.6136753832440752,0.6136699057439039,0.613664572863564,0.61365942357157,0.6136544956258557,0.6136498253802464,0.6136454475980496,0.6136413952736686,0.6136376994631154,0.6136343891242466,0.6136314909674988,0.6136290293178601,0.0,0.0,0.0,0.0,0.0,0.0,0.0,0.0,0.6136292101359688,1.2272652519887124,1.227269401082254,1.22727395003358,1.2272788849811527,1.2272841892711943,1.2272898435329116,1.2272958257676343,1.2273021114514489,1.2273086736508374,1.2273154831507496,1.2273225085945247,1.2273297166349488,1.2273370720957582,1.2273445381427817,1.2273520764639059,1.2273596474569881,1.2273672104248092,1.2273747237761152,1.2273821452317701,1.2273894320350247,0.6137646833535052,0.613772816181452,0.6137807924674197,0.6137885686494993,0.0,0.0,0.0,0.0,0.0,0.0,0.0,0.0,0.0,0.0,0.0,0.0,0.0,0.0,0.0,0.0,0.0,0.0,0.0,0.0,0.0,0.0,0.0,0.0,0.0,0.0,0.0,0.0,0.6137868669587065,0.6137771776502138,0.6137669656421982,0.6137562649663298,0.6137451118535571,0.6137335445694698,0.6137216032398954,0.6137093296675731,0.613696767140789,0.6136839602349147,0.6136709546077981,0.6136577967900104,0.6136445339709522,0.6136312137818721,0.0,0.0,0.0,0.0,0.617215915518711,0.6172118409794448,0.6172077825060928,0.617203743229728,0.6171997262665624,0.6171957347155513,0.6171917716559991,0.6171878401451852,0.6171839432160081,1.2343801432576842,1.2343669961854113
1.2271166737513823,0.6134863713909229,0.6134823088349515,0.6134782536275554,0.6134742088974137,0.6134701777650745,0.0,0.0,0.0,0.0,0.0,0.0,0.0,0.0,0.0,0.0,0.0,0.0,0.0,0.0,0.0,0.0,0.0,0.0,0.0,0.0,0.0,0.0,0.0,0.0,0.6136263053257406,0.6136185228682184,0.6136102939180091,0.613601646944471,0.6135926128067747,0.6135832246119189,0.6135735175615197,0.6135635287881152,0.613553297181788,0.6135428632079456,0.6135322687171544,0.6135215567479433,0.6135107713235467,0.61349995724357,0.6134891598715987,0.6134784249197706,0.6134677982313739,0.0,0.0,0.0,0.0,0.0,0.0,0.0,0.0,0.0,0.0,0.0,0.0,0.0,0.0,0.0,0.0,0.0,0.0,0.0,0.0,0.0,0.0,0.0,0.0,0.0,0.0,0.0,0.0,0.0,0.0,0.0,0.0,0.0,0.0,0.0,0.0,0.0,0.0,0.0,0.613473952228245,0.6134857844355533,0.6134978312289014,0.6135100463092171,0.6135223828784918,0.6135347938578507,0.6135472321068064,0.6135596506426241,0.6135720028587539,0.6135842427412592,0.6135963250821993,0.6136082056889319,0.6136198415883186,0.0,0.0,0.0,0.0,0.0,0.0,0.0,0.0,0.0,0.613472496571569,0.6134765359169431,0.6134805870648468,0.6134846468897429,0.6134887122593514,0.6134927800370703,0.6134968470843905,0.6135009102633198,0.6135049664388047,0.6135090124811474,0.6135130452684238,0.6135170616888896,0.6135210586433847,0.6135250330477232,0.6135289818350752,0.6135329019583338,0.6135367903924662,0.6135406441368523,0.613544460217597,0.6135482356898286,0.613551967639974,0.6135556531880056,0.6135592894896664,0.6135628737386692,0.6135664031688585,0.6135698750563512,0.6135732867216402,0.6135766355316616,0.6135799189018305,0.6135831342980381,0.613586279238608,0.6135893512962135,0.6135923480997548,0.6135952673361891,0.6135981067523176,0.6136008641565296,0.6136035374204919,0.6136061244807969,0.613608623340555,0.6136110320709388,0.6136133488126747,0.613615571777478,0.6136176992494362,1.2272467555750746,1.2272471613892826,1.227247960981343,1.2272491665873027,1.2272507876359344,1.2272528306911252,1.2272552994088297,1.2272581945088077,0.613632303625335,0.0,0.0,0.0,0.0,0.0,0.0,0.0,0.0,0.0,0.0,0.0,0.0,0.0,0.0,0.0,0.0,0.0,0.0,0.0,0.0,0.6136318578113544,0.6136306133699267,0.6136292618247704,0.6136278042192091,0.6136262416784367,1.2236914424817678,1.2236958941080651,1.2236999033402658,1.2237034362754717,1.223706460500233,1.22370894526047,1.2237108616239523,1.2237121826345307,1.2237128834573565,1.2237129415143604,1.2237123366093248,1.2237110510419056,1.223709069710047,1.2237063802002655,1.223702972865346,1.2236988408890568,1.2236939803375448,1.2236883901971594,1.2236820723984825,1.2236750318264495,1.223667276316489,1.2236588166366826,1.2236496664560277,1.22363984229893,1.2236293634861457,0.6135542545276387,0.6135505509652573,0.6135468020941831,0.6135430108074794,0.6135391800309022,0.613535312720639,0.6135314118610277,0.6135274804622542,0.6135235215580238,0.6135195382032269,0.6135155334715712,0.6135115104532168,0.6135074722523887,0.6135034219849789,0.6134993627761451,0.6134952977578961,1.2271091141435073,1.2270917555536194,1.2270744865478402,1.2270573574650956,1.2270404179864536,1.2270237169193141,0.6135403586090018,0.6135282749570489,0.613516546520568,0.61350521348666,0.613494314192947,0.6134838849541874,0.6134739598986892,0.6134645708152995,0.0
0.0,0.0,0.6099060688762077,0.6099102283831208,0.6099142698437264,0.6099181568976751,1.223388017302125,1.2233874951362491,1.2233867377717296,1.2233857161184694,1.2233844025568887,1.2233827710978515,1.2233807975344986,1.2233784595852144,1.223375737027021,1.2233726118187134,1.2233690682131115,1.223365092857873,1.2233606748843335,1.223355805983939,1.2233504804718525,1.2233446953374303,1.2233384502812852,1.2233317477387375,1.223324592889534,1.2233169936537553,1.2233089606739225,1.2233005072833836,1.2232916494611072,0.6133852493765413,0.6133825007974407,0.6133798365574217,0.6133772587112543,0.613374769247063,0.6133723700847894,0.6133700630747155,0.6133678499960395,0.6133657325555038,0.613363712386082,0.6133617910457203,0.6133599700161374,0.6133582507016845,0.6133566344282632,0.6133551224423052,0.613353715909811,0.6133524159154538,0.6133512234617432,1.2268074650307692,1.2267962171348428,1.226785323685331,1.2267748295402217,1.2267647785235087,1.2267552132175736,1.2267461747609545,1.226737702652452,1.226729834562548,1.226722606153022,1.2267160509056503,1.2267101999607997,1.2267050819667173,1.226700722940211,1.226697146139422,1.226694371949283,1.2266924177802272,1.226691297980628,1.226691023763403,1.2266916031471287,1.2266930409119583,1.2266953385705552,1.2266984943541934,1.2267025032140864,1.2267073568379507,1.2267130436817308,1.2267195490163347,1.2267268549891681,1.2267349407001817,1.2267437822920564,1.2267533530541281,1.2267636235395392,1.226774561695075,1.2267861330030598,1.2267983006346492,1.2268110256137854,1.2268242669910348,1.2268379820264825,1.2268521263808085,0.6133927020853995,0.6133957344526889,0.6133988409526074,0.6134020191891507,0.6134052667109569,0.6134085810131962,0.6134119595394968,0.6134153996839199,0.6134188987929634,0.613422454167612,0.6134260630654124,0.6134297227025888,0.6134334302561908,0.6134371828662655,1.2233477001367938,1.2233614811757563,1.2233749367009914,1.2233880325137831,1.223400736468862,1.2234130186068954,1.2234248512761106,1.2234362092424667,0.6099745732162924,0.6099808768789562,0.6099866337599797,0.6099918322775383,0.6099964636372458,0.6100005218623759,0.6100040038102811,0.6100069091749335,0.6100092404755811,0.610011003031594,0.6100122049236243,0.6100128569412878,0.6100129725176305,0.6100125676507115,0.6100116608127042,0.6100102728469637,0.6100084268535858,0.6100061480640201,0.6100034637053707,0.6100004028550587,0.6099969962865657,0.6099932763070305,0.6099892765874972,0.6099850319866694,0.6099805783690212,0.6099759524181892,0.6099711914465447,0.6099663332019011,0.6099614156723042,0.6099564768898593,0.6099515547345752,0.6099466867391723,0.6099419098958284,0.6099372604657958,0.6099327737928367,0.6099284841213825,0.6099244244203033,0.6099206262131666,0.6099171194157895,0.6099139321819059,0.6099110907576798,0.6099086193457867,0.6099065399797263,0.6099048724089741,0.0,0.0,0.0,0.0,0.6099073350056832,1.2198130466461259,1.2198159009777036,1.219819126618508,1.2198227186954296,1.2198266696763467,1.2198309693990428,1.2198356051135804,1.219840561537939,1.219845820926661,1.2198513631521628,1.2198571657983384,1.2198632042660011,1.2198694518896502,1.2198758800650198,1.219882458386769,1.2198891547956752,1.2198959357346006,1.2199027663124866,1.21990961047558,1.2199164311850517,1.2199231906001606,1.2199298502660558,1.2199363713053128,1.2199427146122632,1.2199488410491734,1.2199547116433078,1.2199602877839146,0.6100603419987722,0.0,0.0,0.0,0.0,0.0,0.0,0.0,0.0,0.0,0.0,0.0,0.0,0.0,0.0,0.0,0.0,0.0,0.0,0.0,0.0,0.0,0.0,0.0,0.0,0.0,0.6100639975347989,0.6100559817460406,0.6100474305629401,0.6100383707478471,0.6100288313399872,0.6100188435253091,0.610008440496013,0.609997657300446,0.6099865306840959,0.6099750989224483,0.6099634016465213,0.6099514796619244,0.6099393747623156,0.6099271295381633,0.6099147871817336,0.0,0.0,0.0,0.0,0.0,0.0,0.0,0.6134669433768493,0.6134629446596963,0.6134589682305713,0.6134550171571572,0.6134510944875299,0.61344720324781,0.6134433464398296,0.6134395270388132,1.2268914950027918
1.2196682233757403,1.219668480591092,0.6097626293817265,0.6097586137559162,0.6097546085416313,0.6097506168289354,0.6097466416974285,0.0,0.0,0.0,0.0,0.0,0.0,0.0,0.0,0.0,0.0,0.0,0.0,0.0,0.0,0.0,0.0,0.0,0.0,0.0,0.0,0.0,0.0,0.6098971563965471,0.6098902965032212,0.609883010998622,0.6098753236742407,0.6098672606135379,0.6098588500733632,0.6098501223545166,0.6098411096620847,0.6098318459562273,0.6098223667941428,0.6098127091639846,0.6098029113115291,0.6097930125604504,0.6097830531270628,0.6097730739304448,0.609763116398858,0.6097532222734096,0.6097434334099043,0.0,0.0,0.0,0.0,0.0,0.0,0.0,0.0,0.0,0.0,0.0,0.0,0.0,0.0,0.0,0.0,0.0,0.0,0.0,0.0,0.0,0.0,0.0,0.0,0.0,0.0,0.0,0.0,0.0,0.0,0.0,0.0,0.0,0.0,0.0,0.0,0.0,0.0,0.0,0.6097505477291897,0.6097615018347949,0.609772656858636,0.6097839704783578,0.6097953999132127,0.6098069021228674,0.6098184340072748,0.6098299526066636,0.60984141530066,0.609852780005589,0.6098640053689941,0.6098750509604443,0.6098858774576904,0.6098964468272772,0.0,0.0,0.0,0.0,0.0,0.0,0.6097450538024848,0.6097490214310157,0.6097530068716315,0.609757007049577,0.6097610188786838,0.6097650392637486,0.6097690651029192,0.6097730932900916,0.6097771207173013,0.609781144277127,0.609785160865082,0.6097891673820157,0.6097931607365011,0.6097971378472217,0.6098010956453502,0.6098050310769164,0.6098089411051658,0.6098128227128998,0.6098166729048116,0.6098204887097923,0.6098242671832267,0.6098280054092682,0.6098317005030889,0.6098353496131086,0.6098389499231939,0.6098424986548353,0.6098459930692939,0.6098494304697143,0.6098528082032076,0.6098561236629048,0.6098593742899627,0.6098625575755497,0.6098656710627763,0.6098687123485977,0.6098716790856683,0.6098745689841573,0.6098773798135151,0.6098801094042002,0.6098827556493523,0.6098853165064244,0.6098877899987569,0.6098901742171081,0.6098924673211297,0.6098946675407871,0.6098967731777305,0.6098987826066053,1.2198043282718456,1.219805346333615,1.219806720126653,1.219808458029787,0.6099032308168698,0.0,0.0,0.0,0.0,0.0,0.0,0.0,0.0,0.0,0.0,0.0,0.0,0.0,0.0,0.0,0.0,0.0,0.0,0.0,0.0,0.0,0.0,0.0,0.0,0.0,0.0,0.0,0.6099051894193972,0.6099035381719845,0.6099017854946245,0.6098999327402607,1.2162624742968213,1.2162648720490812,1.2162667676090153,1.2162681351523896,1.2162689506490008,1.2162691919933937,1.216268839126788,1.2162678741496067,1.2162662814240335,1.2162640476660944,1.216261162026799,1.2162576161619185,1.2162534042900506,1.2162485232386788,1.216242972477977,1.216236754142176,1.2162298730383923,1.216222336642826,1.2162141550843726,0.6098445860999309,0.6098410693874655,0.6098374994610226,0.6098338790756775,0.6098302110254109,0.6098264981409502,0.6098227432875819,0.6098189493629416,0.6098151192947752,0.6098112560386785,0.6098073625758151,0.6098034419106154,0.6097994970684565,0.609795531093328,0.6097915470454817,0.6097875479990684,0.6097835370397687,0.6097795172624079,1.2196778830578239,1.2196614493254052,1.2196450501589116,1.219628732273014,1.2196125419831012,1.2195965250053415,1.219580726259692,1.2195651896767785,0.6098065034618693,0.6097955555445049,0.6097849686475885,0.6097747779043206,0.6097650166041659,0.6097557160436128,0.609746905386573,0.0
0.0,0.0,0.0,0.0,0.0,0.606203732335221,0.6062067715193451,1.215952295614119,1.21595096944605,1.2159494089751588,1.2159475897871697,1.215945488934758,1.2159430850740804,1.2159403585932926,1.2159372917324622,1.21593386869421,1.2159300757445604,1.215925901303466,1.215921336024556,1.215916372863686,1.2159110071359458,1.2159052365608236,1.2158990612952842,1.2158924839545873,1.2158855096207235,0.6096782054888705,0.6096751720705116,0.6096722134303523,0.6096693318503181,0.6096665295528733,0.6096638086993159,0.6096611713881057,0.6096586196532501,0.6096561554627405,0.6096537807170309,0.6096514972475784,0.6096493068154307,0.6096472111098697,0.6096452117471114,0.6096433102690596,0.6096415081421211,0.6096398067560732,0.6096382074229948,0.6096367113762575,0.609635319769575,0.6096340336761119,0.6096328540876617,1.2193655734937359,1.219355156253203,1.2193450775267194,1.2193353783043066,1.219326098622004,1.219317277372594,1.219308952121255,1.219301158926981,1.2192939321706837,1.2192873043907593,1.2192813061269452,1.2192759657732033,1.2192713094403496,1.2192673608290816,1.2192641411140253,1.2192616688393638,1.2192599598265326,1.2192590270944619,1.219258880792716,1.2192595281478775,1.2192609734234328,1.219263217893354,1.219266259829505,1.2192700945029502,1.219274714199147,1.21928010824697,1.2192862630614312,1.2192931621998846,1.2193007864314773,1.219309113819494,1.2193181198162213,1.2193277773698863,1.2193380570431578,1.2193489271426423,1.219360353858776,1.21937230141544,1.2193847322285796,1.219397607073092,1.2194108852571661,0.6096739770740705,0.6096769808000461,0.6096800579093737,0.6096832060287113,0.6096864227299222,0.6096897055319409,0.6096930519026892,0.6096964592610237,0.6096999249787287,0.6097034463825373,0.6097070207561965,0.6097106453425563,0.6097143173456981,0.6097180339330889,0.609721792237764,0.6097255893605383,1.215938416473934,1.2159508562175643,1.2159629476020875,1.215974663120985,0.6062409235427406,0.6062478455919661,0.6062543042969178,0.6062602840904728,0.606265771826893,0.606270756833702,0.6062752309514279,0.6062791885610266,0.606282626598856,0.6062855445591447,0.6062879444839402,0.6062898309406066,0.6062912109869855,0.606292094124403,0.6062924922387631,0.6062924195300249,0.606291892430426,0.6062909295118517,0.6062895513828301,0.6062877805756529,0.6062856414241984,0.6062831599330575,0.6062803636386137,0.6062772814627791,0.6062739435600945,0.6062703811589658,0.6062666263978166,0.6062627121569671,0.6062586718870727,0.6062545394349677,0.6062503488677706,0.606246134296125,0.606241929697433,0.6062377687399635,0.606233684608697,0.6062297098337516,0.6062258761222445,0.6062222141944126,0.6062187536247815,0.6062155226891811,0.6062125482183379,0.6062098554587733,0.6062074679416825,0.6062054073604354,0.606203693457298,0.0,0.0,0.0,0.0,0.6062048274063091,0.6062063232972194,0.6062077158338716,1.2124131196552654,1.2124162322978251,1.2124196580245385,1.2124233898983179,1.2124274186234747,1.2124317325840523,1.2124363178941058,1.2124411584597183,1.212446236052414,1.212451530393667,1.212457019250066,1.2124626785386874,1.2124684824421772,1.2124744035329793,1.2124804129061122,1.2124864803198483,1.2124925743436243,1.2124986625124587,1.2125047114871166,1.2125106872192724,1.2125165551208252,1.2125222802365874,1.2125278274194535,1.2125331615072454,1.2125382475003228,1.2125430507391188,1.2125475370807144,0.6063490118995745,0.6063544981472262,0.6063596690913885,0.0,0.0,0.0,0.0,0.0,0.0,0.0,0.0,0.0,0.0,0.0,0.0,0.0,0.0,0.0,0.0,0.0,0.0,0.0,0.6063607550157513,0.6063548406843419,0.606348380355603,0.6063413916016025,0.6063338943415406,0.6063259107553699,0.6063174651865477,0.6063085840344016,0.6062992956366154,0.6062896301424215,0.6062796193770917,0.6062692966984049,0.6062586968457715,0.6062478557827496,0.6062368105337224,0.6062255990155105,0.6062142598647521,0.6062028322618747,0.0,0.0,0.0,0.0,0.0,0.0,0.0,0.0,0.6097434545477185,0.6097395171063301,0.609735604809312,0.6097317206748287,0.6097278676992739,0.6097240488549636,0.6097202670878404,1.2194551368502888
1.212257740750152,1.2122573169733253,1.2122568579190758,1.2122563332166227,1.212255712844764,0.6060512349681152,0.6060472962627842,0.6060433769261385,0.0,0.0,0.0,0.0,0.0,0.0,0.0,0.0,0.0,0.0,0.0,0.0,0.0,0.0,0.0,0.0,0.0,0.6061999403495405,0.6061952305281464,0.6061900788796017,0.6061844979069041,0.6061785024958324,0.6061721098517485,0.6061653394248362,0.6061582128241613,0.6061507537209503,0.6061429877415634,0.6061349423506838,0.6061266467252849,0.606118131619994,0.6061094292244982,0.6061005730136954,0.6060915975913159,0.606082538527766,0.6060734321930028,0.6060643155852247,0.6060552261562364,0.6060462016343178,0.0,0.0,0.0,0.0,0.0,0.0,0.0,0.0,0.0,0.0,0.0,0.0,0.0,0.0,0.0,0.0,0.0,0.0,0.0,0.0,0.0,0.0,0.0,0.0,0.0,0.0,0.0,0.0,0.0,0.0,0.0,0.0,0.0,0.0,0.0,0.0,0.0,0.0,0.0,0.0,0.6060464880124833,0.6060565845649466,0.6060668678699961,0.6060772995863645,0.6060878409554572,0.6060984529807899,0.6061090966083899,0.6061197329072943,0.6061303232492689,0.6061408294868813,0.6061512141290675,0.6061614405133431,0.606171472973821,0.6061812770042316,0.606190819415144,0.6062000684846386,0.0,0.0,0.0,0.0,0.606045473749678,0.6060494038423714,0.6060533516778394,0.6060573142103399,0.6060612883827498,0.6060652711289186,0.6060692593760352,0.6060732500470019,0.6060772400628018,0.6060812263448799,0.6060852058175161,0.6060891754101992,0.6060931320599955,0.606097072713914,0.6061009943312605,0.6061048938859882,0.6061087683690293,0.6061126147906186,0.6061164301826044,0.6061202116007359,0.60612395612694,0.6061276608715712,0.606131322975644,0.6061349396130409,0.6061385079926944,0.6061420253607429,0.6061454890026561,0.6061488962453336,0.6061522444591672,0.6061555310600746,0.6061587535114922,0.6061619093263386,0.6061649960689328,0.6061680113568763,0.6061709528628955,0.6061738183166389,0.6061766055064293,0.6061793122809768,0.6061819365510372,0.6061844762910308,0.6061869295406008,0.6061892944061376,0.6061915690622343,0.6061937517531008,0.6061958407939221,1.2124001784920915,1.2124011058369684,1.212402328131076,1.212403854993835,0.6062008663537735,0.6062015261358069,0.6062026088152779,0.0,0.0,0.0,0.0,0.0,0.0,0.0,0.0,0.0,0.0,0.0,0.0,0.0,0.0,0.0,0.0,0.0,0.0,0.0,0.0,0.0,0.0,0.0,0.0,0.0,0.0,0.0,0.6062026611740188,0.6062009279824809,0.6061990956016221,0.6061971654458973,0.6061951390052258,0.6061930178438378,0.6061908035990682,0.6061884979800878,0.6061861027665838,0.6061836198073848,0.6061810510190317,0.6061783983842957,0.606175663950645,0.6061728498286668,0.6061699581904313,0.6061669912678167,0.6061639513507829,0.6061608407856022,0.6061576619730478,0.6061544173665383,0.606151109470243,0.6061477408371444,0.6061443140670703,0.6061408318046828,0.6061372967374365,0.6061337115935033,0.6061300791396651,0.6061264021791753,0.6061226835495965,0.6061189261206091,0.6061151327917939,0.606111306490395,0.6061074501690581,0.6061035668035525,0.6060996593904734,0.6060957309449284,0.6060917844982108,0.6060878230954584,0.6060838497933065,0.6060798676575254,1.2122672355131656,1.212251759246856,1.2122363139338226,1.2122209422098433,1.2122056863506148,1.2121905880910417,1.2121756884471724,1.212161027541626,1.2121466444333602,0.6060923402457703,0.6060825015593209,0.6060730220385253,0.606063931930155,0.6060552596820085,0.6060470318168056,0.0
0.0,0.0,0.0,0.0,0.0,0.0,0.0,0.0,0.606039479981857,0.6060356084362974,0.6060317652761819,0.6060279534662909,0.6060241759471798,0.6060204356329079,0.6060167354087961,0.606013078129199,0.6060094666153054,0.6060059036529643,0.6060023919905339,0.6059989343367699,0.6059955333587315,0.6059921916797261,0.6059889118772941,0.6059856964812124,0.6059825479715546,0.6059794687767734,0.6059764612718326,0.6059735277763741,0.6059706705529361,0.6059678918052032,0.6059651936763142,0.6059625782472078,0.605960047535021,0.6059576034915362,0.6059552480016741,0.6059529828820459,0.6059508098795514,0.6059487306700363,0.6059467468569977,0.6059448599703529,0.6059430714652577,0.6059413827209889,0.6059397950398807,0.6059383096463211,0.6059369276858105,0.6059356502240786,1.2119717580917317,1.21196191119004,1.2119523494580484,1.2119431106781666,1.2119342319333248,1.2119257494325844,1.211917698340346,1.2119101126099956,1.2119030248227762,1.2118964660326772,1.2118904656180791,1.211885051140872,1.2118802482137356,1.2118760803762112,1.2118725689801675,1.2118697330852135,1.2118675893645658,1.2118661520218317,1.2118654327190828,1.2118654405166136,1.2118661818246363,1.2118676603671767,1.2118698771583283,1.2118728304909956,1.2118765159381928,1.2118809263668697,1.2118860519642365,1.211891880276446,1.211898396259457,1.2119055823418545,1.211913418499316,1.2119218823403717,1.211930949203078,1.2119405922621156,1.2119507826458324,1.2119614895626514,1.211972680436269,1.2119843210489805,1.211996375692463,1.2120088073252941,0.6059750897239701,0.6059780631490881,0.6059811093483607,0.6059842259722842,0.6059874106170101,0.6059906608261958,0.6059939740928986,0.605997347861507,0.6060007795297107,0.6060042664505045,0.6060078059342315,0.6060113952506522,0.6060150316310529,0.6060187122703773,0.6060224343293897,0.6060261949368633,0.606029991191794,0.6060338201656397,1.2085646932138905,1.2085758702019191,0.6025412192856443,0.6025477365587841,0.6025538413287416,0.6025595194383067,0.6025647588909953,0.6025695498975441,0.6025738849115805,0.6025777586542926,0.6025811681279994,0.6025841126185483,0.6025865936865541,0.6025886151475139,0.6025901830409228,0.6025913055885328,0.6025919931419889,0.6025922581200912,0.602592114936012,0.6025915799148274,0.6025906712017877,0.6025894086617694,0.6025878137704298,0.6025859094975914,0.6025837201834493,0.6025812714082078,0.6025785898558008,0.6025757031723631,0.602572639820166,0.6025694289277291,0.6025661001368537,0.6025626834473339,0.6025592090601134,0.6025557072196538,0.6025522080563003,0.6025487414294126,0.6025453367720421,0.6025420229379072,0.6025388280514234,0.6025357793615355,0.6025329031000433,0.6025302243451437,0.6025277668908368,0.6025255531228494,0.0,0.0,0.0,0.0,0.0,0.0,0.0,0.0,0.0,0.6025261604239525,0.6025274441630986,0.6025286234419115,1.2050556502290517,1.2050591526736532,1.2050629002000277,1.2050668823212787,1.2050710865394474,1.2050754984009693,1.205080101562301,1.2050848778654362,1.2050898074229237,1.2050948687119951,1.205100038677339,1.2051052928420294,1.2051106054260774,1.2051159494720234,1.2051212969769658,1.2051266190303878,1.205131885957103,1.2051370674646393,1.2051421327943284,1.2051470508753717,1.205151790481124,1.2051563203868456,1.2051606095281295,0.6026401626585564,0.6026453897795654,0.6026503864766803,0.6026551226530862,0.6026595690706009,0.6026636974970365,0.6026674808489834,0.602670893329318,0.6026739105587599,0.6026765097008202,0.6026786695795309,0.6026803707893749,0.602681595796867,0.6026823290332801,0.6026825569780655,0.6026822682325415,0.6026814535834911,0.6026801060563418,0.602678220957664,0.6026757959067778,0.6026728308562961,0.602669328101503,0.6026652922785125,0.6026607303512107,0.6026556515870374,0.602650067521719,0.6026439919131221,0.6026374406844357,0.6026304318569752,0.6026229854729046,0.6026151235082718,0.6026068697767564,0.6025982498246149,0.6025892908173066,0.6025800214183734,0.6025704716611365,0.602560672813847,0.6025506572389273,0.6025404582470019,0.6025301099464005,0.0,0.0,0.0,0.0,0.0,0.0,0.0,0.0,0.0,0.0,0.0,0.6060402367067758,0.6060363599820539,0.6060325110629958,0.6060286929188335,0.6060249084950162,0.6060211607109385,1.2120567252730712
1.2048849566698083,1.204883843855907,1.2048827005037126,1.2048815000680684,1.2048802163148742,1.2048788234736996,1.204877296388119,0.6025120489147165,0.602514046157506,0.6025158138329888,0.60251732770988,0.6025185648841251,0.6025195039026062,0.6025201248797055,0.6025204096061445,0.6025203416495474,0.6025199064462397,0.6025190913838102,0.6025178858740332,0.6025162814157732,0.6025142716475667,0.6025118523896019,0.6025090216748962,0.6025057797694933,0.602502129181589,0.6024980746595214,0.6024936231786341,0.6024887839170676,0.6024835682205907,0.6024779895566335,0.6024720634577522,0.602465807454785,0.6024592410000212,0.6024523853807685,0.6024452636237139,0.6024379003905639,0.6024303218654536,0.6024225556346785,0.6024146305593329,0.6024065766414658,0.602398424884421,0.6023902071480143,0.6023819559992805,0.6023737045594882,0.6023654863481851,0.0,0.0,0.0,0.0,0.0,0.0,0.0,0.0,0.0,0.0,0.0,0.0,0.0,0.0,0.0,0.0,0.0,0.0,0.0,0.0,0.0,0.0,0.0,0.0,0.0,0.0,0.0,0.0,0.0,0.0,0.0,0.0,0.0,0.0,0.0,0.0,0.0,0.0,0.0,0.0,0.0,0.0,0.6023707866364123,0.6023802360394066,0.6023898236144344,0.6023995145493979,0.6024092738158133,0.6024190663300283,0.6024288571145141,0.6024386114584732,0.6024482950769645,0.6024578742678012,0.6024673160654411,0.602476588391146,0.602485660198664,0.6024945016147488,0.6025030840738254,0.6025113804461526,0.6025193651588658,0.0,0.0,0.6023651437201282,0.6023690389422077,0.6023729519479747,0.6023768797185602,0.6023808192236632,0.6023847674238827,0.6023887212730658,0.6023926777206551,0.602396633714045,0.6024005862009342,0.6024045321316821,0.6024084684616622,0.6024123921536111,0.6024163001799728,0.602420189525235,0.6024240571882568,0.6024279001845848,0.6024317155487561,0.6024355003365901,0.6024392516274577,0.6024429665265401,0.6024466421670603,0.6024502757124985,0.602453864358782,0.6024574053364511,0.602460895912796,0.6024643333939688,0.6024677151270649,0.6024710385021685,0.6024743009543728,0.6024774999657585,0.6024806330673396,0.6024836978409709,0.6024866919212153,0.6024896129971734,0.602492458814266,0.6024952271759789,0.6024979159455578,0.6025005230476624,0.6025030464699661,0.602505484264714,0.6025078345502283,1.205033699414036,1.2050342038592046,1.2050349168241064,1.205035852367987,1.2050370227119127,1.205038438166394,1.2050401070689016,1.2050420357315659,1.2050442283993523,0.6025205267949423,0.6025219680550645,0.6025237778551575,0.0,0.0,0.0,0.0,0.0,0.0,0.0,0.0,0.0,0.0,0.0,0.0,0.0,0.0,0.0,0.0,0.0,0.0,0.0,0.0,0.0,0.0,0.0,0.602524464500678,0.6025229532309946,0.6025213409677882,0.602519628955615,0.6025178185160209,0.60251591104652,0.6025139080195183,0.6025118109811692,0.6025096215501847,0.602507341416579,0.6025049723403654,0.6025025161501945,0.602499974741942,0.6024973500772437,0.6024946441819768,0.6024918591446979,0.602488997115027,0.6024860603019869,0.6024830509722972,0.6024799714486203,0.6024768241077695,0.6024736113788732,0.6024703357414952,0.6024669997237212,0.6024636059002074,0.6024601568901865,0.6024566553554527,0.6024531039982977,0.6024495055594291,0.6024458628158509,0.6024421785787216,0.6024384556911805,0.6024346970261547,0.6024309054841404,0.6024270839909619,0.6024232354955149,0.602419362967489,0.6024154693950753,0.6024115577826612,0.6024076311485089,1.2049233396113106,1.2049088498557428,1.2048943104384409,1.2048797601395165,1.204865237744741,1.2048507818813663,1.2048364308547592,1.2048222224866412,1.2048081939556803,1.2047943816412066,0.6024165041471345,0.6024070990653362,0.6023979886293687,0.6023892015797928,0.6023807651695041,0.6023727050431792,0.6023650451244831,0.0
0.0,0.0,0.0,0.0,0.0,0.0,0.0,0.6023635617482851,0.6023596966505308,0.6023558565437624,0.6023520443904525,0.6023482631314674,0.6023445156837994,0.6023408049383158,0.6023371337575331,0.602333504973408,0.6023299213851524,0.6023263857570811,0.6023229008164724,0.6023194692514756,0.6023160937090314,0.6023127767928352,0.6023095210613293,0.6023063290257322,0.6023032031481045,0.6023001458394475,0.602297159457849,0.6022942463066648,0.6022914086327473,0.6022886486247074,0.6022859684112354,0.6022833700594584,0.6022808555733464,0.6022784268921709,0.6022760858890105,0.6022738343693068,0.6022716740694761,0.6022696066555692,0.6022676337219911,0.6022657567902715,0.6022639773078926,0.6022622966471756,0.6022607161042224,0.602259236897919,0.6022578601689966,1.2046139221041687,1.2046047030403297,1.2045957239871732,1.2045870192848573,1.2045786227922144,1.2045705677284997,1.2045628865176081,1.204555610635515,1.2045487704616922,1.2045423951351868,1.204536512416095,1.204531148553064,1.2045263281574918,1.2045220740850036,1.2045184073248085,1.2045153468974417,1.2045129097614062,1.2045111107291595,1.2045099623928497,1.2045094750601641,1.204509656700607,1.204510512902452,1.2045120468406054,1.2045142592555154,1.2045171484432486,1.20452071025678,1.2045249381184981,1.2045298230438632,1.2045353536761345,1.2045415163319653,1.2045482950577007,1.2045556716960755,1.2045636259630164,1.204572135534192,1.2045811761408844,1.204590721674745,1.2046007443009281,1.2046112145790764,1.2046221015915697,1.2046333730784418,1.2046449955783167,1.2046569345746914,0.6022983680104643,0.6023013835854645,0.6023044691329934,0.6023076222731699,0.602310840573951,0.6023141215530048,0.6023174626796215,0.6023208613766688,0.6023243150225747,0.6023278209533477,0.6023313764646304,0.602334978813785,0.6023386252220075,0.6023423128764682,0.6023460389324827,0.6023498005157009,0.6023535947243285,0.6023574186313597,0.6023612692868384,0.0,0.0,0.5988732024187932,0.5988786085815636,0.5988836274342273,0.5988882500271142,0.5988924693922618,0.5988962805654351,0.5988996805983449,0.598902668561,0.5989052455341923,0.5989074145921688,0.5989091807755723,0.5989105510548052,0.5989115342839947,0.5989121411458035,0.5989123840873584,0.5989122772476237,0.5989118363765883,0.598911078746662,0.5989100230567355,0.5989086893293759,0.5989070988016731,0.5989052738102785,0.5989032376712108,0.5989010145550216,0.5988986293579446,0.5988961075696569,0.5988934751383249,0.5988907583335794,0.5988879836081155,0.5988851774585917,0.5988823662865116,0.5988795762597824,0.5988768331756258,0.5988741623255129,0.5988715883627992,0.5988691351736962,0.0,0.0,0.0,0.0,0.0,0.0,0.0,0.0,0.0,0.0,0.0,0.0,0.0,0.0,0.0,0.0,0.0,0.0,0.5988691157467072,1.1977407830038052,1.197744609409217,1.1977485967254788,1.1977527304414581,1.1977569944601383,1.1977613711738093,1.1977658415472852,1.1977703852087576,1.1977749805478355,1.1977796048203126,1.197784234259133,1.1977888441910405,1.1977934091583244,1.197797903045084,1.1978022992073885,0.5989383613478291,0.5989434547622564,0.5989484739845732,0.598953390782545,0.598958177001825,0.5989628047063988,0.59896724631832,0.5989714747560279,0.5989754635705858,0.5989791870791656,0.598982620495115,0.5989857400539876,0.5989885231348904,0.5989909483765719,0.5989929957876642,0.5989946468505423,0.5989958846182802,0.5989966938042333,0.5989970608637888,0.5989969740678883,0.5989964235679537,0.5989954014518887,0.5989939017908774,0.5989919206767446,0.5989894562496856,0.5989865087162245,0.5989830803573073,0.598979175526477,0.5989748006381427,0.5989699641459842,0.5989646765115955,0.5989589501635135,0.5989527994468249,0.59894624056359,0.5989392915043691,0.598931971971184,0.5989243032922759,0.5989163083290768,0.5989080113758386,0.5988994380524051,0.5988906151906475,0.5988815707150988,0.5988723335183803,0.0,0.0,0.0,0.0,0.0,0.0,0.0,0.0,0.0,0.0,0.0,0.0,0.6023643168236562,0.6023604472070512,0.6023566020024058,0.6023527841761338,0.6023489966734857,0.6023452424162788,0.6023415243006418,1.2046956527063608
1.1975498865280163,1.1975480855986511,1.1975462590883887,1.197544384171693,1.1975424382964515,1.1975403993183384,0.598831566159018,0.5988331359166285,0.5988345282992914,0.5988357211266366,0.59883669327348,0.5988374247846646,0.5988378969841337,0.5988380925776838,0.5988379957489008,0.5988375922477862,0.5988368694716396,0.5988358165377866,0.5988344243477925,0.5988326856428343,0.5988305950499462,0.5988281491189199,0.598825346349649,0.5988221872097929,0.5988186741426582,0.5988148115652473,0.5988106058564886,0.5988060653356835,0.5988012002312842,0.598796022640134,0.598790546477377,0.5987847874172646,0.5987787628251497,0.5987724916809989,0.5987659944947764,0.5987592932141315,0.5987524111248137,0.5987453727443147,0.5987382037092428,0.5987309306569781,0.5987235811021877,0.5987161833087881,0.5987087661579907,0.0,0.0,0.0,0.0,0.0,0.0,0.0,0.0,0.0,0.0,0.0,0.0,0.0,0.0,0.0,0.0,0.0,0.0,0.0,0.0,0.0,0.0,0.0,0.0,0.0,0.0,0.0,0.0,0.0,0.0,0.0,0.0,0.0,0.0,0.0,0.0,0.0,0.0,0.0,0.0,0.0,0.0,0.0,0.0,0.0,0.5987125371117727,0.5987213310152909,0.5987302221842312,0.5987391794135614,0.5987481714452837,0.5987571671111616,0.5987661354748254,0.5987750459725801,0.5987838685522398,0.5987925738093033,0.5988011331198346,0.5988095187693908,0.5988177040773798,0.5988256635162523,0.5988333728249498,0.5988408091160553,0.5988479509761455,0.5988547785588435,0.5988612736701374,0.5988674198455507,0.5987114979873107,0.5987153946484158,0.5987193032037468,0.5987232206377858,0.5987271439281217,0.5987310700477793,0.5987349959675569,0.5987389186583624,0.5987428350935502,0.598746742251257,0.5987506371167349,0.5987545166846754,0.5987583779615296,0.5987622179678226,0.5987660337404462,0.5987698223349508,0.598773580827819,0.5987773063187183,0.5987809959327439,0.5987846468226382,0.5987882561709863,0.5987918211923949,0.598795339135641,0.5987988072857968,0.5988022229663286,0.5988055835411595,0.5988088864167104,0.5988121290438997,0.598815308920113,0.5988184235911389,0.5988214706530607,0.5988244477541161,0.5988273525965155,0.5988301829382132,0.5988329365946434,0.5988356114404069,1.197705031163136,1.1977053985837254,1.1977058677910777,1.1977064565283986,1.1977071812650948,1.1977080571017178,1.197709097682126,1.197710315113289,1.1977117198931397,1.197713320846845,1.1977151250717837,1.1977171378915419,1.1977193628191334,1.1977218015296374,1.197724453842402,1.1977273177128975,1.1977303892342652,1.1977336626485675,0.5988680146209845,0.0,0.0,0.0,0.0,0.0,0.0,0.0,0.0,0.0,0.0,0.0,0.0,0.0,0.0,0.0,0.5988682092588745,0.598867235183668,0.5988661558227893,0.5988649720094505,0.5988636846574922,0.5988622947606758,0.5988608033919153,0.5988592117024505,0.5988575209209539,0.5988557323525792,0.598853847377959,0.5988518674521317,0.5988497941034178,0.5988476289322407,0.5988453736098889,0.5988430298772219,0.5988405995433272,0.5988380844841231,0.5988354866409041,0.598832808018846,0.5988300506854533,0.5988272167689636,0.5988243084566998,0.5988213279933833,0.598818277679398,0.5988151598690137,0.5988119769685664,0.5988087314346004,0.5988054257719686,0.5988020625319006,0.5987986443100288,0.5987951737443867,0.5987916535133683,0.5987880863336614,0.5987844749581498,0.5987808221737861,0.5987771307994415,0.5987734036837264,0.5987696437027945,0.5987658537581177,0.5987620367742511,0.5987581956965726,0.5987543334890082,1.197613386463752,1.197599958212131,1.1975864162647096,1.197572795072935,1.1975591293839394,1.1975454540956045,1.1975318041109748,1.1975182141926963,1.1975047188181778,1.1974913520361596,1.197478147325368,0.5987577044715932,0.5987487843123179,0.598740100855295,0.5987316809865831,0.598723550388162,0.5987157334248167,0.0,0.0,0.0
0.0,0.0,0.0,0.0,0.0,0.0,0.5987066794741399,0.5987028203898638,0.5986989829007348,0.5986951699672538,0.5986913845309367,0.5986876295120452,0.598683907807334,0.5986802222878176,0.5986765757965589,0.5986729711464726,0.598669411118162,0.5986658984577714,0.5986624358748691,0.5986590260403636,0.5986556715844381,0.5986523750945296,0.5986491391133302,0.5986459661368282,0.5986428586123889,0.598639818936862,0.5986368494547407,0.5986339524563502,0.5986311301760879,0.5986283847906974,0.5986257184175944,0.5986231331132351,0.5986206308715301,0.5986182136223115,0.598615883229844,0.5986136414913893,0.5986114901358218,0.5986094308222984,0.5986074651389782,0.5986055946018018,0.5986038206533225,0.598602144661595,0.5986005679191222,1.197300450654919,1.197291708549722,1.197283138733431,1.1972747721620252,1.1972666396330836,1.197258771643479,1.1972511982479022,1.1972439489189073,1.1972370524091631,1.1972305366165505,1.1972244284527884,1.197218753716193,1.1972135369692092,1.1972088014212883,1.1972045688176882,1.1972008593347234,1.1971976914819855,1.1971950820119925,1.197193045837711,1.1971915959583563,1.1971907433938145,1.197190497128025,1.197190864061585,1.1971918489738105,1.197193454494451,1.1971956810851758,1.1971985270309558,1.1972019884413578,1.1972060592617768,1.1972107312945288,1.1972159942297456,1.1972218356858897,1.1972282412597353,1.197235194585559,1.1972426774032732,1.1972506696351792,1.1972591494709786,1.1972680934606403,1.1972774766146892,1.1972872725114332,1.1972974534106278,1.1973079903730368,1.197318853385322,1.1973300114896652,1.1973414329175118,0.5986405481150289,0.5986436044267249,0.598646728012175,0.5986499164621311,0.5986531673172867,0.5986564780701701,0.5986598461670776,0.5986632690100413,0.5986667439588326,0.5986702683329931,0.5986738394139068,0.5986774544468918,0.5986811106433231,0.5986848051827856,0.5986885352152449,0.5986922978632495,0.5986960902241435,0.5986999093723107,0.5987037523614255,0.5987076162267279,0.0,0.0,0.0,0.0,0.0,0.5952347226410898,0.5952381330209742,0.5952411814669931,0.5952438685885197,0.5952461967397805,0.5952481699964537,0.595249794123895,0.5952510765371399,0.5952520262529027,0.5952526538338015,0.5952529713251083,0.5952529921843291,0.5952527312039747,0.5952522044279084,0.5952514290616878,0.5952504233773513,0.5952492066131199,0.5952477988685154,0.5952462209954202,0.5952444944856113,0.595242641355335,0.5952406840274861,0.5952386452119853,0.5952365477849317,0.0,0.0,0.0,0.0,0.0,0.0,0.0,0.0,0.0,0.0,0.0,0.0,0.0,0.0,0.0,0.0,0.0,0.0,0.0,0.0,0.0,0.0,0.0,0.0,0.0,0.0,0.0,0.0,0.0,0.5952358343803219,0.5952392744255466,0.5952428960199599,0.5952466826729719,0.5952506166607487,0.5952546791119133,0.5952588500991698,0.5952631087364108,0.5952674332808336,0.5952718012395707,0.5952761894803139,0.5952805743453957,0.5952849317687732,0.5952892373953446,0.5952934667020048,0.5952975951198743,0.5953015981570724,0.5953054515214594,0.5953091312427335,0.5953126137932899,0.5953158762072415,0.5953188961970274,0.5953216522670289,0.5953241238236336,0.5953262912812077,0.5953281361634569,0.5953296411996644,0.595330790415345,0.595331569216854,0.5953319644695401,0.5953319645690432,0.595331559505398,0.5953307409196061,0.5953295021524068,0.5953278382849904,0.595325746171461,0.5953232244628672,0.5953202736226899,0.5953168959336981,0.5953130954961323,0.5953088782172163,0.5953042517920522,0.5952992256759608,0.5952938110484325,0.5952880207688155,0.5952818693239905,0.5952753727682518,0.5952685486556957,0.5952614159654418,0.5952539950200307,0.5952463073974097,0.595238375836912,0.0,0.0,0.0,0.0,0.0,0.0,0.0,0.0,0.0,0.0,0.0,0.0,0.0,0.0,0.5987074329843246,0.5987035700418178,0.5986997281161196,0.5986959101711626,0.5986921191523377,0.5986883579842197,1.1973928826056905,1.1973820674236202,1.1973716685120281
1.190252669608367,1.1902501919601103,1.190247693653202,1.1902451554189226,0.5951701210699872,0.5951713147357887,0.5951723972993092,0.5951733481629213,0.5951741474354932,0.5951747760411356,0.5951752158239255,0.5951754496480804,0.5951754614930944,0.5951752365433454,0.5951747612717448,0.595174023516999,0.5951730125540986,0.5951717191576813,0.5951701356579538,0.5951682559888845,0.5951660757284245,0.5951635921305517,0.5951608041489784,0.5951577124523847,0.5951543194311159,0.5951506291952756,0.5951466475642493,0.5951423820476741,0.5951378418179603,0.5951330376744782,0.5951279819995947,0.5951226887067518,0.5951171731808496,0.5951114522112119,0.5951055439174567,0.5950994676686352,0.595093243996021,0.5950868944999796,0.5950804417513615,0.0,0.0,0.0,0.0,0.0,0.0,0.0,0.0,0.0,0.0,0.0,0.0,0.0,0.0,0.0,0.0,0.0,0.0,0.0,0.0,0.0,0.0,0.0,0.0,0.0,0.0,0.0,0.0,0.0,0.0,0.0,0.0,0.0,0.0,0.0,0.0,0.0,0.0,0.0,0.0,0.0,0.0,0.0,0.0,0.0,0.0,0.0,0.0,0.0,0.0,0.0,0.5950797917732064,0.5950880057754067,0.5950962562017903,0.5951045154940603,0.5951127562924646,0.5951209515591805,0.5951290746999676,0.5951370996835037,0.5951450011578345,0.5951527545633675,0.5951603362418691,0.5951677235409496,0.5951748949135148,0.5951818300117244,0.5951885097749938,0.5951949165116194,0.5952010339736425,0.5952068474245826,0.5952123436997271,0.5952175112586833,1.1902989138716442,1.1903072866453943,1.1903153123140129,0.5950882605498373,0.595092160329911,0.5950960571676001,0.5950999480562115,0.5951038299935997,0.5951076999844809,0.5951115550427459,0.5951153921937642,0.59511920847668,0.5951230009466986,0.5951267666773562,0.5951305027627825,0.5951342063199438,0.5951378744908653,0.5951415044448409,0.5951450933806183,0.595148638528561,0.5951521371527876,0.595155586553285,0.5951589840679921,0.5951623270748582,0.5951656129938647,0.5951688392890216,0.5951720034703235,1.1904095177628227,1.190410404475465,1.1904112316989228,1.1904120194749979,1.1904127874653647,1.190413554837684,1.1904143401545897,1.1904151612660947,1.1904160352059727,1.1904169780925993,1.1904180050347857,1.1904191300430342,1.1904203659466899,1.1904217243173836,1.1904232153991505,1.190424848045582,1.1904266296643153,1.1904285661691438,1.1904306619399916,1.1904329197909487,1.1904353409465325,1.1904379250263033,1.1904406700379102,1.1904435723786067,1.190446626845234,1.1904498266526433,1.1904531634604552,1.1904566274080386,1.1904602071575523,0.5952280555645069,0.5952283872123233,0.5952286107827129,0.5952287261030893,0.5952287330844308,0.5952286317213483,0.5952284220920924,0.5952281043584895,0.5952276787658201,0.5952271456426252,0.5952265054004559,0.5952257585335524,0.5952249056184646,0.5952239473136041,0.5952228843587353,0.595221717574405,0.5952204478613075,0.5952190761995859,0.5952176036480785,0.5952160313434971,0.5952143604995489,0.5952125924059988,0.5952107284276721,0.5952087700034002,0.5952067186449054,0.5952045759356378,0.5952023435295458,0.5952000231498014,0.5951976165874663,0.5951951257001096,0.5951925524103708,0.5951898987044726,0.5951871666306902,0.5951843582977646,0.5951814758732745,0.595178521581961,0.5951754977040107,0.5951724065732897,0.5951692505755468,0.5951660321465635,0.5951627537702765,0.5951594179768586,0.5951560273407631,0.5951525844787366,0.595149092047796,0.5951455527431785,0.5951419692962591,0.5951383444724411,0.5951346810690218,0.5951309819130314,0.5951272498590507,0.595123487787006,1.190349922739641,1.1903377622859026,1.1903254108115906,1.1903128976166912,1.1903002526332738,1.1902875063035259,1.1902746894554213,1.1902618331766104,1.190248968687126,1.190236127211511,1.1902233398509696,1.1902106374561425,0.5951248587405449,0.5951162883168761,0.5951078779780561,0.5950996533584727,0.5950916392496653,0.5950838594914496,0.595076336867627,0.0,0.0,0.0,0.0
0.0,0.0,0.0,0.0,0.5950724371559764,0.5950685686616105,0.5950647154265868,0.5950608804236448,0.5950570666114169,0.5950532769321447,0.5950495143094077,0.5950457816458729,0.5950420818210563,0.5950384176890979,0.5950347920765663,0.5950312077802766,0.5950276675651345,0.5950241741620058,0.5950207302656103,0.595017338532445,0.5950140015787367,0.5950107219784241,0.5950075022611774,0.5950043449104438,0.5950012523615397,0.5949982269997679,0.5949952711585845,0.5949923871177977,0.5949895771018124,0.5949868432779174,0.5949841877546136,0.5949816125799915,0.5949791197401529,0.5949767111576796,0.594974388690154,0.5949721541287276,0.5949700091967428,0.594967955548402,0.5949659947674987,1.1900380375540929,1.1900296787899656,1.1900213864351772,1.1900131871547002,1.1900051079504164,1.1899971760395296,1.189989418731321,1.1899818633028487,1.1899745368741943,1.1899674662838433,1.1899606779648235,1.1899541978221737,1.1899480511123488,1.1899422623251412,1.1899368550686917,1.1899318519581263,1.1899272745083862,1.1899231430317432,1.1899194765405094,1.1899162926554043,1.1899136075200318,1.189911435721871,1.1899097902201659,1.1899086822810738,1.1899081214203724,1.1899081153540132,1.1899086699567687,1.1899097892291541,1.1899114752728228,1.1899137282745191,1.1899165464986994,1.189919926288849,1.1899238620774995,1.1899283464048964,1.1899333699462464,1.1899389215474006,1.189944988268836,1.1899515554376994,1.1899586067076924,1.1899661241265114,1.1899740882105228,1.1899824780263162,1.189991271278775,1.19000044440521,1.1900099726751514,1.1900198302952958,1.1900299905191312,1.190040425760706,1.1900511077120144,1.1900620074634363,1.1900730956266528,0.5950045506862663,0.5950077122165446,0.5950109359514351,0.5950142194043865,0.5950175600427564,0.5950209552897596,0.5950244025264549,0.5950278990937654,0.5950314422945274,0.5950350293955673,0.5950386576298119,0.5950423241984194,0.5950460262729371,0.5950497609974849,0.5950535254909525,0.5950573168492254,0.5950611321474224,0.5950649684421508,0.5950688227737779,0.5950726921687118,0.0,0.0,0.0,0.0,0.0,0.0,0.0,0.0,0.0,0.0,0.0,0.0,0.0,0.0,0.0,0.0,0.0,0.0,0.0,0.0,0.0,0.0,0.0,0.0,0.0,0.0,0.0,0.0,0.0,0.0,0.0,0.0,0.0,0.0,0.0,0.0,0.0,0.0,0.0,0.0,0.0,0.0,0.0,0.0,0.0,0.0,0.0,0.0,0.0,0.0,0.0,0.0,0.0,0.0,0.0,0.0,0.0,0.0,0.0,0.0,0.0,0.5916260358310655,0.5916295737938346,0.5916331742387058,0.5916368184078261,0.5916404869043416,0.5916441597881276,0.5916478166744988,0.591651436835423,0.5916549993027405,0.5916584829728906,0.5916618667126287,0.5916651294652161,0.5916682503565684,0.5916712088008349,0.5916739846048968,0.5916765580712682,0.5916789100988914,0.591681022281343,0.5916828770019468,0.5916844575253417,0.5916857480850468,0.5916867339665868,0.5916874015857739,0.5916877385617496,0.5916877337844341,0.5916873774760331,0.5916866612463094,0.5916855781413368,0.591684122685488,0.5916822909164486,0.5916800804130826,0.5916774903159957,0.5916745213407,0.5916711757833042,0.5916674575186932,0.5916633719911985,0.5916589261978034,0.5916541286639533,0.5916489894120825,0.5916435199230017,0.5916377330903398,0.5916316431682379,0.5916252657125556,0.0,0.0,0.0,0.0,0.0,0.0,0.0,0.0,0.0,0.0,0.0,0.0,0.0,0.0,0.0,0.0,0.5950731917605719,0.5950693206423802,0.5950654642033781,0.5950616254187866,0.5950578072501629,0.5950540126431167,0.5950502445250389,1.190115598809629,1.1901049476493775,1.190094649814384,1.1900847257622482
0.591528938879489,0.5915296842218237,0.5915304105526363,0.5915310989611556,0.5915317307448832,0.5915322875125716,0.5915327512856715,0.5915331045977343,0.5915333305912817,0.5915334131116632,0.5915333367974219,0.5915330871667359,0.5915326506994864,0.5915320149145534,0.5915311684419519,0.5915301010894369,0.5915288039032592,0.5915272692227485,0.5915254907284638,0.5915234634836561,0.5915211839688365,0.5915186501092733,0.591515861295275,0.5915128183951486,0.5915095237607685,0.5915059812257175,0.5915021960959971,0.5914981751333581,0.5914939265313167,0.5914894598839626,0.591484786147722,0.5914799175962396,0.5914748677685995,0.5914696514111424,0.0,0.0,0.0,0.0,0.0,0.0,0.0,0.0,0.0,0.0,0.0,0.0,0.0,0.0,0.0,0.0,0.0,0.0,0.0,0.0,0.0,0.0,0.0,0.0,0.0,0.0,0.0,0.0,0.0,0.0,0.0,0.0,0.0,0.0,0.0,0.0,0.0,0.0,0.0,0.0,0.0,0.0,0.0,0.0,0.0,0.0,0.0,0.0,0.0,0.0,0.0,0.0,0.0,0.0,0.0,0.0,0.0,0.0,0.0,0.5914707899796795,0.5914783654432645,0.591485907167271,0.5914933917835609,0.5915007964073089,0.5915080987380794,0.5915152771579073,0.5915223108259281,0.5915291797690924,0.5915358649685342,0.5915423484411804,0.5915486133162039,0.5915546439059636,0.5915604257710855,0.5915659457793782,0.5915711921583056,0.5915761545407583,0.5915808240039228,0.591585193101054,0.5915892558860101,0.5915930079304422,1.1830644733060773,1.1830714711103276,1.183078148385414,1.1830845038120832,1.183090537569834,1.1830962513119911,1.1831016481336707,1.1831067325327949,1.1831115103643808,1.1831159887883218,1.1831201762109709,1.1831240822207958,1.1831277175184536,1.183131093841653,1.1831342238851712,1.1831371212164519,1.1831398001871982,1.183142275841428,1.1831445638204336,1.183146680265161,1.1831486417164592,1.183150465013746,1.1831521671925613,1.1831537653815596,1.1831552766994275,1.1831567181522642,1.1831581065319332,1.183159458315894,1.1831607895690104,1.1831621158478431,1.183163452107886,1.1831648126142202,1.1831662108560363,1.1831676594654406,1.1831691701409675,1.1831707535761589,1.1831724193935957,1.183174176084688,1.1831760309555366,1.183177990079145,1.1831800582542078,1.183182238970697,1.183184534382411,1.1831869452866435,1.1831894711110553,1.1831921099078464,1.183194858355237,1.1831977117662726,1.1832006641049202,1.1832037080093687,1.1832068348224283,1.1832100346289005,1.183213296299717,1.1832166075426669,1.1832199549594327,1.1832233241086993,1.1832266995750031,0.5916040292119265,0.5916038295829259,0.5916035224651307,0.5916031080956247,0.5916025867942856,0.5916019589635356,0.5916012250880353,0.5916003857343022,0.59159944155028,0.5915983932648321,0.5915972416871796,0.5915959877062776,0.5915946322901257,0.5915931764850204,0.5915916214147463,0.5915899682797069,0.5915882183559984,0.5915863729944191,0.591584433619431,0.5915824017280537,0.5915802788887096,0.5915780667400116,0.5915757669894955,0.5915733814123019,0.5915709118498024,0.5915683602081787,0.591565728456946,0.5915630186274343,0.5915602328112184,0.5915573731585001,0.5915544418764471,0.5915514412274887,0.5915483735275666,0.5915452411443467,0.5915420464953893,0.5915387920462808,0.5915354803087312,0.591532113838631,0.5915286952340807,0.59152522713338,0.5915217122129939,0.5915181531854828,0.59151455279741,1.1831295313430883,1.1831189556196553,1.1831081132231436,1.1830970270700898,1.1830857210214147,1.1830742197893387,1.1830625488403281,1.1830507342945253,1.183038802822138,1.1830267815372761,1.1830146978897376,1.1830025795552426,0.5915251722084754,0.5915169450607923,0.5915087640709609,0.5915006537185704,0.5914926381596066,0.5914847411206603,0.5914769857952197,0.5914693947425355,0.0,0.0,0.0,0.0,0.0,0.0,0.0
0.5914645272913843,0.5914606503452983,0.5914567764094529,0.5914529084727371,0.5914490495193689,0.5914452025265916,0.5914413704623771,0.5914375562831371,0.5914337629314422,0.5914299933337535,0.5914262503981641,0.5914225370121569,0.5914188560403801,0.591415210322435,0.5914116026706887,0.5914080358681044,0.5914045126660983,0.5914010357824147,0.5913976078990348,0.591394231660107,0.591390909669909,0.5913876444908408,0.591384438641452,0.5913812945944952,0.5913782147750282,0.5913752015585378,0.5913722572691138,0.5913693841776575,0.5913665845001302,0.5913638603958487,0.5913612139658186,0.5913586472511188,0.5913561622313269,0.5913537608229943,1.1828157292913102,1.1828079999196255,1.1828002437971086,1.1827924814495607,1.1827847341637963,1.182777023896623,1.18276937317999,1.1827618050227593,1.1827543428095755,1.1827470101973092,1.1827398310095831,1.1827328291298804,1.182726028393752,1.1827194524806366,1.1827131248058262,1.1827070684130816,1.1827013058684277,1.1826958591556367,1.1826907495738943,1.1826859976381652,1.1826816229827095,1.1826776442682387,1.1826740790931556,1.1826709439092893,1.182668253942559,1.1826660231189376,1.1826642639960698,1.1826629877008785,1.1826622038734829,1.1826619206176616,1.1826621444581376,1.1826628803048862,1.1826641314246262,1.182665899419653,1.1826681842141153,1.1826709840478036,1.1826742954774891,1.1826781133858093,1.1826824309976633,1.1826872399040487,1.1826925300932254,1.1826982899890695,1.1827045064964363,1.1827111650533166,1.182718249689553,1.1827257430918368,1.1827336266746702,1.1827418806569845,1.1827504841440253,1.1827594152141416,1.1827686510100528,1.1827781678341793,1.182787941247565,1.1827979461719487,1.1828081569944784,1.1828185476745936,1.1828290918525477,1.1828397629590826,1.1828505343257092,0.5913905893154138,0.591393905887749,0.5913972769600979,0.591400699932172,0.5914041721636136,0.5914076909760352,0.5914112536550805,0.5914148574525192,0.591418499588364,0.5914221772530146,0.5914258876094256,0.5914296277952898,0.5914333949252498,0.5914371860931192,0.5914409983741267,0.5914448288271701,0.5914486744970844,0.591452532416923,0.5914563996102435,0.5914602730934073,0.5914641498778775,0.0,0.0,0.0,0.0,0.0,0.0,0.0,0.0,0.0,0.0,0.0,0.0,0.0,0.0,0.0,0.0,0.0,0.0,0.0,0.0,0.0,0.0,0.0,0.0,0.0,0.0,0.0,0.0,0.0,0.0,0.0,0.0,0.0,0.0,0.0,0.0,0.0,0.0,0.0,0.0,0.0,0.0,0.0,0.0,0.0,0.0,0.0,0.0,0.0,0.0,0.0,0.0,0.0,0.0,0.0,0.0,0.0,0.0,0.0,0.0,0.0,0.0,0.0,0.5880348708177728,0.5880378121551999,0.5880406899102553,0.5880434861331809,0.5880461828596926,0.5880487622018732,0.5880512064390071,0.5880534981079308,0.5880556200924394,0.5880575557113142,0.5880592888045414,0.588060803817296,0.588062085881271,0.5880631208929574,0.5880638955884899,0.5880643976146739,0.5880646155958574,0.5880645391963086,0.5880641591777875,0.5880634674520256,0.5880624571278522,0.5880611225527335,0.5880594593485028,0.5880574644411195,0.588055136084286,0.5880524738768146,0.5880494787736437,0.5880461530904467,0.5880425005018042,0.5880385260329328,0.5880342360450259,0.0,0.0,0.0,0.0,0.0,0.0,0.0,0.0,0.0,0.0,0.0,0.0,0.0,0.0,0.0,0.0,0.0,0.0,0.5914652821161791,0.5914614049318877,0.5914575301756385,0.591453660836963,0.5914497999011695,0.591445950347039,0.5914421151445274,0.5914382972524773,1.1828964894058702,1.1828855171021582,1.182874798078331,1.1828643543050426,1.1828542066455552,1.1828443747773592,1.1828348771193804
0.5879128421434768,0.5879129477162545,0.587913038697873,0.5879130992929155,0.5879131138829028,0.5879130671142211,0.5879129439847365,0.5879127299286544,0.5879124108992196,0.5879119734488206,0.5879114048061168,0.587910692949796,0.5879098266785923,0.5879087956772118,0.5879075905778437,0.5879062030169359,0.5879046256869597,0.587902852382892,0.5879008780431877,0.5878986987850316,0.5878963119336815,0.5878937160457639,0.587890910926393,0.5878878976400161,0.5878846785149426,0.5878812571415027,0.5878776383638631,0.0,0.0,0.0,0.0,0.0,0.0,0.0,0.0,0.0,0.0,0.0,0.0,0.0,0.0,0.0,0.0,0.0,0.0,0.0,0.0,0.0,0.0,0.0,0.0,0.0,0.0,0.0,0.0,0.0,0.0,0.0,0.0,0.0,0.0,0.0,0.0,0.0,0.0,0.0,0.0,0.0,0.0,0.0,0.0,0.0,0.0,0.0,0.0,0.0,0.0,0.0,0.0,0.0,0.0,0.0,0.0,0.0,0.0,0.0,0.0,0.0,0.0,0.0,0.0,0.0,0.0,0.0,0.0,0.0,0.587876755782488,0.5878835999554142,0.5878903617141664,0.5878970221448476,0.587903562995786,0.5879099667555636,0.5879162167273239,0.5879222970990025,0.5879281930091407,0.5879338906079764,0.5879393771135202,0.5879446408623438,0.5879496713548543,0.587954459294826,0.5879589966230196,0.5879632765447208,0.5879672935510841,0.5879710434341717,0.5879745232956383,0.587977731549017,0.5879806679156088,0.5879833334140043,1.1758636267907683,1.1758695737355058,1.1758752431764812,1.1758806381616,1.1758857629068729,1.1758906227523012,1.1758952241124383,1.1758995744218708,1.1759036820759183,1.1759075563668469,1.1759112074159348,1.1759146461017407,1.17591788398493,1.1759209332300629,1.17592380652472,1.1759265169964022,1.1759290781276042,1.1759315036695086,1.1759338075547263,1.175936003809532,1.1759381064660346,1.1759401294747223,1.1759420866178365,1.1759439914239862,1.1759458570844576,1.1759476963716324,1.1759495215599098,1.1759513443495522,1.175953175793825,1.175955026229798,1.175956905213157,1.1759588214573595,1.175960782777426,1.1759627960386718,1.1759648671106155,1.1759670008263208,1.1759692009473568,1.1759714701345656,1.175973809924796,1.175976220713705,1.1759787017447336,1.1759812511043113,1.175983865723318,1.1759865413848065,1.17598927273795,1.1759920533181574,1.17599487557325,1.1759977308956007,1.176000609660056,1.1760035012674768,1.176006394193697,1.176009276043633,1.1760121336103226,1.1760149529385755,1.1760177193929442,1.1760204177296825,1.1760230321723366,1.1760255464906075,1.1760279440820907,0.5879953372387288,0.5879945091667746,0.587993576762747,0.5879925407464149,0.5879914019175287,0.587990161155203,0.5879888194172324,0.5879873777393559,0.5879858372344539,0.5879841990916866,0.5879824645755775,0.587980635025033,0.5879787118523114,0.587976696541927,0.587974590649505,0.5879723958005785,0.587970113689331,0.5879677460772895,0.5879652947919616,0.5879627617254224,0.5879601488328525,0.5879574581310286,0.5879546916967648,0.5879518516653043,0.5879489402286748,0.5879459596339909,0.5879429121817188,0.5879398002239014,0.5879366261623374,0.5879333924467277,0.587930101572784,1.1759563942945355,1.1759481000556207,1.1759394677413195,1.1759305114450036,1.175921246466,1.1759116892568378,1.175901857365147,1.1758917693704656,1.1758814448162707,1.1758709041375124,1.1758601685840309,1.1758492601401762,1.1758382014410271,1.1758270156855926,0.5879400324695829,0.5879325002762137,0.5879249227756433,0.5879173215412646,0.5879097182406399,0.5879021345417813,0.5878945920194587,0.5878871120619623,0.5878797157787808,0.0,0.0,0.0,0.0,0.0,0.0,0.0,0.0,0.0,0.0
0.5878595519226277,0.5878556949808178,0.5878518408366408,0.5878479924637195,0.5878441528311832,0.58784032490137,0.5878365116275492,0.5878327159516396,0.5878289408019396,0.5878251890908716,0.5878214637127321,0.5878177675414635,0.5878141034284364,0.5878104742002486,0.5878068826565497,0.5878033315678801,0.5877998236735354,0.5877963616794555,0.5877929482561364,0.5877895860365757,0.5877862776142382,0.5877830255410602,0.5877798323254826,0.5877767004305169,0.5877736322718459,0.5877706302159655,0.5877676965783574,1.175638661887215,1.1756318777026344,1.1756249930340323,1.17561801962771,1.1756109702902422,1.175603858842358,1.1755967000673813,1.1755895096544675,1.1755823041369111,1.1755751008258037,1.175567917739373,1.1755607735283127,1.175553687397484,1.1755466790243423,1.1755397684744888,1.1755329761147464,1.1755263225241732,1.175519828403452,1.1755135144830677,1.1755074014307385,1.1755015097585277,1.1754958597300877,1.1754904712684873,1.1754853638650586,1.1754805564897044,1.1754760675030986,1.1754719145712083,1.1754681145825367,1.1754646835685043,1.1754616366273325,1.1754589878518185,1.1754567502613305,1.175454935738371,1.1754535549700078,1.1754526173944475,1.1754521311530335,1.1754521030478828,1.1754525385053776,1.1754534415456963,1.1754548147585182,1.1754566592850444,1.1754589748064062,1.1754617595385382,1.1754650102335367,1.175468722187503,1.175472889254842,1.1754775038689553,1.175482557069231,1.1754880385342141,1.1754939366207942,1.1755002384092388,1.17550692975386,1.1755139953390796,1.1755214187406255,1.175529182491577,1.1755372681529574,1.1755456563885205,1.175554327043408,1.1755632592262828,1.1755724313945675,1.175581821442381,1.1755914067907627,1.1756011644797448,1.175611071261867,1.175621103696662,1.175631238245684,1.1756414513676328,1.1756517196131133,1.175662019718601,0.5877955729166622,0.5877990239840105,0.5878025215684595,0.5878060629720326,0.5878096454629148,0.5878132662775595,0.5878169226228178,0.5878206116780941,0.5878243305975186,0.587828076512143,0.5878318465321526,0.587835637749095,0.5878394472381225,0.5878432720602483,0.5878471092646133,0.5878509558907626,0.587854808970929,0.5878586655323201,0.5878625225994175,0.5878663771962653,0.5878702263487723,0.5878740670870026,0.0,0.0,0.0,0.0,0.0,0.0,0.0,0.0,0.0,0.0,0.0,0.0,0.0,0.0,0.0,0.0,0.0,0.0,0.0,0.0,0.0,0.0,0.0,0.0,0.0,0.0,0.0,0.0,0.0,0.0,0.0,0.0,0.0,0.0,0.0,0.0,0.0,0.0,0.0,0.0,0.0,0.0,0.0,0.0,0.0,0.0,0.0,0.0,0.0,0.0,0.0,0.0,0.0,0.0,0.0,0.0,0.0,0.0,0.0,0.0,0.0,0.0,0.0,0.0,0.0,0.0,0.0,0.0,0.0,0.0,0.0,0.0,0.0,0.0,0.0,0.0,0.0,0.0,0.0,0.0,0.0,0.0,0.0,0.0,0.0,0.0,0.0,0.0,0.0,0.0,0.0,0.0,0.0,0.0,0.0,0.0,0.0,0.0,0.0,0.0,0.0,0.0,0.0,0.0,0.5878756940778177,0.5878718578066876,0.587868011862459,0.5878641592126116,0.5878603028297563,0.5878564456893396,0.5878525907673495,0.5878487410380179,0.5878448994715275,1.1757134929413415,1.1757025094090252,1.175691687332435,1.1756810487471343,1.175670614961569,1.1756604064768772,1.175650442910488,1.1756407429238727,1.1756313241547542,1.1756222031541248
0.5843165200983385,0.5843160323704034,0.5843155338315836,0.5843150115277882,0.5843144526535285,0.5843138446261593,0.5843131751590007,0.5843124323329778,0.584311604666424,0.5843106811826887,0.5843096514752184,0.0,0.0,0.0,0.0,0.0,0.0,0.0,0.0,0.0,0.0,0.0,0.0,0.0,0.0,0.0,0.0,0.0,0.0,0.0,0.0,0.0,0.0,0.0,0.0,0.0,0.0,0.0,0.0,0.0,0.0,0.0,0.0,0.0,0.0,0.0,0.0,0.0,0.0,0.0,0.0,0.0,0.0,0.0,0.0,0.0,0.0,0.0,0.0,0.0,0.0,0.0,0.0,0.0,0.0,0.0,0.0,0.0,0.0,0.0,0.0,0.0,0.0,0.0,0.0,0.0,0.0,0.0,0.0,0.0,0.0,0.0,0.0,0.0,0.0,0.0,0.0,0.0,0.0,0.0,0.0,0.0,0.0,0.0,0.0,0.0,0.0,0.0,0.0,0.0,0.0,0.5843100476269909,0.5843159100614349,0.5843216324373259,0.5843272017132557,0.5843326057033634,0.5843378331252247,0.5843428736432702,0.5843477179075178,0.5843523575874435,0.5843567854008344,0.5843609951374897,0.5843649816776634,0.5843687410051667,0.5843722702150765,0.584375567516021,0.5843786322270373,0.5843814647690305,0.584384066650881,0.5843864404502765,0.5843885897893772,0.5843905193054351,0.5843922346165249,0.5843937422825595,1.1687084029993517,1.1687131704009373,1.168717720743925,1.168722061087314,1.168726199202625,1.168730143513696,1.1687339030335413,1.1687374872986327,1.168740906300905,1.1687441704178707,1.1687472903411678,1.1687502770039297,1.1687531415073353,1.1687558950467172,1.1687585488375982,1.1687611140420415,1.1687636016956793,1.1687660226357892,1.1687683874307915,1.168770706311514,1.1687729891045784,1.1687752451682425,1.1687774833310236,1.1687797118334156,1.168781938272991,1.1687841695531667,1.1687864118358995,1.168788670498543,1.1687909500950902,1.1687932543220008,1.1687955859887857,1.1687979469935006,1.1688003383032772,1.1688027599399957,1.1688052109711693,1.1688076895061057,1.1688101926973484,1.1688127167474207,1.1688152569208312,1.1688178075612896,1.1688203621140545,1.168822913153315,1.168825452414461,1.168827970831111,1.1688304585766964,1.1688329051104223,1.168835299227369,1.168837629112502,1.1688398823983186,1.1688420462258633,1.1688441073087983,1.168846052000239,1.1688478663620003,1.16884953623594,1.1688510473170322,1.1688523852278263,1.1688535355939038,1.1688544841199917,1.1688552166663257,1.1688557193249065,1.1688559784952677,1.168855980959373,1.168855713955273,1.1688551652491679,1.1688543232054915,1.1688531768546917,1.1688517159583514,1.1688499310713303,1.16884781360061,1.1688453558605512,1.1688425511242726,1.1688393936709023,1.168835878828447,1.1688320030120671,1.1688277637575504,1.1688231597498198,1.1688181908463084,1.1688128580950852,1.1688071637476258,1.1688011112661525,1.168794705325492,1.1687879518094286,1.1687808578015546,1.1687734315706557,1.1687656825506694,1.1687576213153243,1.1687492595475415,1.1687406100037567,1.1687316864732997,1.1687225037330342,1.1687130774974412,1.1687034243643946,1.1686935617568568,0.5843756317846305,0.584369130216518,0.5843625001244289,0.584355758684073,0.5843489235371545,0.5843420127171123,0.5843350445730063,0.5843280376919139,0.5843210108202083,0.5843139827840897,0.0,0.0,0.0,0.0,0.0,0.0,0.0,0.0,0.0,0.0,0.0,0.0,0.0,0.0
0.5842729736617243,0.5842691350268989,0.5842652990412075,0.5842614686642665,0.5842576468513201,0.5842538365509639,0.5842500407028667,0.5842462622355051,0.5842425040639043,0.58423876908739,0.58423506018735,1.1685398859947966,1.1685349670227767,1.1685299492249335,1.1685248278517812,1.1685195989716088,1.1685142595119387,1.1685088072965373,1.1685032410777785,1.1684975605641934,1.1684917664430388,1.168485860397771,1.1684798451203249,1.168473724318106,1.1684675027156715,1.1684611860510494,1.1684547810667185,1.168448295495273,1.168441738039828,1.168435118349238,1.1684284469882629,1.1684217354027742,1.1684149958801995,1.168408241505364,1.1684014861119214,1.1683947442296438,1.1683880310277577,1.168381362254646,0.5842222497820437,0.5842175742761123,0.5842128992216745,0.58420824065964,0.5842036149377672,0.5841990386359003,0.584194528489787,0.5841901013138343,0.5841857739231782,0.5841815630554461,0.5841774852925873,0.5841735569831503,0.5841697941653856,0.5841662124915417,0.5841628271537203,0.5841596528116573,0.5841567035227717,0.5841539926748172,0.0,0.0,0.0,0.0,0.0,0.0,0.0,0.0,0.0,0.0,0.0,0.0,0.0,0.0,0.0,0.0,0.0,0.584155815627115,0.5841589213944252,0.5841623236368116,1.1683198301438926,1.1683258073670442,1.1683321413199046,1.1683388185031314,1.168345824457035,1.1683531438180208,1.1683607603788955,1.1683686571527556,1.168376816440163,1.1683852198992914,1.1683938486187138,1.1684026831924916,1.1684117037972208,1.1684208902706503,1.1684302221915408,1.1684396789603502,1.1684492398804003,1.1684588842391217,1.1684685913890096,1.1684783408279047,1.168488112278225,1.1684978857647785,1.168507641690796,1.1685173609118231,1.1685270248071342,0.5842265677213394,0.5842302051033731,0.5842338751684724,0.5842375750854208,0.5842413019999332,0.5842450530368551,0.5842488253023828,0.5842526158862922,0.584256421864185,0.5842602402997432,0.5842640682469954,0.5842679027525876,0.5842717408580638,0.5842755796021447,0.5842794160230169,0.5842832471606138,0.5842870700589035,0.5842908817681676,0.5842946793472761,0.5842984598659617,0.5843022204070775,0.5843059580688496,0.584309669967117,0.0,0.0,0.0,0.0,0.0,0.0,0.0,0.0,0.0,0.0,0.0,0.0,0.0,0.0,0.0,0.0,0.0,0.0,0.0,0.0,0.0,0.0,0.0,0.0,0.0,0.0,0.0,0.0,0.0,0.0,0.0,0.0,0.0,0.0,0.0,0.0,0.0,0.0,0.0,0.0,0.0,0.0,0.0,0.0,0.0,0.0,0.0,0.0,0.0,0.0,0.0,0.0,0.0,0.0,0.0,0.0,0.0,0.0,0.0,0.0,0.0,0.0,0.0,0.0,0.0,0.0,0.0,0.0,0.0,0.0,0.0,0.0,0.0,0.0,0.0,0.0,0.0,0.0,0.0,0.0,0.0,0.0,0.0,0.0,0.0,0.0,0.0,0.0,0.0,0.0,0.0,0.0,0.0,0.5843078760761514,0.5843041513429785,0.5843004022404369,0.584296631661499,0.5842928425156663,0.5842890377267252,0.58428522023049,0.5842813929725362,0.5842775589059291,0.5842737209889434,1.1685768545925326,1.1685660438928385,1.1685552932212522,1.1685446238832256,1.168534056862566,1.1685236127431486,1.1685133116325241,1.168503173087741,1.1684932160437518,1.1684834587447241,1.16847391867856,1.168464612514951,1.1684555560472192,1.168446764138239
0.0,0.0,0.0,0.0,0.0,0.0,0.0,0.0,0.0,0.0,0.0,0.0,0.0,0.0,0.0,0.0,0.0,0.0,0.0,0.0,0.0,0.0,0.0,0.0,0.0,0.0,0.0,0.0,0.0,0.0,0.0,0.0,0.0,0.0,0.0,0.0,0.0,0.0,0.5841525043921229,0.584150649222785,0.5841488880989579,0.5841472223788026,0.5841456533469007,0.5841441822132585,0.5841428101123796,0.5841415381023893,0.5841403671642222,0.5841392982008635,0.5841383320366548,0.5841374694166619,0.5841367110060974,0.5841360573898121,0.5841355090718404,0.584135066475018,0.5841347299406496,0.5841344997282517,1.1682859089368314,1.168283695018562,1.1682818616670674,1.168280418912303,1.1682793757457182,1.1682787400749868,1.1682785186833553,1.1682787171937945,1.1682793400381355,1.1682803904313481,1.16828187035108,1.168283780522568,1.1682861204089878,1.1682888882073135,1.1682920808496835,1.1682956940103022,1.1682997221178288,0.5841483427460922,0.5841500733784335,0.5841518985003236,0.0,0.0,0.0,0.0,0.0,0.0,0.0,0.0,0.0,0.0,0.0,0.0,0.0,0.0,0.0,0.0,0.0,0.0,0.0,0.0,0.0,0.0,0.0,0.0,0.0,0.0,0.0,0.0,0.0,0.0,0.0,0.0,0.5807652883438741,0.5807698004893742,0.5807741358407728,0.5807782887073857,0.5807822543135726,0.5807860288101013,0.5807896092809899,0.5807929937457933,0.5807961811573347,0.5807991713949023,0.5808019652529561,0.580804564425402,0.5808069714855264,0.5808091898616973,0.5808112238089552,0.5808130783766442,0.5808147593722535,0.5808162733216506,0.5808176274259095,0.5808188295149558,0.5808198879982648,0.5808208118128566,1.1615875902099009,1.1615916636763899,1.1615955816215404,1.1615993519502323,1.1616029828447023,1.161606482704173,1.1616098600837872,1.1616131236331602,1.1616162820348541,1.1616193439431037,1.1616223179231033,1.1616252123911495,1.1616280355559696,1.1616307953615204,1.1616334994315438,1.161636155016184,1.1616387689409062,1.1616413475580116,1.1616438967009741,1.1616464216418336,1.1616489270518753,1.1616514169657868,1.1616538947494797,1.1616563630717471,1.1616588238798888,1.161661278379457,1.1616637270181982,1.161666169474305,1.1616686046490243,1.1616710306636744,1.161673444861083,1.1616758438114552,1.1616782233226433,1.1616805784547721,1.1616829035391547,1.161685192201415,1.1616874373887005,1.1616896314008565,1.1616917659254304,1.1616938320763075,1.1616958204358183,1.161697721100098,1.1616995237274907,1.1617012175897468,1.161702791625781,1.1617042344977178,1.161705534648949,1.1617066803639262,1.1617076598293934,1.1617084611967474,1.1617090726452304,1.1617094824456462,1.161709679024263,1.1617096510266154,1.1617093873808646,1.1617088773604174,1.1617081106454767,1.1617070773832394,1.1617057682464114,1.1617041744897711,1.1617022880044763,1.1617001013698625,1.161697607902447,1.1616948017019018,1.1616916776937631,1.1616882316686525,1.1616844603178027,1.1616803612647129,1.1616759330927617,1.1616711753686273,1.161666088661394,1.1616606745572327,1.1616549356695751,1.1616488756447132,1.1616424991627914,1.161635811934155,1.1616288206910765,1.1616215331748796,1.1616139581184974,1.1616061052245565,0.5808335028811566,0.5808285851712431,0.5808234680985129,0.5808181622365776,0.5808126789240474,0.5808070302204343,0.5808012288586624,0.5807952881943934,0.5807892221524208,0.5807830451703696,0.5807767721399857,0.5807704183462755,0.0,0.0,0.0,0.0,0.0,0.0,0.0,0.0,0.0,0.0,0.0,0.0,0.0,0.0,0.0,0.0,0.0,0.0,0.0
1.1614447144879938,1.1614398667955985,1.1614350139342033,1.161430148448483,1.1614252630022364,1.161420350438081,1.1614154038362166,1.1614104165719534,1.1614053823717052,1.1614002953671463,1.1613951501472741,1.1613899418080773,1.1613846659995675,1.1613793189699169,1.1613738976064814,1.161368399473472,1.1613628228460957,1.1613571667409577,1.1613514309425819,1.1613456160258957,1.1613397233745357,1.161333755194901,1.1613277145258452,1.1613216052439395,1.1613154320643058,1.1613092005369379,1.1613029170385727,1.1612965887600977,0.5806821864292282,0.5806784882481326,0.5806746952787603,0.5806708157362308,0.5806668585829595,0.580662833492633,0.5806587508104525,0.5806546215098567,0.5806504571459017,0.5806462698055495,0.5806420720550824,0.5806378768849001,0.5806336976519708,0.5806295480202038,0.5806254418990384,0.5806213933805356,0.5806174166752851,0.580613526047429,0.58060973574912,0.0,0.0,0.0,0.0,0.0,0.0,0.0,0.0,0.0,0.0,0.0,0.0,0.0,0.0,0.0,0.0,0.0,0.0,0.0,0.0,0.0,0.0,0.0,0.0,0.0,0.0,0.0,0.0,0.0,0.0,0.0,0.0,0.0,0.5806123790876804,0.580616948783887,0.580621710989386,0.5806266527004945,0.5806317603583075,0.5806370199066001,1.1612521955491686,1.1612605299252832,1.161269042330889,1.161277715113243,1.1612865303859063,1.161295470097063,1.1613045160982534,1.1613136502131782,1.1613228543062846,1.161332110350774,1.1613414004957603,1.1613507071322304,1.1613600129575232,1.1613693010380226,1.161378554869774,1.1613877584367411,1.1613968962664527,1.1614059534827632,1.161414915855496,1.1614237698467575,1.1614325026536818,1.161441102247453,0.5806842690645284,0.5806880572676657,0.5806918579401144,0.580695668149609,0.5806994849564826,0.5807033054159351,0.580707126580305,0.5807109455013422,0.5807147592324855,0.580718564831133,0.5807223593609152,0.5807261398939609,0.5807299035131546,0.580733647314391,0.580737368408814,0.5807410639250468,0.5807447310114098,0.5807483668381217,0.5807519685994825,0.5807555335160419,0.5807590588367441,0.5807625418410514,0.0,0.0,0.0,0.0,0.0,0.0,0.0,0.0,0.0,0.0,0.0,0.0,0.0,0.0,0.0,0.0,0.0,0.0,0.0,0.0,0.0,0.0,0.0,0.0,0.0,0.0,0.0,0.0,0.0,0.0,0.0,0.0,0.0,0.0,0.0,0.0,0.0,0.0,0.0,0.0,0.0,0.0,0.0,0.0,0.0,0.0,0.0,0.0,0.0,0.0,0.0,0.0,0.0,0.0,0.0,0.0,0.0,0.0,0.0,0.0,0.0,0.0,0.0,0.0,0.0,0.0,0.0,0.0,0.0,0.0,0.0,0.0,0.0,0.0,0.0,0.0,0.0,0.0,0.0,0.0,0.5807644822578936,0.580761024249501,0.5807575224079087,0.5807539794355583,0.5807503980665951,0.5807467810647584,0.5807431312212454,0.5807394513525577,0.5807357442983272,0.5807320129191227,0.5807282600942405,0.580724488719487,1.161484701109731,1.1614744331700706,1.1614641222612518,1.16145378753955,1.1614434482336873,1.1614331235751614,1.161422832728582,1.161412594722333,1.161402428379887,1.1613923522520788,1.1613823845506537,1.1613725430834023,1.1613628451911584,1.1613533076869738,1.161343946797731,1.1613347781084558,1.1613258165096085,1.1613170761475478,1.1613085703784396
0.0,0.0,0.0,0.0,0.0,0.0,0.0,0.0,0.0,0.0,0.0,0.0,0.0,0.0,0.0,0.0,0.0,0.0,0.0,0.0,0.0,0.0,0.0,0.0,0.0,0.0,0.0,0.0,0.5806080372603436,0.5806053423427593,0.5806027236994767,0.58060018335014,0.5805977232539903,0.5805953453083548,0.5805930513471862,0.580590843139647,0.5805887223887529,0.5805866907300546,0.580584749730382,0.5805829008866364,0.5805811456246383,0.580579485298027,0.5805779211872225,0.5805764544984345,0.5805750863627382,0.5805738178351995,0.5805726498940649,1.1611776433947352,1.1611731319905467,1.1611688659961334,1.1611648596240471,1.1611611266697321,1.1611576804487633,1.1611545337357772,1.1611516987053707,1.1611491868752633,1.161147009052002,1.1611451752794577,1.1611436947903764,1.1611425759612115,1.1611418262704545,1.1611414522606793,1.1611414595044742,1.1611418525744288,1.161142635017331,1.1611438093327004,1.1611453769557545,1.1611473382449127,1.1611496924738822,1.161152437828394,1.1611555714075816,1.1611590892300243,1.161162986244419,1.1611672563448443,1.1611718923905427,1.1611768862301357,1.161182228730166,1.1611879098078273,1.1611939184677422,1.16120024284262,0.5805944911499082,0.5805968383941384,0.5805992684712495,0.5806017795070717,0.5806043695649785,0.5806070366473789,0.0,0.0,0.0,0.0,0.0,0.0,0.0,0.0,0.0,0.0,0.0,0.0,0.0,0.0,0.0,0.0,0.0,0.0,0.0,0.0,0.0,0.0,0.0,0.0,0.0,0.0,0.0,0.0,0.0,0.0,0.0,0.0,0.0,0.5772421474289147,0.5772447866759159,0.5772472651076332,0.5772495857703347,0.5772517523738778,0.5772537692620415,0.5772556413798536,0.5772573742380869,0.5772589738751059,0.5772604468162574,0.5772618000310158,0.5772630408880942,0.5772641771087553,0.5772652167185561,0.5772661679977666,0.5772670394307168,0.577267839654327,0.5772685774060763,0.5772692614716748,1.154511024577578,1.1545145326292385,1.1545179438001918,1.1545212643602842,1.1545245004258082,1.1545276579125037,1.1545307424900055,1.1545337595379823,1.1545367141041822,1.154539610864612,1.1545424540860432,1.1545452475910494,1.15454799472575,1.1545506983304334,1.154553360713198,1.154555983626778,1.1545585682486341,1.1545611151644612,1.1545636243551596,1.15456609518737,1.1545685264076115,1.154570916140068,1.1545732618880218,1.1545755605389578,1.154577808373298,1.154580001076749,1.1545821337561786,1.1545842009589848,1.1545861966958297,1.154588114466659,1.15458994728987,1.154591687734492,1.1545933279552134,1.1545948597301119,1.1545962745008678,1.1545975634153054,1.15459871737202,1.1545997270668926,1.1546005830412547,1.1546012757314776,1.1546017955197236,1.1546021327856315,1.154602277958658,1.1546022215708371,1.1546019543096764,1.1546014670709435,1.1546007510110687,1.1545997975989075,1.1545985986665994,1.1545971464592708,1.1545954336833395,1.1545934535531563,1.1545911998357663,1.1545886668935612,1.1545858497245918,1.1545827440003382,1.1545793461007663,1.1545756531464457,1.1545716630275984,1.154567374429904,1.1545627868569346,1.1545579006490894,1.154552716998928,1.15454723796281,0.5773016178966596,0.5772985581557717,0.5772952782171553,0.5772917812679855,0.5772880713129033,0.5772841531645423,0.577280032430292,0.5772757154953537,0.5772712095021684,0.5772665223263044,0.5772616625489164,0.577256639425904,0.5772514628539084,0.577246143333307,0.5772406919283798,0.0,0.0,0.0,0.0,0.0,0.0,0.0,0.0,0.0,0.0,0.0,0.0,0.0,0.0,0.0,0.0,0.0,0.0,0.0,0.0,0.0,0.0,0.0,0.0
1.154337916095212,1.154332607271816,1.1543272956305013,1.1543219759615697,1.1543166431524516,1.1543112922365595,1.1543059184413647,1.1543005172354537,1.1542950843743003,1.1542896159445355,1.1542841084064581,1.1542785586345725,1.1542729639559393,1.1542673221861266,1.1542616316625733,1.154255891275188,1.1542501004939998,1.1542442593937374,1.154238368675168,0.5771467566341393,0.5771440376707272,0.577141219724148,0.577138303667731,0.5771352911002192,0.5771321843477012,0.5771289864617937,0.5771257012140788,0.5771223330868268,0.5771188872600262,0.577115369594792,0.5771117866132187,0.5771081454747736,0.5771044539493351,0.5771007203870099,0.5770969536848601,0.5770931632507075,0.5770893589641743,0.0,0.0,0.0,0.0,0.0,0.0,0.0,0.0,0.0,0.0,0.0,0.0,0.0,0.0,0.0,0.0,0.0,0.0,0.0,0.0,0.0,0.0,0.0,0.0,0.0,0.0,0.0,0.0,0.0,0.0,0.0,0.0,0.0,0.0,0.0,0.0,0.0,0.0,0.0,0.0,0.0,0.0,0.0,0.0,0.0,0.0,0.0,0.0,0.0,0.5770873064962561,0.5770923896628413,0.5770975736450273,0.5771028452298116,0.5771081910452558,0.5771135976161171,0.577119051419796,0.5771245389423167,0.5771300467340966,1.154223308018626,1.1542321675174834,1.1542410565543444,1.1542499598588143,1.1542588624556918,1.1542677497160367,1.1542766074062898,1.1542854217352203,1.1542941793984933,1.1543028676206457,1.1543114741943037,1.1543199875164438,1.154328396621556,1.154336691211559,1.1543448616823373,1.1543528991467902,1.1543607954543047,1.1543685432065618,1.1543761357696298,1.1543835672822984,1.154390832660631,1.1543979275987344,1.1544048485657585,1.1544115927991603,0.5771760108653594,0.5771797571143649,0.5771834836450013,0.5771871875817399,0.5771908660664414,0.5771945162605697,0.5771981353473763,0.5772017205340795,0.5772052690540173,0.5772087781687858,0.5772122451703535,0.5772156673831506,0.5772190421661373,0.5772223669148423,0.5772256390633741,0.5772288560864036,0.5772320155011138,0.5772351148691178,0.5772381517983439,0.0,0.0,0.0,0.0,0.0,0.0,0.0,0.0,0.0,0.0,0.0,0.0,0.0,0.0,0.0,0.0,0.0,0.0,0.0,0.0,0.0,0.0,0.0,0.0,0.0,0.0,0.0,0.0,0.0,0.0,0.0,0.0,0.0,0.0,0.0,0.0,0.0,0.0,0.0,0.0,0.0,0.0,0.0,0.0,0.0,0.0,0.0,0.0,0.0,0.0,0.0,0.0,0.0,0.0,0.0,0.0,0.0,0.0,0.0,0.0,0.0,0.0,0.0,0.0,0.5772398485721218,0.5772368481648706,0.577233783981012,0.5772306583854815,0.577227473790582,0.5772242326541235,0.5772209374775193,0.5772175908038608,0.5772141952159469,0.5772107533342922,0.577207267815104,0.5772037413482267,0.5772001766550732,0.5771965764865127,0.5771929436207555,1.1544244010860278,1.1544150313191277,1.1544055415872454,1.1543959476280032,1.1543862655246695,1.154376511651427,1.1543667026173499,1.1543568552093122,1.1543469863341218,1.1543371129601097,1.1543272520584666,1.1543174205445845,1.154307635219665,1.1542979127128734,1.154288269424288,1.1542787214689112,1.154269284622001,1.154259974265953,1.154250805338998,1.154241792285922,1.154232949011047,1.1542242888336796,1.1542158244462088,1.1542075678750803
0.0,0.0,0.0,0.0,0.0,0.0,0.0,0.0,0.0,0.0,0.0,0.0,0.0,0.0,0.0,0.0,0.0,0.0,0.0,0.5770856730489656,0.5770824067502239,0.5770791958375642,0.5770760427876764,0.577072950032587,0.5770699199577887,0.5770669549003982,0.5770640571473572,0.5770612289336705,0.5770584724406845,0.5770557897944024,0.5770531830638534,0.577050654259492,0.5770482053316536,0.57704583816905,0.5770435545973154,0.5770413563775985,0.5770392452052097,1.1541227738434718,1.1541170409066064,1.1541114178855323,1.1541059175285444,1.1541005527546648,1.15409533660141,1.154090282171369,1.1540854025778724,1.1540807108899847,1.1540762200771044,1.1540719429534128,1.154067892122457,1.1540640799221158,1.1540605183702195,1.1540572191110843,1.154054193363205,1.1540514518683844,1.1540490048425087,1.1540468619282358,1.1540450321498064,1.1540435238702065,1.1540423447508763,1.1540415017141834,1.154041000908812,1.1540408476782646,1.1540410465326139,1.1540416011236516,1.1540425142235493,1.1540437877071525,1.1540454225379744,1.154047418757985,1.1540497754812322,1.15405249089134,1.1540555622428943,1.154058985866726,1.1540627571790556,1.1540668706944817,1.1540713200427346,1.1540760979891482,1.1540811964587339,1.1540866065637625,1.1540923186347265,1.1540983222545407,1.1541046062958231,1.1541111589610953,1.1541179678257003,1.154125019883258,1.154132301593438,1.154139798931838,0.577060190945469,0.5770629926245728,0.5770658646640078,0.5770688048486117,0.5770718109106371,0.5770748805314995,0.5770780113435633,0.5770812009319657,0.5770844468364785,0.0,0.0,0.0,0.0,0.0,0.0,0.0,0.0,0.0,0.0,0.0,0.0,0.0,0.0,0.0,0.0,0.0,0.0,0.0,0.0,0.0,0.0,0.0,0.0,0.0,0.0,0.0,0.0,0.0,0.0,0.0,0.0,0.0,0.0,0.0,0.0,0.0,0.0,0.0,0.0,0.0,0.0,0.0,0.0,0.0,0.0,0.0,0.0,0.0,0.5737392126717652,0.5737401053132116,0.5737409988248066,0.5737418982399622,0.5737428082141836,0.5737437329954103,0.5737446763966297,1.147486238527729,1.1474890685692347,1.1474918332232624,1.1474945329901365,1.147497167909102,1.1474997375479496,1.1475022409955495,1.1475046768573285,1.1475070432537287,1.1475093378216472,1.147511557718874,1.1475136996314996,1.1475157597842653,1.147517733953804,1.147519617484733,1.1475214053084821,1.1475230919648225,1.1475246716259442,1.1475261381230015,1.1475274849749801,1.1475287054197505,1.1475297924471652,1.1475307388340292,1.1475315371807697,1.1475321799496436,1.1475326595042694,1.1475329681503137,1.1475330981771146,1.147533041900043,1.1475327917033864,1.1475323400835558,1.1475316796923822,1.1475308033802947,1.147529704239171,1.147528375644633,1.1475268112975803,1.1475250052647543,1.1475229520181232,1.1475206464728873,0.5737803377066742,0.5737795757347195,0.5737786366123859,0.5737775157149919,0.5737762089577801,0.5737747128231943,0.5737730243856595,0.5737711413337271,0.5737690619894774,0.5737667853250743,0.5737643109763875,0.5737616392536061,0.5737587711487906,0.5737557083403115,0.5737524531941544,0.5737490087620696,0.5737453787765724,0.5737415676428149,0.0,0.0,0.0,0.0,0.0,0.0,0.0,0.0,0.0,0.0,0.0,0.0,0.0,0.0,0.0,0.0,0.0,0.0,0.0,0.0,0.0,0.0,0.0,0.0,0.0,0.0,0.0,0.0,0.0,0.0,0.0,0.0,0.0
1.1472688819282761,1.1472631759299585,1.1472574688716097,1.147251757499331,1.1472460386373773,1.1472403092275516,1.1472345663679557,1.147228807350912,1.1472230296998325,1.1472172312048423,0.5736259023407673,0.5736236855882751,0.5736214119971829,0.5736190779740947,0.5736166803716948,0.5736142165152801,0.5736116842268719,0.5736090818467648,0.5736064082524119,0.5736036628745405,0.573600845710406,0.573597957334125,0.5735949989040162,0.5735919721669116,0.5735888794594088,0.5735857237060502,0.0,0.0,0.0,0.0,0.0,0.0,0.0,0.0,0.0,0.0,0.0,0.0,0.0,0.0,0.0,0.0,0.0,0.0,0.0,0.0,0.0,0.0,0.0,0.0,0.0,0.0,0.0,0.0,0.0,0.0,0.0,0.0,0.0,0.0,0.0,0.0,0.0,0.0,0.0,0.0,0.0,0.0,0.0,0.0,0.0,0.0,0.0,0.0,0.0,0.0,0.0,0.0,0.0,0.0,0.0,0.0,0.0,0.0,0.0,0.0,0.0,0.0,0.0,0.0,0.0,0.0,0.0,0.0,0.5735904147427455,0.5735955495162697,0.5736006880971043,0.5736058193819359,0.5736109324912797,0.5736160168116031,0.5736210620360184,0.5736260582033554,0.573630995735432,0.57363586547235,1.1472285594306184,1.1472369423994535,1.1472452567418032,1.1472534924257385,1.1472616399628985,1.1472696904311022,1.1472776354940997,1.1472854674183735,1.147293179086938,1.1473007640100823,1.1473082163330215,1.1473155308404377,1.1473227029579154,1.147329728750265,1.1473366049167808,1.1473433287834642,1.1473498982922608,1.1473563119874084,1.147362568998951,1.1473686690235305,1.1473746123025783,1.1473803995980103,1.1473860321655778,1.1473915117260143,1.1473968404341408,1.1474020208460942,1.1474070558848577,1.1474119488042795,1.1474167031517697,1.1474213227298735,1.147425811556929,1.147430173827013,1.1474344138693868,1.147438536107656,1.1474425450188597,1.147446445092699,1.1474502407911242,1.1474539365084881,1.1474575365324728,1.1474610450059977,0.5737252532185371,0.5737276976161898,0.5737300607912905,0.5737323409197569,0.573734536241593,0.5737366450622479,0.5737386657539267,0.0,0.0,0.0,0.0,0.0,0.0,0.0,0.0,0.0,0.0,0.0,0.0,0.0,0.0,0.0,0.0,0.0,0.0,0.0,0.0,0.0,0.0,0.0,0.0,0.0,0.0,0.0,0.0,0.0,0.0,0.0,0.0,0.0,0.0,0.0,0.0,0.0,0.0,0.0,0.5737377463172414,0.5737356848457029,0.57373353598632,0.573731301397786,0.573728982804952,0.5737265819974968,0.5737241008285415,0.5737215412132174,0.5737189051271874,0.5737161946051172,0.5737134117391053,0.5737105586770648,0.5737076376210649,0.5737046508256279,0.5737016005959893,0.573698489286316,0.5736953192978856,0.5736920930772366,1.1474263935416218,1.1474189047841896,1.1474112033620971,1.1474032988368403,1.1473952013920221,1.1473869218055792,1.1473784714193687,1.1473698621062547,1.1473611062348477,1.1473522166320382,1.1473432065435,1.147334089592331,1.147324879736018,1.1473155912219264,1.1473062385414907,1.147296836383341,1.147287399585549,1.1472779430872286,1.1472684818796917,1.147259030957392,1.147249605268871,1.1472402196679239,1.1472308888652158,1.1472216273805513,1.147212449496017,1.1472033692102186,1.147194400193789,1.1471855557463986,1.1471768487554312,0.57358570880348,0.0,0.0,0.0
0.0,0.0,0.0,0.0,0.0,0.0,0.0,0.0,0.0,0.0,0.5735855076162079,0.5735818787924695,0.573578281267737,0.5735747178172398,0.5735711911898835,0.5735677041061292,0.5735642592558969,0.5735608592964915,0.5735575068505545,0.5735542045040432,0.5735509548042361,0.5735477602577698,0.5735446233287077,0.5735415464366412,0.5735385319548245,0.5735355822083453,1.1471152078867641,1.1471091236374602,1.1471030599833143,1.1470970242362526,1.1470910241848067,1.1470850680728282,1.1470791645754974,1.147073322772743,1.1470675521201636,1.1470618624176185,1.1470562637755854,1.147050766579485,1.1470453814520996,1.147040119214275,1.1470349908440904,1.1470300074346724,1.147025180150872,1.147020520184976,1.1470160387117012,1.1470117468426446,1.1470076555804274,1.147003775772743,1.147000118066534,1.146996692862499,1.1469935102701658,1.1469905800637294,1.1469879116388753,1.146985513970793,1.1469833955735775,1.1469815644612154,1.146980028110347,1.1469787934249787,1.1469778667033166,1.1469772536068947,1.1469769591321226,1.1469769875844182,1.1469773425550325,1.1469780269006993,1.1469790427261857,1.1469803913698629,1.1469820733923348,1.1469840885682197,1.1469864358810964,1.1469891135216719,1.1469921188891619,1.1469954485958982,1.1469990984751446,1.1470030635920772,1.147007338257904,1.1470119160470498,1.1470167898173278,1.1470219517330185,1.1470273932907495,1.1470331053480551,1.1470390781544937,1.1470453013851767,1.147051764176561,1.147058455164339,1.1470653625232585,1.1470724740086813,1.1470797769997012,1.1470872585436176,1.147094905401568,1.147102704095102,1.1471106409534895,1.1471187021615492,1.1471268738077725,1.147135141932527,0.5735530778333782,0.5735563623102509,0.573559697769344,0.5735630816378178,0.5735665113054566,0.5735699841266817,0.5735734974225899,0.5735770484830196,0.5735806345686393,0.57358425291306,0.0,0.0,0.0,0.0,0.0,0.0,0.0,0.0,0.0,0.0,0.0,0.0,0.0,0.0,0.0,0.0,0.0,0.0,0.0,0.0,0.0,0.0,0.0,0.0,0.0,0.0,0.0,0.0,0.0,0.0,0.0,0.0,0.0,0.0,0.0,0.0,0.0,0.0,0.0,0.0,0.0,0.0,0.0,0.0,0.0,0.0,0.0,0.0,0.0,0.0,0.0,0.0,0.0,0.0,0.0,0.0,0.0,0.0,0.0,0.0,0.0,0.0,0.0,0.0,0.0,0.0,0.0,0.0,0.0,0.0,0.0,0.5702582813915288,0.5702590470755567,0.5702597385466298,0.570260349186111,0.5702608723466993,0.5702613013876537,0.5702616297103131,0.5702618507937333,0.5702619582302632,0.5702619457608878,0.5702618073101603,0.5702615370205477,0.5702611292860227,0.5702605787847335,0.5702598805105822,0.5702590298035627,0.5702580223786977,0.0,0.0,0.0,0.0,0.0,0.0,0.0,0.0,0.0,0.0,0.0,0.0,0.0,0.0,0.0,0.0,0.0,0.0,0.0,0.0,0.0,0.0,0.0,0.0,0.0,0.0,0.0,0.0,0.0,0.0,0.0,0.0,0.0,0.0,0.0,0.0,0.0,0.0,0.0,0.0,0.0,0.0,0.0,0.0,0.0,0.5735825828530465,1.147159896396152,1.1471516743963748,1.147143636521984
1.1402373385478262,0.5701258317919725,0.5701235562899948,0.5701212738585288,0.5701189800843769,0.5701166706541536,0.5701143413872474,0.5701119882680985,0.5701096074776155,0.5701071954235744,0.0,0.0,0.0,0.0,0.0,0.0,0.0,0.0,0.0,0.0,0.0,0.0,0.0,0.0,0.0,0.0,0.0,0.0,0.0,0.0,0.0,0.0,0.0,0.0,0.0,0.0,0.0,0.0,0.0,0.0,0.0,0.0,0.0,0.0,0.0,0.0,0.0,0.0,0.0,0.0,0.0,0.0,0.0,0.0,0.0,0.0,0.0,0.0,0.0,0.0,0.0,0.0,0.0,0.0,0.0,0.0,0.0,0.0,0.0,0.0,0.0,0.0,0.0,0.0,0.0,0.0,0.0,0.0,0.0,0.0,0.0,0.0,0.0,0.0,0.0,0.0,0.0,0.0,0.0,0.0,0.0,0.0,0.0,0.0,0.0,0.0,0.0,0.0,0.0,0.0,0.0,0.0,0.5701080595423093,0.5701127028251378,0.5701172893005672,0.5701218117430292,0.5701262633389974,0.5701306377084592,0.5701349289242004,0.5701391315288344,0.5701432405494833,0.5701472515100626,0.5701511604411077,1.1402630970090142,1.140270557464572,1.140277904762109,1.1402851341032845,1.1402922412117908,1.1402992223303243,1.1403060742150708,1.1403127941277758,1.1403193798254452,1.1403258295477379,1.140332142002146,1.1403383163470402,1.1403443521726848,1.1403502494803366,1.1403560086595421,1.1403616304637607,1.1403671159844593,1.1403724666238066,1.140377684066135,1.1403827702483096,1.1403877273291785,1.1403925576582548,1.1403972637438222,1.1404018482206069,1.1404063138172147,1.140410663323487,1.1404148995579635,1.1404190253356248,1.140423043436066,1.1404269565723033,1.1404307673603524,1.1404344782897486,1.1404380916951722,1.1404416097293144,1.1404450343371493,1.1404483672317265,1.1404516098716275,1.1404547634402036,1.1404578288267082,1.140460806609418,1.1404636970408473,1.1404665000351244,1.1404692151576086,1.1404718416168036,1.1404743782586122,1.1404768235629739,1.1404791756429047,1.1404814322459482,1.1404835907580395,1.1404856482097698,1.1404876012850282,1.14048944633197,1.1404911793762862,1.140492796136683,1.1404942920425298,1.140495662253569,1.1404969016815996,1.140498005014049,1.1404989667392778,1.1404997811735473,1.1405004424894716,1.1405009447458454,0.5702430005271608,0.5702424008578016,0.5702416981509297,0.5702408929490069,0.5702399858736151,0.5702389776249749,0.5702378689814056,0.570236660798724,0.5702353540095813,0.5702339496227428,0.5702324487223085,0.5702308524668733,0.5702291620886326,0.5702273788924302,0.5702255042547493,0.5702235396226459,0.5702214865126349,1.1404762008629468,1.1404726435384867,1.1404688356332053,1.140464776400802,1.1404604656519624,1.140455903770695,1.1404510917283754,1.1404460310954199,1.140440724050513,1.140435173387338,1.1404293825187612,1.140423355478433,1.1404170969197902,1.1404106121124407,1.1404039069359415,1.1403969878709899,1.140389861988035,1.1403825369333784,1.1403750209127872,1.1403673226727076,1.14035945147914,1.1403514170942657,1.1403432297509242,1.140334900125048,1.1403264393061714,1.140317858766138,1.1403091703261508,1.140300386122295,1.140291518569694,1.1402825803254526,1.1402735842505445,1.1402645433708267,1.1402554708373307,1.1402463798860274,1.1402372837972328,1.1402281958548226,0.5701166914588183,0.5701114179129025,0.5701061841011914,0.0,0.0,0.0,0.0,0.0,0.0,0.0,0.0,0.0,0.0
0.0,0.5701054683846093,0.5701017057060022,0.5700979485710755,0.5700941998785641,0.5700904625206465,0.5700867393807154,0.5700830333311495,0.5700793472311022,0.5700756839242936,1.1401767950066612,1.1401707014392357,1.140164598688173,1.140158487107151,1.140152367381896,1.1401462405492788,1.1401401080144622,1.1401339715660033,1.1401278333888043,1.1401216960748422,1.1401155626316082,1.1401094364881985,1.1401033214990086,1.140097221944998,1.1400911425325095,1.1400850883896232,1.1400790650600556,1.1400730784946205,1.1400671350402747,1.1400612414267846,1.1400554047510782,1.1400496324593332,1.140043932326877,1.1400383124359963,1.140032781151735,1.1400273470957996,1.1400220191186854,1.1400168062701415,1.1400117177681206,1.1400067629663437,1.140001951320634,1.1399972923541752,1.1399927956218503,1.1399884706738326,1.1399843270185928,1.1399803740855003,1.1399766211871891,1.139973077481867,1.1399697519357508,1.1399666532857942,1.139963790002894,1.1399611702557508,1.1399588018755398,1.1399566923215843,1.1399548486481776,1.1399532774727197,1.1399519849453181,1.1399509767200064,1.1399502579277105,1.1399498331510982,1.1399497064014363,1.1399498810975663,1.1399503600470975,1.1399511454299205,1.1399522387841137,1.139953640994323,1.1399553522826626,1.1399573722021976,1.1399596996330346,1.1399623327810524,1.139965269179274,1.139968505691888,1.1399720385209022,1.1399758632153998,1.1399799746833716,1.1399843672060666,1.1399890344547885,1.1399939695100945,1.1399991648832795,1.1400046125400742,1.1400103039264378,1.1400162299963377,1.1400223812413885,1.1400287477222246,1.1400353191014425,1.140042084678005,1.1400490334229065,1.140056154015973,1.1400634348836176,1.1400708642373725,1.140078430113049,1.1400861204103154,1.1400939229325466,1.1401018254267417,1.1401098156233496,1.1401178812758017,1.1401260101996022,1.1401341903107725,1.1401424096635027,1.1401506564868313,1.1401589192201835,1.1401671865476346,0.5700673878884106,0.5700709883145406,0.5700746179823918,0.5700782740918767,0.5700819538224665,0.570085654335369,0.5700893727757181,0.5700931062747745,0.570096851952139,0.5701006069179748,0.5701043682752346,0.0,0.0,0.0,0.0,0.0,0.0,0.0,0.0,0.0,0.0,0.0,0.0,0.0,0.0,0.0,0.0,0.0,0.0,0.0,0.0,0.0,0.0,0.0,0.0,0.0,0.0,0.0,0.0,0.0,0.0,0.0,0.0,0.0,0.0,0.0,0.0,0.0,0.0,0.0,0.0,0.0,0.0,0.0,0.0,0.0,0.0,0.0,0.0,0.0,0.0,0.0,0.0,0.0,0.0,0.0,0.0,0.0,0.0,0.0,0.0,0.0,0.0,0.0,0.0,0.0,0.0,0.0,0.0,0.0,0.0,0.0,0.0,0.0,0.0,0.0,0.0,0.0,0.0,0.0,0.0,0.0,0.0,0.0,0.0,0.0,0.0,0.0,0.0,0.0,0.0,0.0,0.0,0.0,0.0,0.0,0.0,0.0,0.0,0.0,0.0,0.0,0.0,0.0,0.0,0.0,0.0,0.0,0.0,0.0,0.0,0.0,0.0,0.0,0.0,0.0,0.5701024378466502,0.5700986794051391,0.5700949288421876,1.140192189074594,1.140183338408093,1.14017457340548,1.1401659062565144,1.1401573488432784,1.1401489127057185,1.1401406090086996,1.1401324485107316,1.1401244415344762,1.140116597939195
0.0,0.0,0.0,0.0,0.0,0.0,0.0,0.0,0.0,0.0,0.0,0.0,0.0,0.0,0.0,0.0,0.0,0.0,0.0,0.0,0.0,0.0,0.0,0.0,0.0,0.0,0.0,0.0,0.0,0.0,0.0,0.0,0.0,0.0,0.0,0.0,0.0,0.0,0.0,0.0,0.0,0.0,0.0,0.0,0.0,0.0,0.0,0.0,0.0,0.0,0.0,0.0,0.0,0.0,0.0,0.0,0.0,0.0,0.0,0.0,0.0,0.0,0.0,0.0,0.0,0.0,0.0,0.0,0.0,0.0,0.0,0.0,0.0,0.0,0.0,0.0,0.0,0.0,0.0,0.0,0.0,0.0,0.0,0.0,0.0,0.0,0.0,0.0,0.0,0.0,0.0,0.0,0.0,0.0,0.0,0.0,0.0,0.0,0.0,0.0,0.0,0.0,0.0,0.0,0.0,0.0,0.0,0.0,0.0,0.0,0.0,0.0,0.0,0.5666501724266398,0.5666538820750343,0.5666575021519449,0.5666610305659275,0.5666644656436907,0.5666678061262782,0.5666710511632701,0.566674200305024,0.5666772534930202,0.5666802110483538,1.133332897472001,1.133339257660339,1.1333454944879326,1.133351606897077,1.1333575941528813,1.1333634558244308,1.1333691917647108,1.1333748020893928,1.133380287154616,1.13338564753388,1.133390883994184,1.1333959974715375,1.1334009890459944,1.1334058599163193,1.1334106113744595,1.133415244779934,1.1334197615342914,1.133424163055782,1.1334284507543653,1.133432626007203,1.133436690134763,1.1334406443776701,1.133444489874417,1.1334482276400746,1.1334518585461053,1.133455383301385,1.1334588024345507,1.1334621162777707,1.1334653249520041,1.1334684283538607,1.1334714261441223,1.1334743177379825,1.133477102297079,1.1334797787233453,1.1334823456547414,1.133484801462874,1.1334871442525345,1.1334893718631536,1.1334914818721868,1.1334934716004106,1.133495338119104,1.1334970782590905,1.1334986886216099,1.1335001655909467,1.1335015053487858,1.1335027038901995,1.1335037570412165,1.1335046604778676,1.1335054097466275,1.133506000286153,1.1335064274502096,1.1335066865316719,1.1335067727874866,1.1335066814644659,1.1335064078257968,1.1335059471781188,1.1335052948990447,1.1335044464649857,1.1335033974791426,1.1335021436995159,1.1335006810667965,1.1334990057319982,1.1334971140836922,1.1334950027746902,1.1334926687480626,1.1334901092623348,1.1334873219157462,1.1334843046694365,1.1334810558694421,1.1334775742673835,1.13347385903973,1.1334699098055474,1.1334657266426262,1.1334613101018856,1.1334566612200065,1.1334517815301812,1.1334466730709427,1.1334413383930086,1.1334357805640838,1.1334300031716096,1.1334240103233986,1.1334178066461762,1.1334113972819857,1.1334047878824827,1.133397984601133,1.1333909940833122,1.1333838234543736,1.1333764803056992,1.1333689726788034,1.1333613090475412,1.1333534982984912,1.1333455497096074,1.1333374729271977,1.1333292779413564,1.133320975059934,0.5666684762108412,0.5666636477313213,0.5666587647221013,0.5666538356377457,0.5666488690887681,0.0,0.0,0.0,0.0,0.0,0.0,0.0,0.0,0.0,0.0,0.0,0.0,0.0,0.0,0.0,0.0,0.0,0.0
1.1332429784180926,1.1332366705545005,1.1332303637329941,1.1332240577938475,1.133217752625768,1.1332114481902251,1.1332051445453728,1.1331988418694148,1.1331925404832954,1.1331862408725781,1.1331799437083878,1.133173649867306,1.13316736045009,1.133161076799114,1.1331548005144385,1.133148533468391,1.1331422778185893,1.133136036019319,1.1331298108311882,1.1331236053290126,1.1331174229078478,1.1331112672871508,1.1331051425130254,1.13309905295851,1.1330930033219202,1.133086998623209,1.1330810441983687,1.1330751456918784,1.1330693090472224,1.1330635404955076,1.1330578465422287,1.1330522339522273,1.1330467097329053,1.1330412811157726,1.1330359555363825,1.1330307406127758,1.1330256441224904,1.1330206739782716,1.1330158382025641,0.5665166918455125,0.5665138627166767,0.5665110992885196,0.566508408497582,0.566505797321451,0.5665032727494974,0.566500841753254,0.5664985112565621,0.5664962881056473,0.0,0.0,0.0,0.0,0.0,0.0,0.0,0.0,0.0,0.0,0.0,0.0,0.0,0.0,0.0,0.0,0.0,0.0,0.0,0.0,0.0,0.0,0.0,0.0,0.0,0.0,0.0,1.1329934313624717,1.1329979099529395,1.1330026388370866,1.1330076113994876,1.1330128205588603,1.1330182587893276,1.1330239181432926,1.1330297902758424,1.133035866470552,1.1330421376665913,1.1330485944870108,1.1330552272680738,1.1330620260895143,1.1330689808055814,1.1330760810767326,1.1330833164018355,1.1330906761507393,1.1330981495970616,1.1331057259510577,1.1331133943924248,1.1331211441028786,1.1331289642983928,1.1331368442609295,1.133144773369534,1.1331527411306679,1.1331607372076218,1.1331687514489228,1.1331767739155667,1.133184794907003,1.1331928049857307,1.1332007950004244,1.1332087561074802,1.1332166797909085,1.133224557880475,1.1332323825680435,1.1332401464220374,1.1332478423999768,1.1332554638590584,0.5666128321380755,0.5666165766221349,0.5666203187039931,0.566624055496369,0.5666277841160222,0.5666315016859749,0.5666352053377312,0.5666388922134947,0.5666425594683696,0.5666462042725611,0.0,0.0,0.0,0.0,0.0,0.0,0.0,0.0,0.0,0.0,0.0,0.0,0.0,0.0,0.0,0.0,0.0,0.0,0.0,0.0,0.0,0.0,0.0,0.0,0.0,0.0,0.0,0.0,0.0,0.0,0.0,0.0,0.0,0.0,0.0,0.0,0.0,0.0,0.0,0.0,0.0,0.0,0.0,0.0,0.0,0.0,0.0,0.0,0.0,0.0,0.0,0.0,0.0,0.0,0.0,0.0,0.0,0.0,0.0,0.0,0.0,0.0,0.0,0.0,0.0,0.0,0.0,0.0,0.0,0.0,0.0,0.0,0.0,0.0,0.0,0.0,0.0,0.0,0.0,0.0,0.0,0.0,0.0,0.0,0.0,0.0,0.0,0.0,0.0,0.0,0.0,0.0,0.0,0.0,0.0,0.5666440986703116,0.5666404405336805,0.5666367615814099,0.5666330646522992,0.5666293525989784,1.1332695020972625,1.1332607532238923,1.1332519868443023,1.1332432147729516,1.1332344488283637,1.1332257007994087,1.1332169824117244,1.13320830529443,1.1331996809472757,1.133191120708367,1.133182635722608,1.1331742369109876,1.1331659349408567,1.133157740197307,1.1331496627557813,1.1331417123560326,1.133133898377526,1.1331262298164133
0.0,0.0,0.0,0.0,0.0,0.0,0.0,0.0,0.0,0.0,0.0,0.0,0.0,0.0,0.0,0.0,0.0,0.0,0.0,0.0,0.0,0.0,0.0,0.0,0.0,0.0,0.0,0.0,0.0,0.0,0.0,0.0,0.0,0.0,0.0,0.0,0.0,0.0,0.0,0.5664944530554021,0.5664927395177283,0.5664911191027101,0.5664895930599828,0.5664881625663961,0.5664868287251075,0.5664855925647344,0.566484455038559,0.566483417023796,1.1329766583601635,1.1329738333119799,1.1329712370652043,1.1329688764264372,1.1329667578999183,1.132964887659713,1.1329632715228388,1.1329619149234844,1.132960822888427,1.1329600000137776,1.1329594504431584,1.1329591778474253,1.1329591854060315,1.1329594757901131,1.132960051147403,1.1329609130890237,1.1329620626782422,1.1329635004212357,1.1329652262599144,1.1329672395668564,1.1329695391423562,1.1329721232136332,1.132974989436184,1.1329781348973074,1.1329815561217553,1.132985249079519,1.1329892091957068,0.0,0.0,0.0,0.0,0.0,0.0,0.0,0.0,0.0,0.0,0.0,0.0,0.0,0.0,0.0,0.0,0.0,0.0,0.0,0.0,0.0,0.0,0.0,0.0,0.0,0.0,0.0,0.0,0.0,0.0,0.0,0.0,0.0,0.0,0.0,0.0,0.0,0.0,0.0,0.0,0.0,0.0,0.0,0.0,0.0,0.0,0.0,0.0,0.0,0.0,0.0,0.0,0.5632096930250868,0.5632123138390138,0.563214859582428,0.5632173319146165,0.5632197326660572,0.5632220638187904,0.5632243274862067,1.1264360204010808,1.1264412416843492,1.1264463433828746,1.1264513255892676,1.1264561884687376,1.1264609322394343,1.1264655571529278,1.1264700634749516,1.1264744514665113,1.1264787213654694,1.1264828733686976,1.1264869076149178,1.1264908241682956,1.1264946230029191,1.1264983039882122,1.126501866875386,1.1265053112850032,1.1265086366957235,1.1265118424342873,1.1265149276668185,1.1265178913914704,1.1265207324324793,1.1265234494356544,1.1265260408653357,1.1265285050028475,1.1265308399464473,1.1265330436127932,1.1265351137399218,1.1265370478917238,1.1265388434639112,1.126540497691436,1.1265420076573482,1.1265433703030312,1.126544582439788,1.126545640761712,1.1265465418597875,1.1265472822371505,1.1265478583254305,1.1265482665021134,1.1265485031088147,1.1265485644703992,1.1265484469148297,1.126548146793664,1.1265476605030944,1.1265469845054135,1.1265461153508178,1.126545049699418,1.126543784343367,1.1265423162289758,1.126540642478706,1.1265387604129429,1.1265366675714168,1.1265343617341645,1.1265318409419445,1.1265291035159612,1.126526148076831,1.1265229735626603,1.1265195792461618,1.1265159647506964,1.126512130065167,1.1265080755576773,1.1265038019878721,1.126499310517902,1.1264946027219298,1.1264896805941351,1.1264845465551643,1.126479203456969,1.1264736545860123,1.12646790366481,1.126461954851774,1.126455812739366,1.1264494823505349,0.5632354994699249,0.5632319870739579,0.5632283566144243,0.56322461227367,0.5632207585828567,0.563216800410459,0.5632127429492656,0.0,0.0,0.0,0.0,0.0,0.0,0.0,0.0,0.0,0.0,0.0,0.0,0.0,0.0,0.0,0.0,0.0,0.0,0.0,0.0,0.0,0.0,0.0,0.0,0.0,0.0,0.0,0.0
1.1262854822611206,1.1262789634794226,1.1262724463064275,1.1262659317607233,1.126259420898045,1.1262529148298084,1.126246414741312,1.1262399219094958,1.1262334377201744,1.1262269636846167,1.1262205014553877,1.126214052841358,1.1262076198217827,1.126201204559368,1.1261948094122425,1.1261884369447626,1.126182089937073,1.1261757713933642,1.1261694845487744,1.1261632328748745,1.1261570200837037,1.1261508501303106,1.1261447272137826,0.5630823967121596,0.5630793401526344,0.5630762808057911,0.5630732215934314,0.5630701657143174,0.5630671166376129,0.5630640780947841,0.5630610540699955,0.0,0.0,0.0,0.0,0.0,0.0,0.0,0.0,0.0,0.0,0.0,0.0,0.0,0.0,0.0,0.0,0.0,0.0,0.0,0.0,0.0,0.0,0.0,0.0,0.0,0.0,0.0,0.0,0.0,0.0,0.0,0.0,0.0,0.0,0.0,0.0,0.0,0.0,0.0,0.0,0.0,0.0,0.0,0.0,0.0,0.0,0.0,0.0,0.0,0.0,0.0,0.0,0.0,0.0,0.0,0.0,0.0,0.5630615000999059,0.563065424282561,0.5630694178946081,0.5630734738270836,1.1261394504553275,1.1261467371030742,1.1261541194093045,1.126161587767767,1.1261691325831789,1.1261767442972963,1.1261844134145087,1.126192130526816,1.1261998863381013,1.1262076716875966,1.1262154775724276,1.1262232951691749,1.1262311158543274,1.126238931223578,1.126246733109861,1.126254513600079,1.126262265050443,1.1262699801003673,1.1262776516848905,1.1262852730455484,1.1262928377396884,1.126300339648191,1.126307772981571,1.1263151322844636,1.12632241243847,1.1263296086633907,1.1263367165168368,1.1263437318922587,1.126350651015402,1.1263574704392412,1.1263641870374232,1.1263707979962803,1.1263773008054583,1.1263836932472318,1.126389973384577,0.5631864465229817,0.5631898764826758,0.5631932649452167,0.563196609295638,0.5631999069529815,0.5632031553722886,0.5632063520465684,0.0,0.0,0.0,0.0,0.0,0.0,0.0,0.0,0.0,0.0,0.0,0.0,0.0,0.0,0.0,0.0,0.0,0.0,0.0,0.0,0.0,0.0,0.0,0.0,0.0,0.0,0.0,0.0,0.0,0.0,0.0,0.0,0.0,0.0,0.0,0.0,0.0,0.0,0.0,0.0,0.0,0.0,0.0,0.0,0.0,0.0,0.0,0.0,0.0,0.0,0.0,0.0,0.0,0.0,0.0,0.0,0.0,0.0,0.0,0.0,0.0,0.0,0.0,0.0,0.0,0.0,0.0,0.0,0.0,0.0,0.0,0.0,0.5632074696635286,0.5632042918806086,0.5632010614755304,0.5631977809413965,0.5631944528099605,0.5631910796496774,0.5631876640637175,1.1263928003898975,1.126385068654157,1.1263772205745954,1.1263692652051727,1.1263612118633692,1.1263530701075002,1.12634484971304,1.126336560648047,1.1263282130478085,1.1263198171887905,1.126311383462021,1.1263029223459986,1.1262944443792635,1.126285960132722,1.1262774801818591,1.1262690150789505,1.1262605753253827,1.1262521713442215,1.126243813453108,1.12623551183763,1.126227276525266,1.1262191173600018,1.1262110439777433,1.126203065782612,1.126195191924229,1.1261874312760805,1.1261797924150425,1.1261722836021615
0.0,0.0,0.0,0.0,0.0,0.0,0.0,0.0,0.0,0.0,0.0,0.0,0.0,0.0,0.0,0.0,0.0,0.0,0.0,0.0,0.0,0.0,0.0,0.5630562590645719,0.5630533003505961,0.5630504055094008,0.5630475767737643,0.5630448163254509,0.5630421262935346,0.5630395087527541,0.5630369657219177,1.1260925479513864,1.126087177683213,1.1260819154994797,1.1260767680505213,1.1260717421071753,1.1260668445419046,1.1260620823089091,1.126057462423275,1.1260529919392885,1.1260486779279906,1.1260445274540645,1.1260405475521948,1.1260367452029567,1.1260331273083914,1.1260297006673465,1.1260264719507094,1.1260234476766442,1.1260206341859504,1.1260180376176523,1.1260156638849343,1.1260135186515425,1.126011607308745,1.126009934952985,1.1260085063643097,1.1260073259856902,1.1260063979033277,1.1260057258280374,1.1260053130778056,1.1260051625616014,1.126005276764516,1.1260056577343138,1.1260063070694566,1.1260072259086518,1.1260084149219922,1.1260098743037315,1.1260116037667132,1.1260136025385141,1.1260158693593012,1.1260184024814306,1.1260211996707885,1.1260242582098745,1.1260275749026243,1.1260311460809396,1.1260349676129233,1.1260390349127647,1.1260433429522532,1.12604788627385,1.1260526590052968,1.1260576548756631,1.126062867232792,1.1260682890620477,1.1260739130063073,1.1260797313870905,1.1260857362267438,1.126091919271584,1.1260982720158983,1.1261047857266988,0.563049951369217,0.563052835849802,0.5630557845614217,0.5630587952297269,0.0,0.0,0.0,0.0,0.0,0.0,0.0,0.0,0.0,0.0,0.0,0.0,0.0,0.0,0.0,0.0,0.0,0.0,0.0,0.0,0.0,0.0,0.0,0.0,0.0,0.0,0.0,0.0,0.0,0.0,0.0,0.0,0.0,0.0,0.0,0.0,0.0,0.0,0.0,0.0,0.0,0.0,0.0,0.0,0.0,0.0,0.0,0.0,0.0,0.0,0.0,0.0,0.0,0.0,0.0,0.0,0.0,0.0,0.5597937509954993,0.5597952908056227,1.1195909973217584,1.1195941496930022,1.1195971682930943,1.1196000516701168,1.1196027982608245,1.1196054063886276,1.1196078742627242,1.119610199978402,1.119612381518503,1.1196144167560607,1.1196163034581081,1.119618039290616,1.1196196218245793,1.1196210485431939,1.119622316850108,1.1196234240787146,1.1196243675024309,1.1196251443459184,1.1196257517972097,1.1196261870206468,1.119626447170609,1.1196265294059344,1.1196264309049822,1.1196261488812462,1.1196256805994547,1.1196250233920726,1.1196241746761202,1.119623131970224,1.1196218929118147,1.1196204552743905,1.1196188169847419,1.1196169761400636,1.1196149310248573,1.1196126801275437,1.1196102221566808,1.119607556056727,1.1196046810232407,0.5598104939750544,0.5598091382539578,0.5598076596030579,0.5598060567971698,0.5598043288614137,0.5598024750827448,0.5598004950204771,0.5597983885157407,0.5597961556998269,0.5597937970013648,0.0,0.0,0.0,0.0,0.0,0.0,0.0,0.0,0.0,0.0,0.0,0.0,0.0,0.0,0.0,0.0,0.0,0.0,0.0,0.0,0.0,0.0,0.0,0.0,0.0,0.0,0.0,0.0,0.0,0.0,0.0,0.0,0.0,0.0,0.0,0.0,0.0,0.0,0.0,0.0,0.0,0.0
1.1193645384809878,1.119357861219818,1.1193511859567167,1.11934451467536,1.1193378493872812,1.1193311921455944,1.1193245450584597,1.1193179103022102,1.1193112901340518,1.1193046869042675,0.5596579142653079,0.5596548951211852,0.5596518697127809,0.5596488381628599,0.5596458007640999,0.0,0.0,0.0,0.0,0.0,0.0,0.0,0.0,0.0,0.0,0.0,0.0,0.0,0.0,0.0,0.0,0.0,0.0,0.0,0.0,0.0,0.0,0.0,0.0,0.0,0.0,0.0,0.0,0.0,0.0,0.0,0.0,0.0,0.0,0.0,0.0,0.0,0.0,0.0,0.0,0.0,0.0,0.0,0.0,0.0,0.0,0.0,0.0,0.0,0.0,0.0,0.0,0.0,0.0,0.0,0.0,0.0,0.0,0.0,0.0,0.0,0.0,0.0,0.0,0.0,0.0,0.0,0.0,0.0,0.0,0.0,0.0,0.0,0.0,0.0,0.0,0.0,0.0,0.0,0.0,0.0,0.0,0.0,0.0,0.0,0.5596468808687777,0.5596509851101044,0.5596550861179529,0.5596591785161256,1.1193066680834658,1.1193143218371961,1.1193219748711225,1.119329619785328,1.1193372493857816,1.1193448566962085,1.1193524349687891,1.1193599776936538,1.1193674786071377,1.1193749316987853,1.1193823312170823,1.1193896716739027,1.1193969478476684,1.1194041547852347,1.1194112878024924,1.119418342483717,1.1194253146796775,1.1194322005045367,1.1194389963315747,1.1194456987877708,1.119452304747296,1.119458811323961,1.1194652158626628,1.1194715159299182,1.1194777093035169,1.1194837939613778,1.1194897680696738,1.1194956299703112,1.1195013781678198,1.1195070113157586,1.1195125282027005,1.119517927737888,1.1195232089366467,1.1195283709056416,1.1195334128280596,1.1195383339488094,1.119543133559827,1.1195478109855648,1.11955236556876,1.1195567966565536,1.1195611035870479,1.1195652856763856,1.1195693422064035,1.1195732724129706,1.1195770754750416,1.1195807505045117,0.5597905455414283,0.5597924217174924,0.0,0.0,0.0,0.0,0.0,0.0,0.0,0.0,0.0,0.0,0.0,0.0,0.0,0.0,0.0,0.0,0.0,0.0,0.0,0.0,0.0,0.0,0.0,0.0,0.0,0.0,0.0,0.0,0.0,0.0,0.0,0.0,0.0,0.0,0.0,0.0,0.0,0.5597911025423978,0.5597891640261587,0.559787138741521,0.5597850282518044,0.5597828341860852,0.5597805582379364,0.5597782021641216,0.5597757677832321,0.5597732569742851,0.5597706716752717,1.1195593270339574,1.1195539908374699,1.119548463544434,1.1195427489785268,1.1195368513290376,1.1195307751487062,1.1195245253501955,1.1195181072012081,1.1195115263182442,1.1195047886590292,1.119497900513625,1.1194908684942497,1.1194836995238562,1.1194764008234828,1.1194689798984498,1.1194614445234303,1.1194538027264618,1.1194460627719631,1.1194382331428105,1.1194303225215574,1.1194223397708551,1.119414293913175,1.1194061941098856,1.1193980496397962,1.1193898698772342,1.1193816642697532,1.119373442315561,1.119365213540763,1.1193569874765048,1.119348773636116,1.1193405814923438,1.1193324204547757,1.1193242998475261,1.119316228887301,1.119308216661913,1.1193002721093324,1.1192924039973753,0.5596437390709347,0.0,0.0,0.0,0.0
0.0,0.0,0.0,0.0,0.0,0.0,0.0,0.0,0.0,0.0,0.5596401888025224,0.5596366460741825,0.559633134270624,0.5596296561009404,0.5596262142482442,1.1192655693564184,1.119259160581708,1.1192527921378752,1.1192464676431788,1.1192401908879885,1.1192339658371608,1.119227796631249,1.1192216875865348,1.1192156431938427,1.119209668116167,1.1192037671850543,1.119197945395801,1.1191922079014296,1.1191865600054918,1.1191810071536872,1.1191755549243656,1.1191702090179039,1.1191649752450263,1.1191598595141028,1.119154867817469,1.1191500062168385,1.119145280827847,1.119140697803813,1.11913626331877,1.1191319835498463,1.1191278646590752,1.119123912774699,1.1191201339720753,1.1191165342542364,1.119113119532226,1.119109895605265,1.1191068681408676,1.119104042654975,1.1191014244922093,1.1190990188063403,1.1190968305410443,1.1190948644110539,1.119093124883777,1.1190916161614894,1.1190903421641591,1.1190893065130034,1.119088512514848,1.119087963147365,1.1190876610452571,1.1190876084874644,1.1190878073854407,1.1190882592725715,1.1190889652947775,1.1190899262023541,1.1190911423430854,1.1190926136566772,1.1190943396705235,1.1190963194968497,1.119098551831232,1.119101034952521,1.1191037667241615,1.1191067445969172,1.1191099656129855,1.1191134264114941,1.1191171232353578,1.1191210519394703,1.119125208000196,1.119129586526125,1.1191341822700556,1.1191389896421358,1.1191440027241355,1.1191492152847693,1.1191546207960066,1.1191602124503242,1.1191659831787901,1.1191719256699408,1.119178032389343,1.1191842955997722,1.1191907073819225,1.1191972596555497,1.119203944200971,1.1192107526808166,1.119217676661961,1.1192247076375132,1.1192318370488077,1.1192390563072716,1.1192463568160986,1.1192537299916325,1.1192611672843662,1.1192686601994846,0.5596293194480729,0.5596327942002585,0.559636302848657,0.5596398426866114,0.0,0.0,0.0,0.0,0.0,0.0,0.0,0.0,0.0,0.0,0.0,0.0,0.0,0.0,0.0,0.0,0.0,0.0,0.0,0.0,0.0,0.0,0.0,0.0,0.0,0.0,0.0,0.0,0.0,0.0,0.0,0.0,0.0,0.0,0.0,0.0,0.0,0.0,0.0,0.0,0.0,0.0,0.0,0.0,0.0,0.0,0.0,0.0,0.0,0.0,0.0,0.0,0.0,0.0,0.0,0.0,0.0,0.0,0.0,0.0,0.0,0.0,0.0,0.0,0.0,0.0,0.0,0.0,0.0,0.0,0.0,0.0,0.0,0.0,0.0,0.0,0.0,0.0,0.0,0.0,0.0,0.0,0.0,0.0,0.0,0.0,0.0,0.0,0.0,0.0,0.0,0.0,0.0,0.0,0.0,0.0,0.0,0.0,0.0,0.0,0.0,0.0,0.0,0.0,0.0,0.0,0.0,0.0,0.0,0.0,0.0,0.0,0.0,0.0,0.0,0.0,0.0,0.0,0.0,0.0,0.0,0.0,0.0,0.0,0.0,0.0,0.0,0.0,0.0,0.0,0.0,0.0,0.5596408818331493,1.119276931198904,1.1192693430247123,1.1192618642807697,1.1192545026066805
0.0,0.0,0.0,0.0,0.0,0.0,0.0,0.0,0.0,0.0,0.0,0.0,0.0,0.0,0.0,0.0,0.0,0.0,0.0,0.0,0.0,0.0,0.0,0.0,0.0,0.0,0.0,0.0,0.0,0.0,0.0,0.0,0.0,0.0,0.0,0.0,0.0,0.0,0.0,0.0,0.0,0.0,0.0,0.0,0.0,0.0,0.0,0.0,0.0,0.0,0.0,0.0,0.0,0.0,0.0,0.0,0.0,0.0,0.0,0.0,0.0,0.0,0.0,0.0,0.0,0.0,0.0,0.0,0.0,0.0,0.0,0.0,0.0,0.0,0.0,0.0,0.0,0.0,0.0,0.0,0.0,0.0,0.0,0.0,0.0,0.0,0.0,0.0,0.0,0.0,0.0,0.0,0.0,0.0,0.0,0.0,0.0,0.0,0.0,0.0,0.0,0.0,0.0,0.0,0.0,0.0,0.0,0.0,0.0,0.0,0.0,0.0,0.0,0.5562515812831275,0.5562552616790843,0.556258897912005,0.5562624875218816,1.112515702177183,1.1125228393830209,1.1125299099133654,1.1125369093242097,1.1125438333825457,1.1125506780639454,1.1125574395492435,1.1125641142203648,1.1125706986553254,1.112577189622453,1.1125835840738731,1.1125898791383082,1.1125960721132448,1.1126021604565182,1.1126081417773763,1.1126140138270828,1.1126197744891222,1.112625421769067,1.1126309537841719,1.1126363687527712,1.1126416649835293,1.1126468408646326,1.1126518948529658,1.1126568254633629,1.1126616312579851,1.1126663108358967,1.1126708628229,1.1126752858616944,1.1126795786024235,1.1126837396936557,1.1126877677738778,1.1126916614635227,1.1126954193576168,1.1126990400190624,1.1127025219726203,1.112705863699616,1.1127090636334247,1.112712120155741,1.1127150315936793,1.112717796217723,1.1127204122405367,1.112722877816656,1.1127251910430687,1.1127273499606791,1.1127293525566673,1.1127311967677311,1.1127328804842018,1.1127344015550118,1.1127357577935082,1.1127369469840696,1.1127379668895139,1.1127388152592523,1.1127394898381575,1.1127399883761018,1.1127403086381185,1.1127404484151444,1.1127404055352847,1.112740177875546,1.1127397633739806,1.1127391600421814,1.1127383659780703,1.1127373793788933,1.1127361985543982,1.11273482194007,1.1127332481104195,1.112731475792196,1.1127295038775027,1.11272733143671,1.112724957731125,1.112722382225328,1.1127196045991266,1.1127166247590483,1.112713442849314,1.1127100592622305,1.112706474647947,1.1127026899235029,1.11269870628114,1.1126945251957965,1.1126901484317713,1.1126855780484817,1.112680816405296,1.1126758661654066,1.1126707302986967,1.112665412083592,1.1126599151078644,1.112654243268378,1.1126484007697584,1.112642392121987,1.112636222136907,1.112629895923654,1.112623418883015,1.112616796700724,1.1126100353397232,1.1126031410313977,1.1125961202658226,1.1125889797810475,1.1125817265514597,1.1125743677752618,1.1125669108611054,1.1125593634139423,1.1125517332201336,1.1125440282318695,1.112536256550975,1.1125284264121449,1.112520546165681,1.1125126242598005,0.5562577646032602,0.5562534500393671,0.5562491256978797,0.0,0.0,0.0,0.0,0.0,0.0,0.0,0.0,0.0,0.0,0.0,0.0,0.0,0.0,0.0
1.1124798579143669,1.112473067298423,1.112466278983192,1.1124594957308191,1.112452720323704,1.1124459555743003,1.1124392043347062,1.1124324695059966,1.1124257540472309,1.112419060984061,1.1124123934168988,1.1124057545285788,1.1123991475914528,1.1123925759738693,1.1123860431460069,1.1123795526849773,1.1123731082792006,1.1123667137319717,1.1123603729642229,1.1123540900164257,1.1123478690496198,1.1123417143455367,1.1123356303058212,1.1123296214503124,1.1123236924144084,1.11231784794548,1.1123120928983647,1.1123064322299288,1.1123008709927211,1.1122954143277306,1.1122900674562746,1.1122848356710369,1.1122797243262883,1.1122747388273384,1.1122698846192318,1.1122651671747625,1.112260591981822,1.1122561645301683,1.1122518902976335,1.112247774735847,1.1122438232555438,1.1122400412114881,1.1122364338871131,1.1122330064789172,1.1122297640806995,1.112226711667696,1.1122238540806924,1.1122211960101804,1.112218741980632,1.1122164963349608,1.1122144632192357,1.1122126465677367,1.1122110500883895,1.1122096772486767,1.1122085312620764,1.1122076150750866,1.1122069313549154,1.112206482477873,1.1122062705185356,1.112206297239731,1.1122065640833918,1.1122070721623203,1.1122078222529068,1.1122088147888471,1.112210049855873,1.1122115271875432,1.112213246162108,1.112215205800462,1.1122174047652131,1.1122198413608628,1.1122225135351123,1.1122254188812801,1.1122285546418436,1.1122319177130784,1.1122355046507792,1.1122393116770635,1.1122433346882004,1.1122475692634564,1.1122520106749216,1.1122566538982714,1.1122614936244184,1.1122665242720216,1.1122717400007893,1.112277134725522,1.1122827021308495,1.112288435686586,1.1122943286636595,1.1123003741505226,1.1123065650700164,1.1123128941965734,1.1123193541737295,1.1123259375318453,1.1123326367059785,1.1123394440538288,1.1123463518736918,1.112353352422329,1.1123604379327077,1.1123676006315164,1.1123748327564107,1.1123821265728897,1.112389474390771,1.1123968685801735,1.1124043015869622,1.1124117659475914,1.1124192543032874,1.112426759413529,1.1124342741687605,1.112441791602313,1.1124493049014808,1.1124568074177077,1.1124642926758843,1.1124717543826808,1.1124791864339434,0.5562350016379652,0.5562386764574506,0.5562423486660776,0.5562460154304731,0.0,0.0,0.0,0.0,0.0,0.0,0.0,0.0,0.0,0.0,0.0,0.0,0.0,0.0,0.0,0.0,0.0,0.0,0.0,0.0,0.0,0.0,0.0,0.0,0.0,0.0,0.0,0.0,0.0,0.0,0.0,0.0,0.0,0.0,0.0,0.0,0.0,0.0,0.0,0.0,0.0,0.0,0.0,0.0,0.0,0.0,0.0,0.0,0.0,0.0,0.0,0.0,0.0,0.0,0.0,0.0,0.0,0.0,0.0,0.0,0.0,0.0,0.0,0.0,0.0,0.0,0.0,0.0,0.0,0.0,0.0,0.0,0.0,0.0,0.0,0.0,0.0,0.0,0.0,0.0,0.0,0.0,0.0,0.0,0.0,0.0,0.0,0.0,0.0,0.0,0.0,0.0,0.0,0.0,0.0,0.0,0.0,0.0,0.0,0.0,0.0,0.0,0.0,0.0,0.0,0.0,0.5562469046193181,0.5562432396042244,0.5562395684574717,1.1124806914145777,1.1124726900833974,1.1124646988105478,1.1124567262126357,1.1124487808555628,1.112440871236144,1.1124330057640268,1.1124251927439701,1.1124174403585414,1.11240975665131,1.1124021495106025,1.1123946266538662,1.1123871956127198,1.112379863718724,1.1123726380899508
0.0,0.0,0.0,0.0,0.0,0.0,0.0,0.0,0.0,0.0,0.0,0.0,0.0,0.0,0.0,0.0,0.0,0.0,0.0,0.0,0.0,0.0,0.0,0.0,0.0,0.0,0.0,0.0,0.0,0.0,0.0,0.0,0.0,0.0,0.0,0.0,0.0,0.0,0.0,0.0,0.0,0.0,0.0,0.0,0.0,0.0,0.0,0.0,0.0,0.0,0.0,0.0,0.0,0.0,0.0,0.0,0.0,0.0,0.0,0.0,0.0,0.0,0.0,0.0,0.0,0.0,0.0,0.0,0.0,0.0,0.0,0.0,0.0,0.0,0.0,0.0,0.0,0.0,0.0,0.0,0.0,0.0,0.0,0.0,0.0,0.0,0.0,0.0,0.0,0.0,0.0,0.0,0.0,0.0,0.0,0.0,0.0,0.0,0.0,0.0,0.0,0.0,0.0,0.0,0.0,0.0,0.0,0.0,0.0,0.0,0.0,0.0,0.0,0.0,0.0,0.0,0.0,0.0,0.0,0.0,0.0,0.0,0.0,0.0,0.0,0.0,0.0,0.0,0.0,0.5528767952273304,0.5528796845921274,1.1057570441357143,1.1057630018949447,1.105768851409071,1.1057745900604812,1.1057802153358207,1.1057857248186036,1.1057911161816991,1.1057963871797503,1.1058015356415765,1.1058065594626059,1.105811456597399,1.1058162250522972,1.105820862878267,1.1058253681639663,1.1058297390290948,1.1058339736180596,1.1058380700940231,1.1058420266333369,1.105845841420434,1.1058495126431995,1.1058530384888485,1.1058564171403569,1.1058596467734532,1.1058627255542148,1.10586565163727,1.1058684231646336,1.1058710382651964,1.1058734950548539,1.1058757916373176,1.1058779261055696,1.1058798965439909,1.1058817010311501,1.1058833376432389,1.1058848044581344,1.105886099560109,1.105887221045113,1.105888167026658,1.1058889356422488,1.1058895250603318,1.1058899334877506,1.1058901591776447,1.1058902004377784,1.1058900556392388,1.1058897232254807,1.1058892017216568,1.1058884897441872,1.1058875860105397,1.1058864893491418,1.105885198709394,1.1058837131717252,1.105882031957639,1.1058801544396935,1.105878080151367,1.1058758087967566,1.1058733402600431,1.105870674614693,1.1058678121323244,1.1058647532912014,1.1058614987843,1.1058580495268955,1.1058544066636427,1.10585057157508,1.105846545883536,1.1058423314583985,1.1058379304206982,1.1058333451469804,1.1058285782724457,1.105823632693311,1.1058185115683918,1.1058132183198612,1.105807756633192,1.1058021304562569,1.1057963439975764,1.1057904017237221,1.1057843083558572,1.105778068865427,1.1057716884690136,1.105765172622342,0.552886550029041,0.5528830477260052,0.5528794716795106,0.5528758256705908,0.0,0.0,0.0,0.0,0.0,0.0,0.0,0.0,0.0,0.0,0.0,0.0,0.0,0.0,0.0,0.0,0.0,0.0,0.0,0.0,0.0,0.0,0.0,0.0,0.0,0.0,0.0,0.0
1.105631183055829,1.105624316384577,1.1056174522972717,1.1056105941745291,1.1056037454110408,1.1055969094221987,1.1055900896505646,1.10558328957213,1.1055765127023387,1.105569762601807,1.1055630428816965,1.105556357208709,1.1055497093096482,1.1055431029755152,1.1055365420651007,1.1055300305080369,1.1055235723072772,1.10551717154098,1.1055108323637626,1.1055045590073143,1.1054983557803364,1.1054922270678,1.105486177329518,1.1054802110980007,1.1054743329756214,1.1054685476310575,0.5527381512700248,0.5527352679871405,0.5527324226343225,0.5527296180651745,0.5527268572264163,0.0,0.0,0.0,0.0,0.0,0.0,0.0,0.0,0.0,0.0,0.0,0.0,0.0,0.0,0.0,0.0,0.0,0.0,0.0,0.0,0.0,0.0,0.0,0.0,0.0,0.0,0.0,0.0,0.0,0.0,0.0,0.0,0.0,0.0,0.0,0.0,0.0,0.0,0.0,0.0,0.0,0.0,0.0,0.0,0.0,0.0,0.0,0.0,0.0,0.0,0.0,0.0,0.0,0.0,0.0,0.0,0.552728136328935,1.1054588054946568,1.105464942765888,1.1054712094254726,1.105477598715535,1.1054841037834993,1.105490717696743,1.1054974334572745,1.1055042440163598,1.105511142289068,1.1055181211686467,1.1055251735407103,1.1055322922971542,1.1055394703497634,1.105546700643462,1.1055539761691446,1.1055612899760654,1.1055686351837115,1.105576004993154,1.1055833926978034,1.1055907916935648,1.1055981954883412,1.1056055977108628,1.1056129921188171,1.1056203726062588,1.105627733210273,1.1056350681168925,1.1056423716662416,1.1056496383569097,1.105656862849548,1.1056640399696895,1.1056711647097988,1.1056782322305518,1.1056852378613695,1.1056921771002108,1.1056990456126456,1.1057058392302315,1.105712553948224,1.1057191859226358,1.1057257314666904,1.1057321870466994,1.1057385492773957,0.5528680196894449,0.5528712962683422,0.0,0.0,0.0,0.0,0.0,0.0,0.0,0.0,0.0,0.0,0.0,0.0,0.0,0.0,0.0,0.0,0.0,0.0,0.0,0.0,0.0,0.0,0.0,0.0,0.0,0.0,0.0,0.0,0.0,0.0,0.0,0.0,0.0,0.0,0.0,0.0,0.0,0.0,0.0,0.0,0.0,0.0,0.0,0.0,0.0,0.0,0.0,0.0,0.0,0.0,0.0,0.0,0.0,0.0,0.0,0.0,0.0,0.0,0.0,0.0,0.0,0.0,0.0,0.0,0.0,0.0,0.0,0.0,0.0,0.0,0.0,0.0,0.0,0.0,0.0,0.0,0.0,0.0,0.5528719769844394,0.5528687098292174,0.5528653986971971,0.5528620461436742,1.105730768401549,1.1057235668589707,1.1057162740824673,1.105708897131656,1.1057014432174017,1.1056939196888553,1.1056863340199925,1.10567869379571,1.10567100669754,1.1056632804890132,1.1056555230007405,1.1056477421152644,1.105639945751728,1.1056321418504416,1.105624338357365,1.105616543208611,1.1056087643149826,1.1056010095466386,1.1055932867179157,1.1055856035723783,1.1055779677681556,1.1055703868635987,1.105562868303335,1.105555419404749,1.1055480473449548,1.1055407591482942,1.1055335616744038,1.1055264616069076
0.0,0.0,0.0,0.0,0.0,0.0,0.0,0.0,0.0,0.0,0.0,0.0,0.0,0.0,0.0,0.0,0.0,0.0,0.0,0.0,0.0,0.0,0.0,0.0,0.0,0.0,0.552724708525009,0.5527220062682298,0.552719373217013,0.5527168114021492,0.5527143227994664,1.1054360524801012,1.105431051805378,1.1054261829906227,1.1054214510288833,1.1054168609074773,1.1054124175976203,1.105408126043629,1.1054039911517142,1.1054000177784227,1.1053962107187718,1.1053925746941227,1.1053891143398447,1.1053858341928224,1.1053827386788617,1.1053798321000396,1.1053771186220651,1.105374602261696,1.105372286874269,1.1053701761414092,1.1053682735589518,1.1053665824251562,1.1053651058292397,1.1053638466403108,1.1053628074967248,1.105361990795933,1.105361398684864,1.1053610330508774,1.1053608955133423,1.1053609874158792,1.1053613098192925,1.1053618634952427,1.1053626489206858,1.1053636662730995,1.1053649154265313,1.1053663959484896,1.1053681070976888,1.105370047822671,1.1053722167613045,1.1053746122411825,1.1053772322809063,1.1053800745922622,1.1053831365832874,1.1053864153622128,1.1053899077422717,1.1053936102473612,1.1053975191185264,1.1054016303212617,1.1054059395535751,1.1054104422548223,1.1054151336152374,1.1054200085861483,1.1054250618908412,1.1054302880360047,1.105435681323739,1.1054412358640653,1.1054469455878881,0.552724667931436,0.0,0.0,0.0,0.0,0.0,0.0,0.0,0.0,0.0,0.0,0.0,0.0,0.0,0.0,0.0,0.0,0.0,0.0,0.0,0.0,0.0,0.0,0.0,0.0,0.0,0.0,0.0,0.0,0.0,0.0,0.0,0.0,0.0,0.0,0.0,0.0,0.0,0.0,0.0,0.0,0.0,0.0,0.0,0.0,0.0,0.0,0.0,0.0,0.0,0.0,0.0,0.0,0.0,0.0,0.0,0.0,0.0,0.0,0.0,0.0,0.0,0.0,0.0,0.0,1.0990426232581807,1.0990458671969392,1.0990489546428828,1.0990518836195986,1.0990546521730629,1.0990572583716482,1.0990597003066176,1.0990619760931,1.09906408387154,1.0990660218096389,1.0990677881047692,1.0990693809868632,1.0990707987217578,1.0990720396149967,1.0990731020160576,1.0990739843230073,1.099074684987546,1.0990752025204267,1.0990755354972324,1.0990756825644619,1.0990756424459254,1.0990754139493895,1.0990749959734614,1.0990743875146651,1.0990735876746762,1.099072595667682,1.0990714108278268,1.099070032616702,1.0990684606308365,1.0990666946091654,1.0990647344404092,1.09906258017035,1.0990602320089395,1.0990576903372187,1.0990549557139997,1.0990520288822663,0.5495291305731916,0.5495276403164284,0.54952604769311,0.5495243527700746,0.549522555759338,0.5495206570232704,0.0,0.0,0.0,0.0,0.0,0.0,0.0,0.0,0.0,0.0,0.0,0.0,0.0,0.0,0.0,0.0,0.0,0.0,0.0,0.0,0.0,0.0,0.0,0.0,0.0,0.0,0.0,0.0,0.0,0.0,0.0,0.0,0.0,0.0,0.0,0.0,0.0,0.0,0.0,0.0,0.0,0.0,0.0,0.0,0.0,0.0,0.0
1.098818291737866,1.0988113785868703,1.0988044683255183,1.0987975648184225,1.0987906719392715,1.0987837935749227,1.0987769336293747,1.098770096027586,1.098763284719113,0.5493830535970088,0.549379805865895,0.5493765686894263,0.0,0.0,0.0,0.0,0.0,0.0,0.0,0.0,0.0,0.0,0.0,0.0,0.0,0.0,0.0,0.0,0.0,0.0,0.0,0.0,0.0,0.0,0.0,0.0,0.0,0.0,0.0,0.0,0.0,0.0,0.0,0.0,0.0,0.0,0.0,0.0,0.0,0.0,0.0,0.0,0.0,0.0,0.0,0.0,0.0,0.0,0.0,0.0,0.0,0.0,0.0,0.0,0.0,0.0,0.0,0.0,0.0,0.0,0.0,0.0,0.0,0.0,0.0,0.0,0.0,0.0,0.0,0.0,0.0,0.0,0.0,0.0,0.0,0.0,0.0,0.0,0.0,0.0,0.0,0.0,0.0,0.0,0.0,0.0,0.0,0.0,0.0,0.0,0.0,0.0,0.5493736625103632,0.5493773716572681,0.5493810901740533,1.0987617946839388,1.0987690672956445,1.0987763579276248,1.098783660354913,1.098790968438802,1.0987982761340414,1.0988055774954848,1.0988128666841754,1.0988201379728582,1.0988273857509014,1.0988346045286312,1.0988417889410722,1.0988489337510887,1.0988560338519402,1.098863084269243,1.0988700801623554,1.0988770168251967,1.0988838896865065,1.0988906943095684,1.098897426391418,1.0989040817615423,1.098910656380113,1.098917146335764,1.0989235478429538,1.0989298572389317,1.0989360709803377,1.098942185639487,1.0989481979003521,1.0989541045542883,1.0989599024955408,1.0989655887165615,1.0989711603031882,1.0989766144297137,1.098981948353881,1.098987159411856,1.0989922450132061,1.0989972026359278,1.099002029821556,1.099006724170402,1.0990112833369432,1.0990157050254115,1.099019986985605,1.0990241270089651,1.0990281229249388,1.0990319725976585,1.0990356739229754,1.0990392248258578,0.0,0.0,0.0,0.0,0.0,0.0,0.0,0.0,0.0,0.0,0.0,0.0,0.0,0.0,0.0,0.0,0.0,0.0,0.0,0.0,0.0,0.0,0.0,0.0,0.0,0.0,0.0,0.0,0.0,0.0,0.0,0.0,0.0,0.0,0.0,0.0,0.5495197802020749,0.5495179622058255,0.5495160577607237,0.549514068336823,0.5495119954697616,0.5495098407595717,1.0990262629487546,1.0990218491286272,1.0990172589477765,1.0990124952568225,1.0990075611328618,1.0990024598800083,1.098997195029296,1.0989917703379282,1.0989861897878677,1.0989804575837532,1.0989745781501552,1.0989685561281461,1.0989623963712143,1.0989561039405071,1.0989496840994257,1.098943142307574,1.0989364842140719,1.0989297156502758,1.098922842621886,1.0989158713005018,1.0989088080146239,1.098901659240143,1.0988944315903466,1.0988871318054616,1.0988797667417904,1.0988723433604504,1.0988648687157758,1.0988573499434113,1.0988497942481334,1.098842208891461,1.098834601179064,1.0988269784480615,1.0988193480541981,1.0988117173589946,1.0988040937168835,1.0987964844623848,1.0987888968973771,1.09878133827849,1.0987738158046705,1.0987663366049785,1.0987589077266224,1.0987515361233082,0.5493735985196806,0.0,0.0,0.0,0.0
0.0,0.0,0.0,0.0,0.0,0.0,0.0,0.0,0.0,0.5493734500845109,0.5493699510576368,0.5493664797984732,1.098736382453942,1.09872976293974,1.098723194103947,1.0987166801472004,1.0987102253131056,1.098703833888766,1.0986975102048473,1.098691258635166,1.098685083595762,1.098678989543476,1.0986729809740092,1.098667062419445,1.0986612384452634,1.0986555136468112,1.0986498926452613,1.098644380083043,1.0986389806187733,1.0986336989216752,1.0986285396655266,1.0986235075221318,1.0986186071543393,1.0986138432086505,1.0986092203074043,1.0986047430406,1.0986004159573661,1.0985962435571173,1.098592230280422,1.098588380499625,1.0985846985092573,1.0985811885162677,1.0985778546301241,1.0985747008528093,1.0985717310687733,1.0985689490348627,1.098566358370281,1.0985639625466286,1.0985617648780406,1.0985597685114992,1.098557976417328,1.098556391379944,1.0985550159888708,1.0985538526300946,1.0985529034777648,1.0985521704863004,1.0985516553829342,1.0985513596607173,1.0985512845720333,1.0985514311226463,1.0985518000663088,1.0985523918999567,1.0985532068595205,1.098554244916377,1.0985555057744385,1.0985569888679336,1.0985586933598581,1.0985606181411218,1.0985627618304061,1.0985651227747253,1.0985676990506947,1.0985704884665153,1.0985734885646543,1.098576696625234,1.0985801096701007,1.0985837244675738,1.0985875375378584,1.0985915451590873,1.0985957433739961,1.0986001279971949,1.0986046946229986,1.0986094386338146,1.0986143552090337,1.0986194393344033,1.0986246858118396,1.0986300892696594,1.0986356441731668,1.0986413448355787,1.0986471854292381,1.0986531599970746,1.0986592624642686,1.0986654866500767,1.098671826279775,1.0986782749966735,1.0986848263741646,1.09869147392775,1.0986982111270125,1.0987050314074818,1.0987119281823645,1.0987188948540767,1.0987259248255559,1.098733011511309,0.5493664858377917,0.5493699571483588,0.5493734562219511,0.0,0.0,0.0,0.0,0.0,0.0,0.0,0.0,0.0,0.0,0.0,0.0,0.0,0.0,0.0,0.0,0.0,0.0,0.0,0.0,0.0,0.0,0.0,0.0,0.0,0.0,0.0,0.0,0.0,0.0,0.0,0.0,0.0,0.0,0.0,0.0,0.0,0.0,0.0,0.0,0.0,0.0,0.0,0.0,0.0,0.0,0.0,0.0,0.0,0.0,0.0,0.0,0.0,0.0,0.0,0.0,0.0,0.0,0.0,0.0,0.0,0.0,0.0,0.0,0.0,0.0,0.0,0.0,0.0,0.0,0.0,0.0,0.0,0.0,0.0,0.0,0.0,0.0,0.0,0.0,0.0,0.0,0.0,0.0,0.0,0.0,0.0,0.0,0.0,0.0,0.0,0.0,0.0,0.0,0.0,0.0,0.0,0.0,0.0,0.0,0.0,0.0,0.0,0.0,0.0,0.0,0.0,0.0,0.0,0.0,0.0,0.0,0.0,0.0,0.0,0.0,0.0,0.0,0.0,0.0,0.0,0.0,0.0,0.0,0.0,0.0,0.0,0.0,0.0,0.0,0.0,0.5493706301242427,1.098736992021592,1.0987298328631523,1.0987227576390672,1.0987157726738288
0.0,0.0,0.0,0.0,0.0,0.0,0.0,0.0,0.0,0.0,0.0,0.0,0.0,0.0,0.0,0.0,0.0,0.0,0.0,0.0,0.0,0.0,0.0,0.0,0.0,0.0,0.0,0.0,0.0,0.0,0.0,0.0,0.0,0.0,0.0,0.0,0.0,0.0,0.0,0.0,0.0,0.0,0.0,0.0,0.0,0.0,0.0,0.0,0.0,0.0,0.0,0.0,0.0,0.0,0.0,0.0,0.0,0.0,0.0,0.0,0.0,0.0,0.0,0.0,0.0,0.0,0.0,0.0,0.0,0.0,0.0,0.0,0.0,0.0,0.0,0.0,0.0,0.0,0.0,0.0,0.0,0.0,0.0,0.0,0.0,0.0,0.0,0.0,0.0,0.0,0.0,0.0,0.0,0.0,0.0,0.0,0.0,0.0,0.0,0.0,0.0,0.0,0.0,0.0,0.0,0.0,0.0,0.0,0.0,0.0,0.0,0.0,0.0,0.0,0.0,0.0,0.0,0.0,0.5460415386561376,0.5460450018271326,1.0920911962281639,1.0920981175797215,1.092104980575371,1.0921117805763654,1.0921185130540314,1.0921251735897568,1.0921317578746277,1.0921382617086988,1.0921446809999544,1.0921510117629438,1.0921572501171464,1.0921633922850698,1.0921694345901178,1.0921753734542465,1.0921812053954425,1.0921869270250475,1.0921925350449535,1.09219802624471,1.0922033974985537,1.0922086457624047,1.0922137680708555,1.092218761534168,1.0922236233353284,1.0922283507271686,1.092232941029589,1.092237391626914,1.092241699965387,1.0922458635508565,1.0922498799466507,1.0922537467716689,1.0922574616987264,1.09226102245314,1.0922644268116035,1.092267672601345,1.0922707576995871,1.092273680033323,1.0922764375794176,1.0922790283650325,1.0922814504683962,1.0922837020199074,1.0922857812035776,1.0922876862588125,1.092289415482535,1.0922909672316319,1.0922923399257218,1.0922935320502467,1.0922945421598527,1.0922953688820671,1.0922960109212494,1.0922964670627906,1.0922967361775595,1.092296817226559,1.0922967092657765,1.0922964114512137,1.0922959230440499,1.0922952434159416,1.0922943720543934,1.0922933085682227,1.0922920526930322,1.0922906042967093,1.0922889633848918,1.0922871301063846,1.0922851047584934,1.0922828877922357,1.0922804798174175,1.0922778816075274,1.0922750941044228,1.0922721184227866,1.0922689558543235,1.0922656078716488,1.092262076131877,1.0922583624798574,1.0922544689510354,1.0922503977739377,1.0922461513722252,1.0922417323663285,1.0922371435746205,1.0922323880141258,1.0922274689007438,1.0922223896489807,1.092217153871173,1.0922117653761902,1.092206228167631,1.0922005464414786,1.0921947245832402,1.092188767164553,1.0921826789392717,1.0921764648390337,1.0921701299683129,1.0921636795989742,1.0921571191643298,1.092150454252728,1.0921436906006727,1.0921368340855055,1.0921298907176578,1.092122866632507,1.0921157680818507,1.0921086014250243,1.0921013731197011,1.0920940897123819,0.5460468577327392,0.5460430416640963,0.0,0.0,0.0,0.0,0.0,0.0,0.0,0.0,0.0,0.0,0.0,0.0,0.0,0.0,0.0,0.0,0.0,0.0,0.0
1.0920409959293966,1.0920340587555581,1.0920271248172755,1.0920201983522508,1.0920132836032357,1.092006384820122,1.091999506261951,1.0919926521988033,1.0919858269135645,1.0919790347035088,1.0919722798817046,1.091965566778204,1.0919588997409937,1.0919522831366892,1.0919457213509498,1.0919392187885961,1.0919327798734169,1.0919264090476373,1.0919201107710532,1.0919138895198086,1.0919077497847978,1.0919016960697112,1.0918957328886894,1.091889864763599,1.091884096220927,1.091878431788289,1.0918728759905547,1.0918674333456053,1.0918621083597126,1.0918569055225653,1.0918518293019415,1.0918468841380524,1.0918420744375577,1.0918374045672872,1.0918328788476668,1.0918285015458913,1.0918242768688518,1.0918202089558435,1.0918163018710867,1.0918125595960761,1.0918089860218,1.0918055849408443,1.0918023600394213,1.091799314889351,1.0917964529400244,0.5458989978510113,0.5458975952626901,0.5458962896042812,0.0,0.0,0.0,0.0,0.0,0.0,0.0,0.0,0.0,0.0,0.0,0.0,0.0,0.0,0.0,0.0,0.0,0.0,0.0,0.0,0.0,0.545895961439246,1.091793687930494,1.0917964344828537,1.091799384228124,1.0918025345835178,1.0918058827373163,1.0918094256528983,1.091813160073293,1.0918170825262399,1.0918211893297485,1.091825476598138,1.0918299402485216,1.0918345760077386,1.0918393794196888,1.091844345853056,1.0918494705093904,1.0918547484315175,1.0918601745122554,1.091865743503393,1.0918714500249185,1.0918772885744428,1.0918832535368075,1.0918893391938258,1.091895539734133,1.091901849263106,1.0919082618128302,1.0919147713520552,1.0919213717961385,1.0919280570169079,1.0919348208524446,1.0919416571167275,1.091948559609122,1.0919555221236765,1.091962538458206,1.0919696024231234,1.0919767078499962,1.0919838485998117,1.0919910185709139,1.0919982117065996,1.0920054220023507,1.092012643512685,1.0920198703576078,1.0920270967286543,1.0920343168945048,1.0920415252061706,1.0920487161017325,1.0920558841106385,1.0920630238575466,1.0920701300657192,0.5460356589038264,0.5460392194419982,0.0,0.0,0.0,0.0,0.0,0.0,0.0,0.0,0.0,0.0,0.0,0.0,0.0,0.0,0.0,0.0,0.0,0.0,0.0,0.0,0.0,0.0,0.0,0.0,0.0,0.0,0.0,0.0,0.0,0.0,0.0,0.0,0.0,0.0,0.0,0.0,0.0,0.0,0.0,0.0,0.0,0.0,0.0,0.0,0.0,0.0,0.0,0.0,0.0,0.0,0.0,0.0,0.0,0.0,0.0,0.0,0.0,0.0,0.0,0.0,0.0,0.0,0.0,0.0,0.0,0.0,0.0,0.0,0.0,0.0,0.0,0.0,0.0,0.0,0.0,0.0,0.0,0.0,0.0,0.0,0.0,0.0,0.0,0.0,0.0,0.0,0.0,0.0,0.0,0.0,0.0,0.0,0.0,0.0,0.0,0.0,0.0,0.0,0.0,0.0,0.5460399000958853,0.5460363424989312,1.09207197546901,1.0920645385484185,1.0920570802409861,1.0920496074136898,1.0920421269500316,1.0920346457392816,1.0920271706657185,1.0920197085979,1.0920122663779972,1.092004850811234,1.0919974686554532,1.09199012661086,1.0919828313099549,1.0919755893077019,1.0919684070719626,1.0919612909742153,1.091954247280599,1.091947282143293,1.091940401592286
0.0,0.0,0.0,0.0,0.0,0.0,0.0,0.0,0.0,0.0,0.0,0.0,0.0,0.0,0.0,0.0,0.0,0.0,0.0,0.0,0.0,0.0,0.0,0.0,0.0,0.0,0.0,0.0,0.0,0.0,0.0,0.0,0.0,0.0,0.0,0.0,0.0,0.0,0.0,0.0,0.0,0.0,0.0,0.0,0.0,0.545894779659373,0.5458936965182594,0.5458927091816453,1.091786901405427,1.0917850023578346,1.091783304192348,1.0917818092817368,1.0917805198153285,1.091779437792281,1.0917785650151424,1.091777903083753,1.0917774533894917,1.0917772171099207,1.0917771952038267,1.0917773884067006,1.091777797226674,1.091778421940923,1.0917792625925706,1.0917803189880964,1.0917815906952684,1.0917830770416173,1.0917847771134468,1.091786689755409,1.091788813570632,0.5458951854821701,0.0,0.0,0.0,0.0,0.0,0.0,0.0,0.0,0.0,0.0,0.0,0.0,0.0,0.0,0.0,0.0,0.0,0.0,0.0,0.0,0.0,0.0,0.0,0.0,0.0,0.0,0.0,0.0,0.0,0.0,0.0,0.0,0.0,0.0,0.0,0.0,0.0,0.0,0.0,0.0,0.0,0.0,0.0,0.0,0.0,0.0,0.0,0.0,0.0,0.0,0.0,0.0,0.0,0.0,0.0,0.0,0.0,0.0,0.0,0.0,0.0,0.0,0.0,0.0,0.0,0.0,0.0,0.0,1.0854605830648398,1.0854658492058387,1.0854709891112297,1.0854759996121905,1.0854808776197133,1.0854856201231993,1.0854902241891091,1.0854946869596849,1.0854990056517697,1.0855031775557356,1.0855072000345383,1.0855110705229105,1.0855147865267187,1.085518345622483,1.0855217454570836,1.08552498374766,1.0855280582817108,1.0855309669174011,1.0855337075840956,1.0855362782831008,1.0855386770886462,1.0855409021490856,1.0855429516883257,1.0855448240074836,1.0855465174867707,1.0855480305875926,1.085549361854866,1.0855505099195435,1.0855514735013303,1.0855522514115972,1.0855528425564644,1.0855532459400536,1.085553460667882,1.0855534859503972,1.085553321106628,1.0855529655679272,1.08555241888181,1.0855516807158403,1.0855507508615614,1.0855496292384559,1.0855483158978905,1.0855468110270494,1.085545114952812,1.0855432281455741,1.0855411512229642,1.0855388849534586,1.0855364302598498,1.0855337882225666,1.085530960082799,1.085527947245434,1.0855247512817587,1.0855213739319212,1.085517817107125,1.085514082891545,1.0855101735439372,1.0855060914989267,1.0855018393679723,1.0854974199399723,1.0854928361815126,1.085488091236739,1.0854831884268448,1.085478131249171,1.0854729233758957,1.0854675686523216,0.5427344990353696,0.5427316962452052,0.542728818743643,0.0,0.0,0.0,0.0,0.0,0.0,0.0,0.0,0.0,0.0,0.0,0.0,0.0,0.0,0.0,0.0,0.0,0.0,0.0,0.0,0.0,0.0,0.0,0.0,0.0,0.0,0.0,0.0,0.0,0.0,0.0,0.0,0.0,0.0,0.0,0.0
1.0852991367941267,1.0852921919021554,1.0852852506295187,1.0852783174971412,1.0852713970277623,1.0852644937464762,1.0852576121812034,1.085250756863089,1.0852439323267955,1.0852371431106809,1.0852303937568335,1.0852236888109634,1.085217032822112,1.0852104303421815,1.0852038859252668,1.0851974041267667,1.0851909895022742,1.0851846466062278,1.085178379990319,0.5425896992785717,0.5425866619139116,0.0,0.0,0.0,0.0,0.0,0.0,0.0,0.0,0.0,0.0,0.0,0.0,0.0,0.0,0.0,0.0,0.0,0.0,0.0,0.0,0.0,0.0,0.0,0.0,0.0,0.0,0.0,0.0,0.0,0.0,0.0,0.0,0.0,0.0,0.0,0.0,0.0,0.0,0.0,0.0,0.0,0.0,0.0,0.0,0.0,0.0,0.0,0.0,0.0,0.0,0.0,0.0,0.0,0.0,0.0,0.0,0.0,0.0,0.0,0.0,0.0,0.0,0.0,0.0,0.0,0.0,0.0,0.0,0.0,0.0,0.0,0.0,0.0,0.5425849993289362,1.0851738634320838,1.0851803492343683,1.0851869208914948,1.0851935725800077,1.0852002984421196,1.085207092593771,1.0852139491325565,1.0852208621454986,1.085227825716648,1.0852348339344808,1.0852418808990962,1.0852489607291629,1.085256067568627,1.0852631955931504,1.0852703390162672,1.085277492095249,1.0852846491366615,1.0852918045016122,1.085298952610671,1.0853060879484608,1.0853132050679202,1.0853202985942176,1.0853273632283362,1.085334393750316,1.0853413850221543,1.0853483319903803,1.085355229688288,1.085362073237858,1.0853688578513545,1.085375578832624,1.0853822315780892,1.0853888115774692,1.0853953144142197,1.0854017357657268,1.0854080714032555,1.0854143171916713,1.0854204690889653,1.0854265231455789,1.0854324755035718,1.085438322395631,1.0854440601439546,1.0854496851590274,1.0854551939383064,0.0,0.0,0.0,0.0,0.0,0.0,0.0,0.0,0.0,0.0,0.0,0.0,0.0,0.0,0.0,0.0,0.0,0.0,0.0,0.0,0.0,0.0,0.0,0.0,0.0,0.0,0.0,0.0,0.0,0.0,0.0,0.0,0.0,0.0,0.0,0.0,0.0,0.0,0.0,0.0,0.0,0.0,0.0,0.0,0.0,0.0,0.0,0.0,0.0,0.0,0.0,0.0,0.0,0.0,0.0,0.0,0.0,0.0,0.0,0.0,0.0,0.0,0.0,0.0,0.5427275720593882,0.5427247386427737,0.5427218456386381,1.0854447640901101,1.0854387386822955,1.085432592983869,1.0854263319694795,1.0854199607584338,1.0854134846093253,1.0854069089143201,1.0854002391930633,1.0853934810862498,1.0853866403488657,1.0853797228431061,1.0853727345310142,1.0853656814668322,1.0853585697891073,1.085351405712557,1.0853441955197325,1.085336945552493,1.0853296622033146,1.0853223519064708,1.0853150211290972,1.0853076763621736,1.0853003241114496,1.0852929708883365,1.0852856232007992,1.0852782875442664,1.085270970392598,1.085263678189122,1.085256417337774,1.085249194194375,1.0852420150580495,1.0852348861628323,1.0852278136694697,1.085220803657452,1.085213862117289,1.0852069949430492,1.0852002079251937
0.0,0.0,0.0,0.0,0.0,0.0,0.0,0.0,0.0,0.0,0.0,0.0,0.0,0.0,0.0,0.0,0.0,0.0,0.0,0.542582494923072,0.5425794318666829,1.0851600832584807,1.0851541671548934,1.0851483499747772,1.0851426362052512,1.0851370303121426,1.0851315367362613,1.0851261598894064,1.085120904150115,1.0851157738591573,1.0851107733147956,1.0851059067678095,1.0851011784162936,1.0850965924002653,1.085092152796061,1.0850878636105774,1.0850837287753379,1.0850797521404258,1.0850759374683001,1.0850722884275066,1.0850688085863114,1.0850655014062758,1.0850623702358102,1.0850594183036935,1.0850566487126319,1.085054064432837,1.0850516682956812,1.0850494629874239,1.0850474510430637,1.0850456348403226,1.0850440165937858,1.0850425983492373,1.0850413819781897,1.085040369172663,1.0850395614402013,1.0850389600991783,1.0850385662743904,1.0850383808929724,1.085038404680645,1.0850386381583204,1.0850390816390694,1.0850397352254844,1.0850405988074265,1.085041672060199,1.085042954443132,1.0850444451985988,1.0850461433514744,1.0850480477090363,1.0850501568613122,1.0850524691818797,1.0850549828291194,1.0850576957479157,1.0850606056718088,1.0850637101255869,1.085067006428315,1.0850704916968046,1.0850741628494878,1.0850780166107086,1.0850820495154132,1.085086257914218,1.0850906379788463,1.0850951857079139,1.0850998969330492,1.0851047673253222,1.0851097924019677,1.085114967533375,1.0851202879503297,1.0851257487514743,1.0851313449109727,1.0851370712863482,1.0851429226264684,1.0851488935796578,1.0851549787019081,1.0851611724651544,0.5425824699366687,0.0,0.0,0.0,0.0,0.0,0.0,0.0,0.0,0.0,0.0,0.0,0.0,0.0,0.0,0.0,0.0,0.0,0.0,0.0,0.0,0.0,0.0,0.0,0.0,0.0,0.0,0.0,0.0,0.0,0.0,0.0,0.0,0.0,0.0,0.0,0.0,0.0,0.0,0.0,0.0,0.0,0.0,0.0,0.0,0.0,0.0,0.0,0.0,0.0,0.0,0.0,0.0,0.0,0.0,0.0,0.0,0.0,0.0,0.0,0.0,0.0,0.0,0.0,0.0,0.0,0.0,0.0,0.0,0.0,0.0,0.0,0.0,0.0,0.0,0.0,0.0,0.0,0.0,0.0,0.0,0.0,0.0,0.0,0.0,0.0,0.0,0.0,0.0,0.0,0.0,0.0,0.0,0.0,0.0,0.0,0.0,0.0,0.0,0.0,0.0,0.0,0.0,0.0,0.0,0.0,0.0,0.0,0.0,0.0,0.0,0.0,0.0,0.0,0.0,0.0,0.0,0.0,0.0,0.0,0.0,0.0,0.0,0.0,0.0,0.0,0.0,0.0,0.0,0.0,0.0,0.0,0.0,0.0,0.0,0.0,0.0,0.0,0.0,0.0,0.0,0.0,0.0,0.0,0.0,0.0,0.0
1.0785925773971465,0.5392945948227591,0.0,0.0,0.0,0.0,0.0,0.0,0.0,0.0,0.0,0.0,0.0,0.0,0.0,0.0,0.0,0.0,0.0,0.0,0.0,0.0,0.0,0.0,0.0,0.0,0.0,0.0,0.0,0.0,0.0,0.0,0.0,0.0,0.0,0.0,0.0,0.0,0.0,0.0,0.0,0.0,0.0,0.0,0.0,0.0,0.0,0.0,0.0,0.0,0.0,0.0,0.0,0.0,0.0,0.0,0.0,0.0,0.0,0.0,0.0,0.0,0.0,0.0,0.0,0.0,0.0,0.0,0.0,0.0,0.0,0.0,0.0,0.0,0.0,0.0,0.0,0.0,0.0,0.0,0.0,0.0,0.0,0.0,0.0,0.0,0.0,0.0,0.0,0.0,0.0,0.0,0.0,0.0,0.0,0.0,0.0,0.0,0.0,0.0,0.0,0.0,0.0,0.0,0.0,0.0,0.0,0.0,0.0,0.0,0.0,0.0,0.539294106567769,1.0785921418745343,1.0785992246843237,1.0786062927770679,1.078613340785793,1.0786203634017912,1.0786273553780923,1.0786343115326742,1.0786412267514263,1.0786480959908646,1.0786549142805986,1.0786616767255581,1.078668378507994,1.078675014889241,1.0786815812112713,1.0786880728980321,1.0786944854565883,1.0787008144780752,1.0787070556384715,1.0787132046992114,1.0787192575076423,1.078725209997341,1.0787310581883112,1.078736798187066,1.0787424261866134,1.0787479384663627,1.0787533313919637,1.078758601415091,1.078763745073197,1.0787687589892387,1.0787736398713954,1.0787783845128005,1.0787829897912822,1.0787874526691525,1.0787917701930285,1.0787959394937259,1.0787999577862175,1.0788038223696708,1.0788075306275875,1.0788110800280375,1.0788144681240026,1.0788176925538466,1.0788207510418997,1.0788236413991807,1.0788263615242504,1.078828909404202,1.078831283115795,1.0788334808267321,1.0788355007970711,1.078837341380781,1.07883900102744,1.0788404782840657,1.0788417717970695,1.078842880314348,1.0788438026874818,1.0788445378740512,1.0788450849400526,1.0788454430624035,1.0788456115315328,1.0788455897540383,1.0788453772554045,1.0788449736827612,1.0788443788076765,1.0788435925289632,1.0788426148754864,1.078841446008961,1.07884008622671,1.0788385359643895,1.0788367957986364,1.078834866449649,1.078832748783662,1.0788304438153162,1.0788279527098918,1.078825276785404,1.0788224175145227,1.0788193765263334,1.078816155607885,1.078812756705545,1.07880918192612,1.0788054335377502,1.0788015139705442,1.078797425816962,1.0787931718319164,1.0787887549326003,1.0787841781980123,1.0787794448681884,1.07877455834312,1.0787695221813687,1.078764340098345,1.0787590159642737,1.0787535538018425,1.0787479577835075,1.0787422322284808,1.078736381599394,1.0787304104986362,1.0787243236643733,1.0787181259662568,1.0787118224008223,1.0787054180865887,1.0786989182588707,1.0786923282643035,1.0786856535551088,1.0786788996830912,1.0786720722934025,1.0786651771180689,1.0786582199693058,1.0786512067326388,1.0786441433598393,1.0786370358617017,1.0786298903006657,1.0786227127833288,1.078615509452837,1.0786082864812023,1.0786010500615433,1.0785938064002891,0.5392948286845811,0.0,0.0,0.0,0.0,0.0,0.0,0.0,0.0,0.0,0.0,0.0,0.0,0.0
0.0,0.5392910412892378,1.0785786988510844,1.0785717703468853,1.0785648553311185,1.0785579585340759,1.0785510846839295,1.078544238505963,1.0785374247217498,1.0785306480482335,1.0785239131967237,1.0785172248717765,1.078510587769959,1.078504006578484,1.0784974859737044,1.0784910306194564,1.0784846451652497,1.078478334244287,1.0784721024713202,1.0784659544403254,1.0784598947219979,1.078453927861064,1.078448058373413,1.0784422907430273,1.0784366294187508,1.0784310788108475,1.0784256432873938,1.0784203271704897,1.0784151347322946,1.0784100701908965,1.0784051377060244,1.078400341374606,1.0783956852261818,1.0783911732181994,1.0783868092311697,1.0783825970637295,1.078378540427607,1.0783746429425007,1.0783709081309052,1.0783673394128745,1.0783639401007608,1.0783607133939332,1.0783576623735,1.078354789997047,1.0783520990934132,1.0783495923575246,1.0783472723452978,1.0783451414686385,1.0783432019905477,1.0783414560203644,1.0783399055091507,1.0783385522452402,1.0783373978499782,1.0783364437736565,1.0783356912916684,1.0783351415009,1.0783347953163651,1.0783346534681129,1.0783347164984063,1.0783349847591985,1.0783354584099085,1.0783361374155147,1.0783370215449728,1.0783381103699712,1.0783394032640197,1.0783408994018997,1.0783425977594594,1.0783444971137692,1.0783465960436445,1.0783488929305234,1.0783513859597167,1.0783540731220116,1.0783569522156462,1.0783600208486286,1.0783632764414197,1.078366716229957,1.0783703372690159,1.0783741364359012,1.078378110434461,1.0783822557994107,1.0783865689009482,1.0783910459496622,1.0783956830017014,1.0784004759642096,1.0784054206009888,1.078410512538397,1.0784157472714406,1.078421120170059,1.0784266264855868,1.0784322613573467,1.0784380198193917,1.078443896807351,1.0784498871653612,1.07845598565308,1.0784621869527409,1.0784684856762432,1.0784748763722507,1.07848135353328,1.0784879116027686,1.078494544982078,1.0785012480374463,1.0785080151068513,1.0785148405067622,1.0785217185387905,1.0785286434961825,1.0785356096701828,1.0785426113562173,1.0785496428599055,1.0785566985028814,1.0785637726284059,1.0785708596067702,1.0785779538404854,0.5392909432014532,0.0,0.0,0.0,0.0,0.0,0.0,0.0,0.0,0.0,0.0,0.0,0.0,0.0,0.0,0.0,0.0,0.0,0.0,0.0,0.0,0.0,0.0,0.0,0.0,0.0,0.0,0.0,0.0,0.0,0.0,0.0,0.0,0.0,0.0,0.0,0.0,0.0,0.0,0.0,0.0,0.0,0.0,0.0,0.0,0.0,0.0,0.0,0.0,0.0,0.0,0.0,0.0,0.0,0.0,0.0,0.0,0.0,0.0,0.0,0.0,0.0,0.0,0.0,0.0,0.0,0.0,0.0,0.0,0.0,0.0,0.0,0.0,0.0,0.0,0.0,0.0,0.0,0.0,0.0,0.0,0.0,0.0,0.0,0.0,0.0,0.0,0.0,0.0,0.0,0.0,0.0,0.0,0.0,0.0,0.0,0.0,0.0,0.0,0.0,0.0,0.0,0.0,0.0,0.0,0.0,0.0,0.0,0.0,0.0,0.0,0.0,0.0,0.0,0.0,0.5392917330247717,1.078579322198304,1.0785720940665582,1.0785648834956052,1.0785576966412904,1.0785505396261823,1.0785434185320333,1.0785363393923602,1.0785293081851646,1.078522330825801,1.0785154131600267,1.0785085609572431,1.0785017799039287,1.0784950755973122
0.0,0.0,0.0,0.0,0.0,0.0,0.0,0.0,0.0,0.0,0.0,0.0,0.0,0.0,0.0,0.0,0.0,0.0,0.0,0.0,0.0,0.0,0.0,0.0,0.0,0.0,0.0,0.0,0.0,0.0,0.0,0.0,0.0,0.0,0.0,0.0,0.0,0.0,0.0,0.0,0.0,0.0,0.0,0.0,0.0,0.0,0.0,0.0,0.0,0.0,0.0,0.0,0.0,0.0,0.0,0.0,0.0,0.0,0.0,0.0,0.0,0.0,0.0,0.0,0.0,0.0,0.0,0.0,0.0,0.0,0.0,0.0,0.0,0.0,0.0,0.0,0.0,0.0,0.0,0.0,0.0,0.0,0.0,0.0,0.0,0.0,0.0,0.0,0.0,0.0,0.0,0.0,0.0,0.0,0.0,0.0,0.0,0.0,0.0,0.0,0.0,0.0,0.0,0.0,0.0,0.0,0.0,0.0,0.0,0.0,0.0,0.0,0.0,0.0,0.0,0.0,0.0,0.0,0.0,0.0,0.0,0.0,0.0,0.0,0.0,0.0,0.0,0.0,0.0,0.0,0.0,0.0,1.0720474207838748,1.072053364372459,1.0720592045933202,1.0720649373949755,1.0720705588110349,1.0720760649610317,1.0720814520511885,1.0720867163751273,1.0720918543145355,1.0720968623397904,1.0721017370105654,1.0721064749764153,1.0721110729773589,1.0721155278444625,1.072119836500436,1.0721239959602553,1.0721280033318028,1.072131855816554,1.0721355507103032,1.0721390854039425,1.07214245738429,1.072145664234988,1.0721487036374588,1.0721515733719342,1.0721542713185523,1.072156795458536,1.0721591438754363,1.072161314756466,1.072163306393891,1.0721651171865114,1.0721667456412098,1.07216819037457,1.072169450114556,1.0721705237022703,1.072171410093745,1.072172108361807,1.072172617697974,1.072172937414393,1.0721730669458087,1.07217300585155,1.072172753817531,1.0721723106582548,1.072171676318808,1.0721708508768384,1.072169834544499,1.0721686276703581,1.0721672307412553,1.0721656443840866,1.0721638693675248,1.0721619066036434,1.0721597571494461,1.0721574222082784,1.0721549031311208,1.0721522014177436,1.072149318717714,1.0721462568312434,1.0721430177098712,1.072139603456958,1.072136016327994,1.0721322587307132,1.0721283332249831,1.0721242425224906,1.0721199894861964,1.0721155771295565,1.0721110086155061,1.072106287255195,1.0721014165064813,1.0720963999721635,1.072091241397961,1.0720859446702318,1.0720805138134368,1.072074952987335,1.0720692664839322,1.0720634587241555,1.0720575342542842,1.072051497742129,0.5360243870966045,0.0,0.0,0.0,0.0,0.0,0.0,0.0,0.0,0.0,0.0,0.0,0.0,0.0,0.0,0.0,0.0,0.0,0.0,0.0,0.0,0.0,0.0,0.0,0.0,0.0,0.0,0.0,0.0,0.0,0.0,0.0,0.0
1.07192119447373,1.0719142643705766,1.0719073386928843,1.0719004223283104,1.0718935201617144,1.0718866370735851,1.0718797779384477,1.0718729476232212,1.071866150985537,1.071859392871999,1.071852678116374,1.0718460115377206,1.0718393979384293,1.0718328421021743,1.071826348791781,1.071819922746982,1.071813568682079,1.0718072912834882,1.0718010952071728,1.0717949850759658,1.071788965476765,1.07178304095761,1.0717772160246488,1.0717714951389627,1.0717658827132936,0.5358823354902921,0.5358796334322676,0.0,0.0,0.0,0.0,0.0,0.0,0.0,0.0,0.0,0.0,0.0,0.0,0.0,0.0,0.0,0.0,0.0,0.0,0.0,0.0,0.0,0.0,0.0,0.0,0.0,0.0,0.0,0.0,0.0,0.0,0.0,0.0,0.0,0.0,0.0,0.0,0.0,0.0,0.0,0.0,0.0,0.0,0.0,0.0,0.0,0.0,0.0,0.0,0.0,0.0,0.0,0.0,0.0,0.0,0.0,0.0,0.0,0.0,0.0,0.0,0.0,0.535879161214304,1.07176263013001,1.0717683130937243,1.0717741135343002,1.0717800265198194,1.0717860470337173,1.071792169980876,1.071798390193742,1.0718047024384822,1.0718111014211373,1.0718175817937756,1.0718241381606195,1.071830765084142,1.0718374570911078,1.071844208678555,1.0718510143196978,1.0718578684697382,1.0718647655715796,1.0718717000614237,1.0718786663742488,1.0718856589491474,1.0718926722345252,1.0718997006931508,1.071906738807042,1.0719137810821868,1.0719208220530967,1.0719278562871761,1.0719348783889213,1.0719418830039242,1.0719488648226956,1.0719558185843014,1.0719627390798074,1.0719696211555356,1.0719764597161374,1.0719832497274768,1.0719899862193358,1.0719966642879393,1.072003279098307,1.0720098258864335,1.0720162999613105,1.072022696706789,1.072029011583293,1.0720352401293902,1.072041377963234,0.0,0.0,0.0,0.0,0.0,0.0,0.0,0.0,0.0,0.0,0.0,0.0,0.0,0.0,0.0,0.0,0.0,0.0,0.0,0.0,0.0,0.0,0.0,0.0,0.0,0.0,0.0,0.0,0.0,0.0,0.0,0.0,0.0,0.0,0.0,0.0,0.0,0.0,0.0,0.0,0.0,0.0,0.0,0.0,0.0,0.0,0.0,0.0,0.0,0.0,0.0,0.0,0.0,0.0,0.0,0.0,0.0,0.0,0.0,0.0,0.0,0.0,0.0,0.0,0.0,0.0,0.0,0.0,0.0,0.0,0.0,0.0,0.0,0.0,0.0,0.0,0.5360209668763498,1.072039107845173,1.072032764365792,1.0720263286456362,1.0720198058943544,1.0720132014152106,1.072006520599674,1.0719997689218208,1.0719929519325533,1.0719860752536547,1.0719791445716895,1.0719721656317587,1.071965144231132,1.071958086212766,1.0719509974587211,1.0719438838834972,1.0719367514273057,1.0719296060492827,1.0719224537206697,1.0719153004179767,1.0719081521161367,1.0719010147816752,1.071893894365913,1.0718867967982049,1.0718797279792387,1.0718726937744274,1.0718657000073626,1.0718587524534033,1.071851856833363,1.0718450188073443,1.0718382439687155,1.0718315378382457,1.0718249058584157
0.0,0.0,0.0,0.0,0.0,0.0,0.0,0.0,0.0,0.0,0.0,0.0,0.0,0.0,0.0,0.0,0.0,0.0,0.0,0.0,0.0,0.0,0.0,0.0,0.0,0.5358780476183415,0.5358753671984449,1.0717497395263675,1.0717446039798062,1.0717395981087647,1.0717347259605705,1.071729991508119,1.0717253986457567,1.0717209511851087,1.0717166528508173,1.0717125072762446,1.0717085179991206,1.0717046884571613,1.071701021983657,1.071697521803054,1.0716941910265447,1.0716910326476552,1.071688049537877,1.07168524444233,1.0716826199754814,1.0716801786169368,1.071677922707308,1.0716758544441831,1.071673975878197,1.0716722889092418,1.0716707952827984,1.071669496586431,1.0716683942464378,1.0716674895246887,1.0716667835156442,1.071666277143578,1.071665971160021,1.0716658661414171,1.0716659624870264,1.0716662604170624,1.0716667599710916,1.0716674610066894,1.0716683631983654,1.0716694660367696,1.0716707688281717,1.071672270694237,1.0716739705720841,1.071675867214637,1.0716779591912795,1.0716802448887954,1.0716827225126146,1.0716853900883465,1.0716882454636147,1.071691286310172,1.0716945101263122,1.0716979142395595,1.071701495809633,1.07170525183168,1.0717091791397741,1.0717132744106637,1.0717175341677683,1.0717219547854007,1.0717265324932246,1.0717312633809122,1.071736143403008,1.0717411683839786,1.0717463340234354,1.0717516359015136,0.5358779082700997,0.0,0.0,0.0,0.0,0.0,0.0,0.0,0.0,0.0,0.0,0.0,0.0,0.0,0.0,0.0,0.0,0.0,0.0,0.0,0.0,0.0,0.0,0.0,0.0,0.0,0.0,0.0,0.0,0.0,0.0,0.0,0.0,0.0,0.0,0.0,0.0,0.0,0.0,0.0,0.0,0.0,0.0,0.0,0.0,0.0,0.0,0.0,0.0,0.0,0.0,0.0,0.0,0.0,0.0,0.0,0.0,0.0,0.0,0.0,0.0,0.0,0.0,0.0,0.0,0.0,0.0,0.0,0.0,0.0,0.0,0.0,0.0,0.0,0.0,0.0,0.0,0.0,0.0,0.0,0.0,0.0,0.0,0.0,0.0,0.0,0.0,0.0,0.0,0.0,0.0,0.0,0.0,0.0,0.0,0.0,0.0,0.0,0.0,0.0,0.0,0.0,0.0,0.0,0.0,0.0,0.0,0.0,0.0,0.0,0.0,0.0,0.0,0.0,0.0,0.0,0.0,0.0,0.0,0.0,0.0,0.0,0.0,0.0,0.0,0.0,0.0,0.0,0.0,0.0,0.0,0.0,0.0,0.0,0.0,0.0,0.0,0.0,0.0,0.0,0.0,0.0,0.0,0.0,0.0,0.0,0.0,0.0,0.0,0.0,0.0,0.0,0.0
1.0652848705145754,1.0652779565801729,1.0652710474419624,1.0652641480989091,0.5326296133162298,0.0,0.0,0.0,0.0,0.0,0.0,0.0,0.0,0.0,0.0,0.0,0.0,0.0,0.0,0.0,0.0,0.0,0.0,0.0,0.0,0.0,0.0,0.0,0.0,0.0,0.0,0.0,0.0,0.0,0.0,0.0,0.0,0.0,0.0,0.0,0.0,0.0,0.0,0.0,0.0,0.0,0.0,0.0,0.0,0.0,0.0,0.0,0.0,0.0,0.0,0.0,0.0,0.0,0.0,0.0,0.0,0.0,0.0,0.0,0.0,0.0,0.0,0.0,0.0,0.0,0.0,0.0,0.0,0.0,0.0,0.0,0.0,0.0,0.0,0.0,0.0,0.0,0.0,0.0,0.0,0.0,0.0,0.0,0.0,0.0,0.0,0.0,0.0,0.0,0.0,0.0,0.0,0.0,0.0,0.0,0.0,0.0,0.0,0.0,0.0,0.0,0.0,0.0,0.0,0.5326293965342448,1.0652637596869083,1.065270747906999,1.065277742067114,1.0652847367476266,1.0652917265516937,1.0652987061094246,1.0653056700819088,1.0653126131651127,1.0653195300936344,1.0653264156443205,1.065333264639742,1.065340071951531,1.0653468325035773,1.0653535412750832,1.0653601933034895,1.0653667836872596,1.0653733075885357,1.0653797602356678,1.0653861369256163,1.0653924330262396,1.06539864397846,1.0654047652983278,1.0654107925789738,1.0654167214924732,1.0654225477916048,1.0654282673115358,1.06543387597142,1.0654393697759277,1.0654447448167073,1.0654499972737868,1.0654551234169278,1.0654601196069244,1.0654649822968756,1.0654697080334157,1.0654742934579184,1.0654787353076927,1.0654830304171452,1.065487175718956,1.0654911682452335,1.0654950051286833,1.0654986836037748,1.0655022010079271,1.0655055547827024,1.0655087424750211,1.0655117617383958,1.065514610334191,1.065517286132902,1.0655197871154636,1.0655221113745856,1.0655242571161134,1.0655262226604139,1.0655280064437864,1.0655296070198976,1.065531023061243,1.065532253360609,1.065533296832576,1.0655341525150073,1.0655348195705616,1.0655352972882017,1.0655355850846975,1.0655356825061217,1.0655355892293317,1.0655353050634253,1.0655348299511722,1.0655341639704017,1.065533307335354,1.0655322603979713,1.0655310236491395,1.0655295977198465,1.0655279833822795,1.0655261815508204,1.0655241932829629,1.0655220197801167,1.0655196623883003,1.065517122598722,1.0655144020482246,1.0655115025195963,1.0655084259417402,1.0655051743896906,1.0655017500844677,1.0654981553927685,1.0654943928264884,1.065490465042053,1.0654863748395789,1.0654821251618345,1.0654777190930118,1.0654731598572993,1.0654684508172443,1.065463595471924,1.0654585974549002,1.0654534605319634,1.0654481885986744,1.0654427856776885,1.0654372559158758,1.065431603581228,1.0654258330595587,1.0654199488510046,1.0654139555663211,1.065407857922978,1.0654016607410737,1.0653953689390483,1.06538898752923,1.0653825216131927,1.0653759763769615,1.065369357086047,1.065362669080336,1.0653559177688399,1.065349108624305,1.065342247177711,1.0653353390126536,1.0653283897596224,1.065321405090196,1.065314390711155,1.0653073523585381,1.0653002957916278,1.0652932267869146,1.0652861511320157,1.0652790746195917,1.065272003041249,1.0652649421814546,0.5326295683744642,0.0,0.0,0.0,0.0,0.0,0.0,0.0,0.0,0.0,0.0
0.0,0.0,0.0,0.0,0.5326276502293649,1.0652503987699584,1.0652435587510336,1.0652367484566465,1.0652299728410917,1.065223236842772,1.065216545381798,1.0652099033575362,1.065203315646115,1.065196787097868,1.0651903225347272,1.0651839267475427,1.0651776044933485,1.0651713604925515,1.0651651994260574,1.0651591259323234,1.0651531446043334,1.0651472599865075,1.0651414765715383,1.0651357987971508,1.0651302310427948,1.0651247776262724,1.065119442800293,1.0651142307489714,1.0651091455842663,1.0651041913423596,1.0650993719799953,1.0650946913707682,1.0650901533013721,1.0650857614678295,1.0650815194716796,1.0650774308161675,1.065073498902412,1.0650697270255791,1.0650661183710644,1.065062676010692,1.0650594028989417,1.0650563018692116,1.0650533756301337,1.0650506267619386,1.0650480577128945,1.0650456707958198,1.0650434681846899,1.0650414519113371,1.065039623862261,1.0650379857755654,1.0650365392380148,1.0650352856822425,1.065034226384094,1.0650333624601482,1.0650326948653905,1.0650322243910726,1.0650319516627604,1.0650318771385676,1.0650320011075949,1.0650323236885866,1.0650328448287854,1.0650335643030249,1.0650344817130393,1.0650355964870082,1.0650369078793331,1.065038414970663,1.0650401166681451,1.0650420117059343,1.0650440986459404,1.0650463758788198,1.065048841625217,1.0650514939372469,1.065054330700219,1.0650573496346059,1.065060548298241,1.06506392408876,1.0650674742462634,1.0650711958562018,1.0650750858524838,1.065079141020791,1.0650833580020964,1.0650877332963813,1.0650922632665352,1.0650969441424403,1.065101772025221,1.0651067428916527,1.0651118525987229,1.0651170968883257,1.0651224713920926,1.0651279716363282,1.0651335930470625,1.0651393309551862,1.0651451806016756,1.0651511371428803,1.0651571956558774,1.0651633511438592,1.0651695985415648,1.0651759327207286,1.0651823484955403,1.0651888406281034,1.0651954038338785,1.0652020327871088,1.0652087221262017,1.0652154664590756,1.0652222603684445,1.0652290984170412,1.0652359751527651,1.0652428851137488,1.0652498228333371,0.5326273863107142,0.0,0.0,0.0,0.0,0.0,0.0,0.0,0.0,0.0,0.0,0.0,0.0,0.0,0.0,0.0,0.0,0.0,0.0,0.0,0.0,0.0,0.0,0.0,0.0,0.0,0.0,0.0,0.0,0.0,0.0,0.0,0.0,0.0,0.0,0.0,0.0,0.0,0.0,0.0,0.0,0.0,0.0,0.0,0.0,0.0,0.0,0.0,0.0,0.0,0.0,0.0,0.0,0.0,0.0,0.0,0.0,0.0,0.0,0.0,0.0,0.0,0.0,0.0,0.0,0.0,0.0,0.0,0.0,0.0,0.0,0.0,0.0,0.0,0.0,0.0,0.0,0.0,0.0,0.0,0.0,0.0,0.0,0.0,0.0,0.0,0.0,0.0,0.0,0.0,0.0,0.0,0.0,0.0,0.0,0.0,0.0,0.0,0.0,0.0,0.0,0.0,0.0,0.0,0.0,0.0,0.0,0.0,0.0,0.0,0.0,0.0,0.0,0.0,0.0,0.0,0.0,0.0,0.0,0.0,0.0,0.5326283294370134,1.0652508756833563,1.065243881523916,1.0652369210288521,1.0652299998568655,1.0652231236239023,1.0652162978974689,1.0652095281910618,1.0652028199587127,1.0651961785896447,1.065189609403085
0.0,0.0,0.0,0.0,0.0,0.0,0.0,0.0,0.0,0.0,0.0,0.0,0.0,0.0,0.0,0.0,0.0,0.0,0.0,0.0,0.0,0.0,0.0,0.0,0.0,0.0,0.0,0.0,0.0,0.0,0.0,0.0,0.0,0.0,0.0,0.0,0.0,0.0,0.0,0.0,0.0,0.0,0.0,0.0,0.0,0.0,0.0,0.0,0.0,0.0,0.0,0.0,0.0,0.0,0.0,0.0,0.0,0.0,0.0,0.0,0.0,0.0,0.0,0.0,0.0,0.0,0.0,0.0,0.0,0.0,0.0,0.0,0.0,0.0,0.0,0.0,0.0,0.0,0.0,0.0,0.0,0.0,0.0,0.0,0.0,0.0,0.0,0.0,0.0,0.0,0.0,0.0,0.0,0.0,0.0,0.0,0.0,0.0,0.0,0.0,0.0,0.0,0.0,0.0,0.0,0.0,0.0,0.0,0.0,0.0,0.0,0.0,0.0,0.0,0.0,0.0,0.0,0.0,0.0,0.0,0.0,0.0,0.0,0.0,0.0,0.0,0.0,0.0,0.0,0.0,1.058797046157057,1.0588031477753703,1.0588091561417405,1.058815066852335,1.0588208755821211,1.0588265780870592,1.0588321702062076,1.0588376478637782,1.0588430070711063,1.0588482439285705,1.0588533546274528,1.058858335451744,1.0588631827799024,1.058867893086565,1.0588724629442194,1.0588768890248392,1.0588811681014838,1.058885297049868,1.0588892728499095,1.0588930925872468,1.0588967534547393,1.058900252753948,1.0589035878966,1.058906756406043,1.058909755918677,1.058912584185385,1.0589152390729475,1.058917718565446,1.0589200207656604,1.0589221438964556,1.0589240863021487,1.0589258464498754,1.0589274229309387,1.058928814462138,1.058930019887084,1.058931038177498,1.0589318684344744,1.0589325098897338,1.0589329619068326,1.0589332239823446,1.058933295747003,1.0589331769667996,1.0589328675440344,1.0589323675183153,1.0589316770674975,1.0589307965085617,1.0589297262984185,1.058928467034644,1.0589270194561284,1.0589253844436448,1.0589235630203162,1.0589215563519945,1.0589193657475253,1.0589169926589084,1.0589144386813372,1.058911705553125,1.0589087951554887,1.0589057095122127,1.0589024507891716,1.0588990212937022,1.0588954234738415,1.0588916599173994,1.058887733350882,1.058883646638256,1.0588794027795454,1.0588750049092683,1.0588704562946998,1.0588657603339664,1.0588609205539736,1.058855940608153,1.0588508242740375,1.0588455754506658,1.0588401981558173,1.0588346965230622,1.0588290747986577,1.0588233373382576,1.0588174886034727,1.0588115331582575,1.0588054756651397,1.0587993208812996,0.0,0.0,0.0,0.0,0.0,0.0,0.0,0.0,0.0,0.0,0.0,0.0,0.0,0.0,0.0,0.0,0.0,0.0,0.0,0.0,0.0,0.0,0.0,0.0,0.0,0.0,0.0,0.0,0.0,0.0,0.0
1.0586834871308066,1.0586765927625006,1.0586697035068113,1.0586628244401113,1.0586559606331745,1.0586491171484167,1.05864229903713,1.0586355113366928,1.0586287590677759,1.058622047231517,1.0586153808066832,1.0586087647467932,1.058602203977228,1.0585957033922946,1.058589267852272,1.05858290218041,1.0585766111599035,1.0585703995308187,1.0585642719869905,1.0585582331728847,1.0585522876804094,1.0585464400457032,1.0585406947458802,1.0585350561957427,1.0585295287444585,1.0585241166722095,1.058518824186812,0.5292579236168884,0.0,0.0,0.0,0.0,0.0,0.0,0.0,0.0,0.0,0.0,0.0,0.0,0.0,0.0,0.0,0.0,0.0,0.0,0.0,0.0,0.0,0.0,0.0,0.0,0.0,0.0,0.0,0.0,0.0,0.0,0.0,0.0,0.0,0.0,0.0,0.0,0.0,0.0,0.0,0.0,0.0,0.0,0.0,0.0,0.0,0.0,0.0,0.0,0.0,0.0,0.0,0.0,0.0,0.0,0.0,0.0,0.0,0.0,0.529256647430134,1.0585173279685238,1.058522653716948,1.0585281040498857,1.0585336745245952,1.0585393606044462,1.0585451576635818,1.0585510609916555,1.0585570657986254,1.0585631672195968,1.058569360319708,1.058575640099046,1.0585820014975913,1.0585884394001623,1.05859494864138,1.0586015240106155,1.0586081602569317,1.0586148520940064,1.0586215942050134,1.058628381247483,1.058635207858105,1.0586420686574889,1.058648958254863,1.058655871252705,1.0586628022513112,1.058669745853282,1.0586766966679289,1.0586836493156004,1.0586905984319115,1.0586975386718835,1.0587044647139887,1.058711371264094,1.0587182530593022,1.0587251048716928,1.0587319215119582,1.0587386978329294,1.058745428733006,1.0587521091594665,1.0587587341116877,1.0587652986442517,1.058771797869949,1.058778226962683,1.0587845811602752,1.0587908557671728,0.0,0.0,0.0,0.0,0.0,0.0,0.0,0.0,0.0,0.0,0.0,0.0,0.0,0.0,0.0,0.0,0.0,0.0,0.0,0.0,0.0,0.0,0.0,0.0,0.0,0.0,0.0,0.0,0.0,0.0,0.0,0.0,0.0,0.0,0.0,0.0,0.0,0.0,0.0,0.0,0.0,0.0,0.0,0.0,0.0,0.0,0.0,0.0,0.0,0.0,0.0,0.0,0.0,0.0,0.0,0.0,0.0,0.0,0.0,0.0,0.0,0.0,0.0,0.0,0.0,0.0,0.0,0.0,0.0,0.0,0.0,0.0,0.0,0.0,0.0,0.0,0.0,0.0,0.0,0.0,1.0587930736544893,1.0587867389188155,1.0587803216903775,1.0587738270627722,1.058767260202474,1.0587606263440899,1.058753930785504,1.0587471788829177,1.0587403760457923,1.058733527731699,1.0587266394410952,1.0587197167120246,1.0587127651147539,1.0587057902463668,1.0586987977253004,1.0586917931858633,1.058684782272718,1.0586777706353587,1.0586707639225825,1.0586637677769617,1.0586567878293467,1.0586498296933797,1.0586428989600511,1.0586360011923084,1.0586291419197056,1.0586223266331298,1.0586155607795977,1.0586088497571264,1.0586021989097107,1.0585956135223822,1.0585890988163857
0.0,0.0,0.0,0.0,0.0,0.0,0.0,0.0,0.0,0.0,0.0,0.0,0.0,0.0,0.0,0.0,0.0,0.0,0.0,0.0,0.0,0.0,0.0,0.0,0.0,0.0,0.0,0.5292557318034218,1.0585086144255498,1.0585037051727288,1.058498931545941,1.05849429733971,1.0584898062555066,1.0584854618982895,1.058481267773027,1.0584772272812555,1.0584733437176397,1.058469620266567,1.0584660599987714,1.0584626658680012,1.0584594407077255,1.0584563872279025,1.0584535080118116,1.0584508055129414,1.0584482820519736,1.0584459398138373,1.058443780844868,1.0584418070500572,1.0584400201904196,1.058438421880472,1.058437013585836,1.0584357966209799,1.0584347721470841,1.058433941170072,1.0584333045387773,1.058432862943278,1.058432616913399,1.0584325668173773,1.0584327128607094,1.058433055085182,1.058433593368088,1.0584343274216317,1.0584352567925295,1.0584363808618105,1.0584376988448168,1.0584392097914086,1.058440912586371,1.05844280595003,1.0584448884390731,1.0584471584475839,1.0584496142082727,1.0584522537939205,1.0584550751190265,1.0584580759416586,1.0584612538654956,1.0584646063420804,1.0584681306732553,1.058471824013785,1.0584756833741737,1.0584797056236517,1.058483887493339,1.0584882255795764,1.0584927163474154,1.0584973561342648,1.0585021411536797,1.0585070674992931,0.5292554837187428,0.0,0.0,0.0,0.0,0.0,0.0,0.0,0.0,0.0,0.0,0.0,0.0,0.0,0.0,0.0,0.0,0.0,0.0,0.0,0.0,0.0,0.0,0.0,0.0,0.0,0.0,0.0,0.0,0.0,0.0,0.0,0.0,0.0,0.0,0.0,0.0,0.0,0.0,0.0,0.0,0.0,0.0,0.0,0.0,0.0,0.0,0.0,0.0,0.0,0.0,0.0,0.0,0.0,0.0,0.0,0.0,0.0,0.0,0.0,0.0,0.0,0.0,0.0,0.0,0.0,0.0,0.0,0.0,0.0,0.0,0.0,0.0,0.0,0.0,0.0,0.0,0.0,0.0,0.0,0.0,0.0,0.0,0.0,0.0,0.0,0.0,0.0,0.0,0.0,0.0,0.0,0.0,0.0,0.0,0.0,0.0,0.0,0.0,0.0,0.0,0.0,0.0,0.0,0.0,0.0,0.0,0.0,0.0,0.0,0.0,0.0,0.0,0.0,0.0,0.0,0.0,0.0,0.0,0.0,0.0,0.0,0.0,0.0,0.0,0.0,0.0,0.0,0.0,0.0,0.0,0.0,0.0,0.0,0.0,0.0,0.0,0.0,0.0,0.0,0.0,0.0,0.0,0.0,0.0,0.0,0.0,0.0,0.0,0.0,0.0,0.0,0.0,0.0,0.0
1.0521169203019136,1.0521100480874896,1.0521031812305335,1.0520963248586952,0.0,0.0,0.0,0.0,0.0,0.0,0.0,0.0,0.0,0.0,0.0,0.0,0.0,0.0,0.0,0.0,0.0,0.0,0.0,0.0,0.0,0.0,0.0,0.0,0.0,0.0,0.0,0.0,0.0,0.0,0.0,0.0,0.0,0.0,0.0,0.0,0.0,0.0,0.0,0.0,0.0,0.0,0.0,0.0,0.0,0.0,0.0,0.0,0.0,0.0,0.0,0.0,0.0,0.0,0.0,0.0,0.0,0.0,0.0,0.0,0.0,0.0,0.0,0.0,0.0,0.0,0.0,0.0,0.0,0.0,0.0,0.0,0.0,0.0,0.0,0.0,0.0,0.0,0.0,0.0,0.0,0.0,0.0,0.0,0.0,0.0,0.0,0.0,0.0,0.0,0.0,0.0,0.0,0.0,0.0,0.0,0.0,0.0,0.0,0.0,0.0,0.0,0.0,0.0,0.0,0.0,1.0520966177360047,1.0521035207364877,1.0521104318611592,1.0521173457658155,1.0521242571159841,1.0521311605910348,1.0521380508882299,1.0521449227266986,1.0521517708513421,1.0521585900366555,1.0521653750904787,1.0521721208576618,1.0521788222236583,1.0521854741180219,1.0521920715178394,1.0521986094510682,1.0522050829997933,1.0522114873034085,1.0522178175617092,1.0522240690379057,1.0522302370615626,1.0522363170314524,1.0522423044183342,1.0522481947676607,1.0522539837022067,1.052259666924628,1.0522652402199517,1.0522706994579973,1.0522760405957339,1.05228125967957,1.0522863528475896,1.0522913163317242,1.0522961464598706,1.0523008396579518,1.052305392451931,1.052309801469772,1.0523140634433528,1.0523181752103312,1.0523221337159718,1.0523259360149242,1.0523295792729614,1.0523330607686836,1.0523363778951729,1.0523395281616228,1.0523425091949197,1.052345318741191,1.0523479546673205,1.0523504149624205,1.0523526977392696,1.052354801235717,1.0523567238160414,1.0523584639722736,1.05236002032548,1.0523613916270023,1.0523625767596498,1.0523635747388542,1.0523643847137643,1.0523650059682987,1.0523654379221434,1.0523656801316876,1.0523657322909077,1.0523655942321795,1.05236526592703,1.0523647474868187,1.0523640391633426,1.0523631413493648,1.05236205457906,1.052360779528378,1.052359317015314,1.052357668000087,1.0523558335852163,1.0523538150155054,1.0523516136779096,1.0523492311013003,1.0523466689561105,1.0523439290538694,1.0523410133466116,1.0523379239261574,1.0523346630232755,1.0523312330067076,1.0523276363820562,1.0523238757905466,1.0523199540076367,1.052315873941497,1.052311638631339,1.0523072512456055,1.0523027150800113,1.0522980335554362,1.0522932102156768,1.0522882487250453,1.0522831528658232,1.052277926535568,1.0522725737442762,1.052267098611399,1.0522615053627216,1.0522557983270926,1.0522499819330227,1.0522440607051518,1.0522380392605708,1.052231922305037,1.0522257146290401,1.0522194211037739,1.0522130466769735,1.0522065963686578,1.0522000752667569,1.0521934885226512,1.0521868413466078,1.0521801390031436,1.0521733868062981,1.0521665901148385,1.0521597543274042,1.0521528848775847,1.0521459872289518,1.0521390668700517,1.0521321293093566,1.0521251800701907,1.0521182246856415,1.0521112686934517,1.0521043176309157,1.0520973770297732,0.0,0.0,0.0,0.0,0.0,0.0,0.0,0.0,0.0,0.0,0.0
0.0,0.0,0.0,0.0,1.0520894840931296,1.0520826640453613,1.0520758698141592,1.0520691064823886,1.052062379113871,1.0520556927502267,1.0520490524077082,1.0520424630740224,1.0520359297051467,1.0520294572221218,1.0520230505078412,1.052016714403819,1.05201045370695,1.052004273166253,1.051998177479599,1.0519921712904354,1.051986259184484,1.0519804456864388,1.0519747352566569,1.051969132287828,1.0519636411016549,1.0519582659455182,1.051953010989144,1.0519478803212796,1.0519428779463638,1.051938007781215,1.0519332736517248,1.0519286792895737,1.0519242283289594,1.0519199243033637,1.0519157706423283,1.0519117706682863,1.0519079275934176,1.0519042445165567,1.0519007244201457,1.0518973701672496,1.0518941844986247,1.051891170029859,1.0518883292485843,1.051885664511767,1.0518831780430826,1.0518808719303814,1.051878748123252,1.0518768084306855,1.0518750545188484,1.051873487908969,1.0518721099753465,1.0518709219434834,1.0518699248883423,1.0518691197327534,1.0518685072459486,1.0518680880422453,1.0518678625798892,1.0518678311600342,1.0518679939258964,1.0518683508620632,1.0518689017939697,1.0518696463875377,1.0518705841489981,1.0518717144248728,1.0518730364021414,1.0518745491085826,1.0518762514132898,1.0518781420273708,1.0518802195048216,1.0518824822435842,1.0518849284867753,1.0518875563241041,1.0518903636934538,1.0518933483826451,1.0518965080313665,1.0518998401332815,1.051903342038295,1.0519070109549864,1.0519108439532026,1.0519148379668022,1.0519189897965548,1.0519232961131855,1.0519277534605576,1.051932358258993,1.0519371068087207,1.0519419952934497,1.0519470197840584,1.0519521762423953,1.0519574605251858,1.0519628683880295,1.0519683954894967,1.0519740373953002,1.0519797895825491,1.0519856474440659,1.0519916062927686,1.051997661366103,1.0520038078305265,1.0520100407860222,1.052016355270656,1.0520227462651475,1.0520292086974625,1.0520357374474179,1.052042327351283,1.0520489732063893,1.0520556697757097,1.0520624117924466,1.0520691939645737,1.0520760109793676,1.0520828575078944,1.052089728209457,0.0,0.0,0.0,0.0,0.0,0.0,0.0,0.0,0.0,0.0,0.0,0.0,0.0,0.0,0.0,0.0,0.0,0.0,0.0,0.0,0.0,0.0,0.0,0.0,0.0,0.0,0.0,0.0,0.0,0.0,0.0,0.0,0.0,0.0,0.0,0.0,0.0,0.0,0.0,0.0,0.0,0.0,0.0,0.0,0.0,0.0,0.0,0.0,0.0,0.0,0.0,0.0,0.0,0.0,0.0,0.0,0.0,0.0,0.0,0.0,0.0,0.0,0.0,0.0,0.0,0.0,0.0,0.0,0.0,0.0,0.0,0.0,0.0,0.0,0.0,0.0,0.0,0.0,0.0,0.0,0.0,0.0,0.0,0.0,0.0,0.0,0.0,0.0,0.0,0.0,0.0,0.0,0.0,0.0,0.0,0.0,0.0,0.0,0.0,0.0,0.0,0.0,0.0,0.0,0.0,0.0,0.0,0.0,0.0,0.0,0.0,0.0,0.0,0.0,0.0,0.0,0.0,0.0,0.0,0.0,1.0520904524111243,1.0520835492803593,1.0520766731221123,1.052069829395268,1.0520630235279893,1.0520562609128183,1.0520495469018183,1.052042886801793,1.0520362858695758,1.0520297493073885,1.0520232822583067
0.0,0.0,0.0,0.0,0.0,0.0,0.0,0.0,0.0,0.0,0.0,0.0,0.0,0.0,0.0,0.0,0.0,0.0,0.0,0.0,0.0,0.0,0.0,0.0,0.0,0.0,0.0,0.0,0.0,0.0,0.0,0.0,0.0,0.0,0.0,0.0,0.0,0.0,0.0,0.0,0.0,0.0,0.0,0.0,0.0,0.0,0.0,0.0,0.0,0.0,0.0,0.0,0.0,0.0,0.0,0.0,0.0,0.0,0.0,0.0,0.0,0.0,0.0,0.0,0.0,0.0,0.0,0.0,0.0,0.0,0.0,0.0,0.0,0.0,0.0,0.0,0.0,0.0,0.0,0.0,0.0,0.0,0.0,0.0,0.0,0.0,0.0,0.0,0.0,0.0,0.0,0.0,0.0,0.0,0.0,0.0,0.0,0.0,0.0,0.0,0.0,0.0,0.0,0.0,0.0,0.0,0.0,0.0,0.0,0.0,0.0,0.0,0.0,0.0,0.0,0.0,0.0,0.0,0.0,0.0,0.0,0.0,0.0,0.0,0.0,0.0,0.0,0.0,0.0,0.0,0.0,0.0,0.0,1.0457159128977085,1.0457216805317375,1.045727342961483,1.0457328959376357,1.0457383352953125,1.045743656956685,1.0457488569335431,1.0457539313297965,1.045758876343914,1.0457636882712957,1.0457683635065962,1.0457728985459749,1.0457772899892974,1.0457815345422676,1.045785629018519,1.045789570341631,1.0457933555470988,1.04579698178425,1.045800446318097,1.0458037465311363,1.0458068799251032,1.0458098441226542,1.0458126368690115,1.045815256033534,1.0458176996112492,1.0458199657243163,1.0458220526234436,1.0458239586892302,1.0458256824334677,1.0458272225003695,1.045828577667741,1.0458297468480866,1.0458307290896562,1.045831523577415,1.045832129633952,1.0458325467203178,1.045832774436787,1.0458328125235457,1.0458326608613002,1.0458323194718098,1.045831788518333,1.0458310683059908,1.0458301592820405,1.0458290620360569,1.0458277773000295,1.0458263059483497,1.0458246489977132,1.0458228076069083,1.045820783076509,1.0458185768484616,1.0458161905055516,1.0458136257707715,1.0458108845065701,1.0458079687139779,1.045804880531628,1.045801622234645,1.0457981962334173,1.0457946050722413,1.0457908514278493,1.045786938107799,1.0457828680487444,1.0457786443145713,1.0457742700944141,1.0457697487005349,1.04576508356607,1.045760278242661,1.0457553363979477,1.0457502618129337,1.0457450583792265,1.045739730096155,1.0457342810677597,1.0457287154996644,1.0457230376958244,1.0457172520551623,0.0,0.0,0.0,0.0,0.0,0.0,0.0,0.0,0.0,0.0,0.0,0.0,0.0,0.0,0.0,0.0,0.0,0.0,0.0,0.0,0.0,0.0,0.0,0.0,0.0,0.0,0.0,0.0,0.0,0.0,0.0,0.0,0.0,0.0
1.0455850377403695,1.0455781899981162,1.0455713477777655,1.0455645162380849,1.045557700530699,1.0455509057967005,1.0455441371632537,1.0455373997401989,1.0455306986166604,1.0455240388576468,1.0455174255006576,1.0455108635522872,1.0455043579848255,1.045497913732862,1.0454915356898924,1.0454852287049223,1.045478997579075,1.045472847062202,1.0454667818494965,1.045460806578117,1.0454549258238126,1.0454491440975557,1.0454434658421905,1.0454378954290893,0.0,0.0,0.0,0.0,0.0,0.0,0.0,0.0,0.0,0.0,0.0,0.0,0.0,0.0,0.0,0.0,0.0,0.0,0.0,0.0,0.0,0.0,0.0,0.0,0.0,0.0,0.0,0.0,0.0,0.0,0.0,0.0,0.0,0.0,0.0,0.0,0.0,0.0,0.0,0.0,0.0,0.0,0.0,0.0,0.0,0.0,0.0,0.0,0.0,0.0,0.0,0.0,0.0,0.0,0.0,0.0,0.0,0.0,0.0,0.0,0.0,0.0,0.0,0.0,0.0,0.0,1.0454376137503454,1.0454432164869998,1.045448928869107,1.0454547463703132,1.045460664384303,1.0454666782289226,1.0454727831503656,1.0454789743273936,1.0454852468756028,1.0454915958517155,1.0454980162578995,1.0455045030461165,1.0455110511224688,1.0455176553515741,1.045524310560927,1.0455310115452718,1.0455377530709593,1.0455445298802972,1.0455513366958824,1.0455581682249098,1.045565019163457,1.0455718842007378,1.0455787580233231,1.0455856353193225,1.04559251078252,1.0455993791164735,1.0456062350385587,1.045613073283961,1.0456198886096215,1.0456266757981152,1.0456334296614815,1.0456401450449861,1.0456468168308244,1.0456534399417587,1.0456600093446937,1.0456665200541833,1.0456729671358675,1.0456793457098463,1.0456856509539867,1.0456918781071516,1.0456980224723713,1.0457040794199375,1.045710044390437,0.0,0.0,0.0,0.0,0.0,0.0,0.0,0.0,0.0,0.0,0.0,0.0,0.0,0.0,0.0,0.0,0.0,0.0,0.0,0.0,0.0,0.0,0.0,0.0,0.0,0.0,0.0,0.0,0.0,0.0,0.0,0.0,0.0,0.0,0.0,0.0,0.0,0.0,0.0,0.0,0.0,0.0,0.0,0.0,0.0,0.0,0.0,0.0,0.0,0.0,0.0,0.0,0.0,0.0,0.0,0.0,0.0,0.0,0.0,0.0,0.0,0.0,0.0,0.0,0.0,0.0,0.0,0.0,0.0,0.0,0.0,0.0,0.0,0.0,1.045711363068086,1.0457053753128982,1.045699293452098,1.0456931222285761,1.0456868664617125,1.0456805310433777,1.045674120933843,1.0456676411576042,1.045661096799119,1.0456544929984768,1.045647834946987,1.0456411278827114,1.0456343770859284,1.045627587874546,1.0456207655994731,1.0456139156399333,1.0456070433987619,1.0456001542976574,1.0455932537724228,1.045586347268181,1.0455794402345857,1.045572538121029,1.0455656463718461,1.0455587704215445,1.04555191569003,1.04554508757787,1.0455382914615834,1.045531532688961,1.0455248165744315,1.0455181483944775,1.0455115333830984,1.0455049767273423,1.0454984835628882,1.0454920589697192
0.0,0.0,0.0,0.0,0.0,0.0,0.0,0.0,0.0,0.0,0.0,0.0,0.0,0.0,0.0,0.0,0.0,0.0,0.0,0.0,0.0,0.0,0.0,0.0,1.0454324371548271,1.0454270952378657,1.0454218738152663,1.0454167769394165,1.0454118085747874,1.0454069725947137,1.0454022727782113,1.045397712806825,1.0453932962615116,1.0453890266195769,1.045384907251644,1.0453809414186803,1.0453771322690781,1.0453734828357892,1.0453699960335274,1.0453666746560313,1.0453635213734072,1.0453605387295406,1.0453577291395906,1.0453550948875718,1.0453526381240215,1.0453503608637669,1.0453482649837849,1.045346352221168,1.0453446241712008,1.045343082285544,1.0453417278705364,1.0453405620856209,1.045339585941885,1.0453388003007429,1.04533820587274,1.0453378032164957,1.0453375927377853,1.0453375746887634,1.0453377491673326,1.0453381161166586,1.0453386753248348,1.0453394264247013,1.0453403688938123,1.0453415020545633,1.0453428250744743,1.0453443369666284,1.045346036590269,1.0453479226515543,1.0453499937044732,1.0453522481519195,1.0453546842469166,1.045357300094007,1.0453600936507925,1.0453630627296315,1.0453662049994787,1.0453695179878928,1.0453729990831713,1.045376645536639,1.0453804544650793,1.045384422853302,1.0453885475568396,1.0453928253047806,1.0453972527027253,1.0454018262358689,1.0454065422721908,1.0454113970657648,1.0454163867601776,1.0454215073920379,1.0454267548945992,1.0454321251014578,0.0,0.0,0.0,0.0,0.0,0.0,0.0,0.0,0.0,0.0,0.0,0.0,0.0,0.0,0.0,0.0,0.0,0.0,0.0,0.0,0.0,0.0,0.0,0.0,0.0,0.0,0.0,0.0,0.0,0.0,0.0,0.0,0.0,0.0,0.0,0.0,0.0,0.0,0.0,0.0,0.0,0.0,0.0,0.0,0.0,0.0,0.0,0.0,0.0,0.0,0.0,0.0,0.0,0.0,0.0,0.0,0.0,0.0,0.0,0.0,0.0,0.0,0.0,0.0,0.0,0.0,0.0,0.0,0.0,0.0,0.0,0.0,0.0,0.0,0.0,0.0,0.0,0.0,0.0,0.0,0.0,0.0,0.0,0.0,0.0,0.0,0.0,0.0,0.0,0.0,0.0,0.0,0.0,0.0,0.0,0.0,0.0,0.0,0.0,0.0,0.0,0.0,0.0,0.0,0.0,0.0,0.0,0.0,0.0,0.0,0.0,0.0,0.0,0.0,0.0,0.0,0.0,0.0,0.0,0.0,0.0,0.0,0.0,0.0,0.0,0.0,0.0,0.0,0.0,0.0,0.0,0.0,0.0,0.0,0.0,0.0,0.0,0.0,0.0,0.0,0.0,0.0,0.0,0.0,0.0,0.0,0.0,0.0,0.0,0.0,0.0
0.0,0.0,0.0,0.0,0.0,0.0,0.0,0.0,0.0,0.0,0.0,0.0,0.0,0.0,0.0,0.0,0.0,0.0,0.0,0.0,0.0,0.0,0.0,0.0,0.0,0.0,0.0,0.0,0.0,0.0,0.0,0.0,0.0,0.0,0.0,0.0,0.0,0.0,0.0,0.0,0.0,0.0,0.0,0.0,0.0,0.0,0.0,0.0,0.0,0.0,0.0,0.0,0.0,0.0,0.0,0.0,0.0,0.0,0.0,0.0,0.0,0.0,0.0,0.0,0.0,0.0,0.0,0.0,0.0,0.0,0.0,0.0,0.0,0.0,0.0,0.0,0.0,0.0,0.0,0.0,0.0,0.0,0.0,0.0,0.0,0.0,0.0,0.0,0.0,0.0,0.0,0.0,0.0,0.0,0.0,0.0,0.0,0.0,0.0,0.0,0.0,0.0,0.0,0.0,0.0,0.0,0.0,0.0,0.0,0.0,0.0,0.0,0.0,0.0,1.0390951892747153,1.0391020230936583,1.0391088450958161,1.0391156500349799,1.0391224326837536,1.0391291878374709,1.039135910318076,1.0391425949779474,1.0391492367036839,1.0391558304198285,1.0391623710925482,1.0391688537332548,1.03917527340217,1.0391816252118327,1.0391879043305492,1.0391941059857857,1.0392002254674906,1.0392062581313688,1.0392121994020829,1.0392180447763977,1.039223789826256,1.0392294302017953,1.0392349616342993,1.039240379939082,1.0392456810183108,1.03925086086376,1.0392559155595067,1.039260841284553,1.0392656343153854,1.0392702910284775,1.0392748079027094,1.0392791815217428,1.03928340857631,1.0392874858664527,1.03929141030369,1.0392951789131133,1.0392987888354257,1.0393022373289103,1.039305521771325,1.0393086396617437,1.0393115886223196,1.039314366399979,1.0393169708680514,1.0393194000278299,1.0393216520100554,1.0393237250763376,1.0393256176204932,1.0393273281698205,1.0393288553862918,1.0393301980676792,1.0393313551485899,1.0393323257014369,1.0393331089373201,1.0393337042068316,1.0393341110007732,1.0393343289507961,1.0393343578299472,1.0393341975531318,1.0393338481774845,1.0393333099026503,1.0393325830709714,1.0393316681675802,1.0393305658203904,1.0393292767999989,1.0393278020194772,1.0393261425340665,1.0393242995407674,1.0393222743778239,1.0393200685240989,1.0393176835983446,1.03931512135836,1.0393123837000355,1.0393094726562888,1.0393063903958835,1.039303139222135,1.0392997215715,1.0392961400120493,1.0392923972418247,1.0392884960870752,1.0392844395003837,1.0392802305586644,1.0392758724610542,1.0392713685266808,1.0392667221923133,1.0392619370099028,1.0392570166440027,1.03925196486908,1.039246785566706,1.0392414827226528,1.0392360604238589,1.039230522855311,1.0392248742968047,1.0392191191196083,1.0392132617830332,1.0392073068308996,1.0392012588879163,1.0391951226559637,1.0391889029102979,1.0391826044956693,1.03917623232236,1.0391697913621543,1.0391632866442309,1.0391567232509968,1.0391501063138529,1.0391434410089129,1.0391367325526621,1.0391299861975762,1.0391232072276977,1.0391164009541698,1.0391095727107542,1.0391027278493086,1.0390958717352534,0.0,0.0,0.0,0.0,0.0,0.0,0.0,0.0,0.0,0.0,0.0,0.0,0.0,0.0,0.0
1.039087698278284,1.039080877367895,1.0390740620633374,1.0390672575388535,1.0390604689611083,1.0390537014856196,1.0390469602531738,1.0390402503862535,1.0390335769854686,1.0390269451259921,1.0390203598540033,1.0390138261831339,1.039007349090931,1.0390009335153194,1.0389945843510864,1.0389883064463665,1.0389821045991474,1.038975983553791,1.0389699479975654,1.038964002557203,1.0389581517954718,1.0389524002077732,1.0389467522187634,1.0389412121789974,1.03893578436161,1.038930472959017,1.0389252820796613,1.0389202157447839,1.0389152778852462,1.0389104723383822,1.038905802844904,1.038901273045855,1.0388968864796033,1.038892646578908,1.0388885566680264,1.0388846199598905,1.0388808395533462,1.0388772184304622,1.038873759453905,1.038870465364397,1.0388673387782483,1.0388643821849692,1.0388615979449778,1.0388589882873807,1.0388565553078681,1.038854300966689,1.038852227086732,1.0388503353517113,1.0388486273044628,1.0388471043453391,1.0388457677307343,1.0388446185717135,1.0388436578327631,1.0388428863306731,1.0388423047335338,1.0388419135598634,1.0388417131778769,1.0388417038048674,1.038841885506737,1.0388422581976642,1.0388428216399013,1.038843575443713,1.0388445190674664,1.038845651817847,1.0388469728502296,1.038848481169186,1.0388501756291384,1.0388520549351568,1.0388541176438948,1.0388563621646785,1.038858786760726,1.038861389550516,1.0388641685092912,1.0388671214707077,1.038870246128609,1.0388735400389506,1.0388770006218442,1.0388806251637392,1.0388844108197297,1.038888354615989,1.038892453452323,1.0388967041048427,1.0389011032287558,1.0389056473612657,1.0389103329245795,1.038915156229021,1.038920113476243,1.0389252007625338,1.038930414082218,1.038935749331141,1.0389412023102342,1.0389467687291645,1.0389524442100473,1.0389582242912327,1.0389641044311548,1.038970080012233,1.0389761463448357,1.0389822986712811,1.0389885321698895,1.0389948419590689,1.0390012231014332,1.0390076706079532,1.0390141794421222,1.0390207445241528,1.039027360735171,1.0390340229214354,1.0390407258985486,1.0390474644556762,1.0390542333597572,1.03906102735971,1.0390678411906213,1.0390746695779218,1.0390815072415425,1.039088348900043,0.0,0.0,0.0,0.0,0.0,0.0,0.0,0.0,0.0,0.0,0.0,0.0,0.0,0.0,0.0,0.0,0.0,0.0,0.0,0.0,0.0,0.0,0.0,0.0,0.0,0.0,0.0,0.0,0.0,0.0,0.0,0.0,0.0,0.0,0.0,0.0,0.0,0.0,0.0,0.0,0.0,0.0,0.0,0.0,0.0,0.0,0.0,0.0,0.0,0.0,0.0,0.0,0.0,0.0,0.0,0.0,0.0,0.0,0.0,0.0,0.0,0.0,0.0,0.0,0.0,0.0,0.0,0.0,0.0,0.0,0.0,0.0,0.0,0.0,0.0,0.0,0.0,0.0,0.0,0.0,0.0,0.0,0.0,0.0,0.0,0.0,0.0,0.0,0.0,0.0,0.0,0.0,0.0,0.0,0.0,0.0,0.0,0.0,0.0,0.0,0.0,0.0,0.0,0.0,0.0,0.0,0.0,0.0,0.0,0.0,0.0,0.0,1.039089009743022,1.0390821472515044,1.0390752896394806,1.0390684422810648,1.0390616105411552,1.0390547997708937,1.0390480153031443,1.0390412624480052,1.0390345464883368,1.039027872675332,1.0390212462241295,1.0390146723094618,1.0390081560613647,1.03900170256093,1.0389953168361297
0.0,0.0,0.0,0.0,0.0,0.0,0.0,0.0,0.0,0.0,0.0,0.0,0.0,0.0,0.0,0.0,0.0,0.0,0.0,0.0,0.0,0.0,0.0,0.0,0.0,0.0,0.0,0.0,0.0,0.0,0.0,0.0,0.0,0.0,0.0,0.0,0.0,0.0,0.0,0.0,0.0,0.0,0.0,0.0,0.0,0.0,0.0,0.0,0.0,0.0,0.0,0.0,0.0,0.0,0.0,0.0,0.0,0.0,0.0,0.0,0.0,0.0,0.0,0.0,0.0,0.0,0.0,0.0,0.0,0.0,0.0,0.0,0.0,0.0,0.0,0.0,0.0,0.0,0.0,0.0,0.0,0.0,0.0,0.0,0.0,0.0,0.0,0.0,0.0,0.0,0.0,0.0,0.0,0.0,0.0,0.0,0.0,0.0,0.0,0.0,0.0,0.0,0.0,0.0,0.0,0.0,0.0,0.0,0.0,0.0,0.0,0.0,0.0,0.0,0.0,0.0,0.0,0.0,0.0,0.0,0.0,0.0,0.0,0.0,0.0,0.0,0.0,0.0,0.0,0.0,0.0,0.0,0.0,0.0,0.0,0.0,0.0,0.0,0.0,0.0,0.5163963414907632,1.032797050708886,1.0328018241003116,1.032806461673705,1.0328109599001425,1.0328153153560633,1.0328195247256735,1.0328235848032903,1.0328274924956031,1.03283124482387,1.0328348389260336,1.032838272058768,1.032841541599447,1.0328446450480393,1.0328475800289223,1.0328503442926258,1.0328529357174867,1.0328553523112323,1.032857592212482,1.0328596536921664,1.0328615351548618,1.0328632351400433,1.032864752323257,1.0328660855172003,1.0328672336727183,1.0328681958797143,1.032868971367968,1.0328695595078636,1.0328699598110291,1.0328701719308793,1.0328701956630715,1.0328700309458552,1.0328696778603343,1.0328691366306304,1.0328684076239405,1.0328674913505074,1.0328663884634732,1.0328650997586442,1.0328636261741408,1.0328619687899567,1.032860128827393,1.0328581076484076,1.0328559067548424,1.032853527787545,1.0328509725253854,1.0328482428841639,1.0328453409153986,1.0328422688050183,1.0328390288719325,1.0328356235664948,1.0328320554688557,1.032828327287206,1.0328244418559058,1.032820402133504,1.0328162112006525,1.0328118722579065,1.0328073886234184,1.032802763730523,1.03279800112522,1.0327931044635505,0.0,0.0,0.0,0.0,0.0,0.0,0.0,0.0,0.0,0.0,0.0,0.0,0.0,0.0,0.0,0.0,0.0,0.0,0.0,0.0,0.0,0.0,0.0,0.0,0.0,0.0,0.0,0.0,0.0,0.0,0.0,0.0,0.0,0.0,0.0,0.0,0.0,0.0,0.0,0.0,0.0
1.032624752929756,1.0326179613682531,1.032611175423662,1.0326044002734847,1.0325976410873885,1.0325909030234963,1.0325841912246851,1.0325775108148871,1.0325708668954037,1.0325642645412272,1.0325577087973703,1.0325512046752157,1.0325447571488726,1.0325383711515532,1.0325320515719678,1.0325258032507385,1.0325196309768323,0.0,0.0,0.0,0.0,0.0,0.0,0.0,0.0,0.0,0.0,0.0,0.0,0.0,0.0,0.0,0.0,0.0,0.0,0.0,0.0,0.0,0.0,0.0,0.0,0.0,0.0,0.0,0.0,0.0,0.0,0.0,0.0,0.0,0.0,0.0,0.0,0.0,0.0,0.0,0.0,0.0,0.0,0.0,0.0,0.0,0.0,0.0,0.0,0.0,0.0,0.0,0.0,0.0,0.0,0.0,0.0,0.0,0.0,0.0,0.0,0.0,0.0,0.0,0.0,0.0,0.0,0.0,0.0,0.0,0.0,0.0,0.0,0.0,0.0,0.0,0.0,0.0,0.0,0.0,0.0,1.0325198853171367,1.032526081028547,1.0325323528546146,1.0325386959088472,1.0325451052521366,1.0325515758967885,1.0325581028105844,1.032564680920852,1.032571305118568,1.0325779702624582,1.032584671183118,1.0325914026871301,1.0325981595611882,1.0326049365762133,1.0326117284914678,1.032618530058657,1.0326253360260158,1.0326321411423833,1.0326389401612523,1.0326457278448,1.0326524989678862,1.0326592483220307,1.0326659707193535,1.0326726609964771,1.0326793140184036,1.0326859246823392,1.0326924879214818,1.03269899870877,1.032705452060577,1.0327118430403601,1.0327181667622651,1.0327244183946682,1.0327305931636777,1.0327366863565672,1.032742693325165,1.0327486094891758,1.0327544303394502,1.0327601514411886,1.0327657684370894,1.032771277050429,1.0327766730880819,1.0327819524434751,1.0327871110994797,0.5163958036404687,0.0,0.0,0.0,0.0,0.0,0.0,0.0,0.0,0.0,0.0,0.0,0.0,0.0,0.0,0.0,0.0,0.0,0.0,0.0,0.0,0.0,0.0,0.0,0.0,0.0,0.0,0.0,0.0,0.0,0.0,0.0,0.0,0.0,0.0,0.0,0.0,0.0,0.0,0.0,0.0,0.0,0.0,0.0,0.0,0.0,0.0,0.0,0.0,0.0,0.0,0.0,0.0,0.0,0.0,0.0,0.0,0.0,0.0,0.0,1.0327880775088634,1.0327829241289903,1.0327776482933164,1.0327722540697515,1.0327667456216074,1.032761127204382,1.0327554031624473,1.0327495779256628,1.0327436560058845,1.0327376419934078,1.0327315405533224,1.0327253564217929,1.0327190944022662,1.0327127593616166,1.0327063562262127,1.0326998899779358,1.0326933656501325,1.0326867883235171,1.032680163122027,1.0326734952086278,1.0326667897810835,1.032660052067688,1.0326532873229632,1.0326465008233376,1.0326396978627925,1.0326328837484997,1.032626063796443,1.0326192433270283,1.0326124276606987,1.0326056221135413,1.032598831992913,1.0325920625930616,1.0325853191907752,1.0325786070410516,1.0325719313727817,1.0325652973844763,1.0325587102400187,1.032552175064457,1.0325456969398465,1.032539280901124,1.0325329319320513
0.0,0.0,0.0,0.0,0.0,0.0,0.0,0.0,0.0,0.0,0.0,0.0,0.0,0.0,0.0,0.0,0.0,1.0325135394840235,1.032507533447372,1.0325016174797454,1.0324957961283485,1.032490073871306,1.0324844551142678,1.0324789441870497,1.0324735453403207,1.0324682627423267,1.0324631004756568,1.0324580625340585,1.0324531528193028,1.032448375138096,1.032443733199054,1.032439230609727,1.0324348708736855,1.0324306573876734,1.0324265934388208,1.0324226822019333,1.0324189267368442,1.03241532998585,1.0324118947712178,1.0324086237927754,1.03240551962559,1.0324025847177212,1.032399821388081,1.0323972318243686,1.0323948180811187,1.0323925820778301,1.0323905255972128,1.0323886502835231,1.032386957641021,1.0323854490325228,1.0323841256780746,1.0323829886537363,1.0323820388904816,1.0323812771732186,1.0323807041399289,1.0323803202809303,1.0323801259382634,1.032380121305204,1.0323803064259014,1.0323806811951504,1.0323812453582861,1.0323819985112124,1.0323829401005646,1.0323840694240014,1.0323853856306278,1.0323868877215558,1.0323885745505925,1.0323904448250651,1.0323924971067742,1.032394729813085,1.0323971412181425,1.0323997294542224,1.0324024925132076,1.0324054282481927,1.032408534375218,1.0324118084751237,1.0324152479955298,1.0324188502529332,1.032422612434928,1.0324265316025363,1.0324306046926561,1.032434828520615,1.03243919978284,1.0324437150596215,1.0324483708179852,1.032453163414662,1.0324580890991446,1.0324631440168464,1.0324683242123396,1.0324736256326779,1.0324790441308016,1.0324845754690135,1.032490215322531,1.0324959592831013,1.032501802862682,1.032507741497183,1.0325137705502545,0.0,0.0,0.0,0.0,0.0,0.0,0.0,0.0,0.0,0.0,0.0,0.0,0.0,0.0,0.0,0.0,0.0,0.0,0.0,0.0,0.0,0.0,0.0,0.0,0.0,0.0,0.0,0.0,0.0,0.0,0.0,0.0,0.0,0.0,0.0,0.0,0.0,0.0,0.0,0.0,0.0,0.0,0.0,0.0,0.0,0.0,0.0,0.0,0.0,0.0,0.0,0.0,0.0,0.0,0.0,0.0,0.0,0.0,0.0,0.0,0.0,0.0,0.0,0.0,0.0,0.0,0.0,0.0,0.0,0.0,0.0,0.0,0.0,0.0,0.0,0.0,0.0,0.0,0.0,0.0,0.0,0.0,0.0,0.0,0.0,0.0,0.0,0.0,0.0,0.0,0.0,0.0,0.0,0.0,0.0,0.0,0.0,0.0,0.0,0.0,0.0,0.0,0.0,0.0,0.0,0.0,0.0,0.0,0.0,0.0,0.0,0.0,0.0,0.0,0.0,0.0,0.0,0.0,0.0,0.0,0.0,0.0,0.0,0.0,0.0,0.0,0.0,0.0,0.0,0.0,0.0,0.0,0.0,0.0,0.0,0.0,0.0,0.0,0.0,0.0,0.0,0.0,0.0,0.0
0.0,0.0,0.0,0.0,0.0,0.0,0.0,0.0,0.0,0.0,0.0,0.0,0.0,0.0,0.0,0.0,0.0,0.0,0.0,0.0,0.0,0.0,0.0,0.0,0.0,0.0,0.0,0.0,0.0,0.0,0.0,0.0,0.0,0.0,0.0,0.0,0.0,0.0,0.0,0.0,0.0,0.0,0.0,0.0,0.0,0.0,0.0,0.0,0.0,0.0,0.0,0.0,0.0,0.0,0.0,0.0,0.0,0.0,0.0,0.0,0.0,0.0,0.0,0.0,0.0,0.0,0.0,0.0,0.0,0.0,0.0,0.0,0.0,0.0,0.0,0.0,0.0,0.0,0.0,0.0,0.0,0.0,0.0,0.0,0.0,0.0,0.0,0.0,0.0,0.0,0.0,0.0,0.0,0.0,0.0,0.0,0.0,0.0,0.0,0.0,0.0,0.0,0.0,0.0,0.0,0.0,0.0,0.0,0.0,0.0,0.0,0.0,0.0,0.0,0.0,0.0,0.0,0.0,0.0,0.0,0.0,0.0,1.026256739300127,1.026263270545099,1.026269749887173,1.0262761723541867,1.0262825330197365,1.0262888270068355,1.0262950494915284,1.0263011957064525,1.0263072609443515,1.0263132405615356,1.0263191299812862,1.0263249246972057,1.02633062027651,1.0263362123632587,1.0263416966815275,1.0263470690385177,1.0263523253275955,1.0263574615312763,1.0263624737241335,1.0263673580756443,1.0263721108529609,1.0263767284236187,1.0263812072581637,1.0263855439327125,1.0263897351314377,1.0263937776489755,1.0263976683927605,1.0264014043852743,1.0264049827662307,1.026408400794664,1.0264116558509468,1.0264147454387245,1.0264176671867664,1.0264204188507282,1.026422998314837,1.026425403593484,1.0264276328327318,1.02642968431174,1.0264315564440858,1.0264332477790123,1.0264347570025718,1.0264360829386872,1.02643722455011,1.026438180939293,1.0264389513491612,1.0264395351637874,1.0264399319089756,1.0264401412527382,1.0264401630056827,1.026439997121288,1.0264396436960874,1.0264391029697508,1.0264383753250543,1.0264374612877623,1.0264363615263852,1.0264350768518502,1.0264336082170615,1.0264319567163462,1.0264301235848032,1.0264281101975443,1.0264259180688216,1.0264235488510556,1.026421004333748,1.0264182864422937,1.0264153972366787,1.0264123389100726,1.026409113787317,1.0264057243233,1.0264021731012292,1.0263984628307976,1.0263945963462393,1.0263905766042858,1.0263864066820156,1.026382089774604,1.0263776291929614,1.026373028361284,1.0263682908144975,1.026363420195603,1.0263584202529297,1.0263532948372913,1.026348047899054,1.026342683485105,1.0263372057357492,1.0263316188815006,1.0263259272398044,1.026320135211677,1.0263142472782623,1.0263082679973183,1.026302201999628,1.026296053985349,1.026289828720282,1.0262835310321008,1.0262771658064964,1.0262707379832863,1.0262642525524655,1.0262577145502032,0.0,0.0,0.0,0.0,0.0,0.0,0.0,0.0,0.0,0.0,0.0,0.0,0.0,0.0,0.0,0.0,0.0,0.0,0.0,0.0,0.0,0.0,0.0
1.0261960471264313,1.0261892875577274,1.0261825335576558,1.0261757902974045,1.026169062940189,1.026162356637458,1.026155676525113,1.0261490277197285,1.026142415314787,1.0261358443769266,1.0261293199422021,1.0261228470123607,1.026116430551143,1.0261100754805956,1.0261037866774125,1.026097568969303,1.0260914271313812,1.0260853658825893,1.0260793898821492,1.0260735037260549,1.026067711943592,1.0260620189939025,1.0260564292625873,1.026050947058355,1.0260455766097132,1.0260403220617125,1.0260351874727354,1.0260301768113438,1.0260252939531833,1.0260205426779363,1.0260159266663527,1.0260114494973283,1.0260071146450565,1.0260029254762535,1.0259988852474453,1.025994997102336,1.0259912640692535,1.0259876890586663,1.0259842748607961,1.0259810241432992,0.0,0.0,0.0,0.0,0.0,0.0,0.0,0.0,0.0,0.0,0.0,0.0,0.0,0.0,0.0,0.0,0.0,0.0,0.0,0.0,0.0,0.0,0.0,0.0,0.0,0.0,0.0,0.0,0.0,0.0,0.0,0.0,0.0,0.0,1.0259809696661337,1.0259842228716267,1.025987640362727,1.0259912194826866,1.0259949574477718,1.025998851349529,1.0260028981571399,1.026007094719898,1.0260114377697798,1.0260159239241122,1.0260205496883414,1.026025311458894,1.0260302055261281,1.0260352280773697,1.026040375200037,1.0260456428848441,1.0260510270290812,1.0260565234399701,1.0260621278380868,1.0260678358608595,1.0260736430661193,1.0260795449357174,1.0260855368791972,1.0260916142375147,1.026097772286815,1.0261040062422433,1.0261103112618066,1.0261166824502652,1.0261231148630623,1.0261296035102792,1.0261361433606213,1.0261427293454175,1.0261493563626491,1.0261560192809853,1.02616271294383,1.0261694321733819,1.0261761717746938,1.0261829265397324,1.026189691251437,1.026196460687772,1.026203229625768,1.0262099928455535,1.0262167451343673,1.0262234812905553,1.0262301961275417,1.0262368844777807,1.0262435411966773,1.0262501611664776,0.0,0.0,0.0,0.0,0.0,0.0,0.0,0.0,0.0,0.0,0.0,0.0,0.0,0.0,0.0,0.0,0.0,0.0,0.0,0.0,0.0,0.0,0.0,0.0,0.0,0.0,0.0,0.0,0.0,0.0,0.0,0.0,0.0,0.0,0.0,0.0,0.0,0.0,0.0,0.0,0.0,0.0,0.0,0.0,0.0,0.0,0.0,0.0,0.0,0.0,0.0,0.0,0.0,0.0,0.0,0.0,0.0,0.0,0.0,0.0,0.0,0.0,0.0,0.0,0.0,0.0,0.0,0.0,0.0,0.0,0.0,0.0,0.0,0.0,0.0,0.0,0.0,0.0,0.0,0.0,0.0,0.0,0.0,0.0,0.0,0.0,0.0,0.0,0.0,0.0,0.0,0.0,0.0,0.0,0.0,0.0,1.0262511290548093,1.0262445011826427,1.0262378360840012,1.026231138938969,1.0262244149532325,1.0262176693538838,1.0262109073851935,1.0262041343043729,1.0261973553773238,1.0261905758743803,1.026183801066046,1.0261770362187357,1.0261702865905202,1.0261635574268808,1.026156853956476,1.0261501813869316,1.0261435449006453,1.026136949650622,1.0261304007563399,1.0261239032996465,1.0261174623206981,1.026111082813935,1.026104769724107
0.0,0.0,0.0,0.0,0.0,0.0,0.0,0.0,0.0,0.0,0.0,0.0,0.0,0.0,0.0,0.0,0.0,0.0,0.0,0.0,0.0,0.0,0.0,0.0,0.0,0.0,0.0,0.0,0.0,0.0,0.0,0.0,0.0,0.0,0.0,0.0,0.0,0.0,0.0,0.0,1.0259779394490507,1.0259750231940048,1.0259722776651594,1.0259697050186056,1.0259673072776785,1.0259650863312113,1.025963043931882,1.0259611816946728,1.0259595010954294,1.0259580034695333,1.0259566900106796,1.0259555617697722,1.0259546196539233,1.0259538644255826,1.0259532967017684,1.0259529169534256,1.0259527255049044,1.0259527225335547,1.0259529080694425,1.0259532819951964,1.0259538440459717,1.025954593809535,1.0259555307264845,1.025956654090586,1.0259579630492368,1.0259594566040584,1.0259611336116077,1.0259629927842213,1.0259650326909753,1.0259672517587761,1.0259696482735718,1.0259722203816843,1.025974966091264,1.025977883273864,0.0,0.0,0.0,0.0,0.0,0.0,0.0,0.0,0.0,0.0,0.0,0.0,0.0,0.0,0.0,0.0,0.0,0.0,0.0,0.0,0.0,0.0,0.0,0.0,0.0,0.0,0.0,0.0,0.0,0.0,0.0,0.0,0.0,0.0,0.0,0.0,0.0,0.0,0.0,0.0,0.0,0.0,0.0,0.0,0.0,0.0,0.0,0.0,0.0,0.0,0.0,0.0,0.0,0.0,0.0,0.0,0.0,0.0,0.0,0.0,0.0,0.0,0.0,0.0,0.0,0.0,0.0,0.0,0.0,0.0,0.0,0.0,0.0,0.0,0.0,0.0,0.0,0.0,0.0,0.0,0.0,0.0,0.0,0.0,1.02003163195132,1.0200336743163676,1.0200355381439916,1.0200372219916367,1.0200387245538178,1.020040044663152,1.0200411812912982,1.0200421335498033,1.0200429006908327,1.0200434821078197,1.0200438773359979,1.0200440860528435,1.0200441080784062,1.0200439433755406,1.0200435920500328,1.0200430543506247,1.0200423306689275,1.0200414215392386,1.0200403276382408,1.0200390497846072,1.0200375889384896,1.0200359462009088,1.0200341228130263,1.020032120155324,0.0,0.0,0.0,0.0,0.0,0.0,0.0,0.0,0.0,0.0,0.0,0.0,0.0,0.0,0.0,0.0,0.0,0.0,0.0,0.0,0.0,0.0,0.0,0.0,0.0,0.0,0.0,0.0,0.0,0.0,0.0,0.0,0.0,0.0,0.0,0.0,0.0,0.0,0.0,0.0,0.0,0.0,0.0,0.0,0.0,0.0,0.0,0.0,0.0,0.0,0.0,0.0,0.0,0.0,0.0,0.0,0.0,0.0,0.0
1.0198014235655617,1.0197946986377437,1.019787979187858,1.0197812703732625,1.019774577343294,1.0197679052354327,1.0197612591714607,0.0,0.0,0.0,0.0,0.0,0.0,0.0,0.0,0.0,0.0,0.0,0.0,0.0,0.0,0.0,0.0,0.0,0.0,0.0,0.0,0.0,0.0,0.0,0.0,0.0,0.0,0.0,0.0,0.0,0.0,0.0,0.0,0.0,0.0,0.0,0.0,0.0,0.0,0.0,0.0,0.0,0.0,0.0,0.0,0.0,0.0,0.0,0.0,0.0,0.0,0.0,0.0,0.0,0.0,0.0,0.0,0.0,0.0,0.0,0.0,0.0,0.0,0.0,0.0,0.0,0.0,0.0,0.0,0.0,0.0,0.0,0.0,0.0,0.0,0.0,0.0,0.0,0.0,0.0,0.0,0.0,0.0,0.0,0.0,0.0,0.0,0.0,0.0,0.0,0.0,0.0,0.0,0.0,0.0,0.0,0.0,0.0,0.0,0.0,0.0,1.019761385962836,1.019768040751702,1.0197747212435821,1.019781422276977,1.0197881386762937,1.019794865255875,1.019801596824009,1.0198083281869512,1.019815054152927,1.0198217695361298,1.0198284691607056,1.0198351478647172,1.0198418005040932,1.0198484219565536,1.0198550071255068,1.0198615509439244,1.0198680483781792,1.0198744944318587,1.019880884149532,1.0198872126204854,1.019893474982418,1.019899666425089,1.0199057821939266,1.0199118175935773,1.0199177679914238,1.0199236288210314,1.0199293955855557,1.0199350638610807,1.0199406292999136,1.0199460876338053,1.0199514346771217,1.0199566663299382,1.0199617785810817,1.0199667675110957,1.0199716292951457,1.0199763602058391,1.019980956615996,1.019985415001321,1.0199897319430202,1.01999390413033,1.0199979283629728,1.0200018015535344,1.020005520729753,1.0200090830367348,1.0200124857390862,1.0200157262229497,1.020018801997972,1.0200217106991687,1.0200244500887088,1.0200270180576096,1.0200294126273373,0.0,0.0,0.0,0.0,0.0,0.0,0.0,0.0,0.0,0.0,0.0,0.0,0.0,0.0,0.0,0.0,0.0,0.0,0.0,0.0,0.0,0.0,0.0,0.0,1.0200299397466646,1.020027583243248,1.0200250524374657,1.0200223492566445,1.020019475761683,1.0200164341455826,1.0200132267318787,1.0200098559729622,1.020006324448294,1.0200026348625277,1.0199987900435157,1.0199947929402267,1.0199906466205553,1.019986354269038,1.0199819191844677,1.0199773447774136,1.0199726345676519,1.0199677921814922,1.0199628213490297,1.0199577259012893,1.0199525097672995,1.0199471769710746,1.0199417316285122,1.019936177944214,1.0199305202082305,1.019924762792727,1.0199189101485768,1.019912966801893,1.019906937350478,1.019900826460229,1.0198946388614627,1.0198883793452027,1.0198820527593913,1.01987566400507,1.0198692180324977,1.0198627198372345,1.019856174456177,1.019849586963564,1.0198429624669443,1.0198363061031133,1.0198296230340258,1.0198229184426908,1.0198161975290385,1.0198094655057783,1.019802727594247,1.019795989020246,1.0197892550098775,1.0197825307853816,1.0197758215609776,1.019769132538713,1.0197624689043234,0.0,0.0,0.0,0.0,0.0,0.0,0.0,0.0
0.0,0.0,0.0,0.0,0.0,0.0,0.0,1.0197546442536396,1.0197480655608988,1.0197415281450333,1.019735037026926,1.0197285971927819,1.0197222135903892,1.0197158911254016,1.0197096346576475,1.0197034489974668,1.0196973389020834,1.0196913090720015,1.0196853641474513,1.0196795087048605,1.0196737472533743,1.019668084231416,1.019662524003293,1.0196570708558519,1.0196517289951856,1.0196465025433898,1.0196413955353791,1.0196364119157575,1.0196315555357556,1.019626830150222,1.0196222394146903,1.0196177868825043,1.0196134760020215,1.0196093101138892,1.0196052924483865,1.0196014261228599,1.0195977141392223,1.0195941593815485,1.0195907646137488,1.0195875324773287,1.0195844654892436,1.0195815660398364,1.019578836390882,1.0195762786737133,1.019573894887457,1.0195716868973597,1.0195696564332215,1.019567805087937,1.0195661343161293,1.0195646454329048,1.0195633396127053,1.0195622178882837,1.0195612811497736,1.0195605301438881,1.0195599654732246,1.019559587595686,1.01955939682402,1.0195593933254719,1.0195595771215609,1.0195599480879687,1.0195605059545532,1.0195612503054787,1.0195621805794608,1.0195632960701455,1.019564595926591,1.0195660791538848,1.019567744613867,1.0195695910259839,1.0195716169682507,1.019573820878344,1.0195762010547988,1.0195787556583298,1.0195814827132672,1.0195843801091027,1.019587445602153,1.0195906768173333,1.0195940712500389,1.0195976262681332,1.019601339114052,1.0196052069069967,1.0196092266452437,1.0196133952085424,1.0196177093606233,1.0196221657517903,1.01962676092161,1.0196314913016946,1.0196363532185662,1.0196413428966116,1.0196464564611163,1.0196516899413743,1.019657039273883,1.0196625003056021,1.0196680687972859,1.0196737404268816,1.019679510792994,1.0196853754184034,1.0196913297536474,1.0196973691806512,1.0197034890164107,1.0197096845167217,1.0197159508799483,1.0197222832508364,1.0197286767243603,1.0197351263496048,1.0197416271336686,1.0197481740456062,1.0197547620203788,0.0,0.0,0.0,0.0,0.0,0.0,0.0,0.0,0.0,0.0,0.0,0.0,0.0,0.0,0.0,0.0,0.0,0.0,0.0,0.0,0.0,0.0,0.0,0.0,0.0,0.0,0.0,0.0,0.0,0.0,0.0,0.0,0.0,0.0,0.0,0.0,0.0,0.0,0.0,0.0,0.0,0.0,0.0,0.0,0.0,0.0,0.0,0.0,0.0,0.0,0.0,0.0,0.0,0.0,0.0,0.0,0.0,0.0,0.0,0.0,0.0,0.0,0.0,0.0,0.0,0.0,0.0,0.0,0.0,0.0,0.0,0.0,0.0,0.0,0.0,0.0,0.0,0.0,0.0,0.0,0.0,0.0,0.0,0.0,0.0,0.0,0.0,0.0,0.0,0.0,0.0,0.0,0.0,0.0,0.0,0.0,0.0,0.0,0.0,0.0,0.0,0.0,0.0,0.0,0.0,0.0,0.0,0.0,0.0,0.0,0.0,0.0,0.0,0.0,0.0,0.0,0.0,0.0,0.0,0.0,0.0,0.0,0.0,0.0,0.0,0.0,1.0197558358231142,1.0197492384358546,1.0197426818546975,1.0197361711591335,1.0197297113919608,1.0197233075553078,1.0197169646066764,1.0197106874550408
0.0,0.0,0.0,0.0,0.0,0.0,0.0,0.0,0.0,0.0,0.0,0.0,0.0,0.0,0.0,0.0,0.0,0.0,0.0,0.0,0.0,0.0,0.0,0.0,0.0,0.0,0.0,0.0,0.0,0.0,0.0,0.0,0.0,0.0,0.0,0.0,0.0,0.0,0.0,0.0,0.0,0.0,0.0,0.0,0.0,0.0,0.0,0.0,0.0,0.0,0.0,0.0,0.0,0.0,0.0,0.0,0.0,0.0,0.0,0.0,0.0,0.0,0.0,0.0,0.0,0.0,0.0,0.0,0.0,0.0,0.0,0.0,0.0,0.0,0.0,0.0,0.0,0.0,0.0,0.0,0.0,0.0,0.0,0.0,0.0,0.0,0.0,0.0,0.0,0.0,0.0,0.0,0.0,0.0,0.0,0.0,0.0,0.0,0.0,0.0,0.0,0.0,0.0,0.0,0.0,0.0,0.0,0.0,0.0,0.0,0.0,0.0,0.0,0.0,0.0,0.0,0.0,0.0,0.0,0.0,0.0,0.0,0.0,0.0,0.0,0.0,0.0,0.0,0.0,0.0,0.0,0.0,0.0,0.0,0.0,1.0135788960258276,1.013584326553014,1.0135896465052416,1.0135948517946198,1.0135999384215315,1.013604902477638,1.0136097401488096,1.0136144477179938,1.0136190215679979,1.0136234581842114,1.0136277541572412,1.0136319061854726,1.0136359110775552,1.013639765754799,1.0136434672534933,1.0136470127271426,1.0136503994486137,1.0136536248121923,1.013656686335565,1.0136595816616913,1.0136623085606047,1.0136648649311057,1.0136672488023695,1.0136694583354586,1.0136714918247383,1.0136733476991944,1.0136750245236505,1.013676520999897,1.0136778359677097,1.0136789684057677,1.0136799174324813,1.0136806823067017,1.0136812624283402,1.0136816573388785,1.0136818667217735,1.0136818904027607,1.013681728350051,1.0136813806744192,1.0136808476291876,1.013680129610107,1.013679227155126,1.0136781409440505,1.0136768717981082,1.0136754206793899,1.013673788690197,1.0136719770722733,1.0136699872059352,1.0136678206090919,1.0136654789361605,1.0136629639768748,1.0136602776549903,1.0136574220268808,1.013654399280032,1.013651211731439,1.0136478618258864,1.0136443521341398,1.0136406853510327,1.0136368642934515,1.013632891898222,1.013628771219905,1.0136245054284927,1.013620097807005,1.0136155517490044,1.0136108707560147,1.0136060584348492,1.0136011184948557,1.0135960547450695,1.0135908710912993,1.0135855715331084,1.0135801601607433,0.0,0.0,0.0,0.0,0.0,0.0,0.0,0.0,0.0,0.0,0.0,0.0,0.0,0.0,0.0,0.0,0.0,0.0,0.0,0.0,0.0,0.0,0.0,0.0,0.0,0.0,0.0,0.0,0.0,0.0,0.0,0.0,0.0,0.0,0.0,0.0
1.013440725138513,1.0134340373405606,1.0134273549053365,1.013420682970517,1.0134140266657758,1.013407391108917,1.0134007814020125,1.0133942026275493,1.0133876598445921,1.013381158084963,1.0133747023494322,1.013368297603943,1.0133619487758452,1.0133556607501628,1.0133494383658932,1.013343286412328,1.0133372096254163,1.013331212684157,1.013325300207037,1.0133194767485074,1.013313746795499,1.0133081147639904,0.0,0.0,0.0,0.0,0.0,0.0,0.0,0.0,0.0,0.0,0.0,0.0,0.0,0.0,0.0,0.0,0.0,0.0,0.0,0.0,0.0,0.0,0.0,0.0,0.0,0.0,0.0,0.0,0.0,0.0,0.0,0.0,0.0,0.0,0.0,0.0,0.0,0.0,0.0,0.0,0.0,0.0,0.0,0.0,0.0,0.0,0.0,0.0,0.0,0.0,0.0,0.0,0.0,0.0,0.0,0.0,0.0,0.0,0.0,0.0,0.0,0.0,0.0,0.0,0.0,0.0,0.0,0.0,0.0,0.0,1.0133079231511597,1.013313557692587,1.0133192905037358,1.0133251171450168,1.0133310331047545,1.0133370338027525,1.0133431145939054,1.0133492707718568,1.013355497572706,1.013361790178753,1.0133681437222835,1.013374553289387,1.0133810139238049,1.0133875206308156,1.0133940683811296,1.013400652114822,1.013407266745273,1.0134139071631258,1.013420568240263,1.01342724483378,1.0134339317899759,1.013440623948339,1.0134473161455353,1.0134540032193906,1.0134606800128707,1.0134673413780444,1.013473982180041,1.0134805973009864,1.0134871816439246,1.0134937301367135,1.0135002377358993,1.0135066994305615,1.0135131102461337,1.0135194652481796,1.0135257595461467,1.0135319882970748,1.0135381467092635,1.0135442300459034,1.0135502336286533,1.0135561528411725,1.0135619831326088,1.0135677200210251,1.0135733590967764,0.0,0.0,0.0,0.0,0.0,0.0,0.0,0.0,0.0,0.0,0.0,0.0,0.0,0.0,0.0,0.0,0.0,0.0,0.0,0.0,0.0,0.0,0.0,0.0,0.0,0.0,0.0,0.0,0.0,0.0,0.0,0.0,0.0,0.0,0.0,0.0,0.0,0.0,0.0,0.0,0.0,0.0,0.0,0.0,0.0,0.0,0.0,0.0,0.0,0.0,0.0,0.0,0.0,0.0,0.0,0.0,0.0,0.0,0.0,0.0,0.0,0.0,0.0,0.0,0.0,0.0,0.0,0.0,0.0,0.0,1.0135746411519646,1.0135690187688164,1.0135632973543238,1.0135574813291153,1.0135515751879893,1.0135455834964056,1.0135395108869285,1.0135333620556048,1.013527141758291,1.0135208548069303,1.013514506065777,1.0135081004475812,1.0135016429097283,1.0134951384503443,1.0134885921043624,1.0134820089395578,1.0134753940525616,1.0134687525648378,1.0134620896186521,1.0134554103730138,1.013448719999609,1.0134420236787207,1.0134353265951441,1.0134286339340972,1.0134219508771294,1.0134152825980436,1.0134086342588113,1.0134020110055106,1.013395417964275,1.0133888602372574,1.0133823428986215,1.0133758709905518,1.0133694495192986,1.0133630834512501,1.0133567777090402,1.0133505371676996
0.0,0.0,0.0,0.0,0.0,0.0,0.0,0.0,0.0,0.0,0.0,0.0,0.0,0.0,0.0,0.0,0.0,0.0,0.0,0.0,0.0,0.0,1.0133025849956274,1.0132971617543811,1.0132918492232756,1.0132866515011596,1.0132815725995443,1.0132766164394993,1.0132717868486139,1.0132670875580216,1.0132625221994973,1.0132580943026244,1.013253807292028,1.0132496644847013,1.013245669087385,1.013241824194052,1.0132381327834543,1.0132345977167687,1.013231221735321,1.0132280074584,1.0132249573811685,1.013222073872654,1.0132193591738523,1.0132168153959076,1.013214444518411,1.0132122483877795,1.0132102287157516,1.0132083870779804,1.0132067249127312,1.0132052435196848,1.0132039440588512,1.0132028275495926,1.0132018948697477,1.0132011467548816,1.0132005837976354,1.0132002064471932,1.0132000150088651,1.013200009643781,1.0132001903686996,1.0132005570559377,1.0132011094334077,1.0132018470847766,1.0132027694497405,1.0132038758244126,1.0132051653618306,1.013206637072578,1.013208289825522,1.0132101223486638,1.0132121332301085,1.0132143209191447,1.0132166837274381,1.01321921983034,1.0132219272683,1.0132248039483978,1.0132278476459768,1.0132310560063877,1.0132344265468407,1.0132379566583525,1.01324164360781,1.013245484540122,1.0132494764804765,1.0132536163366948,1.0132579009016753,1.013262326855939,1.0132668907702547,1.0132715891083595,1.0132764182297627,1.0132813743926308,1.0132864537567587,1.0132916523866062,1.0132969662544276,1.013302391243454,0.0,0.0,0.0,0.0,0.0,0.0,0.0,0.0,0.0,0.0,0.0,0.0,0.0,0.0,0.0,0.0,0.0,0.0,0.0,0.0,0.0,0.0,0.0,0.0,0.0,0.0,0.0,0.0,0.0,0.0,0.0,0.0,0.0,0.0,0.0,0.0,0.0,0.0,0.0,0.0,0.0,0.0,0.0,0.0,0.0,0.0,0.0,0.0,0.0,0.0,0.0,0.0,0.0,0.0,0.0,0.0,0.0,0.0,0.0,0.0,0.0,0.0,0.0,0.0,0.0,0.0,0.0,0.0,0.0,0.0,0.0,0.0,0.0,0.0,0.0,0.0,0.0,0.0,0.0,0.0,0.0,0.0,0.0,0.0,0.0,0.0,0.0,0.0,0.0,0.0,0.0,0.0,0.0,0.0,0.0,0.0,0.0,0.0,0.0,0.0,0.0,0.0,0.0,0.0,0.0,0.0,0.0,0.0,0.0,0.0,0.0,0.0,0.0,0.0,0.0,0.0,0.0,0.0,0.0,0.0,0.0,0.0,0.0,0.0,0.0,0.0,0.0,0.0,0.0,0.0,0.0,0.0,0.0,0.0,0.0,0.0,0.0,0.0,0.0,0.0,0.0,0.0,0.0,0.0,0.0,0.0,0.0,0.0,0.0
0.0,0.0,0.0,0.0,0.0,0.0,0.0,0.0,0.0,0.0,0.0,0.0,0.0,0.0,0.0,0.0,0.0,0.0,0.0,0.0,0.0,0.0,0.0,0.0,0.0,0.0,0.0,0.0,0.0,0.0,0.0,0.0,0.0,0.0,0.0,0.0,0.0,0.0,0.0,0.0,0.0,0.0,0.0,0.0,0.0,0.0,0.0,0.0,0.0,0.0,0.0,0.0,0.0,0.0,0.0,0.0,0.0,0.0,0.0,0.0,0.0,0.0,0.0,0.0,0.0,0.0,0.0,0.0,0.0,0.0,0.0,0.0,0.0,0.0,0.0,0.0,0.0,0.0,0.0,0.0,0.0,0.0,0.0,0.0,0.0,0.0,0.0,0.0,0.0,0.0,0.0,0.0,0.0,0.0,0.0,0.0,0.0,0.0,0.0,0.0,0.0,0.0,0.0,0.0,0.0,0.0,0.0,0.0,0.0,0.0,0.0,0.0,0.0,0.0,0.0,0.0,0.0,0.0,0.0,0.0,0.5035799887520103,1.0071662120786036,1.007172681637174,1.0071791057463404,1.0071854794566137,1.0071917978579512,1.0071980560835079,1.0072042493133468,1.0072103727781183,1.0072164217626922,1.007222391609748,1.0072282777233192,1.0072340755722866,1.007239780693825,1.0072453886967891,1.0072508952650505,1.0072562961607714,1.0072615872276214,1.0072667643939268,1.0072718236757603,1.0072767611799596,1.0072815731070794,1.0072862557542699,1.0072908055180838,1.0072952188972075,1.0072994924951202,1.0073036230226613,1.0073076073005334,1.0073114422617142,1.0073151249537826,1.0073186525411684,1.0073220223073034,1.0073252316566947,1.0073282781169004,1.00733115934042,1.0073338731064858,1.0073364173227646,1.0073387900269626,1.0073409893883354,1.0073430137090988,1.0073448614257405,1.0073465311102332,1.0073480214711474,1.007349331354662,1.0073504597454717,1.0073514057675952,1.0073521686850715,1.0073527479025586,1.0073531429658287,1.0073533535621473,1.0073533795205591,1.0073532208120546,1.007352877549644,1.0073523499883088,1.0073516385248569,1.007350743697669,1.0073496661863275,1.0073484068111553,1.007346966532631,1.007345346450704,1.007343547804005,1.0073415719689431,1.0073394204587018,1.0073370949221312,1.0073345971425258,1.007331929036308,1.0073290926516014,1.0073260901667052,1.0073229238884625,1.0073195962505328,1.007316109811558,1.0073124672532383,1.0073086713782993,1.0073047251083762,1.0073006314817894,1.007296393651242,1.00729201488141,1.0072874985464537,1.0072828481274407,1.0072780672096753,1.0072731594799493,1.0072681287237093,1.0072629788221463,1.0072577137492011,1.0072523375685032,1.0072468544302255,1.0072412685678769,1.0072355842950271,1.0072298060019549,1.0072239381522488,1.0072179852793315,1.0072119519829419,1.0072058429255497,1.0071996628287272,1.0071934164694665,1.0071871086764528,1.0071807443262988,1.0071743283397308,1.0071678656777454,1.0071613613377335,0.0,0.0,0.0,0.0,0.0,0.0,0.0,0.0,0.0,0.0,0.0,0.0,0.0,0.0,0.0,0.0,0.0,0.0,0.0,0.0,0.0
1.0071137975024482,1.0071071490038208,1.0071005057449312,1.0070938728393068,1.0070872553925279,1.0070806584983474,1.0070740872348198,1.0070675466604384,1.0070610418102892,1.0070545776922204,1.00704815928303,1.0070417915246779,1.0070354793205216,1.0070292275315764,1.0070230409728111,1.007016924409473,1.007010882553447,1.0070049200596567,1.0069990415224979,1.0069932514723323,1.0069875543720035,1.0069819546134198,1.0069764565141814,1.006971064314258,1.0069657821727316,1.0069606141645828,1.0069555642775545,1.0069506364090661,1.006945834363203,1.0069411618477624,1.0069366224713845,1.0069322197407444,1.006927957057822,1.0069238377172556,1.0069198649037616,1.0069160416896508,1.006912371032418,1.0069088557724202,1.0069054986306436,1.0069023022065582,1.0068992689760687,1.0068964012895467,1.0068937013699768,0.5034457348287539,0.0,0.0,0.0,0.0,0.0,0.0,0.0,0.0,0.0,0.0,0.0,0.0,0.0,0.0,0.0,0.0,0.0,0.0,0.0,0.0,0.0,0.0,0.0,0.0,0.0,0.0,0.5034456079439764,1.006893488565455,1.0068961758690145,1.0068990313253772,1.006902052728342,1.0069052377429384,1.0069085839072445,1.006912088634314,1.0069157492141996,1.0069195628160714,1.0069235264904395,1.006927637171461,1.0069318916793504,1.0069362867228724,1.0069408189019247,1.0069454847102115,1.0069502805379944,1.0069552026749289,1.0069602473129784,1.0069654105494044,1.0069706883898344,1.0069760767513949,1.0069815714659165,1.0069871682832052,1.006992862874377,1.0069986508352513,1.0070045276898019,1.00701048889366,1.0070165298376788,1.0070226458515323,1.0070288322073693,1.0070350841235052,1.0070413967681566,1.007047765263211,1.0070541846880254,1.0070606500832602,1.0070671564547404,1.0070736987773334,1.0070802719988556,1.0070868710439913,1.0070934908182285,1.007100126211804,1.0071067721036568,1.007113423365389,1.0071200748652227,1.0071267214719644,1.0071333580589554,1.0071399795080205,1.0071465807134092,1.0071531565857152,0.5035797133037728,0.0,0.0,0.0,0.0,0.0,0.0,0.0,0.0,0.0,0.0,0.0,0.0,0.0,0.0,0.0,0.0,0.0,0.0,0.0,0.0,0.0,0.0,0.0,0.0,0.0,0.0,0.0,0.0,0.0,0.0,0.0,0.0,0.0,0.0,0.0,0.0,0.0,0.0,0.0,0.0,0.0,0.0,0.0,0.0,0.0,0.0,0.0,0.0,0.0,0.0,0.0,0.0,0.0,0.0,0.0,0.0,0.0,0.0,0.0,0.0,0.0,0.0,0.0,0.0,0.0,0.0,0.0,0.0,0.0,0.0,0.0,0.0,0.0,0.0,0.0,0.0,0.0,0.0,0.0,0.0,0.0,0.0,0.0,0.0,0.0,0.0,0.0,0.0,0.0,0.0,0.0,0.0,0.0,0.0,0.0,0.0,0.0,0.0,0.0,1.0071548203495675,1.007148247771669,1.007141648687047,1.0071350281993223,1.007128391428728,1.007121743508104,1.0071150895788739,1.0071084347870212,1.0071017842790602,1.0070951431980057,1.0070885166793468,1.0070819098470305,1.0070753278094497,1.0070687756554533,1.0070622584503623,1.0070557812320167,1.0070493490068406,1.0070429667459322,1.0070366393811923,1.007030371801474,1.007024168848782
0.0,0.0,0.0,0.0,0.0,0.0,0.0,0.0,0.0,0.0,0.0,0.0,0.0,0.0,0.0,0.0,0.0,0.0,0.0,0.0,0.0,0.0,0.0,0.0,0.0,0.0,0.0,0.0,0.0,0.0,0.0,0.0,0.0,0.0,0.0,0.0,0.0,0.0,0.0,0.0,0.0,0.0,0.0,0.5034454364824279,1.0068888130761537,1.0068866284954874,1.006884619265911,1.0068827869489194,1.0068811329695153,1.0068796586150528,1.0068783650341886,1.0068772532359387,1.0068763240888472,1.0068755783202668,1.006875016515737,1.0068746391184908,1.0068744464290604,1.0068744386050026,1.0068746156607276,1.0068749774674564,1.0068755237532745,1.0068762541033092,1.006877167960019,1.0068782646235936,1.00687954325247,1.0068810028639597,1.0068826423349893,1.006884460402952,1.006886455666673,1.0068886265874855,0.5034453635464337,0.0,0.0,0.0,0.0,0.0,0.0,0.0,0.0,0.0,0.0,0.0,0.0,0.0,0.0,0.0,0.0,0.0,0.0,0.0,0.0,0.0,0.0,0.0,0.0,0.0,0.0,0.0,0.0,0.0,0.0,0.0,0.0,0.0,0.0,0.0,0.0,0.0,0.0,0.0,0.0,0.0,0.0,0.0,0.0,0.0,0.0,0.0,0.0,0.0,0.0,0.0,0.0,0.0,0.0,0.0,0.0,0.0,0.0,0.0,0.0,0.0,0.0,0.0,0.0,0.0,0.0,0.0,0.0,0.0,0.0,0.0,0.0,0.0,0.0,0.0,0.0,0.0,0.0,0.0,0.0,0.0,0.0,0.0,0.0,0.0,0.0,0.0,0.0,0.0,0.0,0.0,0.5005267018767822,1.0010544120410794,1.001055536036428,1.0010564787684617,1.0010572395057022,1.001057817656684,1.0010582127704328,1.001058424536836,1.001058452786908,1.0010582974929467,1.0010579587685848,1.0010574368687313,1.0010567321894082,1.0010558452674763,1.0010547767802533,1.0010535275450303,0.0,0.0,0.0,0.0,0.0,0.0,0.0,0.0,0.0,0.0,0.0,0.0,0.0,0.0,0.0,0.0,0.0,0.0,0.0,0.0,0.0,0.0,0.0,0.0,0.0,0.0,0.0,0.0,0.0,0.0,0.0,0.0,0.0,0.0,0.0,0.0,0.0,0.0,0.0,0.0,0.0,0.0,0.0,0.0,0.0,0.0,0.0,0.0,0.0,0.0,0.0,0.0,0.0,0.0,0.0,0.0,0.0,0.0,0.0,0.0,0.0,0.0,0.0
1.0008204909931357,1.0008138835177949,1.0008072811652693,1.0008006890216414,1.0007941121651176,1.0007875556621508,0.0,0.0,0.0,0.0,0.0,0.0,0.0,0.0,0.0,0.0,0.0,0.0,0.0,0.0,0.0,0.0,0.0,0.0,0.0,0.0,0.0,0.0,0.0,0.0,0.0,0.0,0.0,0.0,0.0,0.0,0.0,0.0,0.0,0.0,0.0,0.0,0.0,0.0,0.0,0.0,0.0,0.0,0.0,0.0,0.0,0.0,0.0,0.0,0.0,0.0,0.0,0.0,0.0,0.0,0.0,0.0,0.0,0.0,0.0,0.0,0.0,0.0,0.0,0.0,0.0,0.0,0.0,0.0,0.0,0.0,0.0,0.0,0.0,0.0,0.0,0.0,0.0,0.0,0.0,0.0,0.0,0.0,0.0,0.0,0.0,0.0,0.0,0.0,0.0,0.0,0.0,0.0,0.0,0.0,0.0,0.0,0.0,0.0,0.0,0.0,0.0,0.0,1.0007869354516683,1.00079349207136,1.0008000694441435,1.0008066624938312,1.0008132661326123,1.0008198752649795,1.0008264847916624,1.0008330896135673,1.0008396846357033,1.0008462647711083,1.000852824944772,1.0008593600975362,1.0008658651899873,1.0008723352063318,1.000878765158248,1.0008851500887155,1.0008914850758222,1.0008977652365356,1.0009039857304467,1.0009101417634794,1.0009162285915605,1.0009222415242536,1.0009281759283415,1.0009340272313774,1.000939790925174,1.000945462569251,1.0009510377942297,1.0009565123051622,1.00096188188482,1.000967142396909,1.0009722897892226,1.0009773200967393,1.0009822294446475,1.0009870140512978,1.0009916702310901,1.0009961943972905,1.0010005830647588,1.0010048328526162,1.0010089404868214,1.0010129028026733,1.001016716747226,1.0010203793816217,1.0010238878833402,1.0010272395483528,1.0010304317931946,1.0010334621569459,1.0010363283031143,1.0010390280214296,1.0010415592295416,1.0010439199746235,1.00104610843487,1.0010481229209143,1.001049961877123,1.0010516238828064,0.5005264057765407,0.0,0.0,0.0,0.0,0.0,0.0,0.0,0.0,0.0,0.0,0.0,0.0,0.0,0.0,0.0,1.0010520985184728,1.0010504907959201,1.0010487056105757,1.0010467443325926,1.0010446084680547,1.0010422996578454,1.0010398196764247,1.0010371704304901,1.0010343539575417,1.0010313724243434,1.001028228125286,1.0010249234806443,1.0010214610347425,1.0010178434540191,1.001014073524997,1.001010154152155,1.0010060883557128,1.0010018792693227,1.0009975301376666,1.0009930443139716,1.000988425257435,1.0009836765305697,1.000978801796462,1.000973804815951,1.0009686894447332,1.000963459630388,1.00095811940933,1.0009526729036904,1.00094712431813,1.0009414779365873,1.000935738118958,1.0009299092977209,1.000923995974496,1.0009180027165585,1.000911934153286,1.0009057949725686,1.0008995899171649,1.0008933237810123,1.000887001405503,1.000880627675712,1.0008742075166004,1.0008677458891782,1.0008612477866423,1.000854718230486,1.0008481622665903,1.00084158496129,1.0008349913974266,1.0008283866703869,1.000821775884138,1.0008151641472414,1.0008085565688796,1.0008019582548737,1.000795374303706,1.0007888098025481,0.0,0.0,0.0,0.0,0.0,0.0,0.0,0.0,0.0
0.0,0.0,0.0,0.0,0.0,0.0,1.0007810245635693,1.0007745239007169,1.0007680586816066,1.0007616338870968,1.0007552544670792,1.0007489253366966,1.0007426513725823,1.0007364374091252,1.0007302882347773,1.0007242085883767,1.0007182031555253,1.0007122765649914,1.00070643338516,1.0007006781205328,1.0006950152082639,1.0006894490147498,1.0006839838322779,1.0006786238757155,1.0006733732792756,1.0006682360933197,1.0006632162812417,1.000658317716405,1.0006535441791526,1.0006488993538798,1.0006443868261885,1.000640010080104,1.0006357724953747,1.0006316773448498,1.0006277277919315,1.0006239268881185,1.0006202775706248,1.000616782660092,1.0006134448583823,1.0006102667464694,1.000607250782418,1.0006043992994496,1.000601714504119,1.0005991984745712,1.0005968531589087,1.0005946803736474,1.0005926818022872,1.0005908589939696,1.0005892133622512,1.0005877461839756,1.0005864585982511,1.0005853516055399,1.000584426066843,1.0005836827030128,1.0005831220941541,1.0005827446791469,1.000582550755279,1.0005825404779833,1.000582713860691,1.0005830707747942,1.0005836109497208,1.000584333973118,1.0005852392911518,1.000586326208915,1.000587593890942,1.000589041361848,1.0005906675070593,1.0005924710736713,1.0005944506714004,1.0005966047736603,1.0005989317187312,1.0006014297110433,1.0006040968225653,1.000606930994298,1.0006099300378684,1.0006130916372298,1.00061641335046,1.0006198926116605,1.000623526732953,1.000627312906572,1.000631248207053,1.000635329593508,1.0006395539120048,1.000643917898019,1.000648418178984,1.000653051276923,1.0006578136111601,1.0006627015011171,1.0006677111691868,1.0006728387436752,1.0006780802618307,1.0006834316729283,1.0006888888414351,1.0006944475502313,1.000700103503902,1.0007058523320838,1.0007116895928716,1.0007176107762747,1.0007236113077362,1.000729686551688,1.0007358318151587,1.0007420423514266,1.0007483133637036,1.0007546400088705,1.0007610174012296,1.0007674406163027,1.0007739046946476,1.0007804046457056,0.0,0.0,0.0,0.0,0.0,0.0,0.0,0.0,0.0,0.0,0.0,0.0,0.0,0.0,0.0,0.0,0.0,0.0,0.0,0.0,0.0,0.0,0.0,0.0,0.0,0.0,0.0,0.0,0.0,0.0,0.0,0.0,0.0,0.0,0.0,0.0,0.0,0.0,0.0,0.0,0.0,0.0,0.0,0.0,0.0,0.0,0.0,0.0,0.0,0.0,0.0,0.0,0.0,0.0,0.0,0.0,0.0,0.0,0.0,0.0,0.0,0.0,0.0,0.0,0.0,0.0,0.0,0.0,0.0,0.0,0.0,0.0,0.0,0.0,0.0,0.0,0.0,0.0,0.0,0.0,0.0,0.0,0.0,0.0,0.0,0.0,0.0,0.0,0.0,0.0,0.0,0.0,0.0,0.0,0.0,0.0,0.0,0.0,0.0,0.0,0.0,0.0,0.0,0.0,0.0,0.0,0.0,0.0,0.0,0.0,0.0,0.0,0.0,0.0,0.0,0.0,0.0,0.0,0.0,0.0,0.0,0.0,0.0,0.0,1.000782269823302,1.0007757594186522,1.0007692836181308,1.000762847424209,1.000756455808404,1.000750113707415,1.0007438260192918,1.000737597599621,1.0007314332577728
0.0,0.0,0.0,0.0,0.0,0.0,0.0,0.0,0.0,0.0,0.0,0.0,0.0,0.0,0.0,0.0,0.0,0.0,0.0,0.0,0.0,0.0,0.0,0.0,0.0,0.0,0.0,0.0,0.0,0.0,0.0,0.0,0.0,0.0,0.0,0.0,0.0,0.0,0.0,0.0,0.0,0.0,0.0,0.0,0.0,0.0,0.0,0.0,0.0,0.0,0.0,0.0,0.0,0.0,0.0,0.0,0.0,0.0,0.0,0.0,0.0,0.0,0.0,0.0,0.0,0.0,0.0,0.0,0.0,0.0,0.0,0.0,0.0,0.0,0.0,0.0,0.0,0.0,0.0,0.0,0.0,0.0,0.0,0.0,0.0,0.0,0.0,0.0,0.0,0.0,0.0,0.0,0.0,0.0,0.0,0.0,0.0,0.0,0.0,0.0,0.0,0.0,0.0,0.0,0.0,0.0,0.0,0.0,0.0,0.0,0.0,0.0,0.0,0.0,0.0,0.0,0.0,0.0,0.0,0.0,0.0,0.0,0.0,0.0,0.0,0.0,0.0,0.0,0.0,0.0,0.0,0.0,0.0,0.0,0.0,0.0,0.0,0.0,0.0,0.0,0.9947211934247043,0.9947259493211438,0.9947305776569135,0.9947350748642798,0.9947394374765111,0.9947436621305427,0.9947477455695493,0.9947516846454458,0.9947554763212996,0.9947591176736614,0.9947626058948087,0.9947659382948983,0.9947691123040359,0.99477212547425,0.9947749754813722,0.9947776601268274,0.9947801773393237,0.9947825251764506,0.9947847018261765,0.9947867056082498,0.9947885349754925,0.9947901885150041,0.9947916649492548,0.994792963137078,0.9947940820745598,0.9947950208958247,0.9947957788737157,0.9947963554203656,0.9947967500876673,0.9947969625676343,0.9947969926926561,0.9947968404356433,0.9947965059100674,0.9947959893698959,0.9947952912094102,0.9947944119629327,0.994793352304425,0.9947921130470002,0.9947906951423084,0.9947890996798344,0.9947873278860729,0.9947853811236105,0.9947832608900944,0.9947809688170999,0.9947785066688946,0.9947758763410999,0.9947730798592475,0.9947701193772407,0.9947669971757096,0.9947637156602727,0.9947602773596973,0.994756684923969,0.9947529411222592,0.994749048840804,0.9947450110806946,0.9947408309555694,0.9947365116892248,0.9947320566131361,0.9947274691638957,0.9947227528805671,0.9947179114019586,0.0,0.0,0.0,0.0,0.0,0.0,0.0,0.0,0.0,0.0,0.0,0.0,0.0,0.0,0.0,0.0,0.0,0.0,0.0,0.0,0.0,0.0,0.0,0.0,0.0,0.0,0.0,0.0,0.0,0.0,0.0,0.0,0.0,0.0,0.0,0.0,0.0,0.0,0.0,0.0
0.9945606617263321,0.9945540964795736,0.9945475362547453,0.9945409861081839,0.9945344510884232,0.9945279362323303,0.9945214465612389,0.994514987077102,0.9945085627586572,0.9945021785576093,0.9944958393948327,0.9944895501565989,0.9944833156908268,0.9944771408033626,0.9944710302542947,0.9944649887542965,0.9944590209610127,0.9944531314754788,0.0,0.0,0.0,0.0,0.0,0.0,0.0,0.0,0.0,0.0,0.0,0.0,0.0,0.0,0.0,0.0,0.0,0.0,0.0,0.0,0.0,0.0,0.0,0.0,0.0,0.0,0.0,0.0,0.0,0.0,0.0,0.0,0.0,0.0,0.0,0.0,0.0,0.0,0.0,0.0,0.0,0.0,0.0,0.0,0.0,0.0,0.0,0.0,0.0,0.0,0.0,0.0,0.0,0.0,0.0,0.0,0.0,0.0,0.0,0.0,0.0,0.0,0.0,0.0,0.0,0.0,0.0,0.0,0.0,0.0,0.0,0.0,0.0,0.0,0.0,0.0,0.0,0.0,0.9944523898186993,0.9944582708020395,0.9944642307035125,0.9944702649212922,0.9944763687963538,0.9944825376160866,0.9944887666179458,0.994495050993145,0.9945013858903782,0.9945077664195813,0.9945141876557124,0.9945206446425678,0.9945271323966127,0.9945336459108369,0.9945401801586249,0.9945467300976398,0.994553290673718,0.9945598568247729,0.9945664234847001,0.9945729855872869,0.994579538070121,0.9945860758784906,0.9945925939692809,0.99459908731486,0.9946055509069485,0.9946119797604778,0.9946183689174231,0.994624713450615,0.9946310084675366,0.9946372491140749,0.9946434305782562,0.9946495480939418,0.994655596944487,0.9946615724663629,0.9946674700527364,0.9946732851570048,0.9946790132962826,0.9946846500548427,0.9946901910874995,0.9946956321229403,0.9947009689670034,0.9947061975058901,0.994711313709317,0.9947163136336054,0.0,0.0,0.0,0.0,0.0,0.0,0.0,0.0,0.0,0.0,0.0,0.0,0.0,0.0,0.0,0.0,0.0,0.0,0.0,0.0,0.0,0.0,0.0,0.0,0.0,0.0,0.0,0.0,0.0,0.0,0.0,0.0,0.0,0.0,0.0,0.0,0.0,0.0,0.0,0.0,0.0,0.0,0.0,0.0,0.0,0.0,0.0,0.0,0.0,0.0,0.0,0.0,0.0,0.0,0.0,0.0,0.0,0.0,0.0,0.0,0.0,0.9947129484638169,0.9947078678959493,0.9947026736192665,0.9946973696427535,0.9946919600603754,0.9946864490479093,0.9946808408597181,0.9946751398254581,0.9946693503467268,0.9946634768936558,0.994657524001447,0.9946514962668598,0.9946453983446459,0.994639234943943,0.9946330108246191,0.9946267307935828,0.994620399701049,0.9946140224367794,0.994607603926285,0.9946011491270006,0.994594663024438,0.994588150628312,0.9945816169686519,0.9945750670918944,0.9945685060569645,0.9945619389313456,0.9945553707871465,0.9945488066971613,0.9945422517309287,0.9945357109507988,0.9945291894080059,0.994522692138738,0.9945162241602419,0.99450979046692,0.9945033960264635,0.9944970457759971,0.9944907446182514,0.9944844974177673,0.9944783089971214,0.994472184133198
0.0,0.0,0.0,0.0,0.0,0.0,0.0,0.0,0.0,0.0,0.0,0.0,0.0,0.0,0.0,0.0,0.0,0.0,0.9944473248385863,0.9944416055275975,0.9944359779526982,0.9944304464536036,0.9944250152962267,0.9944196886693855,0.9944144706815843,0.9944093653578416,0.9944043766365914,0.99439950836664,0.9943947643042028,0.9943901481099946,0.9943856633464074,0.9943813134747553,0.9943771018525893,0.994373031731109,0.994369106252633,0.9943653284481677,0.9943617012350536,0.994358227414702,0.994354909670415,0.9943517505652985,0.9943487525402677,0.9943459179121428,0.9943432488718444,0.9943407474826802,0.9943384156787325,0.9943362552633441,0.9943342679077048,0.9943324551495397,0.9943308183918994,0.994329358902055,0.9943280778104983,0.994326976110047,0.9943260546550537,0.9943253141607309,0.9943247552025695,0.9943243782158812,0.9943241834954387,0.9943241711952306,0.9943243413283227,0.9943246937668321,0.9943252282420076,0.9943259443444248,0.9943268415242841,0.9943279190918265,0.9943291762178511,0.9943306119343448,0.9943322251352253,0.9943340145771808,0.9943359788806292,0.9943381165307751,0.9943404258787785,0.994342905143026,0.9943455524105038,0.9943483656382789,0.994351342655076,0.9943544811629617,0.9943577787391222,0.9943612328377408,0.9943648407919725,0.9943685998160119,0.9943725070072567,0.9943765593485574,0.994380753710564,0.9943850868541526,0.9943895554329419,0.9943941559958971,0.9943988849900038,0.9944037387630322,0.9944087135663779,0.9944138055579665,0.9944190108052463,0.9944243252882388,0.9944297449026633,0.9944352654631221,0.9944408827063562,0.9944465922945489,0.0,0.0,0.0,0.0,0.0,0.0,0.0,0.0,0.0,0.0,0.0,0.0,0.0,0.0,0.0,0.0,0.0,0.0,0.0,0.0,0.0,0.0,0.0,0.0,0.0,0.0,0.0,0.0,0.0,0.0,0.0,0.0,0.0,0.0,0.0,0.0,0.0,0.0,0.0,0.0,0.0,0.0,0.0,0.0,0.0,0.0,0.0,0.0,0.0,0.0,0.0,0.0,0.0,0.0,0.0,0.0,0.0,0.0,0.0,0.0,0.0,0.0,0.0,0.0,0.0,0.0,0.0,0.0,0.0,0.0,0.0,0.0,0.0,0.0,0.0,0.0,0.0,0.0,0.0,0.0,0.0,0.0,0.0,0.0,0.0,0.0,0.0,0.0,0.0,0.0,0.0,0.0,0.0,0.0,0.0,0.0,0.0,0.0,0.0,0.0,0.0,0.0,0.0,0.0,0.0,0.0,0.0,0.0,0.0,0.0,0.0,0.0,0.0,0.0,0.0,0.0,0.0,0.0,0.0,0.0,0.0,0.0,0.0,0.0,0.0,0.0,0.0,0.0,0.0,0.0,0.0,0.0,0.0,0.0,0.0,0.0,0.0,0.0,0.0,0.0,0.0,0.0,0.0,0.0,0.0
0.0,0.0,0.0,0.0,0.0,0.0,0.0,0.0,0.0,0.0,0.0,0.0,0.0,0.0,0.0,0.0,0.0,0.0,0.0,0.0,0.0,0.0,0.0,0.0,0.0,0.0,0.0,0.0,0.0,0.0,0.0,0.0,0.0,0.0,0.0,0.0,0.0,0.0,0.0,0.0,0.0,0.0,0.0,0.0,0.0,0.0,0.0,0.0,0.0,0.0,0.0,0.0,0.0,0.0,0.0,0.0,0.0,0.0,0.0,0.0,0.0,0.0,0.0,0.0,0.0,0.0,0.0,0.0,0.0,0.0,0.0,0.0,0.0,0.0,0.0,0.0,0.0,0.0,0.0,0.0,0.0,0.0,0.0,0.0,0.0,0.0,0.0,0.0,0.0,0.0,0.0,0.0,0.0,0.0,0.0,0.0,0.0,0.0,0.0,0.0,0.0,0.0,0.0,0.0,0.0,0.0,0.0,0.0,0.0,0.0,0.0,0.0,0.0,0.0,0.0,0.0,0.0,0.0,0.0,0.0,0.0,0.0,0.0,0.0,0.0,0.0,0.0,0.0,0.9884283576430735,0.9884342948088249,0.9884401546098291,0.9884459325269424,0.9884516241042323,0.9884572249524078,0.9884627307521895,0.9884681372576325,0.9884734402993899,0.988478635787916,0.9884837197166106,0.988488688164897,0.9884935373012373,0.9884982633860748,0.9885028627747077,0.9885073319200933,0.9885116673755716,0.9885158657975157,0.9885199239479019,0.9885238386967995,0.9885276070247796,0.9885312260252329,0.9885346929066112,0.9885380049945727,0.9885411597340379,0.9885441546911637,0.9885469875552133,0.9885496561403381,0.9885521583872627,0.9885544923648726,0.9885566562717082,0.9885586484373534,0.9885604673237278,0.9885621115262767,0.9885635797750586,0.9885648709357335,0.9885659840104402,0.988566918138577,0.9885676725974716,0.9885682468029461,0.9885686403097818,0.9885688528120684,0.9885688841434548,0.988568734277283,0.9885684033266295,0.9885678915442226,0.9885671993222636,0.9885663271921403,0.9885652758240242,0.9885640460263738,0.9885626387453215,0.9885610550639577,0.9885592962015108,0.9885573635124205,0.9885552584853043,0.9885529827418258,0.9885505380354571,0.9885479262501371,0.9885451493988299,0.988542209621988,0.9885391091859095,0.9885358504810031,0.9885324360199486,0.9885288684357783,0.9885251504798438,0.9885212850197085,0.9885172750369379,0.9885131236248098,0.9885088339859309,0.9885044094297695,0.9884998533701068,0.9884951693224052,0.988490360901099,0.9884854318168013,0.9884803858734443,0.9884752269653424,0.9884699590741826,0.988464586265949,0.9884591126877825,0.9884535425647714,0.988447880196687,0.9884421299546579,0.9884362962777862,0.9884303836697157,0.9884243966951423,0.0,0.0,0.0,0.0,0.0,0.0,0.0,0.0,0.0,0.0,0.0,0.0,0.0,0.0,0.0,0.0,0.0,0.0,0.0,0.0,0.0,0.0,0.0,0.0,0.0,0.0,0.0,0.0
0.9883341718759328,0.9883276495298616,0.9883211321265948,0.9883146246912575,0.9883081322412431,0.9883016597823553,0.9882952123049682,0.9882887947801848,0.9882824121560243,0.9882760693536183,0.9882697712634259,0.9882635227414814,0.9882573286056604,0.9882511936319731,0.9882451225508992,0.9882391200437484,0.9882331907390585,0.9882273392090398,0.9882215699660541,0.9882158874591485,0.9882102960706234,0.9882048001126686,0.9881994038240385,0.9881941113667843,0.9881889268230561,0.9881838541919497,0.9881788973864264,0.9881740602302989,0.9881693464552765,0.988164759698089,0.9881603034976776,0.0,0.0,0.0,0.0,0.0,0.0,0.0,0.0,0.0,0.0,0.0,0.0,0.0,0.0,0.0,0.0,0.0,0.0,0.0,0.0,0.0,0.0,0.0,0.0,0.0,0.0,0.0,0.0,0.0,0.0,0.0,0.0,0.0,0.0,0.0,0.0,0.0,0.0,0.0,0.0,0.0,0.0,0.0,0.0,0.0,0.0,0.0,0.0,0.0,0.0,0.0,0.0,0.9881596555204222,0.9881640929201256,0.9881686614529401,0.9881733575922584,0.9881781777129353,0.9881831180941026,0.9881881749220447,0.9881933442931564,0.9881986222169667,0.9882040046192277,0.9882094873450715,0.9882150661622293,0.988220736764307,0.9882264947741225,0.9882323357470906,0.9882382551746671,0.9882442484878395,0.9882503110606587,0.988256438213823,0.9882626252182938,0.9882688672989607,0.9882751596383258,0.9882814973802365,0.9882878756336348,0.9882942894763389,0.9883007339588481,0.9883072041081645,0.9883136949316371,0.9883202014208137,0.9883267185553111,0.9883332413066892,0.9883397646423291,0.9883462835293204,0.9883527929383396,0.9883592878475294,0.9883657632463722,0.9883722141395506,0.9883786355507973,0.9883850225267297,0.9883913701406657,0.9883976734964157,0.9884039277320584,0.9884101280236767,0.9884162695890746,0.9884223476914571,0.0,0.0,0.0,0.0,0.0,0.0,0.0,0.0,0.0,0.0,0.0,0.0,0.0,0.0,0.0,0.0,0.0,0.0,0.0,0.0,0.0,0.0,0.0,0.0,0.0,0.0,0.0,0.0,0.0,0.0,0.0,0.0,0.0,0.0,0.0,0.0,0.0,0.0,0.0,0.0,0.0,0.0,0.0,0.0,0.0,0.0,0.0,0.0,0.0,0.0,0.0,0.0,0.0,0.0,0.0,0.0,0.0,0.0,0.0,0.0,0.0,0.0,0.0,0.0,0.0,0.0,0.0,0.0,0.0,0.0,0.0,0.0,0.0,0.0,0.0,0.0,0.0,0.0,0.0,0.0,0.0,0.0,0.0,0.0,0.0,0.9884183399762824,0.9884122181892963,0.9884060360606624,0.9883997983635193,0.988393509913968,0.9883871755673417,0.9883808002144421,0.9883743887777515,0.9883679462076189,0.9883614774784226,0.9883549875847158,0.9883484815373582,0.9883419643596292,0.98833544108334,0.9883289167449318,0.988322396381573,0.9883158850272589,0.9883093877089122,0.988302909442487,0.9882964552290843,0.9882900300510828,0.9882836388682772,0.9882772866140408,0.9882709781915073,0.9882647184697773,0.9882585122801514,0.9882523644123904,0.9882462796110183
0.0,0.0,0.0,0.0,0.0,0.0,0.0,0.0,0.0,0.0,0.0,0.0,0.0,0.0,0.0,0.0,0.0,0.0,0.0,0.0,0.0,0.0,0.0,0.0,0.0,0.0,0.0,0.0,0.0,0.0,0.0,0.9881559812924658,0.9881517964176949,0.9881477521028569,0.9881438514691865,0.9881400975272561,0.9881364931746388,0.9881330411936686,0.9881297442492827,0.9881266048869577,0.9881236255307323,0.9881208084813278,0.9881181559143636,0.9881156698786606,0.9881133522946539,0.9881112049528942,0.9881092295126555,0.9881074275006376,0.9881058003097791,0.9881043491981663,0.9881030752880472,0.9881019795649566,0.9881010628769344,0.9881003259338663,0.988099769306916,0.9880993934280733,0.9880991985898109,0.9880991849448426,0.9880993525059958,0.9880997011461886,0.9881002305985236,0.9881009404564722,0.9881018301741897,0.9881028990669225,0.9881041463115314,0.9881055709471183,0.9881071718757605,0.9881089478633562,0.9881108975405684,0.9881130194038807,0.9881153118167552,0.9881177730108925,0.9881204010875954,0.9881231940192345,0.9881261496508149,0.9881292657016406,0.9881325397670787,0.9881359693204146,0.9881395517148117,0.988143284185357,0.9881471638512009,0.9881511877177859,0.9881553526791682,0.0,0.0,0.0,0.0,0.0,0.0,0.0,0.0,0.0,0.0,0.0,0.0,0.0,0.0,0.0,0.0,0.0,0.0,0.0,0.0,0.0,0.0,0.0,0.0,0.0,0.0,0.0,0.0,0.0,0.0,0.0,0.0,0.0,0.0,0.0,0.0,0.0,0.0,0.0,0.0,0.0,0.0,0.0,0.0,0.0,0.0,0.0,0.0,0.0,0.0,0.0,0.0,0.0,0.0,0.0,0.0,0.0,0.0,0.0,0.0,0.0,0.0,0.0,0.0,0.0,0.0,0.0,0.0,0.0,0.0,0.0,0.0,0.0,0.0,0.0,0.0,0.0,0.0,0.0,0.0,0.0,0.0,0.0,0.0,0.0,0.0,0.0,0.0,0.0,0.0,0.0,0.0,0.0,0.0,0.0,0.0,0.0,0.0,0.0,0.0,0.0,0.0,0.0,0.0,0.0,0.0,0.0,0.0,0.0,0.0,0.0,0.0,0.0,0.0,0.0,0.0,0.0,0.0,0.0,0.0,0.0,0.0,0.0,0.0,0.0,0.0,0.0,0.0,0.0,0.0,0.0,0.0,0.0,0.0,0.0,0.0,0.0,0.0,0.0,0.0,0.0,0.0,0.0,0.0,0.0,0.0,0.0,0.0,0.0,0.0,0.0,0.0,0.0,0.0,0.0,0.0,0.0,0.0
0.0,0.0,0.0,0.0,0.0,0.0,0.0,0.0,0.0,0.0,0.0,0.0,0.0,0.0,0.0,0.0,0.0,0.0,0.0,0.0,0.0,0.0,0.0,0.0,0.0,0.0,0.0,0.0,0.0,0.0,0.0,0.0,0.0,0.0,0.0,0.0,0.0,0.0,0.0,0.0,0.0,0.0,0.0,0.0,0.0,0.0,0.0,0.0,0.0,0.0,0.0,0.0,0.0,0.0,0.0,0.0,0.0,0.0,0.0,0.0,0.0,0.0,0.0,0.0,0.0,0.0,0.0,0.0,0.0,0.0,0.0,0.0,0.0,0.0,0.0,0.0,0.0,0.0,0.0,0.0,0.0,0.0,0.0,0.0,0.0,0.0,0.0,0.0,0.0,0.0,0.0,0.0,0.0,0.0,0.0,0.0,0.0,0.0,0.0,0.0,0.0,0.0,0.0,0.0,0.0,0.0,0.0,0.0,0.0,0.0,0.0,0.0,0.0,0.0,0.0,0.0,0.0,0.0,0.9821722042425626,0.9821786124785095,0.9821849914705474,0.9821913362974612,0.9821976420644554,0.9822039039069257,0.9822101169942105,0.9822162765333103,0.9822223777725845,0.9822284160054089,0.9822343865738031,0.9822402848720201,0.98224610635009,0.9822518465173293,0.982257500945795,0.9822630652736972,0.982268535208758,0.9822739065315149,0.9822791750985715,0.9822843368457876,0.982289387791407,0.9822943240391255,0.9822991417810898,0.9823038373008299,0.9823084069761203,0.9823128472817702,0.982317154792337,0.9823213261847671,0.9823253582409501,0.9823292478502046,0.9823329920116685,0.9823365878366143,0.9823400325506746,0.9823433234959802,0.9823464581332095,0.9823494340435468,0.9823522489305448,0.9823549006219012,0.9823573870711306,0.9823597063591487,0.9823618566957493,0.9823638364209926,0.9823656440064861,0.9823672780565664,0.9823687373093816,0.982370020637866,0.982371127050618,0.9823720556926696,0.9823728058461472,0.9823733769308367,0.9823737685046352,0.9823739802638999,0.9823740120436889,0.9823738638178954,0.9823735356992759,0.9823730279393726,0.9823723409283242,0.9823714751945781,0.9823704314044843,0.9823692103617977,0.9823678130070594,0.982366240416885,0.982364493803136,0.9823625745120005,0.9823604840229578,0.9823582239476465,0.9823557960286284,0.9823532021380517,0.9823504442762125,0.9823475245700204,0.9823444452713632,0.9823412087553743,0.9823378175186057,0.9823342741771082,0.9823305814644163,0.9823267422294433,0.9823227594342868,0.9823186361519447,0.9823143755639484,0.9823099809579081,0.9823054557249762,0.9823008033572331,0.9822960274449909,0.9822911316740215,0.9822861198227123,0.9822809957591463,0.982275763438117,0.9822704268980724,0.9822649902579907,0.9822594577142028,0.982253833537144,0.9822481220680557,0.9822423277156271,0.9822364549525869,0.9822305083122425,0.9822244923849766,0.9822184118146937,0.9822122712952284,0.9822060755667168,0.9821998294119221,0.9821935376525424,0.9821872051454732,0.9821808367790521,0.9821744374692785,0.9821680121560039,0.0,0.0,0.0,0.0,0.0,0.0,0.0,0.0,0.0,0.0,0.0,0.0,0.0,0.0,0.0,0.0,0.0,0.0
0.9821408892316768,0.9821344099647646,0.9821279355849891,0.9821214710854782,0.9821150214516858,0.982108591657552,0.9821021866616801,0.9820958114035165,0.9820894707995552,0.9820831697395532,0.9820769130827673,0.9820707056542174,0.9820645522409719,0.9820584575884661,0.9820524263968489,0.982046463317367,0.9820405729487839,0.9820347598338404,0.9820290284557571,0.9820233832347842,0.9820178285247978,0.9820123686099438,0.9820070077013444,0.9820017499338478,0.9819965993628457,0.9819915599611477,0.981986635615921,0.9819818301256895,0.9819771471974109,0.981972590443611,0.9819681633796021,0.9819638694207711,0.9819597118799384,0.981955693964806,0.9819518187754777,0.9819480893020652,0.981944508422378,0.9819410788996981,0.9819378033806472,0.9819346843931346,0.9819317243444061,0.9819289255191773,0.9819262900778682,0.9819238200549266,0.9819215173572533,0.9819193837627216,0.9819174209188012,0.9819156303412765,0.9819140134130708,0.9819125713831702,0.9819113053656533,0.9819102163388211,0.9819093051444368,0.9819085724870646,0.9819080189335225,0.981907644912432,0.9819074507138845,0.9819074364892058,0.9819076022508331,0.9819079478723,0.9819084730883263,0.9819091774950137,0.9819100605501561,0.9819111215736467,0.9819123597480026,0.9819137741189878,0.9819153635963448,0.9819171269546346,0.9819190628341727,0.9819211697420857,0.9819234460534494,0.9819258900125489,0.981928499734227,0.9819312732053422,0.9819342082863167,0.9819373027127923,0.9819405540973762,0.9819439599314831,0.9819475175872759,0.9819512243196925,0.9819550772685688,0.9819590734608463,0.9819632098128717,0.9819674831327809,0.981971890122963,0.9819764273826139,0.981981091410361,0.9819858786069711,0.9819907852781371,0.9819958076373279,0.9820009418087212,0.9820061838301974,0.9820115296564047,0.9820169751618828,0.9820225161442588,0.9820281483274899,0.9820338673651723,0.9820396688438995,0.9820455482866746,0.9820515011563697,0.9820575228592333,0.9820636087484381,0.9820697541276744,0.9820759542547768,0.9820822043453884,0.9820884995766566,0.9820948350909554,0.9821012059996428,0.9821076073868298,0.9821140343131795,0.982120481819719,0.9821269449316675,0.9821334186622773,0.9821398980166796,0.9821463779957409,0.9821528535999182,0.9821593198331176,0.9821657717065462,0.0,0.0,0.0,0.0,0.0,0.0,0.0,0.0,0.0,0.0,0.0,0.0,0.0,0.0,0.0,0.0,0.0,0.0,0.0,0.0,0.0,0.0,0.0,0.0,0.0,0.0,0.0,0.0,0.0,0.0,0.0,0.0,0.0,0.0,0.0,0.0,0.0,0.0,0.0,0.0,0.0,0.0,0.0,0.0,0.0,0.0,0.0,0.0,0.0,0.0,0.0,0.0,0.0,0.0,0.0,0.0,0.0,0.0,0.0,0.0,0.0,0.0,0.0,0.0,0.0,0.0,0.0,0.0,0.0,0.0,0.0,0.0,0.0,0.0,0.0,0.0,0.0,0.0,0.0,0.0,0.0,0.0,0.0,0.0,0.0,0.0,0.0,0.0,0.0,0.0,0.0,0.0,0.0,0.0,0.0,0.0,0.0,0.0,0.0,0.0,0.0,0.0,0.0,0.0,0.0,0.9821615657991127,0.9821551033746864,0.9821486298711481,0.9821421502854079,0.9821356696189929,0.9821291928741809,0.9821227250501274,0.9821162711390024,0.9821098361221261,0.9821034249661161,0.9820970426190514,0.9820906940066421,0.9820843840284208,0.9820781175539608,0.9820718994191064,0.9820657344222422,0.9820596273205788,0.9820535828264855
0.0,0.0,0.0,0.0,0.0,0.0,0.0,0.0,0.0,0.0,0.0,0.0,0.0,0.0,0.0,0.0,0.0,0.0,0.0,0.0,0.0,0.0,0.0,0.0,0.0,0.0,0.0,0.0,0.0,0.0,0.0,0.0,0.0,0.0,0.0,0.0,0.0,0.0,0.0,0.0,0.0,0.0,0.0,0.0,0.0,0.0,0.0,0.0,0.0,0.0,0.0,0.0,0.0,0.0,0.0,0.0,0.0,0.0,0.0,0.0,0.0,0.0,0.0,0.0,0.0,0.0,0.0,0.0,0.0,0.0,0.0,0.0,0.0,0.0,0.0,0.0,0.0,0.0,0.0,0.0,0.0,0.0,0.0,0.0,0.0,0.0,0.0,0.0,0.0,0.0,0.0,0.0,0.0,0.0,0.0,0.0,0.0,0.0,0.0,0.0,0.0,0.0,0.0,0.0,0.0,0.0,0.0,0.0,0.0,0.0,0.0,0.0,0.0,0.0,0.0,0.0,0.0,0.0,0.0,0.0,0.0,0.0,0.0,0.0,0.0,0.0,0.0,0.0,0.0,0.0,0.0,0.0,0.0,0.0,0.0,0.0,0.0,0.0,0.0,0.0,0.0,0.0,0.0,0.0,0.0,0.0,0.0,0.0,0.0,0.0,0.0,0.0,0.0,0.0,0.0,0.0,0.0,0.0,0.0,0.0,0.0,0.0,0.0,0.0,0.0,0.0,0.0,0.0,0.0,0.0,0.0,0.0,0.0,0.0,0.0,0.0,0.0,0.0,0.0,0.0,0.0,0.0,0.0,0.0,0.0,0.0,0.0,0.0,0.0,0.0,0.0,0.0,0.0,0.0,0.0,0.0,0.0,0.0,0.0,0.0,0.0,0.0,0.0,0.0,0.0,0.0,0.0,0.0,0.0,0.0,0.0,0.0,0.0,0.0,0.0,0.0,0.0,0.0,0.0,0.0,0.0,0.0,0.0,0.0,0.0,0.0,0.0,0.0,0.0,0.0,0.0,0.0,0.0,0.0,0.0,0.0,0.0,0.0,0.0,0.0,0.0
0.9759806862173093,0.9759742497961297,0.9759678182282121,0.9759613964744314,0.9759549894880309,0.0,0.0,0.0,0.0,0.0,0.0,0.0,0.0,0.0,0.0,0.0,0.0,0.0,0.0,0.0,0.0,0.0,0.0,0.0,0.0,0.0,0.0,0.0,0.0,0.0,0.0,0.0,0.0,0.0,0.0,0.0,0.0,0.0,0.0,0.0,0.0,0.0,0.0,0.0,0.0,0.0,0.0,0.0,0.0,0.0,0.0,0.0,0.0,0.0,0.0,0.0,0.0,0.0,0.0,0.0,0.0,0.0,0.0,0.0,0.0,0.0,0.0,0.0,0.0,0.0,0.0,0.0,0.0,0.0,0.0,0.0,0.0,0.0,0.0,0.0,0.0,0.0,0.0,0.0,0.0,0.0,0.0,0.0,0.0,0.0,0.0,0.0,0.0,0.0,0.0,0.0,0.0,0.0,0.0,0.0,0.0,0.0,0.0,0.0,0.0,0.0,0.0,0.0,0.0,0.9759540010955172,0.9759604057319582,0.975966825885302,0.9759732566020516,0.9759796929205815,0.975986129874961,0.9759925624987904,0.9759989858290289,0.9760053949098254,0.9760117847963414,0.9760181505585631,0.9760244872851052,0.9760307900870013,0.9760370541014693,0.9760432744956649,0.976049446470409,0.9760555652638878,0.9760616261553201,0.9760676244686048,0.976073555575921,0.9760794149012968,0.976085197924139,0.9760909001827169,0.9760965172776008,0.9761020448750576,0.9761074787103865,0.9761128145912106,0.9761180484007062,0.976123176100779,0.9761281937351751,0.9761330974325311,0.9761378834093597,0.9761425479729657,0.9761470875242934,0.9761514985607009,0.9761557776786629,0.9761599215763923,0.9761639270563868,0.9761677910278983,0.9761715105093125,0.9761750826304503,0.9761785046347828,0.9761817738815581,0.9761848878478359,0.976187844130439,0.9761906404478073,0.9761932746417558,0.9761957446791459,0.9761980486534516,0.9762001847862349,0.976202151428522,0.976203947062074,0.9762055703005619,0.976207019890643,0.9762082947129285,0.9762093937828484,0.9762103162514217,0.9762110614059083,0.9762116286703663,0.9762120176061027,0.976212227912012,0.9762122594248184,0.9762121121192007,0.9762117861078216,0.9762112816412438,0.9762105991077406,0.976209739033005,0.976208702079743,0.976207489047174,0.9762061008704134,0.9762045386197611,0.9762028034998744,0.9762008968488485,0.9761988201371863,0.9761965749666666,0.976194163069114,0.9761915863050685,0.9761888466623471,0.9761859462545204,0.976182887319279,0.9761796722167146,0.9761763034274965,0.9761727835509636,0.9761691153031173,0.9761653015145284,0.9761613451281537,0.9761572491970657,0.9761530168820971,0.9761486514494004,0.9761441562679276,0.9761395348068301,0.9761347906327796,0.976129927407212,0.976124948883504,0.976119858904069,0.9761146613973932,0.9761093603749988,0.976103959928343,0.9760984642256592,0.9760928775087339,0.9760872040896309,0.9760814483473544,0.9760756147244692,0.9760697077236624,0.9760637319042653,0.9760576918787288,0.976051592309056,0.9760454379032,0.976039233411422,0.9760329836226195,0.9760266933606265,0.976020367480479,0.976014010864668,0.9760076284193581,0.9760012250705987,0.9759948057605156,0.9759883754434895,0.9759819390823272,0.9759755016444258,0.9759690680979326,0.975962643407904,0.9759562325324738,0.0,0.0,0.0,0.0,0.0,0.0,0.0,0.0,0.0,0.0
0.0,0.0,0.0,0.0,0.0,0.9759486022108059,0.9759422395693,0.9759359064710094,0.975929607800604,0.9759233484161666,0.9759171331454511,0.9759109667821659,0.9759048540822821,0.9758987997603694,0.9758928084859682,0.975886884879992,0.9758810335111687,0.9758752588925226,0.9758695654778978,0.9758639576585288,0.9758584397596571,0.9758530160371985,0.9758476906744664,0.9758424677789473,0.9758373513791364,0.9758323454214344,0.9758274537671031,0.9758226801892913,0.975818028370129,0.9758135018978817,0.9758091042641894,0.9758048388613755,0.9758007089798226,0.9757967178054437,0.9757928684172167,0.9757891637848135,0.9757856067663058,0.9757822001059594,0.9757789464321174,0.9757758482551656,0.9757729079656012,0.9757701278321762,0.9757675100001553,0.9757650564896483,0.9757627691940534,0.9757606498785902,0.9757587001789386,0.9757569215999649,0.975755315514563,0.9757538831625898,0.9757526256499021,0.9757515439475022,0.9757506388907781,0.9757499111788628,0.975749361374082,0.9757489899015201,0.9757487970486878,0.9757487829652918,0.9757489476631196,0.975749291016022,0.9757498127600093,0.9757505124934469,0.9757513896773642,0.9757524436358669,0.9757536735566501,0.9757550784916278,0.9757566573576572,0.9757584089373711,0.975760331880116,0.9757624247029915,0.9757646857919913,0.9757671134032466,0.9757697056643688,0.9757724605758965,0.9757753760128314,0.9757784497262807,0.9757816793451912,0.9757850623781777,0.9757885962154438,0.9757922781307986,0.9757961052837587,0.9758000747217399,0.9758041833823372,0.9758084280956894,0.9758128055869243,0.9758173124786893,0.9758219452937567,0.9758267004577091,0.9758315743017021,0.9758365630652924,0.9758416628993459,0.975846869869007,0.975852179956739,0.975857589065425,0.9758630930215335,0.9758686875783389,0.9758743684192039,0.9758801311609073,0.9758859713570356,0.9758918845014112,0.975897866031572,0.9759039113322979,0.9759100157391678,0.9759161745421665,0.9759223829893162,0.9759286362903504,0.9759349296204052,0.975941258123747,0.975947616917521,0.0,0.0,0.0,0.0,0.0,0.0,0.0,0.0,0.0,0.0,0.0,0.0,0.0,0.0,0.0,0.0,0.0,0.0,0.0,0.0,0.0,0.0,0.0,0.0,0.0,0.0,0.0,0.0,0.0,0.0,0.0,0.0,0.0,0.0,0.0,0.0,0.0,0.0,0.0,0.0,0.0,0.0,0.0,0.0,0.0,0.0,0.0,0.0,0.0,0.0,0.0,0.0,0.0,0.0,0.0,0.0,0.0,0.0,0.0,0.0,0.0,0.0,0.0,0.0,0.0,0.0,0.0,0.0,0.0,0.0,0.0,0.0,0.0,0.0,0.0,0.0,0.0,0.0,0.0,0.0,0.0,0.0,0.0,0.0,0.0,0.0,0.0,0.0,0.0,0.0,0.0,0.0,0.0,0.0,0.0,0.0,0.0,0.0,0.0,0.0,0.0,0.0,0.0,0.0,0.0,0.0,0.0,0.0,0.0,0.0,0.0,0.0,0.0,0.0,0.0,0.0,0.0,0.0,0.0,0.0,0.0,0.0,0.9759498404190172,0.9759434720003277,0.9759371321908097,0.9759308258826802,0.9759245579421898,0.975918333205865,0.9759121564767713,0.9759060325208101,0.9758999660630303,0.975893961783989
0.0,0.0,0.0,0.0,0.0,0.0,0.0,0.0,0.0,0.0,0.0,0.0,0.0,0.0,0.0,0.0,0.0,0.0,0.0,0.0,0.0,0.0,0.0,0.0,0.0,0.0,0.0,0.0,0.0,0.0,0.0,0.0,0.0,0.0,0.0,0.0,0.0,0.0,0.0,0.0,0.0,0.0,0.0,0.0,0.0,0.0,0.0,0.0,0.0,0.0,0.0,0.0,0.0,0.0,0.0,0.0,0.0,0.0,0.0,0.0,0.0,0.0,0.0,0.0,0.0,0.0,0.0,0.0,0.0,0.0,0.0,0.0,0.0,0.0,0.0,0.0,0.0,0.0,0.0,0.0,0.0,0.0,0.0,0.0,0.0,0.0,0.0,0.0,0.0,0.0,0.0,0.0,0.0,0.0,0.0,0.0,0.0,0.0,0.0,0.0,0.0,0.0,0.0,0.0,0.0,0.0,0.0,0.0,0.0,0.0,0.0,0.0,0.0,0.0,0.0,0.0,0.0,0.0,0.0,0.0,0.0,0.0,0.0,0.0,0.0,0.0,0.0,0.0,0.0,0.0,0.0,0.0,0.0,0.0,0.0,0.0,0.0,0.0,0.0,0.0,0.0,0.0,0.0,0.0,0.0,0.0,0.9700355047827078,0.9700393429313214,0.9700430375269212,0.9700465857182146,0.9700499847668498,0.970053232049529,0.970056325060032,0.9700592614111544,0.9700620388365493,0.9700646551924783,0.9700671084594684,0.9700693967438698,0.9700715182793223,0.97007347142812,0.970075254682476,0.9700768666656884,0.970078306133206,0.9700795719735934,0.9700806632093868,0.9700815789978563,0.9700823186316538,0.9700828815393667,0.9700832672859592,0.9700834755731105,0.9700835062394513,0.9700833592606863,0.9700830347496223,0.9700825329560792,0.9700818542667002,0.9700809992046616,0.9700799684292652,0.9700787627354384,0.970077383053117,0.9700758304465373,0.9700741061134109,0.9700722113840063,0.9700701477201242,0.9700679167139701,0.9700655200869279,0.9700629596882353,0.9700602374935534,0.9700573556034482,0.9700543162417663,0.9700511217539236,0.9700477746050924,0.9700442773783005,0.970040632772439,0.9700368436001763,0.0,0.0,0.0,0.0,0.0,0.0,0.0,0.0,0.0,0.0,0.0,0.0,0.0,0.0,0.0,0.0,0.0,0.0,0.0,0.0,0.0,0.0,0.0,0.0,0.0,0.0,0.0,0.0,0.0,0.0,0.0,0.0,0.0,0.0,0.0,0.0,0.0,0.0,0.0,0.0,0.0,0.0,0.0,0.0,0.0,0.0,0.0
0.9698534385883547,0.9698470444755558,0.9698406551998556,0.9698342756899971,0.9698279108671237,0.9698215656409892,0.9698152449061703,0.9698089535382959,0.9698026963902928,0.9697964782886461,0.9697903040296758,0.9697841783758467,0.9697781060520982,0.0,0.0,0.0,0.0,0.0,0.0,0.0,0.0,0.0,0.0,0.0,0.0,0.0,0.0,0.0,0.0,0.0,0.0,0.0,0.0,0.0,0.0,0.0,0.0,0.0,0.0,0.0,0.0,0.0,0.0,0.0,0.0,0.0,0.0,0.0,0.0,0.0,0.0,0.0,0.0,0.0,0.0,0.0,0.0,0.0,0.0,0.0,0.0,0.0,0.0,0.0,0.0,0.0,0.0,0.0,0.0,0.0,0.0,0.0,0.0,0.0,0.0,0.0,0.0,0.0,0.0,0.0,0.0,0.0,0.0,0.0,0.0,0.0,0.0,0.0,0.0,0.0,0.0,0.0,0.0,0.0,0.0,0.0,0.0,0.0,0.0,0.0,0.0,0.9697772069561204,0.9697832712212981,0.9697893895157752,0.9697955571191452,0.9698017692729437,0.9698080211843152,0.969814308029715,0.9698206249586292,0.9698269670973179,0.9698333295525758,0.9698397074155063,0.9698460957653117,0.9698524896730877,0.9698588842056259,0.9698652744292229,0.9698716554134825,0.9698780222351225,0.9698843699817736,0.969890693755765,0.969896988677908,0.9699032498912559,0.9699094725648548,0.969915651897465,0.9699217831212724,0.9699278615055595,0.9699338823603576,0.9699398410400659,0.9699457329470332,0.9699515535351076,0.969957298313137,0.9699629628484433,0.9699685427702318,0.9699740337729733,0.969979431619715,0.9699847321453572,0.9699899312598622,0.9699950249514131,0.9700000092895049,0.9700048804279797,0.9700096346079936,0.9700142681609181,0.970018777511167,0.9700231591789592,0.9700274097830037,0.970031526043108,0.0,0.0,0.0,0.0,0.0,0.0,0.0,0.0,0.0,0.0,0.0,0.0,0.0,0.0,0.0,0.0,0.0,0.0,0.0,0.0,0.0,0.0,0.0,0.0,0.0,0.0,0.0,0.0,0.0,0.0,0.0,0.0,0.0,0.0,0.0,0.0,0.0,0.0,0.0,0.0,0.0,0.0,0.0,0.0,0.0,0.0,0.0,0.0,0.9700329127857904,0.9700288433629094,0.9700246384721689,0.970020301358789,0.970015835370066,0.9700112439527895,0.9700065306505787,0.9700016991011456,0.969996753033487,0.9699916962650008,0.9699865326985391,0.9699812663193932,0.9699759011922123,0.9699704414578663,0.9699648913302423,0.9699592550929945,0.9699535370962269,0.9699477417531374,0.969941873536606,0.9699359369757372,0.9699299366523623,0.9699238771974982,0.9699177632877682,0.9699115996417864,0.9699053910165176,0.9698991422035939,0.9698928580256178,0.9698865433324346,0.9698802029973854,0.9698738419135382,0.9698674649899133,0.9698610771476885,0.9698546833163959,0.9698482884301174,0.9698418974236689,0.9698355152287946,0.9698291467703529,0.9698227969625164,0.9698164707049759,0.9698101728791584,0.9698039083444558,0.9697976819344775,0.9697914984533142,0.9697853626718341,0.9697792793240012,0.0,0.0
0.0,0.0,0.0,0.0,0.0,0.0,0.0,0.0,0.0,0.0,0.0,0.0,0.0,0.9697720917422005,0.9697661400851506,0.9697602556715963,0.9697544430402978,0.9697487066746344,0.9697430509991448,0.9697374803761276,0.9697319991022679,0.9697266114053376,0.9697213214409319,0.9697161332892689,0.9697110509520468,0.9697060783493581,0.9697012193166676,0.9696964776018617,0.969691856862356,0.9696873606622743,0.9696829924697069,0.9696787556540343,0.9696746534833258,0.9696706891218303,0.9696668656275234,0.9696631859497606,0.9696596529269955,0.969656269284594,0.9696530376327323,0.96964996046438,0.9696470401533814,0.9696442789526187,0.9696416789922786,0.9696392422782032,0.9696369706903445,0.9696348659813123,0.9696329297750186,0.9696311635654267,0.9696295687153935,0.9696281464556173,0.9696268978836873,0.9696258239632336,0.9696249255231804,0.9696242032571067,0.969623657722705,0.9696232893413523,0.9696230983977794,0.9696230850398501,0.9696232492784425,0.9696235909874402,0.969624109903827,0.9696248056278827,0.969625677623493,0.9696267252185607,0.9696279476055172,0.969629343841947,0.9696309128513105,0.9696326534237723,0.9696345642171313,0.9696366437578561,0.9696388904422181,0.9696413025375241,0.9696438781834588,0.9696466153935073,0.969649512056495,0.9696525659382113,0.9696557746831312,0.9696591358162316,0.9696626467449005,0.9696663047609353,0.9696701070426311,0.9696740506569579,0.9696781325618195,0.9696823496084049,0.9696866985436138,0.9696911760125662,0.9696957785611913,0.9697005026388918,0.969705344601284,0.9697103007130075,0.9697153671506105,0.9697205400054956,0.9697258152869395,0.9697311889251702,0.9697366567745092,0.9697422146165655,0.9697478581634984,0.9697535830613192,0.9697593848932543,0.9697652591831534,0.9697712013989419,0.0,0.0,0.0,0.0,0.0,0.0,0.0,0.0,0.0,0.0,0.0,0.0,0.0,0.0,0.0,0.0,0.0,0.0,0.0,0.0,0.0,0.0,0.0,0.0,0.0,0.0,0.0,0.0,0.0,0.0,0.0,0.0,0.0,0.0,0.0,0.0,0.0,0.0,0.0,0.0,0.0,0.0,0.0,0.0,0.0,0.0,0.0,0.0,0.0,0.0,0.0,0.0,0.0,0.0,0.0,0.0,0.0,0.0,0.0,0.0,0.0,0.0,0.0,0.0,0.0,0.0,0.0,0.0,0.0,0.0,0.0,0.0,0.0,0.0,0.0,0.0,0.0,0.0,0.0,0.0,0.0,0.0,0.0,0.0,0.0,0.0,0.0,0.0,0.0,0.0,0.0,0.0,0.0,0.0,0.0,0.0,0.0,0.0,0.0,0.0,0.0,0.0,0.0,0.0,0.0,0.0,0.0,0.0,0.0,0.0,0.0,0.0,0.0,0.0,0.0,0.0,0.0,0.0,0.0,0.0,0.0,0.0,0.0,0.0,0.0,0.0,0.0,0.0,0.0,0.0,0.0,0.0,0.0,0.0,0.0,0.0,0.0,0.0,0.9697732531032163,0.9697672886587034
0.0,0.0,0.0,0.0,0.0,0.0,0.0,0.0,0.0,0.0,0.0,0.0,0.0,0.0,0.0,0.0,0.0,0.0,0.0,0.0,0.0,0.0,0.0,0.0,0.0,0.0,0.0,0.0,0.0,0.0,0.0,0.0,0.0,0.0,0.0,0.0,0.0,0.0,0.0,0.0,0.0,0.0,0.0,0.0,0.0,0.0,0.0,0.0,0.0,0.0,0.0,0.0,0.0,0.0,0.0,0.0,0.0,0.0,0.0,0.0,0.0,0.0,0.0,0.0,0.0,0.0,0.0,0.0,0.0,0.0,0.0,0.0,0.0,0.0,0.0,0.0,0.0,0.0,0.0,0.0,0.0,0.0,0.0,0.0,0.0,0.0,0.0,0.0,0.0,0.0,0.0,0.0,0.0,0.0,0.0,0.0,0.0,0.0,0.0,0.0,0.0,0.0,0.0,0.0,0.0,0.0,0.0,0.0,0.0,0.0,0.0,0.0,0.0,0.0,0.0,0.0,0.0,0.0,0.0,0.0,0.0,0.0,0.0,0.0,0.0,0.0,0.0,0.0,0.0,0.0,0.0,0.0,0.0,0.0,0.0,0.0,0.0,0.9638997514642902,0.9639047027977312,0.9639095416467577,0.963914264277141,0.9639188670442986,0.9639233463961125,0.9639276988756698,0.9639319211239321,0.9639360098823309,0.9639399619952795,0.963943774412612,0.9639474441919412,0.9639509685009254,0.9639543446194622,0.9639575699417833,0.9639606419784723,0.9639635583583852,0.963966316830482,0.963968915265569,0.9639713516579398,0.9639736241269274,0.9639757309183578,0.9639776704059073,0.9639794410923571,0.9639810416107516,0.9639824707254567,0.9639837273331178,0.963984810463506,0.9639857192802789,0.9639864530816209,0.9639870113007891,0.9639873935065562,0.9639875994035387,0.9639876288324334,0.9639874817701386,0.9639871583297751,0.9639866587606004,0.9639859834478175,0.9639851329122812,0.9639841078100948,0.9639829089321086,0.9639815372033058,0.9639799936820972,0.9639782795594957,0.9639763961582075,0.9639743449316064,0.9639721274626121,0.9639697454624736,0.9639672007694444,0.9639644953473665,0.9639616312841507,0.9639586107901708,0.9639554361965534,0.9639521099533759,0.9639486346277815,0.96394501290199,0.9639412475712306,0.9639373415415817,0.9639332978277271,0.9639291195506268,0.9639248099351071,0.9639203723073682,0.9639158100924181,0.9639111268114237,0.9639063260789906,0.9639014116003732,0.0,0.0,0.0,0.0,0.0,0.0,0.0,0.0,0.0,0.0,0.0,0.0,0.0,0.0,0.0,0.0,0.0,0.0,0.0,0.0,0.0,0.0,0.0,0.0,0.0,0.0,0.0,0.0,0.0,0.0,0.0,0.0,0.0,0.0,0.0,0.0,0.0,0.0
0.9637590240297806,0.9637526715014817,0.9637463238063674,0.9637399858414157,0.9637336624960308,0.9637273586482733,0.9637210791610986,0.9637148288786086,0.9637086126223204,0.9637024351874448,0.9636963013391946,0.9636902158091099,0.9636841832914131,0.9636782084393885,0.9636722958617989,0.9636664501193319,0.9636606757210867,0.9636549771210994,0.9636493587149069,0.9636438248361663,0.0,0.0,0.0,0.0,0.0,0.0,0.0,0.0,0.0,0.0,0.0,0.0,0.0,0.0,0.0,0.0,0.0,0.0,0.0,0.0,0.0,0.0,0.0,0.0,0.0,0.0,0.0,0.0,0.0,0.0,0.0,0.0,0.0,0.0,0.0,0.0,0.0,0.0,0.0,0.0,0.0,0.0,0.0,0.0,0.0,0.0,0.0,0.0,0.0,0.0,0.0,0.0,0.0,0.0,0.0,0.0,0.0,0.0,0.0,0.0,0.0,0.0,0.0,0.0,0.0,0.0,0.0,0.0,0.0,0.0,0.0,0.0,0.0,0.0,0.9636430683105761,0.9636485903647731,0.9636541975435757,0.963659885521343,0.9636656499100662,0.9636714862627529,0.9636773900768557,0.9636833567977476,0.963689381822235,0.963695460502108,0.9637015881477242,0.9637077600316308,0.9637139713922074,0.9637202174373416,0.9637264933481247,0.9637327942825709,0.9637391153793493,0.96374545176154,0.9637517985403911,0.9637581508190944,0.9637645036965592,0.963770852271199,0.9637771916447087,0.9637835169258446,0.9637898232342027,0.9637961057039761,0.9638023594877176,0.9638085797600746,0.9638147617215163,0.9638209006020312,0.9638269916648146,0.9638330302099194,0.9638390115778839,0.9638449311533281,0.9638507843685142,0.963856566706871,0.963862273706482,0.9638679009635264,0.9638734441356789,0.9638788989454603,0.9638842611835374,0.9638895267119774,0.9638946914674343,0.0,0.0,0.0,0.0,0.0,0.0,0.0,0.0,0.0,0.0,0.0,0.0,0.0,0.0,0.0,0.0,0.0,0.0,0.0,0.0,0.0,0.0,0.0,0.0,0.0,0.0,0.0,0.0,0.0,0.0,0.0,0.0,0.0,0.0,0.0,0.0,0.0,0.0,0.0,0.0,0.0,0.0,0.0,0.0,0.0,0.0,0.0,0.0,0.0,0.0,0.0,0.0,0.0,0.0,0.0,0.0,0.0,0.0,0.0,0.0,0.0,0.0,0.0,0.0,0.0,0.0,0.9638963871686101,0.9638912566615949,0.9638860240390816,0.9638806933396191,0.9638752686774414,0.9638697542392791,0.9638641542811321,0.9638584731249753,0.963852715155427,0.9638468848163525,0.9638409866074399,0.9638350250807175,0.9638290048370414,0.9638229305225369,0.9638168068250146,0.9638106384703446,0.9638044302188098,0.9637981868614269,0.9637919132162459,0.9637856141246304,0.9637792944475165,0.9637729590616609,0.9637666128558726,0.9637602607272417,0.9637539075773529,0.9637475583085051,0.9637412178199241,0.963734891003983,0.9637285827424227,0.9637222979025859,0.9637160413336592,0.9637098178629293,0.9637036322920616,0.9636974893933907,0.9636913939062409,0.9636853505332688,0.963679363936834,0.963673438735406
0.0,0.0,0.0,0.0,0.0,0.0,0.0,0.0,0.0,0.0,0.0,0.0,0.0,0.0,0.0,0.0,0.0,0.0,0.0,0.0,0.9636383797533108,0.9636330276662598,0.9636277727031883,0.9636226189173378,0.9636175702839003,0.9636126306969489,0.9636078039664424,0.9636030938152833,0.9635985038764574,0.9635940376902241,0.9635896987013952,0.9635854902566787,0.9635814156020961,0.9635774778804851,0.9635736801290737,0.9635700252771429,0.963566516143763,0.9635631554356263,0.963559945744958,0.9635568895475171,0.9635539892006886,0.9635512469416643,0.9635486648857214,0.9635462450245846,0.9635439892248987,0.9635418992267795,0.9635399766424788,0.9635382229551364,0.9635366395176359,0.9635352275515632,0.9635339881462597,0.9635329222579856,0.9635320307091753,0.9635313141878075,0.9635307732468709,0.9635304083039345,0.963530219640829,0.9635302074034224,0.963530371601508,0.9635307121087966,0.9635312286630102,0.9635319208660833,0.9635327881844671,0.9635338299495404,0.9635350453581226,0.9635364334730925,0.9635379932241053,0.9635397234084224,0.9635416226918307,0.9635436896096741,0.9635459225679799,0.9635483198446861,0.9635508795909677,0.9635535998326619,0.963556478471786,0.9635595132881587,0.9635627019411084,0.963566041971273,0.9635695308025023,0.9635731657438407,0.963576943991598,0.9635808626315152,0.9635849186410099,0.9635891088915028,0.9635934301508359,0.9635978790857609,0.963602452264507,0.9636071461594311,0.9636119571497375,0.9636168815242667,0.9636219154843604,0.96362705514679,0.9636322965467512,0.9636376356409205,0.0,0.0,0.0,0.0,0.0,0.0,0.0,0.0,0.0,0.0,0.0,0.0,0.0,0.0,0.0,0.0,0.0,0.0,0.0,0.0,0.0,0.0,0.0,0.0,0.0,0.0,0.0,0.0,0.0,0.0,0.0,0.0,0.0,0.0,0.0,0.0,0.0,0.0,0.0,0.0,0.0,0.0,0.0,0.0,0.0,0.0,0.0,0.0,0.0,0.0,0.0,0.0,0.0,0.0,0.0,0.0,0.0,0.0,0.0,0.0,0.0,0.0,0.0,0.0,0.0,0.0,0.0,0.0,0.0,0.0,0.0,0.0,0.0,0.0,0.0,0.0,0.0,0.0,0.0,0.0,0.0,0.0,0.0,0.0,0.0,0.0,0.0,0.0,0.0,0.0,0.0,0.0,0.0,0.0,0.0,0.0,0.0,0.0,0.0,0.0,0.0,0.0,0.0,0.0,0.0,0.0,0.0,0.0,0.0,0.0,0.0,0.0,0.0,0.0,0.0,0.0,0.0,0.0,0.0,0.0,0.0,0.0,0.0,0.0,0.0,0.0,0.0,0.0,0.0,0.0,0.0,0.0,0.0,0.0,0.0,0.0,0.0,0.0,0.0,0.0,0.0,0.0,0.0,0.0,0.0,0.0,0.0
0.0,0.0,0.0,0.0,0.0,0.0,0.0,0.0,0.0,0.0,0.0,0.0,0.0,0.0,0.0,0.0,0.0,0.0,0.0,0.0,0.0,0.0,0.0,0.0,0.0,0.0,0.0,0.0,0.0,0.0,0.0,0.0,0.0,0.0,0.0,0.0,0.0,0.0,0.0,0.0,0.0,0.0,0.0,0.0,0.0,0.0,0.0,0.0,0.0,0.0,0.0,0.0,0.0,0.0,0.0,0.0,0.0,0.0,0.0,0.0,0.0,0.0,0.0,0.0,0.0,0.0,0.0,0.0,0.0,0.0,0.0,0.0,0.0,0.0,0.0,0.0,0.0,0.0,0.0,0.0,0.0,0.0,0.0,0.0,0.0,0.0,0.0,0.0,0.0,0.0,0.0,0.0,0.0,0.0,0.0,0.0,0.0,0.0,0.0,0.0,0.0,0.0,0.0,0.0,0.0,0.0,0.0,0.0,0.0,0.0,0.0,0.0,0.0,0.0,0.0,0.0,0.0,0.0,0.0,0.0,0.0,0.0,0.0,0.0,0.0,0.0,0.0,0.0,0.0,0.0,0.9577999886080344,0.9578055791963223,0.9578110862115983,0.9578165054040937,0.9578218325917686,0.9578270636635395,0.9578321945824544,0.9578372213888107,0.9578421402032113,0.957846947229559,0.957851638757991,0.9578562111677418,0.9578606609299376,0.957864984610326,0.9578691788719229,0.9578732404775965,0.95787716629256,0.9578809532867995,0.9578845985374114,0.9578880992308589,0.9578914526651521,0.9578946562519266,0.9578977075184485,0.9579006041095275,0.9579033437893307,0.9579059244431147,0.9579083440788583,0.9579106008288014,0.9579126929508911,0.9579146188301273,0.9579163769798102,0.9579179660426911,0.9579193847920209,0.9579206321324998,0.9579217071011238,0.957922608867931,0.9579233367366438,0.9579238901452044,0.9579242686662162,0.9579244720072699,0.9579245000111745,0.9579243526560776,0.957924030055483,0.9579235324581661,0.9579228602479808,0.957922013943568,0.9579209941979487,0.957919801798029,0.957918437663986,0.9579169028485628,0.9579151985362534,0.9579133260423887,0.9579112868121229,0.957909082419315,0.9579067145653153,0.9579041850776526,0.9579014959086205,0.9578986491337698,0.9578956469503082,0.9578924916753996,0.9578891857443763,0.9578857317088592,0.9578821322347829,0.957878390100339,0.9578745081938278,0.9578704895114324,0.9578663371548957,0.9578620543291296,0.9578576443397393,0.9578531105904661,0.9578484565805612,0.9578436859020779,0.9578388022371028,0.9578338093549046,0.9578287111090271,0.9578235114343078,0.9578182143438405,0.9578128239258784,0.9578073443406661,0.9578017798172376,0.0,0.0,0.0,0.0,0.0,0.0,0.0,0.0,0.0,0.0,0.0,0.0,0.0,0.0,0.0,0.0,0.0,0.0,0.0,0.0,0.0,0.0,0.0,0.0,0.0,0.0,0.0,0.0,0.0,0.0,0.0
0.9576973208450843,0.957691009102555,0.9576847021957007,0.9576784049902275,0.95767212234429,0.9576658591047402,0.9576596201033953,0.9576534101533068,0.9576472340450553,0.9576410965430511,0.9576350023818658,0.9576289562625804,0.9576229628491617,0.9576170267648672,0.9576111525886808,0.9576053448517854,0.957599608034068,0.9575939465606684,0.957588364798567,0.9575828670532242,0.9575774575652538,0.9575721405071629,0.9575669199801338,0.9575618000108614,0.9575567845484524,0.9575518774613835,0.9575470825345163,0.4787712730110774,0.0,0.0,0.0,0.0,0.0,0.0,0.0,0.0,0.0,0.0,0.0,0.0,0.0,0.0,0.0,0.0,0.0,0.0,0.0,0.0,0.0,0.0,0.0,0.0,0.0,0.0,0.0,0.0,0.0,0.0,0.0,0.0,0.0,0.0,0.0,0.0,0.0,0.0,0.0,0.0,0.0,0.0,0.0,0.0,0.0,0.0,0.0,0.0,0.0,0.0,0.0,0.0,0.0,0.0,0.0,0.0,0.0,0.0,0.0,0.9575464945059371,0.957551275320363,0.9575561687644797,0.9575611710636841,0.957566278359367,0.9575714867118879,0.9575767921036115,0.9575821904420092,0.9575876775628089,0.9575932492332122,0.9575989011551507,0.9576046289686084,0.9576104282549782,0.9576162945404704,0.9576222232995659,0.9576282099585016,0.957634249898802,0.9576403384608382,0.9576464709474255,0.9576526426274415,0.9576588487394788,0.9576650844955186,0.9576713450846202,0.9576776256766351,0.9576839214259336,0.9576902274751395,0.9576965389588834,0.9577028510075498,0.9577091587510375,0.9577154573225188,0.9577217418621906,0.9577280075210262,0.9577342494645185,0.9577404628764072,0.9577466429623986,0.9577527849538634,0.957758884111516,0.9577649357290754,0.9577709351368935,0.9577768777055616,0.9577827588494825,0.9577885740304102,0.9577943187609523,0.0,0.0,0.0,0.0,0.0,0.0,0.0,0.0,0.0,0.0,0.0,0.0,0.0,0.0,0.0,0.0,0.0,0.0,0.0,0.0,0.0,0.0,0.0,0.0,0.0,0.0,0.0,0.0,0.0,0.0,0.0,0.0,0.0,0.0,0.0,0.0,0.0,0.0,0.0,0.0,0.0,0.0,0.0,0.0,0.0,0.0,0.0,0.0,0.0,0.0,0.0,0.0,0.0,0.0,0.0,0.0,0.0,0.0,0.0,0.0,0.0,0.0,0.0,0.0,0.0,0.0,0.0,0.0,0.0,0.0,0.0,0.0,0.0,0.0,0.0,0.0,0.0,0.0,0.0,0.0,0.9577961346501378,0.9577904131961164,0.9577846198707529,0.9577787591450506,0.9577728355419852,0.9577668536330051,0.9577608180345052,0.9577547334042604,0.9577486044378283,0.9577424358649238,0.9577362324457643,0.9577299989673974,0.9577237402400008,0.9577174610931707,0.9577111663721942,0.9577048609343033,0.9576985496449316,0.9576922373739543,0.9576859289919297,0.9576796293663408,0.9576733433578388,0.9576670758164909,0.9576608315780368,0.9576546154601591,0.9576484322587642,0.9576422867442842,0.9576361836579935,0.9576301277083545,0.9576241235673839,0.9576181758670474,0.9576122891956911
0.0,0.0,0.0,0.0,0.0,0.0,0.0,0.0,0.0,0.0,0.0,0.0,0.0,0.0,0.0,0.0,0.0,0.0,0.0,0.0,0.0,0.0,0.0,0.0,0.0,0.0,0.0,0.4787711304551062,0.9575378438653414,0.9575334072487819,0.9575290970384308,0.9575249165587056,0.9575208690339535,0.9575169575859727,0.9575131852315997,0.9575095548803876,0.9575060693323654,0.9575027312758777,0.9574995432855149,0.9574965078201283,0.9574936272209341,0.9574909037097108,0.9574883393870868,0.9574859362309185,0.9574836960947701,0.9574816207064814,0.9574797116668368,0.9574779704483313,0.9574763983940358,0.95747499671656,0.9574737664971178,0.957472708684696,0.957471824095316,0.9574711134114108,0.9574705771812939,0.957470215818737,0.9574700296026517,0.9574700186768708,0.9574701830500376,0.9574705225955986,0.957471037051902,0.9574717260223929,0.9574725889759215,0.9574736252471516,0.9574748340370705,0.9574762144136058,0.95747776531234,0.9574794855373312,0.9574813737620336,0.9574834285303188,0.9574856482575977,0.9574880312320388,0.9574905756158887,0.9574932794468858,0.9574961406397717,0.9574991569879003,0.9575023261649359,0.9575056457266423,0.9575091131127716,0.957512725649035,0.9575164805491606,0.9575203749170431,0.9575244057489758,0.9575285699359649,0.9575328642661249,0.957537285427155,0.957541830008892,0.0,0.0,0.0,0.0,0.0,0.0,0.0,0.0,0.0,0.0,0.0,0.0,0.0,0.0,0.0,0.0,0.0,0.0,0.0,0.0,0.0,0.0,0.0,0.0,0.0,0.0,0.0,0.0,0.0,0.0,0.0,0.0,0.0,0.0,0.0,0.0,0.0,0.0,0.0,0.0,0.0,0.0,0.0,0.0,0.0,0.0,0.0,0.0,0.0,0.0,0.0,0.0,0.0,0.0,0.0,0.0,0.0,0.0,0.0,0.0,0.0,0.0,0.0,0.0,0.0,0.0,0.0,0.0,0.0,0.0,0.0,0.0,0.0,0.0,0.0,0.0,0.0,0.0,0.0,0.0,0.0,0.0,0.0,0.0,0.0,0.0,0.0,0.0,0.0,0.0,0.0,0.0,0.0,0.0,0.0,0.0,0.0,0.0,0.0,0.0,0.0,0.0,0.0,0.0,0.0,0.0,0.0,0.0,0.0,0.0,0.0,0.0,0.0,0.0,0.0,0.0,0.0,0.0,0.0,0.0,0.0,0.0,0.0,0.0,0.0,0.0,0.0,0.0,0.0,0.0,0.0,0.0,0.0,0.0,0.0,0.0,0.0,0.0,0.0,0.0,0.0,0.0,0.0,0.0,0.0,0.0,0.0,0.0,0.0,0.0,0.0,0.0,0.0,0.0
0.0,0.0,0.0,0.0,0.0,0.0,0.0,0.0,0.0,0.0,0.0,0.0,0.0,0.0,0.0,0.0,0.0,0.0,0.0,0.0,0.0,0.0,0.0,0.0,0.0,0.0,0.0,0.0,0.0,0.0,0.0,0.0,0.0,0.0,0.0,0.0,0.0,0.0,0.0,0.0,0.0,0.0,0.0,0.0,0.0,0.0,0.0,0.0,0.0,0.0,0.0,0.0,0.0,0.0,0.0,0.0,0.0,0.0,0.0,0.0,0.0,0.0,0.0,0.0,0.0,0.0,0.0,0.0,0.0,0.0,0.0,0.0,0.0,0.0,0.0,0.0,0.0,0.0,0.0,0.0,0.0,0.0,0.0,0.0,0.0,0.0,0.0,0.0,0.0,0.0,0.0,0.0,0.0,0.0,0.0,0.0,0.0,0.0,0.0,0.0,0.0,0.0,0.0,0.0,0.0,0.0,0.0,0.0,0.0,0.0,0.0,0.0,0.0,0.0,0.0,0.0,0.0,0.0,0.0,0.0,0.0,0.0,0.0,0.0,0.0,0.9517414399642798,0.9517473444646778,0.9517531878991357,0.9517589657584038,0.9517646735837841,0.9517703069705705,0.9517758615714506,0.9517813330998612,0.9517867173333008,0.9517920101165858,0.9517972073650609,0.9518023050677547,0.9518072992904758,0.9518121861788518,0.9518169619613037,0.9518216229519627,0.9518261655535136,0.9518305862599757,0.9518348816594104,0.9518390484365558,0.9518430833753889,0.9518469833616108,0.9518507453850495,0.951854366541991,0.9518578440374166,0.9518611751871674,0.9518643574200172,0.9518673882796567,0.9518702654265963,0.9518729866399704,0.9518755498192562,0.951877952985896,0.9518801942848258,0.9518822719859104,0.951884184485283,0.9518859303065819,0.9518875081020908,0.9518889166537847,0.9518901548742716,0.9518912218076302,0.9518921166301526,0.9518928386509786,0.9518933873126325,0.9518937621914549,0.9518939629979289,0.9518939895769063,0.9518938419077261,0.9518935201042341,0.9518930244146928,0.9518923552215925,0.9518915130413548,0.9518904985239343,0.9518893124523179,0.9518879557419198,0.9518864294398746,0.951884734724227,0.9518828729030251,0.9518808454133078,0.9518786538199958,0.951876299814681,0.9518737852143222,0.9518711119598388,0.9518682821146129,0.9518652978628948,0.9518621615081144,0.951858875471103,0.9518554422882215,0.9518518646094014,0.9518481451960971,0.9518442869191505,0.9518402927565766,0.95183616579126,0.9518319092085712,0.9518275262939093,0.9518230204301599,0.9518183950950866,0.9518136538586344,0.9518088003801826,0.9518038384057101,0.9517987717649049,0.9517936043682037,0.9517883402037703,0.951782983334419,0.9517775378944686,0.951772008086557,0.9517663981783888,0.9517607124994409,0.9517549554376188,0.9517491314358679,0.9517432449887417,0.0,0.0,0.0,0.0,0.0,0.0,0.0,0.0,0.0,0.0,0.0,0.0,0.0,0.0,0.0,0.0,0.0,0.0,0.0,0.0,0.0,0.0,0.0,0.0,0.0,0.0
0.951668206879613,0.9516619351435496,0.9516556682466544,0.951649411023888,0.9516431683026785,0.9516369448991956,0.9516307456146404,0.9516245752315378,0.9516184385100529,0.9516123401843198,0.9516062849587877,0.9516002775045987,0.9515943224559846,0.9515884244066917,0.9515825879064428,0.9515768174574306,0.9515711175108436,0.9515654924634362,0.9515599466541435,0.9515544843607324,0.9515491097965072,0.9515438271070606,0.9515386403670826,0.9515335535772151,0.9515285706609745,0.9515236954617236,0.9515189317397121,0.9515142831691791,0.9515097533355232,0.9515053457325364,0.9515010637597152,0.9514969107196407,0.9514928898154323,0.951489004148284,0.9514852567150676,0.0,0.0,0.0,0.0,0.0,0.0,0.0,0.0,0.0,0.0,0.0,0.0,0.0,0.0,0.0,0.0,0.0,0.0,0.0,0.0,0.0,0.0,0.0,0.0,0.0,0.0,0.0,0.0,0.0,0.0,0.0,0.0,0.0,0.0,0.0,0.0,0.0,0.0,0.0,0.0,0.0,0.0,0.0,0.0,0.951484852233908,0.9514885842885599,0.9514924549047359,0.9514964610971441,0.9515005997758974,0.9515048677488903,0.951509261724262,0.9515137783129308,0.9515184140312054,0.9515231653034762,0.9515280284649603,0.9515329997645342,0.9515380753676232,0.9515432513591547,0.9515485237465785,0.9515538884629441,0.9515593413700343,0.9515648782615582,0.9515704948663899,0.9515761868518666,0.9515819498271263,0.9515877793464917,0.9515936709129011,0.9515996199813752,0.9516056219625237,0.9516116722260782,0.9516177661044717,0.9516238988964323,0.9516300658706114,0.9516362622692337,0.951642483311764,0.9516487241985987,0.9516549801147645,0.9516612462336376,0.9516675177206604,0.951673789737079,0.951680057443669,0.9516863160044766,0.9516925605905424,0.9516987863836346,0.9517049885799627,0.9517111623938853,0.9517173030616035,0.9517234058448392,0.9517294660344888,0.9517354789542594,0.0,0.0,0.0,0.0,0.0,0.0,0.0,0.0,0.0,0.0,0.0,0.0,0.0,0.0,0.0,0.0,0.0,0.0,0.0,0.0,0.0,0.0,0.0,0.0,0.0,0.0,0.0,0.0,0.0,0.0,0.0,0.0,0.0,0.0,0.0,0.0,0.0,0.0,0.0,0.0,0.0,0.0,0.0,0.0,0.0,0.0,0.0,0.0,0.0,0.0,0.0,0.0,0.0,0.0,0.0,0.0,0.0,0.0,0.0,0.0,0.0,0.0,0.0,0.0,0.0,0.0,0.0,0.0,0.0,0.0,0.0,0.0,0.0,0.0,0.0,0.0,0.0,0.0,0.0,0.0,0.0,0.0,0.0,0.0,0.0,0.0,0.0,0.0,0.0,0.0,0.9517373006389296,0.9517313029737486,0.9517252566216025,0.9517191662484094,0.9517130365539924,0.951706872268458,0.9517006781485403,0.9516944589739281,0.9516882195435786,0.9516819646720085,0.9516756991855799,0.9516694279187752,0.9516631557104641,0.9516568874001718,0.9516506278243405,0.9516443818125999,0.9516381541840409,0.951631949743494,0.951625773277826,0.9516196295522443,0.9516135233066214,0.9516074592518409,0.9516014420661593,0.9515954763916039,0.9515895668303849,0.9515837179413543
0.0,0.0,0.0,0.0,0.0,0.0,0.0,0.0,0.0,0.0,0.0,0.0,0.0,0.0,0.0,0.0,0.0,0.0,0.0,0.0,0.0,0.0,0.0,0.0,0.0,0.0,0.0,0.0,0.0,0.0,0.0,0.0,0.0,0.0,0.0,0.9514816504060324,0.951478188002571,0.9514748721750828,0.9514717054809105,0.951468690362375,0.9514658291448894,0.9514631240351692,0.9514605771195347,0.9514581903622983,0.9514559656042543,0.95145390456126,0.9514520088229138,0.9514502798513298,0.9514487189800094,0.9514473274128172,0.9514461062230506,0.9514450563526147,0.9514441786112906,0.9514434736761205,0.9514429420908761,0.9514425842656443,0.9514424004765123,0.9514423908653475,0.9514425554396959,0.9514428940727673,0.95144340650354,0.951444092336956,0.9514449510442278,0.9514459819632419,0.9514471842990708,0.9514485571245851,0.9514500993811643,0.951451809879515,0.9514536873005817,0.9514557301965687,0.95145793699205,0.9514603059851849,0.9514628353490273,0.9514655231329334,0.951468367264062,0.9514713655489759,0.9514745156753268,0.9514778152136374,0.9514812616191741,0.0,0.0,0.0,0.0,0.0,0.0,0.0,0.0,0.0,0.0,0.0,0.0,0.0,0.0,0.0,0.0,0.0,0.0,0.0,0.0,0.0,0.0,0.0,0.0,0.0,0.0,0.0,0.0,0.0,0.0,0.0,0.0,0.0,0.0,0.0,0.0,0.0,0.0,0.0,0.0,0.0,0.0,0.0,0.0,0.0,0.0,0.0,0.0,0.0,0.0,0.0,0.0,0.0,0.0,0.0,0.0,0.0,0.0,0.0,0.0,0.0,0.0,0.0,0.0,0.0,0.0,0.0,0.0,0.0,0.0,0.0,0.0,0.0,0.0,0.0,0.0,0.0,0.0,0.0,0.0,0.0,0.0,0.0,0.0,0.0,0.0,0.0,0.0,0.0,0.0,0.0,0.0,0.0,0.0,0.0,0.0,0.0,0.0,0.0,0.0,0.0,0.0,0.0,0.0,0.0,0.0,0.0,0.0,0.0,0.0,0.0,0.0,0.0,0.0,0.0,0.0,0.0,0.0,0.0,0.0,0.0,0.0,0.0,0.0,0.0,0.0,0.0,0.0,0.0,0.0,0.0,0.0,0.0,0.0,0.0,0.0,0.0,0.0,0.0,0.0,0.0,0.0,0.0,0.0,0.0,0.0,0.0,0.0,0.0,0.0,0.0,0.0,0.0,0.0,0.0,0.0,0.0,0.0,0.0,0.0,0.0,0.0
0.0,0.0,0.0,0.0,0.0,0.0,0.0,0.0,0.0,0.0,0.0,0.0,0.0,0.0,0.0,0.0,0.0,0.0,0.0,0.0,0.0,0.0,0.0,0.0,0.0,0.0,0.0,0.0,0.0,0.0,0.0,0.0,0.0,0.0,0.0,0.0,0.0,0.0,0.0,0.0,0.0,0.0,0.0,0.0,0.0,0.0,0.0,0.0,0.0,0.0,0.0,0.0,0.0,0.0,0.0,0.0,0.0,0.0,0.0,0.0,0.0,0.0,0.0,0.0,0.0,0.0,0.0,0.0,0.0,0.0,0.0,0.0,0.0,0.0,0.0,0.0,0.0,0.0,0.0,0.0,0.0,0.0,0.0,0.0,0.0,0.0,0.0,0.0,0.0,0.0,0.0,0.0,0.0,0.0,0.0,0.0,0.0,0.0,0.0,0.0,0.0,0.0,0.0,0.0,0.0,0.0,0.0,0.0,0.0,0.0,0.0,0.0,0.0,0.0,0.0,0.0,0.0,0.0,0.0,0.0,0.0,0.945720424771406,0.9457264890527834,0.9457325109791395,0.9457384859036588,0.9457444092157359,0.9457502763445327,0.9457560827625096,0.945761823988919,0.9457674955932656,0.9457730931987276,0.945778612485535,0.9457840491943048,0.9457893991293337,0.9457946581618304,0.9457998222331132,0.9458048873577395,0.9458098496265849,0.9458147052098613,0.9458194503600765,0.9458240814149295,0.9458285948001387,0.9458329870322011,0.9458372547210872,0.9458413945728573,0.9458454033922085,0.9458492780849399,0.9458530156603482,0.9458566132335355,0.9458600680276392,0.9458633773759777,0.9458665387241127,0.9458695496318203,0.9458724077749809,0.9458751109473722,0.9458776570623757,0.9458800441545915,0.9458822703813521,0.9458843340241532,0.9458862334899794,0.9458879673125344,0.9458895341533771,0.9458909328029544,0.9458921621815394,0.9458932213400609,0.9458941094608464,0.9458948258582449,0.9458953699791615,0.9458957414034872,0.9458959398444213,0.9458959651486956,0.9458958172966898,0.9458954964024506,0.945895002713603,0.9458943366111591,0.9458934986092232,0.9458924893545957,0.9458913096262733,0.9458899603348481,0.945888442521803,0.9458867573587058,0.9458849061463064,0.9458828903135326,0.9458807114163807,0.945878371136718,0.945875871280982,0.9458732137787842,0.945870400681417,0.9458674341602719,0.9458643165051583,0.945861050122536,0.9458576375336556,0.9458540813726084,0.945850384384292,0.945846549422289,0.9458425794466631,0.9458384775216678,0.9458342468133847,0.9458298905872696,0.9458254122056369,0.9458208151250571,0.9458161028936853,0.9458112791485231,0.9458063476126057,0.9458013120921288,0.9457961764735046,0.9457909447203598,0.9457856208704778,0.9457802090326737,0.9457747133836253,0.9457691381646434,0.9457634876783982,0.9457577662855952,0.9457519784016066,0.945746128493065,0.9457402210744086,0.9457342607043995,0.9457282519826001,0.9457221995458254,0.9457161080645592,0.0,0.0,0.0,0.0,0.0,0.0,0.0,0.0,0.0,0.0,0.0,0.0,0.0,0.0,0.0,0.0,0.0,0.0,0.0,0.0,0.0
0.9456715587628345,0.9456653263429053,0.9456590987622779,0.9456528808256549,0.9456466773302277,0.9456404930619771,0.945634332791983,0.9456282012727415,0.9456221032345025,0.9456160433816234,0.9456100263889351,0.9456040568981454,0.9455981395142546,0.9455922788020082,0.9455864792823739,0.9455807454290613,0.9455750816650696,0.9455694923592792,0.9455639818230828,0.9455585543070673,0.94555321399773,0.9455479650142581,0.945542811405353,0.9455377571461052,0.9455328061349413,0.9455279621906085,0.9455232290492396,0.9455186103614703,0.9455141096896302,0.9455097305049927,0.9455054761851059,0.945501350011186,0.945497355165592,0.9454934947293746,0.9454897716798982,0.945486188888553,0.9454827491185382,0.9454794550227361,0.9454763091416681,0.9454733139015353,0.9454704716123541,0.9454677844661714,0.9454652545353809,0.0,0.0,0.0,0.0,0.0,0.0,0.0,0.0,0.0,0.0,0.0,0.0,0.0,0.0,0.0,0.0,0.0,0.0,0.0,0.0,0.0,0.0,0.0,0.0,0.0,0.0,0.0,0.0,0.9454650162850199,0.9454675307875839,0.9454702027031823,0.9454730299712373,0.9454760104113472,0.9454791417249613,0.945482421497152,0.945485847198474,0.9454894161869147,0.9454931257099257,0.945496972906548,0.945500954809612,0.9455050683480255,0.945509310349139,0.945513677541191,0.9455181665558279,0.9455227739306981,0.9455274961121257,0.9455323294578413,0.9455372702397931,0.9455423146470212,0.9455474587885909,0.9455526986965945,0.9455580303292086,0.9455634495738088,0.9455689522501419,0.9455745341135461,0.9455801908582239,0.9455859181205635,0.9455917114824997,0.9455975664749231,0.9456034785811237,0.9456094432402766,0.9456154558509546,0.9456215117746829,0.9456276063395095,0.9456337348436115,0.9456398925589236,0.9456460747347806,0.9456522766015838,0.945658493374482,0.9456647202570589,0.945670952445036,0.9456771851299784,0.9456834135030038,0.9456896327584945,0.9456958380978027,0.9457020247329571,0.9457081878903554,0.9457143228144469,0.0,0.0,0.0,0.0,0.0,0.0,0.0,0.0,0.0,0.0,0.0,0.0,0.0,0.0,0.0,0.0,0.0,0.0,0.0,0.0,0.0,0.0,0.0,0.0,0.0,0.0,0.0,0.0,0.0,0.0,0.0,0.0,0.0,0.0,0.0,0.0,0.0,0.0,0.0,0.0,0.0,0.0,0.0,0.0,0.0,0.0,0.0,0.0,0.0,0.0,0.0,0.0,0.0,0.0,0.0,0.0,0.0,0.0,0.0,0.0,0.0,0.0,0.0,0.0,0.0,0.0,0.0,0.0,0.0,0.0,0.0,0.0,0.0,0.0,0.0,0.0,0.0,0.0,0.0,0.0,0.0,0.0,0.0,0.0,0.0,0.0,0.0,0.0,0.0,0.0,0.0,0.0,0.0,0.0,0.0,0.0,0.0,0.0,0.0,0.9457099822393518,0.945703826797188,0.9456976464878399,0.9456914460802002,0.9456852303586001,0.9456790041191173,0.9456727721658761,0.945666539307336,0.9456603103525842,0.9456540901076231,0.9456478833716637,0.9456416949334207,0.9456355295674178,0.9456293920303063,0.9456232870571946,0.9456172193579953,0.9456111936137919,0.9456052144732312,0.9455992865489367,0.9455934144139466,0.945587602598197
0.0,0.0,0.0,0.0,0.0,0.0,0.0,0.0,0.0,0.0,0.0,0.0,0.0,0.0,0.0,0.0,0.0,0.0,0.0,0.0,0.0,0.0,0.0,0.0,0.0,0.0,0.0,0.0,0.0,0.0,0.0,0.0,0.0,0.0,0.0,0.0,0.0,0.0,0.0,0.0,0.0,0.0,0.0,0.9454628837711223,0.945460674001782,0.9454586269315828,0.9454567441392705,0.9454550270768989,0.9454534770687109,0.9454520953101179,0.9454508828667793,0.9454498406737828,0.9454489695349186,0.9454482701220692,0.9454477429746801,0.9454473884993555,0.9454472069695365,0.9454471985252936,0.9454473631732172,0.9454477007864149,0.9454482111046054,0.9454488937343183,0.9454497481492021,0.9454507736904226,0.9454519695671726,0.9454533348572829,0.9454548685079283,0.9454565693364405,0.9454584360312179,0.9454604671527351,0.9454626611346522,0.0,0.0,0.0,0.0,0.0,0.0,0.0,0.0,0.0,0.0,0.0,0.0,0.0,0.0,0.0,0.0,0.0,0.0,0.0,0.0,0.0,0.0,0.0,0.0,0.0,0.0,0.0,0.0,0.0,0.0,0.0,0.0,0.0,0.0,0.0,0.0,0.0,0.0,0.0,0.0,0.0,0.0,0.0,0.0,0.0,0.0,0.0,0.0,0.0,0.0,0.0,0.0,0.0,0.0,0.0,0.0,0.0,0.0,0.0,0.0,0.0,0.0,0.0,0.0,0.0,0.0,0.0,0.0,0.0,0.0,0.0,0.0,0.0,0.0,0.0,0.0,0.0,0.0,0.0,0.0,0.0,0.0,0.0,0.0,0.0,0.0,0.0,0.0,0.0,0.0,0.0,0.0,0.0,0.0,0.0,0.0,0.0,0.0,0.0,0.0,0.0,0.0,0.0,0.0,0.0,0.0,0.0,0.0,0.0,0.0,0.0,0.0,0.0,0.0,0.0,0.0,0.0,0.0,0.0,0.0,0.0,0.0,0.0,0.0,0.0,0.0,0.0,0.0,0.0,0.0,0.0,0.0,0.0,0.0,0.0,0.0,0.0,0.0,0.0,0.0,0.0,0.0,0.0,0.0,0.0,0.0,0.0,0.0,0.0,0.0,0.0,0.0,0.0,0.0,0.0,0.0,0.0,0.0,0.0,0.0,0.0,0.0,0.0,0.0,0.0,0.0,0.0,0.0,0.0,0.0
0.0,0.0,0.0,0.0,0.0,0.0,0.0,0.0,0.0,0.0,0.0,0.0,0.0,0.0,0.0,0.0,0.0,0.0,0.0,0.0,0.0,0.0,0.0,0.0,0.0,0.0,0.0,0.0,0.0,0.0,0.0,0.0,0.0,0.0,0.0,0.0,0.0,0.0,0.0,0.0,0.0,0.0,0.0,0.0,0.0,0.0,0.0,0.0,0.0,0.0,0.0,0.0,0.0,0.0,0.0,0.0,0.0,0.0,0.0,0.0,0.0,0.0,0.0,0.0,0.0,0.0,0.0,0.0,0.0,0.0,0.0,0.0,0.0,0.0,0.0,0.0,0.0,0.0,0.0,0.0,0.0,0.0,0.0,0.0,0.0,0.0,0.0,0.0,0.0,0.0,0.0,0.0,0.0,0.0,0.0,0.0,0.0,0.0,0.0,0.0,0.0,0.0,0.0,0.0,0.0,0.0,0.0,0.0,0.0,0.0,0.0,0.0,0.0,0.0,0.0,0.0,0.0,0.0,0.939737589340519,0.939743714049349,0.9397498106776365,0.9397558745210821,0.9397619009006215,0.9397678851660346,0.9397738226995365,0.9397797089193427,0.9397855392832035,0.9397913092919135,0.939797014492783,0.9398026504830785,0.9398082129134191,0.9398136974911364,0.9398190999835914,0.9398244162214386,0.9398296421018506,0.939834773591683,0.9398398067305915,0.9398447376340917,0.9398495624965575,0.9398542775941605,0.9398588792877498,0.93986336402566,0.9398677283464566,0.9398719688816117,0.9398760823581025,0.9398800656009461,0.939883915535646,0.9398876291905742,0.939891203699264,0.9398946363026264,0.9398979243510804,0.9399010653066056,0.9399040567446959,0.9399068963562416,0.9399095819493102,0.9399121114508394,0.9399144829082444,0.9399166944909204,0.9399187444916628,0.9399206313279884,0.9399223535433535,0.9399239098082826,0.9399252989213965,0.9399265198103435,0.9399275715326219,0.9399284532763182,0.9399291643607262,0.939929704236878,0.9399300724879678,0.9399302688296757,0.939930293110385,0.9399301453113005,0.9399298255464663,0.9399293340626736,0.9399286712392709,0.9399278375878753,0.9399268337519717,0.9399256605064179,0.9399243187568463,0.9399228095389646,0.9399211340177516,0.9399192934865621,0.9399172893661227,0.939915123203436,0.939912796670586,0.939910311563444,0.9399076698002793,0.9399048734202788,0.9399019245819716,0.9398988255615589,0.9398955787511525,0.9398921866569345,0.9398886518972094,0.9398849772003881,0.9398811654028765,0.9398772194468857,0.9398731423781543,0.9398689373435987,0.9398646075888795,0.939860156455893,0.939855587380191,0.9398509038883243,0.9398461095951183,0.9398412082008802,0.9398362034885421,0.9398310993207346,0.9398258996368055,0.9398206084497771,0.9398152298432434,0.93980976796822,0.9398042270399327,0.9397986113345675,0.9397929251859629,0.9397871729822651,0.9397813591625406,0.9397754882133463,0.9397695646652664,0.939763593089412,0.9397575780938944,0.9397515243202657,0.939745436439936,0.939739319150569,0.9397331771724509,0.0,0.0,0.0,0.0,0.0,0.0,0.0,0.0,0.0,0.0,0.0,0.0,0.0,0.0,0.0,0.0,0.0,0.0
0.9397072514965441,0.9397010578333616,0.9396948690032628,0.9396886897810983,0.9396825249342347,0.9396763792188796,0.9396702573764124,0.9396641641297268,0.9396581041795867,0.9396520822010039,0.9396461028396313,0.9396401707081807,0.9396342903828676,0.9396284663998785,0.93962270325188,0.9396170053845491,0.9396113771931512,0.9396058230191472,0.9396003471468481,0.9395949538001185,0.9395896471391114,0.9395844312570683,0.9395793101771643,0.9395742878494037,0.9395693681475805,0.9395645548662925,0.9395598517180128,0.9395552623302355,0.9395507902426771,0.9395464389045494,0.939542211671903,0.9395381118050425,0.9395341424660117,0.9395303067161621,0.9395266075137889,0.9395230477118582,0.9395196300558046,0.9395163571814191,0.939513231612818,0.939510255760498,0.9395074319194792,0.9395047622675409,0.9395022488635394,0.9394998936458254,0.9394976984307495,0.9394956649112642,0.9394937946556188,0.9394920891061538,0.9394905495781862,0.9394891772590009,0.9394879732069321,0.9394869383505523,0.939486073487952,0.9394853792861304,0.9394848562804766,0.9394845048743607,0.9394843253388203,0.9394843178123544,0.9394844823008135,0.9394848186773981,0.9394853266827525,0.9394860059251673,0.9394868558808794,0.9394878758944754,0.9394890651793953,0.9394904228185401,0.9394919477649755,0.9394936388427393,0.9394954947477447,0.9394975140487892,0.9394996951886507,0.9395020364852906,0.9395045361331473,0.9395071922045277,0.9395100026510894,0.9395129653054219,0.9395160778827132,0.9395193379825089,0.9395227430905633,0.9395262905807753,0.9395299777172096,0.9395338016562056,0.9395377594485687,0.9395418480418396,0.9395460642826479,0.9395504049191419,0.9395548666034923,0.9395594458944716,0.9395641392601082,0.9395689430804042,0.9395738536501276,0.9395788671816665,0.9395839798079489,0.9395891875854194,0.939594486497086,0.9395998724556072,0.9396053413064496,0.9396108888310847,0.9396165107502465,0.9396222027272264,0.9396279603712159,0.939633779240695,0.9396396548468542,0.9396455826570576,0.939651558098334,0.9396575765609101,0.9396636334017567,0.9396697239481782,0.9396758435014083,0.9396819873402404,0.9396881507246655,0.9396943288995308,0.9397005170982063,0.9397067105462618,0.9397129044651511,0.9397190940758997,0.9397252746027895,0.9397314412770462,0.0,0.0,0.0,0.0,0.0,0.0,0.0,0.0,0.0,0.0,0.0,0.0,0.0,0.0,0.0,0.0,0.0,0.0,0.0,0.0,0.0,0.0,0.0,0.0,0.0,0.0,0.0,0.0,0.0,0.0,0.0,0.0,0.0,0.0,0.0,0.0,0.0,0.0,0.0,0.0,0.0,0.0,0.0,0.0,0.0,0.0,0.0,0.0,0.0,0.0,0.0,0.0,0.0,0.0,0.0,0.0,0.0,0.0,0.0,0.0,0.0,0.0,0.0,0.0,0.0,0.0,0.0,0.0,0.0,0.0,0.0,0.0,0.0,0.0,0.0,0.0,0.0,0.0,0.0,0.0,0.0,0.0,0.0,0.0,0.0,0.0,0.0,0.0,0.0,0.0,0.0,0.0,0.0,0.0,0.0,0.0,0.0,0.0,0.0,0.0,0.0,0.0,0.0,0.0,0.0,0.9397270152448531,0.9397208381223694,0.9397146505712477,0.9397084573657146,0.939702263284286,0.9396960731060854,0.9396898916071497,0.939683723556751,0.9396775737137129,0.9396714468227381,0.9396653476107537,0.9396592807832589,0.9396532510206987,0.9396472629748555,0.9396413212652556,0.9396354304756144,0.9396295951502944,0.9396238197908069
0.0,0.0,0.0,0.0,0.0,0.0,0.0,0.0,0.0,0.0,0.0,0.0,0.0,0.0,0.0,0.0,0.0,0.0,0.0,0.0,0.0,0.0,0.0,0.0,0.0,0.0,0.0,0.0,0.0,0.0,0.0,0.0,0.0,0.0,0.0,0.0,0.0,0.0,0.0,0.0,0.0,0.0,0.0,0.0,0.0,0.0,0.0,0.0,0.0,0.0,0.0,0.0,0.0,0.0,0.0,0.0,0.0,0.0,0.0,0.0,0.0,0.0,0.0,0.0,0.0,0.0,0.0,0.0,0.0,0.0,0.0,0.0,0.0,0.0,0.0,0.0,0.0,0.0,0.0,0.0,0.0,0.0,0.0,0.0,0.0,0.0,0.0,0.0,0.0,0.0,0.0,0.0,0.0,0.0,0.0,0.0,0.0,0.0,0.0,0.0,0.0,0.0,0.0,0.0,0.0,0.0,0.0,0.0,0.0,0.0,0.0,0.0,0.0,0.0,0.0,0.0,0.0,0.0,0.0,0.0,0.0,0.0,0.0,0.0,0.0,0.0,0.0,0.0,0.0,0.0,0.0,0.0,0.0,0.0,0.0,0.0,0.0,0.0,0.0,0.0,0.0,0.0,0.0,0.0,0.0,0.0,0.0,0.0,0.0,0.0,0.0,0.0,0.0,0.0,0.0,0.0,0.0,0.0,0.0,0.0,0.0,0.0,0.0,0.0,0.0,0.0,0.0,0.0,0.0,0.0,0.0,0.0,0.0,0.0,0.0,0.0,0.0,0.0,0.0,0.0,0.0,0.0,0.0,0.0,0.0,0.0,0.0,0.0,0.0,0.0,0.0,0.0,0.0,0.0,0.0,0.0,0.0,0.0,0.0,0.0,0.0,0.0,0.0,0.0,0.0,0.0,0.0,0.0,0.0,0.0,0.0,0.0,0.0,0.0,0.0,0.0,0.0,0.0,0.0,0.0,0.0,0.0,0.0,0.0,0.0,0.0,0.0,0.0,0.0,0.0,0.0,0.0,0.0,0.0,0.0,0.0,0.0,0.0,0.0,0.0,0.0
0.0,0.0,0.0,0.0,0.0,0.0,0.0,0.0,0.0,0.0,0.0,0.0,0.0,0.0,0.0,0.0,0.0,0.0,0.0,0.0,0.0,0.0,0.0,0.0,0.0,0.0,0.0,0.0,0.0,0.0,0.0,0.0,0.0,0.0,0.0,0.0,0.0,0.0,0.0,0.0,0.0,0.0,0.0,0.0,0.0,0.0,0.0,0.0,0.0,0.0,0.0,0.0,0.0,0.0,0.0,0.0,0.0,0.0,0.0,0.0,0.0,0.0,0.0,0.0,0.0,0.0,0.0,0.0,0.0,0.0,0.0,0.0,0.0,0.0,0.0,0.0,0.0,0.0,0.0,0.0,0.0,0.0,0.0,0.0,0.0,0.0,0.0,0.0,0.0,0.0,0.0,0.0,0.0,0.0,0.0,0.0,0.0,0.0,0.0,0.0,0.0,0.0,0.0,0.0,0.0,0.0,0.0,0.0,0.0,0.0,0.0,0.0,0.0,0.0,0.0,0.0,0.9337931106373767,0.933799239084583,0.9338053490209832,0.9338114357321285,0.9338174945214262,0.9338235207137616,0.9338295096591074,0.9338354567361133,0.9338413573556734,0.9338472069644679,0.9338530010484782,0.9338587351364738,0.9338644048034614,0.9338700056741046,0.9338755334260991,0.933880983793514,0.9338863525700833,0.9338916356124561,0.9338968288433946,0.9339019282549249,0.9339069299114326,0.9339118299527014,0.9339166245968975,0.9339213101434869,0.933925882976099,0.933930339565318,0.9339346764714089,0.9339388903469779,0.9339429779395555,0.9339469360941136,0.9339507617554981,0.9339544519707966,0.9339580038916147,0.93396141477628,0.9339646819919611,0.9339678030167017,0.9339707754413666,0.9339735969715139,0.9339762654291561,0.9339787787544527,0.9339811350072966,0.9339833323688178,0.9339853691427886,0.9339872437569336,0.9339889547641471,0.9339905008436094,0.9339918808018103,0.9339930935734715,0.9339941382223691,0.9339950139420594,0.9339957200565006,0.9339962560205761,0.9339966214205173,0.9339968159742219,0.9339968395314736,0.9339966920740579,0.9339963737157756,0.9339958847023547,0.9339952254112642,0.9339943963514178,0.9339933981627806,0.9339922316158806,0.9339908976112044,0.9339893971785093,0.9339877314760211,0.9339859017895411,0.933983909531455,0.933981756239636,0.9339794435762587,0.9339769733265164,0.9339743473972362,0.9339715678154097,0.9339686367266231,0.9339655563934006,0.9339623291934545,0.9339589576178495,0.9339554442690747,0.9339517918590323,0.9339480032069442,0.9339440812371722,0.9339400289769566,0.9339358495540772,0.9339315461944373,0.9339271222195714,0.933922581044077,0.9339179261729752,0.9339131611990066,0.9339082897998502,0.933903315735289,0.9338982428442972,0.9338930750420795,0.933887816317047,0.9338824707277326,0.933877042399662,0.9338715355221581,0.9338659543451162,0.9338603031757129,0.9338545863750847,0.9338488083549591,0.9338429735742464,0.9338370865355994,0.9338311517819332,0.9338251738929212,0.9338191574814583,0.9338131071900994,0.9338070276874759,0.9338009236646911,0.9337947998317018,0.9337886609136801,0.0,0.0,0.0,0.0,0.0,0.0,0.0,0.0,0.0,0.0,0.0,0.0,0.0,0.0,0.0,0.0
0.9337751583663181,0.9337690030469663,0.9337628525465884,0.933756711610489,0.9337505849765242,0.9337444773714474,0.9337383935072616,0.9337323380775844,0.9337263157540314,0.9337203311826106,0.9337143889801375,0.9337084937306819,0.9337026499820252,0.9336968622421583,0.9336911349758066,0.933685472600984,0.9336798794855907,0.9336743599440436,0.9336689182339513,0.9336635585528348,0.9336582850348862,0.9336531017477886,0.9336480126895785,0.9336430217855626,0.9336381328852978,0.9336333497596196,0.9336286760977404,0.9336241155044049,0.9336196714971121,0.9336153475034074,0.9336111468582391,0.9336070728013945,0.9336031284749933,0.933599316921081,0.9335956410792744,0.9335921037845027,0.9335887077648213,0.9335854556393139,0.9335823499160701,0.9335793929902578,0.9335765871422771,0.933573934536003,0.9335714372171205,0.9335690971115487,0.9335669160239557,0.9335648956363721,0.9335630375068925,0.9335613430684764,0.9335598136278458,0.933558450364479,0.933557254329699,0.93355622644587,0.9335553675056787,0.9335546781715318,0.9335541589750419,0.9335538103166166,0.9335536324651542,0.9335536255578338,0.9335537896000091,0.9335541244652061,0.9335546298952199,0.9335553055003109,0.933556150759508,0.9335571650210089,0.9335583475026799,0.9335596972926599,0.9335612133500628,0.9335628945057769,0.9335647394633657,0.9335667468000685,0.9335689149678916,0.933571242294805,0.9335737269860263,0.9335763671254036,0.933579160676892,0.9335821054861203,0.933585199282053,0.9335884396787348,0.9335918241771315,0.9335953501670551,0.9335990149291707,0.9336028156370951,0.9336067493595712,0.9336108130627276,0.9336150036124151,0.9336193177766214,0.9336237522279598,0.9336283035462343,0.9336329682210747,0.9336377426546401,0.9336426231643917,0.9336476059859322,0.9336526872759031,0.9336578631149495,0.9336631295107394,0.9336684824010412,0.9336739176568554,0.9336794310855931,0.9336850184343141,0.9336906753929999,0.93369639759788,0.9337021806347932,0.9337080200425922,0.9337139113165852,0.9337198499120043,0.9337258312475172,0.9337318507087515,0.9337379036518603,0.9337439854071006,0.9337500912824346,0.9337562165671514,0.9337623565354969,0.933768506450322,0.9337746615667357,0.9337808171357672,0.9337869684080276,0.0,0.0,0.0,0.0,0.0,0.0,0.0,0.0,0.0,0.0,0.0,0.0,0.0,0.0,0.0,0.0,0.0,0.0,0.0,0.0,0.0,0.0,0.0,0.0,0.0,0.0,0.0,0.0,0.0,0.0,0.0,0.0,0.0,0.0,0.0,0.0,0.0,0.0,0.0,0.0,0.0,0.0,0.0,0.0,0.0,0.0,0.0,0.0,0.0,0.0,0.0,0.0,0.0,0.0,0.0,0.0,0.0,0.0,0.0,0.0,0.0,0.0,0.0,0.0,0.0,0.0,0.0,0.0,0.0,0.0,0.0,0.0,0.0,0.0,0.0,0.0,0.0,0.0,0.0,0.0,0.0,0.0,0.0,0.0,0.0,0.0,0.0,0.0,0.0,0.0,0.0,0.0,0.0,0.0,0.0,0.0,0.0,0.0,0.0,0.0,0.0,0.0,0.0,0.0,0.0,0.0,0.0,0.0,0.0,0.9337825116473693,0.9337763567774255,0.9337702010527607,0.9337640492228738,0.9337579060341876,0.9337517762263892,0.9337456645287696,0.933739575656577,0.9337335143073813,0.9337274851574453,0.933721492858125,0.9337155420322776,0.9337096372706948,0.9337037831285704,0.9336979841219764,0.9336922447243903
0.0,0.0,0.0,0.0,0.0,0.0,0.0,0.0,0.0,0.0,0.0,0.0,0.0,0.0,0.0,0.0,0.0,0.0,0.0,0.0,0.0,0.0,0.0,0.0,0.0,0.0,0.0,0.0,0.0,0.0,0.0,0.0,0.0,0.0,0.0,0.0,0.0,0.0,0.0,0.0,0.0,0.0,0.0,0.0,0.0,0.0,0.0,0.0,0.0,0.0,0.0,0.0,0.0,0.0,0.0,0.0,0.0,0.0,0.0,0.0,0.0,0.0,0.0,0.0,0.0,0.0,0.0,0.0,0.0,0.0,0.0,0.0,0.0,0.0,0.0,0.0,0.0,0.0,0.0,0.0,0.0,0.0,0.0,0.0,0.0,0.0,0.0,0.0,0.0,0.0,0.0,0.0,0.0,0.0,0.0,0.0,0.0,0.0,0.0,0.0,0.0,0.0,0.0,0.0,0.0,0.0,0.0,0.0,0.0,0.0,0.0,0.0,0.0,0.0,0.0,0.0,0.0,0.0,0.0,0.0,0.0,0.0,0.0,0.0,0.0,0.0,0.0,0.0,0.0,0.0,0.0,0.0,0.0,0.0,0.0,0.0,0.0,0.0,0.0,0.0,0.0,0.0,0.0,0.0,0.0,0.0,0.0,0.0,0.0,0.0,0.0,0.0,0.0,0.0,0.0,0.0,0.0,0.0,0.0,0.0,0.0,0.0,0.0,0.0,0.0,0.0,0.0,0.0,0.0,0.0,0.0,0.0,0.0,0.0,0.0,0.0,0.0,0.0,0.0,0.0,0.0,0.0,0.0,0.0,0.0,0.0,0.0,0.0,0.0,0.0,0.0,0.0,0.0,0.0,0.0,0.0,0.0,0.0,0.0,0.0,0.0,0.0,0.0,0.0,0.0,0.0,0.0,0.0,0.0,0.0,0.0,0.0,0.0,0.0,0.0,0.0,0.0,0.0,0.0,0.0,0.0,0.0,0.0,0.0,0.0,0.0,0.0,0.0,0.0,0.0,0.0,0.0,0.0,0.0,0.0,0.0,0.0,0.0,0.0,0.0,0.0
0.0,0.0,0.0,0.0,0.0,0.0,0.0,0.0,0.0,0.0,0.0,0.0,0.0,0.0,0.0,0.0,0.0,0.0,0.0,0.0,0.0,0.0,0.0,0.0,0.0,0.0,0.0,0.0,0.0,0.0,0.0,0.0,0.0,0.0,0.0,0.0,0.0,0.0,0.0,0.0,0.0,0.0,0.0,0.0,0.0,0.0,0.0,0.0,0.0,0.0,0.0,0.0,0.0,0.0,0.0,0.0,0.0,0.0,0.0,0.0,0.0,0.0,0.0,0.0,0.0,0.0,0.0,0.0,0.0,0.0,0.0,0.0,0.0,0.0,0.0,0.0,0.0,0.0,0.0,0.0,0.0,0.0,0.0,0.0,0.0,0.0,0.0,0.0,0.0,0.0,0.0,0.0,0.0,0.0,0.0,0.0,0.0,0.0,0.0,0.0,0.0,0.0,0.0,0.0,0.0,0.0,0.0,0.0,0.0,0.0,0.0,0.0,0.0,0.0,0.9278807944734611,0.9278869076900117,0.9278930119122952,0.9278991024304012,0.9279051745449279,0.9279112235706051,0.92791724483991,0.9279232337066727,0.9279291855496588,0.9279350957761372,0.9279409598254267,0.9279467731724169,0.9279525313310591,0.9279582298578324,0.9279638643551722,0.927969430474868,0.9279749239214191,0.9279803404553537,0.9279856758964997,0.9279909261272162,0.9279960870955721,0.928001154818477,0.9280061253847545,0.9280109949581675,0.9280157597803806,0.9280204161738599,0.9280249605447195,0.9280293893854942,0.9280336992778512,0.9280378868952319,0.9280419490054191,0.9280458824730398,0.928049684261982,0.9280533514377459,0.9280568811697104,0.928060270733319,0.9280635175121872,0.928066619000125,0.9280695728030721,0.9280723766409503,0.9280750283494257,0.9280775258815802,0.928079867309497,0.9280820508257459,0.9280840747447845,0.9280859375042623,0.9280876376662247,0.9280891739182269,0.9280905450743477,0.9280917500761088,0.9280927879932896,0.9280936580246503,0.928094359498547,0.9280948918734544,0.9280952547383854,0.9280954478132053,0.9280954709488503,0.9280953241274439,0.9280950074623089,0.9280945211978819,0.9280938657095218,0.9280930415032236,0.9280920492152207,0.9280908896115009,0.92808956358721,0.9280880721659588,0.9280864164990341,0.9280845978645084,0.9280826176662507,0.9280804774328424,0.928078178816395,0.9280757235912741,0.9280731136527254,0.9280703510154114,0.9280674378118545,0.928064376290789,0.9280611688154173,0.9280578178615931,0.9280543260159005,0.9280506959736561,0.9280469305368264,0.9280430326118634,0.9280390052074577,0.9280348514322122,0.9280305744922402,0.9280261776886904,0.9280216644151918,0.9280170381552362,0.9280123024794811,0.9280074610429971,0.9280025175824389,0.927997475913162,0.9279923399262706,0.9279871135856199,0.9279818009247437,0.9279764060437485,0.9279709331061401,0.9279653863356112,0.9279597700127792,0.9279540884718775,0.927948346097413,0.9279425473207774,0.9279366966168262,0.927930798500424,0.9279248575229582,0.9279188782688259,0.9279128653518951,0.9279068234119426,0.9279007571110711,0.9278946711301159,0.9278885701650239,0.9278824589232393,0.0,0.0,0.0,0.0,0.0,0.0,0.0,0.0,0.0,0.0,0.0,0.0,0.0,0.0,0.0
0.927875151117008,0.9278690338682506,0.9278629214162641,0.927856818477014,0.9278507297590572,0.9278446599599091,0.927838613762422,0.92783259583117,0.9278266108088524,0.9278206633127142,0.9278147579309851,0.9278088992193401,0.9278030916973872,0.9277973398451823,0.9277916480997761,0.9277860208517922,0.9277804624420416,0.9277749771581778,0.9277695692313902,0.9277642428331465,0.9277590020719702,0.92775385099028,0.9277487935612738,0.9277438336858623,0.9277389751896699,0.9277342218200801,0.9277295772433513,0.9277250450417904,0.9277206287109956,0.9277163316571582,0.9277121571944434,0.9277081085424341,0.9277041888236508,0.9277004010611491,0.927696748176186,0.9276932329859742,0.927689858201509,0.9276866264254823,0.9276835401502781,0.9276806017560506,0.927677813508893,0.9276751775590911,0.9276726959394688,0.9276703705638207,0.9276682032254411,0.9276661955957393,0.9276643492229542,0.9276626655309642,0.9276611458181856,0.9276597912565784,0.9276586028907405,0.9276575816371042,0.9276567282832294,0.927656043487199,0.927655527777112,0.9276551815506742,0.927655005074894,0.9276549984858784,0.927655161788723,0.9276554948575144,0.9276559974354224,0.9276566691348989,0.9276575094379762,0.9276585176966672,0.927659693133461,0.9276610348419269,0.9276625417874054,0.9276642128078101,0.92766604661452,0.9276680417933729,0.927670196805753,0.9276725099897773,0.927674979561573,0.9276776036166539,0.9276803801313847,0.9276833069645396,0.9276863818589545,0.9276896024432599,0.927692966233711,0.9276964706361007,0.9277001129477553,0.9277038903596169,0.9277077999584107,0.9277118387288834,0.9277160035561298,0.9277202912279904,0.9277246984375284,0.927729221785574,0.927733857783346,0.9277386028551384,0.927743453341076,0.9277484054999358,0.9277534555120261,0.9277585994821356,0.9277638334425296,0.9277691533560111,0.9277745551190334,0.9277800345648594,0.9277855874667758,0.9277912095413525,0.9277968964517396,0.9278026438110178,0.9278084471855739,0.9278143020985239,0.9278202040331616,0.9278261484364456,0.9278321307225039,0.9278381462761784,0.9278441904565771,0.9278502586006566,0.9278563460268201,0.9278624480385256,0.9278685599279104,0.927874676979423,0.0,0.0,0.0,0.0,0.0,0.0,0.0,0.0,0.0,0.0,0.0,0.0,0.0,0.0,0.0,0.0,0.0,0.0,0.0,0.0,0.0,0.0,0.0,0.0,0.0,0.0,0.0,0.0,0.0,0.0,0.0,0.0,0.0,0.0,0.0,0.0,0.0,0.0,0.0,0.0,0.0,0.0,0.0,0.0,0.0,0.0,0.0,0.0,0.0,0.0,0.0,0.0,0.0,0.0,0.0,0.0,0.0,0.0,0.0,0.0,0.0,0.0,0.0,0.0,0.0,0.0,0.0,0.0,0.0,0.0,0.0,0.0,0.0,0.0,0.0,0.0,0.0,0.0,0.0,0.0,0.0,0.0,0.0,0.0,0.0,0.0,0.0,0.0,0.0,0.0,0.0,0.0,0.0,0.0,0.0,0.0,0.0,0.0,0.0,0.0,0.0,0.0,0.0,0.0,0.0,0.0,0.0,0.0,0.0,0.0,0.0,0.0,0.9278763421200631,0.9278702244750177,0.9278641107082064,0.9278580055366679,0.9278519136707406,0.9278458398104283,0.9278397886417706,0.9278337648332338,0.9278277730321056,0.9278218178609134,0.9278159039138572,0.9278100357532681,0.9278042179060899,0.9277984548603866,0.9277927510618842
0.0,0.0,0.0,0.0,0.0,0.0,0.0,0.0,0.0,0.0,0.0,0.0,0.0,0.0,0.0,0.0,0.0,0.0,0.0,0.0,0.0,0.0,0.0,0.0,0.0,0.0,0.0,0.0,0.0,0.0,0.0,0.0,0.0,0.0,0.0,0.0,0.0,0.0,0.0,0.0,0.0,0.0,0.0,0.0,0.0,0.0,0.0,0.0,0.0,0.0,0.0,0.0,0.0,0.0,0.0,0.0,0.0,0.0,0.0,0.0,0.0,0.0,0.0,0.0,0.0,0.0,0.0,0.0,0.0,0.0,0.0,0.0,0.0,0.0,0.0,0.0,0.0,0.0,0.0,0.0,0.0,0.0,0.0,0.0,0.0,0.0,0.0,0.0,0.0,0.0,0.0,0.0,0.0,0.0,0.0,0.0,0.0,0.0,0.0,0.0,0.0,0.0,0.0,0.0,0.0,0.0,0.0,0.0,0.0,0.0,0.0,0.0,0.0,0.0,0.0,0.0,0.0,0.0,0.0,0.0,0.0,0.0,0.0,0.0,0.0,0.0,0.0,0.0,0.0,0.0,0.0,0.0,0.0,0.0,0.0,0.0,0.0,0.0,0.0,0.0,0.0,0.0,0.0,0.0,0.0,0.0,0.0,0.0,0.0,0.0,0.0,0.0,0.0,0.0,0.0,0.0,0.0,0.0,0.0,0.0,0.0,0.0,0.0,0.0,0.0,0.0,0.0,0.0,0.0,0.0,0.0,0.0,0.0,0.0,0.0,0.0,0.0,0.0,0.0,0.0,0.0,0.0,0.0,0.0,0.0,0.0,0.0,0.0,0.0,0.0,0.0,0.0,0.0,0.0,0.0,0.0,0.0,0.0,0.0,0.0,0.0,0.0,0.0,0.0,0.0,0.0,0.0,0.0,0.0,0.0,0.0,0.0,0.0,0.0,0.0,0.0,0.0,0.0,0.0,0.0,0.0,0.0,0.0,0.0,0.0,0.0,0.0,0.0,0.0,0.0,0.0,0.0,0.0,0.0,0.0,0.0,0.0,0.0,0.0,0.0,0.0
0.0,0.0,0.0,0.0,0.0,0.0,0.0,0.0,0.0,0.0,0.0,0.0,0.0,0.0,0.0,0.0,0.0,0.0,0.0,0.0,0.0,0.0,0.0,0.0,0.0,0.0,0.0,0.0,0.0,0.0,0.0,0.0,0.0,0.0,0.0,0.0,0.0,0.0,0.0,0.0,0.0,0.0,0.0,0.0,0.0,0.0,0.0,0.0,0.0,0.0,0.0,0.0,0.0,0.0,0.0,0.0,0.0,0.0,0.0,0.0,0.0,0.0,0.0,0.0,0.0,0.0,0.0,0.0,0.0,0.0,0.0,0.0,0.0,0.0,0.0,0.0,0.0,0.0,0.0,0.0,0.0,0.0,0.0,0.0,0.0,0.0,0.0,0.0,0.0,0.0,0.0,0.0,0.0,0.0,0.0,0.0,0.0,0.0,0.0,0.0,0.0,0.0,0.0,0.0,0.0,0.0,0.0,0.0,0.0,0.0,0.0,0.0,0.0,0.0,0.9220127093917081,0.9220187847170289,0.9220248511037159,0.922030903871051,0.9220369383487574,0.9220429498806021,0.9220489338279891,0.9220548855735426,0.9220608005246669,0.9220666741170929,0.922072501818402,0.9220782791315258,0.9220840015982141,0.9220896648024819,0.9220952643740145,0.9221007959915462,0.9221062553861927,0.9221116383447516,0.9221169407129548,0.9221221583986741,0.9221272873750864,0.9221323236837812,0.922137263437818,0.9221421028247302,0.9221468381094695,0.9221514656372904,0.9221559818365758,0.9221603832215957,0.9221646663951982,0.9221688280514387,0.9221728649781291,0.9221767740593269,0.9221805522777347,0.9221841967170391,0.9221877045641618,0.9221910731114319,0.9221942997586818,0.9221973820152563,0.9222003175019335,0.922203103952772,0.9222057392168532,0.9222082212599523,0.9222105481661041,0.9222127181390884,0.9222147295038168,0.9222165807076296,0.9222182703214925,0.922219797041105,0.922221159687906,0.9222223572099892,0.9222233886829104,0.9222242533104095,0.9222249504250182,0.9222254794885816,0.9222258400926746,0.9222260319589131,0.9222260549391752,0.9222259090157104,0.9222255943011561,0.922225111038451,0.9222244596006461,0.9222236404906174,0.9222226543406749,0.922221501912077,0.9222201840944384,0.922218701905047,0.9222170564880715,0.9222152491136826,0.9222132811770669,0.92221115419735,0.9222088698164228,0.9222064297976703,0.9222038360246116,0.9222010904994389,0.9221981953414742,0.9221951527855303,0.9221919651801807,0.9221886349859472,0.9221851647733981,0.9221815572211578,0.9221778151138398,0.9221739413398963,0.9221699388893795,0.9221658108516367,0.922161560412921,0.9221571908539286,0.9221527055472638,0.9221481079548339,0.922143401625173,0.9221385901907011,0.9221336773649189,0.9221286669395372,0.9221235627815456,0.9221183688302315,0.9221130890941304,0.9221077276479352,0.9221022886293444,0.9220967762358712,0.9220911947215953,0.9220855483938837,0.9220798416100632,0.9220740787740529,0.922068264332967,0.9220624027736781,0.9220564986193572,0.9220505564259778,0.9220445807788007,0.9220385762888358,0.9220325475892801,0.9220264993319434,0.9220204361836588,0.9220143628226795,0.0,0.0,0.0,0.0,0.0,0.0,0.0,0.0,0.0,0.0,0.0,0.0,0.0,0.0,0.0
0.9220071003117672,0.9220010209769597,0.9219949464094928,0.9219888812961127,0.9219828303162028,0.9219767981381726,0.9219707894158579,0.9219648087849308,0.9219588608593222,0.921952950227668,0.9219470814497652,0.9219412590530579,0.9219354875291483,0.9219297713303274,0.9219241148661502,0.9219185225000279,0.9219129985458706,0.9219075472647574,0.9219021728616523,0.9218968794821663,0.921891671209358,0.9218865520605872,0.921881525984422,0.921876596857591,0.9218717684820016,0.9218670445818026,0.9218624288005227,0.9218579246982568,0.9218535357489268,0.921849265337603,0.9218451167578975,0.9218410932094263,0.921837197795342,0.9218334335199511,0.9218298032863887,0.921826309894392,0.9218229560381375,0.9218197443041685,0.9218166771694045,0.921813756999229,0.9218109860456731,0.921808366445676,0.9218059002194438,0.9218035892688901,0.9218014353761739,0.921799440202327,0.921797605285973,0.9217959320421436,0.9217944217611911,0.9217930756077888,0.9217918946200434,0.9217908797086871,0.9217900316563806,0.9217893511171089,0.9217888386156795,0.9217884945473154,0.9217883191773552,0.9217883126410431,0.9217884749434295,0.9217888059593651,0.9217893054335962,0.921789972980964,0.9217908080866983,0.921791810106815,0.921792978268613,0.9217943116712658,0.9217958092865195,0.9217974699594802,0.9217992924095066,0.9218012752311945,0.9218034168954579,0.9218057157507091,0.9218081700241283,0.9218107778230298,0.9218135371363163,0.921816445836035,0.9218195016790087,0.9218227023085663,0.9218260452563583,0.9218295279442589,0.9218331476863468,0.92183690169098,0.9218407870629424,0.9218448008056734,0.9218489398235804,0.9218532009244178,0.9218575808217517,0.9218620761374865,0.9218666834044721,0.9218713990691714,0.9218762194944021,0.9218811409621357,0.9218861596763648,0.9218912717660266,0.921896473287988,0.9219017602300841,0.9219071285142081,0.921912573999458,0.9219180924853257,0.9219236797149367,0.9219293313783306,0.9219350431157839,0.9219408105211702,0.9219466291453602,0.9219524944996493,0.9219584020592212,0.9219643472666339,0.9219703255353366,0.9219763322532075,0.921982362786109,0.9219884124814635,0.9219944766718409,0.9220005506785605,0.9220066298152994,0.0,0.0,0.0,0.0,0.0,0.0,0.0,0.0,0.0,0.0,0.0,0.0,0.0,0.0,0.0,0.0,0.0,0.0,0.0,0.0,0.0,0.0,0.0,0.0,0.0,0.0,0.0,0.0,0.0,0.0,0.0,0.0,0.0,0.0,0.0,0.0,0.0,0.0,0.0,0.0,0.0,0.0,0.0,0.0,0.0,0.0,0.0,0.0,0.0,0.0,0.0,0.0,0.0,0.0,0.0,0.0,0.0,0.0,0.0,0.0,0.0,0.0,0.0,0.0,0.0,0.0,0.0,0.0,0.0,0.0,0.0,0.0,0.0,0.0,0.0,0.0,0.0,0.0,0.0,0.0,0.0,0.0,0.0,0.0,0.0,0.0,0.0,0.0,0.0,0.0,0.0,0.0,0.0,0.0,0.0,0.0,0.0,0.0,0.0,0.0,0.0,0.0,0.0,0.0,0.0,0.0,0.0,0.0,0.0,0.0,0.0,0.0,0.9220082839350694,0.9220022042110878,0.9219961283415685,0.9219900610143028,0.9219840069104206,0.9219779707007828,0.921971957042371,0.9219659705747045,0.9219600159162543,0.9219540976608854,0.9219482203743103,0.9219423885905708,0.9219366068085422,0.9219308794884591,0.9219252110484826
0.0,0.0,0.0,0.0,0.0,0.0,0.0,0.0,0.0,0.0,0.0,0.0,0.0,0.0,0.0,0.0,0.0,0.0,0.0,0.0,0.0,0.0,0.0,0.0,0.0,0.0,0.0,0.0,0.0,0.0,0.0,0.0,0.0,0.0,0.0,0.0,0.0,0.0,0.0,0.0,0.0,0.0,0.0,0.0,0.0,0.0,0.0,0.0,0.0,0.0,0.0,0.0,0.0,0.0,0.0,0.0,0.0,0.0,0.0,0.0,0.0,0.0,0.0,0.0,0.0,0.0,0.0,0.0,0.0,0.0,0.0,0.0,0.0,0.0,0.0,0.0,0.0,0.0,0.0,0.0,0.0,0.0,0.0,0.0,0.0,0.0,0.0,0.0,0.0,0.0,0.0,0.0,0.0,0.0,0.0,0.0,0.0,0.0,0.0,0.0,0.0,0.0,0.0,0.0,0.0,0.0,0.0,0.0,0.0,0.0,0.0,0.0,0.0,0.0,0.0,0.0,0.0,0.0,0.0,0.0,0.0,0.0,0.0,0.0,0.0,0.0,0.0,0.0,0.0,0.0,0.0,0.0,0.0,0.0,0.0,0.0,0.0,0.0,0.0,0.0,0.0,0.0,0.0,0.0,0.0,0.0,0.0,0.0,0.0,0.0,0.0,0.0,0.0,0.0,0.0,0.0,0.0,0.0,0.0,0.0,0.0,0.0,0.0,0.0,0.0,0.0,0.0,0.0,0.0,0.0,0.0,0.0,0.0,0.0,0.0,0.0,0.0,0.0,0.0,0.0,0.0,0.0,0.0,0.0,0.0,0.0,0.0,0.0,0.0,0.0,0.0,0.0,0.0,0.0,0.0,0.0,0.0,0.0,0.0,0.0,0.0,0.0,0.0,0.0,0.0,0.0,0.0,0.0,0.0,0.0,0.0,0.0,0.0,0.0,0.0,0.0,0.0,0.0,0.0,0.0,0.0,0.0,0.0,0.0,0.0,0.0,0.0,0.0,0.0,0.0,0.0,0.0,0.0,0.0,0.0,0.0,0.0,0.0,0.0,0.0,0.0
0.0,0.0,0.0,0.0,0.0,0.0,0.0,0.0,0.0,0.0,0.0,0.0,0.0,0.0,0.0,0.0,0.0,0.0,0.0,0.0,0.0,0.0,0.0,0.0,0.0,0.0,0.0,0.0,0.0,0.0,0.0,0.0,0.0,0.0,0.0,0.0,0.0,0.0,0.0,0.0,0.0,0.0,0.0,0.0,0.0,0.0,0.0,0.0,0.0,0.0,0.0,0.0,0.0,0.0,0.0,0.0,0.0,0.0,0.0,0.0,0.0,0.0,0.0,0.0,0.0,0.0,0.0,0.0,0.0,0.0,0.0,0.0,0.0,0.0,0.0,0.0,0.0,0.0,0.0,0.0,0.0,0.0,0.0,0.0,0.0,0.0,0.0,0.0,0.0,0.0,0.0,0.0,0.0,0.0,0.0,0.0,0.0,0.0,0.0,0.0,0.0,0.0,0.0,0.0,0.0,0.0,0.0,0.0,0.0,0.0,0.0,0.0,0.0,0.0,0.0,0.9161824734445824,0.9161885020797672,0.9161945171858671,0.916200514121662,0.9162064882598842,0.9162124349907903,0.9162183497257184,0.916224227900628,0.9162300649796267,0.9162358564584667,0.9162415978680278,0.9162472847777623,0.9162529127991192,0.9162584775889302,0.916263974852765,0.9162694003482476,0.9162747498883308,0.9162800193445297,0.9162852046501131,0.9162903018032411,0.9162953068700574,0.9163002159877269,0.9163050253674245,0.9163097312972541,0.9163143301451212,0.9163188183615388,0.9163231924823692,0.916327449131499,0.9163315850234501,0.9163355969659175,0.9163394818622361,0.9163432367137726,0.916346858622245,0.9163503447919621,0.9163536925319824,0.916356899258195,0.9163599624953187,0.9163628798788104,0.9163656491566999,0.916368268191323,0.9163707349609809,0.9163730475614974,0.9163752042076942,0.9163772032347689,0.9163790430995871,0.9163807223818674,0.9163822397852843,0.9163835941384713,0.9163847843959249,0.916385809638811,0.9163866690756801,0.9163873620430749,0.9163878880060448,0.9163882465585604,0.9163884374238263,0.9163884604544962,0.9163883156327854,0.9163880030704857,0.9163875230088787,0.916386875818549,0.9163860619990996,0.9163850821787608,0.9163839371139104,0.9163826276884846,0.916381154913299,0.9163795199252603,0.9163777239864936,0.9163757684833648,0.9163736549254071,0.9163713849441557,0.9163689602918877,0.9163663828402627,0.9163636545788821,0.9163607776137461,0.9163577541656287,0.9163545865683587,0.9163512772670204,0.9163478288160564,0.9163442438772991,0.9163405252179114,0.9163366757082487,0.9163326983196394,0.916328596122088,0.9163243722819054,0.9163200300592599,0.9163155728056589,0.9163110039613583,0.9163063270527042,0.9163015456894115,0.9162966635617704,0.9162916844377985,0.9162866121603284,0.9162814506440408,0.9162762038724379,0.9162708758947697,0.9162654708229043,0.9162599928281524,0.9162544461380464,0.9162488350330764,0.9162431638433814,0.9162374369454105,0.9162316587585408,0.916225833741664,0.9162199663897477,0.9162140612303626,0.9162081228201874,0.9162021557414928,0.9161961645986034,0.9161901540143456,0.9161841286264781,0.9161780930841128,0.0,0.0,0.0,0.0,0.0,0.0,0.0,0.0,0.0,0.0,0.0,0.0,0.0,0.0,0.0
0.9161708757878817,0.9161648342942802,0.9161587975329544,0.9161527701614881,0.9161467568301507,0.9161407621783113,0.916134790830859,0.9161288473946376,0.9161229364548884,0.9161170625717181,0.9161112302765783,0.9161054440687738,0.9160997084119933,0.9160940277308629,0.9160884064075419,0.9160828487783381,0.9160773591303681,0.9160719416982497,0.9160666006608399,0.9160613401380145,0.9160561641874891,0.0,0.0,0.0,0.0,0.0,0.0,0.0,0.0,0.0,0.0,0.0,0.0,0.0,0.0,0.0,0.0,0.0,0.0,0.0,0.0,0.0,0.0,0.0,0.0,0.0,0.0,0.0,0.0,0.0,0.0,0.0,0.0,0.0,0.0,0.0,0.0,0.0,0.0,0.0,0.0,0.0,0.0,0.0,0.0,0.0,0.0,0.0,0.0,0.0,0.0,0.0,0.0,0.0,0.0,0.0,0.0,0.0,0.0,0.0,0.0,0.0,0.0,0.0,0.0,0.0,0.0,0.0,0.0,0.0,0.0,0.0,0.0,0.916055755362669,0.9160609244017569,0.9160661783339026,0.9160715131064704,0.916076924604411,0.9160824086534394,0.9160879610232509,0.9160935774307796,0.9160992535435035,0.9161049849827833,0.916110767327238,0.9161165961161546,0.916122466852928,0.9161283750085278,0.9161343160249903,0.9161402853189349,0.9161462782850989,0.9161522902998889,0.9161583167249474,0.9161643529107315,0.9161703942000992,0.9161764359319025,0.0,0.0,0.0,0.0,0.0,0.0,0.0,0.0,0.0,0.0,0.0,0.0,0.0,0.0,0.0,0.0,0.0,0.0,0.0,0.0,0.0,0.0,0.0,0.0,0.0,0.0,0.0,0.0,0.0,0.0,0.0,0.0,0.0,0.0,0.0,0.0,0.0,0.0,0.0,0.0,0.0,0.0,0.0,0.0,0.0,0.0,0.0,0.0,0.0,0.0,0.0,0.0,0.0,0.0,0.0,0.0,0.0,0.0,0.0,0.0,0.0,0.0,0.0,0.0,0.0,0.0,0.0,0.0,0.0,0.0,0.0,0.0,0.0,0.0,0.0,0.0,0.0,0.0,0.0,0.0,0.0,0.0,0.0,0.0,0.0,0.0,0.0,0.0,0.0,0.0,0.0,0.0,0.0,0.0,0.0,0.0,0.0,0.0,0.0,0.0,0.0,0.0,0.0,0.0,0.0,0.0,0.0,0.0,0.0,0.0,0.0,0.9161720520441283,0.9161660101675762,0.916159972116084,0.9161539425482577,0.916147926116092,0.9161419274613751,0.9161359512121121,0.9161300019789544,0.9161240843516429,0.9161182028954691,0.9161123621477526,0.916106566614342,0.9161008207661443,0.9160951290356699,0.9160894958136219
