0.0,0.0,0.0,0.0,0.0,0.0,0.0,0.0,0.0,0.0,0.0,0.0,0.0,0.0,0.0,0.0,0.0,0.0,0.0,0.0,0.0,0.0,0.0,0.0,0.0,0.0,0.0,0.0,0.0,0.0,0.0,0.0,0.0,0.0,0.0,0.0,0.0,0.0,0.0,0.0,0.0,0.0,0.0,0.0,0.0,0.0,0.0,0.0,0.0,0.0,0.0,0.0,0.0,0.0,0.0,0.0,0.0,0.0,0.0,0.0,0.0,0.0,0.0,0.0,0.0,0.0,0.0,0.0,0.0,0.0,0.0,0.0,0.0,0.0,0.0,0.0,0.0,0.0,0.0,0.0,0.0,0.0,0.0,0.0,0.0,0.0,0.0,0.0,0.0,0.0,0.0,0.0,0.0,0.0,0.0,0.0,0.0,0.0,0.0,0.0,0.0,0.0,0.0,0.0,0.0,0.0,0.0,0.0,0.0,0.0,0.0,0.0,0.0,0.0,0.0,0.0,0.0,0.0,0.0,0.0,0.0,0.0,0.0,0.0,0.0,0.0,0.0,0.0,0.0,0.0,0.0,0.0,0.0,0.0,0.0,0.0,0.0,0.0,0.0,0.0,0.0,0.0,0.0,0.0,0.0,0.0,0.0,0.0,0.0,0.0,0.0,0.0,0.0,0.0,0.0,0.0,0.0,0.0,0.0,0.0,0.0,0.0,0.0,0.0,0.0,0.0,0.0,0.0,0.0,0.0,0.0,0.0,0.0,0.0,0.0,0.0,0.0,0.0,0.0,0.0,0.0,0.0,0.0,0.0,0.0,0.0,0.0,0.0,0.0,0.0,0.0,0.0,0.0,0.0,0.0,0.0,0.0,0.0,0.0,0.0,0.0,0.0,0.0,0.0,0.0,0.0,0.0,0.0,0.0,0.0,0.0,0.0,0.0,0.0,0.0,0.0,0.0,0.0,0.0,0.0,0.0,0.0,0.0,0.0,0.0,0.0,0.0,0.0,0.0,0.0,0.0,0.0,0.0,0.0,0.0,0.0,0.0,0.0,0.0,0.0,0.0
0.0,0.0,0.0,0.0,0.0,0.0,0.0,0.0,0.0,0.0,0.0,0.0,0.0,0.0,0.0,0.0,0.0,0.0,0.0,0.0,0.0,0.0,0.0,0.0,0.0,0.0,0.0,0.0,0.0,0.0,0.0,0.0,0.0,0.0,0.0,0.0,0.0,0.0,0.0,0.0,0.0,0.0,0.0,0.0,0.0,0.0,0.0,0.0,0.0,0.0,0.0,0.0,0.0,0.0,0.0,0.0,0.0,0.0,0.0,0.0,0.0,0.0,0.0,0.0,0.0,0.0,0.0,0.0,0.0,0.0,0.0,0.0,0.0,0.0,0.0,0.0,0.0,0.0,0.0,0.0,0.0,0.0,0.0,0.0,0.0,0.0,0.0,0.0,0.0,0.0,0.0,0.0,0.0,0.0,0.0,0.0,0.0,0.0,0.0,0.0,0.0,0.0,0.0,0.0,0.0,0.0,0.0,0.0,0.0,0.0,0.0,0.0,0.0,0.0,0.0,0.0,0.0,0.0,0.0,0.0,0.0,0.0,0.0,0.0,0.0,0.0,0.0,0.0,0.0,0.0,0.0,0.0,0.0,0.0,0.0,0.0,0.0,0.0,0.0,0.0,0.0,0.0,0.0,0.0,0.0,0.0,0.0,0.0,0.0,0.0,0.0,0.0,0.0,0.0,0.0,0.0,0.0,0.0,0.0,0.0,0.0,0.0,0.0,0.0,0.0,0.0,0.0,0.0,0.0,0.0,0.0,0.0,0.0,0.0,0.0,0.0,0.0,0.0,0.0,0.0,0.0,0.0,0.0,0.0,0.0,0.0,0.0,0.0,0.0,0.0,0.0,0.0,0.0,0.0,0.0,0.0,0.0,0.0,0.0,0.0,0.0,0.0,0.0,0.0,0.0,0.0,0.0,0.0,0.0,0.0,0.0,0.0,0.0,0.0,0.0,0.0,0.0,0.0,0.0,0.0,0.0,0.0,0.0,0.0,0.0,0.0,0.0,0.0,0.0,0.0,0.0,0.0,0.0,0.0,0.0,0.0,0.0,0.0,0.0,0.0,0.0
0.0,0.0,0.0,0.0,0.0,0.0,0.0,0.0,0.0,0.0,0.0,0.0,0.0,0.0,0.0,0.0,0.0,0.0,0.0,0.0,0.0,0.0,0.0,0.0,0.0,0.0,0.0,0.0,0.0,0.0,0.0,0.0,0.0,0.0,0.0,0.0,0.0,0.0,0.0,0.0,0.0,0.0,0.0,0.0,0.0,0.0,0.0,0.0,0.0,0.0,0.0,0.0,0.0,0.0,0.0,0.0,0.0,0.0,0.0,0.0,0.0,0.0,0.0,0.0,0.0,0.0,0.0,0.0,0.0,0.0,0.0,0.0,0.0,0.0,0.0,0.0,0.0,0.0,0.0,0.0,0.0,0.0,0.0,0.0,0.0,0.0,0.0,0.0,0.0,0.0,0.0,0.0,0.0,0.0,0.0,0.0,0.0,0.0,0.0,0.0,0.0,0.0,0.0,0.0,0.0,0.0,0.0,0.0,0.0,0.0,0.0,0.0,0.0,0.0,0.0,0.0,0.0,0.0,0.0,0.0,0.0,0.0,0.0,0.0,0.0,0.0,0.0,0.0,0.0,0.0,0.0,0.0,0.0,0.0,0.0,0.0,0.0,0.0,0.0,0.0,0.0,0.0,0.0,0.0,0.0,0.0,0.0,0.0,0.0,0.0,0.0,0.0,0.0,0.0,0.0,0.0,0.0,0.0,0.0,0.0,0.0,0.0,0.0,0.0,0.0,0.0,0.0,0.0,0.0,0.0,0.0,0.0,0.0,0.0,0.0,0.0,0.0,0.0,0.0,0.0,0.0,0.0,0.0,0.0,0.0,0.0,0.0,0.0,0.0,0.0,0.0,0.0,0.0,0.0,0.0,0.0,0.0,0.0,0.0,0.0,0.0,0.0,0.0,0.0,0.0,0.0,0.0,0.0,0.0,0.0,0.0,0.0,0.0,0.0,0.0,0.0,0.0,0.0,0.0,0.0,0.0,0.0,0.0,0.0,0.0,0.0,0.0,0.0,0.0,0.0,0.0,0.0,0.0,0.0,0.0,0.0,0.0,0.0,0.0,0.0,0.0
0.0,0.0,0.0,0.0,0.0,0.0,0.0,0.0,0.0,0.0,0.0,0.0,0.0,0.0,0.0,0.0,0.0,0.0,0.0,0.0,0.0,0.0,0.0,0.0,0.0,0.0,0.0,0.0,0.0,0.0,0.0,0.0,0.0,0.0,0.0,0.0,0.0,0.0,0.0,0.0,0.0,0.0,0.0,0.0,0.0,0.0,0.0,0.0,0.0,0.0,0.0,0.0,0.0,0.0,0.0,0.0,0.0,0.0,0.0,0.0,0.0,0.0,0.0,0.0,0.0,0.0,0.0,0.0,0.0,0.0,0.0,0.0,0.0,0.0,0.0,0.0,0.0,0.0,0.0,0.0,0.0,0.0,0.0,0.0,0.0,0.0,0.0,0.0,0.0,0.0,0.0,0.0,0.0,0.0,0.0,0.0,0.0,0.0,0.0,0.0,0.0,0.0,0.0,0.0,0.0,0.0,0.0,0.0,0.0,0.0,0.0,0.0,0.0,0.0,0.0,0.0,0.0,0.0,0.0,0.0,0.0,0.0,0.0,0.0,0.0,0.0,0.0,0.0,0.0,0.0,0.0,0.0,0.0,0.0,0.0,0.0,0.0,0.0,0.0,0.0,0.0,0.0,0.0,0.0,0.0,0.0,0.0,0.0,0.0,0.0,0.0,0.0,0.0,0.0,0.0,0.0,0.0,0.0,0.0,0.0,0.0,0.0,0.0,0.0,0.0,0.0,0.0,0.0,0.0,0.0,0.0,0.0,0.0,0.0,0.0,0.0,0.0,0.0,0.0,0.0,0.0,0.0,0.0,0.0,0.0,0.0,0.0,0.0,0.0,0.0,0.0,0.0,0.0,0.0,0.0,0.0,0.0,0.0,0.0,0.0,0.0,0.0,0.0,0.0,0.0,0.0,0.0,0.0,0.0,0.0,0.0,0.0,0.0,0.0,0.0,0.0,0.0,0.0,0.0,0.0,0.0,0.0,0.0,0.0,0.0,0.0,0.0,0.0,0.0,0.0,0.0,0.0,0.0,0.0,0.0,0.0,0.0,0.0,0.0,0.0,0.0
0.0,0.0,0.0,0.0,0.0,0.0,0.0,0.0,0.0,0.0,0.0,0.0,0.0,0.0,0.0,0.0,0.0,0.0,0.0,0.0,0.0,0.0,0.0,0.0,0.0,0.0,0.0,0.0,0.0,0.0,0.0,0.0,0.0,0.0,0.0,0.0,0.0,0.0,0.0,0.0,0.0,0.0,0.0,0.0,0.0,0.0,0.0,0.0,0.0,0.0,0.0,0.0,0.0,0.0,0.0,0.0,0.0,0.0,0.0,0.0,0.0,0.0,0.0,0.0,0.0,0.0,0.0,0.0,0.0,0.0,0.0,0.0,0.0,0.0,0.0,0.0,0.0,0.0,0.0,0.0,0.0,0.0,0.0,0.0,0.0,0.0,0.0,0.0,0.0,0.0,0.0,0.0,0.0,0.0,0.0,0.0,0.0,0.0,0.0,0.0,0.0,0.0,0.0,0.0,0.0,0.0,0.0,0.0,0.0,0.0,0.0,0.0,0.0,0.0,0.0,0.0,0.0,0.0,0.0,0.0,0.0,0.0,0.0,0.0,0.0,0.0,0.0,0.0,0.0,0.0,0.0,0.0,0.0,0.0,0.0,0.0,0.0,0.0,0.0,0.0,0.0,0.0,0.0,0.0,0.0,0.0,0.0,0.0,0.0,0.0,0.0,0.0,0.0,0.0,0.0,0.0,0.0,0.0,0.0,0.0,0.0,0.0,0.0,0.0,0.0,0.0,0.0,0.0,0.0,0.0,0.0,0.0,0.0,0.0,0.0,0.0,0.0,0.0,0.0,0.0,0.0,0.0,0.0,0.0,0.0,0.0,0.0,0.0,0.0,0.0,0.0,0.0,0.0,0.0,0.0,0.0,0.0,0.0,0.0,0.0,0.0,0.0,0.0,0.0,0.0,0.0,0.0,0.0,0.0,0.0,0.0,0.0,0.0,0.0,0.0,0.0,0.0,0.0,0.0,0.0,0.0,0.0,0.0,0.0,0.0,0.0,0.0,0.0,0.0,0.0,0.0,0.0,0.0,0.0,0.0,0.0,0.0,0.0,0.0,0.0,0.0
0.0,0.0,0.0,0.0,0.0,0.0,0.0,0.0,0.0,0.0,0.0,0.0,0.0,0.0,0.0,0.0,0.0,0.0,0.0,0.0,0.0,0.0,0.0,0.0,0.0,0.0,0.0,0.0,0.0,0.0,0.0,0.0,0.0,0.0,0.0,0.0,0.0,0.0,0.0,0.0,0.0,0.0,0.0,0.0,0.0,0.0,0.0,0.0,0.0,0.0,0.0,0.0,0.0,0.0,0.0,0.0,0.0,0.0,0.0,0.0,0.0,0.0,0.0,0.0,0.0,0.0,0.0,0.0,0.0,0.0,0.0,0.0,0.0,0.0,0.0,0.0,0.0,0.0,0.0,0.0,0.0,0.0,0.0,0.0,0.0,0.0,0.0,0.0,0.0,0.0,0.0,0.0,0.0,0.0,0.0,0.0,0.0,0.0,0.0,0.0,0.0,0.0,0.0,0.0,0.0,0.0,0.0,0.0,0.0,0.0,0.0,0.0,0.0,0.0,0.0,0.0,0.0,0.0,0.0,0.0,0.0,0.0,0.0,0.0,0.0,0.0,0.0,0.0,0.0,0.0,0.0,0.0,0.0,0.0,0.0,0.0,0.0,0.0,0.0,0.0,0.0,0.0,0.0,0.0,0.0,0.0,0.0,0.0,0.0,0.0,0.0,0.0,0.0,0.0,0.0,0.0,0.0,0.0,0.0,0.0,0.0,0.0,0.0,0.0,0.0,0.0,0.0,0.0,0.0,0.0,0.0,0.0,0.0,0.0,0.0,0.0,0.0,0.0,0.0,0.0,0.0,0.0,0.0,0.0,0.0,0.0,0.0,0.0,0.0,0.0,0.0,0.0,0.0,0.0,0.0,0.0,0.0,0.0,0.0,0.0,0.0,0.0,0.0,0.0,0.0,0.0,0.0,0.0,0.0,0.0,0.0,0.0,0.0,0.0,0.0,0.0,0.0,0.0,0.0,0.0,0.0,0.0,0.0,0.0,0.0,0.0,0.0,0.0,0.0,0.0,0.0,0.0,0.0,0.0,0.0,0.0,0.0,0.0,0.0,0.0,0.0
0.0,0.0,0.0,0.0,0.0,0.0,0.0,0.0,0.0,0.0,0.0,0.0,0.0,0.0,0.0,0.0,0.0,0.0,0.0,0.0,0.0,0.0,0.0,0.0,0.0,0.0,0.0,0.0,0.0,0.0,0.0,0.0,0.0,0.0,0.0,0.0,0.0,0.0,0.0,0.0,0.0,0.0,0.0,0.0,0.0,0.0,0.0,0.0,0.0,0.0,0.0,0.0,0.0,0.0,0.0,0.0,0.0,0.0,0.0,0.0,0.0,0.0,0.0,0.0,0.0,0.0,0.0,0.0,0.0,0.0,0.0,0.0,0.0,0.0,0.0,0.0,0.0,0.0,0.0,0.0,0.0,0.0,0.0,0.0,0.0,0.0,0.0,0.0,0.0,0.0,0.0,0.0,0.0,0.0,0.0,0.0,0.0,0.0,0.0,0.0,0.0,0.0,0.0,0.0,0.0,0.0,0.0,0.0,0.0,0.0,0.0,0.0,0.0,0.0,0.0,0.0,0.0,0.0,0.0,0.0,0.0,0.0,0.0,0.0,0.0,0.0,0.0,0.0,0.0,0.0,0.0,0.0,0.0,0.0,0.0,0.0,0.0,0.0,0.0,0.0,0.0,0.0,0.0,0.0,0.0,0.0,0.0,0.0,0.0,0.0,0.0,0.0,0.0,0.0,0.0,0.0,0.0,0.0,0.0,0.0,0.0,0.0,0.0,0.0,0.0,0.0,0.0,0.0,0.0,0.0,0.0,0.0,0.0,0.0,0.0,0.0,0.0,0.0,0.0,0.0,0.0,0.0,0.0,0.0,0.0,0.0,0.0,0.0,0.0,0.0,0.0,0.0,0.0,0.0,0.0,0.0,0.0,0.0,0.0,0.0,0.0,0.0,0.0,0.0,0.0,0.0,0.0,0.0,0.0,0.0,0.0,0.0,0.0,0.0,0.0,0.0,0.0,0.0,0.0,0.0,0.0,0.0,0.0,0.0,0.0,0.0,0.0,0.0,0.0,0.0,0.0,0.0,0.0,0.0,0.0,0.0,0.0,0.0,0.0,0.0,0.0
0.0,0.0,0.0,0.0,0.0,0.0,0.0,0.0,0.0,0.0,0.0,0.0,0.0,0.0,0.0,0.0,0.0,0.0,0.0,0.0,0.0,0.0,0.0,0.0,0.0,0.0,0.0,0.0,0.0,0.0,0.0,0.0,0.0,0.0,0.0,0.0,0.0,0.0,0.0,0.0,0.0,0.0,0.0,0.0,0.0,0.0,0.0,0.0,0.0,0.0,0.0,0.0,0.0,0.0,0.0,0.0,0.0,0.0,0.0,0.0,0.0,0.0,0.0,0.0,0.0,0.0,0.0,0.0,0.0,0.0,0.0,0.0,0.0,0.0,0.0,0.0,0.0,0.0,0.0,0.0,0.0,0.0,0.0,0.0,0.0,0.0,0.0,0.0,0.0,0.0,0.0,0.0,0.0,0.0,0.0,0.0,0.0,0.0,0.0,0.0,0.0,0.0,0.0,0.0,0.0,0.0,0.0,0.0,0.0,0.0,0.0,0.0,0.0,0.0,0.0,0.0,0.0,0.0,0.0,0.0,0.0,0.0,0.0,0.0,0.0,0.0,0.0,0.0,0.0,0.0,0.0,0.0,0.0,0.0,0.0,0.0,0.0,0.0,0.0,0.0,0.0,0.0,0.0,0.0,0.0,0.0,0.0,0.0,0.0,0.0,0.0,0.0,0.0,0.0,0.0,0.0,0.0,0.0,0.0,0.0,0.0,0.0,0.0,0.0,0.0,0.0,0.0,0.0,0.0,0.0,0.0,0.0,0.0,0.0,0.0,0.0,0.0,0.0,0.0,0.0,0.0,0.0,0.0,0.0,0.0,0.0,0.0,0.0,0.0,0.0,0.0,0.0,0.0,0.0,0.0,0.0,0.0,0.0,0.0,0.0,0.0,0.0,0.0,0.0,0.0,0.0,0.0,0.0,0.0,0.0,0.0,0.0,0.0,0.0,0.0,0.0,0.0,0.0,0.0,0.0,0.0,0.0,0.0,0.0,0.0,0.0,0.0,0.0,0.0,0.0,0.0,0.0,0.0,0.0,0.0,0.0,0.0,0.0,0.0,0.0,0.0
0.0,0.0,0.0,0.0,0.0,0.0,0.0,0.0,0.0,0.0,0.0,0.0,0.0,0.0,0.0,0.0,0.0,0.0,0.0,0.0,0.0,0.0,0.0,0.0,0.0,0.0,0.0,0.0,0.0,0.0,0.0,0.0,0.0,0.0,0.0,0.0,0.0,0.0,0.0,0.0,0.0,0.0,0.0,0.0,0.0,0.0,0.0,0.0,0.0,0.0,0.0,0.0,0.0,0.0,0.0,0.0,0.0,0.0,0.0,0.0,0.0,0.0,0.0,0.0,0.0,0.0,0.0,0.0,0.0,0.0,0.0,0.0,0.0,0.0,0.0,0.0,0.0,0.0,0.0,0.0,0.0,0.0,0.0,0.0,0.0,0.0,0.0,0.0,0.0,0.0,0.0,0.0,0.0,0.0,0.0,0.0,0.0,0.0,0.0,0.0,0.0,0.0,0.0,0.0,0.0,0.0,0.0,0.0,0.0,0.0,0.0,0.0,0.0,0.0,0.0,0.0,0.0,0.0,0.0,0.0,0.0,0.0,0.0,0.0,0.0,0.0,0.0,0.0,0.0,0.0,0.0,0.0,0.0,0.0,0.0,0.0,0.0,0.0,0.0,0.0,0.0,0.0,0.0,0.0,0.0,0.0,0.0,0.0,0.0,0.0,0.0,0.0,0.0,0.0,0.0,0.0,0.0,0.0,0.0,0.0,0.0,0.0,0.0,0.0,0.0,0.0,0.0,0.0,0.0,0.0,0.0,0.0,0.0,0.0,0.0,0.0,0.0,0.0,0.0,0.0,0.0,0.0,0.0,0.0,0.0,0.0,0.0,0.0,0.0,0.0,0.0,0.0,0.0,0.0,0.0,0.0,0.0,0.0,0.0,0.0,0.0,0.0,0.0,0.0,0.0,0.0,0.0,0.0,0.0,0.0,0.0,0.0,0.0,0.0,0.0,0.0,0.0,0.0,0.0,0.0,0.0,0.0,0.0,0.0,0.0,0.0,0.0,0.0,0.0,0.0,0.0,0.0,0.0,0.0,0.0,0.0,0.0,0.0,0.0,0.0,0.0
0.0,0.0,0.0,0.0,0.0,0.0,0.0,0.0,0.0,0.0,0.0,0.0,0.0,0.0,0.0,0.0,0.0,0.0,0.0,0.0,0.0,0.0,0.0,0.0,0.0,0.0,0.0,0.0,0.0,0.0,0.0,0.0,0.0,0.0,0.0,0.0,0.0,0.0,0.0,0.0,0.0,0.0,0.0,0.0,0.0,0.0,0.0,0.0,0.0,0.0,0.0,0.0,0.0,0.0,0.0,0.0,0.0,0.0,0.0,0.0,0.0,0.0,0.0,0.0,0.0,0.0,0.0,0.0,0.0,0.0,0.0,0.0,0.0,0.0,0.0,0.0,0.0,0.0,0.0,0.0,0.0,0.0,0.0,0.0,0.0,0.0,0.0,0.0,0.0,0.0,0.0,0.0,0.0,0.0,0.0,0.0,0.0,0.0,0.0,0.0,0.0,0.0,0.0,0.0,0.0,0.0,0.0,0.0,0.0,0.0,0.0,0.0,0.0,0.0,0.0,0.0,0.0,0.0,0.0,0.0,0.0,0.0,0.0,0.0,0.0,0.0,0.0,0.0,0.0,0.0,0.0,0.0,0.0,0.0,0.0,0.0,0.0,0.0,0.0,0.0,0.28274843241951636,0.2827483819333137,0.2827483256761639,0.28274826369147943,0.28274819602709234,0.2827481227352175,0.28274804387241237,0.2827479594995333,0.2827478696816883,0.28274777448818733,0.28274767399248796,0.2827475682721396,0.28274745740872287,0.2827473414877869,0.2827472205987837,0.28274709483499827,0.2827469642934772,0.28274682907495347,0.2827466892837691,0.28274654502779417,0.2827463964183435,0.28274624357009087,0.28274608660098105,0.28274592563213763,0.28274576078777053,0.28274559219507966,0.2827454199841567,0.282745244287885,0.2827450652418365,0.28274488298416767,0.2827446976555125,0.28274450939887413,0.28274431835951436,0.28274412468484167,0.2827439285242971,0.2827437300292395,0.28274352935282837,-0.28274989517214105,-0.2827501891504656,-0.28275047553516813,-0.28275075410511685,-0.28275102464520874,-0.28275128694653645,-0.28275154080655,-0.2827517860292144,-0.28275202242516073,-0.2827522498118338,-0.28275246801363313,-0.28275267686204963,-0.28275287619579575,-0.28275306586093113,-0.2827532457109816,-0.28275341560705297,-0.2827535754179387,-0.28275372502022167,-0.2827538642983698,-0.282753993144826,-0.2827541114600911,-0.28275421915280147,-0.2827543161397992,-0.28275440234619714,-0.2827544777054368,-0.28275454215933987,-0.2827545956581527,-0.2827546381605857,-0.2827546696338447,-0.28275469005365605,-0.28275469940428594,-0.2827546976785518,-0.28275468487782796,-0.2827546610120445,-0.2827546260996789,-0.2827545801677421,-0.28275452325175676,-0.2827544553957297,0.0,0.0,0.0,0.0,0.0,0.0,0.0,0.0,0.0,0.0,0.0,0.0,0.0,0.0,0.0,0.0,0.0,0.0,0.0,0.0,0.0,0.0,0.0,0.0,0.0,0.0
-0.28275277660027504,-0.2827525725031776,-0.28275235897276774,-0.2827521361737148,-0.2827519042778418,-0.282751663463993,-0.28275141391789654,-0.2827511558320217,-0.2827508894054306,-0.282750614843625,-0.28275033235838865,-0.2827500421676231,-0.2827497444951813,-0.2827494395706942,-0.2827491276293942,-0.282748808911934,-0.28274848366420074,0.0,0.0,0.0,0.0,0.0,0.0,0.0,0.0,0.0,0.0,0.0,0.0,0.0,0.0,0.0,0.0,0.0,0.0,0.0,0.0,0.0,0.0,0.0,0.0,0.0,0.0,0.0,0.0,0.0,0.0,0.0,0.0,0.0,0.0,0.0,0.0,0.0,0.0,0.0,0.0,0.0,0.0,0.0,0.0,0.0,0.0,0.0,0.0,0.0,0.0,0.0,0.0,0.0,0.0,0.0,0.0,0.0,0.0,0.0,0.0,0.0,0.0,0.0,0.0,0.0,0.0,0.0,0.0,0.0,0.0,0.0,0.0,0.0,0.0,0.0,0.0,0.0,0.0,0.0,0.0,0.0,0.0,0.0,0.0,0.0,0.2827461034657877,0.2827462600028867,0.28274641240644804,0.28274656055887043,0.2827467043458326,0.2827468436563814,0.28274697838301777,0.2827471084217793,0.28274723367232085,0.2827473540379919,0.2827474694259111,0.2827475797470379,0.2827476849162417,0.28274778485236673,0.282747879478296,0.2827479687210093,0.28274805251164076,0.2827481307855317,0.28274820348228014,0.2827482705457878,0.28274833192430354,0.28274838757046306,0.28274843744132544,0.2827484814984063,0.29215957450747077,0.2921595327471124,0.2921594852146447,0.29215943194674693,0.2921593729845246,0.29215930837347726,0.29215923816346306,0.2921591624086613,0.2921590811675293,0.29215899450275834,0.2921589024812246,0.29215880517393794,0.29215870265598654,0.29215859500647984,0.29215848230848646,0.29215836464897077,0.2921582421187254,0.2921581148123014,0.29215798282793504,0.2921578462674721,0.29215770523628926,0.2921575598432125,0.2921574102004337,0.29215725642342316,0.29215709863084144,0.29215693694444683,0.29215677148900226,0.2921566023921781,0.2921564297844546,0.2921562537990201,0.29215607457166914,0.29215589224069727,0.2921557069467941,0.29215551883293533,0.2921553280442717,0.2921551347280174,0.2921549390333365,0.2921547411112272,0.29215454111440636,0.2921543391971907,0.2921541355153782,0.29215393022612757,0.2921537234878374,0.2921535154600235,0.29215330630319597,0.29215309617873536,0.2921528852487681,0.29215267367604164,0.29215246162379827,0.29215224925564987,0.29215203673545126,0.29215182422717373,0.2921516118947789,0.2921513999020917,0.29215118841267446,0.29215097758970043,0.292150767595828,0.292150558593075,0.29215035074269413,0.2921501442050482,0.2827414373566196,0.2827412231882024,0.2827410087726628,0.2827407942754348,0.282740579862015,0.28274036569783434,0.282740151948131,0.28273993877782233,0.282739726351378,0.28273951483269316,0.2827393043849617,0.28273909517055046,0.2827388873508742,0.28273868108627076,0.2827384765358776,0.28273827385750877,0.28273807320753364,0.2827378747407557,0.28273767861029353,0.28273748496746265,0.2827372939616587,0.2827371057402422,0.2827369204484249,0.2827367382291582,0.282736559223022,0.28273638356811687,0.2827362113999578,0.2827360428513689,0.2827358780523816,-0.2827543766521175,-0.2827542870817857,-0.28275418675396113,-0.2827540757461779,-0.2827539541442171,-0.2827538220420403,-0.282753679541716,-0.28275352675334037,-0.28275336379495164,-0.2827531907924385,-0.28275300787944185,-0.28275281519725165,-0.2827526128946964,-0.2827524011280281,-0.2827521800608009,-0.28275194986374397,-0.2827517107146293,-0.2827514627981338,-0.28275120630569567,-0.2827509414353669,-0.28275066839165874,-0.2827503873853842,-0.2827500986334943,-0.28274980235890984,-0.2827494987903496,-0.2827491881621525
0.28273421505770124,0.2827341104043335,0.28273401099137296,0.28273391689551125,0.2827338281893377,0.2827337449412839,0.2827336672155707,0.28273359507215856,0.28273352856670153,0.2827334677505043,0.2827334126704826,0.2827333633691269,0.2827333198844699,0.28273328225005706,0.2827332504949207,0.2827332246435577,0.2827332047159106,0.28273319072735226,0.28273318268867376,0.2827331806060763,0.2827331844811666,0.2827331943109552,0.2827332100878592,0.2827332317997077,0.2827332594297518,0.28273329295667654,0.28273333235461834,-0.28274454991699477,-0.2827441671208889,-0.2827437813762663,-0.2827433929808238,-0.28274300223430876,-0.2827426094382877,-0.2827422148959134,-0.2827418189116902,-0.28274142179123884,-0.28274102384106037,-0.28274062536829875,-0.2827402266805039,-0.28273982808539355,-0.28273942989061535,-0.282739032403509,-0.28273863593086856,-0.2827382407787054,-0.282737847252011,0.0,0.0,0.0,0.0,0.0,0.0,0.0,0.0,0.0,0.0,0.0,0.0,0.0,0.0,0.0,0.0,0.0,0.0,0.0,0.2827384981765172,0.282738702916504,0.28273890935385865,0.28273911732931034,0.28273932668240087,0.2827395372516086,0.2827397488744728,0.28273996138771895,0.28274017462738515,0.28274038842894794,0.28274060262744993,0.28274081705762644,0.28274103155403335,0.2827412459511749,0.2827414600836308,0.2827416737861847,0.28274188689395074,0.2827420992425014,0.2827423106679943,0.28274252100729863,0.2827427300981205,0.28274293777912907,0.2827431438900803,0.28274334827194114,0.2827435507670115,0.2921571366953746,0.29215729353935865,0.2921574463391314,0.2921575949767864,0.2921577393376288,0.2921578793102631,0.29215801478668013,0.2921581456623396,0.29215827183625126,0.29215839321105264,0.2921585096930843,0.29215862119246216,0.29215872762314665,0.29215882890300954,0.29215892495389706,0.2921590157016902,0.2921591010763621,0.292159181012032,0.2921592554470161,0.2921593243238753,0.2921593875894595,0.2921594451949483,0.2921594970958892,0.2921595432522317,0.2921595836283583,0.29215961819311154,0.30156941885800226,0.30156936864146194,0.3015693127762456,0.3015692513054625,0.3015691842765477,0.30156911174122497,0.3015690337554673,0.3015689503794534,0.30156886167752134,0.3015687677181189,0.3015686685737507,0.30156856432092227,0.30156845504008095,0.30156834081555367,0.30156822173548226,0.3015680978917549,0.30156796937993546,0.30156783629918965,0.3015676987522088,0.3015675568451298,0.3015674106874542,0.3015672603919627,0.301567106074629,0.30156694785452937,0.30156678585375163,0.3015666201973003,0.3015664510130003,0.30156627843139827,0.3015661025856619,0.30156592361147716,0.3015657416469433,0.30156555683246666,0.30156536931065203,0.30156517922619275,0.3015649867257587,0.3015647919578838,0.30156459507285066,0.30156439622257486,0.30156419556048797,0.3015639932414188,0.301563789421474,0.30156358425791774,0.30156337790905013,0.30156317053408543,0.30156296229302865,0.3015627533465526,0.30156254385587367,0.3015623339826274,0.3015621238887438,0.30156191373632263,0.301561703687508,0.3015614939043634,0.30156128454874664,0.3015610757821851,0.3015608677657509,0.30156066065993686,0.3015604546245325,0.30156024981850077,0.30156004639985556,0.3015598445255397,0.3015596443513039,0.3015594460315864,0.30155924971939446,0.30155905556618556,0.3015588637217511,0.30155867433410055,0.30155848754934733,0.3015583035115964,0.3015581223628328,0.301557944242812,0.30155776928895267,0.3015575976362301,0.30155742941707225,0.30155726476125794,0.30155710379581635,0.30155694664492916,0.3015567934298349,0.30155664426873535,0.30155649927670436,0.30155635856559915,0.2921481854276414,0.29214800353756376,0.2921478247711128,0.29214764926620507,0.29214747715824035,0.2921473085799972,0.2921471436615306,0.29214698253007176,0.29214682530992975,0.29214667212239576,0.29214652308564953,0.29214637831466844,0.29214623792113836,0.29214610201336805,0.29214597069620496,0.2921458440709553,0.292145722235305,0.2921456052832449,0.2921454933049983,0.2921453863869509,0.2921452846115849,0.29214518805741463,0.2921450967989266,0.29214501090652184,0.2921449304464616,0.29214485548081626,0.29214478606741723,0.2921447222598132,0.29214466410722767,0.2827344627067719,0.28273434684101084,0.28273423603325903,0.2827341303689985,0.28273402992974367,0.28273393479297776,0.28273384503209326,0.28273376071633527,0.2827336819107484,0.2827336086761262,0.2827335410689645,0.2827334791414179,0.28273342294125947,0.2827333725118439,0.28273332789207406,0.28273328911637097,0.28273325621464757
0.3015545969783839,0.3015546363401524,0.3015546814200202,0.30155473218321077,0.3015547885905631,0.30155485059856224,0.3015549181593724,0.30155499122087404,0.30155506972670426,0.30155515361629986,0.3015552428249442,0.29214446605313094,0.29214449674265663,0.2921445332611733,0.2921445755805092,0.2921446236680177,0.2921446774866022,0.2921447369947451,0.2921448021465394,0.29214487289172447,0.2921449491757246,0.2921450309396909,0.29214511812054733,0.29214521065103854,0.2921453084597822,0.292145411471324,0.2921455196061958,0.2921456327809767,0.29214575090835787,0.2921458738972092,0.2921460016526504,0.29214613407612317,0.29214627106546814,0.2921464125150032,0.2921465583156049,0.2921467083547928,0.2921468625168164,0.29214702068274384,0.29214718273055434,0.2921473485352316,0.29214751796886085,0.2921476909007269,0.2921478671974155,0.29214804672291594,0.29214822933872586,0.2921484149039586,0.29214860327545106,0.29214879430787494,0.2921489878538483,0.2921491837640492,0.29214938188733147,0.2921495820708407,0.2921497841601323,0.29214998799929076,0.29215019343105,0.2921504002969144,0.29215060843728113,0.2921508176915637,0.2921510278983151,0.29215123889535305,0.29215145051988456,0.2921516626086322,0.2921518749979593,0.2921520875239967,0.2921523000227691,0.2921525123303214,0.2921527242828454,0.2921529357168062,0.292153146469068,0.2921533563770206,0.29215356527870445,0.29215377301293555,0.30156634296822016,0.30156651430245873,0.3015666821905597,0.30156684650297644,0.3015670071129208,0.30156716389646143,0.301567316732619,0.30156746550345975,0.3015676100941866,0.3015677503932277,0.30156788629232234,0.30156801768660485,0.30156814447468544,0.3015682665587283,0.3015683838445273,0.3015684962415787,0.3015686036631511,0.3015687060263517,0.3015688032521916,0.3015688952656455,0.3015689819957105,0.30156906337546024,0.3015691393420971,0.3015692098370004,0.3015692748057718,0.30156933419827686,0.30156938796868465,0.30156943607550224,0.30156947848160703,0.30156951515427555,0.3015695460652088,0.30156957119055355,0.31097813464919233,0.31097807638263675,0.31097801261046376,0.3109779433818839,0.31097786875031797,0.3109777887733563,0.31097770351271353,0.31097761303418175,0.3109775174075791,0.3109774167066962,0.3109773110092393,0.3109772003967697,0.31097708495464144,0.3109769647719353,0.3109768399413897,0.3109767105593294,0.3109765767255909,0.3109764385434459,0.3109762961195209,0.31097614956371533,0.3109759989891166,0.31097584451191285,0.31097568625130334,0.310975524329406,0.31097535887116395,0.3109751900042484,0.3109750178589604,0.3109748425681302,0.3109746642670148,0.31097448309319353,0.3109742991864617,0.31097411268872305,0.3109739237438799,0.3109737324977223,0.3109735390978155,0.3109733436933859,0.31097314643520624,0.3109729474754787,0.3109727469677181,0.3109725450666328,0.31097234192800594,0.31097213770857457,0.3109719325659094,0.31097172665829254,0.31097152014459595,0.3109713131841584,0.3109711059366628,0.3109708985620128,0.3109706912202098,0.31097048407122885,0.3109702772748958,0.31097007099076385,0.31096986537799004,0.31096966059521325,0.3109694568004311,0.3109692541508781,0.3109690528029052,0.3109688529118579,0.3109686546319573,0.31096845811618096,0.31096826351614465,0.3109680709819856,0.3109678806622467,0.3109676927037616,0.31096750725154204,0.3109673244486653,0.3109671444361645,0.3109669673529192,0.3109667933355486,0.3109666225183064,0.31096645503297676,0.3109662910087729,0.3109661305722374,0.3109659738471446,0.3109658209544053,0.3109656720119731,0.31096552713475395,0.31096538643451715,0.3109652500198091,0.31096511799587,0.31096499046455234,0.31096486752424224,0.3109647492697842,0.3109646357924072,0.3109645271796548,0.3109644235153172,0.31096432487936765,0.31096423134789936,0.31096414299306774,0.31096405988303466,0.31096398208191567,0.31096390964973053,0.3109638426423572,0.31096378111148854,0.31096372510459247,0.31096367466487546,0.3109636298312491,0.3109635906383001,0.31096355711626383,0.31096352929100063,0.3109635071839762,0.31096349081224484,0.3015550399141382,0.3015549634251138,0.3015548924018609,0.30155482689917,0.301554766967573,0.30155471265330364,0.3015546639982623,0.3015546210399836,0.3015545838116073,0.30155455234185297,0.3015545266549976,0.3015545067708571,0.30155449270477086,0.3015544844675901,0.3015544820656691,0.301554485500861,0.30155449477051566,0.30155450986748217,0.30155453078011407,0.30155455749227855,0.3015545899833688,0.3015546282283198,0.3015546721976278,0.30155472185737314,0.3015547771692461,0.30155483809057676,0.30155490457436757,0.3015549765693301,0.30155505401992405,0.30155513686640034,0.30155522504484705,0.2921444607586777,0.2921444903105739,0.2921445256964229,0.2921445668889269
0.3109644751842606,0.310964581355017,0.3109646924323943,0.3109648083307005,0.31096492896052447,0.31096505422880427,0.3109651840388999,0.3109653182906667,0.3109654568805334,0.3109655997015816,0.31096574664362875,0.31096589759331217,0.31096605243417746,0.31096621104676764,0.31096637330871574,0.3109665390948389,0.3109667082772351,0.31096688072538137,0.31096705630623533,0.31096723488433686,0.31096741632191316,0.3109676004789849,0.3109677872134741,0.31096797638131385,0.3109681678365592,0.3109683614315,0.3109685570167747,0.3109687544414859,0.310968953553316,0.31096915419864546,0.31096935622267086,0.31096955946952465,0.31096976378239516,0.31096996900364743,0.31097017497494533,0.3109703815373732,0.31097058853155873,0.310970795797796,0.31097100317616816,0.31097121050667165,0.3109714176293389,0.3109716243843622,0.31097183061221684,0.3109720361537842,0.3109722408504745,0.31097244454434936,0.3109726470782434,0.3109728482958858,0.3109730480420203,0.31097324616252614,0.3109734425045355,0.310973636916553,0.3109738292485712,0.3109740193521875,0.31097420708071793,0.3109743922893108,0.3109745748350581,0.31097475457710594,0.3109749313767637,0.31097510509761017,0.31097527560559973,0.31097544276916517,0.31097560645931965,0.31097576654975595,0.3109759229169441,0.3109760754402268,0.3109762240019125,0.310976368487366,0.3109765087850973,0.31097664478684756,0.31097677638767246,0.31097690348602336,0.31097702598382576,0.3109771437865548,0.31097725680330845,0.31097736494687744,0.3109774681338129,0.3109775662844902,0.3109776593231714,0.31097774717806254,0.31097782978137,0.31097790706935236,0.31097797898236956,0.31097804546492946,0.3109781064657298,0.31097816193769895,0.310978211838031,0.3109782561282199,0.3109782947740884,0.3109783277458149,0.31097835501795634,0.31097837656946753,0.3109783923837182,0.32038580226371005,0.32038573640596835,0.32038566520361406,0.32038558871159084,0.32038550698892404,0.3203854200986752,0.3203853281078934,0.32038523108756306,0.32038512911255,0.320385022261543,0.320384910616993,0.32038479426505,0.3203846732954961,0.3203845478016763,0.32038441788042654,0.32038428363199906,0.32038414515998437,0.32038400257123234,0.32038385597576874,0.320383705486711,0.32038355122018064,0.3203833932952135,0.3203832318336679,0.320383066960131,0.3203828988018222,0.32038272748849506,0.320382553152337,0.32038237592786795,0.32038219595183554,0.32038201336311034,0.3203818283025782,0.3203816409130321,0.32038145133906126,0.32038125972693987,0.3203810662245144,0.32038087098108936,0.3203806741473117,0.32038047587505536,0.3203802763173033,0.32038007562802995,0.32037987396208206,0.32037967147505947,0.3203794683231949,0.3203792646632337,0.32037906065231214,0.32037885644783715,0.3203786522073642,0.32037844808847593,0.32037824424866057,0.3203780408451905,0.32037783803500075,0.3203776359745681,0.3203774348197901,0.3203772347258652,0.32037703584717275,0.3203768383371537,0.32037664234819274,0.3203764480315002,0.32037625553699595,0.32037606501319327,0.3203758766070845,0.3203756904640277,0.3297805004866986,0.3297803648121002,0.3297802333002504,0.32978010605260777,0.3297799831673409,0.32977986473925286,0.32977975085970757,0.3297796416165601,0.3297795370940882,0.3297794373729276,0.32977934253001007,0.3297792526385037,0.3297791677677565,0.32977908798324324,0.32977901334651466,0.3297789439151501,0.3297788797427131,0.32037287995946695,0.32037276148019683,0.3203726476672695,0.32037253860848786,0.3203724343879871,0.3203723350861696,0.3203722407796429,0.32037215154116083,0.32037206743956737,0.32037198853974347,0.3203719149025568,0.3203718465848155,0.3203717836392233,0.32037172611434017,0.32037167405454375,0.3203716274999958,0.3203715864866108,0.3203715510460286,0.3203715212055899,0.3203714969883151,0.32037147841288666,0.32037146549363454,0.3203714582405253,0.3203714566591544,0.32037146075074163,0.3203714705121308,0.32037148593579123,0.32037150700982453,0.320371533717973,0.32037156603963274,0.3203716039498692,0.3203716474194363,0.3203716964147996,0.32037175089816144,0.32037181082749044,0.3203718761565538,0.3203719468349533,0.3203720228081635,0.3203721040175745,0.32037219040053655,0.3203722818904087,0.32037237841661026,0.3203724799046749,0.3203725862763081,0.3203726974494483,0.3203728133383288,0.3203729338535452,0.32037305890212375,0.3203731883875929,0.3203733222100581,0.32037346026627866,0.3109641698051202,0.3109642597709915,0.31096435489157237,0.3109644550934815,0.3109645602994171,0.3109646704282172,0.3109647853949216,0.31096490511083785,0.3109650294836094,0.3109651584172865,0.3109652918124013,0.31096542956604306,0.31096557157193905,0.31096571772053505,0.3109658678990809,0.31096602199171713,0.3109661798795642,0.3109663414408141
0.32978328786214084,0.3297834774631368,0.3297836688254664,0.32978386180148883,0.32978405624231794,0.3297842519979366,0.32978444891731307,0.32978464684851694,0.32978484563883675,0.3297850451348977,0.3297852451827797,0.3297854456281365,0.3297856463163145,0.3297858470924724,0.3297860478017003,0.3297862482891393,0.32978644840010135,0.3297866479801879,0.32978684687540977,0.3297870449323056,0.32978724199806014,0.3297874379206225,0.32978763254882315,0.3203783740912022,0.3203785781270332,0.3203787823416058,0.32037898657735747,0.3203791906767088,0.320379394482185,0.3203795978365375,0.3203798005828653,0.3203800025647355,0.3203802036263049,0.32038040361243963,0.320380602368835,0.3203807997421345,0.3203809955800484,0.320381189731471,0.32038138204659733,0.32038157237703885,0.3203817605759376,0.32038194649808005,0.32038213000000876,0.3203823109401334,0.32038248917883966,0.3203826645785973,0.3203828370040662,0.32038300632220074,0.3203831724023525,0.32038333511637124,0.32038349433870367,0.32038364994649043,0.3203838018196607,0.32038394984102514,0.3203840938963664,0.3203842338745268,0.3203843696674947,0.32038450117048756,0.3203846282820329,0.32038475090404656,0.3203848689419084,0.3203849823045355,0.32038509090445233,0.32038519465785825,0.32038529348469236,0.32038538730869504,0.32038547605746703,0.3203855596625253,0.32038563805935577,0.32038571118746334,0.32038577899041837,0.32038584141590026,0.32038589841573806,0.3203859499459475,0.3203859959667648,0.32038603644267744,0.3203860713424521,0.3203861006391579,0.3297927693368068,0.3297927175843571,0.3297926604636735,0.3297925980188333,0.32979253029802225,0.329792457353497,0.3297923792415453,0.3297922960224421,0.3297922077604032,0.32979211452353563,0.32979201638378525,0.32979191341688097,0.3297918057022764,0.3297916933230885,0.3297915763660334,0.3297914549213598,0.3297913290827786,0.3297911989473912,0.3297910646156143,0.32979092619110234,0.3297907837806678,0.3297906374941983,0.32979048744457207,0.32979033374757083,0.3297901765217904,0.329790015888549,0.3297898519717939,0.32978968489800536,0.32978951479609964,0.3297893417973289,0.32978916603518005,0.32978898764527204,0.32978880676525074,0.3297886235346832,0.3297884380949493,0.3297882505891335,0.32978806116191356,0.3297878699594495,0.3297876771292704,0.32978748282016096,0.32978728718204636,0.3297870903658766,0.32978689252351034,0.3297866938075972,0.32978649437146035,0.3297862943689782,0.32978609395446556,0.3297858932825545,0.32978569250807505,0.3297854917859361,0.32978529127100525,0.3297850911179899,0.3297848914813176,0.32978469251501696,0.3297844943725986,0.3391881992729212,0.3391880330758772,0.33918786988062977,0.33918770981308416,0.3391875529967323,0.33918739955255756,0.33918724959894125,0.3391871032515716,0.33918696062335413,0.3391868218243249,0.3391866869615655,0.3391865561391206,0.3391864294579173,0.339186307015688,0.3391861889068944,0.33918607522265465,0.3391859660506735,0.3391858614751744,0.3391857615768346,0.33918566643272297,0.33918557611624023,0.3391854906970629,0.339185410241089,0.3391853348103879,0.33918526446315167,0.3391851992536507,0.339185139232192,0.33918508444507967,0.33918503493458,0.3391849907388885,0.33918495189210046,0.3391849184241845,0.3391848903609599,0.33918486772407624,0.33918485053099695,0.33918483879498595,0.3391848325250968,0.33918483172616665,0.33918483639881186,0.33918484653942754,0.3391848621401908,0.3391848831890661,0.33918490966981535,0.33918494156200935,0.339184978841045,0.33918502147816254,0.33918506944046944,0.33918512269096446,0.33918518118856694,0.3391852448881481,0.339185313740566,0.3391853876927034,0.3391854666875089,0.33918555066404044,0.33918563955751296,0.3391857332993478,0.33918583181722606,0.33918593503514377,0.33918604287347137,0.33918615524901413,0.3391862720750771,0.3391863932615317,0.3391865187148849,0.33918664833835194,0.3391867820319307,0.3391869196924785,0.3391870612137922,0.3391872064866898,0.3391873553990948,0.3391875078361222,0.33918766368016806,0.339187822810999,0.33918798510584613,0.3391881504394987,0.32978017872536836,0.3297803084382114,0.32978044235729426,0.3297805803793011,0.3297807223977506,0.3297808683030776,0.3297810179827184,0.32978117132119694,0.3297813282002141,0.3297814884987389,0.3297816520931021,0.32978181885709107,0.32978198866204766,0.3297821613769671,0.3297823368685992,0.3297825150015511,0.32978269563839163,0.3297828786397576,0.3297830638644609,0.32978325116959756,0.32978344041065827,0.32978363144163947,0.3297838241151561,0.3297840182825555,0.3297842137940315,0.329784410498741,0.3297846082449193,0.3297848068799977,0.32978500625072127,0.3297852062032668,0.32978540658336164,0.3297856072364028,0.329785808007576,0.32978600874197544
0.34859982226211694,0.34860000264198865,0.3486001810497947,0.3486003573478771,0.34860053140020575,0.34860070307248264,0.3391931000738076,0.33919329387362696,0.3391934866163367,0.33919367815322116,0.3391938683364949,0.3391940570194162,0.3391942440564003,0.3391944293031323,0.33919461261667805,0.3391947938555943,0.33919497288003864,0.33919514955187635,0.33919532373478795,0.3391954952943736,0.3391956640982576,0.33919583001618986,0.3391959929201471,0.33919615268443093,0.33919630918576527,0.33919646230339157,0.33919661191916173,0.33919675791762954,0.3391969001861396,0.33919703861491446,0.33919717309713904,0.33919730352904337,0.33919742980998263,0.33919755184251466,0.3391976695324755,0.33919778278905144,0.33919789152485,0.33919799565596676,0.3391980951020501,0.3391981897863637,0.33919827963584526,0.3391983645811633,0.33919844455677034,0.33919851950095364,0.33919858935588304,0.3391986540676552,0.3391987135863356,0.3391987678659967,0.33919881686475367,0.3391988605447968,0.3391988988724203,0.33919893181804867,0.33919895935625954,0.33919898146580274,0.33919899812961757,0.3391990093348454,0.33919901507283967,0.3391990153391726,0.33919901013363873,0.3391989994602549,0.33919898332725723,0.3391989617470948,0.3391989347364199,0.3391989023160754,0.33919886451107856,0.33919882135060153,0.3391987728679491,0.3391987191005328,0.3391986600898422,0.33919859588141277,0.33919852652479077,0.33919845207349497,0.3391983725849751,0.3391982881205683,0.33919819874545065,0.33919810452858784,0.33919800554268137,0.33919790186411264,0.3391977935728838,0.33919768075255646,0.33919756349018637,0.33919744187625744,0.3391973160046106,0.3391971859723721,0.33919705187987853,0.3391969138305991,0.339196771931056,0.33919662629074215,0.3391964770220366,0.33919632424011775,0.33919616806287467,0.33919600861081595,0.3391958460069767,0.3391956803768236,0.3391955118481583,0.33919534055101835,0.3391951666175771,0.33919499018204174,0.33919481138054974,0.3391946303510634,0.33919444723326403,0.33919426216844367,0.3391940752993961,0.339193886770307,0.3391936967266421,0.3391935053150356,0.33919331268317643,0.3391931189796947,0.33919292435404663,0.33919272895639974,0.3391925329375165,0.3391923364486381,0.33919213964136813,0.33919194266755504,0.3391917456791753,0.33919154882821617,0.3391913522665583,0.33919115614585865,0.3391909606174334,0.3391907658321412,0.348593870332844,0.348593706319164,0.3485935451913303,0.3485933870736535,0.3485932320881222,0.3485930803543075,0.3485929319892719,0.34859278710747854,0.3485926458207028,0.3485925082379465,0.34859237446535335,0.3485922446061276,0.3485921187604539,0.3485919970254202,0.3485918794949433,0.34859176625969585,0.3485916574070367,0.3485915530209433,0.34859145318194723,0.348591357967072,0.3485912674497736,0.3485911816998835,0.3485911007835557,0.34859102476321474,0.34859095369750803,0.34859088764126067,0.34859082664543295,0.3485907707570813,0.3485907200193216,0.3485906744712965,0.3485906341481445,0.34859059908097373,0.3485905692968372,0.3485905448187124,0.3485905256654831,0.3485905118519255,0.34859050338869624,0.3485905002823243,0.3485905025352062,0.3485905101456039,0.3485905231076463,0.34859054141133367,0.34859056504254526,0.34859059398305053,0.348590628210523,0.34859066769855723,0.3485907124166897,0.3485907623304218,0.34859081740124676,0.3485908775866793,0.3485909428402884,0.3485910131117328,0.3485910883468003,0.34859116848744914,0.34859125347185327,0.3485913432344494,0.34859143770598805,0.348591536813587,0.34859164048078684,0.3485917486276108,0.3485918611706257,0.34859197802300695,0.348592099094605,0.3485922242920151,0.3485923535186492,0.3485924866748108,0.3485926236577713,0.3485927643618497,0.348592908678494,0.34859305649636463,0.3485932077014206,0.34859336217700765,0.34859351980394776,0.34859368046063144,0.3485938440231114,0.34859401036519794,0.34859417935855685,0.34859435087280793,0.34859452477562575,0.34859470093284145,0.3485948792085466,0.3485950594651981,0.3485952415637237,0.34859542536362986,0.3485956107231102,0.34859579749915404,0.3485959855476578,0.34859617472353555,0.34859636488083096,0.3485965558728302,0.34859674755217496,0.34859693977097583,0.3485971323809271,0.34859732523342046,0.34859751817966017,0.3485977110707776,0.3485979037579461,0.348598096092496,0.34859828792602904,0.34859847911053315,0.34859866949849666,0.34859885894302184,0.34859904729793834,0.34859923441791624,0.348599420158578,0.34859960437660964,0.34859978692987165,0.34859996767750884,0.34860014648005855,0.34860032319955847,0.3486004976996531,0.3486006698456993,0.3391930622363744,0.3391932562246179,0.33919344918480065,0.33919364096803956,0.33919383142635895,0.3391940204128051,0.3391942077815592,0.33919439338805035,0.3391945770890669
0.3580068409969738,0.35800698381269536,0.35800712315007044,0.3580072589015844,0.3580073909624891,0.3580075192308841,0.35800764360779486,0.3580077639972496,0.358007880306353,0.3580079924453581,0.3580081003277356,0.35800820387024057,0.3580083029929766,0.3580083976194576,0.35800848767666676,0.3580085730951131,0.35800865380888497,0.35800872975570075,0.3580088008769571,0.3580088671177743,0.3580089284270385,0.3580089847574412,0.35800903606551554,0.35800908231167017,0.3580091234602197,0.3580091594794123,0.3486035441843173,0.34860363424692764,0.34860371953527747,0.3486037999835552,0.34860387552968364,0.34860394611536855,0.348604011686143,0.3486040721914099,0.34860412758448067,0.34860417782261177,0.34860422286703713,0.3486042626829985,0.3486042972397721,0.3486043265106922,0.34860435047317206,0.3486043691087212,0.3486043824029595,0.34860439034562846,0.3486043929305992,0.34860439015587696,0.34860438202360294,0.34860436854005233,0.34860434971562965,0.34860432556486076,0.3486042961063815,0.34860426136292344,0.34860422136129615,0.34860417613236677,0.34860412571103594,0.34860407013621103,0.34860400945077585,0.3486039437015581,0.34860387293929246,0.34860379721858203,0.34860371659785605,0.34860363113932447,0.34860354090893053,0.34860344597629905,0.3486033464146836,0.34860324230090933,0.34860313371531376,0.3486030207416851,0.3486029034671969,0.34860278198234185,0.34860265638086074,0.34860252675967085,0.348602393218791,0.3486022558612642,0.3486021147930783,0.3486019701230841,0.3486018219629112,0.3486016704268823,0.34860151563192415,0.34860135769747846,0.34860119674540874,0.34860103289990646,0.34860086628739545,0.3486006970364343,0.3486005252776169,0.348600351143472,0.3486001747683605,0.34859999628837224,0.3485998158412207,0.3485996335661365,0.3485994496037607,0.3485992640960355,0.348599077186095,0.34859888901815483,0.34859869973740093,0.34859850948987714,0.348598318422373,0.3485981266823099,0.348597934417628,0.3485977417766717,0.3485975489080751,0.3485973559606474,0.3485971630832584,0.348596970424723,0.34859677813368706,0.3485965863585125,0.34859639524716207,0.3579990494997358,0.35799888795831486,0.35799872918499515,0.35799857330227164,0.35799842043040864,0.35799827068734746,0.35799812418861526,0.3579979810472357,0.35799784137364216,0.35799770527559227,0.357997572858085,0.35799744422327945,0.3579973194704163,0.3579971986957411,0.3579970819924299,0.3579969694505179,0.35799686115682944,0.35799675719491125,0.3579966576449682,0.357996562583801,0.3579964720847476,0.357996386217626,0.35799630504868063,0.3579962286405315,0.3579961570521255,0.35799609033869134,0.35799602855169665,0.35799597173880837,0.357995919943856,0.35799587320679793,0.3579958315636903,0.35799579504665957,0.35799576368387753,0.3579957374995396,0.35799571651384604,0.36740076286095547,0.3674008160627201,0.36740087413944617,0.36740093704632865,0.3674010047348365,0.3674010771527495,0.3674011542441988,0.36740123594970986,0.36740132220624855,0.3674014129472694,0.3674015081027674,0.3674016075993316,0.36740171136020183,0.367401819305328,0.36740193135143173,0.3674020474120708,0.3674021673977053,0.36740229121576745,0.3674024187707324,0.36740254996419197,0.3674026846949309,0.3674028228590047,0.36740296434981967,0.3674031090582154,0.36740325687254877,0.3674034076787802,0.36740356136056174,0.3674037177993262,0.36740387687437936,0.3674040384629927,0.36740420244049826,0.36740436868038445,0.3674045370543938,0.3674047074326224,0.3674048796836192,0.36740505367448817,0.3674052292709905,0.3674054063376482,0.36740558473784857,0.36740576433394956,0.3674059449873862,0.3674061265587774,0.3674063089080332,0.36740649189446317,0.3674066753768848,0.3674068592137326,0.36740704326316703,0.3674072273831843,0.36740741143172556,0.3674075952667868,0.3674077787465282,0.36740796172938367,0.3674081440741702,0.3674083256401967,0.3674085062873722,0.36740868587631453,0.36740886426845776,0.3674090413261586,0.3674092169128033,0.36740939089291264,0.36740956313224654,0.3674097334979078,0.36740990185844435,0.36741006808395127,0.3674102320461703,0.36741039361858935,0.36741055267653977,0.36741070909729306,0.36741086276015494,0.367411013546559,0.36741116134015783,0.3674113060269134,0.3674114474951843,0.3674115856358122,0.36741172034220665,0.3674118515104263,0.3674119790392602,0.36741210283030484,0.3580058856954623,0.3580060475059999,0.3580062065606523,0.3580063627366925,0.3580065159136146,0.35800666597322606,0.35800681279973956,0.3580069562798626,0.3580070963028838,0.3580072327607596,0.3580073655481968,0.3580074945627344,0.3580076197048223,0.3580077408778981,0.3580078579884621,0.35800797094614883,0.35800807966379733,0.35800818405751816,0.35800828404675805,0.3580083795543625,0.35800847050663465
0.3768178568330805,0.3768178855298809,0.37681790929689524,0.37681792811578435,0.37681794197202684,0.3768179508549306,0.3768179547576415,0.37681795367714793,0.3768179476142836,0.376817936573727,0.3674135638837804,0.36741360620678387,0.3674136435364326,0.3674136758439217,0.3674137031043214,0.36741372529659666,0.36741374240362307,0.3674137544122001,0.3674137613130615,0.36741376310088236,0.3674137597742831,0.36741375133583054,0.3674137377920363,0.3674137191533512,0.36741369543415753,0.36741366665275804,0.3674136328313614,0.3674135939960655,0.3674135501768372,0.36741350140748885,0.36741344772565265,0.3674133891727516,0.3674133257939668,0.3674132576382037,0.3674131847580534,0.36741310720975257,0.36741302505313994,0.36741293835160993,0.367412847172064,0.36741275158485875,0.367412651663752,0.3674125474858451,0.3674124391315245,0.36741232668439877,0.36741221023123455,0.3580087892580107,0.3580087173214113,0.35800864056884724,0.35800855905954365,0.3580084728563957,0.3580083820259208,0.35800828663820666,0.3580081867668573,0.35800808248893634,0.35800797388490785,0.35800786103857346,0.35800774403700836,0.3580076229704936,0.35800749793244707,0.35800736901935065,0.35800723633067616,0.3580070999688086,0.3580069600389668,0.35800681664912276,0.3580066699099178,0.3580065199345775,0.358006366838824,0.3580062107407869,0.3580060517609124,0.35800589002186956,0.35800572564845645,0.3580055587675033,0.3580053895077747,0.3580052179998706,0.358005044376125,0.35800486877050425,0.3580046913185033,0.3580045121570417,0.3580043314243571,0.35800414925989943,0.35800396580422283,0.3580037811988772,0.35800359558629896,0.3580034091097018,0.3580032219129648,0.3580030341405228,0.3580028459372542,0.35800265744836934,0.35800246881929854,0.35800228019557967,0.3580020917227463,0.3674043509193056,0.36740418491366467,0.3674040211839266,0.3674038598564117,0.36740370105558673,0.3674035449039684,0.36740339152202955,0.36740324102810573,0.3674030935383041,0.3674029491664138,0.3674028080238183,0.3674026702194093,0.36740253585950305,0.36740240504775784,0.36740227788509455,0.3674021544696186,0.36740203489654405,0.36740191925812077,0.3674018076435626,0.36740170013897894,0.3674015968273082,0.367401497788254,0.36740140309822344,0.36740131283026844,0.367401227054029,0.36740114583568007,0.36740106923787985,0.3674009973197221,0.3674009301366901,0.36740086774061403,0.36740081017963105,0.36740075749814816,0.36740070973680766,0.3674006669324563,0.3768051162271588,0.3768051465749811,0.3768051818218289,0.3768052219405103,0.3768052669000745,0.3768053166658362,0.37680537119940205,0.37680543045870063,0.37680549439801436,0.37680556296801554,0.37680563611580337,0.3768057137849457,0.376805795915522,0.3768058824441698,0.37680597330413346,0.37680606842531567,0.3768061677343316,0.3768062711545654,0.37680637860622934,0.37680649000642524,0.3768066052692087,0.37680672430565515,0.37680684702392836,0.37680697332935137,0.3862131099312717,0.3862132716621624,0.38621343515144363,0.3862136002729787,0.3862137668993711,0.38621393490206335,0.3862141041514352,0.3862142745169047,0.3862144458670282,0.38621461806960194,0.38621479099176437,0.386214964500098,0.3862151384607332,0.38621531273945064,0.3862154872017853,0.38621566171313015,0.38621583613884003,0.3862160103443354,0.38621618419520637,0.38621635755731615,0.38621653029690484,0.38621670228069244,0.38621687337598176,0.3862170434507607,0.38621721237380446,0.38621738001477623,0.3862175462443282,0.3862177109342014,0.3862178739573243,0.38621803518791126,0.3862181945015592,0.3862183517753441,0.3862185068879152,0.3862186597195893,0.38621881015244286,0.38621895807040285,0.3862191033593363,0.3862192459071389,0.3862193856038209,0.38621952234159235,0.38621965601494607,0.3862197865207391,0.3862199137582726,0.38622003762936913,0.3862201580384489,0.3862202748926029,0.38622038810166526,0.3862204975782824,0.3862206032379808,0.38622070499923167,0.3862208027835143,0.38622089651537683,0.3862209861224938,0.38622107153572266,0.38622115268915685,0.38622122952017646,0.386221301969497,0.386221369981215,0.3862214335028506,0.38622149248538923,0.37681662943284944,0.3768167363244162,0.3768168391729545,0.3768169378991044,0.37681703242668685,0.37681712268276196,0.3768172085976862,0.3768172901051653,0.3768173671423061,0.37681743964966474,0.3768175075712924,0.3768175708547788,0.37681762945129255,0.3768176833156189,0.37681773240619443,0.37681777668513927,0.3768178161182863,0.3768178506752078,0.37681788032923835,0.376817905057496,0.3768179248408995,0.3768179396641834,0.3768179495159094,0.3768179543884758,0.3768179542781226,0.37681794918493494,0.376817939112843,0.3674135550667819,0.36741359835816934,0.3674136366622583,0.3674136699494919,0.36741369819418457
0.3862217378256234,0.38622170513682313,0.3862216676993257,0.3862216255420188,0.386221578697432,0.3862215272017123,0.3862214710945949,0.3862214104193737,0.3862213452228672,0.38622127555538266,0.3862212014706771,0.38622112302591627,0.3862210402816296,0.3862209533016646,0.3862208621531367,0.3862207669063778,0.3862206676348822,0.3862205644152495,0.38622045732712545,0.38622034645314085,0.38622023187884763,0.38622011369265274,0.38621999198574974,0.37681727103245105,0.3768171884659289,0.37681710150749587,0.3768170102242512,0.3768169146866312,0.37681681496835495,0.376816711146367,0.3768166033007786,0.37681649151480545,0.37681637587470335,0.3768162564697023,0.3768161333919366,0.376816006736375,0.37681587660074617,0.37681574308546406,0.3768156062935501,0.37681546633055407,0.37681532330447187,0.37681517732566294,0.37681502850676474,0.3768148769626059,0.3768147228101175,0.37681456616824305,0.3768144071578463,0.3768142459016186,0.37681408252398346,0.37681391715100127,0.37681374991027144,0.3768135809308342,0.3768134103430711,0.37681323827860425,0.37681306487019467,0.3768128902516401,0.3768127145576716,0.3768125379238496,0.3768123604864594,0.3768121823824056,0.3768120037491072,0.37681182472439106,0.37681164544638535,0.37681146605341376,0.3768112866838877,0.3768111074762007,0.3768109285686206,0.37681075009918347,0.37681057220558695,0.3768103950250839,0.3768102186943768,0.3768100433495119,0.37680986912577447,0.3768096961575846,0.3768095245783931,0.3768093545205789,0.37680918611534653,0.37680901949262563,0.3768088547809697,0.37680869210745793,0.37680853159759636,0.3768083733752216,0.3768082175624051,0.37680806427935887,0.376807913644343,0.3768077657735743,0.37680762078113655,0.37680747877889265,0.3768073398763983,0.3768072041808176,0.3768070717968401,0.37680694282660027,0.37680681736959876,0.3768066955226254,0.37680657737968487,0.37680646303192383,0.376806352567561,0.37680624607181884,0.37680614362685794,0.3768060453117135,0.3768059512022347,0.37680586137102584,0.37680577588739045,0.3768056948172779,0.3768056182232326,0.3768055461643457,0.3768054786962092,0.3768054158708737,0.37680535773680757,0.3862092795430148,0.3862092925503683,0.38620931038601397,0.386209333036192,0.3862093604834282,0.3862093927065474,0.3862094296806903,0.38620947137733186,0.38620951776430396,0.38620956880581975,0.3862096244625016,0.3862096846914113,0.38620974944608316,0.3862098186765598,0.3862098923294308,0.3862099703478742,0.3862100526716994,0.38621013923739467,0.3862102299781753,0.38621032482403567,0.38621042370180286,0.39561584190397797,0.39561598515361046,0.3956161308635535,0.3956162789213893,0.3956164292128881,0.3956165816220967,0.39561673603142744,0.3956168923217499,0.3956170503724815,0.3956172100616816,0.39561737126614477,0.3956175338614966,0.39561769772228894,0.39561786272209704,0.39561802873361723,0.3956181956287647,0.3956183632787728,0.39561853155429205,0.39561870032548985,0.3956188694621511,0.39561903883377814,0.39561920830969205,0.3956193777591327,0.4050244647952643,0.4050246145668882,0.4050247624023778,0.40502490818766534,0.405025051810265,0.40502519315935925,0.4050253321258846,0.4050254686026155,0.4050256024842478,0.4050257336674789,0.4050258620510885,0.405025987536016,0.4050261100254375,0.40502622942484,0.40502634564209483,0.4050264585875284,0.4050265681739914,0.4050266743169264,0.40502677693443273,0.40502687594732995,0.4050269712792188,0.40502706285654005,0.40502715060863187,0.4050272344677835,0.405027314369288,0.40502739025149254,0.40502746205584483,0.4050275297269398,0.40502759321256127,0.40502765246372247,0.40502770743470423,0.4050277580830899,0.4050278043697982,0.4050278462591132,0.4050278837187125,0.40502791671969135,0.4050279452365855,0.4050279692473907,0.40502798873357965,0.40502800368011643,0.4050280140754679,0.4050280199116129,0.40502802118404785,0.40502801789179127,0.3956250252359605,0.39562507101082245,0.3956251122356098,0.39562514887851247,0.395625180911256,0.39562520830912284,0.3956252310509724,0.3956252491192564,0.39562526250003277,0.3956252711829766,0.3956252751613879,0.3956252744321968,0.39562526899596606,0.39562525885689037,0.39562524402279325,0.39562522450512116,0.3956252003189344,0.3956251714828956,0.39562513801925553,0.39562509995383555,0.3956250573160077,0.3956250101386725,0.3956249584582332,0.3956249023145675,0.39562484175099716,0.39562477681425423,0.3956247075544455,0.38622179280138647,0.3862217706176958,0.3862217436347808,0.3862217118734623,0.3862216753582484,0.3862216341173152,0.38622158818248536,0.38622153758920347,0.3862214823765087,0.3862214225870046,0.38622135826682646,0.38622128946560513,0.3862212162364295,0.3862211386358048,0.38622105672360946,0.38622097056304877,0.38622088022060597
0.40502590791947046,0.4050257805762203,0.4050256503971539,0.40502551748271687,0.4050253819354656,0.40502524385998734,0.40502510336282,0.40502496055236975,0.40502481553882774,0.39562353890315155,0.3956234188087325,0.39562329543910213,0.3956231688894528,0.39562303925743064,0.39562290664305994,0.3956227711486658,0.39562263287879557,0.39562249194013765,0.39562234844143973,0.39562220249342434,0.39562205420870383,0.3956219037016931,0.39562175108852154,0.39562159648694356,0.39562144001624716,0.3956212817971625,0.3956211219517684,0.39562096060339824,0.3956207978765446,0.3956206338967636,0.3956204687905778,0.3956203026853781,0.3956201357093265,0.3956199679912561,0.3956197996605726,0.39561963084715357,0.38621797547580283,0.3862178135643287,0.38621764990691676,0.386217484629842,0.3862173178606288,0.3862171497279526,0.3862169803615405,0.38621680989207097,0.3862166384510734,0.3862164661708266,0.3862162931842562,0.38621611962483265,0.386215945626468,0.3862157713234128,0.3862155968501518,0.3862154223413014,0.38621524793150447,0.38621507375532754,0.38621489994715635,0.3862147266410923,0.386214553970849,0.3862143820696493,0.3862142110701224,0.38621404110420104,0.3862138723030206,0.38621370479681727,0.38621353871482783,0.38621337418519,0.38621321133484315,0.38621305028943115,0.3862128911732046,0.3862127341089257,0.386212579217773,0.38621242661924826,0.38621227643108413,0.38621212876915334,0.3862119837473793,0.38621184147764825,0.386211702069723,0.3862115656311582,0.38621143226721716,0.3862113020807914,0.38621117517232023,0.38621105163971403,0.3862109315782785,0.386210815080641,0.38621070223667964,0.38621059313345313,0.38621048785513423,0.38621038648294476,0.38621028909509286,0.38621019576671234,0.3862101065698053,0.38621002157318646,0.38620994084242993,0.38620986443981825,0.3956130842561432,0.3956130760313876,0.39561307251133354,0.39561307369869675,0.3956130795925612,0.3956130901883798,0.3956131054779781,0.39561312544956045,0.395613150087719,0.39561317937344587,0.39561321328414756,0.39561325179366225,0.39561329487228075,0.39561334248676816,0.3956133946003907,0.39561345117294333,0.395613512160781,0.39561357751685217,0.39561364719073555,0.3956137211286781,0.39561379927363766,0.3956138815653258,0.4050184170685132,0.4050185469712906,0.405018679619383,0.40501881491045044,0.40501895274011335,0.4050190930020339,0.4050192355879971,0.4050193803879945,0.40501952729030977,0.4050196761816041,0.4050198269470038,0.4050199794701891,0.40502013363348366,0.40502028931794565,0.4050204464034593,0.4050206047688276,0.4050207642918656,0.40502092484949503,0.40502108631783934,0.41442509340475736,0.4144252487401673,0.4144254030615299,0.4144255562497754,0.4144257081867078,0.41442585875509663,0.4144260078387668,0.4144261553226888,0.41442630109306705,0.4144264450374278,0.4144265870447064,0.414426727005332,0.4144268648113132,0.41442700035632035,0.41442713353576877,0.4144272642468984,0.41442739238885345,0.4144275178627608,0.41442764057180503,0.41442776042130475,0.4144278773187841,0.41442799117404533,0.4144281018992376,0.4144282094089254,0.4144283136201538,0.41442841445251316,0.41442851182820073,0.41442860567208084,0.414428695911743,0.4144287824775573,0.4144288653027291,0.41442894432334954,0.4144290194784455,0.4144290907100265,0.4144291579631292,0.4144292211858603,0.4144292803294362,0.414429335348221,0.4144293861997613,0.4144294328448192,0.4144294752474026,0.41442951337479306,0.4144295471975707,0.41442957668963726,0.4144296018282364,0.4144296225939703,0.41442963897081597,0.41442965094613676,0.41442965851069224,0.41442966165864537,0.4144296603875672,0.41442965469843845,0.4144296445956491,0.4144296300869945,0.41442961118367,0.41442958790026163,0.41442956025473526,0.4144295282684226,0.41442949196600515,0.41442945137549425,0.41442940652821036,0.41442935745875836,0.414429304205001,0.4144292468080296,0.4144291853121327,0.4144291197647614,0.41442905021649273,0.41442897672099127,0.41442889933496696,0.4144288181181316,0.41442873313315304,0.4144286444456064,0.4144285521239239,0.4144284562393414,0.41442835686584417,0.41442825408010936,0.4144281479614467,0.4144280385917379,0.4144279260553726,0.4050273571723781,0.40502727950418205,0.4050271978435883,0.4050271122536072,0.40502702280028124,0.4050269295526336,0.4050268325826151,0.4050267319650489,0.40502662777757226,0.4050265201005771,0.40502640901714765,0.40502629461299644,0.40502617697639814,0.40502605619812143,0.40502593237135903,0.4050258055916555,0.40502567595683403,0.4050255435669203,0.40502540852406566,0.4050252709324686,0.4050251308982934,0.4050249885295894,0.4050248439362067,0.40502469722971157,0.39562344244730324,0.39562331970787773,0.39562319376970734,0.39562306472996656,0.3956229326882225
0.41442589319148315,0.41442574295444407,0.4144255913220354,0.41442543841125296,0.41442528434007836,0.4144251292273887,0.4144249731928641,0.4144248163568959,0.41442465884049323,0.41442450076519016,0.4144243422529517,0.41442418342607973,0.41442402440711845,0.4144238653187602,0.41442370628375036,0.414423547424793,0.41442338886445607,0.4144232307250768,0.41442307312866744,0.4144229161968209,0.4050229456995907,0.4050227827253145,0.4050226192283045,0.40502245533470865,0.4050222911709807,0.40502212686378264,0.4050219625398868,0.4050217983260779,0.4050216343490557,0.4050214707353367,0.40502130761115696,0.4050211451023745,0.40502098333437214,0.4050208224319609,0.4050206625192839,0.4050205037197199,0.4050203461557889,0.4050201899490571,0.40502003522004343,0.4050198820881263,0.4050197306714518,0.4050195810868421,0.40501943344970603,0.4050192878739495,0.4050191444718874,0.4050190033541579,0.40501886462963604,0.4050187284053507,0.40501859478640106,0.40501846387587637,0.4050183357747761,0.40501821058193177,0.4050180883939312,0.40501796930504363,0.40501785340714724,0.40501774078965813,0.4050176315394613,0.4050175257408439,0.4050174234754299,0.4050173248221173,0.4050172298570173,0.4050171386533955,0.4050170512816155,0.4050169678090844,0.40501688830020094,0.40501681281630597,0.40501674141563504,0.40501667415327336,0.40501661108111325,0.40501655224781474,0.405016497698767,0.4050164474760543,0.405016401618423,0.40501636016125175,0.4050163231365245,0.40501629057280536,0.40501626249521683,0.4050162389254204,0.4050162198816001,0.40501620537844785,0.4050161954271528,0.405016190035392,0.40501618920732557,0.40501619294359187,0.40501620124130866,0.40501621409407434,0.4050162314919732,0.4050162534215828,0.4050162798659849,0.4050163108047778,0.4050163462140925,0.40501638606661133,0.40501643033158835,0.4050164789748734,0.405016531958939,0.405016589242908,0.40501665078258653,0.4050167165304971,0.40501678643591554,0.4144200696571146,0.4144201885457992,0.4144203103245878,0.41442043489952635,0.4144205621745033,0.4144206920513238,0.41442082442978573,0.4144209592077561,0.4144210962812512,0.41442123554451543,0.4144213768901038,0.4144215202089646,0.41442166539052333,0.4144218123227682,0.41442196089233646,0.4144221109846018,0.41442226248376296,0.41442241527293283,0.41442256923422893,0.4144227242488641,0.4238250126170239,0.423825163964831,0.42382531449876326,0.42382546410267363,0.42382561266113233,0.42382576005951594,0.42382590618409594,0.4238260509221264,0.42382619416193096,0.423826335792989,0.42382647570602106,0.42382661379307285,0.4238267499475991,0.42382688406454516,0.4238270160404284,0.42382714577341796,0.42382727316341373,0.42382739811212267,0.42382752052313566,0.4238276403020014,0.42382775735629935,0.42382787159571095,0.4238279829320897,0.4238280912795286,0.4238281965544271,0.42382829867555527,0.42382839756411606,0.4332270524836952,0.43322709547311217,0.43322713450070416,0.43322716953635704,0.433227200553037,0.43322722752681103,0.4332272504368661,0.4332272692655244,0.43322728399825755,0.4332272946236976,0.43322730113364577,0.4332273035230791,0.4332273017901536,0.43322729593620657,0.433227285965755,0.43322727188649224,0.43322725370928183,0.4332272314481498,0.4332272051202728,0.433227174745966,0.43322714034866633,0.43322710195491526,0.4332270595943377,0.4332270132996196,0.4332269631064824,0.4332269090536554,0.43322685118284643,0.43322678953870897,0.433226724168808,0.43322665512358355,0.433226582456311,0.43322650622306114,0.4332264264826557,0.4332263432966226,0.4332262567291485,0.4332261668470288,0.43322607371961686,0.43322597741876967,0.43322587801879275,0.433225775596383,0.4332256702305692,0.433225562002651,0.4332254509961365,0.4332253372966776,0.4238287835164168,0.42382869933637934,0.42382861161462354,0.42382852041883595,0.42382842581938357,0.42382832788925967,0.4238282267040272,0.4238281223417608,0.42382801488298655,0.4238279044106192,0.4238277910098991,0.4238276747683257,0.4238275557755905,0.4238274341235076,0.42382730990594253,0.42382718321874063,0.4238270541596523,0.4238269228282581,0.4238267893258917,0.42382665375556133,0.4238265162218709,0.4238263768309391,0.4238262356903172,0.42382609290890644,0.42382594859687384,0.42382580286556687,0.4238256558274283,0.42382550759590876,0.4238253582853795,0.42382520801104395,0.42382505688884897,0.4144266467490158,0.4144265055977523,0.414426362462679,0.41442621745423663,0.41442607068431114,0.41442592226614705,0.4144257723142607,0.41442562094435154,0.41442546827321264,0.41442531441864106,0.4144251594993467,0.41442500363486046,0.41442484694544246,0.41442468955198897,0.4144245315759394,0.4144243731391819,0.41442421436396026,0.41442405537277904,0.41442389628830906,0.41442373723329273
0.4332201333302351,0.4332199945934546,0.4332198573736906,0.4238236481800479,0.423823495133888,0.42382334256145276,0.42382319058045903,0.4238230393081673,0.4238228888612906,0.4238227393559054,0.42382259090736113,0.42382244363019184,0.4238222976380273,0.4238221530435059,0.42382200995818725,0.4238218684924665,0.4238217287554889,0.4238215908550657,0.42382145489759115,0.42382132098796005,0.423821189229487,0.42382105972382705,0.42382093257089665,0.42382080786879706,0.42382068571373843,0.42382056619996566,0.42382044941968566,0.4238203354629964,0.4238202244178171,0.4238201163698205,0.4238200114023672,0.42381990959644056,0.414420990545678,0.41442085523028505,0.4144207222906376,0.41442059182930124,0.41442046394692916,0.414420338742185,0.4144202163116662,0.41442009674982966,0.4144199801489189,0.41441986659889296,0.4144197561873568,0.41441964899949396,0.4144195451180009,0.41441944462302277,0.41441934759209204,0.41441925410006863,0.41441916421908176,0.41441907801847505,0.4144189955647525,0.41441891692152694,0.4144188421494717,0.41441877130627347,0.41441870444658757,0.41441864162199604,0.41441858288096783,0.4144185282688214,0.4144184778276899,0.4144184315964882,0.41441838961088356,0.4144183519032676,0.41441831850273136,0.41441828943504333,0.41441826472262877,0.41441824438455327,0.4144182284365075,0.4144182168907952,0.41441820975632376,0.41441820703859744,0.4144182087397129,0.4144182148583578,0.4144182253898115,0.4144182403259492,0.4144182596552478,0.4144182833627948,0.4144183114303002,0.41441834383611,0.4144183805552233,0.41441842155931163,0.41441846681674066,0.4144185162925944,0.4238198998589011,0.4238200013528646,0.423820106016108,0.42382021376788254,0.42382032452505647,0.4238204382021792,0.423820554711547,0.4238206739632712,0.42382079586534693,0.4238209203237245,0.4238210472423818,0.4238211765233984,0.42382130806703106,0.4238214417717907,0.42382157753452065,0.4238217152504764,0.42382185481340606,0.42382199611563276,0.42382213904813726,0.4238222835006425,0.4238224293616983,0.4238225765187676,0.4238227248583131,0.42382287426588505,0.4238230246262095,0.43322291558901105,0.43322306122401155,0.43322320600996755,0.43322334983516686,0.43322349258863835,0.4332236341602376,0.4332237744407319,0.43322391332188454,0.4332240506965381,0.43322418645869754,0.4332243205036117,0.4332244527278543,0.43322458302940353,0.43322471130772094,0.4332248374638292,0.43322496140038796,0.43322508302176943,0.43322520223413213,0.43322531894549293,0.43322543306579864,0.4332255445069948,0.43322565318309414,0.433225759010243,0.4332258619067855,0.4332259617933272,0.4332260585927958,0.43322615223050087,0.44262168299971943,0.44262172226741725,0.44262175770055134,0.44262178927178114,0.4426218169567461,0.4426218407340842,0.4426218605854487,0.4426218764955221,0.4426218884520281,0.44262189644574096,0.44262190047049255,0.4426219005231773,0.4426218966037549,0.4426218887152492,0.4426218768637472,0.44262186105839363,0.44262184131138416,0.44262181763795555,0.44262179005637453,0.44262175858792324,0.442621723256883,0.44262168409051544,0.4426216411190416,0.4426215943756187,0.44262154389631414,0.442621489720078,0.442621431888713,0.4426213704468421,0.442621305441874,0.44262123692396677,0.442621164945989,0.44262108956347906,0.4426210108346022,0.4426209288201055,0.4426208435832714,0.4426207551898686,0.44262066370810105,0.44262056920855575,0.44262047176414837,0.4426203714500663,0.44262026834371127,0.4426201625246394,0.4426200540744999,0.44261994307697167,0.44261982961769936,0.4426197137842266,0.4426195956659291,0.4426194753539453,0.44261935294110594,0.4426192285218627,0.4426191021922152,0.44261897404963707,0.4426188441930003,0.4426187127224995,0.4426185797395741,0.44261844534683037,0.4426183096479625,0.4426181727476717,0.4426180347515864,0.4426178957661801,0.44261775589868946,0.4426176152570316,0.4426174739497206,0.4426173320857843,0.4332242079250703,0.43322407242942884,0.4332239353045245,0.43322379665615995,0.4332236565913128,0.4332235152180534,0.4332233726454616,0.4332232289835423,0.4332230843431406,0.4332229388358565,0.4332227925739584,0.4332226456702971,0.43322249823821785,0.43322235039147367,0.4332222022441373,0.43322205391051316,0.43322190550504897,0.43322175714224787,0.4332216089365797,0.43322146100239295,0.43322131345382636,0.43322116640472097,0.433221019968532,0.43322087425824185,0.4332207293862724,0.4332205854643988,0.43322044260366244,0.4332203009142863,0.43322016050558915,0.4332200214859014,0.43321988396248157,0.42382367801875254,0.4238235248940934,0.4238233722201975,0.4238232201148601,0.42382306869543734,0.42382291807875627,0.423822768381024,0.4238226197177387,0.42382247220360003,0.4238223259524207,0.42382218107703884,0.423822037689231
0.44261344301200906,0.44261333474873493,0.4426132291223996,0.4426131262144959,0.442613026104419,0.4426129288694056,0.44261283458447415,0.4426127433223668,0.44261265515349346,0.43321894803698424,0.43321882664943173,0.4332187076799972,0.43321859122046824,0.43321847736069574,0.43321836618852466,0.4332182577897264,0.43321815224793214,0.4332180496445692,0.4332179500587975,0.43321785356744874,0.433217760244967,0.4332176701633519,0.4332175833921021,0.4332174999981624,0.433217420045872,0.43321734359691466,0.4332172707102713,0.4332172014421743,0.43321713584606436,0.4332170739725491,0.43321701586936423,0.43321696158133655,0.43321691115034927,0.4332168646153101,0.43321682201212086,0.4332167833736499,0.4332167487297069,0.4332167181070196,0.4332166915292133,0.43321666901679295,0.4332166505871267,0.43321663625443313,0.43321662602976985,0.43321661992102506,0.4332166179329118,0.4332166200669639,0.43321662632153474,0.43321663669179916,0.4332166511697564,0.4332166697442368,0.4332166924009102,0.4332167191222968,0.4332167498877813,0.433216784673628,0.43321682345299967,0.43321686619597805,0.4332169128695868,0.43321696343781724,0.4332170178616559,0.4332170760991147,0.4332171381052632,0.43321720383226336,0.4332172732294067,0.43321734624315283,0.4332174228171714,0.43321750289238486,0.4332175864070147,0.4332176732966287,0.43321776349419067,0.43321785693011233,0.4332179535323068,0.43321805322624435,0.4332181559350098,0.43321826157936183,0.4332183700777943,0.43321848134659874,0.4332185952999295,0.43321871184986926,0.4332188309064976,0.43321895237795954,0.43321907617053734,0.43321920218872184,0.43321933033528703,0.43321946051136434,0.4332195926165193,0.4332197265488289,0.43321986220496017,0.43321999948025025,0.4332201382687864,0.4332202784634886,0.4332204199561912,0.43322056263772746,0.43322070639801274,0.4332208511261302,0.4332209967104158,0.4332211430385449,0.43322128999761866,0.44261803107741965,0.44261816910112406,0.4426183060318474,0.44261844176393805,0.44261857619266887,0.44261870921431806,0.4426188407262496,0.4426189706269919,0.44261909881631645,0.4426192251953151,0.4426193496664762,0.4426194721337601,0.44261959250267313,0.44261971068034045,0.44261982657557797,0.4426199400989624,0.4426200511629004,0.44262015968169643,0.4426202655716182,0.44262036875096217,0.4426204691401157,0.4426205666616195,0.4426206612402261,0.4426207528029593,0.44262084127916956,0.4426209266005889,0.44262100870138327,0.44262108751820395,0.4426211629902358,0.44262123505924444,0.44262130366962144,0.44262136876842684,0.4520126795089356,0.4520126888547545,0.452012694383876,0.452012696092034,0.45201269397791016,0.452012688043136,0.45201267829229075,0.45201266473289825,0.45201264737542096,0.452012626233252,0.4520126013227049,0.45201257266300054,0.452012540276253,0.45201250418745215,0.45201246442444404,0.4520124210179102,0.45201237400134314,0.45201232341102093,0.45201226928597926,0.45201221166798106,0.45201215060148453,0.4520120861336085,0.45201201831409654,0.452011947195278,0.4520118728320281,0.45201179528172547,0.45201171460420764,0.45201163086172497,0.452011544118893,0.45201145444264185,0.45201136190216523,0.45201126656886675,0.4520111685163047,0.4520110678201356,0.4520109645580555,0.4520108588097405,0.4520107506567845,0.4520106401826369,0.45201052747253795,0.4520104126134531,0.4520102956940055,0.45201017680440825,0.45201005603639427,0.4520099334831457,0.4520098092392219,0.4520096834004866,0.4520095560640341,0.45200942732811383,0.45200929729205497,0.4520091660561898,0.45200903372177587,0.45200890039091846,0.4520087661664914,0.45200863115205764,0.4520084954517897,0.452008359170389,0.45200822241300503,0.45200808528515457,0.45200794789263987,0.45200781034146714,0.4520076727377651,0.4520075351877024,0.4520073977974065,0.45200726067288116,0.452007123919925,0.45200698764404973,0.4520068519503987,0.452006716943666,0.4520065827280153,0.45200644940700024,0.4520063170834834,0.4520061858595579,0.44261676125758453,0.4426166182579977,0.4426164753620014,0.4426163326798477,0.4426161903216232,0.4426160483971643,0.44261590701597275,0.44261576628713084,0.44261562631921736,0.4426154872202235,0.44261534909747036,0.44261521205752524,0.44261507620612,0.442614941648069,0.44261480848718915,0.44261467682621863,0.44261454676673834,0.44261441840909355,0.44261429185231627,0.4426141671940488,0.4426140445304686,0.4426139239562142,0.4426138055643115,0.44261368944610313,0.44261357569117693,0.44261346438729754,0.44261335562033816,0.44261324947421476,0.44261314603082114,0.44261304536996576,0.4426129475693102,0.4426128527043093,0.44261276084815276,0.44261267207170885,0.4332189719408802,0.4332188500934233,0.433218730645997,0.4332186136907574,0.43321849931793815,0.4332183876157799
0.45200345199444736,0.45200338485557573,0.4520033210785849,0.45200326071267954,0.4520032038044324,0.45200315039774885,0.4520031005338324,0.4520030542511538,0.4520030115854202,0.4520029725695487,0.4520029372336402,0.4520029056049567,0.45200287770789976,0.4426122630020437,0.4426121947339709,0.44261212998237404,0.4426120687972094,0.44261201122568167,0.44261195731220776,0.4426119070983821,0.442611860622945,0.4426118179217523,0.44261177902774845,0.44261174397094,0.44261171277837363,0.4426116854741142,0.44261166207922736,0.44261164261176217,0.4426116270867377,0.4426116155161317,0.4426116079088709,0.4426116042708243,0.4426116046047985,0.44261160891053614,0.44261161718471503,0.4426116294209518,0.44261164560980615,0.4426116657387884,0.4426116897923688,0.4426117177519902,0.4426117495960815,0.442611785300075,0.44261182483642486,0.4426118681746288,0.44261191528125104,0.4426119661199487,0.4426120206514993,0.44261207883383175,0.4426121406220577,0.44261220596850737,0.44261227482276533,0.44261234713171,0.4426124228395544,0.44261250188788903,0.4426125842157275,0.4426126697595529,0.44261275845336695,0.44261285022874136,0.4426129450148701,0.4426130427386242,0.4426131433246083,0.4426132466952185,0.4426133527707026,0.4426134614692211,0.4426135727069111,0.4426136863979503,0.44261380245462334,0.44261392078738987,0.4426140413049531,0.44261416391433045,0.44261428852092566,0.442614415028601,0.44261454333975186,0.4426146733553823,0.4426148049751809,0.4426149380975984,0.4426150726199263,0.4426152084383754,0.44261534544815667,0.44261548354356156,0.4426156226180438,0.44261576256430146,0.4426159032743598,0.44261604463965454,0.44261618655111573,0.4426163288992518,0.4426164715742339,0.44261661446598094,0.44261675746424445,0.4426169004586934,0.45200969683951414,0.4520098225134411,0.45200994658231447,0.4520100689504057,0.45201018952329797,0.45201030820795995,0.4520104249128167,0.45201053954782083,0.45201065202452184,0.45201076225613457,0.45201087015760577,0.4520109756456802,0.45201107863896445,0.45201117905799015,0.4520112768252748,0.45201137186538226,0.4520114641049803,0.45201155347289745,0.45201163990017795,0.45201172332013506,0.45201180366840227,0.45201188088298305,0.4520119549042991,0.45201202567523535,0.4520120931411853,0.45201215725009225,0.45201221795248964,0.4520122752015395,0.4520123289530685,0.45201237916560166,0.45201242580039497,0.4520124688214649,0.4520125081956163,0.4520125438924678,0.4520125758844756,0.45201260414695454,0.45201262865809705,0.4520126493989904,0.45201266635363063,0.46139884563164574,0.46139880895591606,0.4613987687664893,0.4613987250943755,0.4613986779732723,0.4613986274395382,0.46139857353216507,0.46139851629274764,0.4613984557654519,0.4613983919969805,0.46139832503653705,0.4613982549357879,0.4613981817488225,0.46139810553211175,0.4613980263444637,0.4613979442469793,0.4613978593030042,0.4613977715780805,0.46139768113989604,0.4613975880582319,0.46139749240490907,0.4613973942537324,0.46139729368043403,0.4613971907626151,0.46139708557968534,0.46139697821280223,0.4613968687448084,0.4613967572601672,0.46139664384489815,0.4613965285865102,0.4613964115739343,0.4613962928974545,0.4613961726486391,0.4613960509202688,0.4613959278062662,0.4613958034016227,0.4613956778023252,0.4613955511052825,0.4613954234082501,0.46139529480975494,0.46139516540901926,0.4613950353058842,0.46139490460073246,0.46139477339441143,0.46139464178815465,0.4613945098835044,0.46139437778223275,0.4613942455862633,0.46139411339759273,0.46139398131821185,0.46139384945002676,0.4613937178947809,0.46139358675397546,0.46139345612879223,0.4613933261200148,0.461393196827951,0.4613930683523556,0.461392940792353,0.4613928142463613,0.46139268881201606,0.4613925645860948,0.46139244166444277,0.4613923201418986,0.4613922001122214,0.46139208166801826,0.4613919649006731,0.4613918499002756,0.46139173675555223,0.46139162555379776,0.4613915163808075,0.4613914093208116,-0.423748571415925,0.45200605583646836,0.45200592711453247,0.4520057997930643,0.45200567397029673,0.45200554974330637,0.4520054272079387,0.4520053064587336,0.4520051875888528,0.45200507069000806,0.45200495585239014,0.4520048431645994,0.45200473271357744,0.45200462458454005,0.4520045188609112,0.45200441562425936,0.4520043149542336,0.4520042169285031,0.4520041216226966,0.45200402911034443,0.4520039394628213,0.45200385274929195,0.4520037690366573,0.45200368838950283,0.45200361087004887,0.4520035365381028,0.4520034654510129,0.45200339766362335,0.45200333322823316,0.4520032721945548,0.4520032146096763,0.4520031605180249,0.452003109961333,0.4520030629786054,0.4520030196060896,0.45200297987724775,0.4520029438227311,0.4520029114703558,0.452002882845082,0.4520028579689942,0.44261220774974863
0.46138956775893597,0.46138954661259624,0.4613895290989626,0.46138951523154675,0.46138950502104786,0.46138949847534305,0.46138949559948267,0.46138949639568533,0.46138950086333674,0.4613895089989901,0.46138952079636875,0.46138953624637086,0.46138955533707654,0.4613895780537573,0.4520028331918613,0.4520028166072241,0.4520028038228757,0.45200279484867945,0.4520027896915588,0.4520027883554926,0.45200279084151174,0.4520027971476981,0.4520028072691864,0.4520028211981679,0.4520028389238964,0.45200286043269633,0.45200288570797365,0.45200291473022813,0.45200294747706904,0.45200298392323207,0.45200302404059867,0.4520030677982181,0.4520031151623309,0.45200316609639546,0.4520032205611155,0.45200327851447125,0.45200333991175107,0.45200340470558625,0.4520034728459877,0.4520035442803845,0.45200361895366387,0.4520036968082146,0.4520037777839708,0.4520038618184585,0.45200394884684375,0.45200403880198287,0.45200413161447384,0.4520042272127103,0.45200432552293623,0.4520044264693035,0.4520045299739297,0.45200463595695894,0.45200474433662263,0.4520048550293034,0.45200496794959905,0.45200508301038855,0.4520052001228994,0.45200531919677583,0.4520054401401488,0.4520055628597067,0.4520056872607676,0.45200581324735173,0.4520059407222559,0.4520060695871289,0.4520061997425465,0.4520063310880887,0.45200646352241713,0.4520065969433533,0.4520067312479571,0.45200686633260667,0.452007002093078,0.4520071384246254,0.4520072752220627,0.45200741237984365,0.452007549792144,0.4520076873529431,0.4520078249561052,0.4520079624954619,0.45200809986489376,0.45200823695841225,0.4520083736702415,0.4520085098949,0.4520086455272819,0.4520087804627383,0.4520089145971575,0.4520090478270458,0.4520091800496076,0.4520093111628237,0.46139731792938965,0.4613974179308888,0.4613975154919973,0.46139761053743833,0.46139770299387584,0.46139779278997145,0.4613978798564393,0.4613979641260997,0.461398045533931,0.4613981240171193,0.4613981995151075,0.4613982719696419,0.46139834132481683,0.46139840752711814,0.4613984705254643,0.4613985302712461,0.46139858671836365,0.4613986398232626,0.46139868954496727,0.46139873584511226,0.4613987786879725,0.46139881804049043,0.46139885387230156,0.46139888615575797,0.46139891486594986,0.4613989399807243,0.4613989614807026,0.46139897934929547,0.4613989935727153,0.4613990041399876,0.46139901104295816,0.46139901427630087,0.46139901383752097,0.4613990097269568,0.4613990019477802,0.4613989905059937,0.4613989754104256,0.46139895667272385,0.4613989343073465,0.4613989083315506,0.4613988787653793,-0.4331262414548669,-0.43312660176870255,-0.43312696025562153,-0.43312731672833404,-0.4331276710029105,-0.43312802289847946,-0.43312837223691664,0.4707788993494467,0.4707788062175129,0.47077871073016314,0.47077861296107415,0.470778512985683,0.470778410881129,0.4707783067261939,0.470778200601242,0.47077809258815717,0.4707779827702797,0.470777871232343,0.4707777580604068,0.47077764334179206,0.47077752716501253,0.47077740961970727,0.4707772907965709,0.47077717078728387,0.4707770496844418,0.4707769275814838,0.4707768045726205,0.4707766807527614,0.4707765562174417,0.47077643106274814,0.47077630538524556,0.47077617928190185,0.4707760528500132,0.4707759261871294,0.47077579939097813,0.4707756725593897,0.4707755457902217,0.47077541918128346,0.4707752928302603,0.4707751668346386,0.4707750412916305,0.4707749162980982,0.47077479195048044,0.47077466834471715,0.4707745455761757,0.47077442373957756,0.4707743029289248,0.47077418323742776,0.4707740647574335,0.4707739475803539,0.47077383179659543,0.4707737174954898,0.47077360476522423,0.4707734936927741,0.4707733843638355,0.4707732768627594,0.47077317127248614,0.47077306767448185,0.4707729661486756,0.47077286677339714,0.4707727696253175,0.4707726747793889,0.47077258230878744,-0.4331383808621155,-0.43313828740864974,-0.4331381825111842,-0.4331380661954688,-0.4331379385014993,-0.43313779948372894,-0.4331376492112414,-0.4331374877678832,0.46139130445640963,0.46139120186850746,0.4613911016362541,0.4613910038369811,0.46139090854614306,0.4613908158372588,0.46139072578185547,0.4613906384494123,0.4613905539073083,0.46139047222076907,0.46139039345281735,0.4613903176642239,0.4613902449134608,0.46139017525665654,0.4613901087475523,0.46139004543746076,0.4613899853752266,0.4613899286071885,0.46138987517714386,0.4613898251263143,0.461389778493315,0.4613897353141234,0.461389695622053,0.46138965944772653,0.46138962681905266,0.461389597761205,0.4613895722966017,0.4613895504448891,0.46138953222292584,0.4613895176447704,0.4613895067216699,0.46138949946205154,0.46138949587151634,0.4613894959528343,0.46138949970594273,0.461389507127946,0.4613895182131181,0.4613895329529065,0.4613895513359397,0.4613895733480347,0.4613895989722092
0.470771256668135,0.4707712804245397,0.4707713076320416,0.4707713382696502,0.4707713723137278,0.4707714097380092,0.4707714505136211,0.4707714946091045,0.47077154199043925,0.4707715926210699,0.4707716464619342,-0.43312565838531875,-0.43312529073929257,-0.43312492173824424,0.46138960437888704,0.4613896342921556,0.4613896677704846,0.46138970478804536,0.46138974531627835,0.46138978932391567,0.46138983677700496,0.4613898876389357,0.46138994187046717,0.4613899994297593,0.4613900602724042,0.46139012435146115,0.46139019161749223,0.46139026201860067,0.461390335500471,0.46139041200641084,0.46139049147739447,0.4613905738521088,0.4613906590670002,0.4613907470563237,0.4613908377521939,0.4613909310846371,0.46139102698164514,0.46139112536923144,0.46139122617148765,0.46139132931064236,0.461391434707121,0.46139154227960755,0.46139165194510673,0.46139176361900847,0.461391877215153,0.4613919926458976,0.46139210982218337,0.46139222865360513,0.4613923490484804,0.4613924709139202,0.46139259415590084,0.4613927186793364,0.4613928443881522,0.46139297118535866,0.46139309897312664,0.46139322765286217,0.46139335712528323,0.46139348729049595,0.4613936180480717,0.4613937492971247,0.46139388093638983,0.4613940128643006,0.461394144979068,0.4613942771787581,0.46139440936137155,0.4613945414249224,0.4613946732675157,0.4613948047874273,0.46139493588318153,0.4613950664536301,0.46139519639802967,0.46139532561611973,0.46139545400820015,0.4613955814752078,0.46139570791879336,0.4613958332413967,0.4613959573463226,0.46139608013781536,0.46139620152113237,0.4613963214026171,0.4613964396897723,0.4613965562913302,0.4613966711173236,0.46139678407915524,0.461396895089666,0.46139700406320233,0.4613971109156821,0.4613972155646597,-0.4237299784841561,-0.42373029685031216,-0.42373062200952294,0.0,0.47077993834921883,0.4707799874622807,0.4707800333084889,0.47078007585246834,0.47078011506139245,0.47078015090500774,0.4707801833556572,0.4707802123883019,0.4707802379805404,0.4707802601126258,0.47078027876748085,0.4707802939307116,0.47078030559061795,0.4707803137382033,0.4707803183671808,0.4707803194739788,0.4707803170577433,0.47078031112033875,0.47078030166634643,0.4707802887030609,0.4707802722404847,0.4707802522913203,0.47078022887096066,0.4707802019974768,0.4707801716916042,0.4707801379767269,0.47078010087885924,0.47078006042662585,0.4707800166512396,0.47077996958647755,0.47077991926865465,0.4707798657365958,0.47077980903160643,0.4707797491974396,0.4707796862802632,0.4707796203286236,0.47077955139340877,0.4707794795278087,0.47077940478727415,0.4707793272294744,0.4707792469142523,0.4707791639035784,0.4707790782615026,0.4707789900541055,-0.44250778763560356,-0.44250813323383,-0.4425084794978752,-0.44250882628823246,-0.44250917346310775,-0.4425095208779158,-0.4425098683847915,-0.44251021583211825,-0.44251056306407704,-0.4425109099202203,-0.44251125623507154,-0.4425116018377558,-0.4425119465516618,-0.4425122901941398,-0.4425126325762361,-0.44251297350246815,-0.4425133127706403,-0.44251365017170335,-0.4425139854896591,-0.44251431850151046,-0.4425146489772603,-0.4425149766799567,-0.4425153013657883,-0.4425156227842282,-0.4425159406782272,-0.44251625478445644,-0.44251656483359797,-0.4425168705506842,-0.44251717165548415,-0.4425174678629354,-0.442517758883621,-0.44251804442428944,-0.4425183241884155,-0.4425185978768004,-0.44251886518820815,-0.4425191258200375,-0.44251937946902403,-0.44251962583197246,-0.442519864606514,-0.44252009549188637,-0.44252031818973436,-0.44252053240492467,-0.4425207378463752,-0.442520934227892,-0.4425211212690125,-0.4425212986958499,-0.44252146624193567,-0.4425216236490569,-0.4425217706680832,-0.44252190705978134,-0.44252203259561257,-0.4425221470585098,-0.4425222502436308,-0.44252234195908363,-0.4425224220266226,-0.4425224902823085,0.47077249228485646,0.4707724047770515,0.47077231985288687,0.4707722375778834,0.4707721580155181,0.4707720812271749,0.4707720072720975,0.47077193620734376,0.47077186808774124,0.47077180296584553,0.4707717408918992,0.4707716819137935,0.4707716260770307,0.4707715734246899,0.470771523997393,0.47077147783327394,0.470771434967949,0.47077139543448926,0.4707713592633953,0.4707713264825737,0.4707712971173151,0.4707712711902751,0.47077124872145687,0.47077122972819535,0.47077121422514395,0.4707712022242634,0.47077119373481263,0.47077118876334134,0.47077118731368506,0.4707711893869621,0.47077119498157305,0.47077120409320156,0.47077121671481786,0.4707712328366844,0.4707712524463627,0.47077127552872394,0.47077130206595963,0.4707713320375962,0.47077136542051,0.4707714021889458,0.4707714423145361,0.4707714857663238,0.4707715325107851,0.470771582511856,0.47077163573096004,-0.43312526123540107,-0.43312486302638364,-0.4331244658524745,-0.4331240700753061
0.48014810740479547,0.4801481696101574,-0.44251686734751394,-0.44251659316834346,-0.44251631248280665,-0.4425160253817162,-0.44251573196332955,-0.4425154323338726,-0.4425151266080439,-0.4425148149094935,-0.44251449737127446,0.4707717034714933,0.4707717636057632,0.4707718268183495,0.4707718930604826,0.47077196228105567,0.47077203442666377,0.470772109441645,0.47077218726812414,0.47077226784605636,0.4707723511132742,0.47077243700553517,0.4707725254565715,0.47077261639814116,0.4707727097600804,0.4707728054703583,0.4707729034551319,0.4707730036388032,0.47077310594407784,0.4707732102920243,0.47077331660213495,0.47077342479238843,0.47077353477931233,0.4707736464780482,0.4707737598024166,0.47077387466498377,0.47077399097712913,0.4707741086491135,0.4707742275901484,0.470774347708466,0.4707744689113903,0.47077459110540787,0.47077471419624095,0.47077483808891946,0.47077496268785435,0.4707750878969119,0.47077521361948726,0.47077533975857916,0.4707754662168649,0.47077559289677534,0.4707757197005704,0.47077584653041377,0.47077597328844945,0.47077609987687613,0.47077622619802373,0.47077635215442787,0.47077647764890546,0.47077660258463,0.47077672686520544,0.47077685039474154,0.47077697307792704,0.47077709482010377,0.47077721552733925,0.47077733510649966,0.4707774534653211,0.47077757051248154,0.4707776861576703,0.4707778003116589,0.4707779128863688,0.47077802379493994,0.4707781329517981,0.47077824027272,0.47077834567489935,0.4707784490770095,0.4707785503992677,0.47077864956349513,0.4707787464931787,0.47077884111352875,0.4707789333515377,0.470779023136036,0.47077911039774706,0.47077919506934085,0.47077927708548567,0.47077935638289875,0.47077943290039503,0.4707795065789342,0.4707795773616666,0.4707796451939767,0.47077971002352564,0.4707797718002913,0.4707798304766071,0.47077988600719867,-0.43311375957462117,-0.4331140142123129,-0.4331142769150422,-0.4331145473890342,0.0,0.0,0.0,0.0,0.0,-0.4424972960773954,0.48015616875144185,0.4801561411426147,0.4801561102580463,0.48015607612156713,0.48015603875951685,0.48015599820072374,0.4801559544764827,0.4801559076205312,0.48015585766902313,0.4801558046605006,0.48015574863586474,0.4801556896383436,0.4801556277134593,0.4801555629089926,0.4801554952749459,0.480155424863505,0.48015535172899876,0.4801552759278569,0.4801551975185667,0.4801551165616277,0.4801550331195052,0.480154947256582,0.4801548590391088,0.4801547685351526,0.48015467581454474,0.48015458094882707,0.480154484011196,0.48015438507644687,0.48015428422091555,0.48015418152242034,0.4801540770602007,0.48015397091485756,0.48015386316829006,0.4801537539036327,0.4801536432051913,0.48015353115837744,0.4801534178496436,0.4801533033664153,0.48015318779702437,0.48015307123064055,0.4801529537572025,0.4801528354673487,0.48015271645234764,0.4801525968040268,0.4801524766147024,0.48015235597710815,0.4801522349843228,0.48015211372969974,0.4801519923067939,0.4801518708092897,0.48015174933092974,0.4801516279654408,0.4801515068064628,0.4801513859474766,0.48015126548173065,0.4801511455021705,0.480151026101366,0.48015090737144084,0.48015078940400063,0.48015067229006236,0.48015055611998475,0.480150440983398,0.4801503269691348,0.48015021416516185,0.4801501026585118,0.4801499925352164,0.48014988388023994,0.48014977677741366,0.48014967130937103,0.48014956755748456,0.48014946560180216,0.48014936552098597,0.48014926739225144,0.480149171291308,0.4801490772923001,0.480148985467751,0.4801488958885057,0.48014880862367704,0.48014872374059214,0.4801486413047404,0.4801485613797231,0.48014848402720434,0.48014840930686326,0.48014833727634837,0.48014826799123256,0.48014820150497095,0.48014813786885885,0.4801480771319929,0.4801480193412328,0.48014796454116493,0.4801479127740687,0.48014786407988336,0.48014781849617716,0.48014777605811865,0.4801477367984495,0.48014770074745944,0.48014766793296193,0.480147638380274,0.480147612112196,0.48014758914899414,0.48014756950838483,0.48014755320552116,0.4801475402529809,0.48014753066075705,0.4801475244362502,0.4801475215842629,0.480147522106995,0.48014752600404365,0.4801475332724019,0.4801475439064623,0.48014755789802055,0.48014757523628193,0.48014759590786965,0.48014761989683524,0.48014764718467123,0.48014767775032424,0.48014771157021263,0.4801477486182439,0.4801477888658348,0.4801478322819339,0.4801478788330446,0.4801479284832523,0.48014798119425084,0.48014803692537306,0.4801480956336208,0.48014815727370025,-0.4425167688566632,-0.442516434074695,-0.4425160938072999,-0.4425157484403194,-0.44251539836043347,-0.4425150439542767,-0.4425146856075721,-0.4425143237042867,-0.44251395862581167,0.4707716921270378,0.4707717516565789,0.47077181427365544,0.4707718799299572
-0.45190203256140166,-0.4519018858708044,0.48014823469027645,0.48014830259494196,0.4801483732717642,0.4801484466662143,0.48014852272166697,0.48014860137944376,0.48014868257885834,0.4801487662572634,0.4801488523500988,0.480148940790942,0.48014903151155836,0.4801491244419546,0.48014921951043216,0.4801493166436429,0.4801494157666457,0.4801495168029642,0.4801496196746455,0.4801497243023208,0.4801498306052661,0.48014993850146526,0.48015004790767235,0.4801501587394764,0.48015027091136636,0.4801503843367975,0.4801504989282574,0.4801506145973339,0.4801507312547834,0.48015084881059983,0.4801509671740833,0.48015108625391123,0.48015120595820776,0.4801513261946154,0.4801514468703658,0.4801515678923515,0.4801516891671979,0.4801518106013349,0.48015193210106955,0.4801520535726582,0.4801521749223786,0.48015229605660237,0.48015241688186777,0.4801525373049503,0.4801526572329369,0.48015277657329486,0.48015289523394633,0.48015301312333647,0.48015313015050615,0.48015324622516103,0.48015336125774155,0.48015347515949236,0.48015358784253004,0.48015369921991197,0.48015380920570205,0.48015391771503846,0.48015402466419815,0.4801541299706618,0.48015423355317727,0.48015433533182295,0.48015443522806833,0.48015453316483575,0.4801546290665589,0.4801547228592421,0.48015481447051656,0.4801549038296965,0.4801549908678337,0.48015507551777104,0.4801551577141937,0.4801552373936802,0.4801553144947509,0.4801553889579155,0.48015546072571885,0.480155529742786,0.48015559595586393,0.48015565931386334,0.4801557197678976,0.48015577727132097,0.4801558317797644,0.4801558832511693,0.48015593164582065,0.4801559769263777,0.48015601905790206,0.4801560580078852,0.48015609374627366,0.48015612624549175,0.4801561554804632,0.48015618142863054,0.4801562040699721,0.48015622338701797,0.4801562393648633,0.48015625199117945,0.48015626125622407,0.4801562671528481,0.48015626967650216,0.48015626882523854,0.4801562645997143,0.4801562570031898,0.48015624604152646,0.48015623172318234,0.4801562140592054,0.4801561930632251,0.0,0.0,0.0,0.0,-0.45187838516571616,-0.45187852648530746,-0.4518786746702223,-0.45187882954559944,-0.4518789909431664,-0.4518791587016067,-0.45187933266686425,-0.4518795126923814,-0.45187969863927285,-0.4518798903764324,-0.4518800877805744,-0.4518802907362084,-0.4518804991355491,0.48952470150178246,0.4895246006523549,0.48952449823708116,0.4895243943349819,0.4895242890262255,0.489524182392065,0.4895240745147763,0.48952396547759436,0.48952385536464876,0.48952374426089934,0.4895236322520698,0.4895235194245825,0.48952340586549103,0.4895232916624137,0.48952317690346514,0.48952306167718906,0.4895229460724893,0.489522830178562,0.4895227140848259,0.48952259788085417,0.4895224816563044,0.4895223655008505,0.4895222495041126,0.48952213375558823,0.4895220183445835,0.4895219033601436,0.489521788890985,0.48952167502542593,0.4895215618513193,0.4895214494559841,0.48952133792613844,0.4895212273478326,0.48952111780638236,0.4895210093863035,0.4895209021712469,0.4895207962439329,0.48952069168608886,0.4895205885783849,0.4895204870003726,0.489520387030423,0.48952028874566644,0.48952019222193294,0.48952009753369397,0.4895200047540043,0.4895199139544466,0.48951982520507537,0.4895197385743635,0.48951965412914905,0.4895195719345839,0.48951949205408346,0.4895194145492775,0.4895193394799632,0.4895192669040583,0.48951919687755685,0.4895191294544861,0.48951906468686446,0.4895190026246616,0.4895189433157597,0.4895188868059171,0.4895188331387323,0.48951878235561036,0.48951873449573186,0.4895186895960213,0.4895186476911198,0.4895186088133577,0.4895185729927299,0.4895185402568729,0.4895185106310427,0.4895184841380961,0.48951846079847305,0.4895184406301803,0.4895184236487781,0.48951840986736794,0.4895183992965825,0.48951839194457675,0.48951838781702345,0.489518386917107,0.48951838924552143,0.48951839480047066,0.4895184035776688,0.489518415570344,0.48951843076924373,0.4895184491626421,0.48951847073634774,0.48951849547371684,0.48951852335566365,0.489518554360677,0.48951858846483576,0.48951862564182824,0.48951866586297155,0.48951870909723433,0.48951875531126054,0.4895188044693954,0.48951885653371224,0.4895189114640424,-0.46128372958457675,-0.4612837406929342,-0.46128373917584237,-0.46128372522297084,-0.4612836990434002,-0.46128366086449396,-0.46128361093071424,-0.46128354950238526,0.0,0.0,0.0,-0.45190224765130854,-0.45190202533653795,-0.4519017942848634,0.48014822179805444,0.4801482891569017,0.4801483592982734,0.48014843216805386,0.4801485077100226,0.4801485858658972,0.4801486665753785,0.4801487497761974,0.4801488354041626,0.4801489233932095,0.48014901367545243,0.4801491061812362,0.4801492008391901
0.48951988151396625,0.48951997157769517,0.4895200636471525,0.4895201576513038,0.4895202535176218,0.48952035117214276,0.4895204505395224,0.4895205515430958,0.48952065410493484,0.4895207581459092,0.48952086358574776,0.48952097034309916,0.4895210783355959,0.4895211874799176,0.48952129769185493,0.48952140888637413,0.48952152097768453,0.48952163387930187,0.48952174750411787,0.48952186176446555,0.4895219765721873,0.4895220918387037,0.48952220747508074,0.4895223233920988,0.4895224395003219,0.4895225557101665,0.48952267193197024,0.4895227880760616,0.48952290405282867,0.4895230197727887,0.48952313514665696,0.48952325008541553,0.48952336450038236,0.48952347830327875,0.4895235914062988,0.48952370372217624,0.489523815164252,0.4895239256465411,0.48952403508379916,0.4895241433915875,0.4895242504863392,0.48952435628542323,0.48952446070720806,0.48952456367112446,0.48952466509772846,0.48952476490876157,0.4895248630272122,0.48952495937737445,0.4895250538849068,0.48952514647688905,0.4895252370818794,0.4895253256299688,0.4895254120528352,0.4895254962837961,0.4895255782578607,0.48952565791177893,0.48952573518409126,0.48952581001517553,0.48952588234729294,0.4895259521246333,0.48952601929335726,0.4895260838016382,0.4895261455997023,0.489526204639867,0.4895262608765773,0.48952631426644155,0.48952636476826483,0.4895264123430805,0.48952645695417996,0.4895264985671416,0.48952653714985755,0.4895265726725573,0.4895266051078321,0.48952663443065475,0.4895266606184003,0.4895266836508622,0.4895267035102689,0.48952672018129695,0.4895267336510832,0.4895267439092341,0.4895267509478347,0.48952675476145435,0.4895267553471499,0.4895267527044698,0.4895267468354533,0.4895267377446285,0.4895267254390099,0.48952670992809266,0.48952669122384473,0.48952666934069844,0.4895266442955383,0.4895266161076894,0.48952658479890104,0.489526550393331,0.4895265129175263,0.48952647240040326,0.4895264288732242,0.4895263823695746,0.48952633292533604,0.4895262805786595,0.48952622536993506,0.4895261673417612,0.48952610653891193,0.48952604300830205,0.48952597679895105,0.4895259079619451,0.4895258365503981,0.4895257626194103,0.4895256862260256,0.4895256074291881,0.4895255262896963,0.4895254428701559,0.48952535723493207,0.48952526945009944,0.48952517958339115,0.4895250877041466,0.4895249938832578,0.489524898193115,0.4895248007075507,-0.46125863483276275,-0.46125873295325676,-0.46125883697854586,-0.4612589469551246,-0.46125906293873625,-0.46125918499364604,-0.46125931319184205,-0.46125944761217014,-0.4612595883394075,-0.461259735463279,-0.46125988907742155,-0.4612600492783035,-0.4612602161641021,-0.4612603898335478,-0.4612605703847399,-0.46126075791394,-0.4612609525143503,-0.46126115427488285,-0.4612613632789265,-0.4612615796031175,-0.46126180331612227,-0.4612620344774361,-0.4612622731362069,-0.46126251933008916,-0.461262773084134,-0.4612630344097227,-0.46126330330354876,-0.4612635797466541,-0.4612638637035257,0.49888558557527335,0.4988854961494459,0.498885408585641,0.4988853229514171,0.4988852393128437,0.4988851577344504,0.49888507827917766,0.4988850010083273,0.49888492598151624,0.4988848532566296,0.4988847828897768,0.4988847149352475,0.4988846494454706,0.4988845864709731,0.4988845260603412,0.49888446826018334,0.49888441311509385,0.49888436066761815,0.4988843109582209,0.49888426402525377,0.49888421990492676,0.4988841786312796,0.49888414023615557,0.4988841047491777,0.4988840721977247,0.4988840426069106,0.4988840159995654,0.4988839923962171,0.49888397181507627,0.4988839542720214,0.4988839397805876,0.49888392835195505,0.4988839199949412,0.49888391471599364,0.49888391251918535,0.498883913406211,0.4988839173763863,0.4988839244266482,0.49888393455155716,0.49888394774330186,-0.4706527225573685,-0.4706531218898379,-0.47065351450957404,-0.47065389986161227,-0.4706542774109405,-0.470654646644071,-0.4706550070705182,-0.4706553582241798,-0.47065569966461185,-0.470656030978195,-0.47065635177918513,-0.47065666171064524,-0.47065696044525385,-0.47065724768598755,-0.47065752316667386,-0.47065778665241476,-0.47065803793987565,-0.47065827685744344,-0.4706585032652498,-0.4706587170550631,-0.47065891815004784,-0.4706591065043943,-0.4706592821028218,-0.47065944495995643,-0.47065959511958855,0.0,0.489518969218006,0.48951902975104455,0.4895190930164558,0.48951915896542886,0.4895192275470826,0.48951929870850475,0.48951937239479254,0.48951944854909507,0.4895195271126574,0.4895196080248658,0.48951969122329414,0.4895197766437527,0.489519864220337,0.4895199538854792,0.48952004557,0.4895201392031616,0.48952023471272355,0.48952033202499684,0.48952043106490173,0.48952053175602545,0.48952063402068136,0.48952073777996846,0.4895208429538326,0.48952094946112806,0.48952105721968014,0.489521166146349,0.4895212761570932
0.4988865423927683,0.4988866472391938,0.49888675305953223,0.4988868597721383,0.4988869672946784,0.4988870755441941,0.4988871844371659,0.49888729388957725,0.49888740381698055,0.4988875141345612,0.49888762475720355,0.4988877355995564,0.498887846576099,0.49888795760120713,0.4988880685892186,-0.4706613274263751,-0.47066127384524586,-0.4706612058357246,-0.4706611233202201,-0.47066102625303297,-0.47066091462092347,-0.4706607884435513,-0.47066064777378436,-0.47066049269787436,-0.4706603233354994,-0.470660139839671,-0.47065994239650716,-0.47065973122487215,-0.4706595065758828,-0.470659268732286,0.0,0.0,-0.46127725255427526,-0.46127689477684924,-0.461276529312914,-0.46127615661064375,-0.4612757771353935,-0.4612753913684741,-0.4612749998058623,-0.46127460295685113,-0.4612742013426485,-0.4612737954949265,-0.4612733859543312,-0.4612729732689569,-0.461272557992792,-0.46127214068414407,-0.4612717219040505,-0.4612713022146803,-0.46127088217773576,-0.4612704623528605,-0.4612700432960599,-0.46126962555814105,-0.46126920968318036,-0.4612687962070225,-0.4612683856558203,-0.46126797854461965,-0.4612675753759959,-0.46126717663874844,-0.46126678280665717,-0.46126639433730837,-0.4612660116709922,-0.4612656352296784,-0.4612652654160739,-0.46126490261276476,-0.4612645471814473,-0.4612641994622513,-0.4612638597731556,-0.4612635284095019,-0.4612632056436038,-0.46126289172445667,-0.4612625868775451,-0.4612622913047508,-0.46126200518435884,-0.46126172867116294,-0.4612614618966673,-0.46126120496938366,-0.46126095797522204,-0.46126072097797144,-0.4612604940198682,-0.46126027712224865,-0.4612600702862815,-0.461259873493777,-0.4612596867080661,-0.4612595098749481,-0.4612593429236977,-0.4612591857681292,-0.46125903830771015,-0.4612589004287196,-0.4612587720054436,-0.4612586529014032,-0.46125854297060725,-0.4612584420588236,-0.46125835000486315,-0.46125826664186803,-0.46125819179859967,-0.4612581253007183,0.4988908427547021,0.4988907662103243,0.4988906874618147,0.49889060656993417,0.4988905235970975,0.4988904386073249,0.49889035166619256,0.4988902628407823,0.4988901721996299,0.49889007981267197,0.4988899857511921,0.49888989008776574,0.4988897928962043,0.49888969425149804,0.49888959422975876,0.4988894929081602,0.49888939036487917,0.4988892866790349,0.4988891819306282,0.4988890762004795,0.49888896957016654,0.4988888621219617,0.4988887539387683,0.4988886451040564,0.4988885357017991,0.49888842581640647,0.49888831553266216,0.4988882049356565,0.4988880941107217,0.4988879831433654,0.4988878721192053,0.4988877611239026,0.49888765024309634,0.4988875395623369,0.4988874291670203,0.49888731914232215,0.49888720957313226,0.4988871005439883,0.4988869921390119,0.4988868844418425,0.4988867775355732,0.49888667150268756,0.4988865664249942,0.4988864623835652,0.49888635945867316,0.4988862577297287,0.49888615727521995,0.4988860581726512,0.49888596049848444,0.49888586432807863,0.4988857697356328,0.4988856767941286,-0.47063805159746397,-0.47063826343339477,-0.4706384865112951,-0.4706387208285348,-0.47063896635448416,-0.4706392230298055,-0.4706394907658657,-0.4706397694442713,-0.4706400589165305,-0.47064035900384293,-0.4706406694970215,-0.4706409901565441,-0.4706413207127385,-0.47064166086609865,-0.4706420102877324,0.0,0.0,0.0,0.0,0.0,0.0,0.0,0.0,0.0,0.0,0.0,0.0,0.0,0.0,0.0,0.0,0.0,0.0,0.0,0.0,0.0,0.0,0.0,0.0,0.0,0.4988839639917045,0.498883983284229,0.4988840056059912,0.4988840309397689,0.498884059266017,0.49888409056288124,0.4988841248062152,0.4988841619695998,0.4988842020243624,0.49888424493960015,0.49888429068220297,0.4988843392168793,0.4988843905061838,0.49888444451054553,0.4988845011882988,0.4988845604957155,0.4988846223870385,0.4988846868145171,0.4988847537284439,0.498884823077193,0.49888489480726017,0.4988849688633036,0.49888504518818694,0.49888512372302346,0.4988852044072213,0.49888528717853003,0.49888537197308935,0.49888545872547724,0.4988855473687616,0.49888563783455114,0.4988857300530485,0.4988858239531038,0.4988859194622701,0.49888601650685827,0.49888611501199487,0.49888621490167945,0.4988863160988434,0.49888641852540855,0.49888652210234924,0.49888662674975087,0.4988867323868739,0.4988868389322146,0.4988869463035684,0.49888705441809317,0.4988871631923739,0.49888727254248555,0.49888738238405955,0.4988874926323474,0.49888760320228714,0.49888771400856796,0.49888782496569745,0.49888793598806574,0.49888804699001316
-0.48003433997091627,-0.48003461304077033,-0.4800348770981295,-0.48003513151850113,-0.48003537568893667,-0.480035609010534,-0.48003583090090013,-0.4800360407965602,-0.4800362381553046,-0.48003642245845946,-0.4800365932130721,-0.4800367499540007,-0.48003689224589746,-0.48003701968507656,-0.48003713190125746,0.4988881794544998,0.4988882901115119,0.4988884004748768,0.49888851045944227,0.4988886199803488,0.49888872895309405,0.4988888372935991,0.4988889449182721,0.4988890517440737,0.49888915768858105,0.4988892626700506,0.4988893666074823,0.4988894694206813,0.49888957103031994,0.4988896713579993,0.49888977032630955,0.4988898678588895,0.4988899638804856,0.49889005831700994,0.498890151095598,0.49889024214466365,0.49889033139395594,0.49889041877461193,0.49889050421921083,0.4988905876618253,0.49889066903807255,0.4988907482851644,0.4988908253419552,0.4988909001489894,0.4988909726485472,0.49889104278468915,0.49889111050329915,0.4988911757521268,0.498891238480827,0.498891298640999,0.4988913561862242,0.49889141107210155,0.4988914632562814,0.49889151269849963,0.49889155936060675,0.4988916032065989,0.49889164420264503,0.49889168231711306,0.49889171752059425,0.4988917497859257,0.49889177908821203,0.4988918054048436,0.49889182871551524,0.49889184900224015,0.4988918662493653,0.4988918804435832,0.49889189157394154,0.4988918996318522,0.4988919046110979,0.49889190650783644,0.4988919053206045,0.49889190105031817,0.4988918937002723,0.49889188327613804,0.49889186978595884,0.4988918532401433,0.49889183365145834,0.49889181103501806,0.49889178540827356,0.49889175679099773,0.4988917252052717,0.49889169067546674,0.4988916532282256,0.4988916128924423,0.4988915696992395,0.4988915236819445,0.49889147487606395,0.4988914233192558,0.49889136905130055,0.49889131211407073,0.49889125255149863,0.49889119040954144,0.4988911257361476,0.49889105858121774,0.4988909889965677,0.4988909170358879,-0.47063815413377064,-0.4706380128068706,-0.47063787696624165,-0.4706377464397503,-0.47063762106299156,-0.4706375006807071,-0.4706373851481327,-0.47063727433226765,-0.4706371681130597,-0.4706370663844984,-0.47063696905561336,-0.4706368760513695,-0.4706367873134562,-0.4706367028009661,-0.4706366224909596,-0.47063654637891134,-0.47063647447903834,-0.4706364068245052,-0.47063634346750755,-0.4706362844792314,0.0,0.0,0.0,0.0,0.0,0.0,-0.4800125807323133,-0.4800124240666331,0.508247120985769,0.508247020347569,0.508246920664414,0.5082468220132141,0.5082467244700829,0.5082466281102788,0.5082465330081474,0.5082464392370638,0.5082463468693762,0.5082462559763496,0.5082461666281118,0.5082460788935976,0.5082459928404981,0.5082459085352056,0.5082458260427648,0.5082457454268214,0.5082456667495733,0.5082455900717227,0.5082455154524284,0.5082454429492619,0.5082453726181615,0.5082453045133898,0.5082452386874913,0.5082451751912529,0.5082451140736637,0.5082450553818773,0.508244999161176,0.5082449454549356,0.5082448943045919,0.5082448457496086,0.5082447998274471,0.5082447565735374,0.508244716021251,0.5082446782018749,0.5082446431445875,0.5082446108764365,0.5082445814223173,0.5082445548049546,0.508244531044884,0.5082445101604373,0.5082444921677269,0.5082444770806348,0.5082444649108009,0.5082444556676146,0.508244449358207,0.5082444459874462,0.5082444455579327,0.5082444480699977,0.5082444535217033,0.5082444619088434,0.5082444732249471,0.5082444874612838,0.5082445046068698,0.508244524648477,0.5082445475706429,0.5082445733556823,0.5082446019837019,0.5082446334326142,0.5082446676781558,0.5082447046939056,0.5082447444513049,0.50824478691968,0.5082448320662657,0.5082448798562301,0.5082449302527022,0.5082449832167999,0.50824503870766,0.5082450966824699,0.5082451570965004,0.5082452199031406,0.5082452850539333,0.508245352498613,0.5082454221851443,0.5082454940597617,0.5082455680670118,0.508245644149796,0.5082457222494138,0.5082458023056091,0.5082458842566157,0.5082459680392057,0.5082460535887383,0.5082461408392085,0.5082462297232998,0.5082463201724349,0.5082464121168287,0.508246505485543,0.5082466002065397,0.508246696206738,0.5082467934120698,0.5082468917475372,0.5082469911372702,0.5082470915045855,0.5082471927720449,-0.4800331868668611,-0.48003333877871074,-0.4800334802384472,-0.48003361151713575,-0.48003373290570905,-0.48003384471283156,-0.4800339472627014,-0.4800340408927996,-0.48003412595160083,-0.4800342027962539,-0.480034271790247,-0.4800343333010666,-0.4800343876978646,-0.4800344353491437,-0.48003447662047294,-0.48003451187224516,-0.4800345414574886,-0.4800345657197411,-0.48003458499100105,-0.48003459958976175,-0.4800346098191412,-0.4800346159651177,-0.4800346182948765,-0.4800346170552789
0.508248258117536,0.5082483640142849,0.5082484698293724,0.5082485754811563,0.5082486808881204,0.5082487859689366,0.5082488906425291,0.5082489948281358,0.508249098445371,0.5082492014142876,0.5082493036554386,0.5082494050899384,0.5082495056395235,0.5082496052266133,0.5082497037743697,0.5082498012067564,0.5082498974485978,0.5082499924256363,0.5082500860645904,0.5082501782932112,0.5082502690403374,0.5082503582359512,0.5082504458112314,0.508250531698607,0.5082506158318097,0.5082506981459242,0.5082507785774388,0.5082508570642942,0.5082509335459318,0.50825100796334,0.5082510802590996,0.5082511503774286,0.5082512182642253,0.5082512838671092,0.5082513471354623,0.5082514080204679,0.508251466475148,0.5082515224544,0.5082515759150312,0.508251626815792,0.5082516751174083,0.5082517207826112,0.5082517637761658,0.5082518040648991,0.5082518416177247,0.5082518764056674,0.5082519084018852,0.5082519375816901,0.5082519639225674,0.5082519874041928,0.508252008008448,0.5082520257194351,0.5082520405234883,0.5082520524091853,0.5082520613673548,0.5082520673910851,0.5082520704757281,0.5082520706189041,0.508252067820502,0.5082520620826817,0.50825205340987,0.5082520418087588,0.5082520272882997,0.5082520098596962,0.508251989536396,0.5082519663340808,0.5082519402706527,0.5082519113662224,0.5082518796430917,0.5082518451257384,0.5082518078407953,0.5082517678170311,0.5082517250853277,0.5082516796786563,0.5082516316320519,0.5082515809825868,0.5082515277693412,0.5082514720333741,0.5082514138176901,0.5082513531672076,0.5082512901287236,0.5082512247508775,0.5082511570841136,0.5082510871806426,0.5082510150944004,0.5082509408810075,0.5082508645977258,0.5082507863034132,0.5082507060584807,0.5082506239248429,0.5082505399658724,0.5082504542463502,0.5082503668324152,0.5082502777915139,0.5082501871923478,0.5082500951048209,0.5082500015999855,0.5082499067499869,0.508249810628009,0.5082497133082163,0.5082496148656981,0.5082495153764092,0.5082494149171124,0.5082493135653186,0.5082492113992275,0.5082491084976668,0.5082490049400313,0.5082489008062226,0.5082487961765862,0.50824869113185,0.5082485857530625,0.5082484801215299,0.5082483743187525,0.5082482684263634,0.5082481625260645,0.5082480566995637,0.5082479510285118,0.5082478455944398,0.5082477404786954,0.5082476357623807,0.5082475315262899,0.508247427850846,0.5082473248160397,0.5082472225013671,0.0,0.0,0.0,0.0,0.0,-0.48938657302142935,-0.48938631004697086,-0.48938605254003154,-0.4893858012258437,-0.48938555683551127,-0.489385320102829,-0.4893850917610596,-0.48938487253968554,-0.4893846631611514,-0.4893844643376102,-0.4893842767676918,-0.4893841011333085,-0.48938393809651093,-0.48938378829641327,-0.4893836523461985,-0.4893835308302226,-0.4893834243012269,-0.489383333277676,-0.48938325824123363,-0.48938319963438515,-0.489383157858224,-0.4893831332704081,-0.4893831261832993,-0.4893831368622922,-0.4893831655243441,-0.4893832123367103,-0.4893832774158928,-0.4893833608268067,-0.4893834625821695,-0.48938358264211557,-0.48938372091403876,-0.4893838772526638,-0.48938405146034625,-0.4893842432875998,-0.48938445243384987,-0.4893846785484079,-0.489384921231665,-0.4893851800364956,-0.4893854544698699,-0.489385743994662,-0.4893860480316494,-0.4893863659616941,-0.48938669712809196,-0.489387040839085,-0.4893873963705192,-0.48938776296863934,-0.4893881398530061,-0.48938852621952167,-0.4893889212435515,-0.48938932408312463,-0.48938973388220125,-0.4893901497739888,-0.4893905708842929,-0.48939099633488753,-0.4893914252468892,-0.4893918567441162,-0.48939228995642187,-0.48939272402298356,-0.4893931580955313,-0.4893935913415048,-0.4893940229471191,-0.48939445212033,-0.48939487809368076,-0.48939530012702087,-0.48939571751008193,-0.4893961295648997,-0.4893965356480714,-0.48939693515283883,-0.4893973275109858,-0.4893977121945432,-0.48939808871729495,-0.48939845663607523,-0.48939881555185505,-0.489399165110611,-0.4893995050039745,-0.4893998349696581,-0.4894001547916591,-0.4894004643002369,-0.48940076337167,-0.4894010519277904,-0.4894013299353011,-0.48940159740487915,-0.48940185439007,-0.4894021009859811,-0.4894023373277775,-0.4894025635889936,-0.4894027799796644,-0.48940298674429034,0.5082472948615162,0.5082473976942327,0.5082475011908538,0.5082476052715272,0.5082477098559497,0.5082478148634291,0.5082479202129464,0.5082480258232194,0.5082481316127642,0.5082482374999582,0.5082483434031039,0.5082484492404911,0.5082485549304602,0.5082486603914653,0.5082487655421372,0.5082488703013457,0.508248974588263,0.5082490783224252,0.5082491814237947,0.5082492838128226,0.508249385410509,0.5082494861384649,0.508249585918972,0.5082496846750427
0.5176053783275306,0.5176054726400484,0.5176055659213997,0.5176056580996116,0.517605749103562,0.5176058388630354,0.517605927308776,0.5176060143725414,0.517606099987156,0.0,0.0,0.0,0.0,0.0,-0.4894093576657837,-0.48940958325541395,-0.48940979219860237,-0.48940998407413794,-0.48941015850871866,-0.489410315178337,-0.4894104538094527,-0.489410574179948,-0.48941067611985994,-0.48941075951188756,-0.48941082429167015,-0.4894108704478377,-0.48941089802183135,-0.48941090710749524,-0.48941089785044445,-0.4894108704472082,-0.48941082514415574,-0.4894107622362079,-0.4894106820653442,-0.48941058501890816,-0.48941047152772293,-0.4894103420640243,-0.48941019713922157,-0.4894100373014988,-0.48940986313326484,-0.4894096752484671,-0.48940947428978165,-0.48940926092569154,-0.48940903584747025,-0.4894087997660814,-0.48940855340901335,-0.4894082975170593,-0.48940803284106404,-0.4894077601386475,-0.4894074801709244,-0.48940719369923313,-0.4894069014818924,-0.4894066042709977,-0.48940630280927594,-0.48940599782701055,-0.4894056900390541,-0.48940538014193985,-0.4894050688111083,-0.4894047566982601,-0.4894044444288493,-0.48940413259972604,-0.48940382177694336,-0.4894035124937341,-0.4894032052486706,-0.4894029005040138,-0.4894025986842598,-0.4894023001748896,-0.48940200532132894,-0.48940171442812036,-0.48940142775831424,-0.48940114553307684,-0.48940086793152054,-0.48940059509075395,-0.489400327106152,-0.48940006403184294,-0.4893998058814108,-0.48939955262880763,-0.4893993042094709,-0.48939906052164006,-0.48939882142786456,-0.4893985867566956,-0.48939835630455253,-0.4893981298377541,-0.4893979070947035,-0.48939768778821513,-0.48939747160797414,-0.48939725822311053,-0.4893970472848801,-0.4893968384294344,-0.48939663128066613,-0.48939642545311823,-0.48939622055493637,-0.4893960161908555,-0.4893958119651994,-0.48939560748488253,-0.48939540236239576,-0.4893951962187623,-0.48939498868644693,-0.4893947794122055,-0.4893945680598578,-0.4893943543129725,-0.48939413787744634,-0.4893939184839682,-0.48939369589035114,-0.48939346988372556,-0.48939324028257597,-0.4893930069386148,-0.4893927697384831,-0.48939252860526633,0.5176033879831371,0.5176032895606064,0.5176031917912804,0.517603094750593,0.5176029985134152,0.5176029031539986,0.5176028087459171,0.5176027153620109,0.5176026230743297,0.5176025319540771,0.5176024420715565,0.5176023534961155,0.517602266296094,0.5176021805387698,0.5176020962903082,0.5176020136157102,0.5176019325787621,0.5176018532419867,0.5176017756665952,0.5176016999124399,0.5176016260379676,0.5176015541001747,0.5176014841545639,0.5176014162551001,0.5176013504541703,0.5176012868025417,0.5176012253493234,0.5176011661419284,0.517601109226037,0.5176010546455613,0.5176010024426119,0.5176009526574648,0.5176009053285302,0.5176008604923241,0.5176008181834387,0.5176007784345164,0.5176007412762242,0.5176007067372311,0.5176006748441844,0.5176006456216907,0.5176006190922958,0.5176005952764676,0.5176005741925808,0.5176005558569018,0.5176005402835774,0.5176005274846226,0.5176005174699119,0.5176005102471722,0.5176005058219757,0.5176005041977367,0.5176005053757086,0.5176005093549821,0.5176005161324875,0.5176005257029955,0.5176005380591224,0.517600553191335,0.5176005710879586,0.5176005917351855,0.5176006151170858,0.51760064121562,0.5176006700106522,0.5176007014799665,0.5176007355992835,0.5176007723422794,0.5176008116806059,0.5176008535839125,0.5176008980198697,0.5176009449541943,0.5176009943506747,0.5176010461712007,0.5176011003757909,0.5176011569226251,0.5176012157680758,0.5176012768667422,0.5176013401714847,0.5176014056334619,0.5176014732021678,0.5176015428254708,0.5176016144496547,0.5176016880194587,0.5176017634781219,0.5176018407674247,0.5176019198277361,0.5176020005980582,0.5176020830160737,0.5176021670181943,0.5176022525396091,0.5176023395143351,0.5176024278752679,0.5176025175542334,0.5176026084820409,0.5176027005885355,0.5176027938026536,0.5176028880524763,0.5176029832652855,0.5176030793676206,0.5176031762853343,0.5176032739436498,0.5176033722672193,0.5176034711801814,0.5176035706062199,0.5176036704686225,0.5176037706903406,0.5176038711940479,0.5176039719022004,0.5176040727370963,0.5176041736209361,0.5176042744758825,0.51760437522412,0.517604475787916,0.517604576089679,0.517604676052021,0.5176047755978146,0.5176048746502544,0.5176049731329154,0.5176050709698121,0.517605168085457,0.5176052644049193,0.517605359853882,0.5176054543587003,0.5176055478464572,0.5176056402450206,0.5176057314830991,0.5176058214902954,0.5176059101971636,0.5176059975352594,0.5176060834371953,-0.4894055783265956,-0.48940567401099255,-0.48940576844606587,-0.48940586194359326,-0.48940595478735527,-0.48940604723118103
-0.49877226948566183,-0.49877275439259683,-0.4987732350580846,-0.49877371039805524,-0.498774179339507,-0.49877464082477513,-0.4987750938157371,-0.4987755372979383,-0.49877597028461373,0.5176061840865617,0.5176062666058696,0.5176063474814101,0.5176064266507816,0.5176065040528991,0.5176065796280409,0.5176066533178949,0.5176067250656037,0.5176067948158083,0.5176068625146911,0.5176069281100169,0.5176069915511736,0.5176070527892114,0.51760711177688,0.5176071684686657,0.5176072228208264,0.5176072747914245,0.5176073243403606,0.5176073714294033,0.5176074160222199,0.5176074580844029,0.5176074975834978,0.5176075344890279,0.5176075687725172,0.5176076004075131,0.5176076293696066,0.5176076556364507,0.5176076791877787,0.517607700005418,0.5176077180733067,0.5176077333775035,0.5176077459061998,0.5176077556497289,0.5176077626005727,0.5176077667533678,0.5176077681049103,0.517607766654157,0.5176077624022275,0.5176077553524026,0.5176077455101216,0.517607732882979,0.5176077174807175,0.5176076993152214,0.517607678400507,0.5176076547527116,0.5176076283900818,0.5176075993329586,0.517607567603762,0.5176075332269738,0.5176074962291188,0.5176074566387436,0.5176074144863961,0.5176073698046001,0.5176073226278313,0.5176072729924907,0.517607220936876,0.5176071665011525,0.5176071097273218,0.5176070506591898,0.5176069893423322,0.5176069258240596,0.5176068601533821,0.5176067923809694,0.5176067225591134,0.5176066507416873,0.517606576984104,0.5176065013432727,0.5176064238775563,0.5176063446467258,0.5176062637119132,0.5176061811355661,0.5176060969813985,0.517606011314341,0.5176059242004922,0.5176058357070666,0.5176057459023432,0.5176056548556127,0.5176055626371239,0.5176054693180294,0.5176053749703317,0.5176052796668259,0.5176051834810454,0.5176050864872034,0.5176049887601369,0.5176048903752489,0.5176047914084491,0.5176046919360965,0.5176045920349402,0.51760449178206,0.517604391254807,0.5176042905307432,0.5176041896875836,0.5176040888031341,0.5176039879552327,0.5176038872216889,0.5176037866802243,0.5176036864084118,0.5176035864836164,0.5176034869829348,-0.498768107730044,-0.49876783230040495,-0.4987675471745202,-0.49876725242332043,-0.498766948174456,-0.49876663461268433,-0.4987663119799703,-0.4987659805752989,-0.4987656407542015,-0.49876529292799365,-0.49876493756273116,-0.4987645751778878,-0.49876420634475827,-0.4987638316845963,-0.4987634518664945,-0.4987630676050169,-0.4987626796575927,-0.49876228882168705,-0.4987618959317575,-0.4987615018560141,-0.4987611074929962,-0.49876071376798287,-0.498760321629253,-0.49875993204421354,-0.49875954599541433,-0.4987591644764669,-0.49875878848788874,-0.49875841903289087,-0.4987580571131293,-0.4987577037244418,-0.49875735985258784,-0.4987570264690148,-0.49875670452666804,0.5269527305586936,0.5269527225354502,0.5269527171713831,0.5269527144706312,0.5269527144352777,0.5269527170653502,0.5269527223588195,0.5269527303116014,0.5269527409175604,0.5269527541685133,0.526952770054237,0.5269527885624752,0.5269528096789482,0.5269528333873643,0.5269528596694318,0.5269528885048731,0.5269529198714414,0.5269529537449361,0.5269529900992231,0.5269530289062541,0.5269530701360882,0.5269531137569157,0.5269531597350816,0.5269532080351126,0.5269532586197438,0.5269533114499478,0.5269533664849644,0.5269534236823322,0.5269534829979219,0.5269535443859695,0.5269536077991123,0.526953673188425,0.5269537405034574,0.526953809692274,0.5269538807014928,0.526953953476328,0.5269540279606312,0.5269541040969349,0.5269541818264974,0.5269542610893473,0.5269543418243301,0.5269544239691558,0.5269545074604466,0.526954592233785,0.5269546782237655,0.5269547653640431,0.526954853587385,0.5269549428257235,0.5269550330102071,0.5269551240712542,0.5269552159386074,0.5269553085413865,0.5269554018081442,0.5269554956669206,0.5269555900452992,0.5269556848704623,0.5269557800692475,0.526955875568204,0.5269559712936492,0.5269560671717263,0.5269561631284597,0.5269562590898137,0.5269563549817488,0.0,0.0,0.0,0.0,0.0,0.0,0.0,0.0,0.0,0.0,0.0,0.0,0.0,0.0,0.0,-0.49877097935544384,-0.4987711445320261,-0.4987713039112544,-0.4987714580521561,-0.49877160753159855,-0.4987717529404543,-0.4987718948797038,-0.49877203395649833,-0.4987721707801986,-0.49877230595841404,-0.4987724400930589,-0.49877257377644707,-0.49877270758744563,-0.4987728420877048,-0.4987729778179858,-0.49877311529460355,0.5176061678366919,0.5176062506686289,0.5176063318690951,0.5176064113754384,0.5176064891263136,0.5176065650617303
0.5269583898964532,0.5269584625493358,0.5269585334326854,0.5269586024918106,0.5269586696734264,0.5269587349256974,0.5269587981982763,0.5269588594423434,0.526958918610644,0.5269589756575251,0.5269590305389706,0.526959083212635,0.5269591336378763,0.5269591817757872,0.5269592275892256,0.5269592710428427,0.5269593121031103,0.526959350738347,0.5269593869187427,0.5269594206163809,0.5269594518052613,0.5269594804613191,0.5269595065624435,0.5269595300884956,0.5269595510213225,0.5269595693447734,-0.5081480779921621,-0.5081482556366744,-0.5081484122860651,-0.5081485481337503,-0.508148663448676,-0.5081487585732892,-0.5081488339211729,-0.5081488899743526,-0.5081489272802939,-0.5081489464486003,-0.5081489481474337,-0.5081489330996699,-0.5081489020788131,-0.5081488559046864,-0.5081487954389211,-0.5081487215802677,-0.5081486352597498,-0.508148537435688,0.0,0.0,0.0,0.0,0.0,0.0,0.0,0.0,0.0,0.0,0.0,0.0,0.0,0.0,0.0,0.0,0.0,0.0,0.0,0.0,0.0,0.0,0.0,0.0,0.0,0.0,0.0,0.0,0.0,0.0,0.0,0.0,0.0,0.0,0.0,0.0,-0.5081444587944574,-0.508144435976884,-0.5081444153722159,-0.5081443962344726,-0.5081443777825508,-0.5081443592047044,-0.508144339663194,-0.508144318299086,-0.5081442942371724,-0.5081442665909908,-0.5081442344679173,-0.5081441969743089,-0.5081441532206664,-0.5081441023267967,0.5269555925550086,0.5269554981638377,0.5269554042903425,0.5269553110069508,0.5269552183856354,0.526955126497858,0.5269550354145143,0.5269549452058793,0.526954855941553,0.5269547676904066,0.5269546805205301,0.5269545944991786,0.5269545096927207,0.5269544261665889,0.5269543439852263,0.5269542632120395,0.5269541839093479,0.5269541061383368,0.5269540299590094,0.5269539554301406,0.5269538826092325,0.5269538115524688,0.5269537423146722,0.5269536749492624,0.5269536095082138,0.5269535460420163,0.5269534845996362,0.5269534252284783,0.5269533679743496,0.5269533128814229,0.5269532599922044,0.5269532093474998,0.5269531609863828,0.5269531149461654,0.526953071262369,0.5269530299686969,0.5269529910970083,0.526952954677294,0.5269529207376524,0.5269528893042692,0.5269528604013959,0.5269528340513319,0.5269528102744071,0.5269527890889658,0.5269527705113531,0.5269527545559023,0.5269527412349233,-0.5081278294721863,-0.5081274004319931,-0.5081269851910385,-0.508126584865449,-0.50812620052585,-0.508125833192829,-0.5081254838326217,-0.5081251533530405,-0.508124842599665,-0.5081245523523126,-0.5081242833218071,-0.5081240361470581,-0.5081238113924675,-0.508123609545674,-0.508123431015646,-0.5081232761311331,-0.5081231451394822,-0.5081230382058235,-0.5081229554126322,-0.5081228967596642,-0.5081228621642684,-0.508122851462075,-0.5081228644080518,-0.5081229006779268,-0.5081229598699707,-0.5081230415071253,-0.5081231450394749,-0.5081232698470409,-0.508123415242892,-0.50812358047655,-0.5081237647376788,-0.5081239671600359,0.0,0.0,0.0,0.0,0.0,0.0,0.0,0.0,0.0,0.0,0.0,0.0,0.0,0.0,0.0,0.0,0.0,0.0,0.0,0.0,0.0,0.0,0.0,-0.5081315091915715,-0.5081318195895206,-0.5081321219891701,-0.5081324158428748,-0.5081327006705836,-0.5081329760614454,-0.5081332416750568,-0.5081334972423487,0.5269564507302789,0.5269565462615284,0.5269566415017898,0.5269567363775792,0.5269568308156943,0.5269569247432705,0.5269570180878369,0.5269571107773722,0.5269572027403607,0.526957293905847,0.526957384203491,0.5269574735636223,0.5269575619172935,0.5269576491963337,0.5269577353334015,0.526957820262036,0.5269579039167089,0.5269579862328747,0.5269580671470208,0.526958146596716,0.5269582245206592,0.5269583008587264,0.5269583755520171,0.5269584485428999,0.5269585197750568,0.5269585891935269,0.5269586567447485,0.5269587223766009,0.5269587860384435,0.5269588476811566,0.526958907257178,0.52695896472054,0.5269590200269051,0.5269590731336,0.5269591239996486,0.5269591725858035,0.5269592188545769
-0.5175002895544646,-0.5175008702619025,-0.5175014523427377,-0.5175020341889639,-0.5175026142040627,-0.5175031908098254,-0.517503762453081,-0.5175043276122933,-0.5175048848039996,-0.5175054325890593,-0.5175059695786813,-0.5175064944402036,-0.5175070059025955,-0.5175075027616599,-0.5175079838849065,-0.5175084482160763,-0.5175088947792952,-0.5175093226828366,0.0,0.0,0.0,0.0,0.0,0.0,0.0,0.0,0.52695958504471,0.5269595981090182,0.526959608527618,0.5269596162924706,0.5269596213975845,0.526959623839021,0.526959623614896,0.5269596207253826,0.5269596151727104,0.5269596069611636,0.5269595960970782,0.5269595825888367,0.5269595664468618,0.5269595476836085,0.5269595263135544,0.5269595023531881,0.5269594758209972,0.5269594467374533,0.526959415124997,0.5269593810080199,0.526959344412846,0.5269593053677116,0.5269592639027435,0.5269592200499349,0.5269591738431223,0.5269591253179576,0.5269590745118823,0.5269590214640971,0.5269589662155328,0.5269589088088182,0.526958849288247,0.5269587876997438,0.5269587240908294,0.526958658510583,0.5269585910096045,0.5269585216399764,0.5269584504552223,0.526958377510267,0.526958302861393,0.5269582265661971,0.5269581486835471,0.5269580692735347,0.5269579883974308,0.5269579061176369,0.526957822497638,0.5269577376019525,0.5269576514960834,0.5269575642464673,0.5269574759204233,0.5269573865861006,0.5269572963124268,0.526957205169054,0.5269571132263052,0.5269570205551198,0.526956927227,0.5269568333139538,0.5269567388884413,0.5269566440233171,0.5269565487917756,0.5269564532672933,0.5269563575235733,0.5269562616344869,0.5269561656740186,0.5269560697162067,0.526955973835088,0.52695587810464,0.526955782598724,0.5269556873910276,-0.5175139948380076,-0.5175140614966676,-0.5175141148038434,-0.5175141536379089,-0.5175141769214904,-0.5175141836274011,-0.5175141727843517,-0.5175141434824067,-0.5175140948781607,-0.5175140261996098,-0.5175139367506914,-0.5175138259154698,-0.517513693161951,-0.5175135380455003,-0.5175133602118519,-0.5175131593996913,-0.5175129354427984,-0.5175126882717408,-0.517512417915107,-0.517512124500275,-0.517511808253708,-0.5175114695007804,-0.5175111086651294,-0.5175107262675362,-0.5175103229243445,-0.5175098993454172,-0.5175094563316472,-0.5175089947720278,-0.5175085156403008,-0.5175080199911948,-0.5175075089562741,-0.5175069837394137,-0.5175064456119266,0.536301765716494,0.5363017544837283,0.5363017457680939,0.5363017395763154,0.5363017359131701,0.5363017347814839,0.53630173618213,0.5363017401140279,0.5363017465741438,0.5363017555574937,0.5363017670571468,0.5363017810642304,0.5363017975679384,0.5363018165555369,0.536301838012377,0.5363018619219038,0.5363018882656708,0.5363019170233526,0.5363019481727622,0.5363019816898669,0.536302017548807,0.5363020557219165,0.5363020961797437,0.536302138891074,0.5363021838229547,0.536302230940719,0.5363022802080143,0.5363023315868295,0.5363023850375239,0.5363024405188587,0.5363024979880281,0.5363025574006931,0.5363026187110143,0.536302681871689,0.5363027468339863,0.5363028135477859,0.5363028819616151,0.5363029520226907,0.5363030236769576,0.536303096869132,0.5363031715427432,0.5363032476401777,0.5363033251027233,0.5363034038706143,0.5363034838830782,0.5363035650783822,0.5363036473938805,0.5363037307660631,0.5363038151306048,0.5363039004224144,0.5363039865756857,0.5363040735239472,0.5363041612001144,0.5363042495365409,0.5363043384650711,0.5363044279170919,0.5363045178235869,0.5363046081151884,0.5363046987222322,0.5363047895748099,0.536304880602824,0.5363049717360414,0.5363050629041481,0.5363051540368028,0.5363052450636914,0.5363053359145817,0.5363054265193765,0.5363055168081696,0.5363056067112972,0.5363056961593942,0.5363057850834455,0.536305873414841,0.5363059610854274,0.5363060480275614,0.5363061341741616,0.5363062194587602,0.5363063038155547,0.5363063871794582,0.5363064694861499,0.5363065506721246,0.5363066306747417,0.536306709432274,0.5363067868839542,0.5363068629700231,0.5363069376317751,0.5363070108116027,0.5363070824530429,0.536307152500819,0.536307220900884,0.5363072876004621,0.5363073525480896,0.5363074156936546,0.5363074769884357,-0.5174999193755604,-0.5174999237057275,-0.5174999267011624,-0.5174999294902201,-0.5174999332183262,-0.5174999390415007,-0.5174999481198219,-0.5174999616108561,-0.5174999806630922,-0.5175000064094087,-0.5175000399606102,-0.5175000823990612,0.0,0.0,0.0,0.0,0.0,0.0,0.0,0.0,0.0
0.5363078593619581,0.5363079038455426,0.5363079461016956,0.5363079860978133,0.5363080238030353,0.536308059188269,0.5363080922262119,0.5363081228913724,0.53630815116009,0.5363081770105528,0.5363082004228151,0.5363082213788127,0.5363082398623761,0.5363082558592437,0.5363082693570723,0.5363082803454478,0.5363082888158912,0.5363082947618674,0.536308298178788,0.5363082990640168,0.5363082974168709,0.5363082932386211,0.5363082865324912,0.5363082773036558,0.5363082655592354,0.536308251308292,0.5363082345618211,0.5363082153327445,0.5363081936358985,0.5363081694880245,0.5363081429077543,0.5363081139155965,0.5363080825339215,0.5363080487869425,0.5363080127006981,0.5363079743030319,0.5363079336235705,0.5363078906937015,0.536307845546549,0.5363077982169473,0.5363077487414152,0.5363076971581269,0.5363076435068829,0.5363075878290793,0.5363075301676761,-0.5175130247166358,-0.5175129323169365,-0.5175128343119286,-0.5175127319361885,-0.5175126264163431,-0.5175125189645324,-0.5175124107719644,-0.5175123030025972,-0.5175121967869767,-0.5175120932162621,-0.5175119933364669,-0.5175118981429452,-0.5175118085751508,-0.5175117255116927,-0.5175116497657144,-0.5175115820806172,-0.5175115231261496,-0.5175114734948825,-0.517511433699087,-0.5175114041680304,-0.5175113852457032,-0.5175113771889883,-0.5175113801662842,-0.5175113942565832,-0.517511419449016,-0.5175114556428587,-0.5175115026480077,-0.5175115601859154,-0.5175116278909858,-0.5175117053124212,-0.5175117919165114,0.5363049620532484,0.5363048709278685,0.5363047799151569,0.5363046890853346,0.5363045985084817,0.536304508254483,0.5363044183929739,0.5363043289932874,0.5363042401243994,0.536304151854877,0.5363040642528242,0.5363039773858302,0.5363038913209168,0.5363038061244874,0.5363037218622745,0.5363036385992904,0.536303556399776,0.5363034753271517,0.5363033954439689,0.5363033168118604,0.536303239491494,0.5363031635425258,0.5363030890235535,0.5363030159920711,0.5363029445044253,0.5363028746157715,0.5363028063800315,0.5363027398498516,0.5363026750765623,0.5363026121101382,0.5363025509991607,0.5363024917907783,0.5363024345306726,0.5363023792630218,0.5363023260304666,0.5363022748740778,0.5363022258333238,0.5363021789460414,0.5363021342484054,0.5363020917749016,0.5363020515582995,0.5363020136296274,0.5363019780181485,0.5363019447513377,0.536301913854862,0.5363018853525584,0.5363018592664175,0.5363018356165652,0.5363018144212482,0.5363017956968195,0.5363017794577251,-0.5268748944607573,-0.5268742939553425,-0.5268736793896516,-0.5268730525521677,-0.5268724152823395,-0.5268717694625562,-0.5268711170099187,-0.5268704598678475,-0.5268697999975679,-0.5268691393695103,-0.5268684799546719,-0.5268678237159765,-0.5268671725996747,-0.526866528526829,-0.5268658933849193,-0.5268652690196135,-0.5268646572267387,-0.5268640597444959,-0.5268634782459505,-0.5268629143318374,-0.5268623695237148,-0.5268618452574978,-0.5268613428774045,-0.5268608636303419,-0.5268604086607589,-0.5268599790059897,-0.5268595755921115,-0.5268591992303346,-0.5268588506139419,-0.5268585303157907,-0.5268582387863926,-0.5268579763525753,-0.5268577432167337,-0.5268575394566757,-0.5268573650260584,-0.5268572197554167,-0.5268571033537746,-0.526857015410833,-0.5268569553997234,-0.5268569226803098,-0.5268569165030271,-0.5268569360132336,-0.526856980256056,-0.5268570481817041,-0.5268571386512282,-0.5268572504426902,-0.5268573822577185,-0.5268575327284137,-0.5268577004245727,-0.5268578838611925,-0.5268580815062198,-0.5268582917885065,-0.5268585131059339,-0.5268587438336608,-0.5268589823324632,-0.5268592269571155,-0.5268594760647798,-0.5268597280233563,-0.5268599812197587,-0.5268602340680695,-0.5268604850175386,-0.5268607325603851,-0.5268609752393635,-0.5268612116550567,-0.5268614404728625,-0.5268616604296373,-0.5268618703399646,-0.5268620691020188,-0.5268622557029955,-0.5268624292240797,-0.5268625888449309,-0.5268627338476614,-0.5268628636202873,-0.5268629776596383,-0.5268630755737097,-0.5268631570834462,-0.5268632220239493,-0.5268632703451016,-0.5268633021116058,-0.5268633175024372,-0.526863316809715,-0.5268633004369955,-0.5268632688969968,-0.5268632228087666,-0.5268631628943069,-0.5268630899746721,-0.5268630049655609,-0.5268629088724204,-0.526862802785093,-0.5268626878720253,-0.5268625653740728,-0.5268624365979284,0.0,0.536307536385139,0.5363075938379354,0.5363076493024957,0.5363077027360247,0.5363077540972944,0.5363078033466753,0.5363078504461678,0.5363078953594307,0.53630793805181,0.5363079784903649,0.5363080166438939,0.5363080524829587,0.536308085979906,0.5363081171088908,0.536308145845894,0.536308172168743,0.5363081960571277,0.5363082174926156,0.5363082364586679,0.5363082529406508,0.5363082669258468
0.5456543714761332,0.5456543853109587,0.5456543967691163,0.5456544058417654,0.5456544125219057,0.5456544168043828,-0.5268653266842346,-0.5268659123432651,-0.5268664904091246,-0.5268670591694802,-0.5268676169732479,-0.526868162237774,-0.52686869345567,-0.526869209201273,-0.5268697081366938,-0.5268701890174304,-0.5268706506975172,-0.5268710921341851,-0.526871512392013,-0.5268719106465481,-0.526872286187379,-0.5268726384206504,-0.526872966871002,-0.5268732711829297,-0.5268735511215558,-0.5268738065728124,-0.526874037543033,-0.526874244157956,-0.5268744266611484,-0.5268745854118523,-0.5268747208822736,-0.5268748336543184,-0.5268749244158003,-0.5268749939561339,-0.5268750431615384,-0.5268750730097738,-0.5268750845644372,-0.5268750789688482,-0.5268750574395513,-0.5268750212594722,-0.5268749717707563,-0.5268749103673305,-0.5268748384872219,-0.5268747576046724,-0.5268746692220886,0.5363074705671631,0.536307409073527,0.5363073457342148,0.5363072805980974,0.5363072137154324,0.5363071451378245,0.5363070749181869,0.5363070031106986,0.5363069297707647,0.5363068549549719,0.5363067787210463,0.5363067011278075,0.5363066222351244,0.536306542103868,0.5363064607958651,0.5363063783738502,0.5363062949014178,0.5363062104429722,0.5363061250636787,0.536306038829413,0.5363059518067106,0.5363058640627146,0.5363057756651254,0.5363056866821472,0.5363055971824356,0.5363055072350454,0.5363054169093762,0.5363053262751196,0.5363052354022052,0.5363051443607468,0.5363050532209881,-0.5268754285597805,-0.5268756819335567,-0.5268759465178183,-0.5268762211685633,-0.5268765046581729,-0.5268767956813066,-0.5268770928612033,-0.5268773947563551,-0.5268776998675256,-0.526878006645076,-0.5268783134965622,-0.5268786187945685,-0.5268789208847385,-0.5268792180939635,-0.52687950873869,-0.5268797911333022,-0.526880063598544,-0.5268803244699342,-0.526880572106136,-0.5268808048972407,-0.5268810212729222,-0.5268812197104258,-0.5268813987423486,0.0,0.0,0.0,0.0,0.0,0.0,0.0,0.0,0.0,-0.5362471440917685,-0.5362471520136151,-0.536247122407579,-0.5362470549190352,-0.5362469493474046,-0.5362468056475374,-0.5362466239303675,0.5456482142127455,0.5456482049077751,0.5456481979946596,0.5456481934787323,0.5456481913634779,0.5456481916505279,0.5456481943396612,0.5456481994288028,0.5456482069140265,0.5456482167895568,0.545648229047775,0.5456482436792233,0.545648260672613,0.5456482800148333,0.545648301690961,0.5456483256842727,0.5456483519762563,0.5456483805466269,0.5456484113733419,0.5456484444326172,0.5456484796989467,0.5456485171451212,0.54564855674225,0.5456485984597824,0.5456486422655322,0.5456486881257019,0.5456487360049084,0.5456487858662118,0.5456488376711423,0.5456488913797304,0.5456489469505381,0.5456490043406909,0.5456490635059099,0.5456491244005471,0.5456491869776201,0.5456492511888484,0.5456493169846907,0.5456493843143827,0.5456494531259771,0.5456495233663831,0.5456495949814073,0.5456496679157958,0.5456497421132769,0.545649817516604,0.5456498940676001,0.545649971707203,0.5456500503755105,0.5456501300118263,0.5456502105547073,0.5456502919420111,0.5456503741109436,0.5456504569981077,0.5456505405395519,0.5456506246708199,0.5456507093270003,0.5456507944427766,0.545650879952478,0.545650965790129,0.5456510518895012,0.5456511381841649,0.5456512246075388,0.5456513110929426,0.5456513975736484,0.5456514839829312,0.5456515702541213,0.5456516563206556,0.5456517421161289,0.5456518275743448,0.5456519126293674,0.5456519972155717,0.5456520812676939,0.545652164720883,0.5456522475107494,0.5456523295734157,0.5456524108455654,0.5456524912644914,0.5456525707681457,0.5456526492951858,0.5456527267850229,0.5456528031778684,0.5456528784147802,0.5456529524377076,0.545653025189537,0.5456530966141353,0.5456531666563934,0.5456532352622686,0.5456533023788268,0.5456533679542827,0.5456534319380398,0.5456534942807303,0.545653554934252,0.5456536138518066,0.5456536709879342,0.5456537262985505,0.5456537797409788,0.5456538312739845,0.545653880857806,0.5456539284541853,0.5456539740263981,0.545654017539282,0.5456540589592636,0.5456540982543838,0.5456541353943235,0.5456541703504264,0.5456542030957209,0.5456542336049414,0.5456542618545478,0.5456542878227431,0.5456543114894906,0.5456543328365298,0.5456543518473896,0.5456543685074016,0.5456543828037111,0.5456543947252878,0.5456544042629325,0.5456544114092867,0.5456544161588363,-0.5268607991722792,-0.5268607546883046,-0.5268607275243732,-0.5268607189135989,-0.5268607300147976,-0.5268607619059812,-0.5268608155782327,-0.5268608919299939,-0.5268609917617942
-0.5362219986387404,-0.536222592619016,-0.5362231914464858,-0.5362237928536765,-0.5362243945887407,-0.5362249944259045,0.5456544186858924,0.545654418164983,0.5456544152420563,0.5456544099193674,0.5456544022010238,0.5456543920929803,0.5456543796030362,0.5456543647408285,0.5456543475178248,0.5456543279473138,0.5456543060443959,0.5456542818259708,0.5456542553107252,0.5456542265191174,0.5456541954733628,0.5456541621974155,0.5456541267169507,0.545654089059344,0.5456540492536516,0.5456540073305866,0.5456539633224958,0.5456539172633352,0.5456538691886428,0.5456538191355119,0.5456537671425624,0.5456537132499109,0.5456536574991395,0.5456535999332643,0.5456535405967017,0.545653479535234,0.5456534167959749,0.5456533524273324,0.5456532864789715,0.5456532190017759,0.5456531500478095,0.5456530796702749,0.5456530079234736,0.5456529348627629,0.5456528605445147,0.5456527850260703,0.5456527083656973,0.5456526306225447,0.5456525518565961,0.545652472128625,0.5456523915001464,0.5456523100333709,0.5456522277911549,0.5456521448369536,0.5456520612347714,0.5456519770491127,0.5456518923449319,0.5456518071875831,0.5456517216427705,0.5456516357764971,0.5456515496550137,0.5456514633447678,0.5456513769123529,0.5456512904244564,0.5456512039478085,0.5456511175491306,0.5456510312950842,0.5456509452522187,0.5456508594869208,0.5456507740653627,0.5456506890534516,0.5456506045167787,0.5456505205205678,0.5456504371296266,0.5456503544082949,0.5456502724203962,0.5456501912291881,0.5456501108973134,0.5456500314867516,0.5456499530587718,0.5456498756738845,0.5456497993917954,0.5456497242713596,0.5456496503705355,0.5456495777463407,0.545649506454808,0.5456494365509416,0.5456493680886748,0.5456493011208292,0.5456492356990731,0.5456491718738818,0.5456491096944989,0.545649049208898,0.5456489904637459,0.5456489335043668,0.5456488783747068,0.5456488251173003,0.5456487737732373,0.5456487243821313,0.5456486769820894,0.5456486316096825,0.5456485882999165,0.5456485470862064,0.5456485080003501,0.5456484710725036,0.5456484363311574,0.5456484038031163,0.5456483735134761,0.5456483454856063,0.5456483197411313,0.5456482962999138,0.5456482751800394,0.5456482563978027,0.5456482399676946,0.5456482259023917,0.0,0.0,0.0,0.0,0.0,-0.5456077461217661,-0.5456073514686185,-0.5456069179838503,-0.5456064473132602,-0.545605941254035,-0.5456054017463735,-0.5456048308644366,-0.5456042308066674,-0.545603603885528,-0.5456029525167017,-0.5456022792078148,-0.545601586546731,-0.5456008771894758,-0.5456001538478497,-0.5455994192767881,-0.5455986762615332,-0.545597927604675,-0.5455971761131274,-0.5455964245851023,-0.5455956757971417,-0.5455949324912752,-0.5455941973623596,-0.5455934730456665,-0.545592762104775,-0.545592067019828,-0.5455913901762103,-0.5455907338537012,0.5549942721629386,0.554994346280996,0.5549944213412097,0.5549944972856671,0.5549945740557737,0.5549946515922979,0.5549947298354164,0.554994808724761,0.5549948881994646,0.5549949681982087,0.5549950486592702,0.5549951295205694,0.5549952107197175,0.5549952921940652,0.5549953738807506,0.5549954557167485,0.5549955376389175,0.5549956195840506,0.5549957014889221,0.5549957832903383,0.5549958649251844,0.5549959463304746,0.5549960274433997,0.5549961082013768,0.554996188542096,0.5549962684035697,0.5549963477241799,0.5549964264427258,0.5549965044984713,0.5549965818311914,0.5549966583812188,0.5549967340894906,0.5549968088975926,0.5549968827478059,0.5549969555831499,0.5549970273474274,0.5549970979852673,0.5549971674421679,0.5549972356645383,0.5549973025997403,0.5549973681961287,0.5549974324030913,0.5549974951710881,0.5549975564516888,0.5549976161976113,0.5549976743627572,0.5549977309022478,0.5549977857724587,0.5549978389310538,0.5549978903370172,0.5549979399506851,0.5549979877337771,0.5549980336494248,0.0,0.0,0.0,0.0,0.0,0.0,0.0,0.0,-0.5362264544198856,-0.5362262838277968,-0.5362260936709169,-0.5362258849482987,-0.536225658783059,-0.5362254164168246,-0.5362251592035742,-0.5362248886029062,-0.5362246061727688,-0.536224313561683,-0.5362240125005007,-0.5362237047937346,-0.5362233923105073,-0.5362230769751569,-0.5362227607575528,-0.536222445663163,-0.5362221337229253,-0.5362218269829694,-0.5362215274942437,-0.5362212373020929,-0.5362209584358426,-0.5362206928984374,-0.5362204426561874,-0.5362202096286698,0.5456544185079164,0.5456544184547147,0.5456544159992723,0.5456544111434837,0.5456544038910955,0.5456543942477035,0.5456543822207484,0.5456543678195099,0.5456543510550999
0.5549984727075816,0.5549984573582603,0.5549984397791431,0.5549984199837937,0.554998397987486,0.5549983738071915,0.5549983474615674,0.5549983189709414,0.5549982883572964,0.554998255644253,0.5549982208570519,0.5549981840225343,0.5549981451691206,0.5549981043267893,0.5549980615270536,0.5549980168029366,0.5549979701889461,0.0,0.0,0.0,0.0,0.0,0.0,0.0,0.0,0.0,0.0,0.0,0.0,0.0,0.0,0.0,0.0,0.0,0.0,0.0,0.0,0.0,0.0,-0.5362341898965421,-0.5362340749327472,-0.5362339488740058,-0.5362338135442264,-0.536233670809397,-0.5362335225675624,-0.5362333707386477,-0.5362332172541819,-0.5362330640469671,-0.5362329130407467,-0.536232766139927,-0.5362326252193957,-0.5362324921144951,-0.5362323686111934,-0.5362322564365076,-0.5362321572492217,-0.5362320726309483,-0.5362320040775754,-0.5362319529911452,-0.5362319206721988,-0.5362319083126307,-0.5362319169890836,-0.5362319476569207,-0.5362320011448023,-0.5362320781498937,-0.536232179233731,-0.5362323048187637,-0.536232455185589,-0.5362326304708984,-0.5362328306661398,-0.5362330556169068,-0.5362333050230578,-0.5362335784395627,-0.5362338752780774,-0.5362341948092344,0.0,0.0,0.0,0.0,0.0,0.0,0.0,0.0,0.0,0.0,0.0,0.0,0.0,-0.5455985363685623,-0.5455992186180538,-0.5455998992547889,-0.5456005755351976,-0.5456012447081848,-0.545601904028114,-0.545602550767787,-0.5456031822313585,-0.5456037957671187,-0.5456043887800872,-0.5456049587443528,-0.5456055032151012,-0.5456060198402714,-0.5456065063717868,-0.5456069606763008,-0.545607380745411,-0.5456077647052887,0.5549926262544573,0.5549926209905091,0.5549926179998442,0.55499261728477,0.5549926188458385,0.5549926226818449,0.5549926287898298,0.5549926371650807,0.5549926478011359,0.5549926606897891,0.5549926758210967,0.554992693183384,0.5549927127632557,0.5549927345456053,0.554992758513627,0.5549927846488285,0.554992812931046,0.5549928433384588,0.5549928758476063,0.5549929104334069,0.5549929470691763,0.554992985726649,0.5549930263759995,0.5549930689858653,0.5549931135233713,0.5549931599541555,0.5549932082423948,0.5549932583508331,0.55499331024081,0.5549933638722905,0.5549934192038959,0.5549934761929357,0.5549935347954409,0.5549935949661974,0.554993656658781,0.5549937198255936,0.5549937844178994,0.5549938503858629,0.5549939176785871,0.5549939862441531,0.5549940560296591,0.5549941269812632,0.554994199044223,0.0,0.0,0.0,0.0,0.0,0.0,0.0,0.0,0.0,0.0,0.0,0.0,0.0,0.0,0.0,0.0,0.0,0.0,0.0,0.0,0.0,0.0,0.0,0.0,0.0,0.0,0.0,0.0,0.0,0.0,0.0,0.0,0.0,0.0,0.0,0.0,0.0,0.0,0.0,0.0,0.0,0.0,0.0,0.0,0.0,0.0,0.0,0.0,0.0,0.0,0.0,-0.5455903082016323,-0.5455902975462976,0.5549980776622012,0.5549981197381466,0.5549981598447963,0.554998197951205,0.554998234027971,0.5549982680472576,0.5549982999828169,0.5549983298100079,0.5549983575058165,0.5549983830488733,0.5549984064194697,0.5549984275995737,0.554998446572843,0.5549984633246382,0.5549984778420342,0.5549984901138293,0.554998500130555,0.5549985078844828,0.5549985133696296,0.5549985165817632,0.5549985175184056,0.5549985161788337,0.5549985125640812,0.5549985066769371,0.5549984985219438,0.5549984881053937,0.5549984754353238,0.5549984605215103,0.5549984433754602,0.5549984240104029,0.5549984024412805,0.554998378684735,0.5549983527590964,0.5549983246843686,0.5549982944822132,0.5549982621759336,0.5549982277904567,0.5549981913523135,0.5549981528896188,0.5549981124320498,0.554998070010822
0.0,0.0,0.0,0.0,0.0,0.0,0.0,0.0,0.0,0.0,0.0,0.0,0.0,0.0,-0.5455890991243407,-0.5455895438245213,-0.5455899622527937,0.5549979217210487,0.5549978714366409,0.5549978193745208,0.5549977655748582,0.5549977100791637,0.5549976529302559,0.5549975941722299,0.5549975338504212,0.5549974720113728,0.5549974087027979,0.5549973439735435,0.5549972778735527,0.5549972104538263,0.5549971417663833,0.5549970718642208,0.554997000801273,0.5549969286323699,0.5549968554131945,0.5549967812002405,0.5549967060507678,0.5549966300227591,0.5549965531748753,0.5549964755664089,0.5549963972572399,0.5549963183077891,0.5549962387789705,0.5549961587321457,0.5549960782290754,0.5549959973318728,0.5549959161029545,0.5549958346049938,0.554995752900871,0.5549956710536255,0.5549955891264068,0.5549955071824266,0.5549954252849092,0.5549953434970428,0.5549952618819315,0.5549951805025453,0.5549950994216728,0.5549950187018722,0.5549949384054228,0.5549948585942774,0.5549947793300145,0.5549947006737901,0.5549946226862913,0.5549945454276892,0.5549944689575925,0.5549943933350016,0.5549943186182624,0.5549942448650227,0.5549941721321859,0.5549941004758691,0.554994029951358,0.5549939606130654,0.5549938925144887,0.5549938257081685,0.554993760245649,0.554993696177437,0.5549936335529636,0.5549935724205464,0.5549935128273511,0.5549934548193564,0.5549933984413175,0.5549933437367321,0.5549932907478071,0.5549932395154252,0.554993190079114,0.5549931424770156,0.5549930967458563,0.5549930529209197,0.5549930110360182,0.5549929711234671,0.5549929332140606,0.554992897337047,0.5549928635201067,0.5549928317893303,0.5549928021691996,0.5549927746825669,0.5549927493506396,0.5549927261929616,0.5549927052274002,0.5549926864701308,0.5549926699356251,0.5549926556366402,0.5549926435842082,0.5549926337876278,-0.554966139370615,-0.5549666012410194,-0.5549670160354448,-0.5549673821604028,-0.5549676982301146,-0.5549679630729593,-0.5549681757368986,-0.5549683354938573,-0.5549684418430343,-0.5549684945131287,-0.5549684934634719,-0.5549684388840597,-0.5549683311944835,-0.5549681710417664,-0.5549679592971153,-0.5549676970516045,-0.5549673856108127,-0.5549670264884374,-0.5549666213989204,-0.5549661722491198,-0.5549656811290672,-0.5549651503018586,-0.5549645821927242,-0.5549639793773344,-0.5549633445693953,-0.554962680607597,-0.5549619904419762,0.5643367502232653,0.5643368168849952,0.5643368846208425,0.5643369533785462,0.5643370231050565,0.5643370937465766,0.564337165248603,0.5643372375559687,0.5643373106128852,0.5643373843629853,0.5643374587493676,0.5643375337146392,0.5643376092009608,0.5643376851500906,0.5643377615034304,0.5643378382020695,0.564337915186831,0.5643379923983168,0.5643380697769546,0.5643381472630422,0.5643382247967951,0.5643383023183917,0.5643383797680196,0.5643384570859222,0.5643385342124443,0.5643386110880784,0.5643386876535104,0.5643387638496654,0.564338839617754,0.564338914899316,0.5643389896362674,0.5643390637709439,0.5643391372461463,0.5643392100051836,0.5643392819919177,0.5643393531508062,0.5643394234269454,0.5643394927661128,0.5643395611148088,0.5643396284202976,0.5643396946306486,0.5643397596947761,0.5643398235624788,0.5643398861844782,0.5643399475124573,0.5643400074990973,0.5643400660981143,0.564340123264295,0.5643401789535315,0.564340233122856,0.5643402857304727,0.5643403367357909,0.5643403860994566,0.564340433783382,0.5643404797507754,0.5643405239661697,0.5643405663954494,0.564340607005877,0.5643406457661188,0.564340682646268,0.5643407176178692,0.564340750653939,0.5643407817289873,0.5643408108190375,0.5643408379016448,0.5643408629559122,0.564340885962509,0.5643409069036834,0.564340925763278,0.564340942526741,0.5643409571811381,0.564340969715162,0.5643409801191422,0.5643409883850511,0.5643409945065108,0.5643409984787982,0.5643410002988481,0.5643409999652568,0.564340997478281,0.5643409928398401,0.5643409860535127,0.5643409771245351,0.5643409660597967,-0.5549470866340539,-0.554946462368474,-0.5549458152421293,-0.5549451478914422,-0.5549444630796788,-0.5549437636838598,-0.5549430526810962,-0.5549423331344162,0.0,0.0,0.0,0.0,0.0,0.0,0.0,-0.545579222036396,-0.5455787801323848,-0.5455783588655961,-0.5455779606289941,-0.5455775877344445,-0.5455772424011663,-0.5455769267446118,-0.5455766427658281,-0.5455763923413538,-0.5455761772136979,-0.54557599898245,-0.5455758590960642
0.5643406264470242,0.5643405867496452,0.5643405452177095,0.5643405018832618,0.5643404567797383,0.5643404099419395,0.564340361406004,0.5643403112093812,0.564340259390801,0.5643402059902457,0.5643401510489172,0.5643400946092069,0.5643400367146622,0.5643399774099523,0.5643399167408355,0.564339854754122,0.5643397914976387,0.5643397270201925,0.564339661371532,0.5643395946023096,0.5643395267640425,0.5643394579090721,0.5643393880905246,0.5643393173622697,0.5643392457788786,0.5643391733955827,0.5643391002682302,0.5643390264532435,0.5643389520075753,-0.5549496568862397,-0.5549495130450979,-0.5549493353143535,-0.5549491252682852,-0.5549488846630382,-0.5549486154275001,-0.5549483196533179,-0.5549479995841041,-0.5549476576038833,-0.5549472962248394,-0.554946918074422,-0.5549465258818738,-0.5549461224642488,-0.5549457107119872,-0.5549452935741173,-0.5549448740431608,-0.5549444551398119,-0.5549440398974662,-0.5549436313466778,-0.5549432324996162,-0.5549428463346056,-0.5549424757808162,0.0,0.0,0.0,0.0,0.0,0.0,0.0,0.0,0.0,0.0,0.0,0.0,0.0,0.0,0.0,0.0,0.0,-0.5549411576658415,-0.5549414776073256,-0.5549418421458953,-0.5549422506230502,-0.5549427021599995,-0.5549431956610823,-0.5549437298182534,-0.5549443031166063,-0.5549449138409123,-0.5549455600831426,-0.5549462397509362,-0.5549469505769766,-0.5549476901292292,-0.5549484558219898,-0.554949244927695,-0.5549500545894335,-0.5549508818340991,-0.5549517235861241,-0.5549525766817233,-0.5549534378835834,-0.5549543038959236,-0.5549551713798571,0.5643354370366758,0.5643354289794025,0.564335423067069,0.5643354193042371,0.5643354176938095,0.564335418237029,0.5643354209334768,0.5643354257810717,0.5643354327760742,0.5643354419130875,0.5643354531850617,0.5643354665833002,0.5643354820974662,0.5643354997155896,0.5643355194240776,0.5643355412077243,0.5643355650497232,0.5643355909316791,0.5643356188336232,0.5643356487340283,0.5643356806098253,0.5643357144364207,0.5643357501877163,0.5643357878361287,0.5643358273526107,0.564335868706674,0.5643359118664124,0.5643359567985268,0.5643360034683501,0.564336051839875,0.5643361018757812,0.5643361535374637,0.5643362067850639,0.5643362615774988,0.5643363178724944,0.5643363756266165,0.5643364347953057,0.564336495332911,0.5643365571927248,0.5643366203270199,0.5643366846870856,-0.5643174872623715,-0.5643167184788597,-0.5643159307102412,-0.5643151277777156,-0.5643143135458392,-0.5643134919037316,-0.5643126667461874,-0.5643118419547837,-0.564311021379077,-0.5643102088179794,-0.5643094080014055,-0.5643086225722791,-0.5643078560689869,-0.5643071119083658,-0.5643063933693037,-0.5643057035770368,-0.564305045488217,-0.5643044218768235,-0.5643038353209849,-0.5643032881907794,-0.5643027826370662,-0.5643023205814099,-0.5643019037071388,-0.5643015334515863,-0.564301210999548,-0.5643009372779916,-0.5643007129520387,-0.5643005384222409,-0.5643004138231661,-0.564300339023293,-0.5643003136262233,-0.5643003369731989,-0.5643004081469137,-0.5643005259766017,-0.5643006890443738,-0.5643008956927743,-0.5643011440335195,-0.5643014319573735,-0.5643017571451153,-0.5643021170795415,-0.5643025090584448,-0.5643029302085089,-0.5643033775000459,-0.5643038477625083,-0.5643043377006975,-0.5643048439115882,-0.5643053629016913,-0.5643058911048628,-0.5643064249004769,-0.5643069606318725,-0.5643074946249825,-0.5643080232070535,-0.5643085427253672,-0.5643090495658676,-0.5643095401716052,-0.5643100110609084,-0.5643104588451889,-0.5643108802462995,-0.5643112721133523,-0.5643116314389216,-0.5643119553745454,-0.5643122412454549,-0.5643124865644545,-0.5643126890448878,-0.5643128466126243,-0.5643129574170056,-0.5643130198407018,-0.5643130325084246,-0.5643129942944561,-0.5643129043289572,-0.5643127620030206,-0.5643125669724465,-0.5643123191602213,-0.5643120187576841,-0.5643116662243782,-0.5643112622865856,-0.5643108079345512,-0.5643103044184109,-0.5643097532428405,-0.564309156160455,-0.564308515163984,-0.5643078324772681,-0.5643071105451128,0.5643409528678348,0.5643409375588282,0.5643409201445886,0.5643409006385529,0.5643408790557711,0.5643408554128962,0.5643408297281705,0.5643408020214117,0.5643407723139977,0.5643407406288501,0.5643407069904162,0.5643406714246507,0.5643406339589954,0.5643405946223579,0.564340553445089,0.5643405104589605,0.5643404656971391,0.5643404191941621,0.5643403709859096,0.5643403211095781,0.5643402696036508,0.5643402165078683,0.5643401618631975,0.5643401057118007,0.5643400480970031,0.5643399890632583,0.564339928656115
-0.5642963565605671,-0.5642970210936964,-0.5642976882973159,-0.564298354411918,-0.5642990157104952,-0.5642996685170695,-0.5643003092249533,-0.5643009343146514,-0.5643015403713175,-0.5643021241016782,-0.5643026823503438,-0.564303212115424,-0.5643037105633752,-0.5643041750430025,-0.5643046030985527,-0.5643049924818306,-0.564305341163281,-0.5643056473419825,-0.5643059094545032,-0.5643061261825764,-0.5643062964595565,-0.5643064194756269,-0.5643064946817309,-0.5643065217922099,-0.564306500786133,-0.5643064319073129,-0.5643063156630092,-0.5643061528213231,-0.5643059444072985,0.5643388769886653,0.564338801454395,0.5643387254630434,0.564338649073243,0.5643385723439327,0.5643384953343136,0.5643384181038031,0.5643383407119892,0.5643382632185837,0.5643381856833772,0.564338108166193,0.564338030726839,0.5643379534250643,0.5643378763205115,0.5643377994726705,0.5643377229408335,0.564337646784049,0.5643375710610755,0.5643374958303374,0.5643374211498787,0.5643373470773193,0.5643372736698097,0.5643372009839871,0.5643371290759323,0.5643370580011258,0.5643369878144047,0.5643369185699216,0.5643368503211019,0.5643367831206021,0.5643367170202707,0.5643366520711068,0.5643365883232215,0.5643365258257991,0.5643364646270588,0.5643364047742181,0.564336346313456,0.5643362892898769,0.5643362337474773,0.5643361797291101,0.5643361272764525,0.5643360764299739,0.5643360272289042,0.5643359797112039,0.5643359339135346,0.5643358898712311,0.5643358476182735,0.5643358071872614,0.5643357686093889,0.5643357319144202,0.5643356971306668,0.5643356642849656,0.564335633402658,0.5643356045075709,0.5643355776219979,0.564335552766682,0.5643355299607999,0.5643355092219473,0.5643354905661248,0.564335474007726,0.564335459559526,0.5643354472326725,-0.5643085107508232,-0.5643095505869352,-0.5643105834284731,-0.5643116052335695,-0.5643126120005131,-0.564313599786493,-0.5643145647260678,-0.5643155030492705,-0.5643164110992602,-0.5643172853494366,-0.5643181224199335,-0.5643189190934109,-0.5643196723300709,-0.5643203792818225,-0.5643210373055297,-0.564321643975274,0.0,0.0,0.0,0.0,0.0,0.0,0.0,0.0,0.0,0.0,0.0,0.0,0.5736780827309996,0.5736781452679746,0.5736782088411132,0.5736782734013662,0.5736783388989224,0.5736784052832474,0.5736784725031225,0.5736785405066847,0.5736786092414656,0.5736786786544334,0.5736787486920325,0.5736788193002255,0.5736788904245345,0.5736789620100836,0.573679034001641,0.5736791063436615,0.5736791789803293,0.5736792518556016,0.5736793249132512,0.5736793980969103,0.5736794713501134,0.573679544616342,0.573679617839067,0.5736796909617928,0.5736797639281013,0.5736798366816948,0.5736799091664394,0.5736799813264094,0.5736800531059288,0.5736801244496154,0.5736801953024233,0.5736802656096853,0.573680335317155,0.5736804043710488,0.5736804727180873,0.5736805403055364,0.5736806070812482,0.573680672993701,0.5736807379920389,0.5736808020261116,0.5736808650465125,0.5736809270046173,0.5736809878526211,0.5736810475435756,0.5736811060314252,0.5736811632710427,0.5736812192182634,0.5736812738299206,0.5736813270638773,0.57368137887906,0.5736814292354896,0.5736814780943126,0.5736815254178306,0.5736815711695306,0.5736816153141114,0.5736816578175127,0.5736816986469397,0.5736817377708898,0.5736817751591758,0.5736818107829501,0.5736818446147262,0.5736818766284001,0.5736819067992712,0.5736819351040605,0.5736819615209287,0.5736819860294928,0.5736820086108431,0.573682029247556,0.573682047923709,0.5736820646248919,0.5736820793382186,0.5736820920523362,0.5736821027574354,0.573682111445256,0.573682118109095,0.5736821227438104,0.5736821253458263,0.573682125913135,0.573682124445299,0.5736821209434506,0.5736821154102918,0.5736821078500918,0.5736820982686841,0.5736820866734612,0.5736820730733699,0.5736820574789037,0.5736820399020948,0.5736820203565051,0.5736819988572155,0.5736819754208142,0.5736819500653845,0.5736819228104898,0.5736818936771592,0.5736818626878714,0.5736818298665369,0.5736817952384796,0.573681758830418,0.5736817206704434,0.573681680787999,0.5736816392138571,0.573681595980095,0.5736815511200708,0.5736815046683974,0.5736814566609153,0.573681407134666,0.5736813561278622,0.5736813036798595,0.573681249831125,-0.5642955875494781,-0.5642946642935726,-0.5642937552937919,-0.564292864464323,-0.5642919956579437,-0.5642911526476305,-0.5642903391085351,-0.564289558600417,-0.5642888145506162,-0.5642881102376489,-0.5642874487755081,0.0,0.0,0.0,0.0
0.573681183721378,0.5736811269456118,0.5736810689054769,0.5736810096457549,0.5736809492121688,0.573680887651347,0.5736808250107879,0.573680761338823,0.5736806966845791,0.5736806310979414,0.5736805646295142,0.5736804973305821,0.5736804292530706,0.5736803604495059,0.5736802909729738,0.5736802208770804,0.5736801502159086,0.5736800790439777,0.5736800074162014,0.5736799353878447,0.5736798630144819,0.5736797903519529,0.5736797174563215,0.5736796443838307,0.57367957119086,0.573679497933882,0.5736794246694183,0.5736793514539968,0.5736792783441071,0.5736792053961575,0.5736791326664309,0.5736790602110425,0.5736789880858951,0.5736789163466373,0.5736788450486193,0.5736787742468512,0.5736787039959602,0.5736786343501482,0.5736785653631505,0.5736784970881937,0.5736784295779555,0.5736783628845226,0.5736782970593528,0.5736782321532328,0.5736781682162406,0.5736781052977069,0.5736780434461758,0.5736779827093684,0.573677923134146,0.5736778647664735,0.5736778076513838,0.5736777518329437,0.5736776973542195,0.5736776442572438,-0.5642926064503702,-0.5642922033829633,-0.5642918400077622,-0.564291519029513,-0.5642912429620679,-0.564291014115409,-0.5642908345836545,-0.5642907062341035,-0.5642906306973773,-0.5642906093587022,0.5736771622794065,0.5736771286240202,0.5736770967891797,0.5736770667994466,0.5736770386779594,0.5736770124464142,0.5736769881250501,0.5736769657326317,0.5736769452864356,0.5736769268022367,0.5736769102942963,0.5736768957753507,0.5736768832566018,0.5736768727477085,0.5736768642567783,0.5736768577903627,0.5736768533534503,0.5736768509494647,0.5736768505802607,0.573676852246123,0.5736768559457662,0.5736768616763361,0.5736768694334113,0.5736768792110069,0.5736768910015793,0.5736769047960315,0.5736769205837207,0.573676938352466,0.5736769580885585,0.5736769797767708,0.5736770034003698,0.5736770289411292,0.5736770563793434,0.5736770856938425,0.5736771168620095,0.5736771498597972,0.5736771846617463,0.5736772212410063,0.5736772595693544,0.5736772996172191,0.5736773413537021,0.5736773847466019,0.5736774297624393,0.5736774763664829,0.5736775245227758,0.5736775741941634,0.5736776253423224,0.5736776779277901,0.5736777319099945,0.5736777872472861,0.5736778438969697,0.5736779018153382,0.5736779609577047,0.5736780212784386,-0.5736773211982749,0.0,0.0,0.0,0.0,0.0,0.0,0.0,0.0,0.0,0.0,0.0,0.0,0.0,0.0,0.0,0.0,0.0,0.0,0.0,0.0,0.0,0.0,0.0,0.0,0.0,0.0,0.0,0.5830208513722117,0.5830209092557732,0.5830209660665083,0.5830210217605839,0.5830210762950284,0.5830211296277644,0.5830211817176425,0.5830212325244717,0.5830212820090508,0.5830213301331993,0.583021376859786,0.583021422152758,0.5830214659771686,0.5830215082992044,0.5830215490862106,0.5830215883067174,0.5830216259304632,0.5830216619284186,0.5830216962728086,0.5830217289371342,0.5830217598961922,0.5830217891260957,0.5830218166042913,0.5830218423095781,0.5830218662221222,0.5830218883234733,0.5830219085965788,0.5830219270257961,0.5830219435969062,0.5830219582971229,0.5830219711151041,0.5830219820409597,0.5830219910662594,0.5830219981840398,0.5830220033888087,0.5830220066765505,0.5830220080447281,0.5830220074922865,0.5830220050196513,0.5830220006287304,0.5830219943229122,0.5830219861070618,0.5830219759875183,0.5830219639720896,0.5830219500700468,0.583021934292116,0.5830219166504714,0.5830218971587247,0.5830218758319151,0.583021852686498,-0.5830271598033273,-0.58302739249592,-0.5830275498724928,-0.5830276302461823,-0.5830276322934081,-0.5830275550610436,-0.58302739797179,-0.5830271608277267,0.0,0.0,0.0,0.0,0.0,0.0,0.0,-0.5736665624043935,-0.5736657579685879,-0.5736649035752724,-0.5736640023809981,-0.5736630577799021,-0.5736620733879334,-0.5736610530259919,-0.5736600007020589,-0.5736589205924072,-0.5736578170219842,-0.573656694444058,-0.5736555574192307,-0.573654410593917,-0.5736532586783929,-0.573652106424524,0.5736811946232069,0.573681138098702,0.5736810803012228,0.5736810212753638,0.5736809610666677,0.5736808997215894,0.5736808372874609,0.5736807738124542,0.5736807093455444,0.573680643936472,0.5736805776357043,0.5736805104943967,0.573680442564353,0.5736803738979853,0.5736803045482742
0.5830203701660117,0.5830203048684663,0.5830202389644182,0.5830201725047164,0.5830201055406382,0.583020038123851,0.5830199703063703,0.5830199021405219,0.5830198336788992,0.5830197649743247,0.5830196960798076,0.5830196270485044,0.0,0.0,0.0,0.0,0.0,0.0,0.0,0.0,0.0,-0.5736624286726583,-0.573662424486417,-0.5736623611490634,-0.5736622387095048,-0.5736620575332515,-0.573661818300813,-0.573661522004537,-0.5736611699439069,-0.5736607637193168,-0.5736603052243614,-0.5736597966366711,-0.5736592404073421,-0.5736586392490096,-0.5736579961226258,-0.5736573142230034,-0.5736565969631978,-0.5736558479578042,-0.5736550710052489,-0.5736542700691646,-0.5736534492589362,-0.573652612809519,-0.5736517650606179,-0.5736509104353402,-0.5736500534184176,-0.5736491985341086,-0.573648350323886,-0.5736475133240225,-0.5736466920431795,-0.5736458909401104,-0.5736451144015887,-0.5736443667206652,-0.5736436520753647,-0.5736429745079212,0.5736775925829828,0.5736775423713054,0.5736774936609522,0.5736774464895049,0.5736774008933582,0.5736773569076912,0.5736773145664407,0.5736772739022744,0.5736772349465663,0.5736771977293722,-0.5736389324247902,-0.5736389408635654,-0.5736390186900487,-0.573639166384818,-0.5736393841049707,-0.5736396716826824,-0.5736400286253348,-0.5736404541172135,-0.5736409470227667,-0.5736415058914113,-0.5736421289638622,-0.5736428141799552,-0.573643559187926,-0.5736443613551002,-0.573645217779945,-0.5736461253054207,-0.573647080533572,-0.5736480798412859,-0.573649119397141,-0.5736501951792671,-0.5736513029941287,-0.5736524384961413,-0.5736535972080257,-0.5736547745418028,-0.5736559658203266,-0.5736571662992497,-0.5736583711893186,-0.5736595756788871,-0.5736607749565417,0.0,0.0,0.0,0.0,0.0,0.0,0.0,0.0,0.0,-0.5830208211768036,-0.5830217871877136,0.583018109574713,0.5830181671113526,0.5830182256908822,0.5830182852681055,0.5830183457970559,0.5830184072310324,0.5830184695226358,0.5830185326238054,0.5830185964858557,0.5830186610595139,0.5830187262949582,0.5830187921418566,0.5830188585494049,0.5830189254663661,0.5830189928411106,0.5830190606216554,0.5830191287557043,0.5830191971906881,0.5830192658738059,0.5830193347520649,0.5830194037723219,0.583019472881324,0.5830195420257499,0.5830196111522506,0.5830196802074915,0.5830197491381925,0.5830198178911694,0.5830198864133757,0.5830199546519421,0.583020022554219,0.5830200900678154,0.5830201571406409,0.5830202237209445,0.5830202897573556,0.5830203551989231,0.5830204199951547,0.5830204840960559,0.5830205474521694,0.5830206100146113,0.5830206717351111,0.5830207325660474,0.583020792460485,-0.5830060052232167,-0.5830053020299929,-0.5830046500854092,-0.583004052833729,-0.5830035134253124,-0.5830030347010892,-0.5830026191785602,-0.583002269039397,-0.5830019861186957,-0.5830017718959423,-0.5830016274877317,-0.5830015536422729,-0.5830015507357135,-0.5830016187702936,-0.5830017573743455,-0.5830019658041338,-0.5830022429475296,-0.5830025873294998,-0.5830029971193872,-0.5830034701399397,-0.5830040038780541,-0.5830045954971725,-0.5830052418512781,-0.5830059395004187,-0.5830066847276822,-0.5830074735575436,-0.5830083017754918,-0.5830091649488417,-0.5830100584486296,-0.5830109774724866,-0.5830119170683749,-0.5830128721590766,-0.5830138375673097,0.0,0.0,0.0,0.0,0.0,0.0,0.0,0.0,0.0,0.0,0.0,0.0,0.0,0.0,0.0,0.0,0.0,0.5830218277403317,0.5830218010126641,0.5830217725241174,0.5830217422966728,0.5830217103536528,0.5830216767197038,0.583021641420777,0.5830216044841079,0.5830215659381959,0.5830215258127818,0.5830214841388254,0.5830214409484809,0.5830213962750727,0.5830213501530698,0.5830213026180584,0.5830212537067148,0.5830212034567778,0.5830211519070188,0.5830210990972117,0.5830210450681027,0.5830209898613794,0.5830209335196371,0.5830208760863473,0.5830208176058237,0.5830207581231878,0.5830206976843344,0.5830206363358961,0.5830205741252068,0.5830205111002662,0.5830204473097024,0.5830203828027332,0.5830203176291303,0.5830202518391788,0.5830201854836399,0.5830201186137107,0.5830200512809858,0.583019983537416,0.5830199154352699,0.5830198470270919,0.583019778365663,0.5830197095039595,0.5830196404951122,-0.5736391957809605,-0.5736385081940548,-0.5736378816618568
-0.5830055072602122,-0.5830063899592188,-0.5830072697711266,-0.5830081414657762,-0.5830089998636676,-0.5830098398619151,-0.5830106564598228,-0.583011444783951,-0.5830122001125566,-0.5830129178992809,-0.583013593795975,-0.5830142236745457,0.5830195579336762,0.5830194887886492,0.5830194196667725,0.5830193506213774,0.5830192817057365,0.5830192129730215,0.5830191444762635,0.5830190762683114,0.5830190084017911,0.583018940929065,0.5830188739021922,0.583018807372887,0.58301874139248,0.5830186760118785,0.5830186112815267,0.5830185472513675,0.5830184839708028,0.583018421488657,0.5830183598531377,0.5830182991117996,0.5830182393115074,0.5830181804984,0.583018122717854,0.58301806601445,0.583018010431937,0.5830179560131992,0.5830179028002233,0.5830178508340652,0.5830178001548191,0.5830177508015859,0.583017702812444,0.583017656224419,0.5830176110734551,0.5830175673943884,0.5830175252209189,0.5830174845855852,0.583017445519739,0.5830174080535212,0.5830173722158385,0.5830173380343407,0.5830173055354005,0.583017274744092,0.5830172456841718,0.5830172183780606,0.5830171928468262,0.583017169110167,0.5830171471863966,0.5830171270924299,0.5830171088437702,0.5830170924544973,0.5830170779372554,0.5830170653032457,0.5830170545622158,0.5830170457224525,0.5830170387907758,0.5830170337725343,0.5830170306715994,0.5830170294903636,0.5830170302297384,0.5830170328891534,0.5830170374665564,0.5830170439584161,0.5830170523597237,0.5830170626639974,0.5830170748632869,0.58301708894818,0.5830171049078099,0.5830171227298631,0.5830171424005891,0.5830171639048113,0.5830171872259384,0.5830172123459775,0.5830172392455473,0.5830172679038937,0.5830172982989059,0.5830173304071331,0.5830173642038022,0.5830173996628384,0.5830174367568831,0.5830174754573171,0.5830175157342814,0.5830175575567008,0.5830176008923078,0.5830176457076668,0.5830176919682013,0.5830177396382195,0.5830177886809419,0.5830178390585297,0.5830178907321149,0.5830179436618289,0.5830179978068344,0.5830180531253559,0.0,0.0,0.0,0.0,0.0,0.0,0.0,0.0,-0.592375202290863,-0.5923754417944413,-0.5923755905412096,-0.5923756487884738,-0.5923756172338436,-0.592375497011075,-0.5923752896837864,-0.5923749972370818,-0.5923746220671214,-0.5923741669686907,-0.5923736351208297,-0.5923730300705945,-0.5923723557150282,-0.5923716162814324,-0.5923708163060354,-0.59236996061116,0.5923592312121203,0.5923592905076329,0.5923593490292635,0.5923594067318589,0.5923594635708981,0.592359519502526,0.5923595744835877,0.5923596284716618,0.592359681425093,0.592359733303024,0.5923597840654278,0.5923598336731377,0.5923598820878779,0.5923599292722935,0.5923599751899783,0.5923600198055036,0.5923600630844456,0.5923601049934114,0.5923601455000655,0.5923601845731544,0.5923602221825299,0.5923602582991743,0.5923602928952207,0.5923603259439761,0.5923603574199409,0.592360387298829,0.5923604155575869,0.5923604421744108,0.592360467128764,0.5923604904013923,0.5923605119743394,0.5923605318309598,0.5923605499559333,0.5923605663352746,0.592360580956346,0.5923605938078664,0.5923606048799198,0.5923606141639634,0.5923606216528338,0.5923606273407527,0.5923606312233316,0.5923606332975747,0.5923606335618817,0.5923606320160486,0.5923606286612682,0.5923606235001286,0.5923606165366124,0.5923606077760923,0.5923605972253279,0.5923605848924596,0.5923605707870031,0.592360554919842,0.5923605373032189,0.5923605179507262,0.5923604968772961,0.5923604740991878,0.5923604496339766,0.592360423500539,0.5923603957190389,0.5923603663109117,0.592360335298848,0.5923603027067758,0.5923602685598418,0.5923602328843934,0.5923601957079564,0.592360157059215,0.5923601169679894,0.5923600754652131,0.5923600325829079,0.5923599883541608,0.5923599428130971,0.5923598959948552,0.5923598479355581,0.592359798672287,0.5923597482430519,0.5923596966867624,0.5923596440431973,0.5923595903529747,0.5923595356575204,0.5923594799990352,0.5923594234204634,0.5923593659654589,0.5923593076783521,0.5923592486041149,-0.5923748370326857,-0.5923737781565367,-0.5923726494003414,-0.5923714553423158,-0.592370200869746,-0.5923688911558814,-0.5923675316354464,-0.5923661279788788,0.0,0.0,0.0,0.0,0.0,-0.5830057883546707,-0.5830044374386407,-0.5830030942926143,-0.5830017645039957,-0.5830004536053333,-0.5829991670480992,-0.5829979101768554,-0.582996688203935,-0.5829955061847557,-0.5829943689938925,-0.5829932813020174,-0.582992247553826,-0.5829912719470497,0.5830195713923654,0.5830195022490354,0.5830194331184704
0.5923582874787027,0.59235822231522,0.5923581572020288,0.5923580921893674,0.5923580273273968,0.5923579626661614,0.5923578982555506,0.5923578341452608,0.5923577703847562,0.5923577070232315,0.5923576441095734,0.5923575816923228,0.5923575198196376,0.592357458539256,0.5923573978984588,0.5923573379440329,0.5923572787222365,0.5923572202787617,0.5923571626587008,0.5923571059065099,0.5923570500659762,0.5923569951801833,0.5923569412914779,0.5923568884414377,0.5923568366708387,0.5923567860196245,0.5923567365268746,-0.5923686858790057,-0.592368067837074,-0.5923673702510277,-0.5923665958298624,-0.5923657476766232,-0.5923648292737917,-0.5923638444668127,-0.5923627974458329,0.0,0.0,0.0,0.0,0.0,0.0,0.0,0.0,-0.583001839451874,-0.5830007261616479,-0.5829996143558469,-0.5829985094657065,-0.5829974169170479,-0.5829963421038122,-0.5829952903617301,-0.5829942669422529,-0.5829932769868746,-0.5829923255019698,-0.5829914173342668,-0.5829905571470801,-0.5829897493974144,-0.5829889983140538,-0.5829883078767414,-0.5829876817965516,-0.5829871234975517,-0.5829866360998394,-0.5829862224040414,-0.5829858848773486,-0.5829856256411537,-0.5829854464603549,-0.5829853487343742,-0.5829853334899393,-0.5829854013756577,-0.5829855526584173,-0.5829857872216241,-0.5829861045652921,-0.5829865038079809,-0.5829869836905742,-0.5829875425818808,-0.5829881784860307,-0.5829888890516323,-0.5829896715826444,-0.5829905230509125,-0.582991440110308,-0.5829924191124034,-0.5829934561236038,-0.5829945469436586,-0.5829956871254571,0.0,0.0,0.0,0.0,0.0,0.5923567811507089,0.5923568316908662,0.5923568833542502,0.5923569361010006,0.5923569898904208,0.5923570446810099,0.5923571004304945,0.5923571570958612,0.5923572146333902,0.5923572729986885,0.5923573321467245,0.5923573920318627,0.5923574526078988,0.5923575138280956,0.5923575756452186,0.5923576380115729,0.5923577008790396,0.5923577641991132,0.5923578279229393,0.5923578920013516,0.5923579563849102,0.59235802102394,0.5923580858685681,0.592358150868764,0.5923582159743761,0.5923582811351722,0.5923583463008766,0.5923584114212112,0.592358476445931,0.5923585413248665,0.5923586060079599,0.592358670445304,0.5923587345871819,0.5923587983841045,0.5923588617868486,0.5923589247464951,0.592358987214467,0.5923590491425665,0.5923591104830122,0.5923591711884761,0.0,0.0,0.0,0.0,0.0,0.0,0.0,0.0,0.0,0.0,0.0,0.0,0.0,0.0,0.0,0.0,0.0,0.0,0.0,0.0,0.0,0.0,0.0,0.0,0.0,0.0,0.0,0.0,0.0,0.0,0.0,0.0,0.0,0.0,0.0,0.0,0.0,0.0,0.0,0.0,0.0,0.0,0.0,0.0,0.0,-0.6017004846446955,-0.601701889148038,-0.6017033300513589,-0.6017048005358422,-0.6017062936127735,-0.6017078021574463,-0.6017093189437512,-0.6017108366792819,-0.6017123480407859,-0.6017138457097879,-0.6017153224082132,-0.6017167709338342,-0.6017181841953729,-0.6017195552470814,-0.6017208773226382,-0.6017221438681915,-0.601723348574387,-0.6017244854072284,-0.6017255486376155,-0.601726532869417,-0.6017274330659431,-0.6017282445746844,-0.6017289631501994,-0.6017295849750371,-0.6017301066785937,-0.6017305253538073,-0.6017308385716161,-0.6017310443931004,-0.6017311413792553,-0.6017311285983443,-0.6017310056307957,-0.6017307725716204,-0.6017304300303369,-0.6017299791284054,-0.6017294214941816,-0.6017287592554146,-0.6017279950293266,-0.6017271319103229,-0.6017261734553873,0.592359188788327,0.59235912827714,0.5923590671172421,0.5923590053558216,0.5923589430405317,0.5923588802194523,0.5923588169410533,0.5923587532541581,0.5923586892079049,0.592358624851709,0.592358560235225,0.5923584954083082,0.5923584304209765,0.592358365323371,0.5923583001657182,0.5923582349982912,0.5923581698713697,0.5923581048352033,0.5923580399399706,0.5923579752357416,0.5923579107724394,0.5923578465998006,0.5923577827673379,0.592357719324301,0.5923576563196399,0.5923575938019656,0.5923575318195137,0.5923574704201068,0.5923574096511174
-0.6017053998481167,-0.601706682869409,-0.6017079565673235,-0.6017092138368033,-0.6017104476451547,-0.6017116510670147,-0.6017128173188034,-0.6017139397924914,-0.601715012088518,-0.601716028047699,-0.6017169817819665,-0.6017178677037929,-0.6017186805541518,-0.6017194154288803,-0.6017200678033148,-0.6017206335550754,-0.6017211089848926,-0.601721490835368,-0.6017217763075817,-0.6017219630754629,-0.6017220492978503,-0.6017220336281894,-0.6017219152218102,-0.6017216937407571,-0.601721369356142,-0.6017209427480087,-0.6017204151027133,0.5923566882307747,0.5923566411685873,0.5923565953766232,0.5923565508902123,0.5923565077436782,0.5923564659703101,0.5923564256023379,0.5923563866709071,0.5923563492060547,0.5923563132366868,0.5923562787905549,0.5923562458942355,0.5923562145731096,0.5923561848513428,0.5923561567518661,0.5923561302963598,0.5923561055052351,0.5923560823976195,0.5923560609913413,0.5923560413029163,0.5923560233475347,0.5923560071390501,0.5923559926899675,0.5923559800114353,0.5923559691132353,0.5923559600037758,0.5923559526900852,0.5923559471778064,0.592355943471192,0.5923559415731021,0.5923559414850009,0.5923559432069565,0.5923559467376405,0.5923559520743286,0.5923559592129034,0.5923559681478572,0.5923559788722964,0.5923559913779467,0.5923560056551598,0.5923560216929197,0.5923560394788532,0.5923560589992374,0.5923560802390119,0.592356103181789,0.592356127809868,0.592356154104247,0.592356182044639,0.5923562116094868,0.5923562427759802,0.592356275520073,0.5923563098165014,0.5923563456388049,0.5923563829593449,0.5923564217493271,0.5923564619788233,0.5923565036167951,0.5923565466311171,0.5923565909886016,0.5923566366550252,0.5923566835951544,0.5923567317727725,-0.5923487026206125,-0.5923501824396042,-0.5923516727296256,-0.5923531670088074,0.0,0.0,0.0,0.0,0.0,0.0,0.0,-0.6017096167193504,-0.6017109717988282,-0.6017122637072033,-0.6017134868720696,-0.6017146360725031,-0.6017157064639437,-0.6017166936012296,-0.6017175934596746,-0.6017184024540836,-0.6017191174556167,-0.6017197358064166,-0.6017202553319301,-0.6017206743508658,-0.6017209916827353,0.6016964310239974,0.6016964884304926,0.6016965452142512,0.6016966013314614,0.6016966567388249,0.6016967113935917,0.6016967652535922,0.6016968182772696,0.6016968704237132,0.6016969216526885,0.6016969719246691,0.6016970212008668,0.6016970694432618,0.6016971166146321,0.6016971626785814,0.6016972075995689,0.6016972513429348,0.6016972938749281,0.6016973351627325,0.6016973751744916,0.6016974138793338,0.6016974512473954,0.6016974872498446,0.601697521858903,0.6016975550478671,0.6016975867911297,0.6016976170641982,0.6016976458437154,0.6016976731074752,0.601697698834442,0.6016977230047655,0.601697745599797,0.6016977666021024,0.601697785995477,0.6016978037649576,0.6016978198968336,0.6016978343786581,0.6016978471992575,0.6016978583487395,0.6016978678185019,0.6016978756012378,0.6016978816909421,0.6016978860829165,0.6016978887737722,0.6016978897614327,0.6016978890451363,0.6016978866254358,0.6016978825041978,0.6016978766846022,0.6016978691711393,0.6016978599696063,0.6016978490871028,0.6016978365320256,0.6016978223140618,0.6016978064441812,0.601697788934629,0.601697769798915,0.6016977490518036,0.6016977267093027,0.6016977027886513,0.6016976773083058,0.6016976502879258,0.60169762174836,0.6016975917116281,0.601697560200906,0.6016975272405062,0.60169749285586,0.6016974570734974,0.6016974199210272,0.6016973814271149,0.6016973416214613,0.6016973005347791,0.6016972581987695,0.6016972146460976,0.6016971699103673,0.601697124026095,0.6016970770286837,0.6016970289543948,0.6016969798403209,0.6016969297243567,0.60169687864517,0.6016968266421716,0.6016967737554851,0.6016967200259161,0.6016966654949204,0.601696610204572,0.6016965541975308,0.6016964975170098,0.6016964402067417,0.6016963823109446,0.6016963238742886,0.6016962649418615,0.6016962055591328,0.6016961457719203,0.6016960856263529,0.6016960251688365,0.6016959644460178,0.6016959035047477,0.6016958423920461,0.6016957811550648,0.6016957198410516,0.601695658497314,0.6016955971711815,0.6016955359099708,0.6016954747609485,0.6016954137712943,0.6016953529880648,0.6016952924581576,0.6016952322282747,0.6016951723448866,0.6016951128541963,0.6016950538021039,0.6016949952341714,-0.6017039415316576,-0.6017022315135191,-0.6017005340369175,-0.601698856473524,0.0,0.0,0.0,0.0,0.0,0.0,-0.5923415638084654,-0.5923404301835024,-0.5923393660216724,-0.5923383755726599,-0.5923374627358299
0.6016949259625252,0.6016948686150041,0.6016948118945237,0.6016947558448467,0.601694700509218,0.601694645930332,0.6016945921502985,0.6016945392106118,0.601694487152117,0.6016944360149798,0.6016943858386549,0.6016943366618555,0.6016942885225236,0.6016942414578011,0.6016941955040006,0.6016941506965772,0.6016941070701017,0.6016940646582343,0.6016940234936972,0.6016939836082507,0.6016939450326683,0.6016939077967124,0.6016938719291122,0.601693837457541,0.6016938044085951,0.6016937728077733,0.6016937426794565,0.6016937140468903,0.601693686932166,0.6016936613562031,0.6016936373387348,0.6016936148982917,0.6016935940521873,0.6016935748165051,0.6016935572060865,0.6016935412345185,0.6016935269141235,0.6016935142559506,0.6016935032697659,0.6016934939640457,0.6016934863459699,0.6016934804214157,0.6016934761949545,0.601693473669847,0.6016934728480418,0.6016934737301723,0.6016934763155584,0.6016934806022052,0.6016934865868053,0.6016934942647415,0.6016935036300899,0.6016935146756249,0.6016935273928243,0.6016935417718763,0.6016935578016871,0.6016935754698887,0.6016935947628497,0.6016936156656847,0.6016936381622664,0.6016936622352377,0.6016936878660255,0.6016937150348545,0.6016937437207628,0.6016937739016184,0.601693805554135,0.6016938386538918,0.601693873175351,0.6016939090918776,0.6016939463757606,0.601693984998234,0.601694024929499,0.6016940661387468,0.6016941085941827,0.6016941522630505,0.6016941971116577,0.601694243105402,0.6016942902087968,0.6016943383854999,0.6016943875983408,0.6016944378093495,0.601694488979786,0.60169454107017,0.6016945940403112,0.6016946478493408,0.6016947024557423,0.6016947578173847,0.6016948138915537,0.6016948706349853,0.6016949280038989,0.601694985954032,0.601695044440673,0.6016951034186965,0.6016951628425979,0.6016952226665289,0.6016952828443319,0.6016953433295766,0.601695404075596,0.6016954650355207,0.6016955261623171,0.6016955874088227,0.6016956487277823,0.6016957100718848,0.6016957713938004,0.6016958326462154,0.6016958937818702,0.6016959547535952,0.6016960155143471,0.6016960760172456,0.6016961362156092,0.6016961960629914,0.6016962555132163,0.6016963145204144,0.6016963730390583,-0.6110651106227766,-0.6110651618603318,-0.611065097929423,-0.6110649198576683,-0.611064629244026,-0.6110642282504354,-0.6110637195906984,-0.6110631065166615,-0.6110623928017636,-0.6110615827220305,-0.6110606810346111,-0.6110596929539592,-0.6110586241257779,-0.6110574805988551,-0.6110562687949274,-0.6110549954767208,-0.611053667714325,-0.6110522928500639,-0.6110508784620365,-0.6110494323265068,-0.6110479623793243,-0.611046476676567,-0.6110449833545953,-0.6110434905897176,-0.6110420065576585,0.6110335609565289,0.6110335705446647,0.6110335785496636,0.6110335849653491,0.6110335897867711,0.6110335930102098,0.6110335946331775,0.6110335946544226,0.6110335930739282,0.6110335898929142,0.6110335851138347,0.6110335787403771,0.611033570777459,0.6110335612312245,0.6110335501090391,0.6110335374194843,0.6110335231723509,0.6110335073786319,0.6110334900505129,0.611033471201364,0.6110334508457285,0.6110334289993123,0.6110334056789715,0.6110333809026992,0.6110333546896121,0.6110333270599352,0.6110332980349872,0.6110332676371624,0.6110332358899149,0.6110332028177399,0.6110331684461551,0.61103313280168,0.6110330959118171,0.6110330578050294,0.6110330185107186,0.6110329780592032,0.6110329364816939,0.6110328938102708,0.6110328500778575,0.6110328053181966,0.6110327595658229,0.6110327128560377,0.61103266522488,0.6110326167091008,0.611032567346133,0.6110325171740632,0.6110324662316021,0.6110324145580557,0.6110323621932925,0.6110323091777157,0.6110322555522298,0.6110322013582105,0.6110321466374714,0.6110320914322331,0.6110320357850895,0.6110319797389759,0.611031923337135,0.6110318666230844,0.6110318096405818,0.6110317524335931,0.6110316950462565,0.0,0.0,0.0,0.0,0.0,0.0,0.0,-0.611077095348109,-0.6110765521643485,-0.6110758893977727,-0.6110751099645861,-0.6110742173260085,-0.6110732154716552,-0.6110721089003617,-0.6110709025985419,-0.611069602016189,-0.611068213040633,-0.6110667419681848,-0.6110651954738046,-0.6110635805789421,-0.6110619046177063,-0.6110601752015282,-0.6110584001824902,-0.6110565876154999,-0.6110547457194918,0.0,0.0,0.6016949371955866,0.6016948797311292,0.6016948228851363,0.6016947667014667,0.6016947112234693,0.6016946564939478,0.6016946025551286,0.6016945494486282,0.6016944972154208,0.6016944458958065,0.6016943955293811,0.6016943461550043,0.6016942978107707,0.6016942505339802,0.6016942043611088
0.6110301841447219,0.6110301404867245,0.6110300978920786,0.6110300563936476,0.6110300160234494,0.6110299768126315,0.6110299387914467,0.6110299019892299,0.611029866434376,0.6110298321543167,0.6110297991755005,0.6110297675233722,0.6110297372223527,0.6110297082958204,0.6110296807660934,-0.6110691733345143,-0.6110697650495566,-0.6110702476837038,-0.6110706180051385,-0.6110708733236925,-0.6110710115046484,-0.6110710309798351,-0.6110709307559652,-0.6110707104201709,-0.6110703701427123,-0.6110699106768429,-0.6110693333558349,-0.611068640087175,-0.61106783334396,-0.6110669161535364,-0.6110658920834339,-0.6110647652246647,-0.6110635401724699,-0.611062222004603,-0.6110608162572617,-0.6110593288987786,-0.6110577663012049,-0.6110561352099215,-0.6110544427114264,-0.6110526961994567,-0.6110509033396063,-0.611049072032618,0.0,0.0,0.0,0.0,0.0,0.0,0.0,-0.6016896110433032,-0.601688064006017,-0.6016865583273974,-0.6016851008757507,-0.6016836983073178,-0.6016823570342005,-0.6016810831934603,-0.601679882617541,-0.6016787608061578,-0.6016777228997872,-0.6016767736548901,-0.6016759174209858,-0.601675158119688,-0.6016744992258062,-0.6016739437506031,-0.6016734942272883,-0.6016731526988204,-0.6016729207080759,-0.6016727992904319,-0.6016727889687992,-0.6016728897511301,-0.6016731011304124,-0.6016734220871496,-0.6016738510943154,-0.6016743861247597,-0.6016750246610268,-0.6016757637075424,-0.6016765998051067,-0.6016775290476261,-0.601678547101,-0.6016796492240721,-0.6016808302915457,-0.601682084818749,0.0,0.0,0.0,0.0,0.0,0.0,0.0,0.0,-0.6110379544946086,-0.611039721074651,-0.6110414852508399,-0.6110432386721636,-0.6110449730640007,-0.611046680268231,-0.6110483522827643,0.6110320343034754,0.6110320899617572,0.6110321451792682,0.6110321999134048,0.6110322541219368,0.6110323077630387,0.611032360795323,0.6110324131778723,0.6110324648702699,0.6110325158326322,0.6110325660256386,0.6110326154105616,0.6110326639492979,0.611032711604397,0.6110327583390892,0.6110328041173165,0.6110328489037576,0.611032892663857,0.6110329353638506,0.6110329769707928,0.6110330174525813,0.6110330567779811,0.6110330949166507,0.6110331318391631,0.6110331675170304,0.6110332019227244,0.611033235029699,0.6110332668124098,0.6110332972463342,0.6110333263079906,0.6110333539749557,0.6110333802258826,0.611033405040517,0.6110334283997124,0.611033450285446,0.6110334706808308,0.6110334895701309,0.6110335069387717,0.611033522773352,0.6110335370616543,0.6110335497926542,0.0,0.0,0.0,0.0,0.0,0.0,0.0,0.0,0.0,0.0,0.0,0.0,0.0,0.0,0.0,0.0,0.0,0.0,0.0,0.0,0.0,0.0,0.0,0.0,0.0,0.0,0.0,0.0,0.0,0.0,0.0,0.0,0.0,0.0,0.0,0.0,0.0,-0.6203813979750166,-0.6203834036995215,-0.620385442908368,-0.6203875063234674,-0.6203895845325814,-0.6203916680346764,-0.6203937472857257,-0.6203958127447384,-0.6203978549197912,-0.6203998644138358,-0.6204018319700652,-0.6204037485166122,-0.6204056052103649,-0.6204073934796863,-0.6204091050658285,-0.6204107320628396,-0.6204122669557712,-0.6204137026569958,-0.6204150325404615,-0.6204162504737135,-0.6204173508475277,-0.6204183286030116,-0.6204191792560398,-0.6204198989189051,0.6110316375228494,0.6110315799077545,0.6110315222454252,0.6110314645803511,0.611031406957024,0.6110313494199032,0.6110312920133821,0.6110312347817527,0.6110311777691724,0.6110311210196293,0.6110310645769086,0.6110310084845588,0.6110309527858585,0.6110308975237816,0.6110308427409655,0.6110307884796784,0.6110307347817853,0.6110306816887167,0.6110306292414367,0.611030577480411,0.6110305264455755,0.6110304761763062,0.6110304267113883,0.611030378088986,0.611030330346614,0.6110302835211079,0.6110302376485953,0.6110301927644695,0.6110301489033602,0.6110301060991085,0.6110300643847395,0.611030023792438,0.6110299843535226,0.6110299460984223,0.6110299090566523,0.6110298732567921,0.6110298387264629,0.6110298054923063,0.6110297735799637,0.6110297430140571,0.6110297138181691,0.6110296860148258
-0.6203927421820573,-0.6203945693582135,-0.6203963821048653,-0.6203981711250887,-0.62039992721721,-0.6204016413200194,-0.6204033045573192,-0.6204049082815863,-0.6204064441165398,-0.6204079039984025,-0.6204092802156568,-0.6204105654470982,-0.620411752798002,-0.620412835834226,-0.6204138086140814,0.611029654654412,0.6110296299809225,0.6110296067646616,0.6110295850235411,0.6110295647743358,0.6110295460326686,0.6110295288129992,0.6110295131286136,0.6110294989916127,0.6110294864129039,0.611029475402192,0.6110294659679725,0.6110294581175238,0.6110294518569034,0.6110294471909412,0.6110294441232375,0.6110294426561589,0.6110294427908373,0.6110294445271688,0.6110294478638141,0.6110294527981984,0.6110294593265148,0.6110294674437265,0.6110294771435707,0.6110294884185636,0.6110295012600062,0.6110295156579905,0.6110295316014082,0.6110295490779579,0.6110295680741562,0.6110295885753466,0.6110296105657116,0.6110296340282846,0.6110296589449634,0.6110296852965238,0.6110297130626343,0.6110297422218723,0.6110297727517404,0.6110298046286832,0.6110298378281064,0.6110298723243954,0.6110299080909346,0.6110299451001288,0.6110299833234235,0.6110300227313281,0.6110300632934375,0.6110301049784562,0.6110301477542226,0.6110301915877329,0.611030236445168,0.6110302822919179,0.61103032909261,0.6110303768111354,0.611030425410677,0.611030474853738,0.6110305251021705,0.6110305761172059,0.6110306278594833,0.611030680289081,0.6110307333655473,0.611030787047931,0.6110308412948132,0.6110308960643399,0.6110309513142538,0.6110310070019267,0.6110310630843926,0.6110311195183811,0.6110311762603504,0.611031233266521,0.6110312904929096,0.6110313478953632,0.6110314054295927,0.611031463051207,0.6110315207157481,0.6110315783787248,0.6110316359956465,0.6110316935220588,0.611031750913577,0.6110318081259198,0.6110318651149451,0.6110319218366821,0.611031978247367,-0.6203915660574203,-0.6203932624442204,-0.6203948930530021,-0.6203964500408268,-0.6203979259472724,-0.6203993137307057,-0.6204006068024958,-0.6204017990590033,-0.6204028849111878,-0.6204038593116901,-0.6204047177792555,-0.62040545642038,-0.6204060719480742,-0.6204065616976514,-0.6204069236394648,-0.6204071563885311,-0.6204072592109919,-0.6204072320273857,-0.6204070754127086,-0.620406790593271,-0.6204063794403587,-0.6204058444607355,-0.6204051887840288,-0.6204044161470671,0.6203674397164531,0.6203674552096095,0.6203674692558,0.6203674818441872,0.6203674929650583,0.6203675026098328,0.6203675107710689,0.6203675174424699,0.6203675226188882,0.6203675262963299,0.6203675284719573,0.6203675291440923,0.6203675283122159,0.62036752597697,0.6203675221401564,0.6203675168047357,0.6203675099748241,0.6203675016556919,0.6203674918537575,0.620367480576584,0.6203674678328723,0.6203674536324552,0.6203674379862892,0.6203674209064466,0.6203674024061056,0.6203673824995404,0.6203673612021102,0.6203673385302475,0.6203673145014454,0.6203672891342438,0.6203672624482147,0.6203672344639486,0.6203672052030375,0.6203671746880576,0.6203671429425535,0.620367109991019,0.6203670758588783,0.6203670405724669,0.6203670041590104,0.6203669666466042,0.6203669280641917,0.6203668884415415,0.6203668478092254,0.6203668061985935,0.6203667636417514,0.6203667201715344,0.6203666758214822,0.6203666306258142,0.6203665846194014,0.6203665378377408,0.6203664903169273,0.6203664420936261,0.6203663932050446,0.6203663436889031,0.6203662935834068,0.6203662429272148,0.6203661917594113,0.6203661401194756,0.6203660880472509,0.620366035582914,0.6203659827669443,0.6203659296400923,0.6203658762433485,0.6203658226179116,0.6203657688051565,0.6203657148466032,0.6203656607838834,0.6203656066587098,0.6203655525128428,0.6203654983880589,0.6203654443261185,0.6203653903687333,0.6203653365575342,0.6203652829340397,0.6203652295396229,0.6203651764154806,0.6203651236026008,0.6203650711417312,0.6203650190733487,0.6203649674376259,0.620364916274403,0.6203648656231547,0.6203648155229613,0.6203647660124773,0.6203647171299025,0.6203646689129523,0.6203646213988283,0.6203645746241903,0.6203645286251268,0.6203644834371284,0.6203644390950598,0.620364395633133,0.6203643530848808,0.6203643114831312,0.6203642708599819,0.0,0.0,-0.6204064591061196,-0.6204046537140459,-0.6204027877699831,-0.6204008700780094,-0.6203989096715339,-0.6203969157695125,-0.6203948977317784,-0.6203928650137037,-0.6203908271204204,-0.620388793560815,-0.6203867738015273,-0.6203847772211732,-0.6203828130650166,-0.6203808904003093,0.0,0.0,0.0,0.0,0.0,0.0,0.0,-0.6110280077863487,-0.6110268904309804
0.6203638916754312,0.6203638652565056,0.6203638401604639,0.6203638164066687,0.6203637940134473,0.6203637729980767,0.6203637533767712,0.6203637351646695,0.6203637183758232,0.620363703023185,0.6203636891186008,0.6203636766727981,0.6203636656953796,0.6203636561948148,0.6203636481784335,0.6203636416524211,0.6203636366218124,0.6203636330904887,0.6203636310611748,0.620363630535436,0.6203636315136781,0.6203636339951467,0.6203636379779269,0.6203636434589458,0.6203636504339747,0.620363658897632,0.6203636688433877,0.6203636802635683,0.6203636931493625,0.6203637074908284,0.620363723276901,0.6203637404954009,0.6203637591330429,0.6203637791754476,0.6203638006071515,0.6203638234116188,-0.6204028097866439,-0.6204009924522393,-0.6203991033761235,-0.6203971508946602,-0.6203951436532058,-0.6203930905646404,-0.6203910007665968,-0.6203888835775957,-0.6203867484523006,-0.6203846049361121,-0.6203824626193196,-0.6203803310910345,-0.6203782198931296,-0.6203761384744074,-0.6203740961452207,-0.620372102032766,-0.6203701650372662,0.0,0.0,0.0,0.0,0.0,0.0,0.0,0.0,0.0,0.0,0.0,0.0,0.0,0.0,0.0,0.0,0.0,0.0,0.0,0.0,0.0,0.0,0.62036555826379,0.6203656124094422,0.6203656665299638,0.6203657205835982,0.6203657745286397,0.6203658283234669,0.6203658819265738,0.6203659352966027,0.6203659883923754,0.6203660411729256,0.6203660935975299,0.6203661456257397,0.620366197217412,0.6203662483327408,0.6203662989322877,0.6203663489770118,0.6203663984283008,0.6203664472479999,0.6203664953984418,0.6203665428424754,0.6203665895434946,0.6203666354654666,0.6203666805729598,0.620366724831171,0.6203667682059519,0.6203668106638364,0.6203668521720653,0.6203668926986123,0.6203669322122088,0.6203669706823672,0.6203670080794054,0.620367044374469,0.6203670795395542,0.6203671135475284,0.6203671463721525,0.6203671779881,0.6203672083709773,0.6203672374973416,0.6203672653447201,0.6203672918916269,0.6203673171175788,0.6203673410031124,0.6203673635297988,0.6203673846802565,0.6203674044381668,0.6203674227882852,-0.6297427881513163,-0.6297415956231261,-0.6297402891202989,-0.6297388753601755,-0.6297373616034543,-0.6297357556185026,-0.6297340656431789,-0.6297323003443532,-0.6297304687753225,-0.6297285803313308,-0.629726644703412,-0.6297246718307768,-0.6297226718519832,-0.6297206550551225,-0.6297186318272687,-0.6297166126034347,-0.6297146078152883,-0.6297126278398735,-0.6297106829485912,-0.6297087832566869,-0.6297069386734894,0.0,0.0,0.0,0.0,0.0,0.0,0.0,0.0,0.0,0.0,0.0,0.0,0.0,0.6296986364141061,0.6296985935987892,0.6296985500420055,0.6296985057773621,0.6296984608390116,0.6296984152616267,0.6296983690803737,0.6296983223308836,0.6296982750492266,0.6296982272718836,0.6296981790357175,0.6296981303779453,0.6296980813361095,0.6296980319480487,0.6296979822518688,0.629697932285913,0.629697882088733,0.6296978316990591,0.6296977811557695,0.6296977304978613,0.62969767976442,0.629697628994589,0.6296975782275404,0.6296975275024436,0.6296974768584358,0.6296974263345917,0.6296973759698931,-0.6297317341324521,-0.6297340415778759,-0.6297363146910643,-0.629738543101298,-0.6297407166429282,0.0,0.0,0.0,0.0,0.0,0.0,0.0,0.0,0.0,0.0,0.0,0.0,0.0,0.0,0.0,0.0,0.0,0.0,0.0,0.0,0.0,0.0,0.0,-0.6297576980995482,-0.6297566028111695,-0.629755376743144,-0.6297540260626959,-0.6297525575216826,-0.6297509784235373,0.6203642312467756,0.6203641926740756,0.6203641551716425,0.620364118768411,0.620364083492468,0.6203640493710303,0.6203640164304242,0.6203639846960648,0.6203639541924364,0.620363924943074,0.6203638969705447,0.6203638702964308,0.620363844941312,0.6203638209247512,0.6203637982652781,0.6203637769803754,0.6203637570864653,0.6203637385988969,0.6203637215319341,0.6203637058987447,0.6203636917113903,0.6203636789808171,0.6203636677168476,0.6203636579281717,0.6203636496223421
0.6296958324626654,0.6296958243412986,0.6296958176150917,0.6296958122892347,0.6296958083678363,0.6296958058539225,0.0,0.0,0.0,0.0,0.0,0.0,0.0,0.0,0.0,0.0,0.0,0.0,0.0,0.0,0.0,0.0,0.0,0.0,0.0,0.0,0.0,-0.6297577081279889,-0.6297568038644286,-0.6297557561777781,-0.6297545694897713,-0.6297532488866173,-0.6297518000947331,-0.6297502294533631,-0.6297485438842203,-0.6297467508582987,0.6203638475712552,0.6203638730674201,0.6203638998804426,0.6203639279896352,0.6203639573733104,0.6203639880087972,0.6203640198724595,0.6203640529397125,0.6203640871850439,0.6203641225820317,0.6203641591033653,0.6203641967208672,0.6203642354055137,0.6203642751274578,0.6203643158560522,0.6203643575598731,0.620364400206744,0.6203644437637608,0.6203644881973173,0.6203645334731306,0.6203645795562688,0.6203646264111762,0.6203646740017021,0.6203647222911282,0.6203647712421966,0.6203648208171394,0.6203648709777068,0.6203649216851976,0.6203649729004885,0.6203650245840644,0.6203650766960483,0.6203651291962337,0.6203651820441135,0.6203652351989131,0.6203652886196207,0.6203653422650194,0.620365396093719,0.6203654500641875,0.6203655041347839,-0.6203555529152115,-0.6203564737780923,-0.6203575118452553,-0.6203586616496208,-0.6203599172011942,-0.6203612720165255,0.0,0.0,0.0,0.0,0.0,0.0,0.0,0.0,-0.6297152182970693,-0.6297172886986978,-0.6297193641412948,-0.6297214341496173,-0.6297234882955842,-0.6297255162493517,-0.6297275078298956,-0.6297294530548574,-0.629731342189408,-0.6297331657938929,-0.629734914770025,-0.6297365804053989,-0.6297381544161104,-0.6297396289872721,-0.6297409968112277,0.0,0.629699316589084,0.6296993356844344,0.6296993534657506,0.6296993699193134,0.6296993850324277,0.6296993987934326,0.6296994111917107,0.6296994222176956,0.6296994318628804,0.6296994401198227,0.6296994469821522,0.6296994524445739,0.629699456502873,0.6296994591539185,0.6296994603956648,0.629699460227154,0.6296994586485158,0.6296994556609686,0.6296994512668171,0.6296994454694521,0.6296994382733464,0.6296994296840523,0.6296994197081972,0.6296994083534778,0.6296993956286553,0.6296993815435479,0.629699366109023,0.6296993493369893,0.6296993312403881,0.6296993118331815,0.6296992911303437,0.6296992691478486,0.6296992459026567,0.6296992214127037,0.6296991956968849,0.6296991687750418,0.6296991406679466,0.6296991113972858,0.6296990809856435,0.6296990494564844,0.6296990168341351,0.6296989831437662,0.6296989484113716,0.62969891266375,0.629698875928483,0.6296988382339138,0.6296987996091268,0.6296987600839231,0.6296987196887989,0.6296986784549217,-0.6296915721478867,-0.6296914686624056,-0.6296915166298985,-0.6296917166327638,-0.6296920685169765,-0.6296925713922051,-0.6296932236355077,-0.6296940228985914,-0.6296949661185994,0.0,0.0,0.0,0.0,0.0,0.0,0.0,0.0,0.0,0.0,0.0,0.0,0.0,0.0,-0.6390542087651915,-0.6390567852049642,-0.6390593728741355,-0.639061959956738,0.6296973258031989,0.6296972758732156,0.6296972262184667,0.6296971768772636,0.6296971278876754,0.6296970792875004,0.6296970311142357,0.62969698340505,0.6296969361967529,0.6296968895257681,0.6296968434281047,0.6296967979393292,0.6296967530945384,0.6296967089283325,0.629696665474788,0.6296966227674308,0.6296965808392121,0.6296965397224816,0.6296964994489626,0.6296964600497279,0.6296964215551762,0.6296963839950078,0.6296963473982018,0.6296963117929946,0.6296962772068572,0.6296962436664744,0.6296962111977238,0.629696179825657,0.6296961495744787,0.629696120467529,0.6296960925272652,0.6296960657752447,0.6296960402321075,0.6296960159175614,0.6296959928503663,0.6296959710483193,0.6296959505282417,0.6296959313059657,0.6296959133963219,0.6296958968131287,0.6296958815691804,0.6296958676762385,0.629695855145022,0.6296958439851993,0.6296958342053806,0.6296958258131116,0.629695818814867,0.6296958132160464,0.6296958090209697,0.6296958062328731,-0.629716129230127,-0.6297141844190742,-0.6297123144536342,-0.6297105281363635,-0.6297088338408722,-0.6297072394713088,-0.6297057524241512,-0.6297043795524864,0.0
-0.6390654569244955,-0.6390678828047478,-0.6390702917099265,-0.639072672008853,-0.6390750121875476,-0.639077300905272,0.6296958047494323,0.6296958050552183,0.6296958067710445,0.629695809895587,0.6296958144264351,0.6296958203600931,0.6296958276919828,0.6296958364164474,0.6296958465267558,0.6296958580151072,0.629695870872638,0.6296958850894281,0.6296959006545085,0.6296959175558701,0.6296959357804729,0.6296959553142558,0.6296959761421477,0.6296959982480788,0.6296960216149935,0.6296960462248632,0.6296960720587004,0.629696099096573,0.6296961273176204,0.6296961567000685,0.6296961872212475,0.6296962188576091,0.6296962515847442,0.6296962853774026,0.6296963202095116,0.6296963560541965,0.6296963928838016,0.6296964306699113,0.6296964693833718,0.6296965089943137,0.6296965494721753,0.6296965907857263,0.6296966329030911,0.629696675791774,0.6296967194186849,0.6296967637501628,0.6296968087520042,0.629696854389488,0.6296969006274022,0.6296969474300727,0.6296969947613882,0.6296970425848305,0.6296970908635015,0.6296971395601513,0.6296971886372084,0.6296972380568069,0.6296972877808175,0.629697337770875,0.6296973879884098,0.6296974383946761,0.6296974889507829,0.6296975396177236,0.6296975903564053,0.629697641127681,0.6296976918923777,0.6296977426113274,0.6296977932453978,0.6296978437555216,0.6296978941027275,0.62969794424817,0.6296979941531586,0.6296980437791891,0.629698093087972,0.6296981420414626,0.6296981906018904,0.6296982387317881,0.6296982863940208,0.6296983335518143,0.6296983801687832,0.6296984262089598,0.6296984716368215,0.6296985164173178,0.6296985605158976,0.6296986038985364,0.6296986465317614,0.6296986883826791,0.6296987294189981,0.6296987696090567,0.6296988089218457,0.6296988473270326,0.6296988847949857,0.6296989212967956,0.6296989568042991,0.6296989912900999,0.6296990247275895,0.6296990570909694,0.6296990883552684,0.6296991184963646,0.629699147491002,0.6296991753168091,0.6296992019523167,0.6296992273769735,0.6296992515711628,0.6296992745162172,0.629699296194433,-0.6390818900932675,-0.6390829422677853,-0.6390838491196931,-0.639084605951327,-0.6390852088168644,-0.6390856545417697,-0.6390859407384616,-0.639086065818124,-0.6390860289986072,-0.6390858303083752,-0.6390854705864832,-0.6390849514785854,-0.6390842754289885,-0.6390834456687964,-0.6390824662001974,-0.6390813417769752,-0.639080077881338,-0.6390786806971775,-0.6390771570798911,-0.6390755145229132,-0.6390737611211201,-0.6390719055312879,-0.6390699569297946,-0.6390679249677771,-0.6390658197239584,-0.6390636516553779,0.6390287917239064,0.6390287616129926,0.6390287304915213,0.6390286983835048,0.6390286653137167,0.639028631307672,0.6390285963916087,0.639028560592467,0.6390285239378679,0.639028486456093,0.6390284481760617,0.6390284091273096,0.639028369339965,0.6390283288447265,0.6390282876728385,0.6390282458560678,0.6390282034266785,0.6390281604174076,0.6390281168614393,0.6390280727923796,0.6390280282442306,0.6390279832513635,0.639027937848493,0.6390278920706505,0.6390278459531561,0.639027799531592,0.6390277528417752,0.6390277059197296,0.6390276588016583,0.6390276115239154,0.6390275641229787,0.6390275166354203,0.6390274690978797,0.6390274215470348,0.6390273740195737,0.6390273265521662,0.6390272791814364,0.6390272319439331,0.6390271848761029,0.6390271380142606,0.6390270913945628,0.6390270450529795,0.6390269990252653,0.6390269533469328,0.6390269080532258,0.6390268631790901,0.6390268187591487,0.6390267748276739,0.6390267314185609,0.639026688565302,0.6390266463009608,0.6390266046581463,0.6390265636689878,0.6390265233651108,0.6390264837776113,0.6390264449370333,0.6390264068733438,0.6390263696159112,0.6390263331934812,0.6390262976341553,0.6390262629653694,0.639026229213872,0.639026196405704,0.6390261645661782,0.6390261337198606,0.6390261038905504,0.6390260751012622,0.6390260473742084,0.6390260207307815,0.6390259951915382,0.6390259707761834,0.6390259475035541,0.6390259253916066,0.6390259044574013,0.6390258847170894,-0.6484299662428717,-0.648429405276991,-0.64842866756899,-0.6484277573697051,0.0,0.0,0.0,0.0,0.0,0.0,0.0,0.0,0.0,-0.6390790439377346,-0.6390768903798646,-0.6390746745645672,-0.639072407547811,-0.6390701006138405,-0.6390677652199963,-0.6390654129407157,-0.6390630554109824,-0.6390607042695035,-0.6390583711018891,-0.6390560673841145,-0.6390538044265353,-0.6390515933187333,0.6296958048539084,0.629695804885139,0.629695806326541,0.6296958091770022,0.6296958134343235,0.62969581909522,0.6296958261553244,0.6296958346091892,0.629695844450292
0.6390257659592796,0.639025774865993,0.6390257850665855,0.639025796553187,0.6390258093169351,0.6390258233479817,0.6390258386355017,0.6390258551676997,0.6390258729318208,0.6390258919141588,0.6390259121000682,0.6390259334739746,0.6390259560193872,0.6390259797189111,0.6390260045542612,0.6390260305062756,0.6390260575549316,0.6390260856793596,0.6390261148578604,0.6390261450679215,0.6390261762862345,0.6390262084887129,0.6390262416505114,-0.6484345656137925,-0.6484343586978202,-0.6484339645129501,-0.6484333848616548,-0.6484326224295136,-0.648431680772217,-0.6484305642983447,0.0,0.0,0.0,0.0,0.0,0.0,0.0,0.0,-0.6390791438039509,-0.639076838704262,-0.639074462278604,-0.6390720254725744,-0.6390695395126472,-0.6390670158519556,-0.6390644661149821,-0.6390619020414311,-0.6390593354295522,-0.6390567780791918,-0.6390542417348518,-0.6390517380290287,-0.6390492784261125,-0.639046874167115,-0.639044536215498,-0.6390422752043629,0.0,0.0,0.0,0.0,0.0,0.0,0.0,0.0,0.0,0.0,0.0,0.0,0.0,0.0,0.0,0.0,0.0,0.0,0.0,0.0,0.0,0.0,0.0,0.0,0.0,0.0,0.0,-0.639035033459948,-0.6390368516086767,-0.6390387611280325,-0.6390407520376165,-0.6390428139721058,-0.6390449362322389,-0.6390471078374198,0.6390289352368067,0.6390289583974509,0.6390289803957055,0.6390290012145973,0.6390290208380632,0.6390290392509625,0.6390290564390886,0.6390290723891793,0.6390290870889282,0.6390291005269937,0.6390291126930071,0.6390291235775813,0.6390291331723189,0.6390291414698164,0.6390291484636715,0.6390291541484884,0.6390291585198807,0.6390291615744756,0.6390291633099163,0.6390291637248638,0.6390291628189978,0.6390291605930173,0.6390291570486399,0.6390291521886002,0.6390291460166483,0.6390291385375458,0.6390291297570638,0.6390291196819767,0.6390291083200585,0.6390290956800752,0.6390290817717798,0.6390290666059032,0.639029050194147,0.6390290325491742,0.6390290136845987,0.639028993614976,0.6390289723557909,0.6390289499234467,0.6390289263352512,0.639028901609404,0.6390288757649831,0.639028848821929,0.6390288208010302,-0.6483940743937678,-0.6483915259292143,-0.6483889445443999,-0.6483863428278629,-0.6483837334879673,-0.6483811292909554,-0.6483785429987091,0.0,0.0,0.0,0.0,0.0,0.0,0.0,0.0,0.0,0.0,0.0,0.0,0.0,0.0,0.0,0.0,0.0,0.0,0.0,0.0,0.0,0.0,0.0,0.0,0.0,0.0,0.0,0.0,0.0,0.0,0.0,0.0,-0.6483629332219518,-0.6483651632790852,-0.6483675034030958,-0.6483699428711727,-0.648372470485689,-0.6483750746281878,-0.6483777433154146,-0.6483804642571271,-0.6483832249153973,-0.6483860125651206,-0.6483888143554374,-0.6483916173717685,-0.6483944086981634,-0.6483971754796566,-0.6483999049843296,-0.6484025846647782,-0.6484052022186819,-0.6484077456481829,-0.6484102033177865,0.0,0.0,0.0,0.0,0.0,0.0,0.0,0.0,0.0,0.0,0.0,0.0,0.0,0.0,0.0,0.0,0.0,0.639025866185902,0.6390258488781362,0.6390258328071461,0.639025817985331,0.6390258044241266,0.6390257921339959,0.6390257811244214,0.6390257714038973,0.6390257629799235,0.6390257558589993,0.6390257500466192,0.6390257455472674,0.6390257423644154,0.6390257405005189,0.6390257399570157,0.6390257407343257,0.6390257428318489,0.6390257462479669,0.639025750980044,0.6390257570244293,0.6390257643764594,0.6390257730304616,0.6390257829797592,0.6390257942166758,0.6390258067325416,0.6390258205177001,0.6390258355615155,0.6390258518523808,0.6390258693777269,0.6390258881240322,0.639025908076833,0.639025929220735,0.6390259515394248,0.6390259750156824,0.6390259996313947
-0.6483961421465916,-0.64839885500113,-0.6484015505796061,-0.6484042161005715,0.0,0.0,0.0,0.0,0.0,0.0,0.0,0.0,0.0,0.0,0.0,0.0,0.0,0.0,0.0,0.0,0.0,0.0,0.0,0.6390262757460433,0.6390263107490033,0.6390263466323841,0.6390263833685005,0.6390264209290089,0.6390264592849291,0.639026498406668,0.6390265382640413,0.6390265788262971,0.6390266200621396,0.6390266619397532,0.6390267044268274,0.6390267474905812,0.6390267910977888,0.6390268352148052,0.6390268798075917,0.6390269248417424,0.6390269702825119,0.6390270160948395,0.6390270622433791,0.6390271086925247,0.6390271554064381,0.6390272023490771,0.639027249484223,0.6390272967755083,0.6390273441864456,0.6390273916804546,0.6390274392208911,0.6390274867710747,0.6390275342943184,0.6390275817539549,0.6390276291133666,0.6390276763360131,0.6390277233854593,0.6390277702254041,0.6390278168197074,0.6390278631324194,0.639027909127807,0.639027954770382,0.6390280000249285,0.63902804485653,0.6390280892305964,0.6390281331128899,0.6390281764695532,0.639028219267134,0.6390282614726112,0.6390283030534207,0.6390283439774804,0.6390283842132148,0.6390284237295796,0.6390284624960856,0.6390285004828219,0.6390285376604792,0.6390285740003726,0.6390286094744639,0.6390286440553824,0.6390286777164467,0.639028710431685,0.6390287421758556,0.6390287729244657,0.6390288026537908,0.6390288313408929,0.6390288589636379,0.6390288855007129,0.6390289109316432,-0.6483828550589182,-0.6483852917863572,-0.6483877432048333,-0.648390196670119,-0.6483926395360415,-0.6483950592166299,-0.6483974432479691,-0.6483997793494573,-0.6484020554841678,-0.6484042599180205,-0.648406381277475,-0.6484084086054601,-0.6484103314152718,-0.6484121397421694,0.0,0.0,0.0,0.0,0.0,0.0,0.0,0.0,0.0,0.0,-0.6577558333042881,-0.6577556962180566,-0.6577553638791183,0.6483561746316082,0.648356149873298,0.6483561240982817,0.6483560973264463,0.648356069578448,0.6483560408756964,0.6483560112403371,0.648355980695236,0.6483559492639603,0.6483559169707617,0.6483558838405559,0.6483558498989054,0.6483558151719978,0.6483557796866277,0.6483557434701737,0.6483557065505794,0.6483556689563303,0.6483556307164328,0.6483555918603913,0.6483555524181857,0.6483555124202479,0.6483554718974388,0.6483554308810242,0.6483553894026506,0.6483553474943211,0.6483553051883706,0.6483552625174404,0.6483552195144537,0.6483551762125896,0.6483551326452586,0.6483550888460748,0.6483550448488321,0.6483550006874768,0.6483549563960818,0.6483549120088204,0.6483548675599401,0.6483548230837355,0.6483547786145223,0.6483547341866114,0.6483546898342809,0.6483546455917513,0.648354601493158,0.6483545575725257,0.6483545138637411,0.6483544704005281,0.6483544272164208,0.648354384344738,0.6483543418185576,0.6483542996706907,0.6483542579336563,0.6483542166396569,0.6483541758205529,0.6483541355078384,0.6483540957326166,0.648354056525576,0.6483540179169669,0.6483539799365777,0.6483539426137124,0.648353905977167,0.6483538700552086,0.6483538348755526,0.6483538004653422,0.6483537668511261,0.6483537340588396,0.6483537021137832,0.6483536710406043,0.6483536408632772,0.648353611605085,0.6483535832886018,0.6483535559356755,0.6483535295674097,0.6483535042041487,0.6483534798654617,0.648353456570127,0.6483534343361179,0.6483534131805893,0.6483533931198631,0.6483533741694176,0.6483533563438737,0.6483533396569844,0.6483533241216247,0.6483533097497807,0.6483532965525408,0.6483532845400874,0.6483532737216887,0.6483532641056915,0.6483532556995149,0.6483532485096446,0.6483532425416282,0.6483532378000699,0.6483532342886282,0.6483532320100125,0.6483532309659806,0.648353231157338,0.6483532325839372,0.6483532352446776,0.6483532391375061,0.6483532442594192,0.6483532506064653,0.6483532581737474,0.6483532669554268,0.6483532769447282,0.6483532881339444,0.6483533005144424,0.64835331407667,0.6483533288101636,0.6483533447035553,0.0,0.0,-0.6483985510147846,-0.6483960284374554,-0.6483935015154965,-0.648390982951805,-0.6483884853900641,-0.6483860213528626,-0.6483836031804252,-0.648381242970252,-0.6483789525179583,-0.6483767432596067,-0.6483746262158078,-0.6483726119378657,-0.6483707104562265,0.0,0.0,0.0,0.0
0.6483534454181155,0.6483534681896962,0.6483534920136378,0.6483535168715585,0.6483535427442798,0.6483535696118394,0.648353597453508,0.6483536262478041,0.6483536559725118,0.648353686604697,0.6483537181207257,0.6483537504962816,0.6483537837063855,0.6483538177254142,0.6483538525271204,0.6483538880846529,0.6483539243705774,0.6483539613568974,0.6483539990150762,0.6483540373160587,0.6483540762302938,0.6483541157277573,0.6483541557779745,0.6483541963500453,0.6483542374126658,0.6483542789341542,0.6483543208824748,0.648354363225262,0.6483544059298463,0.6483544489632788,0.6483544922923571,0.6483545358836503,0.6483545797035255,0.6483546237181735,0.6483546678936343,0.6483547121958244,0.6483547565905624,0.648354801043595,0.6483548455206243,0.6483548899873339,0.6483549344094152,0.6483549787525943,0.6483550229826575,0.6483550670654792,0.6483551109670469,0.648355154653488,0.648355198091096,0.6483552412463561,0.6483552840859715,0.6483553265768891,0.6483553686863247,0.6483554103817881,0.6483554516311092,0.6483554924024613,0.648355532664387,0.6483555723858216,0.6483556115361182,0.6483556500850693,0.6483556880029325,0.6483557252604515,0.6483557618288801,0.6483557976800035,0.6483558327861602,0.6483558671202635,0.6483559006558226,0.648355933366963,0.6483559652284455,0.6483559962156873,0.6483560263047796,0.6483560554725069,0.6483560836963642,0.6483561109545752,0.6483561372261084,0.6483561624906936,0.6483561867288374,0.6483562099218388,0.6483562320518027,0.6483562531016541,0.6483562730551522,0.6483562918969014,0.6483563096123638,0.6483563261878711,0.6483563416106338,0.648356355868753,0.6483563689512265,0.6483563808479612,0.6483563915497776,0.6483564010484186,0.6483564093365555,0.648356416407793,0.6483564222566758,0.6483564268786908,0.6483564302702717,0.6483564324288018,0.6483564333526155,0.6483564330410002,0.6483564314941963,0.6483564287133974,0.6483564247007487,0.6483564194593465,0.6483564129932348,0.6483564053074026,0.6483563964077803,0.6483563863012342,0.6483563749955622,0.6483563624994877,0.6483563488226518,0.6483563339756074,0.64835631796981,0.648356300817609,0.6483562825322383,0.6483562631278067,0.6483562426192856,0.6483562210224988,0.6483561983541095,0.0,0.0,0.0,0.0,0.0,0.0,0.0,0.0,0.0,-0.6577420003938823,-0.6577397937594244,-0.6577374637436483,-0.6577350213359243,-0.6577324780905622,-0.6577298460707409,-0.6577271377899497,-0.6577243661512272,-0.6577215443844903,-0.6577186859822634,-0.6577158046341203,-0.6577129141601565,-0.6577100284438188,-0.6577071613644176,-0.6577043267296517,-0.6577015382084741,-0.6576988092646249,-0.6576961530911548,-0.6576935825462589,-0.65769111009073,-0.6576887477273401,-0.6576865069424379,-0.6576843986500531,-0.6576824331387737,0.6576791931550394,0.6576791532833516,0.6576791137518242,0.6576790745909575,0.6576790358309668,0.6576789975017567,0.6576789596329007,0.6576789222536161,0.6576788853927433,0.6576788490787223,0.6576788133395709,0.6576787782028637,0.6576787436957107,0.6576787098447356,0.6576786766760564,0.6576786442152639,0.6576786124874036,0.6576785815169547,0.6576785513278128,0.6576785219432703,0.6576784933859983,0.6576784656780303,0.6576784388407447,0.6576784128948472,0.6576783878603566,0.6576783637565881,0.6576783406021388,0.6576783184148737,0.6576782972119111,0.6576782770096099,0.6576782578235575,0.6576782396685564,0.6576782225586144,0.6576782065069324,0.657678191525895,0.6576781776270609,0.6576781648211537,0.6576781531180532,0.6576781425267896,0.6576781330555342,0.6576781247115947,0.6576781175014084,0.6576781114305388,0.0,0.0,-0.6670756462485343,-0.6670775816648078,-0.6670793430081495,-0.6670809222890396,-0.6670823124146078,-0.667083507222771,-0.6670845015118242,-0.6670852910653422,-0.6670858726722656,-0.6670862441420794,-0.6670864043150043,-0.6670863530671547,-0.6670860913106376,-0.6670856209885915,0.0,0.0,0.0,0.0,0.0,0.0,0.0,0.0,0.0,0.0,-0.6577433610411481,-0.6577410565075872,-0.6577386565749287,-0.6577361735778422,-0.6577336202458518,0.6483533617445829,0.6483533799200983,0.6483533992160785,0.6483534196176356,0.6483534411090289,0.648353463673677,0.64835348729417,0.6483535119522836,0.6483535376289932,0.6483535643044878,0.6483535919581861,0.648353620568752,0.6483536501141111,0.6483536805714678,0.6483537119173228,0.6483537441274912,0.6483537771771214,0.6483538110407141,0.6483538456921419
0.6576786326178077,0.6576786648155449,0.65767869773032,0.6576787313367376,0.6576787656088688,0.6576788005202708,0.657678836044008,0.6576788721526718,0.6576789088184029,0.6576789460129113,0.6576789837075,0.6576790218730855,-0.6670807848729615,-0.6670828745576777,-0.6670847934362828,-0.6670865326736551,-0.6670880842971376,-0.6670894412350423,-0.6670905973507738,-0.6670915474724017,-0.667092287417539,-0.6670928140134037,-0.667093125111966,-0.6670932196001074,-0.6670930974047418,-0.6670927594928733,-0.6670922078665921,-0.6670914455530315,-0.6670904765893356,0.0,0.0,0.0,0.0,0.0,0.0,0.0,0.0,0.0,-0.6577444244121154,-0.6577418337380925,-0.6577391575504241,-0.6577364087279849,-0.6577336004837114,-0.6577307463003397,-0.6577278598648473,-0.6577249550019231,-0.657722045606786,-0.6577191455776834,-0.6577162687483942,-0.6577134288210683,-0.6577106392997296,-0.6577079134247611,0.0,0.0,0.0,0.0,0.0,0.0,0.0,0.0,0.0,0.0,0.0,0.0,0.0,0.0,0.0,0.0,0.0,0.0,0.0,0.0,0.0,0.0,0.0,0.0,0.0,0.0,0.0,0.0,0.0,0.0,-0.6576985061336484,-0.6577007943182949,-0.6577031750273568,-0.6577056359460064,-0.6577081643662127,-0.6577107472491741,-0.6577133712893718,-0.657716022979927,-0.657718688678948,-0.657721354676539,-0.6577240072621479,-0.6577266327919234,-0.6577292177557527,0.0,0.0,0.0,0.0,0.0,0.6576809005218497,0.6576808797771966,0.657680858040613,0.6576808353288705,0.6576808116594924,0.6576807870507412,0.657680761521604,0.6576807350917783,0.6576807077816562,0.6576806796123095,0.6576806506054723,0.6576806207835256,0.6576805901694784,0.6576805587869515,0.6576805266601587,0.6576804938138878,0.6576804602734815,0.6576804260648184,0.6576803912142924,0.6576803557487932,0.6576803196956843,0.6576802830827829,0.6576802459383381,0.6576802082910089,0.6576801701698427,0.6576801316042523,0.6576800926239931,0.6576800532591407,0.6576800135400674,0.657679973497419,0.6576799331620907,0.6576798925652031,0.6576798517380795,0.6576798107122203,0.6576797695192791,0.6576797281910387,0.657679686759386,0.6576796452562882,0.6576796037137671,0.6576795621638749,0.6576795206386699,0.6576794791701908,0.6576794377904329,0.657679396531323,0.6576793554246949,0.6576793145022642,0.657679273795605,0.6576792333361247,0.0,0.0,0.0,-0.6576761800745099,-0.6576750575905074,-0.6576741239213801,-0.6576733837734743,-0.6576728409301702,-0.6576724982333391,-0.657672357569365,-0.6576724198598001,-0.6576726850566986,-0.6576731521426531,0.0,0.0,0.0,0.0,0.0,0.0,0.0,0.0,0.0,0.0,0.0,0.0,0.0,0.0,-0.6670242309584256,-0.667027213776266,-0.6670302593361028,-0.6670333531558699,-0.6670364805342976,-0.6670396266222282,-0.6670427764946484,-0.6670459152230882,-0.6670490279480298,-0.6670520999509792,-0.667055116725847,-0.6670580640492891,-0.6670609280496672,-0.6670636952742908,-0.6670663527546142,-0.6670688880690687,0.6576781065036693,0.6576781027246016,0.6576781000962513,0.6576780986206463,0.6576780982989252,0.657678099131336,0.6576781011172366,0.6576781042550948,0.6576781085424895,0.6576781139761129,0.6576781205517727,0.6576781282643954,0.6576781371080302,0.6576781470758545,0.6576781581601769,0.6576781703524458,0.657678183643254,0.6576781980223475,0.6576782134786318,0.6576782300001818,0.6576782475742502,0.6576782661872779,0.6576782858249042,0.6576783064719777,0.6576783281125682,0.657678350729979,0.6576783743067597,0.6576783988247198,0.6576784242649426,0.6576784506077995,0.6576784778329658,0.6576785059194362,0.6576785348455405,0.6576785645889609,0.6576785951267489,0.657678626435343,0.6576786584905874,0.6576786912677496,0.6576787247415405,0.6576787588861337,0.6576787936751846,0.6576788290818517,0.6576788650788173,0.6576789016383079,0.6576789387321157,0.6576789763316213,0.6576790144078145,-0.6576923778319562,-0.6576907957849514,-0.6576893740275284
-0.6670465634211116,-0.6670497687078264,-0.6670529574563895,-0.667056114768267,-0.6670592258901364,-0.667062276285299,-0.6670652517040478,-0.6670681382526523,0.0,0.0,0.0,0.0,0.6576790604802212,0.6576790994991195,0.6576791388996758,0.6576791786514898,0.6576792187238915,0.6576792590859627,0.6576792997065619,0.6576793405543483,0.6576793815978053,0.6576794228052661,0.6576794641449368,0.6576795055849215,0.6576795470932469,0.6576795886378873,0.6576796301867888,0.6576796717078935,0.6576797131691662,0.6576797545386169,0.657679795784327,0.6576798368744727,0.6576798777773509,0.6576799184614026,0.6576799588952379,0.6576799990476595,0.6576800388876876,0.6576800783845832,0.6576801175078723,0.6576801562273688,0.6576801945131984,0.6576802323358213,0.6576802696660553,0.6576803064750976,0.6576803427345478,0.6576803784164297,0.6576804134932124,0.6576804479378323,0.6576804817237131,0.6576805148247868,0.6576805472155139,0.6576805788709033,0.6576806097665305,0.6576806398785577,0.6576806691837518,0.6576806976595017,0.6576807252838367,0.6576807520354429,0.6576807778936796,0.6576808028385959,0.6576808268509449,0.6576808499121994,0.6576808720045665,0.6576808931110003,0.6576809132152162,0.657680932301702,0.6576809503557314,0.6576809673633746,0.657680983311509,0.65768099818783,0.657681011980859,0.6576810246799539,0.6576810362753169,0.657681046758001,0.6576810561199183,0.6576810643538453,0.6576810714534292,0.6576810774131923,0.6576810822285358,0.6576810858957449,0.6576810884119897,0.6576810897753287,0.6576810899847104,0.657681089039973,0.6576810869418452,0.6576810836919464,0.6576810792927837,0.6576810737477514,0.6576810670611279,0.6576810592380725,0.657681050284621,0.6576810402076817,0.6576810290150295,0.6576810167153002,0.6576810033179842,0.657680988833418,0.6576809732727776,0.657680956648069,0.6576809389721193,0.6576809202585667,-0.6670726710487479,-0.6670747696580778,0.0,0.0,0.0,0.0,0.0,0.0,0.0,0.0,0.0,0.0,0.0,-0.6764129588833984,-0.676412573084723,-0.6764119626541664,-0.676411129911479,-0.6764100782608745,-0.6764088121749227,-0.6764073371732282,-0.6764056597959996,-0.6764037875726392,0.0,0.0,0.0,0.0,0.0,0.0,0.0,0.6670014571937833,0.6670014186448687,0.667001380225358,0.6670013419648936,0.6670013038929955,0.6670012660390384,0.6670012284322286,0.6670011911015816,0.6670011540759001,0.6670011173837513,0.6670010810534451,0.6670010451130123,0.6670010095901827,0.6670009745123641,0.6670009399066208,0.6670009057996528,0.6670008722177755,0.6670008391868988,0.6670008067325078,0.6670007748796428,0.66700074365288,0.6670007130763118,0.66700068317353,0.6670006539676061,0.6670006254810738,0.6670005977359117,0.6670005707535267,0.667000544554737,0.6670005191597561,0.6670004945881778,0.6670004708589597,0.6670004479904106,0.6670004260001743,0.6670004049052174,0.6670003847218157,0.6670003654655416,0.6670003471512521,0.6670003297930779,0.6670003134044112,0.667000297997897,0.6670002835854217,0.6670002701781057,0.6670002577862932,0.6670002464195449,0.6670002360866308,0.6670002267955233,0.6670002185533908,0.6670002113665926,0.6670002052406737,0.6670002001803604,0.667000196189557,0.6670001932713426,0.6670001914279687,0.6670001906608577,0.6670001909706011,0.6670001923569604,0.6670001948188656,0.6670001983544174,0.6670002029608879,0.6670002086347229,0.6670002153715451,0.6670002231661561,0.6670002320125427,0.6670002419038793,0.6670002528325341,0.6670002647900752,0.6670002777672768,0.6670002917541265,0.6670003067398327,0.6670003227128332,0.6670003396608043,0.6670003575706697,0.6670003764286108,0.6670003962200786,0.6670004169298022,0.6670004385418035,0.6670004610394078,0.6670004844052569,0.6670005086213233,0.667000533668923,0.6670005595287305,-0.6764042531355796,-0.6764026825068373,-0.676400926364317,-0.676398993868572,0.0,0.0,0.0,0.0,0.0,0.0,0.0,0.0,-0.6670549732552273,-0.6670521326153744,-0.6670492611696154,-0.6670463735715619,-0.6670434845476956,-0.6670406088251093,-0.66703776105926,-0.6670349557620799,-0.6670322072308024,-0.6670295294778449,-0.667026936162094,0.0,0.0,0.0,0.0,0.0,0.6576790529313179,0.6576790918724081,0.6576791312010406
0.6670011089919209,0.6670011456033158,0.6670011825547804,0.6670012198178049,0.6670012573636385,0.6670012951633131,0.6670013331876639,0.6670013714073533,0.6670014097928926,0.6670014483146655,0.66700148694295,0.6670015256479427,0.6670015643997801,0.6670016031685635,0.6670016419243803,0.6670016806373285,0.6670017192775386,0.6670017578151977,0.6670017962205719,0.6670018344640289,0.6670018725160621,0.6670019103473123,0.66700194792859,0.6670019852308994,0.6670020222254595,0.6670020588837271,0.6670020951774178,0.667002131078529,0.6670021665593612,0.6670022015925383,-0.6764110197895102,-0.6764094100351957,-0.6764076095731312,-0.676405627598372,-0.6764034741762681,-0.6764011601930513,0.0,0.0,0.0,0.0,0.0,0.0,0.0,0.0,-0.6670535940904052,-0.667050543520987,-0.6670474883112911,-0.6670444433168623,-0.6670414233239561,-0.6670384429775491,-0.6670355167100606,-0.6670326586711287,-0.6670298826587906,-0.6670272020523907,-0.6670246297475538,-0.6670221780935299,-0.6670198588332206,-0.6670176830461756,-0.667015661094838,-0.6670138025742957,0.0,0.0,0.0,0.0,0.0,0.0,0.0,0.0,0.0,0.0,0.0,0.0,0.0,0.0,-0.6670092890285947,-0.6670105947018351,-0.667012081683337,-0.6670137422017598,-0.6670155676283994,-0.6670175485195926,-0.6670196746630973,-0.6670219351282276,-0.6670243183194946,0.6670028795501604,0.6670028644677193,0.6670028483991439,0.6670028313568326,0.6670028133539339,0.6670027944043386,0.6670027745226675,0.6670027537242607,0.6670027320251651,0.6670027094421234,0.6670026859925595,0.6670026616945663,0.6670026365668914,0.6670026106289221,0.6670025839006712,0.6670025564027616,0.6670025281564091,0.6670024991834078,0.6670024695061123,0.6670024391474202,0.6670024081307551,0.6670023764800483,0.6670023442197204,0.6670023113746619,0.667002277970215,0.6670022440321535,0.6670022095866619,0.6670021746603174,0.6670021392800679,0.6670021034732111,0.6670020672673742,0.6670020306904921,0.6670019937707861,0.6670019565367417,0.6670019190170873,0.6670018812407714,0.6670018432369408,0.6670018050349173,0.6670017666641761,0.6670017281543225,0.6670016895350688,0.6670016508362122,0.6670016120876109,0.6670015733191614,0.667001534560776,0.6670014958423589,-0.6763829924591028,-0.676379847241594,-0.6763766267811847,-0.6763733461888649,-0.6763700208768716,-0.6763666664840136,-0.6763632987998948,-0.6763599336884035,-0.6763565870108404,-0.6763532745490611,-0.6763500119290042,-0.6763468145449815,-0.6763436974850934,-0.6763406754581364,0.0,0.0,0.0,0.0,0.0,0.0,0.0,0.0,0.0,0.0,0.0,0.0,0.0,0.0,0.0,0.0,0.0,0.0,0.0,0.0,0.0,0.0,0.0,0.0,0.0,0.0,-0.6763286176206341,-0.6763310223997477,-0.6763335768625582,-0.6763362685827672,-0.6763390844834438,-0.6763420109006507,-0.6763450336499168,-0.676348138095237,-0.6763513092202645,-0.6763545317013494,-0.6763577899820653,-0.676361068348868,-0.6763643510075111,-0.6763676221598521,-0.676370866080671,-0.676374067194131,0.0,0.0,0.0,0.0,0.0,0.0,0.0,0.0,0.0,0.0,0.0,0.0,0.0,0.0,0.0,0.0,0.0,0.0,0.0,0.0,0.0,0.0,0.0,0.0,0.0,0.6670005861807937,0.6670006136045493,0.6670006417788386,0.6670006706819238,0.6670007002915044,0.6670007305847356,0.6670007615382444,0.6670007931281488,0.6670008253300755,0.6670008581191793,0.6670008914701614,0.6670009253572902,0.6670009597544199,0.6670009946350113,0.6670010299721524,0.6670010657385785,0.6670011019066943,0.6670011384485942,0.667001175336084,0.6670012125407031,0.6670012500337464,0.6670012877862859,0.6670013257691932,0.6670013639531629,0.6670014023087341,0.6670014408063129,0.6670014794161968,0.6670015181085959,0.6670015568536569,0.667001595621486,0.6670016343821716
-0.6763665898990457,0.0,0.0,0.0,0.0,0.0,0.0,0.0,0.0,0.0,0.0,0.0,0.0,0.0,0.0,0.0,0.0,0.0,0.0,0.0,0.0,0.0,0.0,0.0,0.0,0.0,0.0,0.0,0.0,0.0,0.6670022361510307,0.6670022702081742,0.6670023037376914,0.6670023367137125,0.6670023691107947,0.6670024009039416,0.6670024320686224,0.6670024625807922,0.6670024924169089,0.6670025215539518,0.6670025499694402,0.6670025776414495,0.6670026045486294,0.6670026306702189,0.667002655986064,0.6670026804766315,0.6670027041230259,0.667002726907002,0.6670027488109809,0.6670027698180618,0.6670027899120371,0.6670028090774027,0.6670028272993711,0.6670028445638831,0.6670028608576182,0.6670028761680044,0.6670028904832288,0.6670029037922462,0.6670029160847881,0.6670029273513702,0.6670029375832991,0.6670029467726805,0.667002954912424,0.6670029619962495,0.6670029680186911,0.6670029729751024,0.667002976861659,0.6670029796753622,0.667002981414041,0.6670029820763541,0.6670029816617904,0.6670029801706696,0.6670029776041423,0.6670029739641886,0.6670029692536175,0.6670029634760628,0.6670029566359826,0.6670029487386546,0.6670029397901719,0.6670029297974388,0.6670029187681654,0.6670029067108616,0.6670028936348302,0.0,-0.6763518899915805,-0.6763547792560075,-0.6763577426970282,-0.6763607654064413,-0.6763638321744724,-0.6763669275642201,-0.6763700359872267,-0.6763731417798031,-0.67637622927974,-0.676379282903026,-0.6763822872202033,-0.6763852270319864,0.0,0.0,0.0,0.0,0.0,0.0,0.0,0.0,-0.6857287098429218,-0.6857303855047426,-0.6857318533115384,-0.6857331055815992,-0.685734135674613,-0.685734938024481,-0.6857355081668972,-0.6857358427615615,-0.6857359396089122,-0.6857357976612982,-0.6857354170285351,0.6763206146000579,0.6763205785522314,0.6763205425852356,0.6763205067268205,0.6763204710046532,0.676320435446295,0.6763204000791811,0.6763203649305992,0.6763203300276686,0.6763202953973181,0.6763202610662674,0.6763202270610045,0.6763201934077662,0.6763201601325177,0.6763201272609328,0.6763200948183735,0.6763200628298708,0.6763200313201057,0.6763200003133892,0.6763199698336451,0.6763199399043897,0.6763199105487148,0.6763198817892703,0.676319853648245,0.6763198261473513,0.6763197993078076,0.6763197731503219,0.676319747695076,0.6763197229617096,0.676319698969306,0.6763196757363765,0.6763196532808464,0.676319631620041,0.676319610770673,0.6763195907488286,0.6763195715699555,0.6763195532488512,0.676319535799651,0.6763195192358183,0.6763195035701327,0.6763194888146807,0.6763194749808473,0.6763194620793058,0.67631945012001,0.6763194391121877,0.6763194290643314,0.6763194199841936,0.6763194118787803,0.6763194047543449,0.6763193986163846,0.6763193934696348,0.6763193893180663,0.676319386164883,0.6763193840125168,0.6763193828626289,0.6763193827161065,0.6763193835730623,0.6763193854328353,0.6763193882939907,0.6763193921543209,0.6763193970108475,0.6763194028598235,0.6763194096967361,0.6763194175163101,0.6763194263125129,0.6763194360785569,0.6763194468069081,0.6763194584892886,0.676319471116685,0.6763194846793544,0.676319499166833,0.6763195145679427,0.676319530870801,0.6763195480628293,0.6763195661307633,0.6763195850606627,0.6763196048379221,0.6763196254472823,0.6763196468728426,0.6763196690980717,0.676319692105822,0.6763197158783418,0.6763197403972896,0.6763197656437476,0.676319791598237,0.6763198182407328,0.6763198455506787,0.6763198735070041,0.676319902088139,0.6763199312720317,0.6763199610361655,0.6763199913575756,0.6763200222128679,0.6763200535782355,0.6763200854294789,0.6763201177420228,0.6763201504909367,0.6763201836509531,0.6763202171964874,0.6763202511016572,0.6763202853403029,0.6763203198860078,0.6763203547121183,0.6763203897917636,0.6763204250978782,0.6763204606032215,0.6763204962803994,0.6763205321018849,0.6763205680400396,0.6763206040671356,0.0,-0.6763633235769432,-0.6763602641176449,-0.6763572360320291,-0.6763542547269539,-0.6763513353800626,-0.676348492865364,-0.6763457416802986,-0.6763430958746508,-0.6763405689816461,-0.6763381739515743,-0.6763359230882587,0.0,0.0,0.0,0.0
0.6763206833102363,0.6763207194350228,0.6763207555319408,0.6763207915731396,0.6763208275308114,0.6763208633772128,0.6763208990846863,0.6763209346256817,0.6763209699727766,0.6763210050986993,0.676321039976348,0.6763210745788122,0.6763211088793946,0.6763211428516299,0.6763211764693068,0.6763212097064872,0.6763212425375268,0.676321274937094,0.6763213068801914,0.6763213383421726,0.6763213692987625,0.6763213997260767,0.6763214296006386,0.6763214588993981,0.6763214875997493,0.6763215156795483,0.6763215431171299,0.6763215698913243,0.6763215959814735,0.6763216213674472,0.6763216460296588,0.6763216699490797,0.6763216931072548,0.6763217154863159,0.6763217370689963,0.6763217578386437,0.6763217777792329,0.6763217968753782,0.6763218151123462,0.6763218324760657,0.6763218489531394,0.6763218645308545,0.6763218791971916,0.6763218929408348,0.6763219057511797,0.6763219176183427,0.6763219285331673,0.6763219384872322,0.6763219474728569,0.6763219554831086,0.676321962511807,0.6763219685535289,0.6763219736036126,0.6763219776581618,0.676321980714048,0.6763219827689138,0.676321983821173,0.6763219838700143,0.6763219829154,0.6763219809580663,0.6763219779995239,0.676321974042055,0.6763219690887132,0.6763219631433205,0.676321956210464,0.6763219482954929,0.6763219394045139,0.6763219295443874,0.6763219187227207,0.6763219069478636,0.6763218942289012,0.6763218805756469,0.6763218659986349,0.6763218505091125,0.6763218341190308,0.6763218168410358,0.6763217986884584,0.6763217796753049,0.6763217598162448,0.6763217391266003,0.6763217176223355,0.6763216953200415,0.6763216722369267,0.6763216483908006,0.6763216238000621,0.6763215984836843,0.676321572461201,0.6763215457526893,0.676321518378757,0.6763214903605245,0.6763214617196098,0.6763214324781109,0.6763214026585895,0.6763213722840531,0.6763213413779375,0.6763213099640887,0.6763212780667442,0.6763212457105149,0.6763212129203654,0.6763211797215952,0.6763211461398192,0.6763211122009476,0.6763210779311666,0.6763210433569168,0.6763210085048745,0.67632097340193,0.6763209380751672,0.676320902551843,0.6763208668593653,0.6763208310252731,0.6763207950772144,0.676320759042925,0.6763207229502075,0.6763206868269093,0.6763206507009017,0.0,0.0,0.0,0.0,0.0,0.0,0.0,0.0,0.0,0.0,0.0,0.0,0.0,0.0,0.0,0.0,0.0,-0.6856943930318838,-0.6856908950319884,-0.6856873648903451,-0.6856838191977347,-0.6856802746241691,-0.6856767478381397,-0.6856732554258775,-0.6856698138110217,-0.685666439175083,-0.6856631473790942,-0.6856599538868229,-0.6856568736899222,-0.6856539212353845,-0.6856511103556455,-0.6856484542016822,-0.6856459651794277,-0.6856436548898082,-0.6856415340726986,-0.6856396125550617,0.6856355887466112,0.6856355835557598,0.6856355792896526,0.6856355759515806,0.6856355735441196,0.685635572069127,0.6856355715277407,0.6856355719203787,0.6856355732467376,0.6856355755057946,0.6856355786958063,0.6856355828143115,0.6856355878581329,0.6856355938233787,0.6856356007054463,0.6856356084990262,0.6856356171981051,0.6856356267959711,0.6856356372852194,0.6856356486577566,0.6856356609048085,0.6856356740169258,0.685635687983992,0.6856357027952308,0.6856357184392144,0.685635734903873,0.6856357521765034,0.6856357702437785,0.6856357890917588,0.6856358087059023,0.6856358290710757,0.6856358501715658,0.6856358719910931,0.6856358945128224,0.6856359177193774,0.6856359415928528,0.6856359661148292,0.6856359912663865,0.6856360170281193,0.0,-0.6950302989014339,-0.6950327414734878,-0.6950350046867536,-0.6950370774740806,-0.6950389497125766,-0.6950406122730083,-0.695042057064348,-0.6950432770732413,-0.6950442663982086,-0.695045020278407,-0.6950455351168174,-0.6950458084977377,-0.6950458391984995,-0.6950456271953517,-0.6950451736634783,-0.6950444809711551,-0.6950435526680688,0.0,0.0,0.0,0.0,0.0,0.0,0.0,0.0,0.0,0.0,-0.6857051104731183,-0.6857021826435665,-0.6856991605026007,-0.6856960593121543,-0.6856928947275379,-0.6856896827207086,-0.6856864395019986,0.6763206401553757,0.6763206762769163,0.6763207124038869,0.6763207485084143,0.6763207845626413,0.6763208205387505,0.6763208564089841,0.676320892145666,0.6763209277212238,0.6763209631082083,0.6763209982793169,0.676321033207413,0.6763210678655472,0.6763211022269794,0.6763211362651973,0.6763211699539384
0.6856371961460463,0.685637227581554,0.6856372586733528,0.6856372893974537,0.6856373197301513,0.6856373496480421,0.6856373791280425,0.6856374081474074,0.6856374366837461,0.6856374647150414,0.6856374922196654,0.6856375191763967,-0.6950360662177839,-0.6950384740279614,-0.6950406887353444,-0.6950427001071645,-0.6950444989064642,-0.6950460769367298,-0.6950474270814445,-0.6950485433383718,-0.695049420848401,-0.6950500559188104,-0.6950504460408397,-0.6950505899014804,-0.6950504873894316,-0.6950501395951886,-0.6950495488052653,-0.6950487184905813,-0.6950476532890656,0.0,0.0,0.0,0.0,0.0,0.0,0.0,0.0,0.0,0.0,0.0,-0.6857056621447584,-0.6857025365306564,-0.6856993425241039,-0.6856960961201654,-0.6856928135561212,-0.6856895112320125,-0.6856862056304127,-0.685682913235817,-0.6856796504540409,-0.685676433532024,-0.6856732784784261,-0.6856702009854048,-0.685667216351954,0.0,0.0,0.0,0.0,0.0,0.0,0.0,0.0,0.0,0.0,0.0,0.0,0.0,0.0,0.0,0.0,0.0,0.0,0.0,0.0,0.0,0.0,0.0,0.0,0.0,0.0,0.0,-0.685659132128046,-0.6856617641796675,-0.6856645317550282,-0.6856674211637157,-0.6856704181053297,-0.6856735077392687,-0.6856766747571669,-0.6856799034576287,-0.6856831778228974,-0.6856864815970838,-0.6856897983655776,-0.6856931116352506,0.0,0.0,0.0,0.0,0.0,0.0,0.0,-0.6950346536522651,-0.6950373708755286,-0.6950399260113272,-0.6950423063123232,0.6856366991412228,0.685636665629378,0.6856366322074021,0.6856365989010822,0.685636565736116,0.6856365327380917,0.6856364999324692,0.68563646734456,0.6856364349995071,0.6856364029222668,0.685636371137588,0.6856363396699945,0.6856363085437652,0.6856362777829155,0.685636247411179,0.6856362174519891,0.6856361879284609,0.6856361588633731,0.6856361302791514,0.6856361021978495,0.6856360746411339,0.6856360476302658,0.6856360211860852,0.6856359953289957,0.6856359700789468,0.6856359454554206,0.6856359214774151,0.6856358981634307,0.6856358755314551,0.6856358535989502,0.6856358323828379,0.6856358118994872,0.6856357921647024,0.6856357731937098,0.6856357550011463,0.6856357376010485,0.6856357210068412,0.6856357052313278,0.6856356902866798,0.6856356761844278,0.6856356629354522,0.6856356505499754,0.6856356390375533,0.6856356284070682,0.6856356186667222,0.6856356098240304,0.6856356018858152,0.6856355948582014,0.0,0.0,0.0,0.0,0.0,0.0,0.0,0.0,0.0,0.0,0.0,0.0,0.0,0.0,0.0,0.0,0.0,0.0,0.0,0.0,0.0,0.0,0.0,0.0,-0.6949785339485045,-0.6949818219465975,-0.6949851814524642,-0.6949885958132349,-0.694992048122791,-0.6949955213043141,-0.694998998193666,-0.6950024616231908,-0.6950058945055355,-0.6950092799170751,-0.6950126011805386,-0.6950158419464326,-0.6950189862728642,-0.6950220187033734,-0.6950249243423948,0.6856360433801509,0.6856360703021496,0.6856360977733434,0.6856361257725373,0.685636154278128,0.6856361832681221,0.6856362127201528,0.685636242611496,0.6856362729190889,0.6856363036195477,0.6856363346891856,0.6856363661040304,0.6856363978398443,0.6856364298721411,0.6856364621762063,0.6856364947271157,0.6856365274997545,0.6856365604688367,0.685636593608925,0.68563662689445,0.6856366602997304,0.6856366937989917,0.6856367273663876,0.6856367609760192,0.6856367946019546,0.6856368282182498,0.6856368617989675,0.6856368953181988,0.6856369287500814,0.6856369620688209,0.6856369952487099,0.6856370282641483,0.6856370610896628,0.6856370936999266,0.685637126069779,0.685637158174245,0.6856371899885539,0.6856372214881593,0.6856372526487573,0.6856372834463056,0.6856373138570423,0.6856373438575037,0.6856373734245426,0.6856374025353461,0.6856374311674539,0.6856374592987743,0.6856374869076023,0.6856375139726362,-0.6856467198767534,-0.6856448733877308,-0.6856432236206447
-0.6949969446251165,-0.6950005890050222,-0.6950042187010361,-0.6950078164973805,-0.6950113653430157,-0.6950148484343659,-0.6950182492968427,-0.6950215518647662,-0.6950247405592951,0.0,0.0,0.0,0.6856375455644366,0.6856375713634248,0.6856375965534562,0.6856376211150951,0.6856376450293905,0.6856376682778913,0.6856376908426598,0.6856377127062857,0.6856377338519001,0.6856377542631877,0.6856377739244,0.6856377928203672,0.6856378109365098,0.6856378282588501,0.685637844774023,0.6856378604692857,0.6856378753325286,0.6856378893522835,0.6856379025177338,0.6856379148187207,0.6856379262457541,0.6856379367900166,0.6856379464433731,0.6856379551983753,0.6856379630482681,0.6856379699869949,0.6856379760092018,0.6856379811102428,0.6856379852861815,0.6856379885337962,0.6856379908505812,0.685637992234749,0.6856379926852314,0.685637992201681,0.6856379907844707,0.6856379884346944,0.6856379851541645,0.6856379809454128,0.685637975811686,0.6856379697569455,0.6856379627858626,0.6856379549038162,0.6856379461168878,0.6856379364318569,0.6856379258561962,0.6856379143980655,0.6856379020663056,0.6856378888704308,0.6856378748206228,0.6856378599277222,0.6856378442032193,0.685637827659247,0.6856378103085695,0.6856377921645744,0.6856377732412607,0.685637753553229,0.6856377331156696,0.6856377119443516,0.6856376900556101,0.6856376674663331,0.6856376441939501,0.685637620256417,0.6856375956722028,0.6856375704602763,0.6856375446400894,0.6856375182315645,0.6856374912550769,0.685637463731441,0.6856374356818925,0.6856374071280738,0.6856373780920153,0.6856373485961206,0.6856373186631473,0.6856372883161903,0.6856372575786642,0.6856372264742849,0.6856371950270511,0.6856371632612261,0.6856371312013194,0.6856370988720666,0.6856370662984121,0.6856370335054881,0.6856370005185961,0.6856369673631876,0.6856369340648436,0.6856369006492558,0.6856368671422062,0.6856368335695474,0.6856367999571825,0.6856367663310455,0.6856367327170807,0.0,0.0,0.0,0.0,0.0,0.0,0.0,-0.7043674426625895,-0.7043678892044801,-0.704368079874699,-0.704368013485404,-0.7043676900879631,-0.704367110972912,-0.7043662786638774,-0.7043651969054884,-0.7043638706453438,-0.7043623060101161,-0.704360510275913,-0.7043584918330413,-0.704356260145344,-0.7043538257043125,-0.704351199978196,0.0,0.0,0.0,0.0,0.0,0.0,0.0,0.0,0.0,0.6949487203218451,0.6949487117389773,0.694948703994244,0.6949486970936207,0.6949486910424314,0.6949486858453452,0.6949486815063715,0.6949486780288581,0.6949486754154883,0.6949486736682784,0.6949486727885762,0.6949486727770608,0.6949486736337408,0.6949486753579553,0.6949486779483741,0.6949486814029985,0.6949486857191628,0.6949486908935374,0.6949486969221296,0.6949487038002883,0.6949487115227065,0.6949487200834262,0.6949487294758422,0.6949487396927079,0.6949487507261404,0.6949487625676268,0.6949487752080311,0.6949487886376005,0.6949488028459733,0.6949488178221871,0.6949488335546871,0.6949488500313349,0.6949488672394178,0.6949488851656592,0.6949489037962281,0.6949489231167497,0.6949489431123178,0.6949489637675044,0.694948985066373,0.694949006992491,0.6949490295289404,0.6949490526583342,0.6949490763628262,0.6949491006241274,0.6949491254235189,0.694949150741867,0.6949491765596373,0.6949492028569095,0.6949492296133943,0.6949492568084479,0.6949492844210875,0.6949493124300088,0.6949493408136015,0.6949493695499659,0.6949493986169304,0.6949494279920686,0.694949457652716,0.6949494875759875,0.694949517738796,0.6949495481178691,0.6949495786897679,0.6949496094309046,0.6949496403175603,0.6949496713259049,0.6949497024320133,0.6949497336118856,0.6949497648414648,0.6949497960966556,0.6949498273533429,0.6949498585874104,0.6949498897747592,0.6949499208913267,0.6949499519131047,0.6949499828161578,-0.7043550601102989,-0.7043535851941988,-0.7043518859124681,-0.7043499705805415,-0.7043478485822169,0.0,0.0,0.0,0.0,0.0,0.0,0.0,0.0,-0.6950103664278123,-0.6950070340463507,-0.6950036533136886,-0.6950002411132719,-0.6949968144929954,-0.6949933905818084,-0.6949899865059245,-0.6949866193050465,-0.6949833058490149,-0.6949800627552849,-0.6949769063076359,0.0,0.0,0.0,0.0,0.0,0.0,0.6856375404729936,0.685637566388228,0.685637591698344
0.69495052140092,0.6949505450653848,0.6949505681534733,0.694950590647372,0.694950612529725,0.694950633783649,0.6949506543927454,0.6949506743411129,0.6949506936133603,0.6949507121946175,0.6949507300705482,0.69495074722736,0.6949507636518154,0.6949507793312416,0.6949507942535414,0.6949508084072011,0.6949508217813003,0.69495083436552,0.6949508461501508,0.6949508571260999,0.6949508672848991,0.6949508766187098,0.6949508851203307,0.694950892783202,0.6949508996014114,0.6949509055696986,-0.704360656336245,-0.7043597839874393,-0.7043586713156388,-0.704357324282168,-0.7043557499946779,-0.7043539566720441,-0.7043519536038428,-0.7043497511046022,0.0,0.0,0.0,0.0,0.0,0.0,0.0,0.0,0.0,0.0,-0.6950064131860478,-0.6950030043600568,-0.6949995934670334,-0.6949961976235457,-0.6949928338633423,-0.6949895190540027,-0.6949862698144129,-0.6949831024334684,-0.6949800327904028,-0.6949770762771277,-0.6949742477229602,-0.6949715613221086,-0.6949690305642615,-0.694966668168626,0.0,0.0,0.0,0.0,0.0,0.0,0.0,0.0,0.0,0.0,0.0,0.0,0.0,0.0,0.0,0.0,0.0,-0.6949615297988087,-0.6949634273888865,-0.6949655255569612,-0.6949678141693024,-0.69497028214818,-0.69497291752571,-0.6949757075020485,-0.6949786385076522,-0.6949816962693045,-0.6949848658795831,-0.6949881318694373,-0.6949914782835183,-0.6949948887578984,0.0,0.0,0.6949497344396877,0.6949497032581862,0.6949496721498111,0.6949496411385644,0.6949496102483725,0.6949495795030696,0.6949495489263767,0.6949495185418856,0.6949494883730396,0.6949494584431156,0.6949494287752062,0.6949493993922015,0.6949493703167722,0.6949493415713516,0.6949493131781179,0.6949492851589786,0.6949492575355515,0.6949492303291493,0.6949492035607638,0.6949491772510478,0.6949491514203003,0.6949491260884517,0.6949491012750465,0.6949490769992293,0.6949490532797303,0.6949490301348503,0.6949490075824467,0.6949489856399199,0.6949489643241997,0.694948943651732,0.6949489236384668,0.6949489042998452,0.6949488856507882,0.6949488677056841,0.6949488504783787,0.6949488339821637,0.6949488182297665,0.694948803233341,0.6949487890044577,0.6949487755540948,0.69494876289263,0.6949487510298323,0.6949487399748542,0.6949487297362252,-0.7043175196498359,-0.7043137623251895,-0.7043100034272275,-0.7043062607579966,-0.7043025520337014,-0.7042988947988067,-0.7042953063409929,-0.7042918036073745,-0.7042884031223918,-0.7042851209077733,0.0,0.0,0.0,0.0,0.0,0.0,0.0,0.0,0.0,0.0,0.0,0.0,0.0,0.0,0.0,0.0,0.0,0.0,0.0,0.0,0.0,0.0,0.0,0.0,0.0,0.0,-0.7042756811532327,-0.7042784297989201,-0.7042813296704655,-0.7042843661731943,-0.7042875240552059,-0.7042907874819696,-0.7042941401137589,-0.7042975651855449,-0.704301045588964,-0.704304563955958,-0.7043081027436823,-0.7043116443202659,-0.7043151710510089,-0.7043186653845936,-0.7043221099388925,0.0,0.0,0.0,0.0,0.0,0.0,0.0,0.0,0.0,0.0,0.0,0.0,0.0,0.0,0.0,0.0,0.0,0.0,0.0,0.0,0.0,0.0,0.0,0.6949500135766431,0.6949500441708268,0.6949500745751038,0.6949501047660157,0.694950134720268,0.6949501644147497,0.6949501938265495,0.6949502229329747,0.694950251711568,0.6949502801401249,0.6949503081967112,0.6949503358596796,0.6949503631076865,0.6949503899197086,0.6949504162750584,0.6949504421534015,0.6949504675347712,0.6949504923995844,0.6949505167286559,0.6949505405032149,0.6949505637049179,0.6949505863158629,0.6949506083186047,0.6949506296961664,0.6949506504320542,0.694950670510269,0.6949506899153195,0.6949507086322331,0.6949507266465689,0.6949507439444272,0.6949507605124623,0.6949507763378906,0.6949507914085019
-0.7043074092845915,-0.7043111135961662,-0.7043148034747365,-0.7043184612431042,0.0,0.0,0.0,0.0,0.0,0.0,0.0,0.0,0.0,0.0,0.0,0.0,0.0,0.0,0.0,0.0,0.0,0.0,0.0,0.0,0.0,0.0,0.694950910683458,0.6949509149387446,0.694950918332275,0.6949509208614308,0.6949509225242605,0.6949509233194813,0.6949509232464798,0.694950922305312,0.6949509204967041,0.6949509178220518,0.6949509142834186,0.6949509098835347,0.694950904625795,0.6949508985142562,0.6949508915536337,0.694950883749298,0.6949508751072707,0.6949508656342197,0.6949508553374538,0.694950844224918,0.6949508323051861,0.6949508195874547,0.6949508060815367,0.6949507917978526,0.694950776747423,0.6949507609418606,0.69495074439336,0.6949507271146894,0.6949507091191807,0.6949506904207183,0.6949506710337292,0.6949506509731717,0.6949506302545237,0.694950608893771,0.6949505869073948,0.6949505643123584,0.6949505411260958,0.6949505173664964,0.6949504930518922,0.6949504682010433,0.6949504428331237,0.6949504169677061,0.6949503906247476,0.694950363824573,0.6949503365878602,0.6949503089356242,0.6949502808892,0.6949502524702273,0.694950223700633,0.6949501946026142,0.6949501651986222,0.6949501355113438,0.694950105563684,0.6949500753787494,0.6949500449798296,0.6949500143903788,0.6949499836339987,0.6949499527344197,0.6949499217154821,0.6949498906011192,0.6949498594153374,0.6949498281821979,0.6949497969257993,0.6949497656702575,-0.704316558779045,-0.7043202074009621,-0.7043238345718111,-0.7043274226621938,-0.7043309542170458,-0.7043344120406816,0.0,0.0,0.0,0.0,0.0,0.0,0.0,0.0,0.0,-0.7136699015483905,-0.7136716447884931,-0.713673152125161,-0.7136744162164153,-0.7136754308910178,-0.7136761911785952,-0.7136766933339138,-0.7136769348551901,-0.7136769144963409,-0.7136766322731188,-0.7136760894630996,-0.7136752885995219,-0.7136742334590106,-0.7136729290432435,-0.7136713815546497,-0.7136695983662614,-0.7136675879858645,0.7042586550954804,0.7042586475665632,0.7042586408190455,0.7042586348581334,0.704258629688426,0.7042586253139119,0.7042586217379664,0.7042586189633483,0.7042586169921985,0.7042586158260379,0.7042586154657661,0.7042586159116611,0.704258617163379,0.7042586192199538,0.7042586220797991,0.704258625740708,0.7042586301998562,0.7042586354538032,0.7042586414984952,0.7042586483292685,0.704258655940853,0.7042586643273756,0.704258673482366,0.7042586833987607,0.7042586940689086,0.7042587054845773,0.7042587176369587,0.704258730516677,0.7042587441137945,0.7042587584178209,0.7042587734177196,0.7042587891019173,0.7042588054583132,0.7042588224742873,0.7042588401367107,0.7042588584319565,0.7042588773459088,0.7042588968639744,0.7042589169710941,0.7042589376517544,0.7042589588899991,0.7042589806694418,0.7042590029732787,0.7042590257843009,0.7042590490849089,0.7042590728571247,0.7042590970826074,0.704259121742665,0.7042591468182717,0.7042591722900798,0.7042591981384372,0.7042592243433998,0.7042592508847495,0.704259277742008,0.704259304894454,0.7042593323211372,0.7042593600008972,0.7042593879123771,0.7042594160340421,0.7042594443441943,0.7042594728209913,0.7042595014424615,0.7042595301865221,0.7042595590309954,0.7042595879536261,0.7042596169320994,0.704259645944056,0.7042596749671122,0.7042597039788748,0.7042597329569598,0.704259761879009,0.704259790722707,0.7042598194657999,0.7042598480861103,0.7042598765615562,0.7042599048701673,0.7042599329901018,0.7042599608996634,0.7042599885773185,0.7042600160017122,0.7042600431516847,0.7042600700062887,0.7042600965448039,0.7042601227467545,0.7042601485919242,0.7042601740603719,0.7042601991324469,0.7042602237888052,0.7042602480104225,0.7042602717786106,0.7042602950750309,0.7042603178817087,0.7042603401810477,0.7042603619558421,0.7042603831892915,0.7042604038650133,0.7042604239670546,0.7042604434799057,0.0,0.0,0.0,0.0,-0.7043109016011633,-0.7043073299859154,-0.7043037617563439,-0.7043002145669806,-0.7042967059828482,-0.7042932533936821,-0.704289873929007,-0.7042865843744801,-0.7042834010899097,-0.7042803399293454,0.0,0.0,0.0,0.0,0.0,0.0,0.0
0.7042605652063039,0.7042605793673872,0.7042605928193791,0.7042606055519012,0.7042606175551289,0.7042606288198016,0.7042606393372273,0.7042606490992916,0.7042606580984625,0.7042606663277963,0.7042606737809435,0.7042606804521538,0.7042606863362799,0.7042606914287818,0.7042606957257302,0.70426069922381,0.704260701920322,0.7042607038131858,0.7042607049009407,0.7042607051827477,0.7042607046583893,0.70426070332827,0.7042607011934161,0.7042606982554748,0.7042606945167128,0.704260689980015,0.7042606846488816,0.7042606785274259,0.7042606716203711,0.7042606639330463,0.7042606554713826,0.7042606462419089,0.7042606362517465,0.704260625508603,0.7042606140207676,0.704260601797104,0.7042605888470433,0.7042605751805774,0.7042605608082507,0.7042605457411524,0.7042605299909077,0.7042605135696688,0.7042604964901059,0.7042604787653967,0.0,0.0,0.0,-0.7043056779149367,-0.7043022283456603,-0.7042988305102713,-0.7042955014964288,-0.704292258051246,-0.704289116499334,-0.7042860926629162,-0.7042832017844023,-0.7042804584517958,-0.7042778765273012,-0.7042754690794746,-0.7042732483192488,-0.7042712255401412,-0.7042694110629392,-0.7042678141851254,-0.7042664431352929,-0.7042653050327695,-0.7042644058526458,-0.7042637503963795,-0.7042633422681152,-0.7042631838568373,-0.7042632763244406,-0.7042636195997778,-0.704264212378713,-0.7042650521301789,0.7042597588103217,0.7042597298812605,0.7042597008985364,0.7042596718845114,0.7042596428615713,0.704259613852109,0.7042595848785065,0.7042595559631191,0.7042595271282561,0.7042594983961656,0.7042594697890158,0.7042594413288783,0.7042594130377122,0.7042593849373454,0.704259357049459,0.7042593293955696,0.704259301997014,0.7042592748749317,0.7042592480502483,0.7042592215436612,0.7042591953756211,0.7042591695663181,0.7042591441356655,0.7042591191032843,0.7042590944884887,0.7042590703102695,0.704259046587282,0.7042590233378297,0.7042590005798505,0.7042589783309035,0.7042589566081547,0.7042589354283646,0.7042589148078743,0.7042588947625937,0.7042588753079885,0.7042588564590692,0.7042588382303783,0.7042588206359803,0.7042588036894505,0.7042587874038636,0.7042587717917849,0.7042587568652598,0.704258742635805,0.704258729114399,0.7042587163114745,0.7042587042369093,0.7042586929000196,0.7042586823095526,0.704258672473679,0.7042586633999881,0.0,0.0,0.0,0.0,0.0,0.0,0.0,0.0,0.0,-0.7136375737299631,-0.713633898990458,-0.71363016780424,-0.7136263980034356,-0.7136226075967419,-0.7136188146819499,-0.7136150373580515,-0.7136112936373611,-0.7136076013580762,-0.7136039780977077,-0.7136004410877933,-0.7135970071303168,-0.713593692516233,-0.7135905129464981,-0.7135874834559849,-0.7135846183406562,-0.7135819310883467,-0.7135794343134885,-0.7135771396960993,0.0,0.0,0.0,0.0,0.0,0.0,0.0,0.0,0.0,0.0,0.0,0.0,0.0,-0.7135701712529121,-0.7135715476329901,-0.7135731563344515,-0.7135749889926034,-0.7135770361526166,-0.7135792873159283,-0.7135817309917255,-0.7135843547532579,-0.7135871452987088,-0.7135900885163272,-0.7135931695535054,-0.7135963728894666,-0.7135996824112107,-0.7136030814923471,-0.7136065530744328,-0.71361007975042,-0.7136136438498084,-0.7136172275250837,0.0,0.0,0.0,0.0,0.0,0.0,0.0,0.0,0.0,0.0,0.0,0.0,0.0,0.0,0.0,0.0,-0.722970241613264,-0.7229714167564316,-0.7229723461582039,-0.7229730248823326,0.0,0.0,0.0,0.0,0.0,0.0,0.0,0.0,0.0,0.0,0.0,0.0,0.0,0.0,0.0,-0.7136458541852001,-0.7136427721278356,-0.7136395567212824,-0.7136362235985292,0.7042604623885111,0.7042604806782816,0.7042604983351058,0.7042605153453602,0.7042605316959204,0.7042605473741711,0.7042605623680152,0.7042605766658843,0.7042605902567467,0.7042606031301161,0.70426061527606,0.704260626685207,0.7042606373487544,0.7042606472584744,0.7042606564067212,0.7042606647864363,0.7042606723911542,0.7042606792150073,0.7042606852527308,0.7042606904996662,0.704260694951765
0.7135672626016143,0.7135672669066784,0.7135672704721807,0.0,0.0,0.0,0.0,0.0,0.0,0.0,0.0,0.0,0.0,0.0,0.0,0.0,0.0,0.0,0.0,0.0,0.0,0.0,0.0,0.0,0.0,0.0,0.0,0.0,0.0,0.0,0.0,0.0,0.0,0.0,0.0,0.0,0.0,-0.7136457380656447,-0.713642652670952,-0.7136394471680281,-0.7136361376793667,-0.7136327408382467,-0.7136292737072528,-0.7136257536947097,0.704260460409217,0.7042604414357296,0.7042604218595737,0.7042604016958537,0.704260380960127,0.7042603596683923,0.7042603378370775,0.7042603154830269,0.7042602926234881,0.7042602692760983,0.7042602454588714,0.704260221190184,0.704260196488761,0.7042601713736606,0.7042601458642606,0.7042601199802432,0.7042600937415794,0.7042600671685139,0.704260040281549,0.70426001310143,0.7042599856491277,0.7042599579458233,0.7042599300128912,0.7042599018718836,0.7042598735445127,0.7042598450526347,0.7042598164182325,0.7042597876633995,0.0,0.0,0.0,0.0,0.0,0.0,0.0,0.0,0.0,0.0,0.0,-0.7135980781125194,-0.7136014838806076,-0.7136049918963061,-0.713608585379915,-0.713612247122788,-0.7136159595708972,-0.7136197049101006,-0.713623465152695,-0.7136272222248372,-0.7136309580544027,0.0,0.0,0.0,0.0,0.0,0.0,0.0,0.0,0.0,-0.7229667397729909,-0.7229691935543705,-0.7229714390629047,-0.7229734655690077,-0.7229752633975811,-0.7229768239750669,-0.722978139871136,-0.7229792048348123,-0.7229800138248513,-0.7229805630342284,0.7135653597204537,0.7135653546077129,0.7135653502308549,0.7135653465932564,0.7135653436977243,0.7135653415464923,0.7135653401412205,0.7135653394829929,0.7135653395723175,0.7135653404091254,0.7135653419927708,0.7135653443220321,0.7135653473951118,0.713565351209639,0.7135653557626709,0.7135653610506942,0.7135653670696293,0.7135653738148319,0.713565381281098,0.7135653894626671,0.7135653983532264,0.7135654079459166,0.7135654182333365,0.7135654292075488,0.7135654408600862,0.7135654531819584,0.7135654661636585,0.71356547979517,0.7135654940659761,0.7135655089650659,0.713565524480944,0.7135655406016391,0.7135655573147135,0.7135655746072719,0.7135655924659724,0.7135656108770361,0.7135656298262577,0.7135656492990171,0.7135656692802903,0.7135656897546604,0.7135657107063305,0.7135657321191352,0.7135657539765535,0.7135657762617215,0.7135657989574447,0.7135658220462121,0.7135658455102099,0.713565869331334,0.7135658934912056,0.7135659179711837,0.7135659427523808,0.713565967815677,0.7135659931417346,0.7135660187110132,0.7135660445037848,0.7135660705001486,0.7135660966800472,0.7135661230232816,0.7135661495095263,0.7135661761183459,0.7135662028292101,0.7135662296215101,0.7135662564745741,0.7135662833676836,0.7135663102800889,0.7135663371910259,0.7135663640797308,0.7135663909254581,0.7135664177074945,0.7135664444051761,0.7135664709979044,0.7135664974651612,0.7135665237865259,0.71356654994169,0.713566575910473,0.7135666016728389,0.7135666272089104,0.713566652498985,0.7135666775235499,0.7135667022632971,0.7135667266991388,0.7135667508122211,0.7135667745839391,0.713566797995952,0.7135668210301959,0.7135668436688983,0.7135668658945925,0.7135668876901298,0.7135669090386939,0.7135669299238127,0.7135669503293725,0.7135669702396291,0.7135669896392204,0.7135670085131786,0.7135670268469413,0.7135670446263628,0.7135670618377252,0.7135670784677492,0.7135670945036034,0.7135671099329154,0.7135671247437803,0.7135671389247707,0.7135671524649454,0.713567165353857,0.713567177581561,0.713567189138623,0.7135672000161261,0.7135672102056774,0.7135672196994155,0.7135672284900146,0.7135672365706932,0.713567243935216,0.7135672505779008,0.7135672564936225,0.7135672616778167,0.7135672661264836,0.7135672698361905,0.7135672728040754,-0.713596685140916,-0.7135932898970316,-0.7135900032182626,-0.7135868412816478,-0.7135838196701112,-0.7135809532964711,-0.7135782563307084,0.0,0.0,0.0,0.0
-0.7229187738983589,-0.7229224829274062,-0.7229261771913046,0.7135672732953701,0.7135672753740685,0.713567276706672,0.7135672772921523,0.713567277130058,0.7135672762205136,0.7135672745642214,0.7135672721624592,0.71356726901708,0.7135672651305107,0.71356726050575,0.7135672551463663,0.7135672490564945,0.7135672422408336,0.7135672347046419,0.7135672264537343,0.7135672174944769,0.7135672078337824,0.713567197479104,0.713567186438432,0.7135671747202841,0.7135671623337019,0.7135671492882423,0.7135671355939708,0.7135671212614532,0.7135671063017481,0.7135670907263976,0.7135670745474192,0.7135670577772959,0.7135670404289667,0.7135670225158173,0.7135670040516682,0.7135669850507661,0.7135669655277711,0.7135669454977465,0.7135669249761462,0.7135669039788044,0.7135668825219215,0.7135668606220528,0.7135668382960955,0.7135668155612751,0.713566792435133,0.7135667689355124,0.7135667450805445,0.7135667208886349,0.7135666963784493,0.7135666715688983,0.713566646479124,0.7135666211284849,0.71356659553654,0.7135665697230354,0.7135665437078874,0.7135665175111684,0.7135664911530906,0.7135664646539904,0.7135664380343137,0.7135664113145992,0.7135663845154623,0.7135663576575801,0.7135663307616753,0.7135663038484993,0.7135662769388169,0.7135662500533909,0.7135662232129645,0.7135661964382467,0.7135661697498957,0.713566143168503,0.7135661167145775,0.7135660904085299,0.7135660642706568,0.7135660383211248,0.7135660125799556,0.7135659870670096,0.7135659618019715,0.7135659368043349,0.7135659120933864,0.7135658876881921,0.7135658636075818,0.7135658398701347,0.7135658164941658,0.7135657934977108,0.7135657708985127,0.7135657487140078,0.7135657269613129,0.713565705657211,0.7135656848181395,0.7135656644601768,0.7135656445990299,0.713565625250023,0.7135656064280848,0.7135655881477371,0.7135655704230842,0.7135655532678018,0.713565536695126,0.7135655207178432,0.713565505348281,0.7135654905982977,0.7135654764792735,0.7135654630021021,0.7135654501771818,0.7135654380144075,0.7135654265231636,0.7135654157123159,0.7135654055902059,0.7135653961646429,0.7135653874428994,0.7135653794317046,0.7135653721372396,0.7135653655651324,0.0,0.0,0.0,0.0,0.0,0.0,0.0,0.0,0.0,0.0,0.0,0.0,0.0,0.0,0.0,0.0,0.0,0.0,0.0,0.0,0.0,0.0,0.0,-0.7229271098837926,-0.7229233282520855,-0.7229195617818075,-0.7229158285923524,-0.7229121466281254,-0.7229085335713327,-0.7229050067560671,-0.7229015830841081,-0.7228982789428466,-0.7228951101257306,-0.7228920917556202,-0.7228892382114229,-0.7228865630583649,-0.7228840789822373,0.722869340034162,0.7228693631371923,0.7228693864913879,0.7228694100787302,0.7228694338810199,0.7228694578798925,0.7228694820568314,0.722869506393183,0.7228695308701705,0.7228695554689083,0.7228695801704174,0.7228696049556389,0.7228696298054499,0.7228696547006775,0.7228696796221136,0.7228697045505299,0.7228697294666926,0.7228697543513778,0.7228697791853853,0.7228698039495544,0.7228698286247781,0.722869853192018,0.7228698776323194,0.722869901926825,0.7228699260567902,0.7228699500035974,0.7228699737487704,0.7228699972739884,0.7228700205611002,0.7228700435921385,0.7228700663493336,0.722870088815127,0.7228701109721849,0.7228701328034121,0.7228701542919644,0.7228701754212622,0.7228701961750027,0.7228702165371736,0.7228702364920642,0.7228702560242779,0.7228702751187447,0.722870293760732,0.7228703119358563,0.7228703296300946,-0.7322645282327689,-0.7322666009303278,-0.7322684588057254,-0.7322700923368989,-0.7322714930974127,-0.7322726537979329,-0.7322735683221522,-0.7322742317569887,-0.7322746404169154,-0.7322747918622917,-0.7322746849116153,-0.7322743196476297,-0.7322736974172586,-0.7322728208253652,-0.7322716937223702,0.0,0.0,0.0,0.0,0.0,0.0,0.0,0.0,0.0,0.0,0.0,-0.7229407534501959,-0.72293725090002,-0.7229336625115685,-0.7229300056055036,-0.7229262978490512,-0.7229225571700092,-0.722918801669486,-0.7229150495337932,-0.7229113189459256,-0.7229076279970562,0.0,0.7135672750278483,0.7135672765057933,0.7135672772367706,0.7135672772202154,0.713567276456141,0.7135672749451368,0.7135672726883687,0.7135672696875779,0.7135672659450796,0.7135672614637614,0.7135672562470811
0.7228705724918061,0.7228705678224473,0.7228705624747706,0.7228705564529019,0.7228705497614875,0.7228705424056903,0.7228705343911855,0.7228705257241572,0.7228705164112923,0.7228705064597762,0.7228704958772871,0.7228704846719902,0.0,-0.7322609412153992,-0.7322631112485579,-0.7322650691551434,-0.7322668053358514,-0.7322683112849573,-0.7322695796318507,-0.7322706041770245,-0.7322713799223416,-0.7322719030954279,-0.7322721711680763,-0.7322721828685673,-0.7322719381878489,0.0,0.0,0.0,0.0,0.0,0.0,0.0,0.0,0.0,0.0,0.0,0.0,0.0,0.0,-0.7229421458555914,-0.7229387840225955,-0.7229353351653883,-0.7229318164969862,-0.7229282455779994,-0.7229246402307212,-0.7229210184519481,-0.7229173983249519,-0.7229137979310374,-0.7229102352611154,-0.7229067281277212,-0.7229032940779081,-0.7228999503074396,0.0,0.0,0.0,0.0,0.0,0.0,0.0,0.0,0.0,0.0,0.0,0.0,0.0,0.0,0.0,0.0,0.0,0.0,0.0,0.0,0.0,0.0,0.0,0.0,0.0,0.0,0.0,0.0,0.0,-0.7228938255151321,-0.7228970246133787,-0.7229003600036378,-0.7229038158684551,-0.7229073757957032,-0.722911022858153,-0.7229147396955686,-0.722918508598926,-0.7229223115963473,-0.7229261305403317,0.0,0.0,0.0,0.0,0.0,0.0,0.0,0.0,0.0,0.0,-0.7322627869081305,-0.7322654582530064,0.7228687962418706,0.7228687939501965,0.722868792348845,0.7228687914390516,0.722868791221518,0.7228687916964125,0.7228687928633681,0.7228687947214849,0.7228687972693292,0.7228688005049352,0.7228688044258063,0.7228688090289174,0.722868814310717,0.7228688202671301,0.7228688268935609,0.7228688341848967,0.722868842135512,0.7228688507392725,0.7228688599895396,0.7228688698791769,0.7228688804005536,0.7228688915455521,0.7228689033055735,0.7228689156715441,0.7228689286339232,0.7228689421827095,0.7228689563074495,0.7228689709972455,0.7228689862407631,0.7228690020262413,0.7228690183415011,0.7228690351739542,0.7228690525106135,0.7228690703381029,0.7228690886426676,0.7228691074101847,0.722869126626174,0.7228691462758094,0.7228691663439304,0.722869186815053,0.7228692076733831,0.722869228902827,0.7228692504870056,0.7228692724092648,0.7228692946526911,0.7228693172001224,0.0,0.0,0.0,0.0,0.0,0.0,0.0,0.0,0.0,0.0,0.0,0.0,0.0,0.0,0.0,0.0,0.0,0.0,0.0,0.0,0.0,0.0,0.0,0.0,0.0,-0.7322029906879332,-0.7322063332545703,-0.7322097634935919,-0.732213264252108,-0.7322168180287342,-0.7322204070591679,-0.7322240134030564,-0.732227619031737,-0.73223120591642,-0.7322347561163857,-0.7322382518667638,-0.7322416756654695,-0.7322450103588694,-0.73224823922576,-0.7322513460592495,-0.7322543152461403,0.0,0.0,0.0,0.7228703468297947,0.7228703635216859,0.7228703796928894,0.7228703953309282,0.7228704104237368,0.7228704249596699,0.7228704389275123,0.7228704523164872,0.7228704651162636,0.7228704773169664,0.7228704889091815,0.722870499883965,0.7228705102328494,0.7228705199478495,0.7228705290214698,0.7228705374467094,0.7228705452170677,0.7228705523265496,0.7228705587696697,0.7228705645414563,0.7228705696374563,0.7228705740537383,0.7228705777868943,0.7228705808340442,0.7228705831928368,0.7228705848614524,0.7228705858386033,0.7228705861235356,0.7228705857160296,0.7228705846163996,0.722870582825494,0.7228705803446948,0.7228705771759159,0.7228705733216021,0.7228705687847276,0.7228705635687924,0.7228705576778214,0.7228705511163596,0.7228705438894695,0.7228705360027272,0.7228705274622179,0.722870518274531,0.7228705084467552,0.7228704979864733,0.7228704869017564,-0.7228766408325079,-0.7228744685237177,0.0
-0.7322194373883038,-0.7322230993143358,-0.7322267459849358,-0.7322303594135302,-0.7322339217867225,-0.7322374155512638,-0.7322408234997553,-0.7322441288546682,-0.7322473153502658,-0.73225036731203,-0.7322532697332054,-0.7322560083480834,0.7228704728525309,0.7228704604280287,0.7228704474080698,0.7228704338027,0.7228704196224164,0.7228704048781601,0.7228703895813072,0.7228703737436603,0.7228703573774388,0.7228703404952703,0.7228703231101805,0.7228703052355827,0.7228702868852687,0.7228702680733965,0.7228702488144809,0.722870229123381,0.7228702090152895,0.7228701885057214,0.7228701676105009,0.7228701463457498,0.7228701247278748,0.7228701027735559,0.722870080499732,0.7228700579235884,0.7228700350625441,0.7228700119342375,0.7228699885565136,0.7228699649474097,0.7228699411251415,0.722869917108089,0.7228698929147832,0.7228698685638902,0.7228698440741983,0.7228698194646026,0.722869794754091,0.7228697699617287,0.7228697451066446,0.7228697202080157,0.7228696952850526,0.722869670356985,0.7228696454430462,0.7228696205624585,0.7228695957344187,0.7228695709780831,0.7228695463125524,0.7228695217568579,0.722869497329945,0.7228694730506607,0.7228694489377377,0.7228694250097806,0.7228694012852508,0.7228693777824533,0.7228693545195216,0.7228693315144045,0.7228693087848514,0.7228692863483995,0.7228692642223596,0.7228692424238035,0.7228692209695494,0.7228691998761507,0.722869179159882,0.722869158836727,0.7228691389223657,0.7228691194321637,0.7228691003811584,0.7228690817840484,0.7228690636551827,0.7228690460085484,0.722869028857761,0.7228690122160533,0.7228689960962646,0.7228689805108327,0.7228689654717827,0.7228689509907172,0.7228689370788101,0.7228689237467941,0.7228689110049565,0.7228688988631277,0.7228688873306758,0.7228688764164987,0.7228688661290172,0.7228688564761687,0.7228688474654008,0.722868839103666,0.7228688313974153,0.7228688243525948,0.7228688179746398,0.7228688122684713,0.7228688072384918,0.7228688028885824,0.722868799222099,0.0,0.0,0.0,0.0,0.0,0.0,0.0,0.0,0.0,0.0,0.0,0.0,0.0,0.0,0.0,0.0,0.0,0.0,0.0,0.0,0.0,0.0,0.0,0.0,0.0,0.0,0.0,0.0,0.0,0.0,0.0,0.0,0.0,0.0,0.7321694420279575,0.7321694635343006,0.732169485263578,0.7321695071990243,0.7321695293237149,0.7321695516205798,0.7321695740724155,0.7321695966618994,0.7321696193716023,0.7321696421840025,0.7321696650814987,0.7321696880464249,0.7321697110610619,0.7321697341076526,0.7321697571684157,0.7321697802255581,0.7321698032612902,0.7321698262578384,0.7321698491974601,0.7321698720624554,0.7321698948351832,0.732169917498073,0.7321699400336388,0.7321699624244934,0.732169984653361,0.7321700067030907,0.7321700285566698,0.732170050197237,0.7321700716080957,0.7321700927727258,0.7321701136747976,0.7321701342981842,0.7321701546269733,0.7321701746454802,0.7321701943382595,0.7321702136901167,0.7321702326861211,0.732170251311616,0.7321702695522307,0.7321702873938916,0.732170304822833,0.7321703218256072,0.7321703383890954,0.7321703545005182,0.7321703701474445,0.732170385317802,0.7321703999998855,0.7321704141823673,0.7321704278543045,0.7321704410051486,0.7321704536247527,0.7321704657033803,0.7321704772317117,0.7321704882008524,0.7321704986023387,0.7321705084281456,0.7321705176706917,0.732170526322846,0.7321705343779324,0.7321705418297364,0.7321705486725084,0.7321705549009686,0.7321705605103114,0.732170565496209,0.7321705698548144,0.7321705735827645,0.7321705766771834,-0.7415710570611629,-0.7415704374084114,-0.7415695656426182,-0.7415684455690238,-0.7415670822047582,-0.7415654817546988,0.0,0.0,0.0,0.0,0.0,0.0,0.0,0.0,0.0,0.0,0.0,-0.7322344668492295,-0.7322307863614079,-0.7322270544910561,-0.732223289143019,-0.7322195083954763,-0.7322157304120573,-0.7322119733535434,-0.7322082552895849,-0.7322045941108667,-0.7322010074421428,0.0,0.0,0.0,0.0,0.0,0.0,0.0,0.7228704752011565,0.7228704628937015,0.7228704499888876
0.7321704714856969,0.7321704596786353,0.7321704473259258,0.7321704344370997,0.7321704210221015,0.7321704070912813,0.732170392655388,0.7321703777255594,0.7321703623133149,0.7321703464305459,0.732170330089507,0.7321703133028062,0.7321702960833955,0.7321702784445606,0.732170260399911,0.732170241963369,0.7321702231491595,0.7321702039717992,0.7321701844460841,0.7321701645870795,-0.7415671364405759,-0.7415676149994909,-0.7415678415280045,-0.7415678148004445,-0.7415675348374874,-0.7415670029061411,-0.7415662215136369,-0.741565194395261,0.0,0.0,0.0,0.0,0.0,0.0,0.0,0.0,0.0,0.0,0.0,0.0,0.0,-0.7322343358710909,-0.7322307937083855,-0.7322272001547452,-0.7322235730082531,-0.7322199302404447,-0.7322162899085061,-0.7322126700670575,-0.7322090886799528,-0.7322055635325246,-0.7322021121447008,-0.7321987516854178,-0.7321954988887458,-0.7321923699721339,0.0,0.0,0.0,0.0,0.0,0.0,0.0,0.0,0.0,0.0,0.0,0.0,0.0,0.0,0.0,0.0,0.0,0.0,0.0,0.0,0.0,0.0,0.0,0.0,-0.732183730201799,-0.7321864296109309,-0.732189309101371,-0.7321923551193564,-0.7321955532980329,-0.7321988885270131,-0.7322023450255593,-0.7322059064190416,-0.7322095558182962,-0.7322132759015001,-0.7322170489981645,-0.7322208571748402,0.0,0.0,0.0,0.0,0.0,0.7321689224139016,0.7321689232159084,0.7321689246577332,0.7321689267382633,0.7321689294558937,0.7321689328085272,0.7321689367935774,0.7321689414079697,0.7321689466481437,0.7321689525100563,0.7321689589891848,0.7321689660805303,0.7321689737786213,0.7321689820775186,0.7321689909708189,0.7321690004516608,0.7321690105127292,0.7321690211462616,0.7321690323440535,0.7321690440974653,0.7321690563974288,0.7321690692344538,0.732169082598636,0.7321690964796641,0.7321691108668283,0.7321691257490281,0.7321691411147812,0.7321691569522321,0.7321691732491611,0.7321691899929949,0.732169207170814,0.7321692247693654,0.7321692427750709,0.7321692611740379,0.7321692799520707,0.7321692990946811,0.7321693185870995,0.7321693384142866,0.7321693585609446,0.7321693790115293,0.7321693997502622,0.7321694207611419,-0.7415155707063467,-0.7415119756138465,-0.7415084308645656,-0.7415049538008011,0.0,0.0,0.0,0.0,0.0,0.0,0.0,0.0,0.0,0.0,0.0,0.0,0.0,0.0,0.0,0.0,0.0,0.0,0.0,0.0,0.0,0.0,0.0,0.0,0.0,0.0,0.0,0.0,0.0,0.0,-0.7414910408234067,-0.7414940105859403,-0.7414971139972832,-0.7415003356275466,-0.7415036594618741,-0.7415070689786551,-0.7415105472302229,-0.7415140769256399,-0.7415176405151724,-0.7415212202760398,-0.7415247983990236,-0.7415283570755118,-0.7415318785845569,-0.7415353453795216,-0.7415387401738895,-0.7415420460258231,0.0,0.0,0.0,0.0,0.0,0.0,0.0,0.0,0.0,0.0,0.0,0.0,0.0,0.0,0.0,0.0,0.0,0.732170579135683,0.7321705809563669,0.73217058213783,0.732170582679161,0.7321705825799422,0.7321705818402499,0.7321705804606551,0.7321705784422219,0.732170575786508,0.7321705724955622,0.7321705685719239,0.7321705640186202,0.7321705588391645,0.7321705530375526,0.7321705466182614,0.7321705395862435,0.7321705319469242,0.7321705237061982,0.7321705148704234,0.7321705054464173,0.732170495441451,0.732170484863244,0.7321704737199579,0.7321704620201905,0.732170449772969,0.7321704369877425,0.7321704236743759,0.7321704098431412,0.73217039550471,0.732170380670145,0.7321703653508922,0.7321703495587714,0.7321703333059669,0.732170316605019,0.7321702994688132,0.7321702819105712,0.7321702639438402
-0.7415165301658787,-0.7415201174260554,-0.7415236888517982,-0.7415272267126115,-0.7415307134495233,-0.7415341317609032,-0.7415374646870293,-0.7415406956929905,0.0,0.0,0.0,0.0,0.0,0.0,0.0,0.0,0.0,0.0,0.0,0.0,0.7321701444101075,0.7321701239307365,0.732170103164767,0.7321700821282213,0.7321700608373304,0.7321700393085211,0.7321700175584044,0.7321699956037617,0.7321699734615322,0.7321699511488,0.7321699286827804,0.7321699060808075,0.7321698833603197,0.7321698605388476,0.7321698376339988,0.7321698146634457,0.7321697916449115,0.7321697685961563,0.7321697455349635,0.7321697224791262,0.7321696994464327,0.7321696764546546,0.732169653521531,0.7321696306647563,0.7321696079019654,0.7321695852507214,0.7321695627285009,0.7321695403526807,0.7321695181405253,0.7321694961091724,0.7321694742756205,0.7321694526567153,0.7321694312691368,0.732169410129387,0.7321693892537757,0.7321693686584104,0.7321693483591808,0.7321693283717494,0.732169308711537,0.7321692893937128,0.7321692704331817,0.7321692518445723,0.732169233642227,0.7321692158401896,0.7321691984521956,0.7321691814916605,0.7321691649716705,0.7321691489049712,0.7321691333039593,0.7321691181806717,0.7321691035467766,0.7321690894135647,0.732169075791941,0.732169062692415,0.7321690501250936,0.732169038099673,0.7321690266254319,0.7321690157112228,0.7321690053654666,0.7321689955961458,0.7321689864107979,0.7321689778165097,0.7321689698199121,0.7321689624271752,0.7321689556440025,0.7321689494756279,0.7321689439268102,0.7321689390018309,0.73216893470449,0.7321689310381027,0.7321689280054979,0.7321689256090158,0.7321689238505048,0.7321689227313222,0.7321689222523311,-0.7415378087117467,-0.7415413201909329,-0.7415447267773531,-0.7415480123058896,0.0,0.0,0.0,0.0,0.0,0.0,0.0,0.0,0.0,0.0,0.0,0.0,0.0,0.0,0.0,0.0,0.0,0.0,0.0,0.0,0.0,0.0,0.0,0.0,0.0,0.0,0.0,0.0,0.0,0.0,0.7414662596309206,0.7414662803161218,0.7414663011354623,0.7414663220728784,0.7414663431122165,0.7414663642372431,0.7414663854316592,0.7414664066791121,0.7414664279632084,0.741466449267526,0.7414664705756276,0.7414664918710729,0.7414665131374313,0.7414665343582942,0.741466555517289,0.74146657659809,0.7414665975844326,0.7414666184601242,0.7414666392090582,0.7414666598152259,0.741466680262728,0.7414667005357884,0.7414667206187652,0.7414667404961633,0.7414667601526461,0.7414667795730475,0.7414667987423835,0.7414668176458641,0.7414668362689039,0.7414668545971342,0.7414668726164138,0.7414668903128397,0.741466907672758,0.7414669246827748,0.7414669413297656,0.7414669576008865,0.7414669734835833,0.7414669889656015,0.7414670040349958,0.7414670186801394,0.7414670328897326,0.7414670466528118,0.7414670599587584,0.7414670727973055,0.7414670851585476,0.7414670970329476,0.7414671084113431,0.7414671192849557,0.7414671296453952,0.741467139484668,0.7414671487951827,0.7414671575697555,0.7414671658016164,0.741467173484414,0.7414671806122206,0.7414671871795366,0.7414671931812951,0.7414671986128651,0.7414672034700559,0.7414672077491201,0.7414672114467559,0.7414672145601106,0.7414672170867818,0.74146721902482,0.7414672203727302,0.741467221129472,0.7414672212944621,0.7414672208675727,0.7414672198491332,0.7414672182399296,0.7414672160412034,0.7414672132546509,0.7414672098824224,0.7414672059271197,0.7414672013917943,0.7414671962799457,0.741467190595518,0.741467184342897,0.7414671775269069,0.7414671701528069,0.7414671622262864,0.7414671537534611,0.7414671447408685,0.0,0.0,0.0,0.0,0.0,0.0,0.0,0.0,0.0,0.0,-0.7415278348459544,-0.7415241282799279,-0.7415203878131874,-0.7415166313067098,-0.7415128767064678,-0.7415091419562706,-0.7415054449106168,-0.7415018032479876,-0.7414982343850021,-0.7414947553918484,0.0,0.0,0.0,0.0,0.0,0.0,0.0,0.0,0.0
0.7414669472773335,0.7414669307652454,0.7414669138854385,0.7414668966509365,0.7414668790750365,0.7414668611712999,0.7414668429535402,0.7414668244358135,0.7414668056324071,0.741466786557829,0.7414667672267967,0.7414667476542247,0.7414667278552145,0.7414667078450423,0.7414666876391471,0.7414666672531187,0.7414666467026861,0.7414666260037054,0.7414666051721469,0.7414665842240831,0.7414665631756767,0.7414665420431679,0.7414665208428615,0.7414664995911147,0.7414664783043244,0.7414664569989146,0.7414664356913236,0.7414664143979912,0.7414663931353468,-0.7508539359713318,0.0,0.0,0.0,0.0,0.0,0.0,0.0,0.0,0.0,0.0,0.0,0.0,0.0,-0.7415226513835838,-0.7415190353583112,-0.7415154043343789,-0.7415117761608553,-0.7415081686839419,-0.7415045996599035,-0.7415010866684374,-0.7414976470269039,-0.7414942977058364,-0.7414910552461389,-0.7414879356783796,-0.7414849544445663,-0.7414821263227892,-0.7414794653550921,0.0,0.0,0.0,0.0,0.0,0.0,0.0,0.0,0.0,0.0,0.0,0.0,0.0,0.0,0.0,0.0,0.0,0.0,0.0,-0.7414741605321591,-0.7414764221673766,-0.7414788866729728,-0.7414815424742291,-0.7414843770678956,-0.7414873770826975,-0.7414905283440691,-0.7414938159428018,-0.7414972243072705,-0.7415007372788925,0.7414656925463657,0.7414656953900155,0.7414656988191054,0.74146570283099,0.7414657074225739,0.7414657125903146,0.7414657183302247,0.7414657246378756,0.7414657315084007,0.741465738936499,0.7414657469164395,0.741465755442065,0.7414657645067979,0.7414657741036438,0.7414657842251987,0.741465794863653,0.7414658060107988,0.7414658176580354,0.7414658297963764,0.7414658424164564,0.7414658555085386,0.7414658690625213,0.7414658830679473,0.7414658975140104,0.7414659123895649,0.7414659276831335,0.7414659433829165,0.7414659594768006,0.7414659759523685,0.7414659927969086,0.7414660099974243,0.7414660275406445,0.7414660454130338,0.7414660636008026,0.741466082089918,0.741466100866115,0.7414661199149064,0.7414661392215952,0.7414661587712853,0.7414661785488931,0.7414661985391588,0.7414662187266593,0.7414662390958184,-0.7508346599876285,-0.7508314054677782,-0.7508280632645339,-0.7508246499463429,-0.7508211824189454,-0.7508176778427661,-0.7508141535490822,-0.7508106269553725,-0.7508071154802659,-0.7508036364585002,-0.7508002070563062,-0.7507968441876307,-0.7507935644316046,-0.7507903839516575,0.0,0.0,0.0,0.0,0.0,0.0,0.0,0.0,0.0,0.0,0.0,0.0,0.0,0.0,0.0,0.0,0.0,0.0,0.0,0.0,0.0,0.0,0.0,0.0,0.0,-0.7507764727686603,-0.750778932051888,-0.7507815625467171,-0.7507843512986604,-0.7507872845711766,-0.7507903479126454,-0.7507935262268378,-0.7507968038465398,-0.75080016460997,-0.7508035919396234,-0.7508070689231539,-0.7508105783959051,-0.750814103024687,-0.7508176253923895,-0.7508211280830226,-0.7508245937667682,-0.7508280052846279,0.0,0.0,0.0,0.0,0.0,0.0,0.0,0.0,0.0,0.0,0.0,0.0,0.0,0.0,0.0,0.0,0.0,0.0,0.0,0.0,0.0,0.0,0.0,0.0,0.0,0.0,0.0,0.7414671351954621,0.7414671251246069,0.7414671145360732,0.7414671034380305,0.7414670918390418,0.7414670797480563,0.741467067174403,0.7414670541277831,0.741467040618263,0.741467026656266,0.7414670122525644,0.7414669974182718,0.7414669821648336,0.7414669665040189,0.7414669504479108,0.7414669340088973,0.7414669171996623,0.7414669000331752,0.7414668825226807,0.7414668646816893,0.7414668465239664,0.7414668280635217,0.7414668093145983,0.7414667902916624,0.7414667710093911,0.7414667514826617,0.7414667317265403,0.7414667117562701,0.7414666915872589
-0.7508098651801918,-0.7508133536949204,-0.7508168258280382,-0.7508202642735684,-0.7508236518937944,0.0,0.0,0.0,0.0,0.0,0.0,0.0,0.0,0.0,0.0,0.0,0.0,0.0,0.0,0.0,0.0,0.0,0.0,0.0,0.0,0.0,0.0,0.0,0.0,0.7414663719197953,0.741466350767706,0.7414663296953985,0.7414663087191314,0.7414662878550892,0.7414662671193692,0.7414662465279708,0.7414662260967808,0.7414662058415633,0.7414661857779462,0.7414661659214096,0.7414661462872739,0.7414661268906879,0.7414661077466171,0.7414660888698321,0.7414660702748975,0.7414660519761602,0.7414660339877387,0.741466016323512,0.7414659989971087,0.7414659820218973,0.7414659654109752,0.7414659491771582,0.7414659333329722,0.741465917890641,0.7414659028620796,0.7414658882588832,0.741465874092319,0.7414658603733174,0.7414658471124629,0.7414658343199874,0.7414658220057606,0.7414658101792837,0.7414657988496813,0.7414657880256952,0.741465777715676,0.7414657679275789,0.7414657586689558,0.7414657499469502,0.7414657417682915,0.7414657341392898,0.7414657270658318,0.7414657205533746,0.7414657146069429,0.7414657092311248,0.741465704430068,0.7414657002074766,0.7414656965666088,0.7414656935102735,0.7414656910408289,0.7414656891601803,0.741465687869779,0.7414656871706201,0.7414656870632432,0.7414656875477312,0.7414656886237104,0.7414656902903506,0.0,0.0,-0.7508027170980754,-0.7508063811244825,-0.7508100635481377,-0.7508137468304451,-0.7508174134314893,-0.7508210458951824,-0.7508246269340051,-0.7508281395129384,-0.75083156693217,-0.7508348929081738,-0.7508381016527701,0.0,0.0,0.0,0.0,0.0,0.0,0.0,0.0,0.0,0.0,0.0,0.0,0.0,0.0,0.0,0.0,0.0,0.0,0.0,0.0,0.0,0.0,0.0,0.0,0.7507596977510258,0.7507597173810286,0.7507597370362677,0.7507597567015782,0.7507597763617868,0.7507597960017249,0.7507598156062393,0.7507598351602036,0.750759854648531,0.7507598740561853,0.7507598933681923,0.7507599125696517,0.7507599316457486,0.7507599505817646,0.7507599693630895,0.7507599879752325,0.7507600064038331,0.750760024634673,0.7507600426536856,0.7507600604469684,0.7507600780007929,0.7507600953016152,0.750760112336087,0.750760129091065,0.7507601455536217,0.7507601617110554,0.7507601775509,0.7507601930609333,0.7507602082291893,0.7507602230439645,0.7507602374938284,0.7507602515676318,0.7507602652545164,0.7507602785439218,0.7507602914255944,0.7507603038895955,0.7507603159263079,0.7507603275264451,0.7507603386810565,0.7507603493815357,0.7507603596196268,0.7507603693874306,0.7507603786774104,0.7507603874823987,0.7507603957956015,0.7507604036106053,0.7507604109213799,0.7507604177222847,0.7507604240080724,0.7507604297738932,0.7507604350152984,0.7507604397282439,0.7507604439090936,0.7507604475546213,0.7507604506620147,0.7507604532288759,0.7507604552532247,0.7507604567334989,0.7507604576685567,0.7507604580576765,0.7507604579005579,0.7507604571973224,0.7507604559485126,0.7507604541550918,0.7507604518184438,0.7507604489403716,0.7507604455230957,0.7507604415692526,0.7507604370818933,0.7507604320644797,0.7507604265208832,0.7507604204553809,0.7507604138726529,0.750760406777778,0.7507603991762303,0.750760391073875,0.7507603824769635,0.7507603733921286,0.7507603638263801,0.7507603537870984,0.7507603432820295,0.7507603323192784,0.7507603209073037,0.7507603090549104,0.7507602967712435,0.7507602840657802,0.7507602709483238,0.7507602574289951,0.750760243518225,0.7507602292267466,0.7507602145655865,0.7507601995460567,0.7507601841797455,0.750760168478509,0.7507601524544617,0.0,0.0,0.0,0.0,0.0,0.0,-0.7508136637565931,-0.750809981161696,-0.750806299489002,-0.7508026362765234,-0.7507990089757731,-0.750795434867063,-0.7507919309756418,-0.7507885139890792,-0.7507852001763028,-0.7507820053086749,0.0,0.0,0.0,0.0,0.0,0.0,0.0
0.7507599922320003,0.7507599736608193,0.7507599549171402,0.7507599360154252,0.7507599169702579,0.7507598977963327,0.7507598785084433,0.7507598591214714,0.7507598396503752,0.7507598201101777,0.7507598005159554,0.7507597808828261,0.7507597612259381,0.7507597415604574,0.7507597219015576,0.7507597022644061,0.7507596826641543,0.7507596631159246,0.7507596436347999,0.7507596242358107,0.7507596049339245,0.7507595857440337,0.7507595666809442,0.7507595477593646,0.7507595289938935,0.7507595103990099,0.7507594919890603,0.7507594737782493,0.7507594557806274,0.7507594380100807,0.7507594204803201,0.7507594032048709,0.7507593861970618,0.7507593694700155,0.7507593530366379,0.7507593369096076,0.7507593211013679,0.7507593056241157,0.0,0.0,0.0,0.0,0.0,0.0,-0.7508110167424277,-0.7508074337099129,-0.7508038535631535,-0.7508002937616838,-0.7507967716771072,-0.7507933045084557,-0.7507899091983907,-0.7507866023506539,-0.7507834001491663,-0.7507803182791732,-0.7507773718508156,-0.750774575325498,-0.7507719424454162,-0.7507694861665798,-0.750767218595658,-0.7507651509309587,0.0,0.0,0.0,0.0,0.0,0.0,0.0,0.0,0.0,0.0,0.0,0.0,0.0,-0.7507609285531979,-0.7507624622900714,-0.750764222934322,0.7507590550156488,0.7507590590215478,0.7507590635606424,0.7507590686294305,0.7507590742240012,0.7507590803400381,0.7507590869728225,0.7507590941172364,0.7507591017677678,0.750759109918514,0.7507591185631862,0.7507591276951145,0.7507591373072534,0.7507591473921863,0.7507591579421324,0.7507591689489519,0.7507591804041522,0.7507591922988954,0.7507592046240037,0.7507592173699679,0.7507592305269537,0.7507592440848099,0.7507592580330759,0.7507592723609897,0.7507592870574967,0.7507593021112579,0.7507593175106584,0.7507593332438165,0.7507593492985938,0.7507593656626027,0.7507593823232177,0.7507593992675843,0.7507594164826289,0.7507594339550693,0.7507594516714245,0.7507594696180254,0.7507594877810253,0.7507595061464103,0.7507595247000108,0.7507595434275114,0.750759562314463,0.7507595813462931,0.7507596005083179,0.7507596197857527,0.7507596391637238,0.7507596586272802,0.7507596781614049,-0.7601371302985253,-0.7601348141688256,-0.7601323291233847,-0.7601296876488859,-0.7601269029904765,-0.7601239890868882,-0.7601209605021851,-0.7601178323544733,-0.7601146202419169,-0.7601113401664271,-0.7601080084553944,-0.7601046416818451,-0.7601012565834158,-0.7600978699805367,-0.7600944986942267,-0.7600911594638983,-0.7600878688655734,-0.7600846432309107,-0.7600814985674355,-0.760078450480362,-0.7600755140963896,-0.7600727039898392,0.0,0.0,0.0,0.0,0.0,0.0,0.0,0.0,0.0,0.0,0.0,0.0,0.0,0.0,0.0,0.0,0.0,0.0,0.0,0.0,0.0,-0.7600615491750117,-0.7600635954096991,-0.7600658296681011,-0.7600682410919423,-0.760070817948859,-0.760073547689486,-0.7600764170085316,-0.760079411909545,-0.7600825177730631,-0.760085719427805,-0.7600890012245674,-0.7600923471124643,-0.7600957407171371,-0.7600991654205589,-0.7601026044420396,-0.760106040920043,-0.7601094579944128,-0.7601128388886097,0.0,0.0,0.0,0.0,0.0,0.0,0.0,0.0,0.0,0.0,0.0,0.0,0.0,0.0,0.0,0.0,0.0,0.0,0.0,0.0,0.0,0.0,0.0,0.0,0.0,0.0,0.0,0.0,0.0,-0.7601374321772344,-0.7601349326806817,-0.7601322641792898,-0.7601294393015243,-0.7601264714342465,0.750760136119967,0.7507601194876278,0.750760102570277,0.7507600853809673,0.7507600679329614,0.7507600502397213,0.7507600323148983,0.7507600141723225,0.7507599958259917,0.7507599772900615,0.7507599585788333,0.7507599397067438,0.7507599206883538,0.7507599015383374,0.7507598822714696,0.7507598629026159,0.7507598434467205,0.7507598239187949,0.7507598043339055,0.7507597847071638,0.7507597650537126,0.7507597453887154,0.750759725727345
-0.7600992678013797,-0.7601026363078036,-0.7601059880364179,0.0,0.0,0.0,0.0,0.0,0.0,0.0,0.0,0.0,0.0,0.0,0.0,0.0,0.0,0.0,0.0,0.0,0.0,0.0,0.0,0.0,0.0,0.0,0.0,0.0,0.0,0.0,0.0,-0.7601378124828523,-0.7601357123279205,-0.7601334235452456,-0.7601309570433289,-0.7601283246052758,-0.7601255388315082,-0.7601226130784896,0.7507592904897925,0.7507592757100751,0.7507592612963669,0.7507592472597888,0.7507592336111709,0.7507592203610438,0.7507592075196304,0.7507591950968386,0.7507591831022535,0.7507591715451294,0.750759160434383,0.7507591497785872,0.7507591395859631,0.7507591298643751,0.750759120621324,0.7507591118639408,0.7507591035989829,0.7507590958328267,0.7507590885714645,0.7507590818204984,0.7507590755851374,0.7507590698701926,0.7507590646800728,0.7507590600187831,0.7507590558899194,0.7507590522966675,0.7507590492417999,0.7507590467276735,0.7507590447562279,0.7507590433289846,0.7507590424470444,0.7507590421110878,0.7507590423213742,0.7507590430777412,0.7507590443796054,0.7507590462259621,0.7507590486153869,0.7507590515460363,0.0,0.0,0.0,0.0,0.0,0.0,0.0,0.0,0.0,0.0,0.0,-0.7600866328342458,-0.7600901205361797,-0.760093643674397,-0.7600971853926024,-0.7601007287503487,-0.7601042568053213,-0.7601077526956364,-0.76011119972175,-0.7601145814275816,-0.7601178816804544,-0.7601210847494639,0.0,0.0,0.0,0.0,0.0,0.0,0.0,0.0,0.0,0.0,0.0,0.0,0.0,0.0,0.0,0.0,0.0,0.0,0.0,0.7600496683753131,0.7600496863673103,0.760049704290948,0.7600497221323971,0.7600497398778915,0.7600497575137399,0.7600497750263352,0.7600497924021655,0.7600498096278242,0.7600498266900211,0.7600498435755912,0.7600498602715066,0.7600498767648856,0.7600498930430024,0.7600499090932974,0.7600499249033873,0.7600499404610735,0.7600499557543523,0.7600499707714238,0.7600499855007022,0.7600499999308221,0.7600500140506506,0.760050027849293,0.760050041316103,0.7600500544406902,0.760050067212928,0.7600500796229622,0.7600500916612176,0.7600501033184058,0.760050114585533,0.7600501254539054,0.7600501359151379,0.7600501459611589,0.7600501555842173,0.7600501647768884,0.7600501735320794,0.7600501818430349,0.760050189703343,0.760050197106939,0.7600502040481102,0.7600502105215012,0.7600502165221178,0.7600502220453297,0.7600502270868755,0.7600502316428653,0.7600502357097842,0.760050239284494,0.760050242364237,0.7600502449466364,0.7600502470297001,0.760050248611821,0.7600502496917783,0.7600502502687385,0.7600502503422566,0.7600502499122761,0.7600502489791284,0.7600502475435338,0.7600502456065997,0.7600502431698207,0.7600502402350768,0.7600502368046324,0.7600502328811343,0.7600502284676098,0.760050223567464,0.7600502181844778,0.7600502123228043,0.7600502059869664,0.7600501991818525,0.7600501919127131,0.7600501841851565,0.7600501760051452,0.7600501673789909,0.7600501583133488,0.7600501488152135,0.7600501388919138,0.7600501285511054,0.7600501178007676,0.7600501066491943,0.7600500951049901,0.7600500831770617,0.7600500708746123,0.7600500582071338,0.7600500451844002,0.7600500318164591,0.7600500181136246,0.7600500040864694,0.7600499897458161,0.7600499751027295,0.7600499601685072,0.7600499449546725,0.7600499294729631,0.7600499137353244,0.7600498977538988,0.7600498815410168,0.7600498651091875,0.7600498484710893,0.7600498316395592,0.7600498146275835,0.7600497974482884,0.7600497801149284,0.7600497626408771,0.7600497450396168,0.760049727324728,0.7600497095098786,0.7600496916088137,0.7600496736353451,0.0,0.0,-0.7600993832501791,-0.7600958214992665,-0.7600922766485172,-0.7600887655711016,-0.760085304975443,-0.7600819113241452,-0.760078600754123,-0.7600753889983282,-0.7600722913094478,-0.7600693223859476,-0.7600664963008218,0.0,0.0,0.0,0.0,0.0
0.7600495977664231,0.7600495796407873,0.7600495615291373,0.7600495434454472,0.7600495254036697,0.7600495074177247,0.7600494895014897,0.7600494716687879,0.7600494539333782,0.7600494363089444,0.7600494188090848,0.7600494014473014,0.76004938423699,0.7600493671914289,0.7600493503237699,0.7600493336470273,0.760049317174068,0.7600493009176019,0.7600492848901719,0.7600492691041434,0.7600492535716967,0.760049238304816,0.7600492233152801,0.7600492086146543,0.7600491942142812,0.7600491801252711,0.7600491663584948,0.7600491529245739,0.7600491398338731,0.760049127096493,0.7600491147222609,0.7600491027207243,0.7600490911011432,0.7600490798724822,0.760049069043405,0.760049058622267,0.7600490486171083,0.7600490390356489,0.760049029885281,0.7600490211730649,0.7600490129057222,0.7600490050896317,0.7600489977308239,0.7600489908349767,0.7600489844074102,0.7600489784530838,0.7600489729765918,0.7600489679821593,0.7600489634736399,0.7600489594545121,0.7600489559278769,0.7600489528964551,0.760048950362586,0.7600489483282243,0.7600489467949396,0.7600489457639151,0.7600489452359462,0.7600489452114402,0.7600489456904159,0.7600489466725039,0.7600489481569466,0.7600489501425985,0.7600489526279275,0.7600489556110164,0.760048959089563,0.760048963060884,0.760048967521915,0.7600489724692141,0.7600489778989643,0.7600489838069763,0.7600489901886917,0.7600489970391866,0.7600490043531756,0.7600490121250154,0.76004902034871,0.760049029017914,0.760049038125939,0.7600490476657573,0.7600490576300087,0.7600490680110054,0.7600490788007375,0.7600490899908803,0.7600491015728005,0.7600491135375613,0.7600491258759317,0.760049138578392,0.7600491516351413,0.760049165036106,0.7600491787709461,0.760049192829065,0.7600492071996158,0.7600492218715109,0.7600492368334302,0.7600492520738295,0.7600492675809504,0.7600492833428283,0.7600492993473018,0.7600493155820228,0.7600493320344652,0.7600493486919353,0.7600493655415809,0.7600493825704012,0.7600493997652581,0.7600494171128847,0.760049434599896,0.7600494522128001,0.7600494699380077,0.760049487761843,0.7600495056705535,0.7600495236503221,0.7600495416872761,0.7600495597674991,0.7600495778770411,0.76004959600193,0.7600496141281811,0.760049632241809,0.7600496503288381,-0.7694278991564147,-0.7694268530032539,-0.7694255926846989,-0.7694241247081296,-0.769422456594777,-0.7694205968427512,-0.7694185548853029,-0.7694163410445266,-0.7694139664807295,-0.7694114431377151,-0.7694087836842517,-0.7694060014520059,-0.7694031103702544,-0.7694001248976828,-0.7693970599516139,-0.7693939308350068,-0.769390753161582,-0.769387542779444,-0.7693843156935681,-0.7693810879875328,-0.7693778757448801,-0.7693746949704848,-0.769371561512317,-0.7693684909839807,-0.7693654986884023,-0.7693625995430449,-0.7693598080070059,-0.7693571380103605,-0.769354602886088,-0.7693522153049144,-0.7693499872133888,0.0,0.0,0.0,0.0,0.0,0.0,0.0,0.0,0.0,0.0,0.0,0.0,0.0,0.0,0.0,-0.7693422303373391,-0.7693436245415767,-0.7693452246278223,-0.7693470229790649,-0.7693490110033793,-0.7693511791756045,-0.7693535170835729,-0.7693560134786659,-0.7693586563304521,-0.7693614328851419,-0.7693643297275746,-0.7693673328464391,-0.7693704277024088,-0.7693735992988621,-0.7693768322548438,-0.7693801108799128,-0.7693834192505127,-0.7693867412874938,-0.7693900608344073,-0.7693933617361933,0.0,0.0,0.0,0.0,0.0,0.0,0.0,0.0,0.0,0.0,0.0,0.0,0.0,0.0,0.0,0.0,0.0,0.0,0.0,0.0,0.0,0.0,0.0,0.0,0.0,0.0,0.0,0.0,0.0,0.0,-0.769420942474764,-0.7694185685462104,-0.7694160321770409,-0.7694133454361843,-0.7694105211187463,-0.7694075726838449,-0.7694045141892193,-0.7694013602229304,-0.7693981258324846,-0.769394826451731,0.7600496556033401,0.7600496375267117,0.760049619419407,0.7600496012953967,0.7600495831686642,0.7600495650531957,0.7600495469629681,0.760049528911939,0.7600495109140357,0.760049492983145,0.7600494751331008,0.7600494573776762,0.7600494397305697,0.7600494222053977,0.7600494048156814,0.7600493875748379,0.7600493704961697,0.7600493535928537
0.7693357499756757,-0.7693878249861593,0.0,0.0,0.0,0.0,0.0,0.0,0.0,0.0,0.0,0.0,0.0,0.0,0.0,0.0,0.0,0.0,0.0,0.0,0.0,0.0,0.0,0.0,0.0,0.0,0.0,0.0,0.0,0.0,0.0,0.0,-0.7694192480183608,-0.7694170382925802,-0.7694146578561901,-0.7694121179981888,-0.7694094307900388,-0.7694066090270354,-0.7694036661661434,-0.7694006162606086,-0.769397473891663,-0.7693942540976575,-0.7693909723009666,-0.7693876442330245,-0.7693842858578549,-0.7693809132944713,0.0,0.0,0.0,0.0,0.0,0.0,0.0,0.0,0.0,0.0,0.0,0.0,0.0,0.0,0.0,0.0,0.0,0.0,-0.7600476668350012,-0.7600469672234957,-0.7600465085245127,-0.7600462930694311,-0.7600463220156581,0.0,0.0,0.0,0.0,0.0,0.0,0.0,0.0,0.0,0.0,0.0,0.0,0.0,0.0,0.0,0.0,0.0,-0.7693674603781935,-0.7693707211116951,-0.769374032229121,-0.7693773777821864,-0.7693807416633922,-0.7693841076843392,-0.7693874596544366,-0.7693907814596241,-0.7693940571407225,-0.7693972709710285,-0.7694004075327832,-0.7694034517921302,0.0,0.0,0.0,0.0,0.0,0.0,0.0,0.0,0.0,0.0,0.0,0.0,0.0,0.0,0.0,0.7693361594526029,0.7693361750709597,0.7693361905198891,0.769336205787471,0.7693362208619255,0.7693362357316219,0.7693362503850876,0.7693362648110161,0.7693362789982775,0.7693362929359253,0.7693363066132058,0.7693363200195663,0.769336333144663,0.769336345978369,0.7693363585107824,0.7693363707322336,0.7693363826332935,0.7693363942047793,0.769336405437763,0.7693364163235779,0.7693364268538248,0.7693364370203789,0.7693364468153965,0.7693364562313196,0.7693364652608838,0.769336473897122,0.7693364821333709,0.7693364899632759,0.7693364973807953,0.7693365043802065,0.7693365109561089,0.7693365171034289,0.7693365228174234,0.7693365280936835,0.7693365329281386,0.7693365373170585,0.7693365412570567,0.7693365447450937,0.769336547778478,0.7693365503548691,0.7693365524722794,0.769336554129075,0.7693365553239776,0.7693365560560652,0.769336556324773,0.7693365561298938,0.7693365554715781,0.7693365543503334,0.7693365527670251,0.7693365507228745,0.7693365482194593,0.7693365452587105,0.769336541842913,0.7693365379747018,0.7693365336570618,0.7693365288933243,0.7693365236871644,0.7693365180425994,0.7693365119639844,0.769336505456009,0.7693364985236949,0.7693364911723907,0.7693364834077683,0.7693364752358186,0.7693364666628465,0.769336457695467,0.7693364483405987,0.7693364386054593,0.7693364284975601,0.7693364180247001,0.7693364071949597,0.7693363960166945,0.7693363844985293,0.7693363726493511,0.7693363604783019,0.7693363479947727,0.7693363352083952,0.7693363221290348,0.7693363087667828,0.7693362951319493,0.7693362812350542,0.7693362670868195,0.7693362526981619,0.7693362380801824,0.7693362232441602,0.7693362082015419,0.7693361929639336,0.7693361775430924,0.7693361619509158,0.7693361461994344,0.7693361303008014,0.7693361142672832,0.7693360981112508,0.7693360818451694,0.7693360654815892,0.7693360490331358,0.7693360325124998,0.769336015932428,0.7693359993057126,0.7693359826451824,0.7693359659636917,0.7693359492741112,0.7693359325893179,0.7693359159221849,0.7693358992855721,0.7693358826923152,0.7693358661552172,0.769335849687037,0.7693358333004809,0.7693358170081921,0.7693358008227408,0.7693357847566151,0.7693357688222109,0.7693357530318221,-0.7693779123620875,-0.769374559180307,-0.7693712534223981,-0.7693680108348178,-0.7693648468531309,-0.7693617765271221,-0.7693588144477944,-0.7693559746766112,-0.7693532706773235,-0.7693507152507143,0.0,0.0,0.0,0.0
0.0,0.7693357343732999,0.7693357189415191,0.7693357036922395,0.769335688637227,0.7693356737880971,0.769335659156307,0.7693356447531456,0.7693356305897259,0.7693356166769757,0.7693356030256294,0.7693355896462197,0.7693355765490696,0.7693355637442845,0.7693355512417434,0.7693355390510931,0.769335527181739,0.7693355156428394,0.7693355044432968,0.7693354935917524,0.7693354830965786,0.7693354729658731,0.7693354632074523,0.7693354538288452,0.769335444837288,0.769335436239718,0.7693354280427688,0.7693354202527648,0.7693354128757163,0.7693354059173152,0.7693353993829303,0.7693353932776027,0.7693353876060437,0.769335382372629,0.769335377581396,0.7693353732360422,0.7693353693399194,0.7693353658960342,0.7693353629070436,0.7693353603752539,0.7693353583026181,0.7693353566907356,0.7693353555408502,0.7693353548538489,0.7693353546302619,0.7693353548702615,0.7693353555736627,0.7693353567399228,0.7693353583681417,0.7693353604570635,0.7693353630050764,0.7693353660102143,0.7693353694701588,0.7693353733822401,0.7693353777434401,0.7693353825503937,0.7693353877993925,0.7693353934863859,0.7693353996069867,0.7693354061564724,0.7693354131297897,0.7693354205215581,0.7693354283260749,0.7693354365373182,0.7693354451489526,0.7693354541543338,0.7693354635465137,0.7693354733182459,0.7693354834619908,0.769335493969922,0.7693355048339322,0.769335516045639,0.7693355275963923,0.7693355394772798,0.7693355516791349,0.7693355641925431,0.7693355770078499,0.7693355901151674,0.7693356035043827,0.7693356171651653,0.7693356310869749,0.7693356452590706,0.7693356596705175,0.7693356743101967,0.7693356891668125,0.7693357042289024,0.7693357194848455,0.7693357349228704,0.7693357505310663,0.7693357662973905,0.7693357822096785,0.7693357982556528,0.7693358144229336,0.7693358306990465,0.7693358470714337,0.7693358635274631,0.7693358800544379,0.7693358966396067,0.7693359132701731,0.7693359299333057,0.769335946616148,0.7693359633058282,0.7693359799894691,0.7693359966541988,0.7693360132871594,0.7693360298755174,0.7693360464064741,0.7693360628672751,0.7693360792452196,0.7693360955276716,0.7693361117020677,0.769336127755929,0.7693361436768688,-0.7787067741551127,-0.7787066209751359,-0.7787062512138143,-0.7787056669496545,-0.7787048713123831,-0.7787038684674621,-0.7787026635955455,-0.778701262866982,-0.778699673411486,-0.7786979032831253,-0.7786959614208017,-0.7786938576044105,-0.7786916024069003,-0.778689207142465,-0.7786866838111209,-0.7786840450399423,-0.7786813040212399,-0.7786784744479895,-0.7786755704468193,-0.7786726065088906,-0.7786695974190044,-0.7786665581832826,-0.7786635039557764,-0.7786604499643591,-0.7786574114362653,-0.7786544035236407,-0.778651441229462,-0.7786485393341939,-0.7786457123235317,-0.778642974317591,-0.77864033900188,-0.7786378195603975,-0.7786354286111774,-0.778633178144595,-0.7786310794647344,-0.7786291431341028,0.0,0.0,0.0,0.0,0.0,0.0,0.0,0.0,0.0,0.0,0.0,0.0,-0.778621932989814,-0.7786228667334408,-0.7786240075106906,-0.7786253500387514,-0.7786268880459913,-0.7786286143022686,-0.7786305206539121,-0.7786325980632031,-0.7786348366521662,-0.7786372257504578,-0.7786397539471206,-0.7786424091459504,-0.77864517862421,-0.7786480490944034,-0.7786510067688104,-0.7786540374264684,-0.7786571264822765,-0.7786602590578848,-0.7786634200540266,-0.7786665942239377,-0.7786697662475098,-0.7786729208058145,0.0,0.0,0.0,0.0,0.0,0.0,0.0,0.0,0.0,0.0,0.0,0.0,0.0,0.0,0.0,0.0,0.0,0.0,0.0,0.0,0.0,0.0,0.0,0.0,0.0,0.0,0.0,0.0,0.0,0.0,-0.7786999075566089,-0.7786976830889779,-0.7786953042885599,-0.7786927825651976,-0.7786901300167562,-0.7786873593702791,-0.7786844839200879,-0.7786815174631289,-0.7786784742318785,-0.7786753688251402,-0.778672216137065,-0.7786690312847476,-0.778665829534747,0.0,0.7693357373976324,0.7693357219317042,0.7693357066459701,0.769335691552224,0.7693356766621117,0.7693356619871213,0.7693356475385759,0.769335633327623,0.769335619365227,0.7693356056621609,0.7693355922289974,0.7693355790761004,0.7693355662136186,0.7693355536514758
0.7786184267768608,0.7786184151579272,0.7786184038219875,0.7786183927777883,0.0,0.0,0.0,0.0,0.0,0.0,0.0,0.0,0.0,0.0,0.0,0.0,0.0,0.0,0.0,0.0,0.0,0.0,0.0,0.0,0.0,0.0,0.0,0.0,0.0,0.0,0.0,-0.7787005893205525,-0.7786986589848519,-0.7786965563333781,-0.7786942912703126,-0.7786918744932272,-0.7786893174411773,-0.7786866322391811,-0.7786838316393574,-0.7786809289590059,-0.7786779380159372,-0.7786748730613645,-0.7786717487106856,-0.7786685798724945,-0.7786653816761658,-0.7786621693983684,-0.7786589583888641,0.0,0.0,0.0,0.0,0.0,0.0,0.0,0.0,0.0,0.0,0.0,0.0,0.0,0.0,0.0,0.0,0.0,0.0,0.0,0.0,0.0,0.0,0.0,0.0,0.0,0.0,0.0,0.0,0.0,0.0,0.0,0.0,0.0,0.0,0.0,0.0,0.0,0.0,0.0,-0.7786483274984127,-0.7786513864264185,-0.7786544933018839,-0.7786576330456556,-0.7786607904276597,-0.7786639501410386,-0.7786670968766622,-0.7786702153976497,-0.7786732906135396,-0.7786763076537458,-0.7786792519399425,-0.778682109257023,0.0,0.0,0.0,0.0,0.0,0.0,0.0,0.0,0.0,0.0,0.0,0.0,0.778619099420833,0.7786191118585012,0.7786191240416204,0.7786191359607907,0.7786191476068158,0.7786191589707101,0.7786191700437057,0.7786191808172593,0.7786191912830582,0.7786192014330274,0.778619211259336,0.7786192207544022,0.7786192299108999,0.7786192387217645,0.7786192471801981,0.7786192552796739,0.7786192630139435,0.7786192703770386,0.7786192773632786,0.7786192839672734,0.7786192901839275,0.7786192960084442,0.7786193014363294,0.7786193064633956,0.7786193110857641,0.778619315299868,0.7786193191024564,0.7786193224905952,0.7786193254616702,0.778619328013389,0.7786193301437829,0.7786193318512081,0.7786193331343473,0.7786193339922105,0.7786193344241357,0.7786193344297896,0.778619334009168,0.7786193331625954,0.778619331890725,0.7786193301945382,0.7786193280753432,0.7786193255347758,0.7786193225747957,0.7786193191976868,0.7786193154060548,0.7786193112028253,0.7786193065912412,0.7786193015748605,0.7786192961575538,0.7786192903435009,0.7786192841371874,0.778619277543402,0.7786192705672322,0.7786192632140606,0.7786192554895606,0.778619247399692,0.7786192389506966,0.7786192301490934,0.7786192210016732,0.7786192115154937,0.7786192016978745,0.7786191915563898,0.7786191810988649,0.7786191703333681,0.7786191592682056,0.7786191479119149,0.778619136273258,0.7786191243612146,0.778619112184976,0.7786190997539365,0.7786190870776875,0.7786190741660094,0.7786190610288641,0.778619047676388,0.7786190341188832,0.7786190203668099,0.7786190064307787,0.7786189923215422,0.7786189780499864,0.7786189636271225,0.7786189490640785,0.7786189343720907,0.778618919562495,0.7786189046467177,0.7786188896362668,0.7786188745427243,0.7786188593777352,0.7786188441530004,0.7786188288802669,0.7786188135713178,0.7786187982379653,0.7786187828920398,0.7786187675453814,0.7786187522098312,0.7786187368972213,0.778618721619366,0.7786187063880531,0.7786186912150346,0.7786186761120172,0.7786186610906538,0.7786186461625338,0.7786186313391755,0.7786186166320157,0.778618602052402,0.7786185876115831,0.7786185733207012,0.778618559190782,0.7786185452327279,0.7786185314573081,0.7786185178751511,0.7786185044967366,0.7786184913323861,0.7786184783922574,0.7786184656863337,0.7786184532244189,0.7786184410161278,0.7786184290708795,0.7786184173978911,0.7786184060061683,0.7786183949045005,-0.7786501027462296,-0.7786471192150731,-0.7786442236057568,-0.7786414297253351,-0.7786387508800685,-0.7786361998108736,-0.7786337886315371,-0.7786315287699889,-0.7786294309129216,0.0,0.0
0.0,-0.7879455978694195,-0.7879484823954568,-0.787951336489694,0.7786183820338505,0.7786183715984638,0.7786183614796796,0.778618351685305,0.7786183422228969,0.778618333099756,0.7786183243229216,0.778618315899165,0.7786183078349861,0.7786183001366064,0.7786182928099656,0.778618285860717,0.778618279294222,0.7786182731155471,0.7786182673294593,0.778618261940423,0.7786182569525961,0.7786182523698272,0.7786182481956518,0.7786182444332906,0.7786182410856465,0.7786182381553024,0.7786182356445192,0.778618233555234,0.7786182318890591,0.7786182306472795,0.7786182298308537,0.7786182294404117,0.7786182294762545,0.7786182299383543,0.778618230826355,0.7786182321395713,0.7786182338769898,0.7786182360372702,0.7786182386187455,0.7786182416194243,0.7786182450369912,0.7786182488688093,0.7786182531119223,0.7786182577630565,0.778618262818623,0.7786182682747215,0.778618274127142,0.7786182803713693,0.7786182870025855,0.7786182940156745,0.7786183014052253,0.778618309165536,0.7786183172906197,0.7786183257742072,0.7786183346097529,0.7786183437904399,0.7786183533091849,0.7786183631586434,0.7786183733312161,0.7786183838190543,0.7786183946140663,0.7786184057079231,0.7786184170920648,0.7786184287577086,0.7786184406958533,0.7786184528972881,0.7786184653525992,0.7786184780521764,0.7786184909862213,0.7786185041447546,0.7786185175176241,0.7786185310945116,0.7786185448649416,0.7786185588182901,0.7786185729437908,0.7786185872305452,0.7786186016675306,0.7786186162436076,0.7786186309475304,0.7786186457679538,0.7786186606934434,0.7786186757124831,0.7786186908134849,0.7786187059847977,0.7786187212147156,0.7786187364914885,0.7786187518033291,0.7786187671384237,0.7786187824849402,0.7786187978310379,0.7786188131648768,0.7786188284746256,0.7786188437484722,0.7786188589746319,0.7786188741413569,0.778618889236945,0.7786189042497497,0.7786189191681872,0.7786189339807472,0.778618948676001,0.7786189632426107,0.778618977669337,0.7786189919450489,0.7786190060587319,0.7786190199994966,0.7786190337565867,0.7786190473193881,0.7786190606774361,0.7786190738204244,0.7786190867382123,-0.787979127660568,-0.7879795722386451,-0.7879798144587105,-0.7879798532915252,-0.7879796887070676,-0.7879793216745578,-0.7879787541576003,-0.7879779891044714,-0.7879770304335959,-0.7879758830142893,-0.7879745526428527,-0.7879730460141442,-0.7879713706887636,-0.7879695350560083,-0.7879675482927878,-0.7879654203186917,-0.7879631617474352,-0.7879607838349185,-0.7879582984241537,-0.7879557178873273,-0.7879530550652868,-0.787950323204739,-0.7879475358934737,-0.7879447069939257,-0.787941850575401,-0.7879389808452965,-0.7879361120796491,-0.787933258553355,-0.787930434470396,-0.7879276538944159,-0.7879249306799823,-0.7879222784048718,-0.7879197103037061,-0.787917239203262,-0.7879148774597705,-0.787912636898511,-0.7879105287559933,-0.7879085636250073,-0.7879067514028096,-0.787905101242699,-0.787903621509212,0.0,0.0,0.0,0.0,0.0,0.0,0.0,0.0,-0.7878989173124968,0.7878983972214545,0.7878983871763914,0.7878983768604978,0.7878983662817329,0.7878983554482591,0.7878983443684351,0.7878983330508094,0.787898321504114,0.7878983097372583,0.7878982977593207,0.7878982855795433,0.7878982732073231,0.7878982606522061,0.7878982479238793,0.7878982350321633,0.7878982219870049,0.787898208798469,0.7878981954767312,0.7878981820320703,0.7878981684748596,-0.7879422914877934,-0.7879452874123908,-0.7879482673754153,-0.7879512170739631,0.0,0.0,0.0,0.0,0.0,0.0,0.0,0.0,0.0,0.0,0.0,0.0,0.0,0.0,0.0,0.0,0.0,0.0,0.0,0.0,0.0,0.0,0.0,0.0,0.0,0.0,0.0,0.0,-0.7879762909773517,-0.7879743873940183,-0.7879723289351851,-0.7879701255759978,-0.7879677879885814,-0.7879653274900519,-0.7879627559873931,-0.7879600859194694,-0.7879573301964552,-0.7879545021369808,-0.7879516154032963,-0.7879486839347747,-0.7879457218800758,-0.7879427435283038,0.0,0.0,0.0,0.0,0.7786183841014532,0.778618373605362,0.7786183634243247,0.7786183535661967,0.778618344038584,0.7786183348488376,0.7786183260040479,0.7786183175110394,0.7786183093763646,0.7786183016062999,0.7786182942068403
0.7878975966390762,0.7878975897607646,0.7878975832268726,0.7878975770424415,0.7878975712122429,0.7878975657407747,0.0,0.0,0.0,0.0,0.0,0.0,0.0,0.0,0.0,0.0,0.0,0.0,0.0,0.0,0.0,0.0,0.0,0.0,0.0,0.0,0.0,0.0,0.0,0.0,-0.7879773371051182,-0.7879756987991284,-0.7879738897496701,-0.7879719184494567,-0.7879697941803084,-0.7879675269681385,-0.7879651275343132,-0.7879626072436267,-0.7879599780491413,-0.7879572524341646,-0.7879544433516464,-0.7879515641612906,-0.78794862856469,-0.7879456505387984,-0.7879426442680685,-0.7879396240755806,-0.7879366043535038,0.0,0.0,0.0,0.0,0.0,0.0,0.0,0.0,0.0,0.0,0.0,0.0,0.0,0.0,0.0,0.0,0.0,0.0,0.0,0.0,0.0,0.0,0.0,0.0,0.0,0.0,0.0,0.0,0.0,0.0,0.0,0.0,0.0,0.0,0.0,0.0,0.0,0.0,0.0,-0.7879257768456809,-0.7879286156764658,-0.7879314994181695,-0.7879344139612189,-0.7879373450546465,-0.7879402783755496,-0.7879431995989008,-0.7879460944673657,-0.7879489488607919,-0.787951748865027,-0.7879544808397331,-0.7879571314848648,-0.7879596879054872,0.0,0.0,0.0,0.0,0.0,0.0,0.0,0.0,0.0,0.7878984354676041,0.7878984440136033,0.787898452244919,0.7878984601552,0.7878984677383435,0.7878984749884981,0.7878984819000703,0.7878984884677273,0.7878984946864017,0.7878985005512955,0.7878985060578837,0.7878985112019172,0.7878985159794278,0.7878985203867288,0.7878985244204199,0.787898528077389,0.7878985313548141,0.787898534250167,0.7878985367612136,0.7878985388860164,0.7878985406229359,0.7878985419706321,0.7878985429280652,0.7878985434944965,0.7878985436694887,0.7878985434529071,0.7878985428449189,0.7878985418459928,0.7878985404568998,0.7878985386787115,0.7878985365128001,0.7878985339608364,0.7878985310247897,0.7878985277069254,0.787898524009803,0.7878985199362752,0.7878985154894852,0.7878985106728637,0.7878985054901273,0.7878984999452744,0.7878984940425835,0.7878984877866086,0.7878984811821769,0.7878984742343836,0.7878984669485897,0.7878984593304166,0.7878984513857421,0.7878984431206959,0.787898434541655,0.7878984256552387,0.7878984164683033,0.7878984069879371,0.0,0.0,0.0,0.0,0.0,0.0,0.0,0.0,0.0,0.0,0.0,0.0,0.0,0.0,0.0,0.0,0.0,0.0,0.0,0.0,0.787898154815559,0.7878981410647075,0.7878981272329146,0.7878981133308525,0.7878980993692472,0.787898085358871,0.7878980713105337,0.787898057235074,0.7878980431433527,0.7878980290462413,0.7878980149546174,0.7878980008793531,0.7878979868313082,0.7878979728213216,0.7878979588602028,0.7878979449587235,0.7878979311276095,0.7878979173775322,0.7878979037191007,0.787897890162853,0.7878978767192488,0.7878978633986603,0.787897850211365,0.787897837167538,0.787897824277243,0.7878978115504255,0.7878977989969053,0.7878977866263676,0.7878977744483574,0.7878977624722703,0.7878977507073468,0.787897739162664,0.7878977278471295,0.7878977167694735,0.7878977059382433,0.7878976953617953,0.7878976850482905,0.7878976750056857,0.7878976652417297,0.7878976557639557,0.7878976465796763,0.7878976376959778,0.7878976291197144,0.787897620857503,0.7878976129157185,0.7878976053004884,0.7878975980176881,0.7878975910729369,0.7878975844715927,0.7878975782187491,0.7878975723192304,0.7878975667775884,-0.7879226363680433,-0.7879200359636637,-0.7879175427607787,-0.7879151686860905,-0.7879129250790912,-0.7879108226370363,-0.7879088713630492,-0.787907080517617,0.0
0.0,0.0,-0.7972208552277158,-0.7972235256551911,-0.7972261544706801,-0.7972287287834806,0.7878975606322594,0.7878975558906374,0.7878975515195678,0.7878975475224228,0.7878975439022867,0.7878975406619523,0.7878975378039199,0.7878975353303945,0.7878975332432847,0.7878975315442005,0.7878975302344533,0.7878975293150534,0.7878975287867102,0.7878975286498309,0.7878975289045218,0.7878975295505861,0.7878975305875254,0.7878975320145395,0.7878975338305274,0.7878975360340882,0.7878975386235215,0.7878975415968295,0.7878975449517179,0.7878975486855988,0.7878975527955907,0.787897557278523,0.7878975621309364,0.7878975673490876,0.78789757292895,0.7878975788662187,0.7878975851563129,0.7878975917943791,0.7878975987752957,0.7878976060936772,0.7878976137438763,0.7878976217199908,0.7878976300158667,0.7878976386251033,0.7878976475410582,0.787897656756852,0.7878976662653745,0.7878976760592893,0.7878976861310397,0.787897696472855,0.7878977070767559,0.7878977179345608,0.7878977290378925,0.7878977403781842,0.787897751946686,0.7878977637344724,0.7878977757324486,0.7878977879313572,0.7878978003217862,0.7878978128941759,0.7878978256388258,0.7878978385459029,0.7878978516054485,0.7878978648073867,0.7878978781415311,0.7878978915975939,0.7878979051651931,0.7878979188338605,0.7878979325930499,0.7878979464321454,0.7878979603404695,0.7878979743072909,0.7878979883218338,0.7878980023732848,0.7878980164508025,0.7878980305435256,0.7878980446405806,0.7878980587310908,0.7878980728041844,0.7878980868490039,0.7878981008547122,0.7878981148105036,0.7878981287056103,0.7878981425293113,0.787898156270941,0.7878981699198969,0.7878981834656481,0.7878981968977431,0.7878982102058188,0.7878982233796066,0.7878982364089426,0.7878982492837739,0.7878982619941668,0.7878982745303145,0.7878982868825445,0.7878982990413265,0.7878983109972794,0.7878983227411783,0.7878983342639624,0.787898345556741,0.787898356610801,0.7878983674176137,0.7878983779688409,0.787898388256342,0.7878983982721792,0.7878984080086252,0.7878984174581674,0.787898426613515,-0.7972472903812069,-0.797248046423796,-0.7972486196415797,-0.7972490072640017,-0.7972492074334541,-0.7972492192143132,-0.7972490425974731,-0.797248678500352,-0.7972481287623744,-0.7972473961359485,-0.7972464842729858,-0.7972453977070263,-0.7972441418310581,-0.7972427228711402,-0.7972411478559568,-0.7972394245824537,-0.7972375615777214,-0.7972355680573165,-0.7972334538802209,-0.7972312295006606,-0.7972289059170209,-0.7972264946181047,-0.7972240075269995,-0.7972214569428271,-0.7972188554806561,-0.7972162160098772,-0.7972135515913379,-0.7972108754135427,-0.7972082007282334,-0.7972055407856607,-0.7972029087698639,-0.797200317734274,-0.7971977805379531,-0.797195309782782,-0.7971929177519003,-0.7971906163497009,-0.7971884170436666,-0.7971863308083378,-0.7971843680716777,-0.7971825386641004,-0.7971808517704069,-0.7971793158848636,-0.7971779387696424,-0.7971767274168218,0.0,0.0,0.0,0.0,0.7971739221006882,0.7971739110058669,0.7971738997307376,0.7971738882839998,0.7971738766744854,0.7971738649111516,0.7971738530030745,0.797173840959442,0.7971738287895462,0.7971738165027771,0.7971738041086145,0.7971737916166213,0.7971737790364357,0.7971737663777639,0.797173753650373,0.7971737408640827,0.7971737280287585,0.7971737151543035,0.797173702250651,0.7971736893277569,0.797173676395592,0.7971736634641342,0.7971736505433606,0.7971736376432406,0.7971736247737272,0.7971736119447499,0.7971735991662071,0.7971735864479578,-0.7972250297791014,0.0,0.0,0.0,0.0,0.0,0.0,0.0,0.0,0.0,0.0,0.0,0.0,0.0,0.0,0.0,0.0,0.0,0.0,0.0,0.0,0.0,0.0,0.0,0.0,0.0,-0.7972492544665601,-0.7972478270539798,-0.7972462396460415,-0.7972445000493967,-0.7972426168038904,-0.7972405991408695,-0.7972384569381294,-0.797236200671716,-0.797233841364822,-0.7972313905340254,-0.7972288601331318,-0.7972262624948981,-0.7972236102709191,-0.7972209163699705,-0.7972181938951114,0.0,0.0,0.0,0.0,0.0,0.0,0.0,0.7878975615980987,0.7878975567847575,0.7878975523412788,0.7878975482710909,0.7878975445773339,0.787897541262858,0.7878975383302204,0.7878975357816838,0.7878975336192144
0.7971732187793068,0.7971732167106109,0.7971732149972939,0.7971732136406775,0.7971732126418086,0.7971732120014577,0.7971732117201192,0.0,0.0,0.0,0.0,0.0,0.0,0.0,0.0,0.0,0.0,0.0,0.0,0.0,0.0,0.0,0.0,0.0,0.0,0.0,0.0,0.0,0.0,-0.7972494430570093,-0.797248098534628,-0.7972465878744788,-0.7972449181761999,-0.7972430973099965,-0.7972411338784692,-0.7972390371748719,-0.7972368171380103,-0.7972344843039981,-0.7972320497551044,-0.7972295250659484,-0.7972269222472961,-0.7972242536877411,-0.797221532093547,-0.7972187704269503,-0.7972159818432212,-0.7972131796267911,-0.7972103771267565,0.0,0.0,0.0,0.0,0.0,0.0,0.0,0.0,0.0,0.0,0.0,0.0,0.0,0.0,0.0,0.0,0.0,0.0,0.0,0.0,0.0,0.0,0.0,0.0,0.0,0.0,0.0,0.0,0.0,0.0,0.0,0.0,0.0,0.0,0.0,0.0,0.0,0.0,0.0,-0.7971997482803417,-0.7972023569894504,-0.7972050071046721,-0.7972076855586394,-0.797210379153056,-0.7972130746231045,-0.7972157587021789,-0.7972184181866226,-0.7972210400001613,-0.7972236112577132,-0.7972261193282667,-0.7972285518965183,-0.7972308970229712,-0.7972331432021986,0.0,0.0,0.0,0.0,0.0,0.0,0.7971741111251931,0.7971741156544563,0.7971741198455136,0.7971741236951312,0.7971741272003389,0.7971741303584322,0.7971741331669747,0.7971741356237991,0.79717413772701,0.7971741394749846,0.7971741408663742,0.7971741419001055,0.7971741425753804,0.7971741428916784,0.7971741428487553,0.7971741424466441,0.7971741416856553,0.7971741405663756,0.797174139089669,0.797174137256675,0.7971741350688073,0.7971741325277543,0.7971741296354766,0.7971741263942058,0.7971741228064426,0.7971741188749552,0.7971741146027769,0.797174109993204,0.7971741050497929,0.7971740997763582,0.797174094176968,0.7971740882559432,0.7971740820178518,0.797174075467507,0.7971740686099624,0.7971740614505096,0.7971740539946722,0.7971740462482029,0.7971740382170783,0.7971740299074953,0.7971740213258648,0.7971740124788084,0.7971740033731518,0.7971739940159206,0.7971739844143345,0.7971739745758017,0.7971739645079131,0.797173954218437,0.7971739437153116,0.7971739330066413,-0.7971733439232735,0.0,0.0,0.0,0.0,0.0,0.0,0.0,0.0,0.0,0.0,0.0,0.0,0.0,0.0,0.0,0.0,0.0,0.0,0.0,0.0,0.0,0.0,0.0,0.0,0.0,0.0,0.0,0.7971735737998152,0.7971735612315383,0.7971735487528233,0.7971735363732991,0.7971735241025167,0.7971735119499438,0.7971734999249569,0.7971734880368337,0.7971734762947467,0.7971734647077553,0.7971734532847997,0.7971734420346936,0.7971734309661167,0.7971734200876088,0.7971734094075638,0.7971733989342217,0.797173388675663,0.797173378639803,0.7971733688343849,0.7971733592669741,0.7971733499449521,0.7971733408755118,0.7971733320656506,0.7971733235221653,0.7971733152516483,0.7971733072604806,0.7971732995548275,0.7971732921406344,0.7971732850236223,0.7971732782092815,0.7971732717028703,0.7971732655094084,0.7971732596336745,0.7971732540802019,0.7971732488532757,0.7971732439569285,0.797173239394938,0.7971732351708244,0.7971732312878463,0.7971732277490001,0.7971732245570161,0.7971732217143568,0.7971732192232158,0.797173217085515,0.7971732153029039,0.7971732138767574,0.7971732128081764,0.797173212097985,0.7971732117467315,-0.7971945812862659,-0.7971922905787077,-0.7971901099553004,-0.7971880499168819,-0.7971861203689683,-0.7971843305736314,-0.7971826891045193,0.0
0.0,0.0,0.0,0.0,0.0,-0.8064963638903567,-0.8064986888898756,0.7971732117980097,0.7971732122350694,0.7971732130309612,0.7971732141850708,0.7971732156965078,0.7971732175641061,0.7971732197864246,0.7971732223617488,0.7971732252880916,0.7971732285631953,0.7971732321845331,0.7971732361493105,0.7971732404544688,0.7971732450966864,0.7971732500723814,0.7971732553777149,0.7971732610085933,0.7971732669606725,0.7971732732293599,0.7971732798098189,0.7971732866969724,0.7971732938855064,0.7971733013698749,0.7971733091443031,0.7971733172027925,0.7971733255391258,0.7971733341468707,0.7971733430193865,0.797173352149827,0.7971733615311478,0.7971733711561106,0.7971733810172894,0.7971733911070757,0.7971734014176847,0.7971734119411612,0.7971734226693856,0.7971734335940808,0.7971734447068177,0.7971734559990221,0.7971734674619815,0.7971734790868518,0.7971734908646635,0.7971735027863296,0.7971735148426516,0.7971735270243278,0.7971735393219591,0.7971735517260574,0.7971735642270519,0.7971735768152977,0.7971735894810823,0.7971736022146333,0.7971736150061259,0.7971736278456909,0.797173640723422,0.7971736536293831,0.7971736665536167,0.7971736794861508,0.7971736924170076,0.79717370533621,0.79717371823379,0.7971737310997966,0.7971737439243032,0.7971737566974143,0.7971737694092752,0.7971737820500779,0.7971737946100694,0.797173807079559,0.7971738194489255,0.7971738317086255,0.7971738438491999,0.7971738558612815,0.7971738677356022,0.7971738794630006,0.7971738910344282,0.7971739024409566,0.7971739136737858,0.7971739247242484,0.7971739355838187,0.7971739462441179,0.7971739566969207,0.7971739669341622,0.7971739769479441,0.79717398673054,0.797173996274402,0.7971740055721666,0.79717401461666,0.7971740234009037,0.7971740319181205,0.7971740401617387,0.7971740481253975,0.7971740558029532,0.7971740631884816,0.7971740702762845,0.7971740770608933,0.7971740835370731,0.7971740896998275,0.7971740955444012,0.797174101066285,0.7971741062612183,-0.8065114826464979,-0.806512477406043,-0.8065133118177351,-0.8065139817223016,-0.8065144837696964,-0.8065148154355013,-0.8065149750332998,-0.8065149617229538,-0.8065147755147503,-0.8065144172693919,-0.8065138886938369,-0.8065131923330033,-0.8065123315573816,-0.806511310546615,-0.8065101342691282,-0.8065088084579045,-0.8065073395825276,-0.8065057348176284,-0.8065040020078876,-0.8065021496297679,-0.8065001867501604,-0.8064981229821502,-0.806495968438114,-0.8064937336803816,-0.8064914296697009,-0.806489067711758,-0.8064866594020155,-0.8064842165691327,-0.8064817512172525,-0.8064792754674278,-0.8064768014984781,-0.806474341487564,-0.8064719075507675,-0.8064695116839687,-0.8064671657043089,-0.8064648811925195,-0.8064626694364043,-0.8064605413757459,-0.8064585075489046,-0.806456578041372,-0.8064547624365271,-0.8064530697688347,-0.8064515084797153,-0.8064500863762989,-0.8064488105932638,0.0,0.0,0.0,0.0,0.8064457629492229,0.8064457513795443,0.8064457397430077,0.8064457280485912,0.8064457163053175,0.8064457045222474,0.8064456927084722,0.8064456808731069,0.806445669025283,0.8064456571741419,0.8064456453288273,0.8064456334984785,0.8064456216922234,0.8064456099191711,0.8064455981884052,0.8064455865089766,0.8064455748898964,0.8064455633401296,0.8064455518685877,0.8064455404841213,0.8064455291955142,0.806445518011476,0.8064455069406362,0.8064454959915361,0.8064454851726239,0.8064454744922468,0.8064454639586454,0.8064454535799468,0.8064454433641589,0.8064454333191636,-0.8064944719530321,-0.8064968630206111,-0.8064991824212178,0.0,0.0,0.0,0.0,0.0,0.0,0.0,0.0,0.0,0.0,0.0,0.0,0.0,0.0,0.0,0.0,0.0,0.0,0.0,-0.8065176260712076,-0.8065168137521334,-0.8065158377376522,-0.8065147029614914,-0.8065134151246496,-0.8065119806674657,-0.806510406738086,-0.806508701157488,-0.8065068723812278,-0.8065049294581047,-0.8065028819859374,-0.806500740064673,-0.8064985142470569,-0.8064962154871036,-0.8064938550866209,-0.8064914446400481,-0.806488995977878,-0.8064865211089378,0.0,0.0,0.0,0.0,0.0,0.0,0.0,0.0,0.7971732117546867,0.7971732121218444,0.7971732128479215,0.7971732139323575,0.7971732153743161,0.7971732171726843,0.797173219326075,0.7971732218328265
0.8064452445495914,0.8064452467694292,0.806445249311743,0.8064452521745712,0.806445255355705,0.80644525885269,0.8064452626628282,0.8064452667831797,0.0,0.0,0.0,0.0,0.0,0.0,0.0,0.0,0.0,0.0,0.0,0.0,0.0,0.0,0.0,0.0,0.0,-0.8065191103570376,-0.806518553662202,-0.8065178255809495,-0.8065169295083352,-0.8065158696513419,-0.8065146510084867,-0.8065132793455728,-0.8065117611677068,-0.8065101036877143,-0.8065083147911132,-0.8065064029978122,-0.8065043774207226,-0.8065022477214859,-0.8065000240635329,-0.8064977170627038,-0.8064953377356705,-0.8064928974464117,-0.8064904078510035,-0.8064878808409933,-0.8064853284856347,-0.8064827629732629,0.0,0.0,0.0,0.0,0.0,0.0,0.0,0.0,0.0,0.0,0.0,0.0,0.0,0.0,0.0,0.0,0.0,0.0,0.0,0.0,0.0,0.0,0.0,0.0,0.0,0.0,0.0,0.0,0.0,0.0,0.0,0.0,0.0,0.0,0.0,0.0,0.0,0.0,0.0,0.0,-0.8064701550763647,-0.8064725309745214,-0.8064749444614887,-0.8064773835571355,-0.8064798361614909,-0.806482290113855,-0.8064847332522047,-0.8064871534726086,-0.8064895387883559,-0.8064918773885164,-0.8064941576956414,-0.8064963684223289,-0.8064984986263704,-0.8065005377642183,-0.8065024757425049,-0.806504302967367,0.0,0.0,0.0,0.0,0.8064460912743984,0.8064460913778154,0.8064460911520468,0.806446090597266,0.8064460897139013,0.8064460885026343,0.8064460869643995,0.8064460851003838,0.8064460829120255,0.8064460804010127,0.806446077569283,0.8064460744190215,0.8064460709526583,0.8064460671728683,0.8064460630825676,0.8064460586849123,0.8064460539832953,0.806446048981344,0.8064460436829181,0.8064460380921052,0.8064460322132194,0.8064460260507962,0.8064460196095907,0.8064460128945722,0.8064460059109217,0.806445998664028,0.806445991159482,0.8064459834030743,0.8064459754007889,0.8064459671588005,0.806445958683468,0.8064459499813306,0.8064459410591026,0.8064459319236681,0.8064459225820753,0.8064459130415321,0.8064459033093995,0.8064458933931861,0.8064458833005429,0.8064458730392574,0.8064458626172464,0.8064458520425509,0.8064458413233304,0.8064458304678549,0.8064458194845,0.8064458083817404,0.8064457971681421,0.8064457858523574,0.8064457744431166,-0.8064448250241658,-0.8064445353839358,-0.8064444206986765,0.0,0.0,0.0,0.0,0.0,0.0,0.0,0.0,0.0,0.0,0.0,0.0,0.0,0.0,0.0,0.0,0.0,0.0,0.0,0.0,0.0,0.0,0.0,0.0,0.0,0.0,0.0,0.8064454234527111,0.8064454137724141,0.8064454042857413,0.8064453950000122,0.8064453859223912,0.8064453770598824,0.8064453684193236,0.8064453600073814,0.806445351830546,0.8064453438951265,0.8064453362072452,0.8064453287728338,0.8064453215976284,0.8064453146871653,0.8064453080467757,0.8064453016815837,0.8064452955964998,0.8064452897962193,0.8064452842852173,0.8064452790677459,0.8064452741478306,0.8064452695292674,0.8064452652156198,0.806445261210216,0.8064452575161463,0.8064452541362608,0.8064452510731677,0.8064452483292296,0.8064452459065643,0.8064452438070407,0.8064452420322786,0.8064452405836476,0.8064452394622652,0.8064452386689968,0.8064452382044541,0.8064452380689957,0.8064452382627262,0.806445238785496,0.806445239636902,0.8064452408162869,0.8064452423227412,0.8064452441551021,0.806445246311956,0.806445248791639,0.8064452515922379,0.8064452547115917,0.8064452581472935,0.8064452618966927,0.8064452659568964,-0.8064629824952434,-0.8064610040203845,-0.8064591360350233,-0.8064573876141232,-0.8064557672421889,-0.8064542827719862,0.0
0.0,0.0,0.0,0.0,0.0,0.0,0.0,0.0,0.8064452712105656,0.8064452759415699,0.8064452809725422,0.8064452862996009,0.8064452919186362,0.8064452978253124,0.8064453040150721,0.8064453104831399,0.8064453172245252,0.8064453242340265,0.8064453315062358,0.8064453390355422,0.8064453468161363,0.806445354842015,0.8064453631069859,0.8064453716046722,0.8064453803285175,0.8064453892717909,0.806445398427592,0.8064454077888566,0.8064454173483623,0.8064454270987331,0.8064454370324463,0.8064454471418373,0.8064454574191062,0.8064454678563238,0.8064454784454369,0.8064454891782755,0.8064455000465587,0.806445511041901,0.8064455221558188,0.8064455333797372,0.8064455447049963,0.8064455561228583,0.8064455676245132,0.8064455792010872,0.8064455908436483,0.8064456025432135,0.806445614290756,0.8064456260772119,0.8064456378934874,0.8064456497304657,0.8064456615790137,0.8064456734299894,0.8064456852742495,0.8064456971026555,0.8064457089060808,0.8064457206754188,0.8064457324015883,0.8064457440755423,0.8064457556882736,0.8064457672308223,0.8064457786942827,0.8064457900698102,0.8064458013486276,0.8064458125220331,0.8064458235814055,0.8064458345182121,0.8064458453240142,0.8064458559904748,0.8064458665093641,0.8064458768725661,0.8064458870720849,0.8064458971000512,0.8064459069487279,0.8064459166105159,0.8064459260779608,0.8064459353437579,0.806445944400758,0.8064459532419732,0.8064459618605823,0.8064459702499348,0.8064459784035586,0.8064459863151622,0.8064459939786417,0.806446001388084,0.8064460085377724,0.8064460154221906,0.8064460220360268,0.8064460283741781,0.8064460344317541,0.8064460402040812,0.8064460456867056,0.8064460508753973,0.8064460557661527,0.8064460603551985,0.8064460646389939,0.8064460686142337,0.8064460722778508,0.8064460756270183,0.8064460786591526,0.8064460813719138,0.806446083763209,0.8064460858311933,0.8064460875742708,0.8064460889910968,0.8064460900805784,0.8064460908418746,-0.81577411591372,-0.8157749993917524,-0.8157757369335856,-0.8157763247765909,-0.8157767598934702,-0.8157770400071439,-0.8157771636019762,-0.8157771299312817,-0.8157769390210778,-0.8157765916700646,-0.815776089445831,-0.8157754346773077,-0.8157746304435006,-0.8157736805585631,-0.815772589553279,-0.8157713626530441,-0.8157700057524587,-0.8157685253866507,-0.8157669286994726,-0.8157652234087254,-0.8157634177685815,-0.8157615205293882,-0.8157595408950487,-0.8157574884781895,-0.8157553732533328,-0.8157532055083012,-0.8157509957940924,-0.8157487548734699,-0.8157464936685191,-0.8157442232074238,-0.815741954570725,-0.81573969883732,-0.8157374670304703,-0.815735270064077,-0.8157331186894851,-0.8157310234430812,-0.8157289945949315,-0.815727042098718,-0.8157251755432103,-0.8157234041055137,-0.8157217365063169,-0.815720180967361,0.0,0.0,0.0,0.0,0.0,0.0,0.0,0.0,0.0,0.815713890869895,0.8157138802102721,0.8157138696105377,0.8157138590788701,0.8157138486233948,0.8157138382521788,0.8157138279732246,0.8157138177944623,0.8157138077237456,0.8157137977688447,0.8157137879374403,0.815713778237118,0.8157137686753617,0.8157137592595493,0.8157137499969452,0.8157137408946964,0.8157137319598254,0.8157137231992262,0.8157137146196579,0.8157137062277404,0.8157136980299482,0.8157136900326065,0.8157136822418857,0.8157136746637966,0.8157136673041862,0.8157136601687328,-0.81575299422287,-0.815755267971369,-0.8157574981598558,-0.8157596741890608,-0.8157617857241504,-0.8157638227448885,-0.8157657755942681,-0.8157676350253746,-0.8157693922462529,-0.8157710389625585,-0.8157725674177866,-0.81577397043088,-0.8157752414310344,-0.815776374489531,-0.8157773643484393,-0.8157782064460513,-0.8157788969389241,-0.8157794327204209,-0.8157798114356598,-0.8157800314928023,-0.8157800920706179,-0.815779993122297,-0.8157797353754869,-0.8157793203285547,-0.8157787502430928,-0.8157780281327075,-0.8157771577481407,-0.8157761435588023,-0.8157749907308003,-0.8157737051015789,-0.8157722931512859,-0.8157707619710111,-0.8157691192280532,-0.8157673731283781,-0.8157655323764618,-0.8157636061327049,-0.8157616039686336,-0.815759535820102,-0.8157574119387261,-0.8157552428417857,0.0,0.0,0.0,0.0,0.0,0.0,0.0,0.0,0.0,0.0,0.0,0.806445270324772,0.8064452749969493,0.8064452799698237,0.8064452852395582,0.8064452908020868,0.8064452966531179,0.8064453027881371
0.8157136196392406,0.8157136251927493,0.8157136310029062,0.8157136370652283,0.8157136433750385,0.8157136499274685,0.8157136567174625,-0.8157641139585583,-0.8157661058480286,-0.8157680118036849,-0.8157698226147565,-0.8157715295267745,-0.815773124284192,-0.8157745991705846,-0.8157759470462267,-0.8157771613828659,-0.8157782362955213,-0.8157791665711528,-0.8157799476940616,-0.8157805758678951,-0.8157810480341516,-0.815781361887093,-0.8157815158849923,-0.8157815092576605,-0.8157813420102186,-0.815781014923094,-0.8157805295482395,-0.8157798882016,-0.8157790939518548,-0.8157781506054977,-0.815777062688326,-0.8157758354234248,-0.8157744747057611,-0.8157729870735054,-0.8157713796762258,-0.8157696602401062,-0.8157678370303622,-0.8157659188110337,-0.8157639148023557,-0.8157618346359108,-0.8157596883077854,-0.8157574861299565,-0.8157552386801469,-0.8157529567503935,-0.8157506512945791,0.0,0.0,0.0,0.0,0.0,0.0,0.0,0.0,0.0,0.0,0.0,0.0,0.0,0.0,0.0,0.0,0.0,0.0,0.0,0.0,0.0,0.0,0.0,0.0,0.0,0.0,0.0,0.0,0.0,0.0,0.0,0.0,0.0,0.0,0.0,0.0,0.0,0.0,0.0,0.0,0.0,0.0,-0.8157390440994421,-0.8157412241736438,-0.8157434269970407,-0.8157456415871348,-0.8157478569066742,-0.8157500619176158,-0.8157522456350915,-0.8157543971811182,-0.8157565058377856,-0.8157585610996675,-0.8157605527251954,-0.8157624707867485,-0.8157643057192118,-0.8157660483667676,-0.8157676900276916,-0.8157692224969333,-0.8157706381062744,0.0,0.0,0.8157143277158859,0.8157143240950305,0.8157143201915816,0.8157143160085509,0.8157143115491657,0.8157143068168669,0.8157143018153055,0.8157142965483405,0.815714291020036,0.815714285234657,0.8157142791966675,0.8157142729107261,0.8157142663816825,0.8157142596145747,0.8157142526146235,0.81571424538723,0.8157142379379705,0.8157142302725925,0.8157142223970104,0.8157142143173003,0.8157142060396967,0.8157141975705857,0.8157141889165019,0.8157141800841226,0.8157141710802623,0.8157141619118681,0.8157141525860138,0.8157141431098948,0.8157141334908226,0.8157141237362187,0.8157141138536096,0.8157141038506198,0.8157140937349677,0.815714083514458,0.8157140731969761,0.8157140627904826,0.815714052303007,0.8157140417426405,0.8157140311175314,0.8157140204358775,0.8157140097059201,0.8157139989359381,0.815713988134241,0.8157139773091633,0.8157139664690566,0.815713955622285,0.8157139447772173,0.815713933942221,0.8157139231256562,0.815713912335868,0.8157139015811816,-0.8157121690877044,-0.8157122117463209,-0.8157124145543603,0.0,0.0,0.0,0.0,0.0,0.0,0.0,0.0,0.0,0.0,0.0,0.0,0.0,0.0,0.0,0.0,0.0,0.0,0.0,0.0,0.0,0.0,0.0,0.8157136532629417,0.8157136465921413,0.8157136401614783,0.8157136339759146,0.8157136280402223,0.8157136223589811,0.815713616936575,0.8157136117771868,0.815713606884798,0.8157136022631828,0.8157135979159075,0.8157135938463258,0.8157135900575777,0.8157135865525866,0.8157135833340569,0.8157135804044714,0.8157135777660908,0.8157135754209505,0.8157135733708603,0.8157135716174017,0.8157135701619274,0.8157135690055607,0.8157135681491936,0.8157135675934869,0.8157135673388695,0.8157135673855375,0.8157135677334552,0.8157135683823541,0.8157135693317333,0.8157135705808606,0.8157135721287722,0.8157135739742737,0.8157135761159413,0.8157135785521225,0.8157135812809377,0.8157135843002815,0.8157135876078242,0.8157135912010138,0.8157135950770783,0.8157135992330269,0.815713603665653,0.8157136083715366,0.8157136133470471,0.8157136185883452,0.8157136240913873,0.8157136298519275,0.815713635865521,0.8157136421275284,0.8157136486331178,0.8157136553772697,-0.8157315145871057,-0.8157296479959248,-0.8157278730728436,-0.8157261985413621,-0.815724632628682,-0.8157231830255955,-0.8157218568489925,0.0
0.0,0.0,0.0,0.0,0.0,0.0,0.0,0.8157136637397818,0.8157136709890083,0.8157136784595487,0.815713686145639,0.8157136940413494,0.8157137021405876,0.8157137104371046,0.8157137189244994,0.8157137275962233,0.8157137364455854,0.8157137454657586,0.8157137546497827,0.815713763990572,0.8157137734809197,0.8157137831135035,0.8157137928808909,0.8157138027755461,0.815713812789835,0.8157138229160308,0.8157138331463207,0.8157138434728113,0.8157138538875355,0.8157138643824574,0.8157138749494798,0.8157138855804495,0.8157138962671645,0.815713907001379,0.8157139177748111,0.8157139285791485,0.8157139394060552,0.8157139502471773,0.8157139610941506,0.815713971938606,0.8157139827721763,0.8157139935865029,0.8157140043732417,0.8157140151240707,0.8157140258306943,0.8157140364848522,0.8157140470783242,0.8157140576029367,0.8157140680505692,0.8157140784131609,0.8157140886827166,0.8157140988513125,0.8157141089111034,0.8157141188543272,0.8157141286733123,0.8157141383604828,0.8157141479083643,0.8157141573095903,0.8157141665569072,0.8157141756431802,0.8157141845613987,0.8157141933046818,0.8157142018662835,0.815714210239598,0.8157142184181648,0.8157142263956738,0.8157142341659699,0.8157142417230577,0.8157142490611067,0.8157142561744551,0.8157142630576145,0.8157142697052742,0.8157142761123051,0.8157142822737637,0.8157142881848963,0.8157142938411421,0.815714299238137,0.8157143043717165,0.8157143092379203,0.8157143138329935,0.8157143181533911,0.8157143221957792,0.8157143259570393,0.8157143294342691,0.8157143326247857,0.8157143355261276,0.815714338136056,0.8157143404525575,0.8157143424738447,0.8157143441983578,0.8157143456247665,0.8157143467519703,0.8157143475790993,0.8157143481055156,0.8157143483308125,0.8157143482548167,0.8157143478775865,0.8157143471994133,0.8157143462208202,0.815714344942562,0.8157143433656252,0.8157143414912265,0.8157143393208118,0.8157143368560562,0.8157143340988612,0.8157143310513538,0.0,0.0,-0.8250345687494146,-0.8250350815490645,-0.8250354566517811,-0.8250356920226984,-0.8250357863118462,-0.8250357388608865,-0.8250355497064792,-0.8250352195802525,-0.8250347499053807,-0.8250341427897905,-0.8250334010160199,-0.8250325280277879,-0.8250315279133353,-0.8250304053856191,-0.8250291657594586,-0.8250278149257434,-0.8250263593228284,-0.8250248059052591,-0.8250231621099737,-0.8250214358201552,-0.8250196353269007,-0.8250177692889031,-0.825015846690337,-0.8250138767971555,-0.8250118691120123,-0.8250098333280266,-0.8250077792816183,-0.8250057169046431,-0.8250036561760588,-0.825001607073362,-0.8249995795240267,-0.8249975833571878,-0.8249956282557976,-0.8249937237094946,-0.8249918789684099,-0.8249901029981371,0.0,0.0,0.0,0.0,0.0,0.0,0.0,0.0,0.0,0.0,0.0,0.0,0.0,0.0,0.0,0.0,0.0,0.0,0.8249782971894432,0.8249782894423802,0.8249782818702371,0.824978274478857,0.8249782672739421,0.8249782602610518,0.8249782534455966,0.8249782468328353,0.8249782404278697,0.8249782342356421,0.8249782282609295,0.824978222508342,0.8249782169823179,0.8249782116871213,0.8249782066268371,0.8249782018053698,-0.8250024442448903,-0.8250045293493707,-0.8250066254064171,-0.8250087224112483,-0.8250108103581587,-0.8250128792891032,-0.8250149193420498,-0.8250169207988665,-0.8250188741325046,-0.8250207700532536,-0.8250225995538372,-0.8250243539531352,-0.8250260249383151,-0.8250276046051688,-0.8250290854964571,-0.8250304606380775,-0.8250317235728739,-0.8250328683919292,-0.8250338897631834,-0.8250347829572382,-0.8250355438702267,-0.8250361690436289,-0.8250366556809433,-0.8250370016611296,-0.8250372055487576,-0.825037266600813,-0.825037184770128,-0.8250369607054173,-0.8250365957479233,-0.8250360919246831,-0.8250354519384535,-0.8250346791543419,-0.8250337775832088,-0.8250327518619228,-0.8250316072305658,-0.8250303495066983,-0.825028985056814,-0.8250275207651169,-0.8250259639997818,-0.8250243225768561,-0.8250226047219834,-0.8250208190301342,-0.8250189744235402,0.0,0.0,0.0,0.0,0.0,0.0,0.0,0.0,0.0,0.0,0.0,0.0,0.8157136623547812,0.8157136695602685,0.815713676988172,0.8157136846327608,0.8157136924881367,0.815713700548239,0.8157137088068485,0.8157137172575937
0.8249782866745415,0.8249782943588244,0.8249783022142343,0.8249783102347102,0.8249783184140641,0.8249783267459851,-0.825021441629397,-0.8250233203847137,-0.8250251307515669,-0.825026864063539,-0.825028512024013,-0.8250300667464968,-0.8250315207929566,-0.8250328672099669,-0.825034099562508,-0.8250352119652389,-0.825036199111099,-0.8250370562970933,-0.8250377794471409,-0.8250383651318699,-0.8250388105852661,-0.8250391137180919,-0.8250392731280104,-0.8250392881063653,-0.8250391586415845,-0.8250388854191888,-0.8250384698184065,-0.8250379139054129,-0.8250372204232224,-0.8250363927782892,-0.825035435023876,-0.8250343518402761,-0.8250331485119843,-0.8250318309019283,-0.8250304054228846,-0.8250288790062227,-0.8250272590681259,-0.8250255534734563,-0.8250237704974401,-0.8250219187853591,-0.8250200073104464,-0.8250180453301906,-0.825016042341263,0.0,0.0,0.0,0.0,0.0,0.0,0.0,0.0,0.0,0.0,0.0,0.0,0.0,0.0,0.0,0.0,0.0,0.0,0.0,0.0,0.0,0.0,0.0,0.0,0.0,0.0,0.0,0.0,0.0,0.0,0.0,0.0,0.0,0.0,0.0,0.0,0.0,0.0,0.0,0.0,0.0,0.0,0.0,0.0,0.0,-0.825003756698591,-0.8250057312350823,-0.8250077157957592,-0.8250097004618261,-0.825011675314224,-0.8250136304821487,-0.8250155561913384,-0.8250174428118895,-0.8250192809053751,-0.8250210612710291,-0.8250227749907744,-0.8250244134728751,-0.8250259684939983,-0.8250274322394818,-0.8250287973416088,-0.8250300569157044,-0.8250312045938779,-0.8250322345562432,-0.8250331415594678,-0.8250339209625097,0.8249787819300302,0.8249787752071931,0.8249787682844818,0.8249787611672376,0.8249787538609519,0.8249787463712617,0.824978738703946,0.8249787308649205,0.8249787228602332,0.8249787146960607,0.8249787063787015,0.8249786979145732,0.8249786893102065,0.8249786805722399,0.8249786717074155,0.8249786627225726,0.824978653624644,0.8249786444206488,0.8249786351176888,0.8249786257229417,0.8249786162436556,0.824978606687145,0.8249785970607826,0.8249785873719961,0.824978577628261,0.8249785678370949,0.8249785580060522,0.8249785481427184,0.8249785382547031,0.824978528349636,0.8249785184351592,0.8249785085189222,0.8249784986085761,0.8249784887117669,0.824978478836131,0.8249784689892877,0.8249784591788343,0.8249784494123404,0.8249784396973413,0.8249784300413325,0.8249784204517644,0.8249784109360355,0.8249784015014883,0.8249783921554014,0.8249783829049862,0.8249783737573797,0.82497836471964,0.8249783557987402,0.824978347001563,0.8249783383348962,0.8249783298054264,0.8249783214197347,0.824978313184291,0.8249783051054494,-0.824978006333281,0.0,0.0,0.0,0.0,0.0,0.0,0.0,0.0,0.0,0.0,0.0,0.0,0.0,0.0,0.0,0.8249781972264394,0.8249781928935791,0.8249781888101316,0.8249781849792476,0.8249781814038828,0.8249781780867959,0.824978175030546,0.8249781722374913,0.8249781697097868,0.8249781674493827,0.8249781654580229,0.8249781637372443,0.8249781622883741,0.8249781611125303,0.8249781602106202,0.8249781595833396,0.8249781592311727,0.8249781591543909,0.8249781593530535,0.8249781598270074,0.8249781605758868,0.824978161599114,0.8249781628958993,0.8249781644652424,0.8249781663059322,0.8249781684165489,0.8249781707954638,0.8249781734408415,0.8249781763506409,0.8249781795226168,0.824978182954322,0.824978186643109,0.8249781905861312,0.8249781947803467,0.8249781992225195,0.8249782039092218,0.8249782088368379,0.8249782140015659,0.824978219399421,0.8249782250262382,0.8249782308776762,0.8249782369492202,0.8249782432361858,0.8249782497337225,0.8249782564368168,0.8249782633402969,0.8249782704388364,0.8249782777269585,0.82497828519904,0.8249782928493159,0.8249783006718833,0.8249783086607069,0.8249783168096227,0.8249783251123435,-0.8249957390569688,-0.8249940057269869,-0.8249923467944291,-0.8249907704960181,-0.8249892846603323,-0.8249878966695683,0.0,0.0,0.0
0.0,0.0,0.0,0.0,0.0,0.0,0.8249783352240446,0.8249783438417013,0.8249783525923065,0.8249783614691082,0.8249783704652577,0.8249783795738139,0.8249783887877492,0.8249783980999544,0.8249784075032447,0.8249784169903648,0.8249784265539952,0.8249784361867566,0.8249784458812172,0.8249784556298969,0.8249784654252742,0.8249784752597914,0.8249784851258607,0.8249784950158696,0.8249785049221879,0.8249785148371718,0.8249785247531716,0.8249785346625367,0.8249785445576213,0.8249785544307907,0.8249785642744275,0.8249785740809364,0.8249785838427515,0.8249785935523407,0.8249786032022127,0.8249786127849221,0.8249786222930754,0.8249786317193362,0.8249786410564318,0.8249786502971581,0.8249786594343853,0.8249786684610637,0.8249786773702287,0.824978686155006,0.8249786948086182,0.8249787033243882,0.8249787116957455,0.8249787199162313,0.8249787279795032,0.8249787358793398,0.8249787436096458,0.8249787511644568,0.8249787585379442,0.8249787657244186,0.8249787727183353,0.8249787795142981,0.8249787861070635,0.824978792491545,0.8249787986628164,0.8249788046161163,0.8249788103468513,0.8249788158506,0.8249788211231157,0.8249788261603305,0.824978830958358,0.8249788355134959,0.8249788398222302,0.8249788438812358,0.8249788476873815,0.8249788512377305,0.8249788545295432,0.8249788575602801,0.8249788603276028,0.824978862829376,0.8249788650636696,0.8249788670287596,0.8249788687231298,0.8249788701454731,0.8249788712946917,0.8249788721698992,0.8249788727704204,0.8249788730957917,0.8249788731457621,0.8249788729202934,0.8249788724195591,0.8249788716439459,0.8249788705940521,0.8249788692706873,0.8249788676748733,0.8249788658078411,0.824978863671031,0.8249788612660919,0.8249788585948793,0.8249788556594541,0.8249788524620812,0.8249788490052277,0.8249788452915607,0.8249788413239452,0.8249788371054428,0.8249788326393083,0.8249788279289874,0.8249788229781144,0.8249788177905093,0.8249788123701746,0.8249788067212923,0.824978800848221,0.8249787947554921,0.8249787884478061,0.0,0.0,0.0,0.0,0.0,-0.8342907786645758,-0.8342905982977847,-0.8342902920626922,-0.8342898612353372,-0.8342893077014036,-0.8342886339471919,-0.8342878430476599,-0.8342869386515922,-0.8342859249639694,-0.8342848067256244,-0.8342835891902839,-0.834282278099108,-0.8342808796528517,-0.8342794004817834,-0.8342778476135094,-0.8342762284388587,-0.834274550675996,-0.8342728223329376,-0.8342710516686537,-0.8342692471529435,-0.8342674174252861,-0.8342655712528573,-0.8342637174879267,-0.8342618650248358,0.0,0.0,0.0,0.0,0.0,0.0,0.0,0.0,0.0,0.0,0.0,0.0,0.0,0.0,0.0,0.0,0.0,0.0,0.0,0.0,0.0,0.0,0.0,0.0,0.0,0.0,0.0,0.0,0.0,-0.8342417727677099,-0.8342428580647756,-0.8342440450659407,-0.8342453280557455,-0.834246700857286,-0.834248156862237,-0.8342496890629673,-0.834251290086601,-0.834252952230851,-0.8342546675014547,-0.834256427651029,-0.8342582242191556,-0.8342600485735017,-0.8342618919517744,-0.8342637455043084,-0.834265600337076,-0.8342674475549102,-0.8342692783047342,-0.8342710838185823,-0.8342728554562051,-0.8342745847470502,-0.8342762634314155,-0.8342778835005724,-0.8342794372356644,-0.834280917245193,-0.8342823165009037,-0.8342836283719017,-0.8342848466568293,-0.8342859656139472,-0.8342869799889725,-0.8342878850405409,-0.8342886765631651,-0.8342893509075786,-0.8342899049983674,-0.8342903363488002,-0.8342906430727893,-0.8342908238939177,-0.8342908781514959,-0.8342908058036121,-0.8342906074271654,-0.8342902842148795,-0.8342898379693149,-0.8342892710939029,-0.834288586581054,-0.8342877879973887,-0.834286879466174,-0.8342858656470411,-0.8342847517130919,-0.8342835433255004,-0.8342822466057364,-0.8342808681055467,-0.8342794147748397,0.0,0.0,0.0,0.0,0.0,0.0,0.0,0.0,0.0,0.0,0.0,0.0,0.0,0.0,0.8249783335624634,0.8249783421534626,0.8249783508787126,0.8249783597314814,0.8249783687049385,0.8249783777921608,0.8249783869861366,0.8249783962797723,0.8249784056658975
0.8342391878153074,0.834239196366568,0.8342392049972577,0.8342392137007166,-0.8342734978002742,-0.834275280815398,-0.8342770196122831,-0.8342787059238255,-0.834280331735348,-0.834281889323501,-0.834283371293754,-0.834284770616284,-0.8342860806600939,-0.8342872952251887,-0.8342884085726568,-0.8342894154525075,-0.8342903111291287,-0.834291091404241,-0.8342917526372378,-0.8342922917628088,-0.8342927063057636,-0.8342929943929827,-0.8342931547624355,-0.8342931867692258,-0.8342930903886291,-0.8342928662161126,-0.8342925154643351,-0.834292039957142,-0.834291442120584,-0.8342907249710064,-0.8342898921002623,-0.8342889476581273,-0.8342878963319987,-0.8342867433239773,-0.8342854943254485,-0.8342841554892797,-0.8342827333997783,-0.83428123504055,-0.8342796677604165,0.0,0.0,0.0,0.0,0.0,0.0,0.0,0.0,0.0,0.0,0.0,0.0,0.0,0.0,0.0,0.0,0.0,0.0,0.0,0.0,0.0,0.0,0.0,0.0,0.0,0.0,0.0,0.0,0.0,0.0,0.0,0.0,0.0,0.0,0.0,0.0,0.0,0.0,0.0,0.0,0.0,0.0,0.0,0.0,0.0,0.0,0.0,0.0,0.0,0.0,0.0,-0.8342659854605978,-0.8342677510523042,-0.8342695073688632,-0.8342712456272835,-0.8342729571309206,-0.8342746333120279,-0.8342762657736811,-0.8342778463308754,-0.8342793670505907,-0.8342808202906326,-0.8342821987370566,-0.8342834954399975,-0.8342847038477224,-0.8342858178387467,-0.8342868317518531,-0.8342877404138682,-0.8342885391650602,-0.8342892238820336,-0.8342897909980102,-0.8342902375203949,0.8342394367213366,0.834239428457653,0.8342394200943269,0.8342394116378113,0.8342394030946308,0.834239394471377,0.834239385774703,0.8342393770113189,0.8342393681879862,0.8342393593115125,0.8342393503887464,0.8342393414265725,0.8342393324319055,0.8342393234116855,0.8342393143728718,0.8342393053224385,0.8342392962673684,0.8342392872146481,0.8342392781712624,0.8342392691441886,0.8342392601403915,0.8342392511668182,0.8342392422303921,0.8342392333380084,0.834239224496528,0.8342392157127724,0.8342392069935191,0.834239198345495,0.8342391897753728,0.8342391812897649,0.8342391728952183,0.8342391645982099,0.8342391564051412,0.8342391483223336,0.8342391403560238,0.8342391325123577,0.8342391247973874,0.8342391172170653,0.8342391097772403,0.8342391024836522,0.8342390953419286,0.8342390883575799,0.8342390815359947,0.8342390748824363,0.8342390684020382,0.8342390620998005,0.8342390559805857,0.8342390500491149,0.8342390443099648,0.8342390387675633,0.8342390334261869,0.8342390282899564,0.8342390233628351,0.834239018648624,0.8342390141509609,0.8342390098733159,0.834239005818989,0.8342390019911088,0.8342389983926284,0.8342389950263245,0.8342389918947942,0.8342389890004537,0.8342389863455362,0.8342389839320898,0.8342389817619771,0.8342389798368722,0.8342389781582603,0.8342389767274366,0.8342389755455054,0.8342389746133781,0.8342389739317743,0.8342389735012197,0.8342389733220463,0.8342389733943928,0.8342389737182031,0.8342389742932274,0.834238975119022,0.8342389761949499,0.8342389775201807,0.8342389790936923,0.8342389809142702,0.83423898298051,0.8342389852908176,0.8342389878434102,0.8342389906363185,0.8342389936673875,0.8342389969342788,0.8342390004344714,0.8342390041652651,0.8342390081237814,0.8342390123069658,0.834239016711591,0.8342390213342585,0.8342390261714016,0.8342390312192883,0.8342390364740238,0.8342390419315537,0.8342390475876675,0.8342390534380011,0.8342390594780406,0.8342390657031256,0.8342390721084533,0.8342390786890819,0.8342390854399337,0.8342390923558001,0.8342390994313452,0.83423910666111,0.834239114039516,0.8342391215608707,0.8342391292193706,0.8342391370091072,0.8342391449240699,0.8342391529581521,0.8342391611051551,0.8342391693587928,0.8342391777126973,0.834239186160423,0.834239194695452,0.834239203311199,0.8342392120010169,-0.8342573696585649,-0.8342557316847381,-0.8342541446925075,-0.8342526166182519,-0.834251155108077,-0.8342497674804216,-0.8342484606902635,0.0,0.0,0.0,0.0
0.0,0.0,0.0,0.0,0.8342392224702303,0.8342392312990324,0.8342392401803107,0.8342392491072131,0.8342392580728519,0.8342392670703098,0.8342392760926446,0.834239285132895,0.8342392941840862,0.8342393032392342,0.8342393122913531,0.8342393213334582,0.8342393303585733,0.8342393393597349,0.8342393483299981,0.834239357262442,0.8342393661501745,0.8342393749863383,0.8342393837641159,0.8342393924767346,0.8342394011174721,0.8342394096796618,0.8342394181566973,0.8342394265420383,0.8342394348292148,0.834239443011833,0.8342394510835792,0.834239459038226,0.8342394668696359,0.8342394745717664,0.8342394821386747,0.8342394895645228,0.834239496843581,0.8342395039702334,0.8342395109389812,0.8342395177444475,0.8342395243813818,0.8342395308446631,0.8342395371293044,0.8342395432304573,0.8342395491434139,0.8342395548636126,0.8342395603866392,0.8342395657082329,0.8342395708242877,0.8342395757308562,0.8342395804241527,0.834239584900556,0.8342395891566126,0.8342395931890383,0.8342395969947219,0.8342396005707274,0.8342396039142957,0.8342396070228467,0.8342396098939822,0.8342396125254868,0.8342396149153306,0.8342396170616693,0.8342396189628466,0.8342396206173963,0.8342396220240413,0.8342396231816966,0.834239624089469,0.8342396247466578,0.8342396251527563,0.8342396253074509,0.8342396252106223,0.8342396248623454,0.8342396242628887,0.8342396234127148,0.8342396223124796,0.8342396209630322,0.8342396193654136,0.8342396175208563,0.8342396154307838,0.8342396130968086,0.8342396105207313,0.8342396077045398,0.8342396046504067,0.8342396013606885,0.8342395978379236,0.8342395940848298,0.8342395901043028,0.834239585899414,0.8342395814734076,0.8342395768296984,0.8342395719718695,0.8342395669036688,0.834239561629007,0.8342395561519533,0.8342395504767341,0.8342395446077279,0.8342395385494629,0.8342395323066135,0.8342395258839963,0.8342395192865669,0.8342395125194154,0.8342395055877633,0.8342394984969584,0.834239491252472,0.8342394838598934,0.8342394763249265,0.834239468653385,0.8342394608511877,0.8342394529243548,0.8342394448790017,0.0,0.0,0.0,0.0,0.0,0.0,0.0,0.0,0.0,0.0,0.0,0.0,0.0,0.0,0.0,0.0,0.0,0.0,0.0,0.0,0.0,0.0,0.0,0.0,0.0,0.0,0.0,0.0,0.0,0.0,0.0,0.0,0.0,0.0,0.0,0.0,0.0,0.0,0.0,0.0,0.0,0.0,0.0,0.0,0.0,0.0,0.0,0.0,0.0,0.0,0.0,0.0,0.0,0.0,0.0,0.0,0.0,0.0,0.0,0.0,0.0,-0.8435038329025768,-0.843505165534502,-0.8435065589748177,-0.8435080064526072,-0.8435095009396535,-0.8435110351846523,-0.8435126017485088,-0.8435141930405445,-0.8435158013554419,-0.843517418910742,-0.8435190378847167,-0.8435206504544293,-0.8435222488337967,-0.8435238253114724,-0.8435253722883589,-0.8435268823145742,-0.8435283481256847,-0.843529762678035,-0.8435311191829984,-0.8435324111399795,-0.8435336323680122,-0.8435347770357982,-0.8435358396900351,-0.843536815281902,-0.8435376991915693,-0.8435384872506143,-0.8435391757622337,-0.8435397615191541,-0.8435402418191532,-0.8435406144781143,-0.8435408778405552,-0.8435410307875733,-0.8435410727421738,-0.8435410036719536,-0.8435408240891263,-0.8435405350478893,-0.8435401381391464,-0.8435396354826125,-0.843539029716336,-0.8435383239836929,-0.8435375219179168,-0.8435366276242376,-0.8435356456597182,0.0,0.0,0.0,0.0,0.0,0.0,0.0,0.0,0.0,0.0,0.0,0.0,0.0,0.0,0.0,0.0,0.8342392207582005,0.8342392295759933,0.8342392384475922,0.8342392473661517,0.8342392563247911,0.8342392653165981,0.8342392743346352,0.8342392833719444,0.8342392924215529,0.8342393014764784,0.8342393105297345
-0.8435192496385967,-0.8435209058973765,-0.843522554310869,-0.8435241870652874,-0.8435257964227121,-0.8435273747586246,-0.8435289145988935,-0.843530408656028,-0.843531849864525,-0.8435332314151359,-0.8435345467878879,-0.8435357897836963,-0.8435369545544166,-0.843538035631188,-0.8435390279509299,-0.8435399268808635,-0.8435407282409381,-0.8435414283240527,-0.843542023913975,-0.8435425123008693,-0.843542891294358,-0.843543159234054,-0.8435433149975113,-0.8435433580055561,-0.8435432882249708,-0.843543106168521,-0.8435428128923217,-0.8435424099905584,-0.8435418995875892,-0.8435412843274632,-0.8435405673609105,-0.843539752329865,-0.8435388433495968,-0.8435378449885409,0.0,0.0,0.0,0.0,0.0,0.0,0.0,0.0,0.0,0.0,0.0,0.0,0.0,0.0,0.0,0.0,0.0,0.0,0.0,0.0,0.0,0.0,0.0,0.0,0.0,0.0,0.0,0.0,0.0,0.0,0.0,0.0,0.0,0.0,0.0,0.0,0.0,0.0,0.0,0.0,0.0,0.0,0.0,0.0,0.0,0.0,0.0,0.0,0.0,0.0,0.0,0.0,0.0,0.0,0.0,0.0,0.0,0.0,0.0,-0.8435250394619906,-0.8435265506761503,-0.8435280302860776,-0.8435294708938216,-0.8435308652884711,-0.8435322064814419,-0.8435334877406844,-0.8435347026236443,-0.843535845008816,-0.8435369091257333,-0.8435378895832526,-0.8435387813959897,-0.8435395800087797,-0.8435402813190437,-0.8435408816969492,-0.8435413780032694,-0.84354176760485,-0.8435420483876124,-0.8435422187670245,-0.8435422776959931,-0.843542224670136,0.8434962595582417,0.8434962513054991,0.8434962430648757,0.8434962348427296,0.8434962266454046,0.8434962184792256,0.843496210350493,0.8434962022654786,0.8434961942304207,0.8434961862515183,0.8434961783349282,0.843496170486758,0.843496162713063,0.8434961550198413,0.8434961474130285,0.8434961398984936,0.8434961324820346,0.8434961251693737,0.8434961179661528,0.8434961108779299,0.8434961039101737,0.8434960970682603,0.8434960903574688,0.8434960837829766,0.8434960773498563,0.8434960710630717,0.8434960649274732,0.8434960589477948,0.8434960531286501,0.8434960474745289,0.8434960419897936,0.8434960366786761,0.8434960315452742,0.8434960265935484,0.8434960218273194,0.8434960172502647,0.8434960128659155,0.8434960086776547,0.8434960046887138,0.8434960009021704,0.843495997320946,0.8434959939478038,0.8434959907853464,0.8434959878360136,0.8434959851020812,0.8434959825856584,0.8434959802886868,0.8434959782129389,0.8434959763600157,0.8434959747313473,0.8434959733281902,0.8434959721516269,0.8434959712025651,0.8434959704817375,0.8434959699896998,0.8434959697268317,0.8434959696933361,0.8434959698892388,0.843495970314389,0.8434959709684582,0.8434959718509418,0.8434959729611592,0.8434959742982537,0.8434959758611934,0.8434959776487728,0.8434959796596124,0.8434959818921609,0.8434959843446957,0.8434959870153244,0.8434959899019868,0.8434959930024554,0.843495996314338,0.8434959998350795,0.8434960035619634,0.8434960074921141,0.8434960116224995,0.8434960159499325,0.8434960204710745,0.843496025182437,0.8434960300803851,0.8434960351611397,0.8434960404207804,0.8434960458552498,0.8434960514603544,0.8434960572317697,0.8434960631650427,0.8434960692555956,0.8434960754987292,0.8434960818896264,0.8434960884233568,0.8434960950948786,0.8434961018990448,0.8434961088306054,0.8434961158842126,0.8434961230544238,0.843496130335707,0.8434961377224445,0.8434961452089366,0.843496152789407,0.8434961604580077,0.8434961682088212,0.8434961760358676,0.8434961839331078,0.843496191894449,0.8434961999137481,0.8434962079848181,0.8434962161014314,0.843496224257326,0.8434962324462091,0.8434962406617621,0.8434962488976467,0.8434962571475083,-0.8435176360875413,-0.8435160937049813,-0.8435145668784065,-0.8435130632634512,-0.8435115904022841,-0.8435101556867014,-0.843508766321956,-0.8435074292914946,0.0,0.0,0.0,0.0,0.0,0.0,0.0
0.843496267012816,0.8434962752710305,0.8434962835228738,0.8434962917619785,0.8434962999819882,0.8434963081765604,0.8434963163393727,0.8434963244641271,0.8434963325445547,0.8434963405744211,0.8434963485475306,0.8434963564577319,0.8434963642989217,0.8434963720650498,0.8434963797501246,0.8434963873482164,0.843496394853463,0.8434964022600735,0.8434964095623334,0.8434964167546084,0.8434964238313497,0.8434964307870967,0.8434964376164829,0.8434964443142391,0.8434964508751975,0.843496457294296,0.8434964635665817,0.8434964696872155,0.8434964756514747,0.843496481454758,0.8434964870925871,0.8434964925606128,0.8434964978546158,0.8434965029705115,0.8434965079043529,0.8434965126523332,0.843496517210789,0.8434965215762031,0.8434965257452075,0.8434965297145857,0.8434965334812747,0.8434965370423686,0.8434965403951196,0.8434965435369411,0.843496546465409,0.8434965491782636,0.8434965516734118,0.8434965539489288,0.8434965560030585,0.8434965578342161,0.8434965594409889,0.8434965608221371,0.843496561976595,0.8434965629034721,0.843496563602053,0.8434965640717988,0.8434965643123472,0.8434965643235125,0.843496564105286,0.843496563657836,0.843496562981508,0.8434965620768237,0.8434965609444812,0.843496559585354,0.8434965580004907,0.8434965561911144,0.843496554158621,0.8434965519045785,0.8434965494307265,0.8434965467389731,0.8434965438313955,0.8434965407102369,0.8434965373779059,0.843496533836973,0.8434965300901706,0.8434965261403893,0.8434965219906766,0.8434965176442346,0.8434965131044164,0.8434965083747251,0.8434965034588098,0.8434964983604629,0.843496493083619,0.8434964876323487,0.8434964820108584,0.8434964762234851,0.8434964702746942,0.8434964641690758,0.8434964579113404,0.8434964515063161,0.8434964449589452,0.843496438274279,0.8434964314574752,0.8434964245137933,0.8434964174485907,0.8434964102673188,0.8434964029755182,0.843496395578815,0.843496388082916,0.843496380493605,0.8434963728167374,0.8434963650582362,0.8434963572240877,0.8434963493203363,0.8434963413530805,0.843496333328467,0.8434963252526875,0.8434963171319729,0.8434963089725889,0.8434963007808305,0.8434962925630184,0.8434962843254931,0.8434962760746103,0.8434962678167361,0.0,0.0,0.0,0.0,0.0,0.0,0.0,0.0,0.0,0.0,0.0,0.0,0.0,0.0,0.0,0.0,0.0,0.0,0.0,0.0,0.0,0.0,0.0,0.0,0.0,0.0,0.0,0.0,0.0,0.0,0.0,0.0,0.0,0.0,0.0,0.0,0.0,0.0,0.0,0.0,0.0,0.0,0.0,0.0,0.0,0.0,0.0,0.0,0.0,0.0,0.0,0.0,0.0,0.0,0.0,0.0,0.0,0.0,0.0,0.0,0.0,0.0,0.0,-0.8527634903118505,-0.8527648609653273,-0.8527662465674423,-0.8527676403469765,-0.8527690354983999,-0.8527704252150402,-0.8527718027222503,-0.8527731613104194,-0.8527744943676638,-0.852775795412037,-0.8527770581231044,-0.8527782763727294,-0.8527794442549157,-0.8527805561145668,-0.8527816065750189,-0.8527825905642117,-0.8527835033393733,-0.8527843405100962,-0.8527850980596912,-0.8527857723647172,-0.8527863602125906,-0.8527868588171876,-0.8527872658323653,-0.8527875793633325,-0.8527877979758182,-0.8527879207029913,-0.852787947050097,-0.8527878769967894,-0.8527877109971471,-0.8527874499773727,-0.8527870953311881,0.0,0.0,0.0,0.0,0.0,0.0,0.0,0.0,0.0,0.0,0.0,0.0,0.0,0.0,0.0,0.0,0.0,0.0,0.8434962654049817,0.843496273663696,0.8434962819172785,0.8434962901593619,0.8434962983835864,0.8434963065836069,0.8434963147530965,0.843496322885752,0.8434963309752985,0.8434963390154948,0.8434963470001369,0.8434963549230645,0.8434963627781648,0.8434963705593769,0.8434963782606972
-0.8527688052809747,-0.8527702493565873,-0.8527716870611608,-0.8527731115829944,-0.8527745161761711,-0.8527758941932767,-0.8527772391176395,-0.8527785445949302,-0.852779804463975,-0.8527810127866251,-0.8527821638765395,-0.852783252326743,-0.8527842730358219,-0.8527852212326307,-0.8527860924993905,-0.8527868827930645,-0.8527875884649095,-0.8527882062781039,-0.8527887334233696,-0.8527891675325108,-0.8527895066898031,-0.852789749441178,-0.8527898948011575,-0.8527899422575054,-0.8527898917735747,-0.8527897437883338,-0.8527894992140802,0.0,0.0,0.0,0.0,0.0,0.0,0.0,0.0,0.0,0.0,0.0,0.0,0.0,0.0,0.0,0.0,0.0,0.0,0.0,0.0,0.0,0.0,0.0,0.0,0.0,0.0,0.0,0.0,0.0,0.0,0.0,0.0,0.0,0.0,0.0,0.0,0.0,0.0,0.0,0.0,0.0,0.0,0.0,0.0,0.0,0.0,0.0,0.0,0.0,0.0,0.0,0.0,0.0,0.0,0.0,0.0,0.0,0.0,0.0,0.0,0.0,0.0,0.0,0.0,0.0,0.0,0.0,0.0,0.0,-0.8527788642454341,-0.8527800871021491,-0.8527812631598413,-0.8527823865450282,-0.8527834516369112,-0.8527844530948818,-0.8527853858846658,-0.8527862453029792,-0.8527870270005725,-0.8527877270035544,-0.8527883417328886,-0.8527888680219674,-0.8527893031321802,-0.8527896447663961,-0.8527898910802981,-0.8527900406915117,-0.8527900926864839,-0.8527900466250784,-0.852789902542866,-0.8527896609510958,-0.8527893228343507,-0.852788889645897,0.8527492527012331,0.8527492460951005,0.8527492395915474,0.8527492331955915,0.8527492269121677,0.8527492207461239,0.8527492147022177,0.8527492087851122,0.8527492029993727,0.8527491973494633,0.8527491918397434,0.8527491864744637,0.8527491812577641,0.8527491761936694,0.8527491712860868,0.852749166538803,0.8527491619554803,0.8527491575396555,0.8527491532947354,0.8527491492239954,0.852749145330576,0.852749141617481,0.852749138087576,0.8527491347435839,0.852749131588085,0.8527491286235138,0.8527491258521578,0.852749123276155,0.8527491208974933,0.8527491187180077,0.8527491167393797,0.8527491149631362,0.8527491133906474,0.8527491120231268,0.8527491108616295,0.8527491099070513,0.8527491091601292,0.8527491086214392,0.8527491082913969,0.8527491081702571,0.8527491082581132,0.8527491085548974,0.8527491090603807,0.8527491097741732,0.852749110695724,0.8527491118243222,0.852749113159097,0.8527491146990186,0.8527491164428986,0.852749118389392,0.8527491205369965,0.8527491228840555,0.8527491254287577,0.8527491281691398,0.8527491311030879,0.852749134228338,0.8527491375424786,0.852749141042953,0.85274914472706,0.8527491485919575,0.8527491526346633,0.8527491568520584,0.8527491612408888,0.8527491657977683,0.8527491705191806,0.8527491754014834,0.8527491804409099,0.8527491856335714,0.8527491909754615,0.8527491964624588,0.8527492020903301,0.8527492078547326,0.8527492137512191,0.85274921977524,0.8527492259221477,0.8527492321871992,0.8527492385655608,0.8527492450523113,0.8527492516424459,0.8527492583308797,0.8527492651124523,0.8527492719819314,0.8527492789340168,0.8527492859633445,0.8527492930644911,0.8527493002319778,0.8527493074602742,0.8527493147438034,0.8527493220769459,0.8527493294540435,0.8527493368694046,0.8527493443173076,0.8527493517920065,0.8527493592877334,0.8527493667987057,0.8527493743191279,0.8527493818431976,0.8527493893651094,0.85274939687906,0.8527494043792521,0.8527494118598984,0.8527494193152276,0.8527494267394872,0.8527494341269491,-0.8527727807401331,-0.8527714479974623,-0.8527701022559169,-0.8527687502562326,-0.8527673987718105,-0.8527660545755716,-0.852764724406816,-0.8527634149382438,-0.8527621327433017,0.0,0.0,0.0,0.0,0.0,0.0,0.0,0.0,0.0,0.0
0.852749471691825,0.8527494787257619,0.8527494856827906,0.8527494925575435,0.8527494993447168,0.8527495060390731,0.8527495126354477,0.8527495191287511,0.8527495255139733,0.8527495317861878,0.8527495379405552,0.8527495439723272,0.8527495498768497,0.852749555649567,0.8527495612860255,0.8527495667818761,0.8527495721328783,0.8527495773349039,0.8527495823839389,0.8527495872760876,0.8527495920075759,0.8527495965747529,0.8527496009740946,0.852749605202207,0.8527496092558277,0.8527496131318291,0.8527496168272205,0.852749620339151,0.8527496236649109,0.8527496268019339,0.8527496297477999,0.8527496325002358,0.8527496350571182,0.852749637416474,0.8527496395764831,0.8527496415354788,0.8527496432919496,0.8527496448445404,0.8527496461920532,0.852749647333448,0.8527496482678447,0.8527496489945222,0.8527496495129199,0.8527496498226375,0.852749649923436,0.8527496498152383,0.852749649498127,0.8527496489723475,0.852749648238305,0.8527496472965662,0.8527496461478574,0.8527496447930651,0.8527496432332344,0.8527496414695691,0.8527496395034296,0.8527496373363331,0.8527496349699518,0.852749632406111,0.8527496296467895,0.8527496266941158,0.8527496235503682,0.8527496202179721,0.852749616699499,0.8527496129976633,0.8527496091153214,0.8527496050554685,0.8527496008212371,0.8527495964158943,0.8527495918428388,0.8527495871055993,0.8527495822078306,0.8527495771533116,0.8527495719459424,0.8527495665897404,0.8527495610888385,0.8527495554474807,0.85274954967002,0.8527495437609138,0.8527495377247214,0.8527495315660998,0.852749525289801,0.8527495189006674,0.8527495124036287,0.8527495058036977,0.8527494991059664,0.8527494923156026,0.8527494854378457,0.8527494784780019,0.8527494714414412,0.8527494643335928,0.8527494571599409,0.85274944992602,0.8527494426374118,0.8527494352997399,0.8527494279186655,0.8527494204998836,0.8527494130491181,0.8527494055721181,0.8527493980746519,0.8527493905625045,0.8527493830414721,0.8527493755173575,0.8527493679959658,0.8527493604831003,0.8527493529845576,0.8527493455061234,0.8527493380535671,0.8527493306326397,0.852749323249066,0.8527493159085433,0.8527493086167351,0.8527493013792675,0.8527492942017246,0.8527492870896439,0.8527492800485134,0.8527492730837651,0.8527492662007733,0.8527492594048481,0.0,0.0,0.0,0.0,0.0,0.0,0.0,0.0,0.0,0.0,0.0,0.0,0.0,0.0,0.0,0.0,0.0,0.0,0.0,0.0,0.0,0.0,0.0,0.0,0.0,0.0,0.0,0.0,0.0,0.0,0.0,0.0,0.0,0.0,0.0,0.0,0.0,0.0,0.0,0.0,0.0,0.0,0.0,0.0,0.0,0.0,0.0,0.0,0.0,0.0,0.0,0.0,0.0,0.0,0.0,0.0,0.0,0.0,0.0,0.0,0.0,0.0,0.0,0.0,0.0,0.0,0.0,0.0,0.0,0.0,0.0,0.0,0.0,0.0,0.0,0.0,0.0,0.0,0.0,0.0,0.0,0.0,0.0,0.0,0.0,0.0,0.0,0.0,0.0,0.0,0.0,0.0,0.0,0.0,0.0,0.0,0.0,0.0,0.0,0.0,0.0,0.0,0.0,0.0,0.8527494414719137,0.8527494487687136,0.8527494560117189,0.8527494631953415,0.8527494703140386,0.852749477362318,0.8527494843347411,0.8527494912259288,0.8527494980305635,0.8527495047433958,0.8527495113592461,0.8527495178730098,0.8527495242796611,0.8527495305742572,0.8527495367519411,0.8527495428079465,0.8527495487376009,0.8527495545363295,0.8527495601996578
-0.8620148184500095,-0.8620160596033583,-0.8620172956770585,-0.8620185207978303,-0.8620197291488335,-0.8620209149978928,-0.8620220727253067,-0.8620231968511095,-0.8620242820616496,-0.8620253232353559,-0.8620263154675684,0.0,0.0,0.0,0.0,0.0,0.0,0.0,0.0,0.0,0.0,0.0,0.0,0.0,0.0,0.0,0.0,0.0,0.0,0.0,0.0,0.0,0.0,0.0,0.0,0.0,0.0,0.0,0.0,0.0,0.0,0.0,0.0,0.0,0.0,0.0,0.0,0.0,0.0,0.0,0.0,0.0,0.0,0.0,0.0,0.0,0.0,0.0,0.0,0.0,0.0,0.0,0.0,0.0,0.0,0.0,0.0,0.0,0.0,0.0,0.0,0.0,0.0,0.0,0.0,0.0,0.0,0.0,0.0,0.0,0.0,0.0,0.0,0.0,0.0,0.0,0.0,0.0,0.0,0.0,0.0,0.0,0.0,0.0,0.0,0.0,0.0,0.0,0.0,0.0,0.0,-0.8620293027495439,-0.8620301168347235,-0.8620308672677743,-0.8620315502896345,-0.8620321624653471,-0.862032700700883,-0.8620331622583062,-0.8620335447692088,-0.8620338462463455,-0.8620340650934155,-0.8620342001129416,-0.8620342505122073,-0.8620342159072252,-0.8620340963247151,-0.8620338922020839,-0.8620336043854046,-0.8620332341254072,-0.8620327830714999,-0.8620322532638481,-0.8620316471235526,-0.8620309674409729,-0.8620302173622515,-0.8620294003741095,0.8619983877493096,0.8619983841361243,0.8619983806858581,0.8619983774011735,0.861998374284604,0.861998371338555,0.8619983685652991,0.8619983659669761,0.8619983635455907,0.8619983613030113,0.861998359240968,0.8619983573610519,0.8619983556647134,0.8619983541532613,0.8619983528278619,0.8619983516895374,0.8619983507391666,0.8619983499774826,0.861998349405073,0.8619983490223794,0.8619983488296971,0.8619983488271749,0.8619983490148145,0.8619983493924713,0.8619983499598541,0.8619983507165248,0.8619983516618996,0.8619983527952493,0.8619983541156995,0.861998355622231,0.861998357313682,0.8619983591887469,0.8619983612459793,0.8619983634837919,0.861998365900458,0.8619983684941133,0.8619983712627561,0.861998374204251,0.8619983773163278,0.8619983805965855,0.8619983840424937,0.861998387651393,0.8619983914204994,0.8619983953469046,0.8619983994275795,0.8619984036593753,0.8619984080390268,0.8619984125631555,0.86199841722827,0.8619984220307715,0.8619984269669544,0.8619984320330101,0.8619984372250299,0.8619984425390081,0.8619984479708442,0.8619984535163477,0.8619984591712397,0.8619984649311574,0.8619984707916563,0.8619984767482151,0.8619984827962377,0.8619984889310579,0.8619984951479422,0.8619985014420941,0.8619985078086572,0.8619985142427193,0.8619985207393164,0.8619985272934357,0.8619985339000206,0.8619985405539736,0.861998547250161,0.8619985539834161,0.861998560748544,0.8619985675403248,0.8619985743535186,0.8619985811828683,0.8619985880231048,0.8619985948689508,0.8619986017151238,0.861998608556342,0.8619986153873267,0.8619986222028079,0.8619986289975266,0.8619986357662405,0.861998642503727,0.8619986492047882,0.8619986558642533,0.8619986624769845,0.8619986690378796,0.8619986755418765,0.8619986819839571,0.8619986883591509,0.8619986946625391,-0.8620236926751563,-0.8620226749308961,-0.8620216186737757,-0.8620205291650581,-0.8620194118320528,-0.8620182722415793,-0.8620171160727467,-0.8620159490891841,-0.8620147771108585,-0.862013605985615,0.0,0.0,0.0,0.0,0.0,0.0,0.0,0.0,0.0,0.0,0.0,0.0,0.0,0.0
0.8619987537326977,0.8619987589159324,0.8619987639729229,0.8619987688997676,0.861998773692665,0.8619987783479174,0.8619987828619325,0.8619987872312281,0.8619987914524325,0.8619987955222892,0.8619987994376578,0.8619988031955175,0.8619988067929689,0.8619988102272363,0.8619988134956701,0.8619988165957484,0.8619988195250792,0.8619988222814027,0.8619988248625919,0.8619988272666556,0.8619988294917386,0.8619988315361242,0.8619988333982352,0.8619988350766348,0.8619988365700278,0.8619988378772624,0.8619988389973298,0.8619988399293657,0.8619988406726509,0.8619988412266121,0.861998841590822,0.8619988417649993,0.8619988417490096,0.8619988415428655,0.861998841146726,0.8619988405608966,0.8619988397858295,0.8619988388221225,-0.8620245700549881,-0.8620235284355965,-0.8620224520909028,-0.8620213464380884,-0.8620202170349911,-0.8620190695528916,-0.8620179097487494,-0.8620167434370266,-0.8620155764612305,-0.8620144146653208,-0.8620132638651157,-0.8620121298198397,-0.8620110182039491,-0.8620099345793747,-0.8620088843683149,-0.862007872826714,-0.8620069050185534,-0.8620059857910802,0.0,0.0,0.0,0.0,0.0,0.0,0.0,0.0,0.0,0.0,0.0,0.0,0.0,0.0,0.0,0.0,0.0,-0.8620014554187458,-0.8620019564069143,-0.8620025318321887,0.8619986757135686,0.8619986692111492,0.8619986626516981,0.8619986560402761,0.8619986493819844,0.86199864268196,0.8619986359453726,0.8619986291774197,0.861998622383323,0.8619986155683248,0.8619986087376833,0.8619986018966684,0.8619985950505586,0.8619985882046359,0.8619985813641824,0.8619985745344758,0.8619985677207856,0.8619985609283691,0.8619985541624667,0.8619985474282992,0.8619985407310617,0.861998534075922,0.8619985274680149,0.8619985209124383,0.8619985144142507,0.8619985079784656,0.8619985016100483,0.8619984953139128,0.8619984890949169,0.8619984829578587,0.8619984769074733,0.8619984709484289,0.8619984650853233,0.8619984593226803,0.8619984536649458,0.8619984481164853,0.8619984426815795,0.8619984373644219,0.8619984321691151,0.8619984270996676,0.8619984221599901,0.8619984173538946,0.8619984126850889,0.8619984081571754,0.8619984037736474,0.8619983995378874,0.861998395453163,0.8619983915226263,0.0,0.0,0.0,0.0,0.0,0.0,0.0,0.0,0.0,0.0,0.0,0.0,0.0,0.0,0.0,0.0,0.0,0.0,0.0,0.0,0.0,0.0,0.0,0.0,0.0,0.0,0.0,0.0,0.0,0.0,0.0,0.0,0.0,0.0,0.0,0.0,0.0,0.0,0.0,0.0,0.0,0.0,0.0,0.0,0.0,0.0,0.0,0.0,0.0,0.0,0.0,0.0,0.0,0.0,0.0,0.0,0.0,0.0,0.0,0.0,0.0,0.0,0.0,0.0,0.0,0.0,0.0,0.0,0.0,0.0,0.0,0.0,0.0,0.0,0.0,0.0,0.0,0.0,0.0,0.0,0.0,0.0,0.0,0.0,0.0,0.0,0.0,0.0,0.0,0.0,0.0,0.0,0.0,0.8619987008892582,0.8619987070345039,0.8619987130935353,0.8619987190616767,0.861998724934324,0.8619987307069458,0.8619987363750883,0.8619987419343782,0.8619987473805262,0.8619987527093302,0.861998757916679,0.8619987629985547,0.861998767951036,0.8619987727703023,0.861998777452635,0.8619987819944215,0.8619987863921574,0.8619987906424499,0.8619987947420193,0.8619987986877029,0.8619988024764561,0.8619988061053558,0.8619988095716021,0.8619988128725206
0.0,0.0,0.0,0.0,0.0,0.0,0.0,0.0,0.0,0.0,0.0,0.0,0.0,0.0,0.0,0.0,0.0,0.0,0.0,0.0,0.0,0.0,0.0,0.0,0.0,0.0,0.0,0.0,0.0,0.0,0.0,0.0,0.0,0.0,0.0,0.0,0.0,0.0,0.8619988376705193,0.8619988363319082,0.8619988348073224,0.8619988330979378,0.8619988312050736,0.8619988291301901,0.8619988268748883,0.861998824440908,0.8619988218301274,0.861998819044561,0.8619988160863578,0.8619988129578002,0.8619988096613022,0.8619988061994069,0.8619988025747859,0.8619987987902354,0.8619987948486756,0.8619987907531474,0.861998786506811,0.8619987821129425,0.8619987775749323,0.8619987728962811,0.8619987680805994,0.8619987631316024,0.8619987580531087,0.8619987528490367,0.8619987475234014,0.8619987420803119,0.861998736523968,0.8619987308586566,0.861998725088749,0.8619987192186965,0.8619987132530289,0.8619987071963485,0.8619987010533284,0.8619986948287085,0.8619986885272914,0.861998682153939,0.0,0.0,0.0,0.0,0.0,0.0,0.0,0.0,0.0,0.0,0.0,0.0,0.0,0.0,0.0,0.0,0.0,0.0,0.0,0.0,0.0,0.0,0.0,0.0,0.0,0.0,0.0,0.0,0.0,0.0,0.0,0.0,-0.871274089293053,-0.8712743568379441,-0.8712745535342886,-0.8712746783520411,-0.8712747306069905,-0.8712747099641518,-0.8712746164394631,-0.8712744503997706,-0.8712742125611111,-0.8712739039852934,-0.8712735260747966,-0.8712730805660154,-0.8712725695208753,-0.8712719953168697,-0.8712713606355575,-0.8712706684495862,-0.8712699220082943,-0.8712691248219734,-0.871268280644858,-0.8712673934569296,-0.8712664674446261,-0.8712655069805455,0.8712436520105212,0.8712436517604757,0.871243651683227,0.8712436517788348,0.8712436520472252,0.8712436524881911,0.8712436531013923,0.8712436538863556,0.8712436548424757,0.8712436559690143,0.8712436572651028,0.8712436587297409,0.8712436603617986,0.8712436621600168,0.8712436641230077,0.8712436662492572,0.8712436685371245,0.8712436709848446,0.8712436735905288,0.8712436763521667,0.8712436792676276,0.8712436823346619,0.8712436855509035,0.8712436889138706,0.8712436924209687,0.8712436960694916,0.8712436998566245,0.8712437037794456,0.8712437078349279,0.8712437120199424,0.8712437163312605,0.8712437207655552,0.8712437253194056,0.8712437299892981,0.8712437347716296,0.8712437396627102,0.8712437446587663,0.8712437497559432,0.8712437549503078,0.8712437602378527,0.8712437656144982,0.8712437710760957,0.8712437766184318,0.8712437822372298,0.8712437879281546,0.8712437936868155,0.8712437995087692,0.8712438053895237,0.871243811324542,0.8712438173092446,0.871243823339014,0.8712438294091982,0.8712438355151133,0.8712438416520483,0.8712438478152685,0.8712438540000186,0.8712438602015266,0.8712438664150074,0.8712438726356676,0.8712438788587071,0.8712438850793246,0.8712438912927208,0.8712438974941014,0.8712439036786819,0.8712439098416904,0.8712439159783718,0.8712439220839916,0.8712439281538387,0.8712439341832298,0.871243940167513,0.8712439461020712,0.8712439519823255,0.8712439578037388,0.8712439635618199,0.8712439692521257,0.871243974870266,0.8712439804119061,0.8712439858727704,0.8712439912486455,0.8712439965353835,-0.8712698878251602,-0.871269345671543,-0.8712687450852378,-0.8712680890125483,-0.8712673806749114,-0.8712666235531787,-0.8712658213706315,-0.8712649780748082,-0.8712640978182384,-0.8712631849381746,-0.8712622439354183,-0.871261279452349,0.0,0.0,0.0,0.0,0.0,0.0,0.0,0.0,0.0,0.0,0.0,0.0,0.0,0.0,0.0,0.0,0.0,0.0,0.0
0.8712440697410079,0.8712440727773797,0.8712440756617108,0.8712440783917751,0.8712440809654666,0.8712440833807996,0.8712440856359105,0.8712440877290593,0.8712440896586309,0.8712440914231365,0.8712440930212151,0.8712440944516332,0.8712440957132876,0.8712440968052044,0.8712440977265413,0.8712440984765877,0.8712440990547645,0.871244099460626,0.8712440996938585,0.8712440997542826,0.8712440996418516,0.8712440993566518,0.8712440988989039,0.8712440982689605,0.8712440974673079,0.8712440964945647,0.8712440953514812,0.8712440940389398,-0.8712719093911234,-0.8712715315386826,-0.8712710893451345,-0.8712705851348084,-0.8712700215352189,-0.8712694014641291,-0.8712687281151973,-0.8712680049422816,-0.8712672356424731,-0.8712664241379462,-0.8712655745567113,-0.8712646912123638,-0.8712637785829311,-0.8712628412889168,-0.8712618840706532,-0.8712609117650693,-0.8712599292819899,-0.871258941580081,-0.8712579536425571,0.0,0.0,0.0,0.0,0.0,0.0,0.0,0.0,0.0,0.0,0.0,0.0,0.0,0.0,0.0,0.0,0.0,0.0,0.0,0.0,0.0,0.0,0.0,0.0,0.0,0.0,0.0,0.0,0.0,0.0,0.0,0.0,0.0,-0.871250559396564,-0.8712513869413476,-0.8712522556463335,-0.8712531613399526,-0.8712540996658497,-0.8712550661040606,0.8712438106917028,0.8712438047622316,0.871243798887508,0.8712437930720647,0.8712437873203887,0.8712437816369173,0.871243776026036,0.8712437704920739,0.8712437650393009,0.8712437596719236,0.8712437543940835,0.8712437492098529,0.8712437441232317,0.8712437391381442,0.8712437342584369,0.8712437294878748,0.8712437248301383,0.8712437202888217,0.8712437158674282,0.8712437115693697,0.8712437073979622,0.871243703356424,0.8712436994478735,0.8712436956753264,0.8712436920416934,0.8712436885497781,0.8712436852022746,0.8712436820017655,0.8712436789507206,0.8712436760514938,0.8712436733063217,0.8712436707173228,0.8712436682864944,0.8712436660157119,0.8712436639067276,0.8712436619611684,0.8712436601805359,0.8712436585662036,0.871243657119417,0.8712436558412923,0.8712436547328161,0.871243653794843,0.8712436530280974,0.8712436524331704,0.0,0.0,0.0,0.0,0.0,0.0,0.0,0.0,0.0,0.0,0.0,0.0,0.0,0.0,0.0,0.0,0.0,0.0,0.0,0.0,0.0,0.0,0.0,0.0,0.0,0.0,0.0,0.0,0.0,0.0,0.0,0.0,0.0,0.0,0.0,0.0,0.0,0.0,0.0,0.0,0.0,0.0,0.0,0.0,0.0,0.0,0.0,0.0,0.0,0.0,0.0,0.0,0.0,0.0,0.0,0.0,0.0,0.0,0.0,0.0,0.0,0.0,0.0,0.0,0.0,0.0,0.0,0.0,0.0,0.0,0.0,0.0,0.0,0.0,0.0,0.0,0.0,0.0,0.0,0.0,0.8712440017289054,0.8712440068252043,0.8712440118203478,0.8712440167104823,0.8712440214918344,0.8712440261607152,0.8712440307135222,0.8712440351467429,0.8712440394569568,0.8712440436408381,0.8712440476951588,0.8712440516167911,0.8712440554027088,0.8712440590499909,0.8712440625558235,0.8712440659175018,0.8712440691324316,0.8712440721981326,0.8712440751122396,0.8712440778725041,0.8712440804767964,0.8712440829231073,0.871244085209549,0.8712440873343574,0.8712440892958934,0.8712440910926434,0.8712440927232213,0.8712440941863685,0.8712440954809566,0.8712440966059866,0.8712440975605904
0.0,0.0,0.0,0.0,0.0,0.0,0.0,0.0,0.0,0.0,0.0,0.0,0.0,0.0,0.0,0.0,0.0,0.0,0.0,0.0,0.0,0.0,0.0,0.0,0.0,0.0,0.0,0.0,0.8712440925579525,0.8712440909096625,0.8712440890953413,0.8712440871163889,0.8712440849743323,0.8712440826708238,0.871244080207641,0.8712440775866842,0.8712440748099758,0.8712440718796582,0.871244068797992,0.8712440655673553,0.8712440621902404,0.8712440586692531,0.8712440550071101,0.8712440512066366,0.8712440472707652,0.8712440432025326,0.8712440390050776,0.8712440346816389,0.871244030235552,0.8712440256702475,0.8712440209892479,0.8712440161961647,0.8712440112946961,0.8712440062886236,0.8712440011818101,0.8712439959781955,0.8712439906817947,0.8712439852966942,0.8712439798270492,0.8712439742770792,0.8712439686510669,0.8712439629533529,0.8712439571883331,0.8712439513604558,0.8712439454742176,0.8712439395341597,0.8712439335448654,0.8712439275109556,0.8712439214370862,0.8712439153279431,0.8712439091882401,0.8712439030227144,0.8712438968361227,0.8712438906332384,0.8712438844188475,0.8712438781977447,0.8712438719747301,0.8712438657546049,0.8712438595421682,0.8712438533422133,0.871243847159524,0.8712438409988702,0.8712438348650056,0.8712438287626625,0.8712438226965493,0.8712438166713466,0.0,0.0,0.0,0.0,0.0,0.0,0.0,0.0,0.0,0.0,0.0,0.0,0.0,0.0,0.0,0.0,0.0,0.0,0.0,0.0,0.0,0.0,0.0,0.0,0.0,0.0,0.0,0.0,0.0,0.0,0.0,0.0,0.0,-0.8805101995195567,-0.8805097772290098,-0.880509301295225,-0.8805087739771228,-0.8805081977798285,-0.8805075754425146,-0.8805069099251043,-0.880506204393903,-0.8805054622062288,-0.8805046868941127,-0.8805038821471539,-0.8805030517946081,-0.8805021997868001,-0.880501330175949,-0.8805004470965003,-0.8804995547450607,-0.8804986573600322,-0.8804977592010478,-0.8804968645283037,0.8804850035899324,0.8804850064513798,0.8804850094470239,0.8804850125745536,0.8804850158315557,0.8804850192155174,0.8804850227238276,0.8804850263537795,0.8804850301025727,0.8804850339673144,0.8804850379450229,0.8804850420326291,0.8804850462269793,0.8804850505248374,0.8804850549228872,0.8804850594177355,0.880485064005914,0.880485068683883,0.8804850734480331,0.8804850782946885,0.8804850832201095,0.8804850882204964,0.8804850932919904,0.8804850984306793,0.8804851036325978,0.8804851088937325,0.8804851142100242,0.8804851195773712,0.880485124991632,0.8804851304486293,0.8804851359441529,0.8804851414739626,0.8804851470337917,0.8804851526193506,0.8804851582263298,0.8804851638504031,0.8804851694872312,0.8804851751324653,0.8804851807817493,0.8804851864307247,0.880485192075033,0.8804851977103195,0.8804852033322358,0.8804852089364447,0.8804852145186219,0.8804852200744608,0.8804852255996746,0.8804852310900001,0.8804852365412015,0.8804852419490728,0.8804852473094416,0.8804852526181718,0.8804852578711677,0.8804852630643762,0.8804852681937906,0.880485273255453,0.8804852782454583,0.8804852831599561,0.8804852879951549,0.8804852927473241,0.880485297412797,0.8804853019879738,0.8804853064693249,0.8804853108533922,-0.8805088696394974,-0.8805088513172132,-0.8805087732455045,-0.8805086357336335,-0.8805084393845296,-0.880508185091902,-0.8805078740359321,-0.8805075076775685,-0.8805070877514486,-0.8805066162574836,-0.8805060954511488,-0.8805055278325233,-0.8805049161341362,-0.8805042633076751,-0.8805035725096259,0.0,0.0,0.0,0.0,0.0,0.0,0.0,0.0,0.0,0.0,0.0,0.0,0.0,0.0,0.0,0.0,0.0,0.0,0.0,0.0,0.0,0.0,0.0,0.0
0.8804853806869092,0.8804853815905994,0.8804853823390457,0.8804853829316706,0.880485383368017,0.8804853836477482,0.8804853837706481,0.8804853837366226,0.8804853835456972,0.8804853831980194,0.8804853826938577,0.8804853820336006,0.8804853812177581,0.8804853802469593,0.8804853791219536,0.8804853778436085,0.8804853764129108,0.8804853748309639,0.8804853730989886,-0.8805086704700538,-0.8805088773319775,-0.8805090251702378,-0.8805091133739338,-0.8805091416259806,-0.8805091099045689,-0.8805090184831812,-0.8805088679291675,-0.8805086591008862,-0.8805083931434244,-0.8805080714829199,-0.8805076958195092,-0.8805072681189401,-0.8805067906028878,-0.8805062657380216,-0.8805056962238762,-0.8805050849795861,-0.8805044351295501,0.0,0.0,0.0,0.0,0.0,0.0,0.0,0.0,0.0,0.0,0.0,0.0,0.0,0.0,0.0,0.0,0.0,0.0,0.0,0.0,0.0,0.0,0.0,0.0,0.0,0.0,0.0,0.0,0.0,0.0,0.0,0.0,0.0,0.0,0.0,0.0,0.0,0.0,0.0,0.0,0.0,0.0,0.0,0.0,0.0,0.0,0.0,0.0,0.0,-0.880495402145746,-0.8804962678672019,-0.8804971452904207,-0.8804980302233176,-0.8804989184333091,-0.880499805667871,-0.8805006876751993,-0.8805015602248701,-0.8805024191283991,0.8804850218743236,0.880485018395485,0.8804850150416277,0.8804850118153393,0.8804850087191092,0.8804850057553261,0.8804850029262771,0.8804850002341447,0.8804849976810062,0.8804849952688311,0.8804849929994808,0.8804849908747063,0.8804849888961469,0.8804849870653292,0.8804849853836657,0.8804849838524539,0.8804849824728752,0.880484981245994,0.8804849801727571,0.8804849792539924,0.8804849784904089,0.8804849778825955,0.8804849774310212,0.8804849771360348,0.8804849769978634,0.880484977016614,0.8804849771922717,0.8804849775247015,0.8804849780136466,0.8804849786587297,0.8804849794594531,0.8804849804151993,0.8804849815252306,0.8804849827886906,0.8804849842046043,0.8804849857718796,0.8804849874893071,0.8804849893555617,0.8804849913692036,0.8804849935286789,0.8804849958323215,0.8804849982783542,0.8804850008648899,0.0,0.0,0.0,0.0,0.0,0.0,0.0,0.0,0.0,0.0,0.0,0.0,0.0,0.0,0.0,0.0,0.0,0.0,0.0,0.0,0.0,0.0,0.0,0.0,0.0,0.0,0.0,0.0,0.0,0.0,0.0,0.0,0.0,0.0,0.0,0.0,0.0,0.0,0.0,0.0,0.0,0.0,0.0,0.0,0.0,0.0,0.0,0.0,0.0,0.0,0.0,0.0,0.0,0.0,0.0,0.0,0.0,0.0,0.0,0.0,0.0,0.0,0.0,0.0,0.8804853151367935,0.8804853193162239,0.8804853233884584,0.8804853273503553,0.8804853311988579,0.8804853349309967,0.8804853385438919,0.8804853420347566,0.8804853454008967,0.8804853486397155,0.8804853517487139,0.8804853547254929,0.8804853575677563,0.8804853602733107,0.8804853628400688,0.8804853652660501,0.8804853675493829,0.8804853696883054,0.8804853716811674,0.8804853735264311,0.880485375222673,0.8804853767685841,0.8804853781629719,0.8804853794047607,0.8804853804929919,0.8804853814268261,0.8804853822055427,0.8804853828285414,0.8804853832953407,0.880485383605581,0.8804853837590229,0.8804853837555477,0.8804853835951583,0.8804853832779785,0.8804853828042529,0.880485382174347,0.880485381388747,0.8804853804480587,0.8804853793530083
0.0,0.0,0.0,0.0,0.0,0.0,0.0,0.0,0.0,0.0,0.0,0.0,0.0,0.0,0.0,0.0,0.0,0.0,0.0,0.8804853712183214,0.880485369190413,0.8804853670168282,0.8804853646992441,0.8804853622394486,0.8804853596393399,0.880485356900924,0.8804853540263137,0.8804853510177268,0.880485347877485,0.8804853446080106,0.8804853412118269,0.8804853376915535,0.8804853340499069,0.8804853302896969,0.8804853264138246,0.8804853224252802,0.8804853183271415,0.8804853141225703,0.8804853098148105,0.8804853054071861,0.8804853009030973,0.8804852963060198,0.8804852916195004,0.8804852868471547,0.8804852819926651,0.880485277059777,0.8804852720522964,0.8804852669740871,0.8804852618290668,0.8804852566212055,0.8804852513545213,0.8804852460330775,0.8804852406609802,0.8804852352423741,0.8804852297814402,0.8804852242823914,0.8804852187494709,0.8804852131869477,0.8804852075991134,0.8804852019902796,0.8804851963647734,0.8804851907269354,0.8804851850811157,0.8804851794316702,0.8804851737829575,0.8804851681393365,0.8804851625051611,0.8804851568847784,0.880485151282525,0.8804851457027232,0.8804851401496783,0.8804851346276746,0.8804851291409727,0.8804851236938059,0.880485118290377,0.8804851129348551,0.8804851076313722,0.8804851023840201,0.8804850971968476,0.8804850920738572,0.8804850870190007,0.880485082036179,0.8804850771292363,0.8804850723019586,0.8804850675580704,0.880485062901232,0.8804850583350362,0.8804850538630061,0.8804850494885922,0.8804850452151697,0.8804850410460356,0.8804850369844067,0.8804850330334167,0.8804850291961143,0.8804850254754595,0.0,0.0,0.0,0.0,0.0,0.0,0.0,0.0,0.0,0.0,0.0,0.0,0.0,0.0,0.0,0.0,0.0,0.0,0.0,0.0,0.0,0.0,0.0,0.0,0.0,0.0,0.0,0.0,0.0,0.0,0.0,0.0,0.0,0.0,0.0,0.0,0.0,0.0,0.0,0.0,0.0,0.0,0.0,0.0,0.0,0.0,0.0,0.0,0.0,-0.8897277871853555,-0.8897271900025654,-0.8897266247199889,-0.8897260939922621,-0.8897256003026042,-0.8897251459507981,-0.8897247330420714,0.8897224073216567,0.8897224121692668,0.8897224170610524,0.8897224219932387,0.8897224269620206,0.8897224319635643,0.8897224369940108,0.8897224420494788,0.8897224471260677,0.8897224522198609,0.889722457326928,0.8897224624433286,0.8897224675651152,0.8897224726883362,0.8897224778090385,0.8897224829232714,0.8897224880270888,0.8897224931165528,0.8897224981877369,0.8897225032367282,0.889722508259631,0.88972251325257,0.8897225182116929,0.8897225231331733,0.8897225280132143,0.8897225328480504,0.8897225376339515,0.8897225423672246,0.8897225470442182,0.8897225516613233,0.8897225562149779,0.8897225607016684,0.8897225651179332,0.8897225694603649,0.8897225737256128,0.8897225779103863,0.8897225820114568,0.8897225860256595,0.8897225899498976,-0.8897391057338613,-0.8897396133009468,-0.8897400859766696,-0.8897405213222984,-0.8897409170827651,-0.8897412711977594,-0.8897415818118668,-0.8897418472837143,-0.8897420661940658,-0.8897422373528354,-0.889742359804982,-0.8897424328352572,-0.8897424559717821,-0.8897424289884374,-0.8897423519060507,-0.8897422249923824,-0.889742048760903,-0.8897418239683718,0.0,0.0,0.0,0.0,0.0,0.0,0.0,0.0,0.0,0.0,0.0,0.0,0.0,0.0,0.0,0.0,0.0,0.0,0.0,0.0,0.0,0.0,0.0,0.0,0.0,0.0,0.0,0.0,0.0,0.0,0.0,0.0,0.0
0.8897226510651051,0.889722650105473,0.889722649006435,0.8897226477688392,0.8897226463936405,0.8897226448818999,0.8897226432347837,0.8897226414535628,0.8897226395396116,0.8897226374944066,-0.8897382998571435,-0.8897388452143079,-0.889739356272877,-0.8897398305645006,-0.8897402658040571,-0.8897406599007682,-0.8897410109683648,-0.8897413173342521,-0.8897415775476316,-0.8897417903865386,-0.8897419548637616,-0.8897420702316147,-0.8897421359855399,-0.8897421518665216,-0.8897421178623014,-0.8897420342073878,0.0,0.0,0.0,0.0,0.0,0.0,0.0,0.0,0.0,0.0,0.0,0.0,0.0,0.0,0.0,0.0,0.0,0.0,0.0,0.0,0.0,0.0,0.0,0.0,0.0,0.0,0.0,0.0,0.0,0.0,0.0,0.0,0.0,0.0,0.0,0.0,0.0,0.0,0.0,0.0,0.0,0.0,0.0,0.0,0.0,0.0,0.0,0.0,0.0,0.0,0.0,0.0,0.0,0.0,0.0,0.0,0.0,0.0,0.0,0.0,0.0,0.0,0.0,0.0,0.0,0.0,0.0,0.0,-0.8897367761635212,-0.88973749188871,-0.8897381894434571,-0.8897388655213472,-0.8897395169172775,-0.8897401405430062,-0.8897407334421351,-0.889741292804451,-0.8897418159795589,-0.8897423004897396,0.8897222855440198,0.8897222852149138,0.8897222850279349,0.8897222849832281,0.8897222850808273,0.8897222853206573,0.8897222857025333,0.8897222862261606,0.889722286891135,0.8897222876969434,0.8897222886429643,0.8897222897284677,0.889722290952616,0.889722292314465,0.8897222938129637,0.889722295446956,0.8897222972151809,0.8897222991162747,0.88972230114877,0.889722303311099,0.8897223056015934,0.8897223080184857,0.8897223105599112,0.8897223132239092,0.889722316008424,0.8897223189113076,0.8897223219303197,0.8897223250631315,0.8897223283073258,0.8897223316603993,0.8897223351197648,0.8897223386827537,0.8897223423466165,0.8897223461085266,0.8897223499655813,0.889722353914805,0.8897223579531502,0.8897223620775014,0.8897223662846763,0.8897223705714288,0.8897223749344518,0.8897223793703786,0.8897223838757867,0.8897223884471999,0.8897223930810914,0.8897223977738856,0.8897224025219618,0.0,0.0,0.0,0.0,0.0,0.0,0.0,0.0,0.0,0.0,0.0,0.0,0.0,0.0,0.0,0.0,0.0,0.0,0.0,0.0,0.0,0.0,0.0,0.0,0.0,0.0,0.0,0.0,0.0,0.0,0.0,0.0,0.0,0.0,0.0,0.0,0.0,0.0,0.0,0.8897225937811434,0.8897225975164407,0.8897226011529076,0.8897226046877384,0.8897226081182057,0.8897226114416626,0.8897226146555451,0.8897226177573734,0.8897226207447543,0.8897226236153827,0.889722626367044,0.8897226289976148,0.889722631505066,0.8897226338874624,0.8897226361429662,0.889722638269837,0.8897226402664339,0.8897226421312163,0.8897226438627456,0.8897226454596856,0.8897226469208043,0.8897226482449742,0.8897226494311739,0.8897226504784881,0.8897226513861085,0.8897226521533351,0.8897226527795759,0.8897226532643475,0.8897226536072762,0.8897226538080972,0.8897226538666556,0.8897226537829063,0.8897226535569137,0.8897226531888524,0.8897226526790064,0.8897226520277687,0.8897226512356422,0.8897226503032377,0.8897226492312751,0.889722648020581,0.8897226466720897,0.8897226451868416,0.8897226435659826,0.8897226418107637,0.8897226399225386,0.8897226379027644,0.8897226357529996,-0.8897238459762091,0.0,0.0,0.0
0.0,0.0,0.0,0.0,0.0,0.0,0.0,0.0,0.0,0.0,0.889722635319526,0.8897226330166478,0.8897226305875489,0.8897226280341031,0.8897226253582811,0.8897226225621467,0.8897226196478581,0.8897226166176634,0.8897226134739005,0.8897226102189952,0.8897226068554585,0.889722603385886,0.8897225998129543,0.8897225961394205,0.8897225923681188,0.8897225885019586,0.8897225845439233,0.8897225804970667,0.8897225763645109,0.8897225721494446,0.8897225678551199,0.8897225634848503,0.8897225590420076,0.8897225545300194,0.8897225499523672,0.8897225453125831,0.8897225406142468,0.8897225358609832,0.8897225310564598,0.8897225262043834,0.8897225213084982,0.8897225163725808,0.8897225114004402,0.8897225063959127,0.8897225013628589,0.8897224963051628,0.8897224912267264,0.889722486131468,0.889722481023319,0.8897224759062202,0.8897224707841203,0.8897224656609708,0.8897224605407249,0.889722455427333,0.8897224503247402,0.8897224452368835,0.8897224401676886,0.8897224351210665,0.8897224301009111,0.8897224251110958,0.8897224201554702,0.8897224152378582,0.8897224103620536,0.8897224055318187,0.8897224007508799,0.8897223960229266,0.8897223913516061,0.8897223867405228,0.8897223821932344,0.8897223777132492,0.8897223733040243,0.889722368968961,0.8897223647114044,0.8897223605346393,0.8897223564418885,0.8897223524363095,0.889722348520993,0.8897223446989596,0.8897223409731589,0.8897223373464647,0.8897223338216759,0.8897223304015117,0.8897223270886109,0.8897223238855297,0.8897223207947397,0.8897223178186251,0.8897223149594826,0.8897223122195179,0.889722309600845,0.8897223071054846,0.8897223047353617,0.8897223024923052,0.8897223003780458,0.8897222983942147,0.8897222965423424,0.8897222948238577,0.8897222932400868,0.8897222917922516,0.8897222904814687,0.88972228930875,0.8897222882750001,0.8897222873810166,0.8897222866274893,0.8897222860149995,0.0,0.0,0.0,0.0,0.0,0.0,0.0,0.0,0.0,0.0,0.0,0.0,0.0,0.0,0.0,0.0,0.0,0.0,0.0,0.0,0.0,0.0,0.0,0.0,0.0,0.0,0.0,0.0,0.0,0.0,0.0,0.0,0.0,0.0,0.0,0.0,0.0,0.0,0.0,0.0,0.0,0.0,0.0,0.0,0.0,0.0,0.0,0.0,0.0,0.0,0.0,0.0,0.0,0.0,0.0,0.0,0.0,0.0,0.0,0.0,0.0,0.0,0.0,0.0,0.0,0.0,0.0,0.0,0.0,0.0,0.0,-0.8989618295397379,-0.8989623712261219,-0.8989629241907355,-0.8989634856089382,-0.8989640526136886,-0.8989646223096129,-0.8989651917872139,-0.898965758137149,-0.8989663184645076,-0.898966869903021,-0.8989674096291317,-0.8989679348758559,-0.8989684429463709,-0.8989689312272621,-0.8989693972013617,-0.8989698384601212,-0.8989702527154534,0.0,0.0,0.0,0.0,0.0,0.0,0.0,0.0,0.0,0.0,0.0,0.0,0.0,0.0,0.0,0.0,0.0,0.0,0.0,0.0,0.0,0.0,0.0,0.0,0.0,0.0,0.0,0.0,0.0,0.0,0.0,0.0,0.0,0.0,0.0,0.0,0.0,0.0,0.0,0.0,0.0,0.0,0.0,0.0,0.0,0.8897226334749025,0.8897226310702312,0.8897226285408408,0.8897226258886827
0.8989558477636114,-0.898963872772511,-0.8989644565812519,-0.8989650353717001,-0.8989656062633514,-0.8989661664176481,-0.8989667130518534,-0.8989672434526503,-0.8989677549894016,-0.8989682451270018,0.0,0.0,0.0,0.0,0.0,0.0,0.0,0.0,0.0,0.0,0.0,0.0,0.0,0.0,0.0,0.0,0.0,0.0,0.0,0.0,0.0,0.0,0.0,0.0,0.0,0.0,0.0,0.0,0.0,0.0,0.0,0.0,0.0,0.0,0.0,0.0,0.0,0.0,0.0,0.0,0.0,0.0,0.0,0.0,0.0,0.0,0.0,0.0,0.0,0.0,0.0,0.0,0.0,0.0,0.0,0.0,0.0,0.0,0.0,0.0,0.0,0.0,0.0,0.0,0.0,0.0,0.0,0.0,0.0,0.0,0.0,0.0,0.0,0.0,0.0,0.0,0.0,0.0,0.0,0.0,0.0,0.0,0.0,0.0,0.0,0.0,0.0,0.0,0.0,0.0,0.0,0.0,-0.898971573634577,-0.898971985690538,-0.8989723639439994,-0.8989727066503204,-0.8989730122353058,-0.8989732793028039,-0.898973506641437,-0.8989736932304357,-0.8989738382445462,-0.8989739410579866,-0.8989740012474343,0.8989555581729175,0.898955560537997,0.8989555630130561,0.8989555655961853,0.8989555682853916,0.8989555710786,0.8989555739736556,0.8989555769683245,0.8989555800602963,0.8989555832471852,0.8989555865265325,0.8989555898958081,0.898955593352412,0.8989555968936779,0.8989556005168728,0.8989556042192017,0.8989556079978078,0.898955611849776,0.898955615772134,0.8989556197618556,0.8989556238158624,0.8989556279310265,0.8989556321041732,0.8989556363320821,0.8989556406114916,0.8989556449390996,0.8989556493115675,0.8989556537255213,0.8989556581775557,0.8989556626642353,0.8989556671820988,0.8989556717276602,0.8989556762974126,0.8989556808878297,0.8989556854953703,0.8989556901164789,0.8989556947475905,0.8989556993851318,0.8989557040255245,0.8989557086651885,0.8989557133005439,0.8989557179280143,0.8989557225440294,0.8989557271450278,0.8989557317274594,0.8989557362877886,0.8989557408224969,0.8989557453280854,0.8989557498010781,0.8989557542380233,0.8989557586354985,0.89895576299011,0.8989557672984984,0.8989557715573393,0.8989557757633467,0.8989557799132758,0.8989557840039245,0.8989557880321367,0.8989557919948042,0.89895579588887,0.8989557997113291,0.8989558034592325,0.8989558071296886,0.8989558107198654,0.8989558142269927,0.8989558176483646,0.8989558209813416,0.8989558242233516,0.8989558273718937,0.8989558304245384,0.8989558333789305,0.8989558362327903,0.8989558389839162,0.8989558416301853,0.898955844169556,0.898955846600069,0.898955848919849,0.8989558511271063,0.8989558532201376,0.8989558551973282,0.8989558570571526,0.8989558587981757,0.8989558604190545,0.8989558619185379,0.8989558632954694,0.8989558645487865,0.8989558656775222,0.8989558666808057,0.8989558675578627,0.8989558683080164,0.8989558689306885,0.8989558694253981,0.8989558697917638,0.8989558700295028,0.8989558701384317,0.8989558701184666,0.8989558699696224,0.8989558696920147,0.898955869285857,0.898955868751463,0.8989558680892451,0.8989558672997139,0.898955866383479,0.898955865341247,0.8989558641738222,0.8989558628821053,0.8989558614670927,0.8989558599298766,0.8989558582716427,0.8989558564936707,0.8989558545973322,0.8989558525840904,0.8989558504554984,0.898955848213199,0.8989558458589219,-0.8989614623463964,-0.8989608625510654,-0.8989602751980673,0.0,0.0,0.0,0.0,0.0,0.0,0.0,0.0,0.0,0.0
0.0,0.8989558453877441,0.8989558429020792,0.8989558403085344,0.8989558376091109,0.8989558348058916,0.8989558319010389,0.8989558288967946,0.8989558257954764,0.8989558225994769,0.8989558193112626,0.8989558159333698,0.8989558124684053,0.898955808919042,0.898955805288019,0.8989558015781376,0.89895579779226,0.8989557939333075,0.8989557900042574,0.898955786008141,0.8989557819480417,0.8989557778270922,0.8989557736484719,0.8989557694154048,0.8989557651311568,0.898955760799034,0.8989557564223783,0.8989557520045667,0.898955747549008,0.8989557430591396,0.8989557385384259,0.8989557339903548,0.8989557294184353,0.8989557248261951,0.8989557202171773,0.8989557155949377,0.898955710963043,0.8989557063250668,0.8989557016845878,0.8989556970451861,0.8989556924104412,0.8989556877839294,0.8989556831692199,0.8989556785698736,0.8989556739894389,0.8989556694314499,0.8989556648994232,0.8989556603968558,0.8989556559272217,0.8989556514939693,0.8989556471005189,0.8989556427502605,0.8989556384465507,0.8989556341927099,0.89895562999202,0.8989556258477227,0.8989556217630146,0.898955617741048,0.8989556137849259,0.8989556098977006,0.8989556060823714,0.8989556023418817,0.8989555986791179,0.8989555950969058,0.8989555915980095,0.8989555881851283,0.8989555848608957,0.8989555816278763,0.8989555784885647,0.8989555754453828,0.8989555725006789,0.898955569656725,0.8989555669157149,0.8989555642797641,0.8989555617509059,0.8989555593310917,0.8989555570221882,0.8989555548259774,0.8989555527441533,0.8989555507783222,0.8989555489300013,0.898955547200616,0.898955545591501,0.8989555441038979,0.8989555427389543,0.8989555414977234,0.8989555403811628,0.8989555393901338,0.8989555385254017,0.8989555377876329,0.8989555371773972,0.898955536695165,0.8989555363413088,0.8989555361161014,0.8989555360197165,0.8989555360522283,0.8989555362136121,0.8989555365037433,0.8989555369223979,0.8989555374692529,0.8989555381438866,0.8989555389457781,0.898955539874309,0.8989555409287631,0.8989555421083261,0.8989555434120885,0.8989555448390442,0.8989555463880923,0.8989555480580373,0.8989555498475911,0.8989555517553729,0.8989555537799109,0.8989555559196427,0.0,0.0,0.0,0.0,0.0,0.0,0.0,0.0,0.0,0.0,0.0,0.0,0.0,0.0,0.0,0.0,0.0,0.0,0.0,0.0,0.0,0.0,0.0,0.0,0.0,0.0,0.0,0.0,0.0,0.0,0.0,0.0,0.0,0.0,0.0,0.0,0.0,0.0,0.0,0.0,0.0,0.0,0.0,0.0,0.0,0.0,0.0,0.0,0.0,0.0,0.0,0.0,0.0,0.0,0.0,0.0,0.0,0.0,0.0,0.0,0.0,0.0,0.0,0.0,0.0,0.0,0.0,0.0,0.0,0.0,0.0,0.0,0.0,0.0,0.0,0.0,0.0,0.0,0.0,0.0,0.0,0.0,0.0,0.0,0.0,0.0,0.0,0.0,0.0,0.0,0.0,0.0,0.0,0.0,0.0,0.0,0.0,0.0,0.0,0.0,0.0,0.0,0.0,0.0,0.0,0.0,0.0,0.0,0.0,0.0,0.0,0.0,0.0,0.0,0.0,0.8989558433944836,0.8989558408217856,0.8989558381428129,0.8989558353596325,0.8989558324743918,0.8989558294893168,0.8989558264067107,0.898955823228952,0.8989558199584925,0.8989558165978553,0.8989558131496336,0.8989558096164878,0.8989558060011439
0.0,0.0,0.0,0.0,0.0,0.0,0.0,0.0,0.0,0.0,0.0,0.0,0.0,0.0,0.0,0.0,0.0,0.0,0.0,0.0,0.0,0.0,0.0,0.0,0.0,0.0,0.0,0.0,0.0,0.0,0.0,0.0,0.0,0.0,0.0,0.0,0.0,0.0,0.0,0.0,0.0,0.0,0.0,0.0,0.0,0.0,0.0,0.0,0.0,0.0,0.0,0.0,0.0,0.0,0.0,0.0,0.0,0.0,0.0,0.0,0.0,0.0,0.0,0.0,0.0,0.0,0.0,0.0,0.0,0.0,0.0,0.0,0.0,0.0,0.0,0.0,0.0,0.0,0.0,0.0,0.0,0.0,0.0,0.0,0.0,0.0,0.0,0.0,0.0,0.0,0.0,0.0,0.0,0.0,0.0,0.0,0.0,0.0,0.0,0.0,0.0,0.0,0.0,0.0,0.0,0.0,0.0,0.0,0.0,0.0,0.0,0.0,0.0,-0.9081997064286854,-0.9081996956179494,-0.9081996499529328,-0.9081995697507002,-0.908199455494164,-0.9081993078296619,-0.9081991275637363,-0.9081989156591379,-0.9081986732300695,-0.9081984015366934,0.9081847796225536,0.9081847834744817,0.908184787371317,0.9081847913100527,0.9081847952876498,0.9081847993010396,0.9081848033471251,0.9081848074227852,0.9081848115248746,0.9081848156502287,0.9081848197956646,0.9081848239579837,0.9081848281339746,0.9081848323204151,0.9081848365140756,0.90818484071172,0.9081848449101098,0.9081848491060057,0.9081848532961705,0.9081848574773708,0.9081848616463809,0.9081848657999841,0.9081848699349757,0.9081848740481654,0.9081848781363795,0.9081848821964636,0.9081848862252853,0.9081848902197363,0.9081848941767345,0.9081848980932267,0.9081849019661914,0.90818490579264,0.9081849095696207,0.9081849132942188,0.908184916963561,0.9081849205748159,0.9081849241251976,0.9081849276119665,0.908184931032432,0.9081849343839559,0.9081849376639517,0.9081849408698887,0.9081849439992935,0.9081849470497516,0.9081849500189093,0.9081849529044759,0.908184955704225,0.9081849584159961,0.9081849610376973,0.9081849635673057,0.9081849660028695,0.9081849683425096,0.9081849705844206,0.9081849727268733,0.908184974768214,0.9081849767068683,0.90818497854134,0.9081849802702139,0.908184981892156,0.9081849834059149,0.9081849848103226,0.9081849861042954,0.9081849872868354,0.9081849883570298,0.908184989314053,0.9081849901571665,0.9081849908857199,0.908184991499151,0.9081849919969867,0.9081849923788426,0.9081849926444245,0.908184992793527,0.9081849928260354,0.9081849927419243,0.9081849925412591,0.9081849922241939,0.908184991790974,0.9081849912419334,0.9081849905774957,0.9081849897981737,0.9081849889045684,0.9081849878973695,0.908184986777354,0.908184985545386,0.9081849842024162,0.9081849827494807,0.9081849811877005,0.9081849795182808,0.9081849777425093,0.9081849758617563,0.908184973877473,0.9081849717911901,0.9081849696045177,0.9081849673191424,0.908184964936828,-0.9081947300823258,-0.9081942586467205,-0.9081937736049291,-0.9081932772087216,-0.9081927717669616,0.0,0.0,0.0,0.0,0.0,0.0,0.0,0.0,0.0,0.0,0.0,0.0,0.0,0.0,0.0,0.0,0.0,0.0
0.9081849388358149,0.9081849355823993,0.9081849322565311,0.9081849288607765,0.9081849253977554,0.9081849218701395,0.9081849182806508,0.9081849146320589,0.9081849109271786,0.9081849071688685,0.9081849033600283,0.9081848995035969,0.9081848956025497,0.9081848916598966,0.9081848876786793,0.9081848836619699,0.9081848796128674,0.908184875534496,0.9081848714300019,0.9081848673025527,0.9081848631553323,0.9081848589915408,0.9081848548143908,0.9081848506271052,0.9081848464329147,0.9081848422350555,0.9081848380367659,0.9081848338412859,0.908184829651852,0.9081848254716969,0.9081848213040455,0.9081848171521139,0.9081848130191049,0.9081848089082079,0.908184804822594,0.9081848007654163,0.9081847967398046,0.908184792748865,0.9081847887956768,-0.9081936979177931,-0.9081932469681081,-0.9081927850702787,-0.9081923145065447,-0.9081918376047826,-0.9081913567271356,-0.9081908742584756,-0.9081903925947513,-0.9081899141312814,0.0,0.0,0.0,0.0,0.0,0.0,0.0,0.0,0.0,0.0,0.0,0.0,0.0,0.0,0.0,0.0,0.0,0.0,0.0,0.0,0.0,0.0,0.0,0.0,0.0,0.0,0.0,0.9081846931223725,0.9081846924050018,0.908184691802803,0.9081846913162414,0.9081846909456915,0.9081846906914401,0.9081846905536828,0.9081846905325259,0.908184690627986,0.9081846908399894,0.9081846911683723,0.9081846916128816,0.9081846921731741,0.9081846928488176,0.9081846936392909,0.908184694543984,0.9081846955621989,0.9081846966931498,0.9081846979359646,0.9081846992896839,0.9081847007532637,0.9081847023255742,0.9081847040054027,0.908184705791453,0.9081847076823473,0.908184709676626,0.9081847117727512,0.908184713969105,0.9081847162639933,0.9081847186556452,0.9081847211422155,0.9081847237217853,0.9081847263923649,0.9081847291518934,0.9081847319982419,0.9081847349292141,0.9081847379425487,0.9081847410359208,0.9081847442069437,0.9081847474531707,0.9081847507720971,0.9081847541611621,0.9081847576177512,0.9081847611391972,0.9081847647227831,0.9081847683657441,0.9081847720652693,0.9081847758185045,0.0,0.0,0.0,0.0,0.0,0.0,0.0,0.0,0.0,0.0,0.0,0.0,0.0,0.0,0.0,0.0,0.0,0.0,0.0,0.0,0.0,0.0,0.0,0.0,0.0,0.0,0.0,0.0,0.0,0.0,0.0,0.0,0.0,0.0,0.0,0.0,0.0,0.0,0.0,0.0,0.0,0.0,0.0,0.0,0.0,0.0,0.0,0.0,0.0,0.0,0.0,0.0,0.0,0.0,0.0,0.0,0.0,0.0,0.0,0.0,0.0,0.0,0.0,0.0,0.0,0.0,0.0,0.0,0.0,0.0,0.0,0.0,0.0,0.0,0.0,0.0,0.0,0.0,0.0,0.0,0.0,0.0,0.0,0.0,0.0,0.0,0.0,0.0,0.0,0.0,0.0,0.0,0.0,0.0,0.0,0.9081849624594124,0.9081849598888068,0.908184957226995,0.9081849544760305,0.9081849516380359,0.908184948715201,0.9081849457097805,0.9081849426240937,0.9081849394605209,0.9081849362215038,0.9081849329095406,0.9081849295271872,0.9081849260770529,0.9081849225618001,0.9081849189841406,0.9081849153468348,0.9081849116526894,0.9081849079045546,0.9081849041053222,0.9081849002579233,0.9081848963653265,0.9081848924305354,0.9081848884565856
0.0,0.0,0.0,0.0,0.0,0.0,0.0,0.0,0.0,0.0,0.0,0.0,0.0,0.0,0.0,0.0,0.0,0.0,0.0,0.0,0.0,0.0,0.0,0.0,0.0,0.0,0.0,0.0,0.0,0.0,0.0,0.0,0.0,0.0,0.0,0.0,0.0,0.0,0.0,0.90818478488329,0.9081847810147233,0.9081847771929616,0.9081847734209533,0.9081847697016091,0.9081847660377983,0.908184762432348,0.9081847588880401,0.9081847554076087,0.9081847519937396,0.9081847486490667,0.9081847453761707,0.9081847421775765,0.9081847390557523,0.9081847360131067,0.908184733051987,0.9081847301746782,0.9081847273834002,0.9081847246803065,0.9081847220674828,0.908184719546945,0.9081847171206381,0.9081847147904336,0.9081847125581297,0.9081847104254489,0.9081847083940362,0.9081847064654595,0.9081847046412063,0.9081847029226845,0.9081847013112198,0.9081846998080557,0.9081846984143518,0.9081846971311837,0.9081846959595409,0.9081846949003278,0.9081846939543617,0.0,0.0,0.0,0.0,0.0,0.0,0.0,0.0,0.0,0.0,0.0,0.0,0.0,0.0,0.0,0.0,0.0,0.0,0.0,0.0,0.0,0.0,0.0,0.0,0.0,0.0,0.0,0.0,0.0,0.0,0.0,0.0,0.0,0.0,0.0,0.0,0.0,0.0,0.0,0.0,0.0,0.0,0.0,0.0,0.0,0.0,0.0,0.0,0.0,0.0,0.0,0.0,-0.9174193174944768,-0.9174189917210687,-0.9174186522732503,-0.9174183008888376,-0.9174179393614705,-0.9174175695318103,-0.9174171932785113,0.9174098769800113,0.9174098806605195,0.9174098843140004,0.9174098879376351,0.9174098915286282,0.917409895084209,0.9174098986016336,0.9174099020781888,0.9174099055111921,0.9174099088979943,0.9174099122359829,0.9174099155225821,0.917409918755256,0.9174099219315107,0.9174099250488954,0.9174099281050051,0.9174099310974814,0.9174099340240157,0.9174099368823501,0.917409939670279,0.9174099423856514,0.9174099450263725,0.9174099475904046,0.9174099500757693,0.9174099524805495,0.9174099548028892,0.9174099570409968,0.9174099591931456,0.917409961257675,0.9174099632329921,0.9174099651175728,0.9174099669099629,0.9174099686087799,0.9174099702127129,0.917409971720524,0.9174099731310502,0.9174099744432033,0.9174099756559705,0.9174099767684163,0.9174099777796826,0.9174099786889888,0.9174099794956334,0.9174099801989942,0.9174099807985284,0.9174099812937735,0.9174099816843472,0.9174099819699483,0.9174099821503565,0.9174099822254325,0.9174099821951184,0.9174099820594375,0.9174099818184945,0.9174099814724757,0.9174099810216476,0.9174099804663581,0.9174099798070356,0.9174099790441892,0.9174099781784072,0.9174099772103573,0.9174099761407872,0.9174099749705213,0.917409973700463,0.9174099723315919,0.9174099708649646,0.9174099693017123,0.9174099676430413,0.9174099658902314,0.9174099640446348,0.9174099621076757,0.9174099600808482,0.9174099579657167,0.9174099557639126,-0.917421367736364,-0.9174212291720447,-0.917421063877039,-0.9174208725405341,-0.9174206559780829,-0.9174204151277195,-0.9174201510454798,0.0,0.0,0.0,0.0,0.0,0.0,0.0,0.0,0.0,0.0,0.0,0.0,0.0,0.0,0.0,0.0,0.0,0.0,0.0,0.0,0.0,0.0,0.0,0.0,0.0,0.0,0.0,0.0
0.9174098923499213,0.9174098887668314,0.9174098851504598,0.9174098815035971,0.9174098778290565,0.9174098741296736,0.9174098704083025,0.9174098666678143,0.9174098629110953,0.9174098591410438,0.9174098553605686,0.9174098515725868,0.9174098477800207,0.9174098439857966,0.9174098401928421,0.9174098364040834,0.9174098326224439,0.9174098288508414,0.9174098250921859,0.9174098213493772,0.9174098176253033,0.9174098139228374,0.9174098102448361,-0.9174204532023428,-0.9174204097829367,-0.9174203392424937,-0.9174202418639852,-0.9174201180639678,-0.9174199683905991,-0.9174197935210086,-0.9174195942580385,0.0,0.0,0.0,0.0,0.0,0.0,0.0,0.0,0.0,0.0,0.0,0.0,0.0,0.0,0.0,0.0,0.0,0.0,0.0,0.0,0.0,0.0,0.0,0.0,0.0,0.0,0.0,0.0,0.0,0.0,0.0,0.0,0.0,0.0,0.0,0.0,0.0,0.0,0.0,0.0,0.0,0.0,0.0,0.0,0.0,0.0,0.0,0.0,0.0,0.0,0.0,0.0,0.0,0.0,0.0,0.0,0.0,-0.9174144316371275,-0.9174148570614559,-0.9174152846873823,-0.9174157125439137,0.9174097357171922,0.9174097380121463,0.9174097403901347,0.917409742849322,0.9174097453878114,0.9174097480036438,0.9174097506948014,0.9174097534592074,0.9174097562947292,0.917409759199179,0.9174097621703157,0.9174097652058472,0.9174097683034312,0.9174097714606778,0.9174097746751511,0.9174097779443706,0.9174097812658142,0.9174097846369194,0.9174097880550848,0.9174097915176735,0.9174097950220137,0.9174097985654015,0.9174098021451033,0.917409805758357,0.9174098094023745,0.9174098130743447,0.917409816771434,0.9174098204907905,0.9174098242295439,0.91740982798481,0.9174098317536911,0.9174098355332795,0.917409839320659,0.9174098431129071,0.9174098469070984,0.9174098507003053,0.917409854489601,0.9174098582720618,0.9174098620447694,0.9174098658048132,0.9174098695492917,0.9174098732753161,0.0,0.0,0.0,0.0,0.0,0.0,0.0,0.0,0.0,0.0,0.0,0.0,0.0,0.0,0.0,0.0,0.0,0.0,0.0,0.0,0.0,0.0,0.0,0.0,0.0,0.0,0.0,0.0,0.0,0.0,0.0,0.0,0.0,0.0,0.0,0.0,0.0,0.0,0.0,0.0,0.0,0.0,0.0,0.0,0.0,0.0,0.0,0.0,0.0,0.0,0.0,0.0,0.0,0.0,0.0,0.0,0.0,0.0,0.0,0.0,0.0,0.0,0.0,0.0,0.0,0.0,0.0,0.0,0.0,0.0,0.0,0.0,0.9174099534771352,0.9174099511071486,0.9174099486557812,0.9174099461249245,0.9174099435165315,0.9174099408326144,0.9174099380752441,0.917409935246548,0.9174099323487087,0.9174099293839619,0.9174099263545952,0.9174099232629457,0.9174099201113991,0.9174099169023869,0.9174099136383849,0.9174099103219115,0.9174099069555256,0.9174099035418247,0.9174099000834423,0.917409896583047,0.9174098930433395,0.9174098894670507,0.9174098858569403,0.9174098822157932,0.9174098785464192,0.9174098748516493,0.9174098711343341,0.9174098673973418,0.9174098636435555,0.9174098598758718,0.9174098560971974,0.9174098523104479,0.9174098485185448,0.917409844724414,0.917409840930983
0.0,0.0,0.0,0.0,0.0,0.0,0.0,0.0,0.0,0.0,0.0,0.0,0.0,0.0,0.0,0.0,0.0,0.0,0.0,0.0,0.0,0.0,0.0,0.9174098065941375,0.917409802973558,0.9174097993858912,0.9174097958339053,0.9174097923203405,0.9174097888479079,0.9174097854192867,0.9174097820371224,0.9174097787040245,0.9174097754225644,0.9174097721952742,0.9174097690246437,0.9174097659131193,0.9174097628631017,0.9174097598769444,0.917409756956951,0.9174097541053748,0.9174097513244157,0.9174097486162195,0.9174097459828756,0.9174097434264157,0.9174097409488126,0.9174097385519775,0.91740973623776,0.9174097340079453,0.9174097318642542,0.9174097298083406,0.9174097278417904,0.9174097259661215,0.9174097241827806,0.9174097224931437,0.9174097208985145,0.9174097194001236,0.9174097179991266,0.917409716696605,0.9174097154935633,0.9174097143909299,0.9174097133895557,0.917409712490213,0.9174097116935959,0.917409711000319,0.9174097104109171,0.9174097099258451,0.9174097095454773,0.9174097092701069,0.9174097090999466,0.9174097090351276,0.9174097090757,0.9174097092216323,0.9174097094728122,0.9174097098290457,0.9174097102900579,0.9174097108554932,0.9174097115249154,0.9174097122978079,0.9174097131735743,0.917409714151539,0.9174097152309476,0.917409716410967,0.9174097176906869,0.9174097190691199,0.9174097205452024,0.9174097221177958,0.9174097237856862,0.9174097255475875,0.9174097274021394,0.9174097293479119,0.917409731383403,0.9174097335070427,0.0,0.0,0.0,0.0,0.0,0.0,0.0,0.0,0.0,0.0,0.0,0.0,0.0,0.0,0.0,0.0,0.0,0.0,0.0,0.0,0.0,0.0,0.0,0.0,0.0,0.0,0.0,0.0,0.0,0.0,0.0,0.0,0.0,0.0,0.0,0.0,0.0,0.0,0.0,0.0,0.0,0.0,0.0,0.0,0.0,0.0,0.0,0.0,0.0,0.0,0.0,0.0,0.0,0.0,0.0,0.0,0.0,0.0,-0.9266321073581242,-0.9266319698935036,0.9266307842344742,0.9266307858047353,0.9266307872898517,0.9266307886886777,0.9266307900001334,0.9266307912232074,0.9266307923569559,0.9266307934005041,0.9266307943530473,0.92663079521385,0.9266307959822484,0.9266307966576492,0.9266307972395318,0.9266307977274469,0.9266307981210182,0.9266307984199421,0.9266307986239878,0.9266307987329978,0.9266307987468883,0.9266307986656483,0.9266307984893407,0.9266307982181012,0.9266307978521396,0.9266307973917377,0.9266307968372511,0.9266307961891076,0.926630795447807,0.9266307946139215,0.9266307936880944,0.9266307926710399,0.9266307915635432,0.9266307903664583,0.9266307890807088,0.9266307877072872,0.9266307862472528,0.926630784701732,0.9266307830719176,-0.9266388059955836,-0.9266390454006961,-0.9266392697639516,-0.9266394779328051,-0.9266396688311074,-0.9266398414643969,-0.9266399949247953,-0.9266401283954814,-0.9266402411547248,-0.9266403325794582,0.0,0.0,0.0,0.0,0.0,0.0,0.0,0.0,0.0,0.0,0.0,0.0,0.0,0.0,0.0,0.0,0.0,0.0,0.0,0.0,0.0,0.0,0.0,0.0,0.0,0.0,0.0,0.0,0.0,0.0,0.0,0.0,0.0,0.0,0.0,0.0,0.0,0.0,0.0,0.0,0.0,0.0
0.9266306754499882,0.9266306720253498,0.9266306686033534,0.9266306651866397,0.9266306617778449,0.9266306583795989,0.9266306549945236,0.9266306516252307,0.9266306482743203,0.9266306449443772,-0.9266379788421724,-0.9266381923370607,-0.926638390468868,-0.926638572169194,-0.9266387364506781,0.0,0.0,0.0,0.0,0.0,0.0,0.0,0.0,0.0,0.0,0.0,0.0,0.0,0.0,0.0,0.0,0.0,0.0,0.0,0.0,0.0,0.0,0.0,0.0,0.0,0.0,0.0,0.0,0.0,0.0,0.0,0.0,0.0,0.0,0.0,0.0,0.0,0.0,0.0,0.0,0.0,0.0,0.0,0.0,0.0,0.0,0.0,0.0,0.0,0.0,0.0,0.0,0.0,0.0,0.0,0.0,0.0,0.0,0.0,0.0,0.0,0.0,0.0,0.0,0.0,0.0,0.0,0.0,0.0,0.0,0.0,0.0,0.0,0.0,0.0,0.0,0.0,0.0,0.0,0.0,0.0,0.0,0.0,0.0,0.0,-0.9266379010169365,-0.9266381647573948,-0.9266384131561021,-0.9266386451058689,0.9266306446214712,0.926630647949236,0.9266306512982191,0.9266306546658364,0.9266306580494901,0.9266306614465692,0.9266306648544528,0.9266306682705113,0.9266306716921094,0.9266306751166067,0.9266306785413614,0.926630681963731,0.9266306853810747,0.9266306887907565,0.9266306921901448,0.9266306955766171,0.9266306989475608,0.9266307023003748,0.9266307056324723,0.9266307089412823,0.926630712224252,0.9266307154788483,0.9266307187025602,0.9266307218929004,0.9266307250474071,0.9266307281636469,0.9266307312392151,0.9266307342717388,0.9266307372588786,0.926630740198329,0.9266307430878229,0.9266307459251303,0.9266307487080621,0.9266307514344714,0.9266307541022545,0.926630756709353,0.9266307592537554,0.9266307617334987,0.9266307641466692,0.9266307664914055,0.9266307687658983,0.9266307709683926,0.9266307730971894,0.9266307751506458,0.9266307771271778,0.9266307790252601,0.9266307808434284,0.9266307825802798,0.0,0.0,0.0,0.0,0.0,0.0,0.0,0.0,0.0,0.0,0.0,0.0,0.0,0.0,0.0,0.0,0.0,0.0,0.0,0.0,0.0,0.0,0.0,0.0,0.0,0.0,0.0,0.0,0.0,0.0,0.0,0.0,0.0,0.0,0.0,0.0,0.0,0.926630781359067,0.9266307795645015,0.9266307776896059,0.926630775735827,0.9266307737046718,0.9266307715977077,0.9266307694165604,0.9266307671629126,0.9266307648385032,0.9266307624451258,0.9266307599846267,0.9266307574589044,0.9266307548699079,0.9266307522196343,0.9266307495101288,0.9266307467434819,0.926630743921828,0.9266307410473443,0.9266307381222486,0.926630735148798,0.9266307321292864,0.9266307290660435,0.926630725961433,0.92663072281785,0.9266307196377201,0.926630716423497,0.9266307131776608,0.9266307099027152,0.9266307066011877,0.9266307032756255,0.926630699928594,0.9266306965626762,0.9266306931804686,0.9266306897845811,0.9266306863776337,0.9266306829622549,0.92663067954108,0.9266306761167488,0.9266306726919029,0.9266306692691854,0.9266306658512364,0.9266306624406937,0.9266306590401883,0.926630655652344,0.9266306522797746,0.9266306489250824,0.9266306455908557,-0.9266318250088988,0.0,0.0,0.0,0.0
0.0,0.0,0.0,0.0,0.0,0.0,0.0,0.0,0.0,0.0,0.9266306416379709,0.9266306383576526,0.9266306351059531,0.9266306318853811,0.9266306286984217,0.9266306255475338,0.9266306224351485,0.926630619363667,0.9266306163354591,0.9266306133528615,0.9266306104181752,0.9266306075336646,0.9266306047015552,0.9266306019240321,0.9266305992032384,0.9266305965412734,0.9266305939401908,0.9266305914019974,0.9266305889286519,0.9266305865220622,0.9266305841840855,0.9266305819165253,0.9266305797211315,0.9266305775995978,0.9266305755535609,0.9266305735845998,0.9266305716942334,0.9266305698839203,0.9266305681550573,0.9266305665089782,0.9266305649469534,0.9266305634701876,0.9266305620798202,0.9266305607769244,0.9266305595625052,0.9266305584374994,0.9266305574027754,0.9266305564591314,0.9266305556072952,0.9266305548479243,0.9266305541816047,0.9266305536088504,0.9266305531301031,0.9266305527457324,0.9266305524560348,0.9266305522612338,0.9266305521614796,0.9266305521568495,0.926630552247347,0.9266305524329018,0.9266305527133712,0.9266305530885388,0.9266305535581149,0.9266305541217373,0.9266305547789713,0.9266305555293095,0.9266305563721731,0.9266305573069118,0.9266305583328046,0.9266305594490596,0.926630560654816,0.9266305619491428,0.9266305633310421,0.926630564799447,0.9266305663532253,0.9266305679911777,0.9266305697120405,0.9266305715144859,0.9266305733971233,0.9266305753585002,0.9266305773971032,0.9266305795113593,0.9266305816996374,0.9266305839602492,0.9266305862914503,0.9266305886914422,0.9266305911583733,0.9266305936903398,0.9266305962853885,0.926630598941517,0.9266306016566761,0.9266306044287708,0.9266306072556624,0.9266306101351696,0.9266306130650708,0.9266306160431055,0.9266306190669759,0.926630622134349,0.9266306252428579,0.9266306283901045,0.9266306315736604,0.9266306347910693,0.9266306380398489,0.9266306413174926,0.0,0.0,0.0,0.0,0.0,0.0,0.0,0.0,0.0,0.0,0.0,0.0,0.0,0.0,0.0,0.0,0.0,0.0,0.0,0.0,0.0,0.0,0.0,0.0,0.0,0.0,0.0,0.0,0.0,0.0,0.0,0.0,0.0,0.0,0.0,0.0,0.0,0.0,0.0,0.0,0.0,0.0,0.0,0.0,0.0,0.0,0.0,0.0,0.0,0.0,0.0,0.0,0.0,0.0,0.0,0.0,0.0,0.0,0.0,0.0,0.0,0.0,0.0,0.0,0.0,0.0,0.0,0.0,0.0,0.0,0.0,0.0,0.0,0.0,0.0,0.0,0.0,0.0,0.0,0.0,0.0,0.0,0.0,0.0,0.0,0.0,0.0,0.0,0.0,0.0,0.0,0.0,0.0,0.0,0.0,0.0,0.0,0.0,0.0,0.0,0.0,0.0,0.0,0.0,0.0,0.0,0.0,0.0,0.0,0.0,0.0,0.0,0.0,0.0,0.0,0.0,0.0,0.0,0.0,0.0,0.0,0.0,0.0,0.0,0.0,0.0,0.0,0.0,0.0,0.0,0.0,0.0,0.926630642279667,0.926630638994071,0.9266306357366028,0.9266306325097756,0.9266306293160793
0.0,0.0,0.0,0.0,0.0,0.0,0.0,0.0,0.0,0.0,0.0,0.0,0.0,0.0,0.0,0.0,0.0,0.0,0.0,0.0,0.0,0.0,0.0,0.0,0.0,0.0,0.0,0.0,0.0,0.0,0.0,0.0,0.0,0.0,0.0,0.0,0.0,0.0,0.0,0.0,0.0,0.0,0.0,0.0,0.0,0.0,0.0,0.0,0.0,0.0,0.0,0.0,0.0,0.0,0.0,0.0,0.0,0.0,0.0,0.0,0.0,0.0,0.0,0.0,0.0,0.0,0.0,0.0,0.0,0.0,0.0,0.0,0.0,0.0,0.0,0.0,0.0,0.0,0.0,0.0,0.0,0.0,0.0,0.0,0.0,0.0,0.0,0.0,0.0,0.0,0.0,0.0,0.0,0.0,0.0,0.0,0.0,0.0,0.0,0.0,0.0,0.0,0.0,0.0,0.0,0.0,0.0,0.0,0.0,0.0,0.0,0.0,0.0,-0.935854303081555,-0.9358543082708876,-0.9358542959519465,-0.9358542662799417,0.9358473408409148,0.9358473435922805,0.9358473463036364,0.9358473489728909,0.9358473515979843,0.9358473541768909,0.9358473567076215,0.9358473591882231,0.9358473616167818,0.9358473639914242,0.9358473663103176,0.9358473685716733,0.9358473707737462,0.9358473729148374,0.9358473749932952,0.9358473770075154,0.9358473789559445,0.9358473808370787,0.9358473826494669,0.9358473843917108,0.9358473860624656,0.935847387660443,0.9358473891844096,0.9358473906331896,0.9358473920056651,0.9358473933007777,0.9358473945175275,0.935847395654976,0.9358473967122456,0.9358473976885207,0.9358473985830476,0.9358473993951364,0.9358474001241606,0.9358474007695577,0.9358474013308297,0.9358474018075436,0.9358474021993312,0.9358474025058908,0.9358474027269855,0.9358474028624448,0.9358474029121643,0.9358474028761056,0.9358474027542961,0.9358474025468306,0.9358474022538686,0.9358474018756361,0.9358474014124252,0.935847400864593,0.9358474002325625,0.9358473995168212,0.9358473987179214,0.9358473978364793,0.9358473968731752,0.9358473958287523,0.9358473947040163,0.935847393499835,0.9358473922171378,0.935847390856914,0.9358473894202134,0.9358473879081441,0.9358473863218733,0.9358473846626243,0.9358473829316777,0.9358473811303687,0.9358473792600877,0.935847377322277,0.9358473753184322,0.9358473732500993,0.935847371118874,0.9358473689264007,0.9358473666743711,0.9358473643645228,0.9358473619986377,0.9358473595785416,0.9358473571061013,0.935847354583225,0.9358473520118588,0.9358473493939867,0.9358473467316285,0.9358473440268387,0.9358473412817039,0.935847338498342,0.9358473356789009,0.9358473328255557,0.9358473299405078,0.9358473270259835,0.9358473240842312,0.935847321117521,0.9358473181281416,0.9358473151183994,0.9358473120906168,0.9358473090471299,0.9358473059902866,0.9358473029224461,0.9358472998459745,0.9358472967632462,0.9358472936766394,0.9358472905885357,0.9358472875013176,0.935847284417367,0.9358472813390636,0.9358472782687823,0.9358472752088921,0.9358472721617537,0.9358472691297182,0.9358472661151253,-0.9358518308839773,-0.9358515547380692,-0.9358512770792314,0.0,0.0,0.0,0.0,0.0,0.0,0.0,0.0,0.0,0.0,0.0,0.0,0.0,0.0,0.0
0.9358472537119705,0.9358472508250327,0.9358472479696606,0.9358472451480568,0.9358472423623986,0.935847239614835,0.9358472369074864,0.935847234242441,0.9358472316217556,0.9358472290474519,0.9358472265215162,0.9358472240458975,0.9358472216225057,0.9358472192532107,0.9358472169398405,0.9358472146841799,0.9358472124879696,0.9358472103529036,0.9358472082806297,0.9358472062727463,0.935847204330803,0.935847202456298,0.9358472006506775,0.9358471989153346,0.9358471972516085,0.9358471956607824,0.935847194144084,0.9358471927026836,0.9358471913376931,0.9358471900501658,0.9358471888410951,0.9358471877114135,0.9358471866619933,0.9358471856936438,0.935847184807112,0.9358471840030822,0.9358471832821743,0.9358471826449452,0.9358471820918861,0.9358471816234236,0.9358471812399196,0.9358471809416697,0.9358471807289039,0.9358471806017866,0.9358471805604158,0.9358471806048235,0.9358471807349752,0.9358471809507709,0.9358471812520436,0.9358471816385612,0.9358471821100253,0.9358471826660723,0.9358471833062729,0.9358471840301334,0.9358471848370954,0.9358471857265359,0.935847186697769,0.9358471877500452,0.9358471888825527,0.9358471900944176,0.9358471913847048,0.9358471927524189,0.9358471941965048,0.935847195715848,0.9358471973092765,0.9358471989755603,0.9358472007134148,0.9358472025214982,0.9358472043984161,0.9358472063427199,0.9358472083529097,0.9358472104274346,0.9358472125646936,0.9358472147630381,0.935847217020772,0.935847219336153,0.9358472217073948,0.9358472241326679,0.9358472266101008,0.9358472291377826,0.9358472317137626,0.9358472343360534,0.9358472370026316,0.9358472397114401,0.9358472424603889,0.9358472452473565,0.9358472480701933,0.9358472509267212,0.9358472538147355,0.9358472567320087,0.9358472596762899,0.9358472626453073,0.9358472656367699,0.9358472686483699,0.9358472716777836,0.9358472747226738,0.9358472777806909,0.9358472808494757,0.9358472839266604,0.9358472870098706,0.9358472900967277,0.93584729318485,0.9358472962718549,0.9358472993553602,0.9358473024329872,0.9358473055023613,0.9358473085611141,0.9358473116068856,0.9358473146373261,0.9358473176500973,0.9358473206428747,0.9358473236133491,0.9358473265592288,0.9358473294782407,0.9358473323681326,0.9358473352266751,0.9358473380516622,0.0,0.0,0.0,0.0,0.0,0.0,0.0,0.0,0.0,0.0,0.0,0.0,0.0,0.0,0.0,0.0,0.0,0.0,0.0,0.0,0.0,0.0,0.0,0.0,0.0,0.0,0.0,0.0,0.0,0.0,0.0,0.0,0.0,0.0,0.0,0.0,0.0,0.0,0.0,0.0,0.0,0.0,0.0,0.0,0.0,0.0,0.0,0.0,0.0,0.0,0.0,0.0,0.0,0.0,0.0,0.0,0.0,0.0,0.0,0.0,0.0,0.0,0.0,0.0,0.0,0.0,0.0,0.0,0.0,0.0,0.0,0.0,0.0,0.0,0.0,0.0,0.0,0.0,0.0,0.0,0.0,0.0,0.0,0.0,0.0,0.0,0.0,0.0,0.0,0.0,0.0,0.0,0.0,0.0,0.0,0.0,0.0,0.0,0.0,0.0,0.0,0.0,0.0,0.0,0.0,0.0,0.9358472631203004,0.9358472601475545,0.9358472571991812,0.9358472542774552,0.9358472513846309,0.9358472485229404,0.9358472456945914,0.9358472429017661,0.9358472401466196,0.9358472374312773,0.9358472347578347,0.9358472321283541,0.9358472295448644,0.9358472270093589,0.9358472245237939,0.9358472220900872,0.9358472197101165,0.9358472173857181
0.0,0.0,0.0,0.0,0.0,0.0,0.0,0.0,0.0,0.0,0.0,0.0,0.0,0.0,0.0,0.0,0.0,0.0,0.0,0.0,0.0,0.0,0.0,0.0,0.0,0.0,0.0,0.0,0.0,0.0,0.0,0.0,0.0,0.0,0.0,0.0,0.0,0.0,0.0,0.0,0.0,0.0,0.0,0.0,0.0,0.0,0.0,0.0,0.0,0.0,0.0,0.0,0.0,0.0,0.0,0.0,0.0,0.0,0.0,0.0,0.0,0.0,0.0,0.0,0.0,0.0,0.0,0.0,0.0,0.0,0.0,0.0,0.0,0.0,0.0,0.0,0.0,0.0,0.0,0.0,0.0,0.0,0.0,0.0,0.0,0.0,0.0,0.0,0.0,0.0,0.0,0.0,0.0,0.0,0.0,0.0,0.0,0.0,0.0,0.0,0.0,0.0,0.0,0.0,0.0,0.0,0.0,0.0,0.0,0.0,0.0,0.0,0.0,0.0,0.0,0.0,0.0,0.0,0.0,0.0,0.0,0.0,0.0,0.0,0.0,0.0,0.0,0.0,0.0,-0.9450634963142167,-0.9450633319477529,0.9450597483424764,0.9450597493260862,0.9450597502370618,0.9450597510747004,0.9450597518383558,0.9450597525274388,0.9450597531414174,0.9450597536798182,0.9450597541422258,0.9450597545282835,0.9450597548376931,0.9450597550702161,0.945059755225673,0.9450597553039439,0.9450597553049686,0.945059755228746,0.9450597550753351,0.945059754844854,0.945059754537481,0.9450597541534528,0.9450597536930662,0.9450597531566757,0.9450597525446959,0.9450597518575983,0.9450597510959138,0.9450597502602291,0.9450597493511899,0.9450597483694972,0.9450597473159085,0.9450597461912364,0.9450597449963489,0.945059743732168,0.9450597423996691,0.9450597409998802,0.9450597395338811,0.9450597380028032,0.9450597364078277,0.9450597347501855,0.9450597330311549,0.9450597312520626,0.9450597294142815,0.9450597275192293,0.9450597255683683,0.9450597235632033,0.945059721505282,0.9450597193961915,0.9450597172375595,0.9450597150310519,0.9450597127783703,0.9450597104812533,0.9450597081414732,0.9450597057608352,0.9450597033411758,0.9450597008843624,0.9450596983922904,0.9450596958668824,0.9450596933100873,0.9450596907238772,0.9450596881102479,0.9450596854712161,0.9450596828088175,0.9450596801251068,0.9450596774221542,0.9450596747020453,0.9450596719668792,0.9450596692187657,0.9450596664598251,0.9450596636921867,0.9450596609179852,0.9450596581393613,0.9450596553584594,0.945059652577424,0.9450596497984017,0.9450596470235364,0.945059644254969,0.9450596414948356,0.9450596387452662,0.9450596360083815,-0.9450658608863275,-0.9450657577309762,-0.9450656418734452,-0.9450655138393181,0.0,0.0,0.0,0.0,0.0,0.0,0.0,0.0,0.0,0.0,0.0,0.0,0.0,0.0,0.0,0.0,0.0,0.0,0.0,0.0,0.0,0.0,0.0,0.0,0.0,0.0,0.0,0.0
0.945059590825244,0.9450595887197246,0.9450595866654878,0.9450595846641182,0.945059582717161,0.945059580826117,0.9450595789924462,0.9450595772175631,0.945059575502837,0.9450595738495912,0.945059572259101,0.9450595707325937,0.945059569271247,0.9450595678761884,0.9450595665484943,0.9450595652891893,0.9450595640992447,0.9450595629795786,0.9450595619310554,0.9450595609544833,0.9450595600506165,0.945059559220152,0.9450595584637302,0.9450595577819355,0.9450595571752937,0.9450595566442725,-0.9450653023051566,-0.9450652245751644,-0.9450651335516149,-0.9450650295862666,-0.9450649130941332,0.0,0.0,0.0,0.0,0.0,0.0,0.0,0.0,0.0,0.0,0.0,0.0,0.0,0.0,0.0,0.0,0.0,0.0,0.0,0.0,0.0,0.0,0.0,0.0,0.0,0.0,0.0,0.0,0.0,0.0,0.0,0.0,0.0,0.0,0.0,0.0,0.0,0.0,0.0,0.0,0.0,0.0,0.0,0.0,0.0,0.0,0.0,0.0,0.0,0.0,0.0,0.0,0.0,0.0,0.0,0.0,-0.945061135084936,0.9450596552846867,0.9450596580656203,0.9450596608443322,0.9450596636186787,0.9450596663865188,0.9450596691457175,0.9450596718941455,0.9450596746296825,0.9450596773502178,0.9450596800536525,0.9450596827379003,0.9450596854008909,0.945059688040569,0.945059690654898,0.9450596932418612,0.9450596957994623,0.945059698325728,0.9450597008187093,0.9450597032764826,0.9450597056971513,0.9450597080788482,0.9450597104197356,0.9450597127180071,0.9450597149718899,0.9450597171796447,0.9450597193395681,0.9450597214499935,0.9450597235092929,0.9450597255158772,0.9450597274681983,0.9450597293647501,0.9450597312040687,0.9450597329847353,0.9450597347053763,0.9450597363646637,0.9450597379613175,0.9450597394941057,0.9450597409618456,0.9450597423634048,0.9450597436977023,0.9450597449637081,0.9450597461604456,0.9450597472869915,0.0,0.0,0.0,0.0,0.0,0.0,0.0,0.0,0.0,0.0,0.0,0.0,0.0,0.0,0.0,0.0,0.0,0.0,0.0,0.0,0.0,0.0,0.0,0.0,0.0,0.0,0.0,0.0,0.0,0.0,0.0,0.0,0.0,0.0,0.0,0.0,0.0,0.0,0.0,0.0,0.0,0.0,0.0,0.0,0.0,0.0,0.0,0.0,0.0,0.0,0.0,0.0,0.0,0.0,0.0,0.0,0.0,0.0,0.0,0.0,0.0,0.0,0.0,0.0,0.0,0.0,0.0,0.0,0.0,0.0,0.0,0.0,0.0,0.0,0.0,0.0,0.0,0.0,0.9450596332862939,0.9450596305811033,0.945059627894897,0.9450596252297471,0.9450596225877104,0.9450596199708254,0.9450596173811109,0.9450596148205654,0.9450596122911641,0.9450596097948587,0.9450596073335752,0.9450596049092128,0.9450596025236417,0.9450596001787027,0.9450595978762053,0.9450595956179256,0.9450595934056059,0.9450595912409535,0.9450595891256386,0.9450595870612931,0.9450595850495096,0.9450595830918403,0.9450595811897962,0.9450595793448441,0.9450595775584081,0.945059575831866,0.9450595741665501,0.9450595725637455,0.9450595710246887,0.9450595695505672,0.9450595681425181,0.9450595668016285
0.0,0.0,0.0,0.0,0.0,0.0,0.0,0.0,0.0,0.0,0.0,0.0,0.0,0.0,0.0,0.0,0.0,0.0,0.0,0.0,0.0,0.0,0.0,0.0,0.0,0.0,0.9450595561892821,0.9450595558106729,0.9450595555087378,0.9450595552837092,0.9450595551357609,0.945059555065007,0.9450595550715025,0.9450595551552419,0.9450595553161603,0.9450595555541343,0.9450595558689798,0.9450595562604543,0.9450595567282553,0.945059557272022,0.9450595578913349,0.9450595585857162,0.9450595593546303,0.9450595601974836,0.945059561113626,0.9450595621023505,0.9450595631628947,0.9450595642944396,0.9450595654961126,0.9450595667669863,0.9450595681060807,0.945059569512362,0.9450595709847456,0.9450595725220949,0.9450595741232246,0.9450595757868987,0.9450595775118337,0.9450595792966987,0.9450595811401168,0.9450595830406658,0.9450595849968787,0.9450595870072466,0.9450595890702187,0.9450595911842024,0.9450595933475676,0.9450595955586447,0.9450595978157276,0.9450596001170753,0.9450596024609117,0.9450596048454285,0.9450596072687862,0.9450596097291147,0.9450596122245158,0.9450596147530644,0.9450596173128095,0.945059619901776,0.9450596225179662,0.945059625159362,0.9450596278239252,0.9450596305095997,0.9450596332143137,0.9450596359359804,0.9450596386724996,0.9450596414217599,0.9450596441816407,0.9450596469500118,0.9450596497247378,0.9450596525036773,0.0,0.0,0.0,0.0,0.0,0.0,0.0,0.0,0.0,0.0,0.0,0.0,0.0,0.0,0.0,0.0,0.0,0.0,0.0,0.0,0.0,0.0,0.0,0.0,0.0,0.0,0.0,0.0,0.0,0.0,0.0,0.0,0.0,0.0,0.0,0.0,0.0,0.0,0.0,0.0,0.0,0.0,0.0,0.0,0.0,0.0,0.0,0.0,0.0,0.0,0.0,0.0,0.0,0.0,0.0,0.0,0.0,0.0,0.0,0.0,0.0,0.0,0.0,0.0,0.9542678030484121,0.9542678016963092,0.9542678002862576,0.954267798819345,0.9542677972967032,0.9542677957195074,0.9542677940889744,0.954267792406362,0.9542677906729683,0.9542677888901313,0.9542677870592261,0.9542677851816654,0.9542677832588979,0.9542677812924071,0.9542677792837105,0.9542677772343576,0.9542677751459298,0.9542677730200378,0.954267770858323,0.9542677686624523,0.9542677664341205,0.9542677641750466,0.9542677618869735,0.954267759571667,0.9542677572309133,0.9542677548665183,0.9542677524803062,0.9542677500741181,0.9542677476498108,0.9542677452092545,0.9542677427543323,0.9542677402869385,0.9542677378089768,0.9542677353223586,0.9542677328290031,0.9542677303308338,-0.9542717871473608,-0.9542719269412653,-0.954272059827286,-0.9542721851981557,-0.9542723024811431,-0.9542724111408127,0.0,0.0,0.0,0.0,0.0,0.0,0.0,0.0,0.0,0.0,0.0,0.0,0.0,0.0,0.0,0.0,0.0,0.0,0.0,0.0,0.0,0.0,0.0,0.0,0.0,0.0,0.0,0.0,0.0,0.0,0.0,0.0,0.0,0.0,0.0,0.0,0.0,0.0,0.0,0.0,0.0,0.0,0.0,0.0,0.0,0.0,0.0
0.9542676485823542,0.9542676473615626,0.9542676462018999,0.9542676451042609,0.9542676440694924,0.9542676430983933,0.9542676421917122,0.9542676413501491,0.9542676405743532,-0.954271810189266,-0.9542719186984178,-0.954272019801298,0.0,0.0,0.0,0.0,0.0,0.0,0.0,0.0,0.0,0.0,0.0,0.0,0.0,0.0,0.0,0.0,0.0,0.0,0.0,0.0,0.0,0.0,0.0,0.0,0.0,0.0,0.0,0.0,0.0,0.0,0.0,0.0,0.0,0.0,0.0,0.0,0.0,0.0,0.0,0.0,0.0,0.0,0.0,0.0,0.0,0.0,0.0,0.0,0.0,0.0,0.0,0.0,0.0,0.0,0.0,0.0,0.0,0.0,0.0,0.0,0.0,0.0,0.0,0.0,0.0,0.0,0.0,0.0,0.0,0.0,0.0,0.0,0.0,0.0,0.0,0.0,0.0,0.0,0.0,0.0,0.0,0.0,0.0,0.0,0.0,0.0,0.0,0.0,0.0,0.0,-0.9542709037705244,-0.9542710088574223,-0.9542711059074078,0.9542677925875175,0.9542677942646594,0.9542677958895861,0.9542677974610444,0.9542677989778214,0.9542678004387475,0.9542678018426951,0.9542678031885807,0.9542678044753663,0.9542678057020589,0.9542678068677122,0.9542678079714266,0.9542678090123506,0.9542678099896811,0.9542678109026642,0.9542678117505953,0.9542678125328201,0.9542678132487353,0.9542678138977883,0.9542678144794781,0.9542678149933568,0.9542678154390267,0.9542678158161451,0.95426781612442,0.9542678163636145,0.9542678165335435,0.9542678166340758,0.9542678166651343,0.9542678166266942,0.9542678165187863,0.954267816341493,0.9542678160949515,0.9542678157793519,0.9542678153949375,0.9542678149420052,0.9542678144209044,0.9542678138320367,0.9542678131758571,0.9542678124528717,0.9542678116636382,0.9542678108087659,0.9542678098889135,0.9542678089047916,0.9542678078571593,0.9542678067468245,0.9542678055746442,0.9542678043415233,0.0,0.0,0.0,0.0,0.0,0.0,0.0,0.0,0.0,0.0,0.0,0.0,0.0,0.0,0.0,0.0,0.0,0.0,0.0,0.0,0.0,0.0,0.0,0.0,0.0,0.0,0.0,0.0,0.0,0.0,0.0,0.0,0.0,0.0,0.0,0.0,0.9542677278297781,0.9542677253277659,0.9542677228267271,0.9542677203285921,0.9542677178352881,0.9542677153487384,0.9542677128708622,0.954267710403571,0.9542677079487684,0.9542677055083484,0.954267703084194,0.9542677006781756,0.9542676982921494,0.9542676959279565,0.9542676935874211,0.954267691272349,0.9542676889845261,0.954267686725718,0.9542676844976672,0.954267682302093,0.9542676801406893,0.9542676780151236,0.9542676759270362,0.9542676738780377,0.9542676718697095,0.954267669903601,0.954267667981229,0.9542676661040769,0.9542676642735929,0.9542676624911894,0.9542676607582414,0.9542676590760866,0.954267657446022,0.9542676558693058,0.9542676543471547,0.9542676528807426,0.9542676514712013,0.9542676501196182,0.9542676488270362,0.9542676475944523,0.954267646422818,0.9542676453130368,0.9542676442659652,0.9542676432824114,0.9542676423631334,0.9542676415088416,0.9542676407201939,0.9542676399977996,-0.9542689283803306,0.0,0.0,0.0,0.0
0.0,0.0,0.0,0.0,0.0,0.0,0.0,0.0,0.0,0.954267639864923,0.9542676392224058,0.9542676386472977,0.9542676381400418,0.9542676377010301,0.9542676373306009,0.9542676370290405,0.954267636796581,0.954267636633402,0.9542676365396292,0.9542676365153354,0.9542676365605389,0.9542676366752054,0.9542676368592454,0.9542676371125183,0.9542676374348273,0.9542676378259247,0.9542676382855083,0.9542676388132236,0.9542676394086633,0.9542676400713684,0.954267640800827,0.9542676415964771,0.954267642457704,0.9542676433838433,0.9542676443741809,0.9542676454279525,0.954267646544345,0.954267647722497,0.9542676489614995,0.9542676502603966,0.9542676516181863,0.9542676530338208,0.9542676545062075,0.9542676560342113,0.9542676576166522,0.9542676592523102,0.9542676609399222,0.9542676626781875,0.9542676644657638,0.9542676663012725,0.954267668183297,0.9542676701103856,0.9542676720810512,0.9542676740937733,0.954267676146999,0.9542676782391447,0.954267680368595,0.9542676825337081,0.9542676847328128,0.9542676869642124,0.9542676892261855,0.9542676915169869,0.9542676938348488,0.9542676961779832,0.9542676985445822,0.9542677009328191,0.9542677033408524,0.9542677057668236,0.9542677082088609,0.95426771066508,0.954267713133586,0.9542677156124745,0.9542677180998325,0.9542677205937412,0.9542677230922763,0.9542677255935098,0.9542677280955121,0.954267730596353,0.9542677330941023,0.9542677355868334,0.9542677380726229,0.954267740549553,0.9542677430157126,0.9542677454691982,0.9542677479081179,0.9542677503305891,0.9542677527347432,0.954267755118725,0.9542677574806951,0.9542677598188316,0.9542677621313298,0.954267764416406,0.954267766672297,0.9542677688972622,0.9542677710895847,0.9542677732475736,0.9542677753695632,0.9542677774539167,0.9542677794990255,0.9542677815033124,0.9542677834652304,0.954267785383266,0.9542677872559392,0.9542677890818051,0.9542677908594551,0.0,0.0,0.0,0.0,0.0,0.0,0.0,0.0,0.0,0.0,0.0,0.0,0.0,0.0,0.0,0.0,0.0,0.0,0.0,0.0,0.0,0.0,0.0,0.0,0.0,0.0,0.0,0.0,0.0,0.0,0.0,0.0,0.0,0.0,0.0,0.0,0.0,0.0,0.0,0.0,0.0,0.0,0.0,0.0,0.0,0.0,0.0,0.0,0.0,0.0,0.0,0.0,0.0,0.0,0.0,0.0,0.0,0.0,0.0,0.0,0.0,0.0,0.0,0.0,0.0,0.0,0.0,0.0,0.0,0.0,0.0,0.0,0.0,0.0,0.0,0.0,0.0,0.0,0.0,0.0,0.0,0.0,0.0,0.0,0.0,0.0,0.0,0.0,0.0,0.0,0.0,0.0,0.0,0.0,0.0,0.0,0.0,0.0,0.0,0.0,0.0,0.0,0.0,0.0,0.0,0.0,0.0,0.0,0.0,0.0,0.0,0.0,0.0,0.0,0.0,0.0,0.0,0.0,0.0,0.0,0.0,0.0,0.0,0.0,0.0,0.0,0.0,0.0,0.0,0.0,0.0,0.9542676393422161,0.9542676387539487,0.9542676382334518,0.9542676377811269,0.9542676373973227
0.0,0.0,0.0,0.0,0.0,0.0,0.0,0.0,0.0,0.0,0.0,0.0,0.0,0.0,0.0,0.0,0.0,0.0,0.0,0.0,0.0,0.0,0.0,0.0,0.0,0.0,0.0,0.0,0.0,0.0,0.0,0.0,0.0,0.0,0.0,0.0,0.0,0.0,0.0,0.0,0.0,0.0,0.0,0.0,0.0,0.0,0.0,0.0,0.0,0.0,0.0,0.0,0.0,0.0,0.0,0.0,0.0,0.0,0.0,0.0,0.0,0.0,0.0,0.0,0.0,0.0,0.0,0.0,0.0,0.0,0.0,0.0,0.0,0.0,0.0,0.0,0.0,0.0,0.0,0.0,0.0,0.0,0.0,0.0,0.0,0.0,0.0,0.0,0.0,0.0,0.0,0.0,0.0,0.0,0.0,0.0,0.0,0.0,0.0,0.0,0.0,0.0,0.0,0.0,0.0,0.0,0.0,0.0,0.0,0.0,0.0,0.0,0.0,0.0,0.0,0.0,0.0,0.0,-0.9634741413868576,-0.9634740984748315,0.9634715477615327,0.9634715476916302,0.9634715475593412,0.9634715473647675,0.9634715471080595,0.963471546789415,0.9634715464090798,0.9634715459673475,0.9634715454645587,0.963471544901102,0.9634715442774113,0.9634715435939684,0.9634715428513003,0.96347154204998,0.9634715411906257,0.9634715402739007,0.9634715393005123,0.9634715382712116,0.9634715371867922,0.9634715360480915,0.9634715348559876,0.9634715336114003,0.9634715323152903,0.9634715309686572,0.9634715295725399,0.9634715281280158,0.9634715266361996,0.9634715250982421,0.9634715235153302,0.9634715218886847,0.963471520219561,0.9634715185092466,0.9634715167590617,0.9634715149703561,0.9634715131445099,0.9634715112829325,0.9634715093870594,0.9634715074583539,0.963471505498304,0.9634715035084216,0.9634715014902425,0.9634714994453235,0.9634714973752425,0.963471495281597,0.9634714931660017,0.9634714910300896,0.9634714888755082,0.96347148670392,0.9634714845170006,0.9634714823164369,0.9634714801039274,0.9634714778811788,0.9634714756499063,0.963471473411831,0.9634714711686805,0.9634714689221846,0.9634714666740769,0.9634714644260922,0.9634714621799649,0.9634714599374278,0.9634714577002115,0.9634714554700416,0.9634714532486393,0.9634714510377179,0.9634714488389838,0.9634714466541338,0.9634714444848524,0.9634714423328147,0.96347144019968,0.9634714380870949,0.963471435996689,0.9634714339300754,0.9634714318888484,0.9634714298745827,0.9634714278888328,0.9634714259331307,0.9634714240089857,0.9634714221178816,0.9634714202612781,0.9634714184406075,0.9634714166572744,0.963471414912655,0.9634714132080952,0.9634714115449101,0.9634714099243832,0.9634714083477645,0.9634714068162707,0.9634714053310834,0.9634714038933485,0.9634714025041753,0.9634714011646353,0.9634713998757626,0.963471398638551,0.9634713974539556,0.96347139632289,0.9634713952462273,0.963471394224798,0.9634713932593901,0.9634713923507485,0.9634713914995742,-0.9634744598285289,-0.9634743450981063,0.0,0.0,0.0,0.0,0.0,0.0,0.0,0.0,0.0,0.0,0.0,0.0,0.0,0.0,0.0,0.0,0.0,0.0,0.0
0.9634713871227313,0.9634713867631121,0.9634713864652713,0.9634713862294391,0.963471386055797,0.9634713859444791,0.9634713858955719,0.9634713859091122,0.9634713859850901,0.9634713861234466,0.9634713863240757,0.9634713865868215,0.9634713869114824,0.9634713872978072,0.9634713877454981,0.9634713882542094,0.9634713888235489,0.9634713894530773,0.9634713901423088,0.9634713908907114,0.9634713916977082,0.9634713925626761,0.9634713934849477,0.9634713944638119,0.963471395498513,0.963471396588253,0.9634713977321906,0.9634713989294438,0.9634714001790884,0.9634714014801605,0.9634714028316563,0.9634714042325325,0.963471405681709,0.9634714071780671,0.9634714087204529,0.9634714103076754,0.9634714119385107,0.9634714136117005,0.9634714153259536,0.9634714170799477,0.9634714188723289,0.9634714207017151,0.963471422566694,0.9634714244658271,0.9634714263976489,-0.9634732895689845,-0.9634731506146178,-0.9634730121840694,0.0,0.0,0.0,0.0,0.0,0.0,0.0,0.0,0.0,0.0,0.0,0.0,0.0,0.0,0.0,0.0,0.0,0.0,0.0,0.0,0.0,0.9634714806336202,0.9634714828434301,0.9634714850408873,0.9634714872242962,0.9634714893919724,0.9634714915422433,0.9634714936734499,0.963471495783948,0.9634714978721085,0.9634714999363215,0.9634715019749934,0.9634715039865513,0.963471505969444,0.9634715079221405,0.9634715098431349,0.9634715117309446,0.9634715135841136,0.9634715154012116,0.9634715171808368,0.9634715189216159,0.9634715206222062,0.9634715222812953,0.9634715238976033,0.9634715254698827,0.963471526996921,0.9634715284775397,0.9634715299105963,0.9634715312949854,0.9634715326296388,0.9634715339135266,0.9634715351456582,0.963471536325083,0.9634715374508911,0.9634715385222137,0.9634715395382245,0.9634715404981397,0.9634715414012179,0.9634715422467631,0.9634715430341224,0.9634715437626885,0.9634715444318995,0.9634715450412389,0.9634715455902364,0.9634715460784684,0.9634715465055587,0.9634715468711771,0.9634715471750419,0.963471547416919,0.9634715475966209,0.9634715477140097,0.9634715477689944,0.0,0.0,0.0,0.0,0.0,0.0,0.0,0.0,0.0,0.0,0.0,0.0,0.0,0.0,0.0,0.0,0.0,0.0,0.0,0.0,0.0,0.0,0.0,0.0,0.0,0.0,0.0,0.0,0.0,0.0,0.0,0.0,0.0,0.0,0.0,0.0,0.0,0.0,0.0,0.0,0.0,0.0,0.0,0.0,0.0,0.0,0.0,0.0,0.0,0.0,0.0,0.0,0.0,0.0,0.0,0.0,0.0,0.0,0.0,0.0,0.0,0.0,0.0,0.0,0.0,0.0,0.0,0.0,0.0,0.0,0.0,0.0,0.0,0.0,0.0,0.0,0.0,0.0,0.0,0.0,0.0,0.0,0.0,0.0,0.0,0.0,0.0,0.0,0.0,0.0,0.0,0.0,0.0,0.0,0.0,0.0,0.0,0.0,0.0,0.0,0.963471390706524,0.96347138997221,0.9634713892971983,0.9634713886820104,0.9634713881271201,0.9634713876329564,0.9634713871998998,0.9634713868282848,0.9634713865183981,0.9634713862704789,0.9634713860847182,0.9634713859612595,0.9634713859001981,0.9634713859015809,0.9634713859654072,0.9634713860916274,0.9634713862801442,0.9634713865308123,0.9634713868434384,0.9634713872177807,0.9634713876535508
0.0,0.0,0.0,0.0,0.0,0.0,0.0,0.0,0.0,0.0,0.0,0.0,0.0,0.0,0.0,0.0,0.0,0.0,0.0,0.0,0.0,0.0,0.0,0.0,0.0,0.0,0.0,0.0,0.0,0.0,0.0,0.0,0.0,0.0,0.0,0.0,0.0,0.0,0.0,0.0,0.0,0.0,0.0,0.0,0.0,0.9634714283606691,0.9634714303533733,0.9634714323742236,0.9634714344216609,0.9634714364941059,0.9634714385899591,0.9634714407076034,0.9634714428454054,0.9634714450017152,0.9634714471748692,0.963471449363191,0.9634714515649916,0.9634714537785729,0.9634714560022265,0.9634714582342367,0.9634714604728819,0.9634714627164344,0.9634714649631633,0.9634714672113348,0.963471469459215,0.9634714717050692,0.9634714739471643,0.9634714761837707,0.9634714784131628,-0.9634711382548986,0.0,0.0,0.0,0.0,0.0,0.0,0.0,0.0,0.0,0.0,0.0,0.0,0.0,0.0,0.0,0.0,0.0,0.0,0.0,0.0,0.0,0.0,0.0,0.0,0.0,0.0,0.0,0.0,0.0,0.0,0.0,0.0,0.0,0.0,0.0,0.0,0.0,0.0,0.0,0.0,0.0,0.0,0.0,0.0,0.0,0.0,0.0,0.0,0.0,0.0,0.0,0.0,0.0,0.0,0.0,0.0,0.0,0.0,0.0,0.0,0.0,0.0,0.0,0.0,0.0,0.0,0.0,0.0,0.9726708839512324,0.9726708823956947,0.9726708808050533,0.9726708791805357,0.9726708775233949,0.9726708758349102,0.9726708741163834,0.9726708723691411,0.9726708705945311,0.9726708687939226,0.9726708669687053,0.9726708651202869,0.972670863250094,0.9726708613595689,0.9726708594501712,0.9726708575233735,0.9726708555806624,0.9726708536235369,0.9726708516535073,0.9726708496720932,0.9726708476808238,0.9726708456812347,0.9726708436748694,0.9726708416632759,0.9726708396480062,0.9726708376306148,0.9726708356126585,0.9726708335956944,0.9726708315812785,0.9726708295709651,0.9726708275663053,0.9726708255688457,0.9726708235801275,0.9726708216016853,0.9726708196350453,0.9726708176817247,0.9726708157432312,0.9726708138210601,0.9726708119166946,0.9726708100316037,0.9726708081672422,0.9726708063250482,0.9726708045064435,0.972670802712831,0.9726708009455945,0.9726707992060979,0.9726707974956825,0.972670795815669,0.9726707941673529,0.9726707925520062,0.9726707909708755,0.9726707894251801,0.9726707879161133,0.972670786444839,0.9726707850124923,0.9726707836201787,0.9726707822689719,0.9726707809599151,0.9726707796940177,0.9726707784722568,0.9726707772955749,0.9726707761648801,0.9726707750810444,0.9726707740449042,-0.9726738766562254,-0.9726738894560795,-0.9726738955301812,0.0,0.0,0.0,0.0,0.0,0.0,0.0,0.0,0.0,0.0,0.0,0.0,0.0,0.0,0.0,0.0,0.0,0.0,0.0,0.0,0.0,0.0,0.0,0.0,0.0,0.0,0.0,0.0,0.0,0.0,0.0,0.0,0.0,0.0,0.0,0.0
0.9726707653528711,0.9726707657308549,0.9726707661637483,0.9726707666512177,0.9726707671928866,0.9726707677883372,0.97267076843711,0.9726707691387046,0.9726707698925794,0.9726707706981531,0.9726707715548039,0.972670772461871,0.9726707734186546,0.9726707744244162,0.9726707754783802,0.9726707765797329,0.972670777727625,0.9726707789211706,0.9726707801594489,-0.9726740101815388,-0.9726740230387553,0.0,0.0,0.0,0.0,0.0,0.0,0.0,0.0,0.0,0.0,0.0,0.0,0.0,0.0,0.0,0.0,0.0,0.0,0.0,0.0,0.0,0.0,0.0,0.0,0.0,0.0,0.0,0.0,0.0,0.0,0.0,0.0,0.0,0.0,0.0,0.0,0.0,0.0,0.0,0.0,0.0,0.0,0.0,0.0,0.0,0.0,0.0,0.0,0.0,0.0,0.0,0.0,0.0,0.0,0.0,0.0,0.0,0.0,0.0,0.0,0.0,0.0,0.0,0.0,0.0,0.0,0.0,0.0,0.0,0.0,0.0,0.0,0.0,-0.9726720385828066,0.9726709056707008,0.9726709062945236,0.9726709068648035,0.9726709073811006,0.9726709078430162,0.9726709082501943,0.9726709086023206,0.9726709088991233,0.9726709091403736,0.972670909325885,0.9726709094555152,0.9726709095291629,0.9726709095467724,0.9726709095083295,0.9726709094138641,0.9726709092634491,0.9726709090572004,0.9726709087952776,0.9726709084778818,0.9726709081052589,0.9726709076776958,0.9726709071955231,0.9726709066591117,0.9726709060688764,0.972670905425272,0.9726709047287956,0.9726709039799842,0.9726709031794158,0.9726709023277081,0.9726709014255179,0.9726709004735414,0.9726708994725134,0.9726708984232059,0.9726708973264286,0.972670896183028,0.9726708949938859,0.9726708937599202,0.9726708924820823,0.9726708911613591,0.9726708897987686,0.9726708883953625,0.972670886952224,0.9726708854704663,0.0,0.0,0.0,0.0,0.0,0.0,0.0,0.0,0.0,0.0,0.0,0.0,0.0,0.0,0.0,0.0,0.0,0.0,0.0,0.0,0.0,0.0,0.0,0.0,0.0,0.0,0.0,0.0,0.0,0.0,0.0,0.0,0.0,0.0,0.0,0.0,0.0,0.0,0.0,0.0,0.0,0.0,0.0,0.0,0.0,0.0,0.0,0.0,0.0,0.0,0.0,0.0,0.0,0.0,0.0,0.0,0.0,0.0,0.0,0.0,0.0,0.0,0.0,0.0,0.9726707730572594,0.9726707721188711,0.9726707712304641,0.9726707703927235,0.9726707696062957,0.9726707688717878,0.9726707681897659,0.9726707675607567,0.9726707669852452,0.9726707664636757,0.9726707659964507,0.9726707655839303,0.972670765226433,0.9726707649242345,0.9726707646775685,0.9726707644866244,0.9726707643515502,0.9726707642724503,0.9726707642493849,0.9726707642823724,0.9726707643713872,0.9726707645163608,0.9726707647171812,0.9726707649736931,0.9726707652856991,0.9726707656529585,0.9726707660751875,0.9726707665520608,0.9726707670832099,0.9726707676682255,0.972670768306656,0.9726707689980089,0.9726707697417506,0.9726707705373074,0.9726707713840658,0.9726707722813719,0.9726707732285338,0.9726707742248204,0.9726707752694631
0.0,0.0,0.0,0.0,0.0,0.0,0.0,0.0,0.0,0.0,0.0,0.0,0.0,0.0,0.0,0.0,0.0,0.0,0.0,0.9726707814415042,0.9726707827663479,0.9726707841329577,0.9726707855402785,0.9726707869872253,0.9726707884726812,0.9726707899955004,0.9726707915545079,0.9726707931485005,0.9726707947762486,0.9726707964364967,0.9726707981279631,0.9726707998493431,0.9726708015993087,0.9726708033765095,0.9726708051795742,0.9726708070071121,0.9726708088577125,0.972670810729948,0.9726708126223739,0.97267081453353,0.9726708164619424,0.9726708184061219,0.9726708203645699,0.9726708223357745,0.9726708243182152,0.9726708263103621,0.9726708283106782,0.9726708303176201,0.9726708323296399,0.9726708343451846,0.9726708363626992,0.9726708383806273,0.9726708403974117,0.9726708424114968,0.9726708444213279,0.9726708464253548,0.9726708484220313,0.9726708504098167,0.9726708523871771,0.9726708543525874,0.9726708563045307,0.9726708582415015,0.9726708601620044,0.9726708620645582,0.9726708639476954,0.9726708658099624,0.9726708676499224,0.9726708694661561,0.9726708712572621,0.9726708730218583,0.9726708747585835,0.9726708764660971,0.9726708781430824,0.9726708797882451,0.9726708814003159,0.972670882978051,0.9726708845202333,0.9726708860256728,0.9726708874932077,0.972670888921706,0.9726708903100654,0.9726708916572151,0.9726708929621152,0.9726708942237591,0.9726708954411734,0.9726708966134187,0.9726708977395906,0.9726708988188202,0.9726708998502748,0.9726709008331583,0.9726709017667131,0.9726709026502183,0.9726709034829921,0.9726709042643926,0.9726709049938165,0.0,0.0,0.0,0.0,0.0,0.0,0.0,0.0,0.0,0.0,0.0,0.0,0.0,0.0,0.0,0.0,0.0,0.0,0.0,0.0,0.0,0.0,0.0,0.0,0.0,0.0,0.0,0.0,0.0,0.0,0.0,0.0,0.0,0.0,0.0,0.0,0.0,0.0,0.0,0.0,0.0,0.0,0.0,0.0,0.0,0.0,0.0,0.0,0.0,0.0,0.0,0.0,0.0,0.0,0.0,0.0,0.0,0.0,0.0,0.0,0.0,0.0,0.0,0.0,0.0,0.0,0.0,0.0,0.0,0.0,0.0,0.0,0.0,0.0,0.0,0.0,0.0,0.0,0.0,0.0,0.0,0.0,0.0,0.0,0.0,0.0,0.0,0.0,0.0,0.0,0.0,0.0,0.0,0.0,0.0,0.0,0.0,0.0,0.0,0.0,0.0,0.0,0.0,0.0,0.0,0.0,0.0,0.0,0.0,0.0,0.0,0.0,0.0,0.0,0.0,0.0,0.0,0.0,0.0,0.0,0.0,0.0,0.0,0.0,0.0,0.0,0.0,0.0,0.0,0.0,0.0,0.0,0.0,0.0,0.0,0.0,0.0,0.0,0.0,0.0,0.0,0.0,0.0,0.0,0.0,0.0
0.9818657414566456,-0.9818673598232214,0.0,0.0,0.0,0.0,0.0,0.0,0.0,0.0,0.0,0.0,0.0,0.0,0.0,0.0,0.0,0.0,0.0,0.0,0.0,0.0,0.0,0.0,0.0,0.0,0.0,0.0,0.0,0.0,0.0,0.0,0.0,0.0,0.0,0.0,0.0,0.0,0.0,0.0,0.0,0.0,0.0,0.0,0.0,0.0,0.0,0.0,0.0,0.0,0.0,0.0,0.0,0.0,0.0,0.0,0.0,0.0,0.0,0.0,0.0,0.0,0.0,0.0,0.0,0.0,0.0,0.0,0.0,0.0,0.0,0.0,0.0,0.0,0.0,0.0,0.0,0.0,0.0,0.0,0.0,0.0,0.0,0.0,0.0,0.0,0.0,0.0,0.0,0.0,0.0,0.0,0.0,0.0,0.0,0.0,0.0,0.0,0.0,0.0,0.0,0.0,0.0,0.0,0.0,0.0,0.0,0.0,0.0,0.0,0.0,0.0,-0.9818672950894057,0.981865854359845,0.9818658534377671,0.9818658524728113,0.9818658514657221,0.9818658504172764,0.9818658493282834,0.9818658481995828,0.9818658470320457,0.9818658458265731,0.981865844584095,0.9818658433055701,0.9818658419919848,0.9818658406443523,0.9818658392637128,0.9818658378511314,0.981865836407698,0.9818658349345262,0.9818658334327526,0.9818658319035359,0.9818658303480565,0.9818658287675138,0.9818658271631275,0.9818658255361356,0.9818658238877935,0.9818658222193726,0.9818658205321609,0.9818658188274593,0.9818658171065834,0.9818658153708615,0.9818658136216319,0.981865811860245,0.9818658100880592,0.9818658083064423,0.9818658065167687,0.9818658047204193,0.9818658029187801,0.9818658011132408,0.9818657993051949,0.9818657974960374,0.9818657956871638,0.9818657938799706,0.981865792075851,0.9818657902761977,0.9818657884823992,0.981865786695839,0.9818657849178961,0.9818657831499422,0.9818657813933412,0.9818657796494485,0.9818657779196096,0.981865776205159,0.9818657745074199,0.9818657728277017,0.9818657711673008,0.9818657695274978,0.9818657679095587,0.9818657663147313,0.9818657647442459,0.9818657631993145,0.9818657616811292,0.9818657601908611,0.9818657587296604,0.981865757298654,0.9818657558989465,0.9818657545316172,0.9818657531977218,0.981865751898289,0.9818657506343218,0.981865749406795,0.9818657482166558,0.9818657470648227,0.9818657459521839,0.9818657448795985,0.9818657438478936,0.9818657428578653,0.9818657419102775,0.9818657410058618,0.981865740145315,0.9818657393293018,0.9818657385584515,0.9818657378333592,0.9818657371545839,0.9818657365226497,0.9818657359380437,0.9818657354012174,0.9818657349125849,0.981865734472523,0.9818657340813716,0.981865733739432,0.9818657334469684,0.9818657332042063,0.9818657330113333,0.9818657328684978,0.9818657327758102,0.9818657327333419,0.9818657327411258,0.9818657327991558,0.9818657329073871,0.9818657330657365,0.9818657332740814,0.9818657335322613,0.9818657338400769,0.9818657341972906,0.9818657346036272,0.9818657350587728,0.9818657355623763,0.9818657361140494,0.981865736713366,0.9818657373598643,0.9818657380530448,0.981865738792373,0.9818657395772785,0.9818657404071558,0.9818657412813645,-0.981867151230566,0.0,0.0,0.0,0.0,0.0,0.0,0.0,0.0,0.0,0.0,0.0,0.0,0.0
0.0,0.9818657423829286,0.9818657433520185,0.9818657443631676,0.9818657454155958,0.9818657465084911,0.9818657476410104,0.9818657488122795,0.9818657500213951,0.9818657512674243,0.9818657525494053,0.9818657538663494,0.9818657552172404,0.981865756601036,0.9818657580166686,0.9818657594630456,0.9818657609390515,0.9818657624435473,0.9818657639753721,0.9818657655333441,0.9818657671162614,0.9818657687229022,0.9818657703520275,0.9818657720023801,0.9818657736726865,0.981865775361658,0.9818657770679917,0.9818657787903708,0.9818657805274668,0.9818657822779385,0.9818657840404367,0.9818657858136003,0.9818657875960619,0.9818657893864461,0.9818657911833714,0.9818657929854514,0.9818657947912958,0.9818657965995111,0.9818657984087021,0.9818658002174733,0.981865802024429,0.9818658038281748,0.9818658056273193,0.9818658074204742,0.981865809206256,0.9818658109832866,0.9818658127501956,0.9818658145056192,0.981865816248203,0.9818658179766027,0.9818658196894845,0.9818658213855271,0.981865823063422,0.9818658247218742,0.9818658263596042,0.9818658279753488,0.981865829567861,0.9818658311359121,0.9818658326782923,0.9818658341938118,0.9818658356813008,0.9818658371396121,0.9818658385676202,0.9818658399642235,0.9818658413283446,0.9818658426589305,0.9818658439549551,0.9818658452154181,0.9818658464393472,0.9818658476257978,0.9818658487738547,0.9818658498826323,0.9818658509512747,0.9818658519789579,0.9818658529648883,0.9818658539083057,0.9818658548084819,0.9818658556647226,0.9818658564763671,0.9818658572427893,0.9818658579633975,0.9818658586376361,0.9818658592649847,0.9818658598449593,0.9818658603771122,0.9818658608610332,0.9818658612963487,0.981865861682723,0.9818658620198578,0.9818658623074931,0.9818658625454066,0.9818658627334154,0.9818658628713738,0.9818658629591761,0.981865862996754,0.9818658629840785,0.9818658629211594,0.9818658628080453,0.9818658626448238,0.9818658624316203,0.9818658621685997,0.9818658618559649,0.9818658614939566,0.981865861082855,0.9818658606229765,0.9818658601146762,0.9818658595583465,0.9818658589544161,0.9818658583033515,0.9818658576056551,0.9818658568618647,0.9818658560725544,0.981865855238333,0.0,0.0,0.0,0.0,0.0,0.0,0.0,0.0,0.0,0.0,0.0,0.0,0.0,0.0,0.0,0.0,0.0,0.0,0.0,0.0,0.0,0.0,0.0,0.0,0.0,0.0,0.0,0.0,0.0,0.0,0.0,0.0,0.0,0.0,0.0,0.0,0.0,0.0,0.0,0.0,0.0,0.0,0.0,0.0,0.0,0.0,0.0,0.0,0.0,0.0,0.0,0.0,0.0,0.0,0.0,0.0,0.0,0.0,0.0,0.0,0.0,0.0,0.0,0.0,0.0,0.0,0.0,0.0,0.0,0.0,0.0,0.0,0.0,0.0,0.0,0.0,0.0,0.0,0.0,0.0,0.0,0.0,0.0,0.0,0.0,0.0,0.0,0.0,0.0,0.0,0.0,0.0,0.0,0.0,0.0,0.0,0.0,0.0,0.0,0.0,0.0,0.0,0.0,0.0,0.0,0.0,0.0,0.0,0.0,0.0,0.0,0.0,0.0,0.0,0.9818657421992298,0.981865743160044,0.9818657441630655,0.9818657452075206,0.9818657462926034,0.9818657474174762,0.981865748581272,0.9818657497830922,0.98186575102201,0.981865752297069,0.9818657536072856,0.9818657549516487,0.9818657563291219,0.9818657577386414
0.0,0.0,0.0,0.0,0.0,0.0,0.0,0.0,0.0,0.0,0.0,0.0,0.0,0.0,0.0,0.0,0.0,0.0,0.0,0.0,0.0,0.0,0.0,0.0,0.0,0.0,0.0,0.0,0.0,0.0,0.0,0.0,0.0,0.0,0.0,0.0,0.0,0.0,0.0,0.0,0.0,0.0,0.0,0.0,0.0,0.0,0.0,0.0,0.0,0.0,0.0,0.0,0.0,0.0,0.0,0.0,0.0,0.0,0.0,0.0,0.0,0.0,0.0,0.0,0.0,0.0,0.0,0.0,0.0,0.0,0.0,0.0,0.0,0.0,0.0,0.0,0.0,0.0,0.0,0.0,0.0,0.0,0.0,0.0,0.0,0.0,0.0,0.0,0.0,0.0,0.0,0.0,0.0,0.0,0.0,0.0,0.0,0.0,0.0,0.0,0.0,0.0,0.0,0.0,0.0,0.0,0.0,0.0,0.0,0.0,0.0,0.0,0.0,0.0,0.0,0.0,0.0,0.0,0.0,0.0,0.0,0.0,0.0,0.0,0.0,0.0,0.0,0.0,0.0,0.0,0.0,0.0,0.9910563209517128,0.9910563193519609,0.9910563177456937,0.9910563161341507,0.9910563145185747,0.9910563129002129,0.9910563112803132,0.9910563096601264,0.9910563080409021,0.991056306423889,0.9910563048103357,0.9910563032014867,0.9910563015985833,0.9910563000028623,0.9910562984155545,0.9910562968378853,0.9910562952710719,0.9910562937163222,0.991056292174837,0.9910562906478049,0.9910562891364041,0.9910562876418014,0.9910562861651492,0.9910562847075871,0.9910562832702396,0.9910562818542162,0.9910562804606088,0.9910562790904929,0.9910562777449258,0.9910562764249451,0.9910562751315697,0.9910562738657978,0.9910562726286053,0.9910562714209472,0.9910562702437551,0.9910562690979373,0.991056267984378,0.9910562669039363,0.9910562658574461,0.9910562648457141,0.9910562638695215,0.9910562629296213,0.9910562620267389,0.9910562611615703,0.9910562603347839,0.9910562595470168,0.9910562587988774,0.9910562580909427,0.9910562574237588,0.9910562567978407,0.9910562562136712,0.9910562556717009,0.9910562551723484,0.9910562547159983,0.9910562543030034,0.9910562539336817,0.9910562536083186,0.9910562533271651,0.991056253090438,0.9910562528983199,0.9910562527509592,0.9910562526484693,0.9910562525909299,0.9910562525783846,0.9910562526108437,0.9910562526882818,0.9910562528106391,0.9910562529778217,0.9910562531896999,0.9910562534461107,0.9910562537468564,0.9910562540917044,0.9910562544803893,0.9910562549126106,0.9910562553880353,0.9910562559062961,-0.9910578373858341,0.0,0.0,0.0,0.0,0.0,0.0,0.0,0.0,0.0,0.0,0.0,0.0,0.0,0.0,0.0,0.0,0.0,0.0,0.0,0.0,0.0,0.0,0.0,0.0,0.0,0.0,0.0,0.0,0.0,0.0,0.0,0.0
0.9910562734135676,0.9910562746690823,0.9910562759525572,0.9910562772630013,0.9910562785994044,0.9910562799607349,0.9910562813459425,0.9910562827539585,0.9910562841836964,0.9910562856340536,0.9910562871039102,0.9910562885921329,0.991056290097573,0.9910562916190695,0.9910562931554479,0.991056294705523,0.9910562962680988,0.9910562978419696,0.9910562994259215,0.9910563010187319,0.9910563026191723,0.9910563042260072,0.9910563058379976,0.9910563074538993,0.9910563090724658,-0.9910582931910008,-0.9910582848166556,0.0,0.0,0.0,0.0,0.0,0.0,0.0,0.0,0.0,0.0,0.0,0.0,0.0,0.0,0.0,0.0,0.0,0.0,0.0,0.0,0.0,0.0,0.0,0.0,0.0,0.0,0.0,0.0,0.0,0.0,0.0,0.0,0.0,0.0,0.0,0.0,0.0,0.0,0.0,0.0,0.0,0.0,0.0,0.0,0.0,0.0,0.0,0.0,0.0,0.0,0.0,0.0,0.0,0.0,0.0,0.0,0.0,0.0,0.0,0.0,0.0,-0.9910569476420695,0.9910563680365699,0.9910563676874428,0.9910563672945065,0.9910563668580648,0.9910563663784538,0.9910563658560443,0.9910563652912389,0.9910563646844733,0.9910563640362157,0.9910563633469666,0.9910563626172575,0.9910563618476513,0.9910563610387424,0.9910563601911542,0.9910563593055408,0.991056358382586,0.9910563574230012,0.9910563564275277,0.9910563553969326,0.9910563543320114,0.991056353233586,0.9910563521025038,0.9910563509396372,0.9910563497458837,0.9910563485221642,0.9910563472694229,0.9910563459886264,0.9910563446807628,0.9910563433468416,0.9910563419878912,0.9910563406049608,0.9910563391991174,0.9910563377714454,0.9910563363230462,0.9910563348550379,0.9910563333685523,0.9910563318647371,0.9910563303447522,0.9910563288097702,0.9910563272609758,0.9910563256995638,0.991056324126739,0.9910563225437148,0.0,0.0,0.0,0.0,0.0,0.0,0.0,0.0,0.0,0.0,0.0,0.0,0.0,0.0,0.0,0.0,0.0,0.0,0.0,0.0,0.0,0.0,0.0,0.0,0.0,0.0,0.0,0.0,0.0,0.0,0.0,0.0,0.0,0.0,0.0,0.0,0.0,0.0,0.0,0.0,0.0,0.0,0.0,0.0,0.0,0.0,0.0,0.0,0.0,0.0,0.0,0.0,0.0,0.0,0.0,0.0,0.0,0.0,0.0,0.0,0.0,0.0,0.0,0.0,0.0,0.0,0.0,0.0,0.0,0.0,0.0,0.0,0.0,0.0,0.0,0.0,0.9910562564669935,0.9910562570696947,0.9910562577139347,0.9910562583992168,0.9910562591250117,0.9910562598907597,0.99105626069587,0.9910562615397217,0.9910562624216629,0.9910562633410137,0.9910562642970648,0.9910562652890785,0.9910562663162892,0.9910562673779048,0.9910562684731057,0.991056269601047,0.9910562707608588,0.9910562719516458,0.9910562731724897,0.9910562744224477,0.9910562757005564,0.9910562770058293,0.991056278337259,0.9910562796938186,0.9910562810744611,0.9910562824781215,0.9910562839037168,0.9910562853501471,0.9910562868162964,0.9910562883010333,0.9910562898032124,0.9910562913216748,0.9910562928552485
0.0,0.0,0.0,0.0,0.0,0.0,0.0,0.0,0.0,0.0,0.0,0.0,0.0,0.0,0.0,0.0,0.0,0.0,0.0,0.0,0.0,0.0,0.0,0.0,0.0,0.9910563106924482,0.9910563123125964,0.9910563139316605,0.9910563155483912,0.9910563171615416,0.9910563187698663,0.9910563203721249,0.9910563219670814,0.9910563235535045,0.9910563251301704,0.9910563266958631,0.991056328249374,0.9910563297895046,0.9910563313150669,0.9910563328248838,0.99105633431779,0.9910563357926339,0.9910563372482776,0.9910563386835981,0.9910563400974878,0.9910563414888555,0.9910563428566284,0.9910563441997506,0.9910563455171861,0.9910563468079181,0.9910563480709513,0.991056349305311,0.9910563505100441,0.9910563516842222,0.9910563528269386,0.991056353937312,0.9910563550144854,0.9910563560576277,0.9910563570659342,0.9910563580386271,0.9910563589749558,0.9910563598741978,0.9910563607356593,0.9910563615586756,0.9910563623426117,0.9910563630868627,0.9910563637908546,0.9910563644540442,0.9910563650759195,0.991056365656001,0.991056366193841,0.9910563666890246,0.9910563671411695,0.991056367549927,0.991056367914982,0.9910563682360524,0.9910563685128908,0.9910563687452834,0.9910563689330509,0.9910563690760487,0.9910563691741662,0.9910563692273276,0.9910563692354922,0.9910563691986533,0.9910563691168399,0.9910563689901144,0.9910563688185755,0.9910563686023546,0.991056368341619,0.0,0.0,0.0,0.0,0.0,0.0,0.0,0.0,0.0,0.0,0.0,0.0,0.0,0.0,0.0,0.0,0.0,0.0,0.0,0.0,0.0,0.0,0.0,0.0,0.0,0.0,0.0,0.0,0.0,0.0,0.0,0.0,0.0,0.0,0.0,0.0,0.0,0.0,0.0,0.0,0.0,0.0,0.0,0.0,0.0,0.0,0.0,0.0,0.0,0.0,0.0,0.0,0.0,0.0,0.0,0.0,0.0,0.0,0.0,0.0,0.0,0.0,0.0,0.0,0.0,0.0,0.0,0.0,0.0,0.0,0.0,0.0,0.0,0.0,0.0,0.0,0.0,0.0,0.0,0.0,0.0,0.0,0.0,0.0,0.0,0.0,0.0,0.0,0.0,0.0,0.0,0.0,0.0,0.0,0.0,0.0,0.0,0.0,0.0,0.0,0.0,0.0,0.0,0.0,0.0,0.0,0.0,0.0,0.0,0.0,0.0,0.0,0.0,0.0,0.0,0.0,0.0,0.0,0.0,0.0,0.0,0.0,0.0,0.0,0.0,0.0,0.0,0.0,0.0,0.0,0.0,0.0,0.0,0.0,0.0,0.0,0.0,0.0,0.0,0.0,0.0,0.0,0.0,0.0,0.0,0.0,0.0,0.0,0.0,0.0,0.0,0.0
1.0002423194570655,1.0002423208257658,1.0002423222071788,1.0002423236002398,-1.000243246642028,0.0,0.0,0.0,0.0,0.0,0.0,0.0,0.0,0.0,0.0,0.0,0.0,0.0,0.0,0.0,0.0,0.0,0.0,0.0,0.0,0.0,0.0,0.0,0.0,0.0,0.0,0.0,0.0,0.0,0.0,0.0,0.0,0.0,0.0,0.0,0.0,0.0,0.0,0.0,0.0,0.0,0.0,0.0,0.0,0.0,0.0,0.0,0.0,0.0,0.0,0.0,0.0,0.0,0.0,0.0,0.0,0.0,0.0,0.0,0.0,0.0,0.0,0.0,0.0,0.0,0.0,0.0,0.0,0.0,0.0,0.0,0.0,0.0,0.0,0.0,0.0,0.0,0.0,0.0,0.0,0.0,0.0,0.0,0.0,0.0,0.0,0.0,0.0,0.0,0.0,0.0,0.0,0.0,0.0,0.0,0.0,0.0,0.0,0.0,0.0,0.0,0.0,0.0,0.0,-1.0002433043707697,1.0002423592965264,1.000242357973856,1.0002423566352374,1.0002423552817026,1.0002423539142964,1.0002423525340738,1.0002423511420997,1.000242349739448,1.0002423483272012,1.0002423469064485,1.0002423454782865,1.0002423440438168,1.0002423426041465,1.000242341160386,1.0002423397136493,1.0002423382650527,1.000242336815714,1.0002423353667516,1.000242333919283,1.0002423324744254,1.0002423310332933,1.0002423295969989,1.0002423281666502,1.0002423267433507,1.0002423253281985,1.0002423239222857,1.000242322526697,1.000242321142509,1.0002423197707901,1.0002423184125984,1.0002423170689818,1.0002423157409768,1.0002423144296084,1.000242313135888,1.000242311860814,1.00024231060537,1.000242309370525,1.0002423081572316,1.0002423069664257,1.0002423057990266,1.0002423046559343,1.0002423035380308,1.0002423024461795,1.0002423013812223,1.0002423003439809,1.000242299335255,1.000242298355824,1.0002422974064424,1.0002422964878437,1.0002422956007364,1.0002422947458045,1.000242293923708,1.0002422931350812,1.0002422923805323,1.000242291660644,1.000242290975971,1.0002422903270423,1.0002422897143581,1.0002422891383913,1.0002422885995865,1.0002422880983588,1.0002422876350954,1.0002422872101537,1.0002422868238614,1.0002422864765166,1.0002422861683877,1.0002422858997115,1.0002422856706965,1.0002422854815185,1.0002422853323238,1.0002422852232273,1.0002422851543133,1.0002422851256354,1.0002422851372152,1.0002422851890436,1.000242285281081,1.0002422854132564,1.0002422855854676,1.0002422857975817,1.0002422860494355,1.000242286340834,1.0002422866715532,1.0002422870413372,1.000242287449901,1.0002422878969293,1.0002422883820772,1.0002422889049702,1.0002422894652054,1.00024229006235,1.0002422906959436,1.0002422913654971,1.000242292070494,1.0002422928103905,1.0002422935846156,1.0002422943925722,1.000242295233636,1.0002422961071593,1.0002422970124676,1.0002422979488619,1.0002422989156206,1.0002422999119973,1.0002423009372234,1.0002423019905076,1.0002423030710377,1.0002423041779793,1.0002423053104792,1.0002423064676633,1.0002423076486384,1.0002423088524934,1.0002423100783002,1.000242311325112,1.0002423125919675,1.000242313877889,1.0002423151818844,1.0002423165029475,1.0002423178400592,1.0002423191921876,1.0002423205582898,1.0002423219373113,1.0002423233281885,-1.000242906390891,0.0,0.0,0.0,0.0,0.0,0.0,0.0,0.0,0.0,0.0
0.0,0.0,0.0,0.0,1.0002423250038728,1.0002423264169955,1.0002423278385177,1.0002423292673421,1.0002423307023667,1.000242332142484,1.000242333586583,1.00024233503355,1.0002423364822677,1.0002423379316188,1.000242339380485,1.0002423408277483,1.0002423422722924,1.0002423437130024,1.000242345148767,1.0002423465784778,1.0002423480010325,1.0002423494153334,1.0002423508202887,1.000242352214815,1.000242353597836,1.0002423549682846,1.0002423563251037,1.0002423576672463,1.000242358993677,1.000242360303372,1.000242361595321,1.0002423628685277,1.0002423641220088,1.0002423653547978,1.0002423665659435,1.0002423677545114,1.000242368919584,1.0002423700602632,1.000242371175668,1.0002423722649385,1.0002423733272343,1.0002423743617355,1.0002423753676433,1.0002423763441828,1.0002423772906,1.0002423782061642,1.0002423790901696,1.000242379941934,1.0002423807608003,1.0002423815461368,1.0002423822973372,1.0002423830138218,1.0002423836950385,1.000242384340461,1.0002423849495916,1.0002423855219607,1.0002423860571257,1.0002423865546748,1.0002423870142232,1.0002423874354172,1.000242387817931,1.00024238816147,1.000242388465769,1.0002423887305931,1.0002423889557381,1.0002423891410304,1.0002423892863266,1.0002423893915147,1.0002423894565144,1.0002423894812746,1.0002423894657764,1.0002423894100316,1.0002423893140837,1.0002423891780063,1.000242389001905,1.0002423887859149,1.0002423885302028,1.0002423882349665,1.0002423879004336,1.0002423875268618,1.0002423871145396,1.0002423866637855,1.0002423861749463,1.0002423856484002,1.000242385084553,1.0002423844838397,1.0002423838467238,1.0002423831736973,1.0002423824652789,1.0002423817220154,1.00024238094448,1.0002423801332734,1.0002423792890207,1.0002423784123735,1.0002423775040086,1.0002423765646262,1.0002423755949514,1.0002423745957325,1.00024237356774,1.0002423725117673,1.0002423714286295,1.000242370319162,1.0002423691842206,1.0002423680246812,1.0002423668414389,1.0002423656354056,1.0002423644075125,1.000242363158707,1.0002423618899525,1.0002423606022277,0.0,0.0,0.0,0.0,0.0,0.0,0.0,0.0,0.0,0.0,0.0,0.0,0.0,0.0,0.0,0.0,0.0,0.0,0.0,0.0,0.0,0.0,0.0,0.0,0.0,0.0,0.0,0.0,0.0,0.0,0.0,0.0,0.0,0.0,0.0,0.0,0.0,0.0,0.0,0.0,0.0,0.0,0.0,0.0,0.0,0.0,0.0,0.0,0.0,0.0,0.0,0.0,0.0,0.0,0.0,0.0,0.0,0.0,0.0,0.0,0.0,0.0,0.0,0.0,0.0,0.0,0.0,0.0,0.0,0.0,0.0,0.0,0.0,0.0,0.0,0.0,0.0,0.0,0.0,0.0,0.0,0.0,0.0,0.0,0.0,0.0,0.0,0.0,0.0,0.0,0.0,0.0,0.0,0.0,0.0,0.0,0.0,0.0,0.0,0.0,0.0,0.0,0.0,0.0,0.0,0.0,0.0,0.0,0.0,0.0,0.0,0.0,0.0,0.0,0.0,0.0,0.0,0.0,0.0,0.0,1.0002423247298484,1.0002423261412088,1.0002423275611816,1.0002423289886708,1.000242330422575,1.000242331861788,1.000242333305199,1.000242334751695,1.0002423362001598,1.0002423376494751,1.0002423390985233
0.0,0.0,0.0,0.0,0.0,0.0,0.0,0.0,0.0,0.0,0.0,0.0,0.0,0.0,0.0,0.0,0.0,0.0,0.0,0.0,0.0,0.0,0.0,0.0,0.0,0.0,0.0,0.0,0.0,0.0,0.0,0.0,0.0,0.0,0.0,0.0,0.0,0.0,0.0,0.0,0.0,0.0,0.0,0.0,0.0,0.0,0.0,0.0,0.0,0.0,0.0,0.0,0.0,0.0,0.0,0.0,0.0,0.0,0.0,0.0,0.0,0.0,0.0,0.0,0.0,0.0,0.0,0.0,0.0,0.0,0.0,0.0,0.0,0.0,0.0,0.0,0.0,0.0,0.0,0.0,0.0,0.0,0.0,0.0,0.0,0.0,0.0,0.0,0.0,0.0,0.0,0.0,0.0,0.0,0.0,0.0,0.0,0.0,0.0,0.0,0.0,0.0,0.0,0.0,0.0,0.0,0.0,0.0,0.0,0.0,0.0,0.0,0.0,0.0,0.0,0.0,0.0,0.0,0.0,0.0,0.0,0.0,0.0,0.0,0.0,0.0,0.0,0.0,0.0,0.0,1.009423817330522,1.0094238161838736,1.0094238150543857,1.0094238139429295,1.009423812850363,1.0094238117775292,1.0094238107252556,1.0094238096943542,1.0094238086856202,1.009423807699832,1.0094238067377506,1.0094238058001177,1.0094238048876572,1.0094238040010728,1.0094238031410487,1.0094238023082482,1.0094238015033143,1.0094238007268674,1.0094237999795077,1.0094237992618105,1.0094237985743306,1.0094237979175977,1.0094237972921187,1.0094237966983766,1.0094237961368289,1.0094237956079093,1.0094237951120257,1.0094237946495608,1.0094237942208713,1.0094237938262882,1.0094237934661154,1.0094237931406314,1.009423792850087,1.0094237925947067,1.009423792374687,1.0094237921901983,1.0094237920413822,1.009423791928354,1.009423791851201,1.0094237918099822,1.0094237918047302,1.0094237918354485,1.0094237919021134,1.0094237920046736,1.0094237921430498,1.0094237923171354,1.0094237925267961,1.00942379277187,1.0094237930521683,1.0094237933674746,1.0094237937175454,1.009423794102111,1.0094237945208742,1.009423794973512,1.0094237954596756,1.0094237959789896,1.0094237965310533,1.0094237971154405,1.0094237977317009,1.009423798379359,1.0094237990579142,1.009423799766844,1.0094238005056009,1.0094238012736148,1.0094238020702935,1.0094238028950222,1.0094238037471646,1.009423804626063,1.0094238055310396,1.0094238064613956,1.0094238074164141,1.0094238083953575,1.0094238093974708,1.0094238104219806,1.0094238114680965,1.0094238125350115,1.0094238136219025,1.0094238147279306,1.0094238158522426,1.0094238169939713,0.0,0.0,0.0,0.0,0.0,0.0,0.0,0.0,0.0,0.0,0.0,0.0,0.0,0.0,0.0,0.0,0.0,0.0,0.0,0.0,0.0,0.0,0.0,0.0,0.0,0.0,0.0,0.0,0.0,0.0,0.0
1.0094238384253758,1.0094238397202897,1.0094238410142047,1.0094238423061224,1.0094238435950456,1.0094238448799802,1.0094238461599347,1.0094238474339217,1.009423848700958,1.009423849960066,1.0094238512102747,1.0094238524506192,1.009423853680142,1.009423854897895,1.0094238561029387,1.0094238572943433,1.009423858471189,1.0094238596325689,1.0094238607775858,1.0094238619053568,1.0094238630150119,1.0094238641056945,1.0094238651765632,1.0094238662267923,1.0094238672555709,1.0094238682621053,1.009423869245619,-1.0094249152886963,0.0,0.0,0.0,0.0,0.0,0.0,0.0,0.0,0.0,0.0,0.0,0.0,0.0,0.0,0.0,0.0,0.0,0.0,0.0,0.0,0.0,0.0,0.0,0.0,0.0,0.0,0.0,0.0,0.0,0.0,0.0,0.0,0.0,0.0,0.0,0.0,0.0,0.0,0.0,0.0,0.0,0.0,0.0,0.0,0.0,0.0,0.0,0.0,0.0,0.0,0.0,0.0,0.0,0.0,0.0,0.0,0.0,0.0,-1.0094244251698943,1.009423869340092,1.0094238683588599,1.0094238673545322,1.009423866327884,1.0094238652797078,1.009423864210812,1.0094238631220211,1.0094238620141753,1.0094238608881299,1.0094238597447527,1.009423858584927,1.0094238574095464,1.0094238562195186,1.0094238550157622,1.0094238537992049,1.0094238525707857,1.009423851331453,1.0094238500821624,1.009423848823878,1.0094238475575705,1.009423846284217,1.0094238450048,1.0094238437203065,1.009423842431728,1.009423841140058,1.0094238398462936,1.0094238385514327,1.0094238372564748,1.0094238359624188,1.009423834670263,1.0094238333810046,1.009423832095638,1.0094238308151553,1.0094238295405444,1.0094238282727883,1.009423827012866,1.0094238257617485,1.009423824520402,1.009423823289784,1.009423822070844,1.009423820864522,1.0094238196717498,1.0094238184934468,0.0,0.0,0.0,0.0,0.0,0.0,0.0,0.0,0.0,0.0,0.0,0.0,0.0,0.0,0.0,0.0,0.0,0.0,0.0,0.0,0.0,0.0,0.0,0.0,0.0,0.0,0.0,0.0,0.0,0.0,0.0,0.0,0.0,0.0,0.0,0.0,0.0,0.0,0.0,0.0,0.0,0.0,0.0,0.0,0.0,0.0,0.0,0.0,0.0,0.0,0.0,0.0,0.0,0.0,0.0,0.0,0.0,0.0,0.0,0.0,0.0,0.0,0.0,0.0,0.0,0.0,0.0,0.0,0.0,0.0,0.0,0.0,0.0,0.0,0.0,0.0,0.0,0.0,0.0,0.0,1.0094238181522355,1.0094238193261411,1.0094238205147832,1.009423821717244,1.0094238229325962,1.009423824159902,1.0094238253982146,1.009423826646578,1.0094238279040297,1.009423829169599,1.0094238304423098,1.0094238317211799,1.0094238330052225,1.0094238342934474,1.00942383558486,1.0094238368784645,1.009423838173262,1.0094238394682544,1.0094238407624425,1.009423842054827,1.0094238433444112,1.0094238446302,1.0094238459112017,1.0094238471864276,1.0094238484548939,1.0094238497156218,1.0094238509676385,1.0094238522099783,1.0094238534416824,1.0094238546618008,1.0094238558693918
0.0,0.0,0.0,0.0,0.0,0.0,0.0,0.0,0.0,0.0,0.0,0.0,0.0,0.0,0.0,0.0,0.0,0.0,0.0,0.0,0.0,0.0,0.0,0.0,0.0,0.0,0.0,1.0094238702053533,1.0094238711405676,1.0094238720505404,1.0094238729345693,1.0094238737919727,1.0094238746220885,1.0094238754242766,1.0094238761979184,1.0094238769424162,1.009423877657196,1.0094238783417064,1.009423878995419,1.0094238796178299,1.0094238802084583,1.0094238807668485,1.0094238812925702,1.0094238817852172,1.0094238822444102,1.009423882669794,1.009423883061041,1.0094238834178488,1.009423883739943,1.0094238840270737,1.009423884279021,1.009423884495589,1.0094238846766115,1.0094238848219486,1.0094238849314883,1.0094238850051458,1.0094238850428645,1.0094238850446153,1.0094238850103967,1.0094238849402355,1.0094238848341848,1.0094238846923276,1.009423884514773,1.0094238843016576,1.0094238840531464,1.0094238837694307,1.0094238834507294,1.0094238830972886,1.0094238827093809,1.0094238822873058,1.0094238818313888,1.0094238813419816,1.0094238808194618,1.0094238802642328,1.0094238796767225,1.0094238790573848,1.0094238784066971,1.0094238777251616,1.0094238770133044,1.0094238762716738,1.0094238755008436,1.0094238747014073,1.0094238738739818,1.0094238730192056,1.0094238721377387,1.0094238712302608,1.009423870297472,0.0,0.0,0.0,0.0,0.0,0.0,0.0,0.0,0.0,0.0,0.0,0.0,0.0,0.0,0.0,0.0,0.0,0.0,0.0,0.0,0.0,0.0,0.0,0.0,0.0,0.0,0.0,0.0,0.0,0.0,0.0,0.0,0.0,0.0,0.0,0.0,0.0,0.0,0.0,0.0,0.0,0.0,0.0,0.0,0.0,0.0,0.0,0.0,0.0,0.0,0.0,0.0,0.0,0.0,0.0,0.0,0.0,0.0,0.0,0.0,0.0,0.0,0.0,0.0,0.0,0.0,0.0,0.0,0.0,0.0,0.0,0.0,0.0,0.0,0.0,0.0,0.0,0.0,0.0,0.0,0.0,0.0,0.0,0.0,0.0,0.0,0.0,0.0,0.0,0.0,0.0,0.0,0.0,0.0,0.0,0.0,0.0,0.0,0.0,0.0,0.0,0.0,0.0,0.0,0.0,0.0,0.0,0.0,0.0,0.0,0.0,0.0,0.0,0.0,0.0,0.0,0.0,0.0,0.0,0.0,0.0,0.0,0.0,0.0,0.0,0.0,0.0,0.0,0.0,0.0,0.0,0.0,0.0,0.0,0.0,0.0,0.0,0.0,0.0,0.0,0.0,0.0,0.0,0.0,0.0,0.0,0.0,0.0,0.0,0.0,0.0,0.0,0.0,0.0
1.0186007899806113,1.018600791061165,1.0186007921299038,1.0186007931860037,0.0,0.0,0.0,0.0,0.0,0.0,0.0,0.0,0.0,0.0,0.0,0.0,0.0,0.0,0.0,0.0,0.0,0.0,0.0,0.0,0.0,0.0,0.0,0.0,0.0,0.0,0.0,0.0,0.0,0.0,0.0,0.0,0.0,0.0,0.0,0.0,0.0,0.0,0.0,0.0,0.0,0.0,0.0,0.0,0.0,0.0,0.0,0.0,0.0,0.0,0.0,0.0,0.0,0.0,0.0,0.0,0.0,0.0,0.0,0.0,0.0,0.0,0.0,0.0,0.0,0.0,0.0,0.0,0.0,0.0,0.0,0.0,0.0,0.0,0.0,0.0,0.0,0.0,0.0,0.0,0.0,0.0,0.0,0.0,0.0,0.0,0.0,0.0,0.0,0.0,0.0,0.0,0.0,0.0,0.0,0.0,0.0,0.0,0.0,0.0,0.0,0.0,0.0,0.0,0.0,0.0,1.0186007649290063,1.018600763817186,1.0186007627145712,1.0186007616220127,1.0186007605403535,1.018600759470428,1.0186007584130623,1.0186007573690716,1.0186007563392616,1.0186007553244267,1.0186007543253504,1.0186007533428028,1.0186007523775427,1.0186007514303141,1.0186007505018486,1.0186007495928624,1.0186007487040563,1.0186007478361168,1.018600746989713,1.0186007461654978,1.018600745364108,1.0186007445861611,1.0186007438322575,1.018600743102979,1.0186007423988885,1.018600741720529,1.0186007410684237,1.0186007404430761,1.0186007398449681,1.0186007392745622,1.018600738732298,1.018600738218593,1.018600737733845,1.0186007372784271,1.0186007368526913,1.0186007364569651,1.018600736091555,1.018600735756742,1.0186007354527848,1.018600735179918,1.0186007349383521,1.0186007347282735,1.018600734549844,1.0186007344032018,1.0186007342884593,1.0186007342057055,1.0186007341550045,1.018600734136395,1.0186007341498915,1.0186007341954835,1.018600734273136,1.0186007343827888,1.0186007345243575,1.018600734697733,1.0186007349027815,1.0186007351393442,1.0186007354072395,1.01860073570626,1.0186007360361755,1.0186007363967307,1.0186007367876482,1.0186007372086263,1.01860073765934,1.018600738139441,1.0186007386485598,1.0186007391863032,1.0186007397522565,1.0186007403459825,1.0186007409670235,1.0186007416149,1.0186007422891128,1.0186007429891413,1.0186007437144453,1.0186007444644654,1.0186007452386228,1.0186007460363198,1.0186007468569416,1.0186007476998549,1.018600748564409,1.0186007494499374,1.0186007503557564,1.018600751281167,1.0186007522254557,1.0186007531878936,1.0186007541677382,1.0186007551642335,1.0186007561766106,1.0186007572040885,1.0186007582458745,1.0186007593011646,1.0186007603691443,1.0186007614489903,1.0186007625398692,1.018600763640939,1.0186007647513504,1.018600765870247,1.018600766996765,1.0186007681300353,1.0186007692691834,1.018600770413331,1.0186007715615948,1.0186007727130888,1.0186007738669252,1.0186007750222126,1.0186007761780607,1.0186007773335775,1.0186007784878708,1.018600779640051,1.0186007807892283,1.018600781934516,1.0186007830750314,1.0186007842098934,1.0186007853382273,1.0186007864591622,1.0186007875718328,1.0186007886753812,1.0186007897689557,1.0186007908517125,1.0186007919228166,1.0186007929814407,0.0,0.0,0.0,0.0,0.0,0.0,0.0,0.0,0.0,0.0,0.0
0.0,0.0,0.0,0.0,1.0186007942286495,1.0186007952570366,1.0186007962703716,1.018600797267873,1.018600798248771,1.0186007992123087,1.018600800157743,1.0186008010843437,1.0186008019913964,1.0186008028782014,1.0186008037440741,1.0186008045883466,1.0186008054103677,1.018600806209503,1.0186008069851356,1.0186008077366673,1.0186008084635187,1.0186008091651286,1.0186008098409551,1.018600810490478,1.018600811113195,1.0186008117086263,1.0186008122763124,1.018600812815815,1.0186008133267184,1.0186008138086275,1.0186008142611718,1.0186008146840007,1.0186008150767891,1.0186008154392334,1.0186008157710538,1.0186008160719946,1.0186008163418236,1.0186008165803324,1.0186008167873373,1.0186008169626786,1.0186008171062204,1.0186008172178527,1.0186008172974892,1.0186008173450678,1.0186008173605525,1.0186008173439314,1.0186008172952168,1.0186008172144465,1.0186008171016827,1.0186008169570127,1.018600816780548,1.018600816572425,1.018600816332804,1.0186008160618696,1.0186008157598312,1.018600815426922,1.0186008150633985,1.0186008146695413,1.0186008142456544,1.0186008137920646,1.0186008133091222,1.0186008127971997,1.018600812256692,1.0186008116880159,1.0186008110916105,1.0186008104679358,1.0186008098174733,1.0186008091407248,1.0186008084382119,1.0186008077104773,1.018600806958082,1.0186008061816068,1.0186008053816504,1.018600804558831,1.0186008037137824,1.0186008028471571,1.0186008019596233,1.0186008010518663,1.0186008001245865,1.0186007991784989,1.0186007982143337,1.0186007972328348,1.0186007962347596,1.0186007952208782,1.0186007941919726,1.0186007931488366,1.0186007920922753,1.018600791023104,1.0186007899421474,1.0186007888502395,1.0186007877482228,1.0186007866369475,1.0186007855172712,1.0186007843900575,1.018600783256177,1.018600782116503,1.0186007809719162,1.018600779823299,1.0186007786715376,1.0186007775175212,1.0186007763621399,1.018600775206285,1.018600774050848,1.0186007728967212,1.0186007717447947,1.0186007705959572,1.0186007694510948,1.0186007683110914,1.0186007671768262,1.0186007660491745,0.0,0.0,0.0,0.0,0.0,0.0,0.0,0.0,0.0,0.0,0.0,0.0,0.0,0.0,0.0,0.0,0.0,0.0,0.0,0.0,0.0,0.0,0.0,0.0,0.0,0.0,0.0,0.0,0.0,0.0,0.0,0.0,0.0,0.0,0.0,0.0,0.0,0.0,0.0,0.0,0.0,0.0,0.0,0.0,0.0,0.0,0.0,0.0,0.0,0.0,0.0,0.0,0.0,0.0,0.0,0.0,0.0,0.0,0.0,0.0,0.0,0.0,0.0,0.0,0.0,0.0,0.0,0.0,0.0,0.0,0.0,0.0,0.0,0.0,0.0,0.0,0.0,0.0,0.0,0.0,0.0,0.0,0.0,0.0,0.0,0.0,0.0,0.0,0.0,0.0,0.0,0.0,0.0,0.0,0.0,0.0,0.0,0.0,0.0,0.0,0.0,0.0,0.0,0.0,0.0,0.0,0.0,0.0,0.0,0.0,0.0,0.0,0.0,0.0,0.0,0.0,0.0,0.0,0.0,0.0,1.0186007940267692,1.0186007950579947,1.0186007960743217,1.0186007970749662,1.018600798059156,1.018600799026132,1.0186007999751479,1.0186008009054717,1.0186008018163852,1.018600802707186,1.0186008035771863
0.0,0.0,0.0,0.0,0.0,0.0,0.0,0.0,0.0,0.0,0.0,0.0,0.0,0.0,0.0,0.0,0.0,0.0,0.0,0.0,0.0,0.0,0.0,0.0,0.0,0.0,0.0,0.0,0.0,0.0,0.0,0.0,0.0,0.0,0.0,0.0,0.0,0.0,0.0,0.0,0.0,0.0,0.0,0.0,0.0,0.0,0.0,0.0,0.0,0.0,0.0,0.0,0.0,0.0,0.0,0.0,0.0,0.0,0.0,0.0,0.0,0.0,0.0,0.0,0.0,0.0,0.0,0.0,0.0,0.0,0.0,0.0,0.0,0.0,0.0,0.0,0.0,0.0,0.0,0.0,0.0,0.0,0.0,0.0,0.0,0.0,0.0,0.0,0.0,0.0,0.0,0.0,0.0,0.0,0.0,0.0,0.0,0.0,0.0,0.0,0.0,0.0,0.0,0.0,0.0,0.0,0.0,0.0,0.0,0.0,0.0,0.0,0.0,0.0,0.0,0.0,0.0,0.0,0.0,0.0,0.0,0.0,0.0,0.0,0.0,0.0,0.0,0.0,0.0,0.0,0.0,0.0,0.0,1.0277730756299401,1.0277730753195877,1.027773075036647,1.0277730747813358,1.0277730745538516,1.0277730743543694,1.027773074183043,1.0277730740400057,1.0277730739253668,1.027773073839215,1.0277730737816169,1.0277730737526167,1.0277730737522373,1.0277730737804782,1.0277730738373183,1.0277730739227133,1.0277730740365978,1.0277730741788835,1.0277730743494609,1.027773074548198,1.0277730747749418,1.0277730750295173,1.0277730753117282,1.0277730756213563,1.0277730759581634,1.0277730763218889,1.0277730767122528,1.0277730771289535,1.0277730775716694,1.0277730780400594,1.0277730785337615,1.0277730790523956,1.0277730795955606,1.0277730801628382,1.0277730807537906,1.0277730813679613,1.027773082004877,1.027773082664046,1.0277730833449594,1.0277730840470927,1.0277730847699036,1.0277730855128344,1.0277730862753123,1.0277730870567485,1.02777308785654,1.0277730886740701,1.0277730895087083,1.02777309035981,1.027773091226719,1.0277730921087658,1.0277730930052704,1.0277730939155412,1.0277730948388755,1.0277730957745608,1.0277730967218757,1.0277730976800887,1.0277730986484608,1.027773099626245,1.027773100612687,1.027773101607025,1.0277731026084926,1.0277731036163162,1.0277731046297192,1.0277731056479191,1.0277731066701303,1.0277731076955647,1.0277731087234303,1.0277731097529346,1.027773110783283,1.0277731118136806,1.0277731128433327,1.0277731138714443,1.0277731148972227,1.0277731159198764,0.0,0.0,0.0,0.0,0.0,0.0,0.0,0.0,0.0,0.0,0.0,0.0,0.0,0.0,0.0,0.0,0.0,0.0,0.0,0.0,0.0,0.0,0.0,0.0,0.0,0.0,0.0,0.0,0.0,0.0,0.0,0.0,0.0,0.0
1.0277731346934027,1.0277731354735162,1.027773136234629,1.0277731369761538,1.027773137697519,1.027773138398167,1.0277731390775582,1.027773139735168,1.027773140370489,1.027773140983031,1.0277731415723217,1.0277731421379062,1.027773142679348,1.0277731431962296,1.0277731436881516,1.0277731441547353,1.0277731445956202,1.0277731450104663,1.0277731453989536,1.027773145760782,1.0277731460956727,1.027773146403367,1.0277731466836277,1.027773146936239,0.0,0.0,0.0,0.0,0.0,0.0,0.0,0.0,0.0,0.0,0.0,0.0,0.0,0.0,0.0,0.0,0.0,0.0,0.0,0.0,0.0,0.0,0.0,0.0,0.0,0.0,0.0,0.0,0.0,0.0,0.0,0.0,0.0,0.0,0.0,0.0,0.0,0.0,0.0,0.0,0.0,0.0,0.0,0.0,0.0,0.0,0.0,0.0,0.0,0.0,0.0,0.0,0.0,0.0,0.0,0.0,0.0,0.0,0.0,0.0,0.0,0.0,0.0,0.0,0.0,0.0,1.0277731087507194,1.0277731077228,1.027773106697291,1.027773105674984,1.0277731046566676,1.0277731036431275,1.0277731026351455,1.0277731016334997,1.0277731006389623,1.0277730996523013,1.0277730986742777,1.027773097705646,1.0277730967471541,1.0277730957995406,1.0277730948635373,1.027773093939866,1.02777309302924,1.0277730921323611,1.0277730912499217,1.0277730903826028,1.0277730895310733,1.0277730886959902,1.027773087877998,1.0277730870777277,1.0277730862957968,1.0277730855328087,1.027773084789352,1.0277730840660002,1.0277730833633114,1.027773082681828,1.0277730820220756,1.0277730813845634,1.0277730807697831,1.027773080178209,1.0277730796102977,1.0277730790664876,1.027773078547198,1.0277730780528291,1.027773077583763,1.0277730771403617,1.0277730767229665,1.0277730763319002,1.0277730759674644,0.0,0.0,0.0,0.0,0.0,0.0,0.0,0.0,0.0,0.0,0.0,0.0,0.0,0.0,0.0,0.0,0.0,0.0,0.0,0.0,0.0,0.0,0.0,0.0,0.0,0.0,0.0,0.0,0.0,0.0,0.0,0.0,0.0,0.0,0.0,0.0,0.0,0.0,0.0,0.0,0.0,0.0,0.0,0.0,0.0,0.0,0.0,0.0,0.0,0.0,0.0,0.0,0.0,0.0,0.0,0.0,0.0,0.0,0.0,0.0,0.0,0.0,0.0,0.0,0.0,0.0,0.0,0.0,0.0,0.0,0.0,0.0,0.0,0.0,1.0277731169386157,1.0277731179526552,1.0277731189612127,1.0277731199635094,1.0277731209587724,1.0277731219462336,1.027773122925131,1.0277731238947099,1.0277731248542217,1.0277731258029263,1.0277731267400916,1.0277731276649944,1.0277731285769216,1.0277731294751689,1.027773130359044,1.0277731312278646,1.02777313208096,1.0277731329176725,1.027773133737356,1.0277731345393786,1.0277731353231214,1.0277731360879796,1.0277731368333631,1.0277731375586967,1.0277731382634208,1.0277731389469917,1.0277731396088818,1.027773140248581,1.0277731408655952,1.0277731414594482,1.0277731420296823,1.0277731425758574,1.0277731430975519,1.0277731435943633
0.0,0.0,0.0,0.0,0.0,0.0,0.0,0.0,0.0,0.0,0.0,0.0,0.0,0.0,0.0,0.0,0.0,0.0,0.0,0.0,0.0,0.0,0.0,0.0,1.0277731471610052,1.027773147357753,1.027773147526331,1.027773147666609,1.0277731477784786,1.0277731478618537,1.0277731479166698,1.0277731479428847,1.0277731479404781,1.027773147909452,1.0277731478498304,1.0277731477616587,1.0277731476450058,1.027773147499961,1.0277731473266365,1.0277731471251663,1.0277731468957054,1.027773146638431,1.0277731463535418,1.0277731460412571,1.0277731457018182,1.027773145335487,1.0277731449425462,1.0277731445232987,1.0277731440780684,1.0277731436071986,1.0277731431110524,1.0277731425900127,1.0277731420444818,1.02777314147488,1.0277731408816475,1.0277731402652417,1.0277731396261383,1.0277731389648301,1.0277731382818274,1.0277731375776575,1.027773136852863,1.0277731361080042,1.0277731353436552,1.0277731345604053,1.02777313375886,1.0277731329396365,1.0277731321033672,1.027773131250698,1.0277731303822861,1.0277731294988017,1.0277731286009266,1.0277731276893534,1.0277731267647854,1.027773125827936,1.027773124879528,1.0277731239202932,1.0277731229509721,1.0277731219723119,1.027773120985068,1.027773119990002,1.0277731189878818,1.0277731179794807,1.0277731169655764,1.0277731159469514,1.0277731149243918,1.027773113898686,1.0277731128706258,1.0277731118410047,1.0277731108106165,1.0277731097802563,0.0,0.0,0.0,0.0,0.0,0.0,0.0,0.0,0.0,0.0,0.0,0.0,0.0,0.0,0.0,0.0,0.0,0.0,0.0,0.0,0.0,0.0,0.0,0.0,0.0,0.0,0.0,0.0,0.0,0.0,0.0,0.0,0.0,0.0,0.0,0.0,0.0,0.0,0.0,0.0,0.0,0.0,0.0,0.0,0.0,0.0,0.0,0.0,0.0,0.0,0.0,0.0,0.0,0.0,0.0,0.0,0.0,0.0,0.0,0.0,0.0,0.0,0.0,0.0,0.0,0.0,0.0,0.0,0.0,0.0,0.0,0.0,0.0,0.0,0.0,0.0,0.0,0.0,0.0,0.0,0.0,0.0,0.0,0.0,0.0,0.0,0.0,0.0,0.0,0.0,0.0,0.0,0.0,0.0,0.0,0.0,0.0,0.0,0.0,0.0,0.0,0.0,0.0,0.0,0.0,0.0,0.0,0.0,0.0,0.0,0.0,0.0,0.0,0.0,0.0,0.0,0.0,0.0,0.0,0.0,0.0,0.0,0.0,0.0,0.0,0.0,0.0,0.0,0.0,0.0,0.0,0.0,0.0,0.0,0.0,0.0,0.0,0.0,0.0,0.0,0.0,0.0,0.0,0.0,0.0,0.0,0.0,0.0,0.0,0.0,0.0
0.0,0.0,0.0,0.0,0.0,0.0,0.0,0.0,0.0,0.0,0.0,0.0,0.0,0.0,0.0,0.0,0.0,0.0,0.0,0.0,0.0,0.0,0.0,0.0,0.0,0.0,0.0,0.0,0.0,0.0,0.0,0.0,0.0,0.0,0.0,0.0,0.0,0.0,0.0,0.0,0.0,0.0,0.0,0.0,0.0,0.0,0.0,0.0,0.0,0.0,0.0,0.0,0.0,0.0,0.0,0.0,0.0,0.0,0.0,0.0,0.0,0.0,0.0,0.0,0.0,0.0,0.0,0.0,0.0,0.0,0.0,0.0,0.0,0.0,0.0,0.0,0.0,0.0,0.0,0.0,0.0,0.0,0.0,0.0,0.0,0.0,0.0,0.0,0.0,0.0,0.0,0.0,0.0,0.0,0.0,0.0,0.0,0.0,0.0,0.0,0.0,0.0,0.0,0.0,0.0,0.0,0.0,0.0,0.0,0.0,0.0,0.0,0.0,0.0,1.0369407763816054,1.0369407759540779,1.036940775549268,1.0369407751674875,1.0369407748090316,1.036940774474176,1.03694077416318,1.0369407738762828,1.0369407736137062,1.0369407733756526,1.0369407731623055,1.03694077297383,1.0369407728103714,1.0369407726720556,1.0369407725589892,1.03694077247126,1.036940772408935,1.0369407723720625,1.0369407723606714,1.03694077237477,1.0369407724143473,1.0369407724793733,1.0369407725697977,1.0369407726855504,1.0369407728265423,1.0369407729926645,1.036940773183789,1.036940773399768,1.0369407736404355,1.0369407739056056,1.0369407741950731,1.0369407745086152,1.03694077484599,1.036940775206937,1.0369407755911777,1.0369407759984162,1.0369407764283372,1.0369407768806098,1.0369407773548849,1.0369407778507969,1.0369407783679623,1.0369407789059828,1.0369407794644432,1.036940780042912,1.036940780640944,1.0369407812580769,1.0369407818938348,1.0369407825477268,1.0369407832192492,1.0369407839078832,1.0369407846130982,1.0369407853343493,1.0369407860710802,1.0369407868227227,1.036940787588697,1.0369407883684116,1.0369407891612652,1.0369407899666463,1.036940790783933,1.036940791612495,1.0369407924516933,1.0369407933008796,1.0369407941593998,1.0369407950265908,1.0369407959017831,1.0369407967843023,1.0369407976734673,1.036940798568592,1.0369407994689852,1.036940800373953,1.036940801282797,1.0369408021948154,1.0369408031093055,1.0369408040255608,1.0369408049428748,1.0369408058605396,1.0369408067778472,1.03694080769409,1.0369408086085612,1.0369408095205548,1.036940810429367,1.0369408113342975,1.0369408122346473,1.0369408131297218,1.0369408140188308,1.036940814901288,1.0369408157764126,1.0369408166435292,1.0369408175019692,1.03694081835107,1.0369408191901766,1.0369408200186414,1.0369408208358253,1.0369408216410978,1.0369408224338372,1.0369408232134325,1.0369408239792823,1.0369408247307947,1.036940825467391,1.036940826188502,1.036940826893572,1.0369408275820564,1.0369408282534245,1.0369408289071582,1.0369408295427527,1.0369408301597183,1.036940830757578,1.0369408313358717,1.0369408318941522,1.0369408324319893,1.036940832948968,1.0369408334446892,0.0,0.0,0.0,0.0,0.0,0.0,0.0,0.0,0.0,0.0,0.0,0.0,0.0,0.0,0.0
1.0369408340085127,1.0369408344562634,1.0369408348815938,1.036940835284176,1.0369408356636987,1.0369408360198693,1.0369408363524135,1.0369408366610744,1.0369408369456135,1.036940837205812,1.0369408374414684,1.0369408376524014,1.036940837838448,1.0369408379994647,1.0369408381353273,1.0369408382459309,1.0369408383311902,1.0369408383910395,1.0369408384254326,1.0369408384343426,1.0369408384177636,1.0369408383757073,1.0369408383082066,1.0369408382153136,1.0369408380971001,1.0369408379536569,1.0369408377850953,1.0369408375915445,1.0369408373731546,1.0369408371300937,1.0369408368625495,1.0369408365707284,1.0369408362548556,1.0369408359151746,1.0369408355519476,1.036940835165455,1.036940834755995,1.0369408343238833,1.0369408338694535,1.0369408333930556,1.0369408328950582,1.0369408323758447,1.0369408318358164,1.0369408312753894,1.0369408306949959,1.0369408300950844,1.0369408294761175,1.0369408288385726,1.0369408281829418,1.036940827509731,1.0369408268194595,1.0369408261126596,1.036940825389877,1.0369408246516694,1.0369408238986062,1.0369408231312682,1.0369408223502483,1.036940821556148,1.0369408207495807,1.0369408199311685,1.036940819101543,1.036940818261344,1.03694081741122,1.0369408165518268,1.0369408156838278,1.0369408148078922,1.0369408139246958,1.036940813034921,1.036940812139253,1.0369408112383836,1.0369408103330078,1.0369408094238242,1.036940808511534,1.0369408075968412,1.0369408066804517,1.0369408057630727,1.0369408048454112,1.0369408039281762,1.0369408030120748,1.036940802097814,1.0369408011860992,1.036940800277634,1.0369407993731188,1.0369407984732522,1.036940797578728,1.0369407966902362,1.036940795808463,1.0369407949340883,1.036940794067787,1.036940793210227,1.0369407923620706,1.0369407915239717,1.036940790696577,1.036940789880525,1.0369407890764453,1.0369407882849582,1.0369407875066747,1.036940786742195,1.036940785992109,1.0369407852569954,1.0369407845374214,1.0369407838339424,1.0369407831471007,1.0369407824774266,1.0369407818254368,1.036940781191634,1.0369407805765078,1.0369407799805324,1.0369407794041676,1.0369407788478584,1.0369407783120337,1.0369407777971067,1.0369407773034753,1.0369407768315202,0.0,0.0,0.0,0.0,0.0,0.0,0.0,0.0,0.0,0.0,0.0,0.0,0.0,0.0,0.0,0.0,0.0,0.0,0.0,0.0,0.0,0.0,0.0,0.0,0.0,0.0,0.0,0.0,0.0,0.0,0.0,0.0,0.0,0.0,0.0,0.0,0.0,0.0,0.0,0.0,0.0,0.0,0.0,0.0,0.0,0.0,0.0,0.0,0.0,0.0,0.0,0.0,0.0,0.0,0.0,0.0,0.0,0.0,0.0,0.0,0.0,0.0,0.0,0.0,0.0,0.0,0.0,0.0,0.0,0.0,0.0,0.0,0.0,0.0,0.0,0.0,0.0,0.0,0.0,0.0,0.0,0.0,0.0,0.0,0.0,0.0,0.0,0.0,0.0,0.0,0.0,0.0,0.0,0.0,0.0,0.0,0.0,0.0,0.0,0.0,0.0,0.0,0.0,0.0,0.0,0.0,0.0,0.0,0.0,0.0,0.0,0.0,1.0369408339187705,1.036940834370846,1.0369408348005673,1.0369408352076026,1.036940835591638,1.0369408359523768,1.0369408362895411,1.0369408366028705,1.0369408368921236,1.0369408371570767,1.0369408373975255,1.0369408376132847,1.036940837804188,1.0369408379700875,1.0369408381108558
0.0,0.0,0.0,0.0,0.0,0.0,0.0,0.0,0.0,0.0,0.0,0.0,0.0,0.0,0.0,0.0,0.0,0.0,0.0,0.0,0.0,0.0,0.0,0.0,0.0,0.0,0.0,0.0,0.0,0.0,0.0,0.0,0.0,0.0,0.0,0.0,0.0,0.0,0.0,0.0,0.0,0.0,0.0,0.0,0.0,0.0,0.0,0.0,0.0,0.0,0.0,0.0,0.0,0.0,0.0,0.0,0.0,0.0,0.0,0.0,0.0,0.0,0.0,0.0,0.0,0.0,0.0,0.0,0.0,0.0,0.0,0.0,0.0,0.0,0.0,0.0,0.0,0.0,0.0,0.0,0.0,0.0,0.0,0.0,0.0,0.0,0.0,0.0,0.0,0.0,0.0,0.0,0.0,0.0,0.0,0.0,0.0,0.0,0.0,0.0,0.0,0.0,0.0,0.0,0.0,0.0,0.0,0.0,0.0,0.0,0.0,0.0,0.0,0.0,0.0,0.0,0.0,0.0,0.0,0.0,0.0,0.0,0.0,0.0,0.0,0.0,0.0,0.0,0.0,0.0,0.0,0.0,0.0,0.0,0.0,0.0,0.0,0.0,0.0,0.0,-1.0461040688723133,1.0461037969328355,1.0461037974034217,1.0461037978923515,1.046103798399248,1.0461037989237199,1.0461037994653621,1.0461038000237575,1.0461038005984746,1.0461038011890702,1.0461038017950888,1.0461038024160625,1.0461038030515124,1.0461038037009482,1.0461038043638688,1.0461038050397629,1.0461038057281085,1.0461038064283747,1.046103807140022,1.0461038078625,1.046103808595252,1.0461038093377129,1.0461038100893092,1.0461038108494614,1.046103811617583,1.0461038123930813,1.0461038131753577,1.0461038139638092,1.046103814757827,1.0461038155567983,1.046103816360107,1.0461038171671335,1.0461038179772548,1.046103818789846,1.04610381960428,1.0461038204199284,1.0461038212361622,1.046103822052351,1.046103822867866,1.0461038236820772,1.0461038244943563,1.0461038253040775,1.0461038261106153,1.0461038269133474,1.0461038277116546,1.0461038285049213,1.0461038292925349,1.046103830073888,1.0461038308483779,1.0461038316154068,1.0461038323743825,1.0461038331247208,1.0461038338658408,1.046103834597172,1.0461038353181504,1.0461038360282184,1.0461038367268294,1.0461038374134437,1.046103838087532,1.0461038387485737,0.0,0.0,0.0,0.0,0.0,0.0,0.0,0.0,0.0,0.0,0.0,0.0,0.0,0.0,0.0,0.0,0.0,0.0,0.0,0.0,0.0,0.0,0.0,0.0,0.0,0.0,0.0,0.0,0.0,0.0,0.0,0.0,0.0,0.0,0.0,0.0,0.0,0.0,0.0,0.0,0.0
1.0461038501193416,1.0461038502499107,1.0461038503580495,1.0461038504436744,1.0461038505067197,1.0461038505471365,1.0461038505648939,1.0461038505599776,1.0461038505323919,1.0461038504821578,1.0461038504093143,1.0461038503139175,1.0461038501960411,1.0461038500557758,1.0461038498932298,1.046103849708529,1.0461038495018156,0.0,0.0,0.0,0.0,0.0,0.0,0.0,0.0,0.0,0.0,0.0,0.0,0.0,0.0,0.0,0.0,0.0,0.0,0.0,0.0,0.0,0.0,0.0,0.0,0.0,0.0,0.0,0.0,0.0,0.0,0.0,0.0,0.0,0.0,0.0,0.0,0.0,0.0,0.0,0.0,0.0,0.0,0.0,0.0,0.0,0.0,0.0,0.0,0.0,0.0,0.0,0.0,0.0,0.0,0.0,0.0,0.0,0.0,0.0,0.0,0.0,0.0,0.0,0.0,0.0,0.0,0.0,0.0,0.0,0.0,0.0,0.0,0.0,0.0,0.0,0.0,0.0,0.0,0.0,0.0,1.0461037972892895,1.0461037968231408,1.0461037963757833,1.0461037959475628,1.0461037955388093,1.0461037951498378,1.0461037947809488,1.0461037944324267,1.046103794104541,1.0461037937975444,1.0461037935116728,1.046103793247148,1.0461037930041737,1.0461037927829373,1.0461037925836096,1.0461037924063443,1.0461037922512784,1.046103792118531,1.046103792008205,1.0461037919203855,1.04610379185514,1.046103791812519,1.0461037917925555,1.0461037917952645,1.0461037918206444,1.0461037918686753,1.0461037919393201,1.0461037920325247,1.046103792148217,1.0461037922863072,1.0461037924466898,1.04610379262924,1.0461037928338177,1.0461037930602646,1.046103793308406,1.0461037935780513,1.046103793868991,1.0461037941810019,1.0461037945138425,1.0461037948672565,1.0461037952409709,1.0461037956346968,1.0461037960481319,1.0461037964809559,0.0,0.0,0.0,0.0,0.0,0.0,0.0,0.0,0.0,0.0,0.0,0.0,0.0,0.0,0.0,0.0,0.0,0.0,0.0,0.0,0.0,0.0,0.0,0.0,0.0,0.0,0.0,0.0,0.0,0.0,0.0,0.0,0.0,0.0,0.0,0.0,0.0,0.0,0.0,0.0,0.0,0.0,0.0,0.0,0.0,0.0,0.0,0.0,0.0,0.0,0.0,0.0,0.0,0.0,0.0,0.0,0.0,0.0,0.0,1.0461038393960589,1.0461038400294884,1.0461038406483731,1.0461038412522354,1.0461038418406097,1.046103842413042,1.0461038429690908,1.0461038435083265,1.0461038440303334,1.0461038445347088,1.0461038450210636,1.0461038454890224,1.0461038459382241,1.0461038463683225,1.046103846778985,1.0461038471698956,1.0461038475407518,1.0461038478912683,1.0461038482211742,1.046103848530215,1.0461038488181524,1.0461038490847645,1.046103849329845,1.046103849553205,1.0461038497546722,1.0461038499340911,1.0461038500913236,1.046103850226248,1.0461038503387605,1.046103850428774,1.0461038504962192,1.046103850541044,1.046103850563214,1.0461038505627118,1.0461038505395381,1.0461038504937106,1.0461038504252649,1.0461038503342532,1.0461038502207463,1.0461038500848316,1.0461038499266138
0.0,0.0,0.0,0.0,0.0,0.0,0.0,0.0,0.0,0.0,0.0,0.0,0.0,0.0,0.0,0.0,0.0,1.046103849273249,1.0461038490230055,1.0461038487512786,1.0461038484582774,1.0461038481442284,1.0461038478093736,1.0461038474539714,1.0461038470782964,1.046103846682638,1.0461038462673018,1.046103845832608,1.0461038453788922,1.046103844906504,1.0461038444158086,1.046103843907184,1.0461038433810228,1.0461038428377312,1.046103842277728,1.0461038417014457,1.0461038411093284,1.0461038405018335,1.0461038398794293,1.0461038392425963,1.0461038385918258,1.04610383792762,1.0461038372504907,1.046103836560961,1.0461038358595631,1.046103835146838,1.0461038344233349,1.046103833689613,1.0461038329462375,1.0461038321937828,1.0461038314328288,1.0461038306639632,1.0461038298877787,1.0461038291048748,1.0461038283158548,1.046103827521328,1.0461038267219067,1.046103825918209,1.0461038251108539,1.0461038243004646,1.0461038234876665,1.0461038226730868,1.0461038218573537,1.0461038210410967,1.0461038202249457,1.04610381940953,1.0461038185954792,1.0461038177834217,1.0461038169739831,1.0461038161677885,1.0461038153654598,1.0461038145676163,1.046103813774873,1.0461038129878422,1.0461038122071307,1.046103811433341,1.04610381066707,1.046103809908909,1.0461038091594435,1.0461038084192509,1.0461038076889027,1.046103806968962,1.0461038062599854,1.0461038055625185,1.0461038048771003,1.0461038042042596,1.0461038035445152,1.0461038028983762,1.0461038022663414,1.0461038016488982,1.046103801046523,1.0461038004596803,1.0461037998888238,1.0461037993343931,1.0461037987968163,1.0461037982765078,1.0461037977738696,0.0,0.0,0.0,0.0,0.0,0.0,0.0,0.0,0.0,0.0,0.0,0.0,0.0,0.0,0.0,0.0,0.0,0.0,0.0,0.0,0.0,0.0,0.0,0.0,0.0,0.0,0.0,0.0,0.0,0.0,0.0,0.0,0.0,0.0,0.0,0.0,0.0,0.0,0.0,0.0,0.0,0.0,0.0,0.0,0.0,0.0,0.0,0.0,0.0,0.0,0.0,0.0,0.0,0.0,0.0,0.0,0.0,0.0,0.0,0.0,0.0,0.0,0.0,0.0,0.0,0.0,0.0,0.0,0.0,0.0,0.0,0.0,0.0,0.0,0.0,0.0,0.0,0.0,0.0,0.0,0.0,0.0,0.0,0.0,0.0,0.0,0.0,0.0,0.0,0.0,0.0,0.0,0.0,0.0,0.0,0.0,0.0,0.0,0.0,0.0,0.0,0.0,0.0,0.0,0.0,0.0,0.0,0.0,0.0,0.0,0.0,0.0,0.0,0.0,0.0,0.0,0.0,0.0,0.0,0.0,0.0,0.0,0.0,0.0,0.0,0.0,0.0,0.0,0.0,0.0,0.0,0.0,0.0,0.0,0.0,0.0,0.0,0.0,0.0,0.0,0.0,0.0,0.0,0.0
0.0,0.0,0.0,0.0,0.0,0.0,0.0,0.0,0.0,0.0,0.0,0.0,0.0,0.0,0.0,0.0,0.0,0.0,0.0,0.0,0.0,0.0,0.0,0.0,0.0,0.0,0.0,0.0,0.0,0.0,0.0,0.0,0.0,0.0,0.0,0.0,0.0,0.0,0.0,0.0,0.0,0.0,0.0,0.0,0.0,0.0,0.0,0.0,0.0,0.0,0.0,0.0,0.0,0.0,0.0,0.0,0.0,0.0,0.0,0.0,0.0,0.0,0.0,0.0,0.0,0.0,0.0,0.0,0.0,0.0,0.0,0.0,0.0,0.0,0.0,0.0,0.0,0.0,0.0,0.0,0.0,0.0,0.0,0.0,0.0,0.0,0.0,0.0,0.0,0.0,0.0,0.0,0.0,0.0,0.0,0.0,0.0,0.0,0.0,0.0,0.0,0.0,0.0,0.0,0.0,0.0,0.0,0.0,0.0,0.0,0.0,0.0,0.0,0.0,0.0,0.0,0.0,0.0,0.0,0.0,0.0,0.0,1.0552620962475285,1.055262096553652,1.0552620968779207,1.0552620972200832,1.055262097579876,1.055262097957022,1.0552620983512295,1.0552620987621943,1.0552620991896,1.0552620996331163,1.0552621000924012,1.0552621005671003,1.0552621010568473,1.0552621015612644,1.0552621020799622,1.055262102612541,1.0552621031585891,1.055262103717686,1.0552621042893997,1.0552621048732895,1.0552621054689049,1.055262106075786,1.055262106693465,1.055262107321465,1.0552621079593014,1.0552621086064826,1.0552621092625085,1.0552621099268735,1.0552621105990652,1.0552621112785638,1.0552621119648466,1.0552621126573827,1.0552621133556388,1.0552621140590759,1.0552621147671508,1.0552621154793176,1.0552621161950269,1.055262116913726,1.0552621176348609,1.0552621183578752,1.0552621190822105,1.0552621198073084,1.0552621205326094,1.055262121257554,1.0552621219815823,1.0552621227041363,1.0552621234246582,1.0552621241425921,1.0552621248573844,1.055262125568483,1.0552621262753399,1.0552621269774092,1.0552621276741496,1.0552621283650232,1.0552621290494968,1.055262129727043,1.0552621303971386,1.0552621310592665,1.0552621317129158,1.0552621323575824,1.055262132992769,1.0552621336179853,1.0552621342327484,1.055262134836585,1.0552621354290288,1.0552621360096222,1.0552621365779182,1.0552621371334776,1.0552621376758717,1.0552621382046825,1.0552621387195016,1.055262139219932,1.0552621397055875,1.0552621401760935,1.055262140631087,1.0552621410702165,1.0552621414931436,1.0552621418995423,1.0552621422890984,1.0552621426615114,1.0552621430164946,1.0552621433537732,1.0552621436730878,1.0552621439741914,1.0552621442568522,1.0552621445208517,1.0552621447659865,1.0552621449920672,1.0552621451989195,1.055262145386384,1.0552621455543156,1.0552621457025853,1.055262145831078,1.0552621459396956,1.055262146028353,1.0552621460969827,0.0,0.0,0.0,0.0,0.0,0.0,0.0,0.0,0.0,0.0,0.0,0.0,0.0,0.0,0.0,0.0,0.0,0.0,0.0,0.0,0.0,0.0,0.0
1.0552621457856333,1.055262145649777,1.055262145494185,1.0552621453189768,1.0552621451242885,1.0552621449102693,1.055262144677085,1.0552621444249155,1.055262144153955,1.055262143864413,1.0552621435565122,1.0552621432304907,1.0552621428866005,1.0552621425251059,1.0552621421462862,1.0552621417504344,1.0552621413378547,1.0552621409088665,1.0552621404637998,1.0552621400029987,1.055262139526819,1.0552621390356272,1.0552621385298029,1.0552621380097358,1.0552621374758278,1.0552621369284907,1.055262136368147,1.0552621357952283,1.0552621352101772,1.0552621346134448,1.055262134005492,1.0552621333867873,1.0552621327578087,1.0552621321190407,1.0552621314709767,1.0552621308141166,1.055262130148967,1.0552621294760418,1.0552621287958592,1.0552621281089447,0.0,0.0,0.0,0.0,0.0,0.0,0.0,0.0,0.0,0.0,0.0,0.0,0.0,0.0,0.0,0.0,0.0,0.0,0.0,0.0,0.0,0.0,0.0,0.0,0.0,0.0,0.0,0.0,0.0,0.0,0.0,0.0,0.0,0.0,1.0552621040754484,1.0552621035083734,1.055262102954077,1.0552621024129867,1.05526210188552,1.0552621013720842,1.0552621008730751,1.055262100388878,1.055262099919866,1.0552620994664017,1.0552620990288346,1.0552620986075019,1.0552620982027296,1.055262097814829,1.0552620974441,1.0552620970908284,1.0552620967552873,1.0552620964377346,1.055262096138416,1.0552620958575623,1.0552620955953904,1.0552620953521021,1.0552620951278857,1.0552620949229137,1.0552620947373443,1.055262094571321,1.0552620944249718,1.0552620942984092,1.0552620941917312,1.0552620941050204,1.0552620940383433,1.055262093991751,1.0552620939652804,1.0552620939589512,1.0552620939727684,1.0552620940067212,1.0552620940607842,1.0552620941349147,1.055262094229056,1.0552620943431354,1.055262094477065,1.0552620946307412,1.0552620948040454,1.055262094996844,1.0552620952089886,1.055262095440315,1.0552620956906449,1.0552620959597856,0.0,0.0,0.0,0.0,0.0,0.0,0.0,0.0,0.0,0.0,0.0,0.0,0.0,0.0,0.0,0.0,0.0,0.0,0.0,0.0,0.0,0.0,0.0,0.0,0.0,0.0,0.0,0.0,0.0,0.0,0.0,0.0,0.0,0.0,0.0,0.0,0.0,0.0,0.0,0.0,0.0,0.0,0.0,0.0,0.0,0.0,0.0,0.0,0.0,0.0,0.0,0.0,0.0,0.0,0.0,0.0,0.0,0.0,0.0,0.0,0.0,0.0,0.0,0.0,0.0,0.0,0.0,0.0,0.0,0.0,0.0,0.0,0.0,0.0,0.0,0.0,0.0,0.0,0.0,0.0,0.0,0.0,0.0,0.0,0.0,0.0,0.0,0.0,0.0,0.0,0.0,0.0,0.0,0.0,0.0,0.0,1.0552621461455316,1.0552621461739622,1.0552621461822522,1.0552621461703957,1.055262146138402,1.055262146086295,1.0552621460141152,1.0552621459219187,1.0552621458097766,1.0552621456777749,1.0552621455260158,1.0552621453546163,1.0552621451637085,1.0552621449534403,1.0552621447239734,1.0552621444754846,1.0552621442081664,1.0552621439222245,1.0552621436178795,1.0552621432953668,1.0552621429549343,1.0552621425968454,1.0552621422213762
0.0,0.0,0.0,0.0,0.0,0.0,0.0,0.0,0.0,0.0,0.0,0.0,0.0,0.0,0.0,0.0,0.0,0.0,0.0,0.0,0.0,0.0,0.0,0.0,0.0,0.0,0.0,0.0,0.0,0.0,0.0,0.0,0.0,0.0,0.0,0.0,0.0,0.0,0.0,0.0,1.0552621274158278,1.055262126717044,1.0552621260131316,1.0552621253046341,1.0552621245920983,1.0552621238760738,1.0552621231571129,1.0552621224357708,1.0552621217126035,1.0552621209881692,1.0552621202630272,1.055262119537736,1.0552621188128564,1.055262118088947,1.0552621173665662,1.0552621166462721,1.0552621159286193,1.0552621152141626,1.0552621145034526,1.055262113797038,1.0552621130954638,1.0552621123992711,1.0552621117089969,1.055262111025174,1.0552621103483306,1.055262109678988,1.055262109017663,1.055262108364866,1.0552621077211002,1.055262107086863,1.0552621064626433,1.0552621058489229,1.0552621052461746,1.0552621046548647,0.0,0.0,0.0,0.0,0.0,0.0,0.0,0.0,0.0,0.0,0.0,0.0,0.0,0.0,0.0,0.0,0.0,0.0,0.0,0.0,0.0,0.0,0.0,0.0,0.0,0.0,0.0,0.0,0.0,0.0,0.0,0.0,0.0,0.0,0.0,0.0,0.0,0.0,0.0,0.0,0.0,0.0,0.0,0.0,0.0,0.0,0.0,0.0,0.0,0.0,0.0,0.0,0.0,0.0,0.0,0.0,0.0,0.0,0.0,0.0,0.0,0.0,0.0,0.0,0.0,0.0,0.0,0.0,0.0,0.0,0.0,0.0,0.0,0.0,0.0,0.0,0.0,0.0,0.0,0.0,0.0,0.0,0.0,0.0,1.064415668665216,1.064415669294277,1.0644156699192986,1.064415670539798,1.0644156711552972,1.064415671765321,1.0644156723693985,1.0644156729670642,1.0644156735578565,1.0644156741413193,1.0644156747170035,1.064415675284464,1.0644156758432628,1.0644156763929693,1.0644156769331596,1.0644156774634161,1.0644156779833307,1.0644156784925012,1.0644156789905355,1.064415679477049,1.0644156799516662,1.0644156804140215,1.064415680863757,1.0644156813005272,0.0,0.0,0.0,0.0,0.0,0.0,0.0,0.0,0.0,0.0,0.0,0.0,0.0,0.0,0.0,0.0,0.0,0.0,0.0,0.0,0.0,0.0,0.0,0.0,0.0,0.0,0.0,0.0,0.0,0.0,0.0,0.0,0.0,0.0,0.0,0.0,0.0,0.0,0.0,0.0,0.0,0.0,0.0,0.0,0.0,0.0,0.0,0.0,0.0,0.0,0.0,0.0,0.0,0.0,0.0,0.0,0.0,0.0,0.0
1.064415684129294,1.0644156837997103,1.0644156834548955,1.0644156830951157,1.064415682720648,1.0644156823317814,1.0644156819288164,0.0,0.0,0.0,0.0,0.0,0.0,0.0,0.0,0.0,0.0,0.0,0.0,0.0,0.0,0.0,0.0,0.0,0.0,0.0,0.0,0.0,0.0,0.0,0.0,0.0,0.0,0.0,0.0,0.0,0.0,0.0,0.0,0.0,0.0,0.0,0.0,0.0,0.0,0.0,0.0,0.0,0.0,0.0,0.0,0.0,0.0,0.0,0.0,0.0,0.0,0.0,0.0,0.0,0.0,0.0,0.0,0.0,0.0,0.0,0.0,0.0,0.0,0.0,0.0,0.0,0.0,0.0,0.0,0.0,0.0,0.0,0.0,0.0,0.0,0.0,0.0,0.0,0.0,0.0,0.0,0.0,0.0,0.0,0.0,0.0,0.0,0.0,0.0,0.0,0.0,0.0,0.0,0.0,0.0,0.0,0.0,0.0,0.0,0.0,0.0,1.0644156423220639,1.064415642553721,1.0644156428019704,1.0644156430666205,1.0644156433474676,1.0644156436442942,1.0644156439568717,1.0644156442849588,1.0644156446283026,1.0644156449866378,1.0644156453596885,1.064415645747166,1.0644156461487724,1.0644156465641972,1.0644156469931199,1.0644156474352096,1.0644156478901254,1.064415648357516,1.0644156488370211,1.0644156493282706,1.0644156498308852,1.0644156503444775,1.0644156508686513,1.0644156514030014,1.0644156519471164,1.0644156525005761,1.0644156530629538,1.0644156536338152,1.06441565421272,1.0644156547992214,1.0644156553928674,1.064415655993199,1.0644156565997542,1.0644156572120638,1.0644156578296562,1.0644156584520545,1.0644156590787788,1.0644156597093455,1.064415660343268,1.064415660980057,1.0644156616192215,1.064415662260268,1.0644156629027024,1.0644156635460285,1.0644156641897504,1.064415664833371,1.0644156654763939,1.0644156661183228,1.0644156667586626,1.0644156673969196,1.064415668032601,0.0,0.0,0.0,0.0,0.0,0.0,0.0,0.0,0.0,0.0,0.0,0.0,0.0,0.0,0.0,0.0,0.0,0.0,0.0,0.0,0.0,0.0,0.0,0.0,1.0644156817239943,1.0644156821338315,1.064415682529723,1.064415682911363,1.0644156832784566,1.0644156836307215,1.0644156839678856,1.0644156842896888,1.0644156845958825,1.0644156848862307,1.0644156851605093,1.0644156854185065,1.0644156856600238,1.0644156858848741,1.0644156860928844,1.0644156862838943,1.064415686457756,1.0644156866143357,1.0644156867535126,1.064415686875179,1.0644156869792414,1.0644156870656192,1.064415687134246,1.064415687185069,1.0644156872180484,1.064415687233159,1.0644156872303894,1.0644156872097417,1.0644156871712316,1.0644156871148887,1.0644156870407568,1.0644156869488932,1.0644156868393684,1.064415686712267,1.064415686567687,1.0644156864057406,1.0644156862265517,1.0644156860302594,1.0644156858170144,1.0644156855869822,1.0644156853403397,1.064415685077277,1.064415684797997,1.0644156845027162,1.0644156841916612,1.064415683865073,1.0644156835232024,1.0644156831663145,1.0644156827946838,1.0644156824085973,1.0644156820083526,0.0,0.0,0.0,0.0,0.0,0.0,0.0,0.0
0.0,0.0,0.0,0.0,0.0,0.0,0.0,1.0644156815120638,1.0644156810818446,1.0644156806384912,1.0644156801823457,1.0644156797137598,1.0644156792330952,1.0644156787407226,1.0644156782370222,1.0644156777223825,1.0644156771972006,1.064415676661881,1.064415676116838,1.0644156755624914,1.064415674999269,1.0644156744276052,1.0644156738479413,1.0644156732607244,1.0644156726664078,1.0644156720654494,1.064415671458314,1.064415670845469,1.0644156702273877,1.064415669604547,1.0644156689774273,1.064415668346513,1.06441566771229,1.064415667075248,1.0644156664358786,1.0644156657946753,1.0644156651521324,1.0644156645087457,1.0644156638650122,1.0644156632214279,1.0644156625784897,1.0644156619366936,1.0644156612965348,1.064415660658507,1.0644156600231027,1.064415659390812,1.064415658762123,1.0644156581375204,1.0644156575174866,1.0644156569024996,1.064415656293034,1.0644156556895603,1.0644156550925437,1.0644156545024448,1.0644156539197192,1.0644156533448166,1.06441565277818,1.064415652220247,1.0644156516714482,1.064415651132207,1.064415650602939,1.064415650084053,1.0644156495759494,1.0644156490790195,1.0644156485936478,1.0644156481202083,1.064415647659066,1.0644156472105768,1.0644156467750872,1.0644156463529326,1.0644156459444394,1.0644156455499219,1.064415645169685,1.0644156448040223,1.0644156444532153,1.0644156441175352,1.064415643797241,1.0644156434925793,1.0644156432037857,1.064415642931083,1.064415642674681,1.0644156424347784,1.0644156422115598,1.0644156420051973,1.0644156418158504,1.064415641643665,1.064415641488774,1.064415641351297,1.0644156412313401,1.0644156411289958,1.064415641044343,1.064415640977447,1.0644156409283596,1.0644156408971184,1.0644156408837477,1.064415640888258,1.0644156409106456,1.064415640950893,1.0644156410089693,1.0644156410848298,1.0644156411784158,1.0644156412896555,1.0644156414184627,1.064415641564738,1.0644156417283688,1.0644156419092283,1.0644156421071778,0.0,0.0,0.0,0.0,0.0,0.0,0.0,0.0,0.0,0.0,0.0,0.0,0.0,0.0,0.0,0.0,0.0,0.0,0.0,0.0,0.0,0.0,0.0,0.0,0.0,0.0,0.0,0.0,0.0,0.0,0.0,0.0,0.0,0.0,0.0,0.0,0.0,0.0,0.0,0.0,0.0,0.0,0.0,0.0,0.0,0.0,0.0,0.0,0.0,0.0,0.0,0.0,0.0,0.0,0.0,0.0,0.0,0.0,0.0,0.0,0.0,0.0,0.0,0.0,0.0,0.0,0.0,0.0,0.0,0.0,0.0,0.0,0.0,0.0,0.0,0.0,0.0,0.0,0.0,0.0,0.0,0.0,0.0,0.0,0.0,0.0,0.0,0.0,0.0,0.0,0.0,0.0,0.0,0.0,0.0,0.0,0.0,0.0,0.0,0.0,0.0,0.0,0.0,0.0,0.0,0.0,0.0,0.0,0.0,0.0,0.0,0.0,0.0,0.0,0.0,0.0,0.0,0.0,0.0,0.0,0.0,0.0,0.0,0.0,0.0,0.0,1.0644156815942591,1.0644156811666359,1.064415680725813,1.0644156802721303,1.064415679805938,1.0644156793275965,1.0644156788374735,1.0644156783359482
0.0,0.0,0.0,0.0,0.0,0.0,0.0,0.0,0.0,0.0,0.0,0.0,0.0,0.0,0.0,0.0,0.0,0.0,0.0,0.0,0.0,0.0,0.0,0.0,0.0,0.0,0.0,0.0,0.0,0.0,0.0,0.0,0.0,0.0,0.0,0.0,0.0,0.0,0.0,0.0,0.0,0.0,0.0,0.0,0.0,0.0,0.0,0.0,0.0,0.0,0.0,0.0,0.0,0.0,0.0,0.0,0.0,0.0,0.0,0.0,0.0,0.0,0.0,0.0,0.0,0.0,0.0,0.0,0.0,0.0,0.0,0.0,0.0,0.0,0.0,0.0,0.0,0.0,0.0,0.0,0.0,0.0,0.0,0.0,0.0,0.0,0.0,0.0,0.0,0.0,0.0,0.0,0.0,0.0,0.0,0.0,0.0,0.0,0.0,0.0,0.0,0.0,0.0,0.0,0.0,0.0,0.0,0.0,0.0,0.0,0.0,0.0,0.0,0.0,0.0,0.0,0.0,0.0,0.0,0.0,0.0,0.0,0.0,0.0,0.0,0.0,0.0,0.0,0.0,0.0,0.0,0.0,0.0,0.0,0.0,1.073564413391073,1.0735644139601492,1.0735644145302068,1.073564415100806,1.0735644156715063,1.0735644162418674,1.0735644168114498,1.0735644173798138,1.0735644179465202,1.0735644185111328,1.0735644190732148,1.073564419632334,1.0735644201880574,1.0735644207399575,1.073564421287608,1.0735644218305862,1.0735644223684737,1.0735644229008547,1.073564423427319,1.0735644239474602,1.073564424460877,1.0735644249671732,1.0735644254659582,1.0735644259568475,1.0735644264394621,1.0735644269134295,1.0735644273783842,1.073564427833967,1.0735644282798273,1.0735644287156203,1.0735644291410102,1.0735644295556688,1.0735644299592755,1.0735644303515195,1.0735644307320982,1.0735644311007175,1.0735644314570936,1.0735644318009512,1.0735644321320252,1.0735644324500597,1.0735644327548095,1.0735644330460399,1.0735644333235257,1.0735644335870531,1.0735644338364185,1.0735644340714297,1.0735644342919053,1.0735644344976754,1.0735644346885809,1.0735644348644748,1.073564435025221,1.0735644351706959,1.073564435300787,1.0735644354153941,1.0735644355144287,1.0735644355978142,1.0735644356654863,1.0735644357173932,1.0735644357534948,1.0735644357737626,1.0735644357781817,1.0735644357667482,1.0735644357394711,1.0735644356963714,1.0735644356374825,1.07356443556285,1.0735644354725307,1.073564435366595,1.0735644352451246,1.0735644351082128,0.0,0.0,0.0,0.0,0.0,0.0,0.0,0.0,0.0,0.0,0.0,0.0,0.0,0.0,0.0,0.0,0.0,0.0,0.0,0.0,0.0,0.0,0.0,0.0,0.0,0.0,0.0,0.0,0.0,0.0,0.0,0.0,0.0,0.0,0.0,0.0
1.0735644284391224,1.0735644279968755,1.0735644275447798,1.0735644270831841,1.0735644266124447,1.073564426132925,1.0735644256449945,1.0735644251490302,1.0735644246454141,1.0735644241345352,1.0735644236167876,1.0735644230925707,1.0735644225622893,1.0735644220263518,1.0735644214851727,1.0735644209391686,1.0735644203887615,1.0735644198343754,1.0735644192764384,1.0735644187153812,1.0735644181516368,1.0735644175856396,0.0,0.0,0.0,0.0,0.0,0.0,0.0,0.0,0.0,0.0,0.0,0.0,0.0,0.0,0.0,0.0,0.0,0.0,0.0,0.0,0.0,0.0,0.0,0.0,0.0,0.0,0.0,0.0,0.0,0.0,0.0,0.0,0.0,0.0,0.0,0.0,0.0,0.0,0.0,0.0,0.0,0.0,0.0,0.0,0.0,0.0,0.0,0.0,0.0,0.0,0.0,0.0,0.0,0.0,0.0,0.0,0.0,0.0,0.0,0.0,0.0,0.0,0.0,0.0,0.0,0.0,0.0,0.0,0.0,0.0,1.073564395523904,1.0735643956928442,1.0735643958768595,1.0735643960758086,1.0735643962895376,1.073564396517882,1.0735643967606656,1.0735643970177011,1.0735643972887896,1.0735643975737226,1.07356439787228,1.0735643981842315,1.0735643985093364,1.0735643988473438,1.073564399197993,1.0735643995610136,1.0735643999361248,1.073564400323038,1.0735644007214546,1.0735644011310668,1.0735644015515584,1.0735644019826056,1.0735644024238757,1.073564402875028,1.0735644033357143,1.0735644038055794,1.0735644042842607,1.073564404771389,1.073564405266588,1.0735644057694764,1.0735644062796659,1.073564406796762,1.073564407320367,1.0735644078500761,1.073564408385481,1.0735644089261682,1.073564409471721,1.0735644100217185,1.0735644105757358,1.0735644111333456,1.073564411694118,1.0735644122576202,1.0735644128234176,0.0,0.0,0.0,0.0,0.0,0.0,0.0,0.0,0.0,0.0,0.0,0.0,0.0,0.0,0.0,0.0,0.0,0.0,0.0,0.0,0.0,0.0,0.0,0.0,0.0,0.0,0.0,0.0,0.0,0.0,0.0,0.0,0.0,0.0,0.0,0.0,0.0,0.0,0.0,0.0,0.0,0.0,0.0,0.0,0.0,0.0,0.0,0.0,0.0,0.0,0.0,0.0,0.0,0.0,0.0,0.0,0.0,0.0,0.0,0.0,0.0,0.0,0.0,0.0,0.0,0.0,0.0,0.0,0.0,0.0,1.0735644349559654,1.0735644347885005,1.073564434605946,1.0735644344084443,1.0735644341961466,1.0735644339692172,1.073564433727831,1.0735644334721743,1.0735644332024445,1.0735644329188494,1.0735644326216083,1.0735644323109503,1.0735644319871145,1.0735644316503519,1.0735644313009214,1.0735644309390928,1.073564430565146,1.0735644301793683,1.0735644297820581,1.073564429373522,1.0735644289540751,1.0735644285240407,1.0735644280837509,1.0735644276335454,1.0735644271737717,1.0735644267047841,1.0735644262269446,1.073564425740622,1.073564425246192,1.073564424744035,1.0735644242345392,1.0735644237180977,1.0735644231951087,1.0735644226659757,1.0735644221311071,1.0735644215909157
0.0,0.0,0.0,0.0,0.0,0.0,0.0,0.0,0.0,0.0,0.0,0.0,0.0,0.0,0.0,0.0,0.0,0.0,0.0,0.0,0.0,0.0,1.0735644170178265,1.0735644164486353,1.073564415878506,1.0735644153078776,1.073564414737191,1.073564414166886,1.073564413597403,1.0735644130291813,1.073564412462659,1.073564411898274,1.073564411336461,1.0735644107776539,1.0735644102222834,1.0735644096707784,1.0735644091235643,1.0735644085810632,1.073564408043694,1.0735644075118707,1.0735644069860042,1.0735644064665,1.073564405953759,1.0735644054481766,1.0735644049501432,1.073564404460043,1.0735644039782537,1.0735644035051477,1.0735644030410898,1.0735644025864377,1.0735644021415425,1.0735644017067476,1.073564401282388,1.0735644008687912,1.073564400466277,1.0735644000751552,1.0735643996957278,1.0735643993282877,1.0735643989731183,1.0735643986304935,1.073564398300678,1.0735643979839258,1.0735643976804814,1.0735643973905795,1.073564397114443,1.0735643968522854,1.073564396604309,1.0735643963707047,1.073564396151653,1.0735643959473236,1.0735643957578727,1.0735643955834477,1.0735643954241825,1.0735643952802003,1.073564395151612,1.0735643950385172,1.0735643949410025,1.0735643948591438,1.073564394793004,1.0735643947426339,1.0735643947080724,1.073564394689347,1.073564394686471,1.0735643946994473,1.0735643947282656,1.0735643947729037,1.073564394833327,1.0735643949094895,1.073564395001332,1.0735643951087834,1.0735643952317613,1.0735643953701706,0.0,0.0,0.0,0.0,0.0,0.0,0.0,0.0,0.0,0.0,0.0,0.0,0.0,0.0,0.0,0.0,0.0,0.0,0.0,0.0,0.0,0.0,0.0,0.0,0.0,0.0,0.0,0.0,0.0,0.0,0.0,0.0,0.0,0.0,0.0,0.0,0.0,0.0,0.0,0.0,0.0,0.0,0.0,0.0,0.0,0.0,0.0,0.0,0.0,0.0,0.0,0.0,0.0,0.0,0.0,0.0,0.0,0.0,0.0,0.0,0.0,0.0,0.0,0.0,0.0,0.0,0.0,0.0,0.0,0.0,0.0,0.0,0.0,0.0,0.0,0.0,0.0,0.0,0.0,0.0,0.0,0.0,0.0,0.0,0.0,0.0,0.0,0.0,0.0,0.0,0.0,0.0,0.0,0.0,0.0,0.0,0.0,0.0,0.0,0.0,0.0,0.0,0.0,0.0,0.0,0.0,0.0,0.0,0.0,0.0,0.0,0.0,0.0,0.0,0.0,0.0,0.0,0.0,0.0,0.0,0.0,0.0,0.0,0.0,0.0,0.0,0.0,0.0,0.0,0.0,0.0,0.0,0.0,0.0,0.0,0.0,0.0,0.0,0.0,0.0,0.0,0.0,0.0,0.0,0.0,0.0,0.0,0.0,0.0
0.0,0.0,0.0,0.0,0.0,0.0,0.0,0.0,0.0,0.0,0.0,0.0,0.0,0.0,0.0,0.0,0.0,0.0,0.0,0.0,0.0,0.0,0.0,0.0,0.0,0.0,0.0,0.0,0.0,0.0,0.0,0.0,0.0,0.0,0.0,0.0,0.0,0.0,0.0,0.0,0.0,0.0,0.0,0.0,0.0,0.0,0.0,0.0,0.0,0.0,0.0,0.0,0.0,0.0,0.0,0.0,0.0,0.0,0.0,0.0,0.0,0.0,0.0,0.0,0.0,0.0,0.0,0.0,0.0,0.0,0.0,0.0,0.0,0.0,0.0,0.0,0.0,0.0,0.0,0.0,0.0,0.0,0.0,0.0,0.0,0.0,0.0,0.0,0.0,0.0,0.0,0.0,0.0,0.0,0.0,0.0,0.0,0.0,0.0,0.0,0.0,0.0,0.0,0.0,0.0,0.0,0.0,0.0,0.0,0.0,0.0,0.0,0.0,0.0,0.0,0.0,0.0,0.0,0.0,0.0,-1.0827084809889318,1.082708333434121,1.082708333936155,1.0827083344396153,1.0827083349441133,1.0827083354492604,1.0827083359546659,1.0827083364599401,1.0827083369646935,1.0827083374685362,1.08270833797108,1.082708338471937,1.0827083389707204,1.0827083394670456,1.08270833996053,1.082708340450792,1.082708340937454,1.0827083414201408,1.082708341898479,1.0827083423721002,1.0827083428406394,1.082708343303734,1.0827083437610272,1.0827083442121666,1.082708344656803,1.0827083450945951,1.0827083455252033,1.0827083459482967,1.0827083463635478,1.082708346770637,1.08270834716925,1.082708347559079,1.0827083479398238,1.08270834831119,1.0827083486728915,1.0827083490246487,1.0827083493661906,1.0827083496972536,1.0827083500175825,1.08270835032693,1.082708350625057,1.0827083509117341,1.08270835118674,1.0827083514498619,1.0827083517008975,1.082708351939653,1.082708352165944,1.082708352379596,1.082708352580444,1.0827083527683332,1.0827083529431185,1.0827083531046653,1.0827083532528485,1.0827083533875543,1.0827083535086783,1.0827083536161275,1.0827083537098188,1.0827083537896798,1.082708353855649,1.0827083539076754,1.082708353945719,1.0827083539697504,1.0827083539797504,1.0827083539757127,1.0827083539576392,1.0827083539255442,1.0827083538794529,1.0827083538194004,1.082708353745433,1.0827083536576079,1.0827083535559932,1.0827083534406665,1.0827083533117174,1.0827083531692452,1.0827083530133599,1.0827083528441819,1.0827083526618413,1.0827083524664791,1.0827083522582461,1.0827083520373029,1.0827083518038196,1.0827083515579767,1.0827083512999642,1.0827083510299804,1.0827083507482345,1.082708350454943,1.0827083501503327,1.0827083498346386,1.082708349508104,1.082708349170981,1.08270834882353,1.0827083484660187,1.0827083480987234,1.0827083477219268,1.0827083473359198,1.0827083469410008,1.0827083465374736,1.0827083461256504,1.0827083457058484,1.0827083452783919,0.0,0.0,0.0,0.0,0.0,0.0,0.0,0.0,0.0,0.0,0.0,0.0,0.0,0.0,0.0,0.0,0.0,0.0,0.0,0.0,0.0
1.0827083420078796,1.0827083415305938,1.0827083410488747,1.0827083405630944,1.082708340073627,1.0827083395808503,1.082708339085145,1.0827083385868932,1.082708338086479,1.0827083375842892,1.082708337080711,1.0827083365761323,1.0827083360709433,1.0827083355655336,1.0827083350602928,1.0827083345556108,1.0827083340518773,1.0827083335494807,1.0827083330488088,1.0827083325502478,1.0827083320541822,1.0827083315609949,1.0827083310710666,1.0827083305847747,1.0827083301024953,1.0827083296246,1.0827083291514574,1.0827083286834327,1.082708328220887,1.0827083277641771,1.0827083273136557,1.0827083268696702,1.082708326432563,1.0827083260026718,1.0827083255803274,1.0827083251658567,1.082708324759579,1.0827083243618074,1.0827083239728497,1.082708323593005,1.0827083232225672,1.0827083228618217,1.0827083225110468,1.0827083221705134,0.0,0.0,0.0,0.0,0.0,0.0,0.0,0.0,0.0,0.0,0.0,0.0,0.0,0.0,0.0,0.0,0.0,0.0,0.0,0.0,0.0,0.0,0.0,0.0,0.0,0.0,1.082708317594823,1.0827083176142622,1.0827083176477206,1.0827083176951724,1.0827083177565817,1.0827083178319006,1.082708317921071,1.0827083180240242,1.0827083181406807,1.0827083182709507,1.0827083184147335,1.082708318571918,1.0827083187423834,1.0827083189259976,1.0827083191226194,1.0827083193320968,1.0827083195542682,1.0827083197889624,1.0827083200359982,1.0827083202951848,1.0827083205663228,1.0827083208492025,1.0827083211436055,1.0827083214493052,1.0827083217660654,1.0827083220936413,1.082708322431781,1.0827083227802234,1.0827083231386991,1.0827083235069324,1.0827083238846382,1.0827083242715259,1.0827083246672962,1.0827083250716445,1.0827083254842584,1.0827083259048196,1.082708326333004,1.0827083267684805,1.0827083272109137,1.082708327659962,1.082708328115279,1.0827083285765131,1.082708329043309,1.0827083295153068,1.082708329992141,1.0827083304734448,1.0827083309588466,1.0827083314479713,1.0827083319404422,1.0827083324358795,1.0827083329339005,0.0,0.0,0.0,0.0,0.0,0.0,0.0,0.0,0.0,0.0,0.0,0.0,0.0,0.0,0.0,0.0,0.0,0.0,0.0,0.0,0.0,0.0,0.0,0.0,0.0,0.0,0.0,0.0,0.0,0.0,0.0,0.0,0.0,0.0,0.0,0.0,0.0,0.0,0.0,0.0,0.0,0.0,0.0,0.0,0.0,0.0,0.0,0.0,0.0,0.0,0.0,0.0,0.0,0.0,0.0,0.0,0.0,0.0,0.0,0.0,0.0,0.0,0.0,0.0,0.0,0.0,0.0,0.0,0.0,0.0,0.0,0.0,0.0,0.0,0.0,0.0,0.0,0.0,0.0,0.0,0.0,0.0,0.0,0.0,0.0,0.0,0.0,0.0,0.0,0.0,0.0,0.0,0.0,0.0,0.0,0.0,0.0,0.0,0.0,1.0827083448436106,1.0827083444018395,1.08270834395342,1.0827083434986977,1.0827083430380238,1.0827083425717532,1.0827083421002464,1.0827083416238665,1.0827083411429816,1.0827083406579625,1.0827083401691833,1.0827083396770214,1.082708339181856,1.0827083386840697,1.0827083381840463,1.082708337682172,1.0827083371788335,1.0827083366744192,1.0827083361693184,1.082708335663921,1.0827083351586169
0.0,0.0,0.0,0.0,0.0,0.0,0.0,0.0,0.0,0.0,0.0,0.0,0.0,0.0,0.0,0.0,0.0,0.0,0.0,0.0,0.0,0.0,0.0,0.0,0.0,0.0,0.0,0.0,0.0,0.0,0.0,0.0,0.0,0.0,0.0,0.0,0.0,0.0,0.0,0.0,0.0,0.0,0.0,-1.0827081617648828,1.0827083218404838,1.0827083215212132,1.082708321212948,1.0827083209159254,1.0827083206303745,1.0827083203565164,1.082708320094562,1.0827083198447132,1.0827083196071632,1.082708319382095,1.082708319169682,1.0827083189700888,1.082708318783469,1.0827083186099664,1.082708318449715,1.0827083183028388,1.0827083181694506,1.0827083180496537,1.0827083179435402,1.082708317851192,1.0827083177726806,1.0827083177080667,1.0827083176573997,1.082708317620719,1.0827083175980527,1.0827083175894185,-1.0827081861946795,0.0,0.0,0.0,0.0,0.0,0.0,0.0,0.0,0.0,0.0,0.0,0.0,0.0,0.0,0.0,0.0,0.0,0.0,0.0,0.0,0.0,0.0,0.0,0.0,0.0,0.0,0.0,0.0,0.0,0.0,0.0,0.0,0.0,0.0,0.0,0.0,0.0,0.0,0.0,0.0,0.0,0.0,0.0,0.0,0.0,0.0,0.0,0.0,0.0,0.0,0.0,0.0,0.0,0.0,0.0,0.0,0.0,0.0,0.0,0.0,0.0,0.0,0.0,0.0,0.0,0.0,0.0,0.0,0.0,0.0,0.0,0.0,0.0,0.0,0.0,0.0,0.0,0.0,0.0,0.0,0.0,0.0,0.0,0.0,0.0,0.0,0.0,0.0,0.0,0.0,0.0,-1.0918475652279909,1.0918474038380566,1.0918474039140127,1.091847403977703,1.0918474040290782,1.0918474040680985,1.0918474040947335,1.0918474041089634,1.0918474041107766,1.091847404100172,1.0918474040771575,1.091847404041751,1.0918474039939798,1.0918474039338812,1.0918474038615011,1.0918474037768953,0.0,0.0,0.0,0.0,0.0,0.0,0.0,0.0,0.0,0.0,0.0,0.0,0.0,0.0,0.0,0.0,0.0,0.0,0.0,0.0,0.0,0.0,0.0,0.0,0.0,0.0,0.0,0.0,0.0,0.0,0.0,0.0,0.0,0.0,0.0,0.0,0.0,0.0,0.0,0.0,0.0,0.0,0.0,0.0,0.0,0.0,0.0,0.0,0.0,0.0,0.0,0.0,0.0,0.0,0.0,0.0,0.0,0.0,0.0,0.0,0.0,0.0,0.0
1.0918473880161406,1.0918473875691033,1.0918473871224108,1.091847386676408,1.0918473862314388,1.0918473857878466,0.0,0.0,0.0,0.0,0.0,0.0,0.0,0.0,0.0,0.0,0.0,0.0,0.0,0.0,0.0,0.0,0.0,0.0,0.0,0.0,0.0,0.0,0.0,0.0,0.0,0.0,0.0,0.0,0.0,0.0,0.0,0.0,0.0,0.0,0.0,0.0,0.0,0.0,0.0,0.0,0.0,0.0,0.0,0.0,0.0,0.0,0.0,0.0,0.0,0.0,0.0,0.0,0.0,0.0,0.0,0.0,0.0,0.0,0.0,0.0,0.0,0.0,0.0,0.0,0.0,0.0,0.0,0.0,0.0,0.0,0.0,0.0,0.0,0.0,0.0,0.0,0.0,0.0,0.0,0.0,0.0,0.0,0.0,0.0,0.0,0.0,0.0,0.0,0.0,0.0,0.0,0.0,0.0,0.0,0.0,0.0,0.0,0.0,0.0,0.0,0.0,0.0,1.0918473857447557,1.0918473861881957,1.0918473866330458,1.0918473870789631,1.0918473875256036,1.0918473879726225,1.0918473884196749,1.091847388866416,1.0918473893125011,1.0918473897575862,1.0918473902013273,1.0918473906433825,1.0918473910834108,1.0918473915210727,1.09184739195603,1.0918473923879475,1.0918473928164922,1.0918473932413326,1.0918473936621418,1.0918473940785949,1.0918473944903706,1.0918473948971505,1.0918473952986218,1.091847395694474,1.0918473960844022,1.0918473964681052,1.091847396845287,1.0918473972156568,1.0918473975789285,1.091847397934822,1.0918473982830625,1.0918473986233819,1.0918473989555169,1.0918473992792117,1.0918473995942164,1.0918473999002878,1.09184740019719,1.091847400484694,1.091847400762578,1.091847401030627,1.0918474012886348,1.0918474015364021,1.0918474017737376,1.0918474020004587,1.09184740221639,1.091847402421365,1.0918474026152254,1.0918474027978222,1.0918474029690135,1.0918474031286685,1.091847403276663,1.091847403412883,1.091847403537224,1.0918474036495895,1.0918474037498926,0.0,0.0,0.0,0.0,0.0,0.0,0.0,0.0,0.0,0.0,0.0,0.0,0.0,0.0,0.0,1.091847403680129,1.0918474035712773,1.091847403450424,1.0918474033176622,1.0918474031730947,1.0918474030168321,1.0918474028489962,1.0918474026697156,1.0918474024791294,1.0918474022773839,1.091847402064635,1.0918474018410471,1.091847401606792,1.0918474013620518,1.091847401107014,1.0918474008418761,1.0918474005668422,1.0918474002821248,1.0918473999879434,1.0918473996845253,1.0918473993721043,1.0918473990509214,1.0918473987212247,1.0918473983832686,1.0918473980373138,1.0918473976836267,1.0918473973224807,1.0918473969541544,1.091847396578932,1.091847396197103,1.0918473958089616,1.0918473954148076,1.0918473950149457,1.0918473946096834,1.0918473941993336,1.0918473937842135,1.0918473933646433,1.0918473929409458,1.0918473925134486,1.0918473920824818,1.0918473916483773,1.0918473912114706,1.0918473907720985,1.0918473903306,1.0918473898873158,1.0918473894425877,1.091847388996759,1.0918473885501738,1.0918473881031765,1.0918473876561121,1.0918473872093255,1.0918473867631615,1.0918473863179643,1.0918473858740771,0.0,0.0,0.0,0.0,0.0,0.0,0.0,0.0,0.0
0.0,0.0,0.0,0.0,0.0,0.0,1.0918473853459736,1.0918473849061612,1.091847384468748,1.0918473840340714,1.0918473836024676,1.091847383174269,1.0918473827498065,1.0918473823294073,1.0918473819133954,1.0918473815020924,1.0918473810958151,1.0918473806948772,1.0918473802995883,1.0918473799102528,1.0918473795271717,1.0918473791506405,1.0918473787809493,1.0918473784183835,1.0918473780632227,1.0918473777157414,1.0918473773762074,1.0918473770448829,1.091847376722023,1.091847376407877,1.091847376102688,1.0918473758066904,1.0918473755201135,1.0918473752431774,1.091847374976097,1.0918473747190773,1.091847374472317,1.0918473742360066,1.0918473740103285,1.0918473737954564,1.0918473735915564,1.091847373398786,1.091847373217293,1.0918473730472191,1.091847372888694,1.0918473727418405,1.0918473726067721,1.0918473724835933,1.091847372372398,1.091847372273273,1.0918473721862947,1.0918473721115298,1.091847372049036,1.091847371998862,1.0918473719610462,1.0918473719356179,1.091847371922596,1.0918473719219919,1.091847371933805,1.0918473719580266,1.0918473719946375,1.0918473720436106,1.091847372104907,1.0918473721784798,1.0918473722642723,1.0918473723622182,1.0918473724722417,1.0918473725942586,1.0918473727281741,1.0918473728738853,1.0918473730312794,1.0918473732002354,1.0918473733806222,1.0918473735723015,1.0918473737751249,1.091847373988936,1.09184737421357,1.0918473744488535,1.091847374694605,1.0918473749506343,1.0918473752167448,1.0918473754927307,1.0918473757783789,1.0918473760734693,1.091847376377774,1.0918473766910588,1.091847377013081,1.0918473773435928,1.0918473776823394,1.0918473780290587,1.0918473783834837,1.091847378745341,1.091847379114351,1.0918473794902295,1.091847379872686,1.0918473802614255,1.0918473806561484,1.09184738105655,1.091847381462321,1.0918473818731491,1.0918473822887167,1.091847382708703,1.0918473831327846,1.091847383560634,1.0918473839919207,1.0918473844263126,1.0918473848634742,1.0918473853030684,0.0,0.0,0.0,0.0,0.0,0.0,0.0,0.0,0.0,0.0,0.0,0.0,0.0,0.0,0.0,0.0,0.0,0.0,0.0,0.0,0.0,0.0,0.0,0.0,0.0,0.0,0.0,0.0,0.0,0.0,0.0,0.0,0.0,0.0,0.0,0.0,0.0,0.0,0.0,0.0,0.0,0.0,0.0,0.0,0.0,0.0,0.0,0.0,0.0,0.0,0.0,0.0,0.0,0.0,0.0,0.0,0.0,0.0,0.0,0.0,0.0,0.0,0.0,0.0,0.0,0.0,0.0,0.0,0.0,0.0,0.0,0.0,0.0,0.0,0.0,0.0,0.0,0.0,0.0,0.0,0.0,0.0,0.0,0.0,0.0,0.0,0.0,0.0,0.0,0.0,0.0,0.0,0.0,0.0,0.0,0.0,0.0,0.0,0.0,0.0,0.0,0.0,0.0,0.0,0.0,0.0,0.0,0.0,0.0,0.0,0.0,0.0,0.0,0.0,0.0,0.0,0.0,0.0,0.0,0.0,0.0,0.0,0.0,0.0,1.0918473854318427,1.0918473849916024,1.0918473845536951,1.09184738411846,1.091847383686232,1.0918473832573443,1.0918473828321287,1.091847382410913,1.091847381994022
0.0,0.0,0.0,0.0,0.0,0.0,0.0,0.0,0.0,0.0,0.0,0.0,0.0,0.0,0.0,0.0,0.0,0.0,0.0,0.0,0.0,0.0,0.0,0.0,0.0,0.0,0.0,0.0,0.0,0.0,0.0,0.0,0.0,0.0,0.0,0.0,0.0,0.0,0.0,0.0,0.0,0.0,0.0,0.0,0.0,0.0,0.0,0.0,0.0,0.0,0.0,0.0,0.0,0.0,0.0,0.0,0.0,0.0,0.0,0.0,0.0,0.0,0.0,0.0,0.0,0.0,0.0,0.0,0.0,0.0,0.0,0.0,0.0,0.0,0.0,0.0,0.0,0.0,0.0,0.0,0.0,0.0,0.0,0.0,0.0,0.0,0.0,0.0,0.0,0.0,0.0,0.0,0.0,0.0,0.0,0.0,0.0,0.0,0.0,0.0,0.0,0.0,0.0,0.0,0.0,0.0,0.0,0.0,0.0,0.0,0.0,0.0,0.0,0.0,0.0,0.0,0.0,0.0,0.0,0.0,0.0,0.0,0.0,0.0,0.0,0.0,0.0,0.0,0.0,0.0,0.0,0.0,0.0,0.0,0.0,0.0,0.0,0.0,0.0,0.0,1.1009815469837385,1.10098154715931,1.100981547324985,1.100981547480636,1.1009815476261422,1.1009815477613916,1.1009815478862799,1.100981548000711,1.100981548104596,1.1009815481978553,1.1009815482804168,1.1009815483522165,1.1009815484131993,1.1009815484633183,1.1009815485025343,1.1009815485308176,1.100981548548146,1.100981548554506,1.1009815485498935,1.1009815485343113,1.1009815485077714,1.1009815484702947,1.1009815484219099,1.1009815483626546,1.1009815482925738,1.1009815482117224,1.1009815481201626,1.1009815480179643,1.1009815479052074,1.1009815477819784,1.1009815476483722,1.1009815475044922,1.1009815473504494,1.1009815471863624,1.100981547012358,1.1009815468285704,1.1009815466351411,1.1009815464322201,1.1009815462199635,1.100981545998535,1.1009815457681056,1.1009815455288527,1.1009815452809613,1.1009815450246228,1.1009815447600346,1.1009815444874012,1.1009815442069324,1.1009815439188453,1.1009815436233619,1.1009815433207097,1.1009815430111227,1.1009815426948397,1.100981542372105,1.100981542043167,1.1009815417082802,1.1009815413677022,1.1009815410216965,1.1009815406705297,1.1009815403144723,1.1009815399537999,1.1009815395887903,0.0,0.0,0.0,0.0,0.0,0.0,0.0,0.0,0.0,0.0,0.0,0.0,0.0,0.0,0.0,0.0,0.0,0.0,0.0,0.0,0.0,0.0,0.0,0.0,0.0,0.0,0.0,0.0,0.0,0.0,0.0,0.0,0.0,0.0,0.0,0.0,0.0,0.0,0.0,0.0
1.1009815294683118,1.1009815290990046,1.1009815287337357,1.1009815283727866,1.1009815280164355,1.100981527664958,1.1009815273186245,1.100981526977703,1.1009815266424559,1.1009815263131424,1.1009815259900158,1.1009815256733264,1.100981525363318,1.1009815250602295,1.1009815247642953,1.1009815244757433,1.100981524194797,1.1009815239216718,0.0,0.0,0.0,0.0,0.0,0.0,0.0,0.0,0.0,0.0,0.0,0.0,0.0,0.0,0.0,0.0,0.0,0.0,0.0,0.0,0.0,0.0,0.0,0.0,0.0,0.0,0.0,0.0,0.0,0.0,0.0,0.0,0.0,0.0,0.0,0.0,0.0,0.0,0.0,0.0,0.0,0.0,0.0,0.0,0.0,0.0,0.0,0.0,0.0,0.0,0.0,0.0,0.0,0.0,0.0,0.0,0.0,0.0,0.0,0.0,0.0,0.0,0.0,0.0,0.0,0.0,0.0,0.0,0.0,0.0,0.0,0.0,0.0,0.0,0.0,0.0,0.0,0.0,1.1009815325472643,1.1009815329398336,1.1009815333334778,1.100981533727892,1.1009815341227738,1.1009815345178169,1.1009815349127168,1.1009815353071692,1.1009815357008699,1.1009815360935147,1.1009815364848006,1.1009815368744262,1.1009815372620904,1.1009815376474943,1.1009815380303405,1.1009815384103334,1.1009815387871806,1.1009815391605904,1.1009815395302753,1.1009815398959495,1.1009815402573315,1.100981540614142,1.1009815409661061,1.100981541312952,1.100981541654412,1.100981541990223,1.1009815423201255,1.100981542643865,1.100981542961192,1.1009815432718613,1.1009815435756338,1.1009815438722745,1.1009815441615547,1.1009815444432514,1.100981544717147,1.1009815449830302,1.1009815452406961,1.1009815454899456,1.1009815457305867,1.1009815459624335,1.1009815461853072,1.100981546399036,1.1009815466034545,1.1009815467984054,0.0,0.0,0.0,0.0,0.0,0.0,0.0,0.0,0.0,0.0,0.0,0.0,0.0,0.0,0.0,0.0,0.0,0.0,0.0,0.0,0.0,0.0,0.0,0.0,0.0,0.0,0.0,0.0,0.0,0.0,0.0,0.0,0.0,0.0,0.0,0.0,0.0,0.0,0.0,0.0,0.0,0.0,0.0,0.0,0.0,0.0,0.0,0.0,0.0,0.0,0.0,0.0,0.0,0.0,0.0,0.0,0.0,0.0,0.0,0.0,0.0,1.1009815392197253,1.1009815388468893,1.1009815384705703,1.1009815380910588,1.1009815377086472,1.1009815373236307,1.1009815369363065,1.1009815365469735,1.1009815361559316,1.1009815357634831,1.1009815353699304,1.1009815349755772,1.1009815345807281,1.1009815341856872,1.1009815337907598,1.1009815333962505,1.1009815330024635,1.1009815326097028,1.100981532218271,1.1009815318284706,1.1009815314406024,1.1009815310549653,1.1009815306718571,1.1009815302915735,1.1009815299144075,1.1009815295406502,1.1009815291705904,1.100981528804513,1.1009815284427011,1.1009815280854334,1.1009815277329857,1.1009815273856296,1.1009815270436338,1.1009815267072616,1.100981526376773,1.1009815260524225,1.1009815257344604,1.100981525423132,1.1009815251186785,1.1009815248213333
0.0,0.0,0.0,0.0,0.0,0.0,0.0,0.0,0.0,0.0,0.0,0.0,0.0,0.0,0.0,0.0,0.0,0.0,1.1009815236565792,1.100981523399724,1.100981523151304,1.100981522911511,1.10098152268053,1.1009815224585389,1.1009815222457093,1.1009815220422052,1.1009815218481842,1.1009815216637953,1.100981521489181,1.1009815213244762,1.1009815211698077,1.100981521025295,1.1009815208910494,1.100981520767175,1.1009815206537668,1.1009815205509124,1.1009815204586915,1.100981520377175,1.1009815203064257,1.1009815202464985,1.1009815201974391,1.1009815201592859,1.1009815201320683,1.100981520115807,1.1009815201105149,1.1009815201161957,1.1009815201328452,1.1009815201604503,1.10098152019899,1.100981520248435,1.100981520308746,1.1009815203798776,1.100981520461774,1.100981520554373,1.1009815206576021,1.1009815207713824,1.100981520895626,1.1009815210302367,1.100981521175111,1.1009815213301368,1.1009815214951948,1.1009815216701577,1.10098152185489,1.1009815220492496,1.1009815222530865,1.1009815224662431,1.1009815226885553,1.1009815229198516,1.1009815231599531,1.1009815234086755,1.1009815236658258,1.100981523931206,1.1009815242046115,1.1009815244858312,1.1009815247746482,1.1009815250708397,1.100981525374177,1.1009815256844262,1.100981526001348,1.1009815263246978,1.1009815266542258,1.100981526989678,1.100981527330796,1.100981527677316,1.1009815280289708,1.1009815283854891,1.100981528746596,1.100981529112013,1.1009815294814578,1.1009815298546453,1.1009815302312875,1.1009815306110946,1.1009815309937725,1.1009815313790268,1.1009815317665594,1.100981532156072,0.0,0.0,0.0,0.0,0.0,0.0,0.0,0.0,0.0,0.0,0.0,0.0,0.0,0.0,0.0,0.0,0.0,0.0,0.0,0.0,0.0,0.0,0.0,0.0,0.0,0.0,0.0,0.0,0.0,0.0,0.0,0.0,0.0,0.0,0.0,0.0,0.0,0.0,0.0,0.0,0.0,0.0,0.0,0.0,0.0,0.0,0.0,0.0,0.0,0.0,0.0,0.0,0.0,0.0,0.0,0.0,0.0,0.0,0.0,0.0,0.0,0.0,0.0,0.0,0.0,0.0,0.0,0.0,0.0,0.0,0.0,0.0,0.0,0.0,0.0,0.0,0.0,0.0,0.0,0.0,0.0,0.0,0.0,0.0,0.0,0.0,0.0,0.0,0.0,0.0,0.0,0.0,0.0,0.0,0.0,0.0,0.0,0.0,0.0,0.0,0.0,0.0,0.0,0.0,0.0,0.0,0.0,0.0,0.0,0.0,0.0,0.0,0.0,0.0,0.0,0.0,0.0,0.0,0.0,0.0,0.0,0.0,0.0,0.0,0.0,0.0,0.0,0.0,0.0,0.0,0.0,0.0,0.0,0.0,0.0,0.0,0.0,0.0,0.0,0.0,0.0,0.0,0.0,0.0,0.0
0.0,0.0,0.0,0.0,0.0,0.0,0.0,0.0,0.0,0.0,0.0,0.0,0.0,0.0,0.0,0.0,0.0,0.0,0.0,0.0,0.0,0.0,0.0,0.0,0.0,0.0,0.0,0.0,0.0,0.0,0.0,0.0,0.0,0.0,0.0,0.0,0.0,0.0,0.0,0.0,0.0,0.0,0.0,0.0,0.0,0.0,0.0,0.0,0.0,0.0,0.0,0.0,0.0,0.0,0.0,0.0,0.0,0.0,0.0,0.0,0.0,0.0,0.0,0.0,0.0,0.0,0.0,0.0,0.0,0.0,0.0,0.0,0.0,0.0,0.0,0.0,0.0,0.0,0.0,0.0,0.0,0.0,0.0,0.0,0.0,0.0,0.0,0.0,0.0,0.0,0.0,0.0,0.0,0.0,0.0,0.0,0.0,0.0,0.0,0.0,0.0,0.0,0.0,0.0,0.0,0.0,0.0,0.0,0.0,0.0,0.0,0.0,0.0,0.0,0.0,0.0,0.0,0.0,0.0,0.0,0.0,0.0,0.0,0.0,0.0,0.0,0.0,0.0,1.1101107485021373,1.1101107486521686,1.1101107487934003,1.1101107489257234,1.1101107490490354,1.1101107491632416,1.110110749268254,1.110110749363991,1.1101107494503792,1.1101107495273521,1.1101107495948497,1.1101107496528202,1.110110749701219,1.110110749740009,1.1101107497691598,1.1101107497886487,1.1101107497984615,1.1101107497985898,1.110110749789034,1.1101107497698015,1.1101107497409066,1.1101107497023723,1.1101107496542277,1.1101107495965108,1.110110749529265,1.1101107494525428,1.1101107493664033,1.1101107492709135,1.1101107491661462,1.1101107490521829,1.1101107489291109,1.1101107487970254,1.1101107486560287,1.1101107485062296,1.110110748347743,1.1101107481806918,1.1101107480052044,1.1101107478214163,1.1101107476294698,1.1101107474295124,1.110110747221699,1.1101107470061893,1.1101107467831497,1.1101107465527527,1.1101107463151758,1.1101107460706021,1.110110745819221,1.1101107455612254,1.1101107452968153,1.1101107450261942,1.1101107447495706,1.110110744467159,1.1101107441791762,1.110110743885845,1.1101107435873916,1.1101107432840462,1.110110742976043,1.1101107426636196,1.1101107423470167,1.1101107420264789,1.1101107417022538,1.110110741374591,1.1101107410437434,1.1101107407099664,1.1101107403735178,1.1101107400346568,1.110110739693645,1.1101107393507454,1.1101107390062226,1.1101107386603426,1.1101107383133724,1.1101107379655788,1.110110737617231,1.1101107372685977,1.1101107369199477,1.1101107365715501,1.1101107362236735,1.1101107358765865,1.110110735530557,1.1101107351858517,1.1101107348427368,1.110110734501477,1.1101107341623353,1.1101107338255733,1.1101107334914517,0.0,0.0,0.0,0.0,0.0,0.0,0.0,0.0,0.0,0.0,0.0,0.0,0.0,0.0,0.0,0.0,0.0,0.0,0.0,0.0,0.0,0.0,0.0,0.0,0.0,0.0,0.0,0.0
1.1101107291782624,1.1101107289142997,1.1101107286567662,1.1101107284058607,1.1101107281617761,1.1101107279247018,1.1101107276948199,1.1101107274723079,1.110110727257338,1.1101107270500754,1.1101107268506805,1.1101107266593067,1.110110726476102,1.110110726301208,1.1101107261347587,1.1101107259768834,1.1101107258277039,1.1101107256873346,1.1101107255558842,1.1101107254334546,1.1101107253201392,1.1101107252160263,1.1101107251211961,1.1101107250357214,1.1101107249596687,1.1101107248930961,1.1101107248360553,1.1101107247885902,1.1101107247507374,1.1101107247225264,1.1101107247039785,0.0,0.0,0.0,0.0,0.0,0.0,0.0,0.0,0.0,0.0,0.0,0.0,0.0,0.0,0.0,0.0,0.0,0.0,0.0,0.0,0.0,0.0,0.0,0.0,0.0,0.0,0.0,0.0,0.0,0.0,0.0,0.0,0.0,0.0,0.0,0.0,0.0,0.0,0.0,0.0,0.0,0.0,0.0,0.0,0.0,0.0,0.0,0.0,0.0,0.0,0.0,0.0,1.1101107355213957,1.1101107358673936,1.110110736214456,1.110110736562315,1.1101107369107024,1.1101107372593493,1.1101107376079866,1.1101107379563453,1.1101107383041566,1.1101107386511524,1.110110738997065,1.1101107393416272,1.1101107396845729,1.1101107400256383,1.1101107403645598,1.110110740701076,1.1101107410349267,1.1101107413658555,1.110110741693606,1.110110742017926,1.1101107423385645,1.110110742655275,1.1101107429678125,1.1101107432759358,1.1101107435794078,1.1101107438779942,1.110110744171464,1.1101107444595915,1.1101107447421539,1.1101107450189336,1.1101107452897163,1.110110745554294,1.1101107458124622,1.1101107460640216,1.1101107463087785,1.1101107465465434,1.1101107467771327,1.1101107470003697,1.1101107472160812,1.1101107474241012,1.1101107476242689,1.1101107478164298,1.1101107480004357,1.110110748176145,1.110110748343422,0.0,0.0,0.0,0.0,0.0,0.0,0.0,0.0,0.0,0.0,0.0,0.0,0.0,0.0,0.0,0.0,0.0,0.0,0.0,0.0,0.0,0.0,0.0,0.0,0.0,0.0,0.0,0.0,0.0,0.0,0.0,0.0,0.0,0.0,0.0,0.0,0.0,0.0,0.0,0.0,0.0,0.0,0.0,0.0,0.0,0.0,0.0,0.0,0.0,0.0,0.0,0.0,0.0,0.0,0.0,0.0,0.0,0.0,0.0,0.0,0.0,0.0,0.0,0.0,0.0,0.0,0.0,0.0,0.0,0.0,0.0,0.0,0.0,0.0,0.0,0.0,0.0,0.0,0.0,0.0,0.0,0.0,0.0,0.0,0.0,1.1101107331602276,1.1101107328321564,1.1101107325074917,1.1101107321864838,1.1101107318693804,1.110110731556426,1.1101107312478622,1.1101107309439275,1.1101107306448554,1.1101107303508775,1.1101107300622204,1.1101107297791064,1.1101107295017545,1.1101107292303785,1.110110728965188,1.110110728706387,1.1101107284541756,1.1101107282087488,1.110110727970295,1.1101107277389988,1.1101107275150388,1.1101107272985873,1.1101107270898118,1.1101107268888728,1.1101107266959258,1.1101107265111199,1.1101107263345968,1.1101107261664935
0.0,0.0,0.0,0.0,0.0,0.0,0.0,0.0,0.0,0.0,0.0,0.0,0.0,0.0,0.0,0.0,0.0,0.0,0.0,0.0,0.0,0.0,0.0,0.0,0.0,0.0,0.0,0.0,0.0,0.0,0.0,1.1101107246951083,1.1101107246959225,1.1101107247064208,1.1101107247265944,1.1101107247564284,1.1101107247959,1.110110724844978,1.1101107249036246,1.1101107249717952,1.1101107250494364,1.110110725136489,1.1101107252328855,1.1101107253385518,1.1101107254534055,1.110110725577359,1.1101107257103162,1.1101107258521747,1.110110726002825,1.1101107261621506,1.1101107263300287,1.1101107265063301,1.1101107266909183,1.1101107268836512,1.1101107270843802,1.11011072729295,1.1101107275092,1.1101107277329632,1.1101107279640667,1.110110728202333,1.1101107284475777,1.1101107286996115,1.1101107289582401,1.1101107292232637,1.1101107294944785,1.1101107297716746,1.1101107300546382,1.1101107303431512,1.110110730636991,1.1101107309359308,1.11011073123974,1.1101107315481837,1.1101107318610248,1.1101107321780215,1.110110732498929,1.1101107328235,1.110110733151484,1.110110733482628,1.1101107338166762,1.110110734153371,1.1101107344924528,1.11011073483366,1.1101107351767292,0.0,0.0,0.0,0.0,0.0,0.0,0.0,0.0,0.0,0.0,0.0,0.0,0.0,0.0,0.0,0.0,0.0,0.0,0.0,0.0,0.0,0.0,0.0,0.0,0.0,0.0,0.0,0.0,0.0,0.0,0.0,0.0,0.0,0.0,0.0,0.0,0.0,0.0,0.0,0.0,0.0,0.0,0.0,0.0,0.0,0.0,0.0,0.0,0.0,0.0,0.0,0.0,0.0,0.0,0.0,0.0,0.0,0.0,0.0,0.0,0.0,0.0,0.0,0.0,0.0,0.0,0.0,0.0,0.0,0.0,0.0,0.0,0.0,0.0,0.0,0.0,0.0,0.0,0.0,0.0,0.0,0.0,0.0,0.0,0.0,0.0,0.0,0.0,0.0,0.0,0.0,0.0,0.0,0.0,0.0,0.0,0.0,0.0,0.0,0.0,0.0,0.0,0.0,0.0,0.0,0.0,0.0,0.0,0.0,0.0,0.0,0.0,0.0,0.0,0.0,0.0,0.0,0.0,0.0,0.0,0.0,0.0,0.0,0.0,0.0,0.0,0.0,0.0,0.0,0.0,0.0,0.0,0.0,0.0,0.0,0.0,0.0,0.0,0.0,0.0,0.0,0.0,0.0,0.0,0.0,0.0,0.0,0.0,0.0,0.0,0.0,0.0,0.0,0.0,0.0,0.0,0.0,0.0
0.0,0.0,0.0,0.0,0.0,0.0,0.0,0.0,0.0,0.0,0.0,0.0,0.0,0.0,0.0,0.0,0.0,0.0,0.0,0.0,0.0,0.0,0.0,0.0,0.0,0.0,0.0,0.0,0.0,0.0,0.0,0.0,0.0,0.0,0.0,0.0,0.0,0.0,0.0,0.0,0.0,0.0,0.0,0.0,0.0,0.0,0.0,0.0,0.0,0.0,0.0,0.0,0.0,0.0,0.0,0.0,0.0,0.0,0.0,0.0,0.0,0.0,0.0,0.0,0.0,0.0,0.0,0.0,0.0,0.0,0.0,0.0,0.0,0.0,0.0,0.0,0.0,0.0,0.0,0.0,0.0,0.0,0.0,0.0,0.0,0.0,0.0,0.0,0.0,0.0,0.0,0.0,0.0,0.0,0.0,0.0,0.0,0.0,0.0,0.0,0.0,0.0,0.0,0.0,0.0,0.0,0.0,0.0,0.0,0.0,0.0,0.0,0.0,0.0,0.0,0.0,0.0,0.0,1.119234969627399,1.119234969739573,1.1192349698437538,1.1192349699398618,1.119234970027823,1.1192349701075688,1.1192349701790383,1.119234970242176,1.1192349702969333,1.1192349703432676,1.1192349703811442,1.1192349704105329,1.119234970431411,1.1192349704437632,1.1192349704475788,1.119234970442856,1.1192349704295976,1.1192349704078146,1.1192349703775233,1.1192349703387472,1.119234970291516,1.1192349702358666,1.1192349701718414,1.1192349700994901,1.1192349700188688,1.1192349699300395,1.11923496983307,1.119234969728036,1.1192349696150183,1.1192349694941042,1.1192349693653867,1.1192349692289654,1.1192349690849455,1.119234968933438,1.1192349687745597,1.1192349686084337,1.1192349684351877,1.1192349682549556,1.1192349680678761,1.119234967874094,1.1192349676737583,1.119234967467024,1.1192349672540507,1.1192349670350024,1.1192349668100479,1.1192349665793615,1.1192349663431205,1.1192349661015077,1.119234965854709,1.119234965602915,1.1192349653463203,1.119234965085123,1.1192349648195237,1.1192349645497277,1.1192349642759436,1.1192349639983823,1.119234963717258,1.119234963432788,1.1192349631451912,1.1192349628546896,1.1192349625615077,1.1192349622658713,1.1192349619680086,1.1192349616681496,1.1192349613665256,1.119234961063369,1.1192349607589143,1.119234960453396,1.1192349601470495,1.119234959840112,1.1192349595328195,1.1192349592254096,1.1192349589181194,1.1192349586111858,1.119234958304846,1.119234957999336,1.1192349576948915,1.1192349573917475,1.1192349570901383,1.119234956790296,1.119234956492452,1.1192349561968364,1.1192349559036772,1.1192349556132004,1.1192349553256304,1.119234955041189,1.1192349547600955,1.1192349544825668,1.1192349542088174,1.119234953939058,1.119234953673497,1.1192349534123391,1.1192349531557861,1.1192349529040357,1.1192349526572825,1.1192349524157164,1.1192349521795242,1.1192349519488876,1.119234951723985,1.11923495150499,1.1192349512920712,1.1192349510853932,1.1192349508851152,1.119234950691392,1.1192349505043728,0.0,0.0,0.0,0.0,0.0,0.0,0.0,0.0,0.0,0.0,0.0,0.0,0.0,0.0,0.0,0.0,0.0,0.0
1.11923494979608,1.1192349496460874,1.1192349495036051,1.119234949368744,1.119234949241607,1.1192349491222928,1.1192349490108935,1.1192349489074949,1.1192349488121764,1.1192349487250122,1.1192349486460693,1.1192349485754085,1.1192349485130848,1.1192349484591453,1.1192349484136328,1.1192349483765813,1.1192349483480202,1.1192349483279713,1.1192349483164499,1.119234948313465,1.119234948319019,1.1192349483331072,1.1192349483557196,1.119234948386838,1.1192349484264386,1.1192349484744908,1.1192349485309574,1.119234948595795,1.119234948668954,1.1192349487503772,1.1192349488400022,1.1192349489377598,1.1192349490435745,1.1192349491573645,1.1192349492790425,1.119234949408514,1.11923494954568,1.119234949690434,1.1192349498426637,1.119234950002253,1.119234950169078,1.11923495034301,1.1192349505239148,1.1192349507116528,1.1192349509060797,1.119234951107045,1.1192349513143935,1.1192349515279656,1.1192349517475964,1.1192349519731162,1.1192349522043514,1.119234952441123,1.1192349526832488,1.119234952930542,1.119234953182812,1.1192349534398636,1.1192349537014987,1.1192349539675155,1.1192349542377085,1.1192349545118694,1.1192349547897869,1.1192349550712464,1.1192349553560308,1.1192349556439198,1.1192349559346924,1.1192349562281232,1.119234956523986,1.1192349568220532,1.119234957122094,1.1192349574238778,1.119234957727171,1.11923495803174,1.119234958337349,1.1192349586437635,1.119234958950746,1.1192349592580602,1.1192349595654687,1.1192349598727345,1.119234960179621,1.1192349604858904,1.119234960791307,1.1192349610956354,1.1192349613986399,1.1192349617000874,1.1192349619997457,1.1192349622973827,1.1192349625927691,1.1192349628856773,1.1192349631758807,1.119234963463156,1.119234963747281,1.119234964028037,1.119234964305207,1.1192349645785775,1.1192349648479374,1.1192349651130786,1.1192349653737972,1.1192349656298912,1.1192349658811638,1.1192349661274203,1.1192349663684718,1.1192349666041312,1.1192349668342174,1.1192349670585524,1.1192349672769635,1.1192349674892816,1.1192349676953437,1.1192349678949907,1.1192349680880678,1.1192349682744265,1.1192349684539233,1.1192349686264194,1.1192349687917815,1.1192349689498826,1.1192349691006005,1.1192349692438184,1.1192349693794261,1.1192349695073192,0.0,0.0,0.0,0.0,0.0,0.0,0.0,0.0,0.0,0.0,0.0,0.0,0.0,0.0,0.0,0.0,0.0,0.0,0.0,0.0,0.0,0.0,0.0,0.0,0.0,0.0,0.0,0.0,0.0,0.0,0.0,0.0,0.0,0.0,0.0,0.0,0.0,0.0,0.0,0.0,0.0,0.0,0.0,0.0,0.0,0.0,0.0,0.0,0.0,0.0,0.0,0.0,0.0,0.0,0.0,0.0,0.0,0.0,0.0,0.0,0.0,0.0,0.0,0.0,0.0,0.0,0.0,0.0,0.0,0.0,0.0,0.0,0.0,0.0,0.0,0.0,0.0,0.0,0.0,0.0,0.0,0.0,0.0,0.0,0.0,0.0,0.0,0.0,0.0,0.0,0.0,0.0,0.0,0.0,0.0,0.0,0.0,0.0,0.0,0.0,0.0,0.0,0.0,0.0,0.0,1.1192349503242018,1.1192349501510184,1.119234949984956,1.119234949826143,1.1192349496747014,1.1192349495307483,1.1192349493943952,1.1192349492657467,1.119234949144902,1.1192349490319553,1.1192349489269922,1.1192349488300954,1.1192349487413382,1.11923494866079,1.1192349485885125,1.1192349485245616,1.1192349484689865,1.1192349484218305
0.0,0.0,0.0,0.0,0.0,0.0,0.0,0.0,0.0,0.0,0.0,0.0,0.0,0.0,0.0,0.0,0.0,0.0,0.0,0.0,0.0,0.0,0.0,0.0,0.0,0.0,0.0,0.0,0.0,0.0,0.0,0.0,0.0,0.0,0.0,0.0,0.0,0.0,0.0,0.0,0.0,0.0,0.0,0.0,0.0,0.0,0.0,0.0,0.0,0.0,0.0,0.0,0.0,0.0,0.0,0.0,0.0,0.0,0.0,0.0,0.0,0.0,0.0,0.0,0.0,0.0,0.0,0.0,0.0,0.0,0.0,0.0,0.0,0.0,0.0,0.0,0.0,0.0,0.0,0.0,0.0,0.0,0.0,0.0,0.0,0.0,0.0,0.0,0.0,0.0,0.0,0.0,0.0,0.0,0.0,0.0,0.0,0.0,0.0,0.0,0.0,0.0,0.0,0.0,0.0,0.0,0.0,0.0,0.0,0.0,0.0,0.0,0.0,0.0,0.0,0.0,0.0,0.0,0.0,0.0,0.0,0.0,0.0,0.0,0.0,0.0,0.0,0.0,0.0,0.0,0.0,0.0,0.0,0.0,0.0,0.0,0.0,0.0,0.0,0.0,0.0,0.0,0.0,0.0,0.0,0.0,0.0,0.0,0.0,0.0,0.0,0.0,0.0,0.0,0.0,0.0,0.0,0.0,0.0,0.0,0.0,0.0,0.0,0.0,0.0,0.0,0.0,0.0,0.0,0.0,0.0,0.0,0.0,0.0,0.0,0.0,0.0,0.0,0.0,0.0,0.0,0.0,0.0,0.0,0.0,0.0,0.0,0.0,0.0,0.0,0.0,0.0,0.0,0.0,0.0,0.0,0.0,0.0,0.0,0.0,0.0,0.0,0.0,0.0,0.0,0.0,0.0,0.0,0.0,0.0,0.0,0.0,0.0,0.0,0.0,0.0,0.0,0.0,0.0,0.0,0.0,0.0,0.0,0.0,0.0,0.0,0.0,0.0,0.0,0.0,0.0,0.0,0.0,0.0,0.0,0.0,0.0,0.0,0.0,0.0,0.0
1.1283541538638555,1.1283541538205517,1.1283541537846868,1.1283541537562887,1.1283541537353796,0.0,0.0,0.0,0.0,0.0,0.0,0.0,0.0,0.0,0.0,0.0,0.0,0.0,0.0,0.0,0.0,0.0,0.0,0.0,0.0,0.0,0.0,0.0,0.0,0.0,0.0,0.0,0.0,0.0,0.0,0.0,0.0,0.0,0.0,0.0,0.0,0.0,0.0,0.0,0.0,0.0,0.0,0.0,0.0,0.0,0.0,0.0,0.0,0.0,0.0,0.0,0.0,0.0,0.0,0.0,0.0,0.0,0.0,0.0,0.0,0.0,0.0,0.0,0.0,0.0,0.0,0.0,0.0,0.0,0.0,0.0,0.0,0.0,0.0,0.0,0.0,0.0,0.0,0.0,0.0,0.0,0.0,0.0,0.0,0.0,0.0,0.0,0.0,0.0,0.0,0.0,0.0,0.0,0.0,0.0,0.0,0.0,0.0,0.0,0.0,0.0,0.0,0.0,0.0,1.1283541728064375,1.1283541728798117,1.1283541729459199,1.1283541730047109,1.1283541730561395,1.1283541731001658,1.1283541731367566,1.1283541731658822,1.1283541731875213,1.1283541732016567,1.1283541732082778,1.1283541732073792,1.1283541731989621,1.1283541731830322,1.1283541731596025,1.1283541731286906,1.1283541730903206,1.128354173044522,1.1283541729913302,1.1283541729307862,1.1283541728629372,1.1283541727878346,1.128354172705537,1.1283541726161075,1.1283541725196156,1.1283541724161352,1.1283541723057469,1.1283541721885353,1.1283541720645902,1.1283541719340087,1.1283541717968908,1.128354171653342,1.1283541715034737,1.1283541713474008,1.1283541711852443,1.1283541710171292,1.128354170843185,1.128354170663546,1.1283541704783508,1.1283541702877427,1.128354170091868,1.1283541698908783,1.1283541696849289,1.1283541694741783,1.1283541692587888,1.1283541690389272,1.1283541688147634,1.1283541685864695,1.1283541683542215,1.1283541681182,1.1283541678785856,1.1283541676355644,1.1283541673893227,1.1283541671400514,1.1283541668879422,1.1283541666331902,1.1283541663759917,1.1283541661165453,1.1283541658550507,1.12835416559171,1.1283541653267264,1.1283541650603042,1.1283541647926492,1.1283541645239676,1.1283541642544672,1.1283541639843553,1.1283541637138408,1.128354163443132,1.128354163172438,1.1283541629019678,1.1283541626319298,1.1283541623625326,1.1283541620939839,1.1283541618264907,1.1283541615602601,1.1283541612954966,1.1283541610324053,1.1283541607711884,1.128354160512048,1.1283541602551839,1.1283541600007942,1.1283541597490756,1.1283541595002216,1.1283541592544244,1.1283541590118744,1.1283541587727577,1.1283541585372592,1.128354158305561,1.1283541580778413,1.1283541578542762,1.1283541576350378,1.1283541574202953,1.1283541572102147,1.1283541570049582,1.1283541568046838,1.1283541566095459,1.1283541564196953,1.1283541562352783,1.1283541560564376,1.128354155883311,1.1283541557160317,1.1283541555547296,1.1283541553995282,1.1283541552505478,1.1283541551079033,1.1283541549717044,1.1283541548420568,1.12835415471906,1.128354154602809,1.128354154493394,1.1283541543908988,1.1283541542954025,1.1283541542069793,1.128354154125697,1.1283541540516182,1.1283541539848003,1.1283541539252953,1.128354153873148,1.1283541538283997,1.1283541537910842,1.1283541537612305,1.1283541537388622,0.0,0.0,0.0,0.0,0.0,0.0,0.0,0.0,0.0,0.0
0.0,0.0,0.0,0.0,0.0,1.128354153721975,1.1283541537160857,1.1283541537177162,1.1283541537268653,1.1283541537435255,1.1283541537676847,1.1283541537993234,1.1283541538384176,1.1283541538849373,1.1283541539388469,1.128354154000104,1.128354154068662,1.1283541541444673,1.128354154227462,1.1283541543175817,1.1283541544147573,1.1283541545189135,1.1283541546299702,1.1283541547478413,1.128354154872436,1.1283541550036587,1.1283541551414074,1.1283541552855763,1.1283541554360537,1.128354155592724,1.128354155755466,1.1283541559241541,1.1283541560986587,1.1283541562788446,1.128354156464573,1.1283541566557003,1.1283541568520794,1.1283541570535585,1.1283541572599827,1.128354157471192,1.128354157687024,1.1283541579073118,1.1283541581318857,1.128354158360572,1.1283541585931949,1.1283541588295745,1.1283541590695283,1.1283541593128716,1.1283541595594164,1.1283541598089724,1.1283541600613474,1.1283541603163465,1.1283541605737724,1.128354160833427,1.1283541610951102,1.1283541613586199,1.1283541616237525,1.1283541618903035,1.1283541621580675,1.1283541624268378,1.1283541626964073,1.1283541629665674,1.1283541632371101,1.1283541635078265,1.1283541637785077,1.1283541640489452,1.1283541643189299,1.1283541645882538,1.1283541648567088,1.1283541651240878,1.1283541653901847,1.1283541656547946,1.1283541659177123,1.128354166178736,1.1283541664376635,1.1283541666942953,1.1283541669484336,1.1283541671998818,1.128354167448447,1.1283541676939361,1.1283541679361604,1.1283541681749327,1.1283541684100693,1.1283541686413883,1.128354168868711,1.1283541690918628,1.1283541693106711,1.1283541695249666,1.128354169734585,1.1283541699393638,1.128354170139145,1.1283541703337745,1.1283541705231026,1.1283541707069829,1.1283541708852733,1.1283541710578366,1.1283541712245397,1.1283541713852536,1.1283541715398546,1.1283541716882233,1.128354171830245,1.1283541719658106,1.1283541720948154,1.1283541722171595,1.1283541723327488,1.128354172441494,1.1283541725433113,1.1283541726381223,1.1283541727258535,0.0,0.0,0.0,0.0,0.0,0.0,0.0,0.0,0.0,0.0,0.0,0.0,0.0,0.0,0.0,0.0,0.0,0.0,0.0,0.0,0.0,0.0,0.0,0.0,0.0,0.0,0.0,0.0,0.0,0.0,0.0,0.0,0.0,0.0,0.0,0.0,0.0,0.0,0.0,0.0,0.0,0.0,0.0,0.0,0.0,0.0,0.0,0.0,0.0,0.0,0.0,0.0,0.0,0.0,0.0,0.0,0.0,0.0,0.0,0.0,0.0,0.0,0.0,0.0,0.0,0.0,0.0,0.0,0.0,0.0,0.0,0.0,0.0,0.0,0.0,0.0,0.0,0.0,0.0,0.0,0.0,0.0,0.0,0.0,0.0,0.0,0.0,0.0,0.0,0.0,0.0,0.0,0.0,0.0,0.0,0.0,0.0,0.0,0.0,0.0,0.0,0.0,0.0,0.0,0.0,0.0,0.0,0.0,0.0,0.0,0.0,0.0,0.0,0.0,0.0,0.0,0.0,0.0,0.0,0.0,0.0,0.0,1.1283541537239954,1.1283541537166428,1.1283541537168094,1.128354153724495,1.1283541537396942,1.1283541537623945,1.128354153792579,1.1283541538302242,1.128354153875301,1.1283541539277748
0.0,0.0,0.0,0.0,0.0,0.0,0.0,0.0,0.0,0.0,0.0,0.0,0.0,0.0,0.0,0.0,0.0,0.0,0.0,0.0,0.0,0.0,0.0,0.0,0.0,0.0,0.0,0.0,0.0,0.0,0.0,0.0,0.0,0.0,0.0,0.0,0.0,0.0,0.0,0.0,0.0,0.0,0.0,0.0,0.0,0.0,0.0,0.0,0.0,0.0,0.0,0.0,0.0,0.0,0.0,0.0,0.0,0.0,0.0,0.0,0.0,0.0,0.0,0.0,0.0,0.0,0.0,0.0,0.0,0.0,0.0,0.0,0.0,0.0,0.0,0.0,0.0,0.0,0.0,0.0,0.0,0.0,0.0,0.0,0.0,0.0,0.0,0.0,0.0,0.0,0.0,0.0,0.0,0.0,0.0,0.0,0.0,0.0,0.0,0.0,0.0,0.0,0.0,0.0,0.0,0.0,0.0,0.0,0.0,0.0,0.0,0.0,0.0,0.0,0.0,0.0,0.0,0.0,0.0,0.0,0.0,0.0,0.0,0.0,0.0,0.0,0.0,0.0,0.0,0.0,0.0,0.0,0.0,0.0,0.0,0.0,0.0,0.0,0.0,0.0,0.0,0.0,0.0,0.0,0.0,0.0,1.1374683163077293,1.1374683160952226,1.1374683158798116,1.1374683156616623,1.1374683154409435,1.1374683152178249,1.1374683149924791,1.1374683147650797,1.1374683145358022,1.1374683143048234,1.1374683140723219,1.137468313838477,1.1374683136034685,1.1374683133674781,1.1374683131306884,1.1374683128932814,1.1374683126554404,1.1374683124173492,1.1374683121791915,1.1374683119411506,1.1374683117034106,1.1374683114661548,1.1374683112295658,1.137468310993827,1.13746831075912,1.1374683105256254,1.137468310293524,1.137468310062994,1.1374683098342144,1.137468309607361,1.137468309382609,1.1374683091601319,1.137468308940101,1.1374683087226867,1.137468308508056,1.137468308296375,1.1374683080878067,1.1374683078825123,1.1374683076806504,1.1374683074823762,1.137468307287843,1.137468307097201,1.137468306910597,1.137468306728175,1.1374683065500757,1.137468306376437,1.1374683062073925,1.1374683060430724,0.0,0.0,0.0,0.0,0.0,0.0,0.0,0.0,0.0,0.0,0.0,0.0,0.0,0.0,0.0,0.0,0.0,0.0,0.0,0.0,0.0,0.0,0.0,0.0,0.0,0.0,0.0,0.0,0.0,0.0,0.0,0.0,0.0,0.0,0.0,0.0,0.0,0.0,0.0,0.0,0.0,0.0,0.0,0.0,0.0,0.0,0.0
1.1374683038871765,1.1374683039317857,1.1374683039828755,1.1374683040404063,1.1374683041043336,1.1374683041746085,1.1374683042511762,1.1374683043339777,1.1374683044229497,1.1374683045180234,1.1374683046191245,1.137468304726176,1.137468304839095,0.0,0.0,0.0,0.0,0.0,0.0,0.0,0.0,0.0,0.0,0.0,0.0,0.0,0.0,0.0,0.0,0.0,0.0,0.0,0.0,0.0,0.0,0.0,0.0,0.0,0.0,0.0,0.0,0.0,0.0,0.0,0.0,0.0,0.0,0.0,0.0,0.0,0.0,0.0,0.0,0.0,0.0,0.0,0.0,0.0,0.0,0.0,0.0,0.0,0.0,0.0,0.0,0.0,0.0,0.0,0.0,0.0,0.0,0.0,0.0,0.0,0.0,0.0,0.0,0.0,0.0,0.0,0.0,0.0,0.0,0.0,0.0,0.0,0.0,0.0,0.0,0.0,0.0,0.0,0.0,0.0,0.0,0.0,0.0,0.0,0.0,0.0,0.0,1.1374683207933836,1.1374683208284118,1.1374683208568839,1.1374683208787781,1.1374683208940768,1.1374683209027685,1.1374683209048468,1.1374683209003098,1.1374683208891612,1.1374683208714096,1.137468320847068,1.137468320816156,1.1374683207786973,1.1374683207347205,1.1374683206842597,1.137468320627354,1.137468320564047,1.137468320494388,1.1374683204184302,1.1374683203362326,1.1374683202478584,1.137468320153376,1.1374683200528577,1.1374683199463818,1.1374683198340303,1.1374683197158892,1.1374683195920507,1.1374683194626098,1.1374683193276667,1.137468319187325,1.1374683190416932,1.1374683188908834,1.1374683187350125,1.1374683185742007,1.1374683184085717,1.1374683182382532,1.1374683180633773,1.1374683178840783,1.1374683177004945,1.1374683175127682,1.1374683173210438,1.1374683171254691,1.1374683169261952,1.1374683167233757,1.1374683165171673,0.0,0.0,0.0,0.0,0.0,0.0,0.0,0.0,0.0,0.0,0.0,0.0,0.0,0.0,0.0,0.0,0.0,0.0,0.0,0.0,0.0,0.0,0.0,0.0,0.0,0.0,0.0,0.0,0.0,0.0,0.0,0.0,0.0,0.0,0.0,0.0,0.0,0.0,0.0,0.0,0.0,0.0,0.0,0.0,0.0,0.0,0.0,0.0,1.1374683058836037,1.1374683057291095,1.1374683055797095,1.137468305435518,1.1374683052966466,1.1374683051632026,1.1374683050352894,1.1374683049130045,1.1374683047964431,1.1374683046856953,1.137468304580846,1.1374683044819764,1.137468304389163,1.1374683043024767,1.1374683042219846,1.1374683041477496,1.1374683040798281,1.1374683040182727,1.1374683039631313,1.1374683039144455,1.1374683038722542,1.137468303836589,1.1374683038074775,1.1374683037849425,1.1374683037690012,1.1374683037596656,1.1374683037569437,1.1374683037608369,1.1374683037713424,1.137468303788452,1.1374683038121527,1.1374683038424258,1.1374683038792488,1.1374683039225926,1.1374683039724238,1.1374683040287041,1.1374683040913898,1.137468304160433,1.13746830423578,1.1374683043173732,1.137468304405149,1.1374683044990404,1.1374683045989742,1.1374683047048737,1.137468304816657,0.0,0.0
0.0,0.0,0.0,0.0,0.0,0.0,0.0,0.0,0.0,0.0,0.0,0.0,0.0,1.1374683049577943,1.1374683050821823,1.1374683052121632,1.1374683053476369,1.1374683054884984,1.1374683056346393,1.1374683057859465,1.1374683059423039,1.13746830610359,1.1374683062696813,1.137468306440449,1.1374683066157616,1.1374683067954836,1.1374683069794767,1.1374683071675988,1.1374683073597047,1.1374683075556458,1.1374683077552719,1.137468307958428,1.1374683081649577,1.1374683083747017,1.1374683085874984,1.1374683088031832,1.13746830902159,1.13746830924255,1.1374683094658928,1.1374683096914462,1.1374683099190361,1.1374683101484868,1.137468310379622,1.1374683106122623,1.1374683108462285,1.1374683110813404,1.1374683113174162,1.1374683115542745,1.1374683117917317,1.137468312029605,1.1374683122677105,1.137468312505865,1.1374683127438847,1.137468312981586,1.1374683132187846,1.1374683134552988,1.1374683136909454,1.1374683139255424,1.1374683141589093,1.1374683143908657,1.1374683146212328,1.1374683148498326,1.137468315076489,1.1374683153010272,1.1374683155232739,1.1374683157430574,1.1374683159602081,1.1374683161745591,1.1374683163859445,1.1374683165942008,1.137468316799168,1.1374683170006876,1.1374683171986042,1.137468317392765,1.137468317583021,1.137468317769224,1.1374683179512313,1.1374683181289023,1.1374683183021,1.1374683184706902,1.1374683186345436,1.1374683187935333,1.1374683189475367,1.1374683190964352,1.1374683192401136,1.1374683193784612,1.137468319511371,1.137468319638741,1.1374683197604727,1.137468319876472,1.1374683199866493,1.1374683200909201,1.1374683201892035,1.137468320281424,1.13746832036751,1.1374683204473954,1.1374683205210188,1.1374683205883227,1.1374683206492557,1.1374683207037708,1.1374683207518255,0.0,0.0,0.0,0.0,0.0,0.0,0.0,0.0,0.0,0.0,0.0,0.0,0.0,0.0,0.0,0.0,0.0,0.0,0.0,0.0,0.0,0.0,0.0,0.0,0.0,0.0,0.0,0.0,0.0,0.0,0.0,0.0,0.0,0.0,0.0,0.0,0.0,0.0,0.0,0.0,0.0,0.0,0.0,0.0,0.0,0.0,0.0,0.0,0.0,0.0,0.0,0.0,0.0,0.0,0.0,0.0,0.0,0.0,0.0,0.0,0.0,0.0,0.0,0.0,0.0,0.0,0.0,0.0,0.0,0.0,0.0,0.0,0.0,0.0,0.0,0.0,0.0,0.0,0.0,0.0,0.0,0.0,0.0,0.0,0.0,0.0,0.0,0.0,0.0,0.0,0.0,0.0,0.0,0.0,0.0,0.0,0.0,0.0,0.0,0.0,0.0,0.0,0.0,0.0,0.0,0.0,0.0,0.0,0.0,0.0,0.0,0.0,0.0,0.0,0.0,0.0,0.0,0.0,0.0,0.0,0.0,0.0,0.0,0.0,0.0,0.0,0.0,0.0,0.0,0.0,0.0,0.0,0.0,0.0,0.0,0.0,0.0,0.0,1.1374683049342382,1.1374683050575263
0.0,0.0,0.0,0.0,0.0,0.0,0.0,0.0,0.0,0.0,0.0,0.0,0.0,0.0,0.0,0.0,0.0,0.0,0.0,0.0,0.0,0.0,0.0,0.0,0.0,0.0,0.0,0.0,0.0,0.0,0.0,0.0,0.0,0.0,0.0,0.0,0.0,0.0,0.0,0.0,0.0,0.0,0.0,0.0,0.0,0.0,0.0,0.0,0.0,0.0,0.0,0.0,0.0,0.0,0.0,0.0,0.0,0.0,0.0,0.0,0.0,0.0,0.0,0.0,0.0,0.0,0.0,0.0,0.0,0.0,0.0,0.0,0.0,0.0,0.0,0.0,0.0,0.0,0.0,0.0,0.0,0.0,0.0,0.0,0.0,0.0,0.0,0.0,0.0,0.0,0.0,0.0,0.0,0.0,0.0,0.0,0.0,0.0,0.0,0.0,0.0,0.0,0.0,0.0,0.0,0.0,0.0,0.0,0.0,0.0,0.0,0.0,0.0,0.0,0.0,0.0,0.0,0.0,0.0,0.0,0.0,0.0,0.0,0.0,0.0,0.0,0.0,0.0,0.0,0.0,0.0,0.0,0.0,0.0,0.0,0.0,0.0,1.1465773717518637,1.1465773715566985,1.1465773713595104,1.1465773711604514,1.1465773709596752,1.1465773707573366,1.1465773705535913,1.1465773703485973,1.146577370142512,1.146577369935495,1.1465773697277057,1.1465773695193047,1.1465773693104522,1.14657736910131,1.146577368892039,1.1465773686828011,1.1465773684737577,1.1465773682650693,1.146577368056898,1.146577367849404,1.1465773676427469,1.1465773674370867,1.146577367232582,1.1465773670293906,1.1465773668276693,1.1465773666275734,1.1465773664292576,1.1465773662328749,1.1465773660385765,1.146577365846513,1.1465773656568319,1.1465773654696798,1.1465773652852012,1.146577365103538,1.1465773649248314,1.1465773647492181,1.1465773645768342,1.1465773644078125,1.1465773642422836,1.1465773640803751,1.1465773639222117,1.146577363767916,1.1465773636176069,1.1465773634713998,1.146577363329408,1.1465773631917406,1.1465773630585046,1.1465773629298022,1.146577362805733,1.1465773626863924,1.146577362571873,1.1465773624622626,1.1465773623576458,1.1465773622581037,1.1465773621637132,1.1465773620745465,1.1465773619906727,1.1465773619121566,1.146577361839059,1.1465773617714357,1.1465773617093395,1.1465773616528177,1.1465773616019144,1.1465773615566688,1.1465773615171155,1.1465773614832855,0.0,0.0,0.0,0.0,0.0,0.0,0.0,0.0,0.0,0.0,0.0,0.0,0.0,0.0,0.0,0.0,0.0,0.0,0.0,0.0,0.0,0.0,0.0,0.0,0.0,0.0,0.0,0.0,0.0,0.0,0.0,0.0,0.0,0.0,0.0,0.0,0.0,0.0
1.1465773624097895,1.1465773625169353,1.1465773626290332,1.1465773627459959,1.1465773628677336,1.146577362994152,1.1465773631251541,1.1465773632606384,1.1465773634005008,1.1465773635446326,1.1465773636929235,1.1465773638452583,1.14657736400152,1.1465773641615882,1.1465773643253385,1.1465773644926456,1.1465773646633797,1.1465773648374094,1.1465773650146003,1.1465773651948157,0.0,0.0,0.0,0.0,0.0,0.0,0.0,0.0,0.0,0.0,0.0,0.0,0.0,0.0,0.0,0.0,0.0,0.0,0.0,0.0,0.0,0.0,0.0,0.0,0.0,0.0,0.0,0.0,0.0,0.0,0.0,0.0,0.0,0.0,0.0,0.0,0.0,0.0,0.0,0.0,0.0,0.0,0.0,0.0,0.0,0.0,0.0,0.0,0.0,0.0,0.0,0.0,0.0,0.0,0.0,0.0,0.0,0.0,0.0,0.0,0.0,0.0,0.0,0.0,0.0,0.0,0.0,0.0,0.0,0.0,0.0,0.0,0.0,0.0,1.1465773764687086,1.1465773764672424,1.1465773764599645,1.1465773764468803,1.1465773764279998,1.146577376403338,1.1465773763729135,1.14657737633675,1.1465773762948757,1.146577376247322,1.1465773761941265,1.1465773761353297,1.1465773760709776,1.146577376001119,1.1465773759258082,1.1465773758451039,1.1465773757590672,1.146577375667765,1.1465773755712685,1.1465773754696509,1.1465773753629913,1.146577375251372,1.146577375134879,1.146577375013602,1.1465773748876347,1.1465773747570744,1.1465773746220216,1.1465773744825811,1.1465773743388599,1.1465773741909688,1.1465773740390226,1.1465773738831377,1.146577373723435,1.146577373560037,1.146577373393071,1.1465773732226645,1.1465773730489495,1.1465773728720607,1.1465773726921333,1.1465773725093074,1.146577372323723,1.1465773721355237,1.146577371944855,0.0,0.0,0.0,0.0,0.0,0.0,0.0,0.0,0.0,0.0,0.0,0.0,0.0,0.0,0.0,0.0,0.0,0.0,0.0,0.0,0.0,0.0,0.0,0.0,0.0,0.0,0.0,0.0,0.0,0.0,0.0,0.0,0.0,0.0,0.0,0.0,0.0,0.0,0.0,0.0,0.0,0.0,0.0,0.0,0.0,0.0,0.0,0.0,0.0,0.0,0.0,0.0,0.0,0.0,0.0,0.0,0.0,0.0,0.0,0.0,0.0,0.0,0.0,0.0,0.0,0.0,1.1465773614552044,1.146577361432894,1.146577361416372,1.1465773614056503,1.146577361400738,1.1465773614016384,1.1465773614083508,1.1465773614208703,1.146577361439187,1.146577361463287,1.1465773614931514,1.1465773615287573,1.1465773615700774,1.1465773616170796,1.1465773616697277,1.1465773617279813,1.1465773617917947,1.1465773618611197,1.146577361935902,1.1465773620160846,1.1465773621016049,1.1465773621923974,1.1465773622883917,1.1465773623895141,1.1465773624956865,1.1465773626068267,1.1465773627228495,1.1465773628436648,1.1465773629691796,1.1465773630992973,1.1465773632339171,1.1465773633729353,1.1465773635162446,1.1465773636637349,1.1465773638152919,1.1465773639707981,1.146577364130135,1.1465773642931782
0.0,0.0,0.0,0.0,0.0,0.0,0.0,0.0,0.0,0.0,0.0,0.0,0.0,0.0,0.0,0.0,0.0,0.0,0.0,0.0,1.1465773653779168,1.1465773655637619,1.1465773657522078,1.146577365943109,1.1465773661363188,1.1465773663316872,1.146577366529064,1.1465773667282968,1.1465773669292323,1.1465773671317148,1.1465773673355883,1.1465773675406954,1.1465773677468785,1.1465773679539777,1.1465773681618336,1.146577368370286,1.1465773685791736,1.1465773687883354,1.1465773689976098,1.146577369206836,1.146577369415852,1.146577369624497,1.1465773698326098,1.146577370040029,1.1465773702465965,1.146577370452151,1.1465773706565348,1.1465773708595899,1.14657737106116,1.1465773712610894,1.1465773714592238,1.1465773716554102,1.1465773718494972,1.1465773720413355,1.1465773722307768,1.146577372417675,1.1465773726018857,1.1465773727832673,1.146577372961679,1.146577373136984,1.146577373309046,1.1465773734777336,1.146577373642916,1.1465773738044651,1.1465773739622571,1.1465773741161702,1.1465773742660852,1.1465773744118868,1.1465773745534624,1.1465773746907029,1.1465773748235022,1.146577374951758,1.1465773750753712,1.1465773751942465,1.1465773753082917,1.1465773754174198,1.1465773755215463,1.1465773756205901,1.1465773757144755,1.14657737580313,1.1465773758864848,1.1465773759644762,1.1465773760370435,1.1465773761041311,1.1465773761656868,1.1465773762216633,1.1465773762720175,1.1465773763167109,1.1465773763557081,1.14657737638898,1.1465773764165,1.1465773764382474,1.1465773764542058,1.1465773764643619,0.0,0.0,0.0,0.0,0.0,0.0,0.0,0.0,0.0,0.0,0.0,0.0,0.0,0.0,0.0,0.0,0.0,0.0,0.0,0.0,0.0,0.0,0.0,0.0,0.0,0.0,0.0,0.0,0.0,0.0,0.0,0.0,0.0,0.0,0.0,0.0,0.0,0.0,0.0,0.0,0.0,0.0,0.0,0.0,0.0,0.0,0.0,0.0,0.0,0.0,0.0,0.0,0.0,0.0,0.0,0.0,0.0,0.0,0.0,0.0,0.0,0.0,0.0,0.0,0.0,0.0,0.0,0.0,0.0,0.0,0.0,0.0,0.0,0.0,0.0,0.0,0.0,0.0,0.0,0.0,0.0,0.0,0.0,0.0,0.0,0.0,0.0,0.0,0.0,0.0,0.0,0.0,0.0,0.0,0.0,0.0,0.0,0.0,0.0,0.0,0.0,0.0,0.0,0.0,0.0,0.0,0.0,0.0,0.0,0.0,0.0,0.0,0.0,0.0,0.0,0.0,0.0,0.0,0.0,0.0,0.0,0.0,0.0,0.0,0.0,0.0,0.0,0.0,0.0,0.0,0.0,0.0,0.0,0.0,0.0,0.0,0.0,0.0,0.0,0.0,0.0,0.0,0.0,0.0,0.0,0.0,0.0
0.0,0.0,0.0,0.0,0.0,0.0,0.0,0.0,0.0,0.0,0.0,0.0,0.0,0.0,0.0,0.0,0.0,0.0,0.0,0.0,0.0,0.0,0.0,0.0,0.0,0.0,0.0,0.0,0.0,0.0,0.0,0.0,0.0,0.0,0.0,0.0,0.0,0.0,0.0,0.0,0.0,0.0,0.0,0.0,0.0,0.0,0.0,0.0,0.0,0.0,0.0,0.0,0.0,0.0,0.0,0.0,0.0,0.0,0.0,0.0,0.0,0.0,0.0,0.0,0.0,0.0,0.0,0.0,0.0,0.0,0.0,0.0,0.0,0.0,0.0,0.0,0.0,0.0,0.0,0.0,0.0,0.0,0.0,0.0,0.0,0.0,0.0,0.0,0.0,0.0,0.0,0.0,0.0,0.0,0.0,0.0,0.0,0.0,0.0,0.0,0.0,0.0,0.0,0.0,0.0,0.0,0.0,0.0,0.0,0.0,0.0,0.0,0.0,0.0,0.0,0.0,0.0,0.0,0.0,0.0,0.0,0.0,0.0,0.0,0.0,0.0,0.0,0.0,0.0,0.0,1.1556812978308506,1.1556812976513733,1.155681297470878,1.155681297289504,1.1556812971073915,1.155681296924681,1.1556812967415129,1.1556812965580288,1.155681296374371,1.15568129619068,1.1556812960070986,1.1556812958237679,1.155681295640829,1.155681295458424,1.1556812952766926,1.1556812950957756,1.1556812949158124,1.1556812947369426,1.155681294559303,1.1556812943830312,1.1556812942082635,1.1556812940351342,1.1556812938637773,1.1556812936943246,1.1556812935269072,1.1556812933616545,1.1556812931986935,1.15568129303815,1.1556812928801479,1.1556812927248092,1.1556812925722537,1.1556812924225994,1.1556812922759614,1.155681292132453,1.1556812919921846,1.1556812918552648,1.1556812917217993,1.1556812915918906,1.1556812914656391,1.155681291343143,1.1556812912244956,1.1556812911097891,1.155681290999112,1.15568129089255,1.1556812907901846,1.1556812906920948,1.155681290598357,1.1556812905090428,1.1556812904242217,1.1556812903439586,1.1556812902683158,1.1556812901973514,1.1556812901311204,1.155681290069674,1.155681290013059,1.1556812899613198,1.1556812899144961,1.1556812898726239,1.1556812898357351,1.1556812898038593,1.15568128977702,1.1556812897552384,1.155681289738531,1.1556812897269113,1.1556812897203876,1.1556812897189654,1.1556812897226452,1.1556812897314248,1.1556812897452973,1.1556812897642519,1.155681289788274,1.1556812898173447,1.1556812898514421,1.1556812898905398,1.1556812899346074,1.155681289983611,1.1556812900375129,1.1556812900962714,1.1556812901598412,1.1556812902281732,0.0,0.0,0.0,0.0,0.0,0.0,0.0,0.0,0.0,0.0,0.0,0.0,0.0,0.0,0.0,0.0,0.0,0.0,0.0,0.0,0.0,0.0,0.0,0.0,0.0,0.0,0.0,0.0,0.0,0.0,0.0
1.1556812920811808,1.1556812922235264,1.1556812923690416,1.1556812925176152,1.1556812926691316,1.155681292823474,1.1556812929805238,1.1556812931401592,1.1556812933022578,1.1556812934666938,1.1556812936333407,1.1556812938020697,1.155681293972751,1.1556812941452526,1.1556812943194414,1.155681294495183,1.155681294672342,1.1556812948507817,1.155681295030364,1.1556812952109512,1.1556812953924032,1.15568129557458,1.1556812957573417,1.1556812959405465,1.1556812961240535,1.155681296307721,1.1556812964914074,-1.1556813827021146,0.0,0.0,0.0,0.0,0.0,0.0,0.0,0.0,0.0,0.0,0.0,0.0,0.0,0.0,0.0,0.0,0.0,0.0,0.0,0.0,0.0,0.0,0.0,0.0,0.0,0.0,0.0,0.0,0.0,0.0,0.0,0.0,0.0,0.0,0.0,0.0,0.0,0.0,0.0,0.0,0.0,0.0,0.0,0.0,0.0,0.0,0.0,0.0,0.0,0.0,0.0,0.0,0.0,0.0,0.0,0.0,0.0,0.0,0.0,1.1556813028733293,1.1556813028437682,1.1556813028091828,1.1556813027696,1.1556813027250505,1.1556813026755683,1.1556813026211918,1.155681302561963,1.1556813024979273,1.1556813024291348,1.1556813023556378,1.1556813022774932,1.1556813021947616,1.1556813021075065,1.1556813020157954,1.1556813019196992,1.1556813018192915,1.1556813017146506,1.1556813016058562,1.1556813014929934,1.1556813013761482,1.1556813012554115,1.155681301130876,1.155681301002638,1.1556813008707967,1.1556813007354536,1.1556813005967126,1.1556813004546818,1.15568130030947,1.155681300161189,1.1556813000099542,1.1556812998558812,1.1556812996990897,1.1556812995397006,1.1556812993778365,1.1556812992136225,1.1556812990471852,1.1556812988786531,1.155681298708156,1.1556812985358258,1.1556812983617952,1.1556812981861986,1.1556812980091717,0.0,0.0,0.0,0.0,0.0,0.0,0.0,0.0,0.0,0.0,0.0,0.0,0.0,0.0,0.0,0.0,0.0,0.0,0.0,0.0,0.0,0.0,0.0,0.0,0.0,0.0,0.0,0.0,0.0,0.0,0.0,0.0,0.0,0.0,0.0,0.0,0.0,0.0,0.0,0.0,0.0,0.0,0.0,0.0,0.0,0.0,0.0,0.0,0.0,0.0,0.0,0.0,0.0,0.0,0.0,0.0,0.0,0.0,0.0,0.0,0.0,0.0,0.0,0.0,0.0,0.0,0.0,0.0,0.0,0.0,0.0,0.0,0.0,0.0,0.0,0.0,0.0,0.0,0.0,0.0,1.1556812903012148,1.1556812903789095,1.1556812904611973,1.155681290548015,1.1556812906392957,1.1556812907349683,1.1556812908349596,1.155681290939192,1.1556812910475855,1.1556812911600565,1.1556812912765175,1.1556812913968797,1.1556812915210497,1.1556812916489314,1.1556812917804267,1.1556812919154336,1.1556812920538482,1.1556812921955637,1.155681292340471,1.1556812924884579,1.1556812926394104,1.155681292793212,1.1556812929497442,1.155681293108886,1.1556812932705147,1.1556812934345055,1.1556812936007321,1.155681293769066,1.1556812939393775,1.1556812941115349,1.155681294285406
0.0,0.0,0.0,0.0,0.0,0.0,0.0,0.0,0.0,0.0,0.0,0.0,0.0,0.0,0.0,0.0,0.0,0.0,0.0,0.0,0.0,0.0,0.0,0.0,0.0,0.0,0.0,1.1556812966749708,1.1556812968582695,1.1556812970411627,1.1556812972235084,1.1556812974051667,1.1556812975859967,1.1556812977658593,1.155681297944616,1.1556812981221285,1.1556812982982596,1.1556812984728742,1.1556812986458365,1.1556812988170138,1.155681298986274,1.1556812991534862,1.1556812993185217,1.1556812994812529,1.1556812996415542,1.1556812997993025,1.1556812999543755,1.1556813001066537,1.1556813002560196,1.155681300402358,1.155681300545556,1.155681300685503,1.1556813008220912,1.1556813009552152,1.155681301084772,1.155681301210662,1.1556813013327876,1.1556813014510552,1.1556813015653735,1.1556813016756535,1.155681301781811,1.1556813018837637,1.155681301981433,1.1556813020747436,1.1556813021636234,1.1556813022480037,1.1556813023278196,1.1556813024030097,1.1556813024735155,1.155681302539283,1.155681302600261,1.1556813026564032,1.1556813027076658,1.1556813027540092,1.1556813027953978,1.1556813028317994,1.1556813028631865,1.155681302889534,1.1556813029108228,1.155681302927035,1.1556813029381594,1.1556813029441864,1.1556813029451123,1.1556813029409354,1.1556813029316597,1.1556813029172923,1.1556813028978439,0.0,0.0,0.0,0.0,0.0,0.0,0.0,0.0,0.0,0.0,0.0,0.0,0.0,0.0,0.0,0.0,0.0,0.0,0.0,0.0,0.0,0.0,0.0,0.0,0.0,0.0,0.0,0.0,0.0,0.0,0.0,0.0,0.0,0.0,0.0,0.0,0.0,0.0,0.0,0.0,0.0,0.0,0.0,0.0,0.0,0.0,0.0,0.0,0.0,0.0,0.0,0.0,0.0,0.0,0.0,0.0,0.0,0.0,0.0,0.0,0.0,0.0,0.0,0.0,0.0,0.0,0.0,0.0,0.0,0.0,0.0,0.0,0.0,0.0,0.0,0.0,0.0,0.0,0.0,0.0,0.0,0.0,0.0,0.0,0.0,0.0,0.0,0.0,0.0,0.0,0.0,0.0,0.0,0.0,0.0,0.0,0.0,0.0,0.0,0.0,0.0,0.0,0.0,0.0,0.0,0.0,0.0,0.0,0.0,0.0,0.0,0.0,0.0,0.0,0.0,0.0,0.0,0.0,0.0,0.0,0.0,0.0,0.0,0.0,0.0,0.0,0.0,0.0,0.0,0.0,0.0,0.0,0.0,0.0,0.0,0.0,0.0,0.0,0.0,0.0,0.0,0.0,0.0,0.0,0.0,0.0,0.0,0.0,0.0,0.0,0.0,0.0,0.0,0.0
0.0,0.0,0.0,0.0,0.0,0.0,0.0,0.0,0.0,0.0,0.0,0.0,0.0,0.0,0.0,0.0,0.0,0.0,0.0,0.0,0.0,0.0,0.0,0.0,0.0,0.0,0.0,0.0,0.0,0.0,0.0,0.0,0.0,0.0,0.0,0.0,0.0,0.0,0.0,0.0,0.0,0.0,0.0,0.0,0.0,0.0,0.0,0.0,0.0,0.0,0.0,0.0,0.0,0.0,0.0,0.0,0.0,0.0,0.0,0.0,0.0,0.0,0.0,0.0,0.0,0.0,0.0,0.0,0.0,0.0,0.0,0.0,0.0,0.0,0.0,0.0,0.0,0.0,0.0,0.0,0.0,0.0,0.0,0.0,0.0,0.0,0.0,0.0,0.0,0.0,0.0,0.0,0.0,0.0,0.0,0.0,0.0,0.0,0.0,0.0,0.0,0.0,0.0,0.0,0.0,0.0,0.0,0.0,0.0,0.0,0.0,0.0,0.0,0.0,0.0,0.0,0.0,0.0,0.0,0.0,0.0,0.0,0.0,0.0,0.0,1.1647800578000478,1.1647800576389862,1.164780057477966,1.1647800573171123,1.1647800571565485,1.164780056996399,1.1647800568367868,1.1647800566778352,1.1647800565196673,1.1647800563624047,1.1647800562061688,1.1647800560510801,1.1647800558972587,1.1647800557448225,1.1647800555938899,1.1647800554445769,1.1647800552969985,1.1647800551512693,1.164780055007501,1.1647800548658047,1.16478005472629,1.1647800545890648,1.164780054454234,1.164780054321903,1.1647800541921725,1.164780054065143,1.164780053940913,1.164780053819578,1.1647800537012316,1.1647800535859651,1.1647800534738681,1.1647800533650259,1.1647800532595234,1.1647800531574415,1.1647800530588595,1.1647800529638528,1.1647800528724952,1.1647800527848569,1.1647800527010055,1.164780052621006,1.1647800525449197,1.1647800524728058,1.1647800524047194,1.1647800523407137,1.1647800522808376,1.1647800522251373,1.1647800521736558,1.164780052126433,1.1647800520835052,1.1647800520449056,1.164780052010664,1.1647800519808065,1.1647800519553566,1.1647800519343336,1.1647800519177542,1.1647800519056304,1.1647800518979723,1.164780051894785,1.1647800518960723,1.1647800519018316,1.1647800519120595,1.164780051926748,1.1647800519458853,1.164780051969457,1.1647800519974452,1.1647800520298277,1.1647800520665794,1.1647800521076728,1.1647800521530756,1.164780052202753,1.1647800522566663,1.1647800523147742,1.1647800523770317,1.1647800524433911,1.1647800525138008,1.1647800525882068,1.1647800526665517,1.1647800527487746,1.1647800528348125,1.164780052924599,1.1647800530180645,1.164780053115137,1.1647800532157417,1.1647800533198014,1.164780053427235,1.16478005353796,1.164780053651891,1.1647800537689401,1.164780053889017,1.1647800540120288,0.0,0.0,0.0,0.0,0.0,0.0,0.0,0.0,0.0,0.0,0.0,0.0,0.0,0.0,0.0,0.0,0.0,0.0,0.0,0.0,0.0,0.0,0.0,0.0,0.0,0.0
1.1647800557099592,1.1647800558620596,1.1647800560155728,1.1647800561703807,1.164780056326363,1.1647800564834,1.1647800566413709,1.1647800568001527,1.1647800569596238,1.1647800571196605,1.1647800572801401,1.1647800574409384,1.164780057601931,1.164780057762994,1.164780057924003,1.1647800580848344,1.1647800582453633,1.164780058405466,1.1647800585650192,1.1647800587239,1.1647800588819852,1.1647800590391533,1.1647800591952826,1.1647800593502533,1.164780059503945,1.1647800596562399,1.1647800598070202,1.1647800599561693,1.1647800601035725,1.1647800602491158,1.1647800603926874,1.1647800605341758,1.1647800606734722,1.1647800608104693,1.1647800609450611,0.0,0.0,0.0,0.0,0.0,0.0,0.0,0.0,0.0,0.0,0.0,0.0,0.0,0.0,0.0,0.0,0.0,0.0,0.0,0.0,0.0,0.0,0.0,0.0,0.0,0.0,0.0,0.0,0.0,0.0,0.0,0.0,0.0,0.0,0.0,0.0,0.0,0.0,0.0,0.0,0.0,0.0,0.0,0.0,1.1647800632744,1.1647800632285799,1.1647800631784884,1.164780063124165,1.1647800630656509,1.1647800630029919,1.164780062936236,1.1647800628654348,1.164780062790643,1.164780062711918,1.164780062629321,1.164780062542915,1.1647800624527676,1.1647800623589477,1.1647800622615279,1.1647800621605833,1.164780062056192,1.1647800619484343,1.1647800618373931,1.1647800617231547,1.164780061605807,1.1647800614854404,1.1647800613621475,1.1647800612360244,1.1647800611071675,1.1647800609756762,1.1647800608416525,1.1647800607051995,1.1647800605664227,1.164780060425429,1.164780060282327,1.1647800601372276,1.164780059990242,1.1647800598414846,1.1647800596910691,1.1647800595391125,1.1647800593857314,1.1647800592310447,1.1647800590751713,1.1647800589182313,1.1647800587603463,1.164780058601638,1.1647800584422288,1.1647800582822412,1.1647800581217995,1.164780057961027,0.0,0.0,0.0,0.0,0.0,0.0,0.0,0.0,0.0,0.0,0.0,0.0,0.0,0.0,0.0,0.0,0.0,0.0,0.0,0.0,0.0,0.0,0.0,0.0,0.0,0.0,0.0,0.0,0.0,0.0,0.0,0.0,0.0,0.0,0.0,0.0,0.0,0.0,0.0,0.0,0.0,0.0,0.0,0.0,0.0,0.0,0.0,0.0,0.0,0.0,0.0,0.0,0.0,0.0,0.0,0.0,0.0,0.0,0.0,0.0,0.0,0.0,0.0,0.0,0.0,0.0,0.0,0.0,0.0,0.0,0.0,0.0,0.0,0.0,0.0,0.0,0.0,0.0,0.0,0.0,0.0,0.0,0.0,0.0,0.0,0.0,0.0,0.0,0.0,0.0,1.1647800541378812,1.1647800542664761,1.1647800543977154,1.1647800545314972,1.164780054667718,1.1647800548062737,1.1647800549470566,1.1647800550899579,1.164780055234868,1.1647800553816745,1.1647800555302648,1.1647800556805237,1.1647800558323356,1.164780055985583,1.1647800561401482,1.1647800562959114,1.1647800564527526,1.1647800566105508,1.1647800567691844,1.1647800569285311,1.1647800570884674,1.1647800572488707,1.1647800574096163,1.164780057570581,1.1647800577316403,1.1647800578926695
0.0,0.0,0.0,0.0,0.0,0.0,0.0,0.0,0.0,0.0,0.0,0.0,0.0,0.0,0.0,0.0,0.0,0.0,0.0,0.0,0.0,0.0,0.0,0.0,0.0,0.0,0.0,0.0,0.0,0.0,0.0,0.0,0.0,0.0,0.0,1.164780061077144,1.1647800612066161,1.164780061333377,1.1647800614573292,1.1647800615783774,1.164780061696428,1.1647800618113897,1.164780061923174,1.1647800620316948,1.1647800621368678,1.1647800622386124,1.1647800623368498,1.1647800624315043,1.164780062522503,1.164780062609776,1.164780062693255,1.1647800627728764,1.1647800628485783,1.1647800629203025,1.1647800629879939,1.1647800630516,1.1647800631110716,1.164780063166363,1.1647800632174319,1.164780063264238,1.164780063306746,1.1647800633449226,1.1647800633787386,1.164780063408168,1.1647800634331877,1.1647800634537788,1.1647800634699252,1.1647800634816148,1.164780063488838,1.1647800634915895,1.164780063489867,1.1647800634836722,1.1647800634730099,1.164780063457888,1.1647800634383183,1.164780063414316,1.1647800633858991,1.16478006335309,1.1647800633159142,0.0,0.0,0.0,0.0,0.0,0.0,0.0,0.0,0.0,0.0,0.0,0.0,0.0,0.0,0.0,0.0,0.0,0.0,0.0,0.0,0.0,0.0,0.0,0.0,0.0,0.0,0.0,0.0,0.0,0.0,0.0,0.0,0.0,0.0,0.0,0.0,0.0,0.0,0.0,0.0,0.0,0.0,0.0,0.0,0.0,0.0,0.0,0.0,0.0,0.0,0.0,0.0,0.0,0.0,0.0,0.0,0.0,0.0,0.0,0.0,0.0,0.0,0.0,0.0,0.0,0.0,0.0,0.0,0.0,0.0,0.0,0.0,0.0,0.0,0.0,0.0,0.0,0.0,0.0,0.0,0.0,0.0,0.0,0.0,0.0,0.0,0.0,0.0,0.0,0.0,0.0,0.0,0.0,0.0,0.0,0.0,0.0,0.0,0.0,0.0,0.0,0.0,0.0,0.0,0.0,0.0,0.0,0.0,0.0,0.0,0.0,0.0,0.0,0.0,0.0,0.0,0.0,0.0,0.0,0.0,0.0,0.0,0.0,0.0,0.0,0.0,0.0,0.0,0.0,0.0,0.0,0.0,0.0,0.0,0.0,0.0,0.0,0.0,0.0,0.0,0.0,0.0,0.0,0.0,0.0,0.0,0.0,0.0,0.0,0.0,0.0,0.0,0.0,0.0,0.0,0.0,0.0,0.0,0.0,0.0,0.0,0.0
0.0,0.0,0.0,0.0,0.0,0.0,0.0,0.0,0.0,0.0,0.0,0.0,0.0,0.0,0.0,0.0,0.0,0.0,0.0,0.0,0.0,0.0,0.0,0.0,0.0,0.0,0.0,0.0,0.0,0.0,0.0,0.0,0.0,0.0,0.0,0.0,0.0,0.0,0.0,0.0,0.0,0.0,0.0,0.0,0.0,0.0,0.0,0.0,0.0,0.0,0.0,0.0,0.0,0.0,0.0,0.0,0.0,0.0,0.0,0.0,0.0,0.0,0.0,0.0,0.0,0.0,0.0,0.0,0.0,0.0,0.0,0.0,0.0,0.0,0.0,0.0,0.0,0.0,0.0,0.0,0.0,0.0,0.0,0.0,0.0,0.0,0.0,0.0,0.0,0.0,0.0,0.0,0.0,0.0,0.0,0.0,0.0,0.0,0.0,0.0,0.0,0.0,0.0,0.0,0.0,0.0,0.0,0.0,0.0,0.0,0.0,0.0,0.0,0.0,0.0,0.0,0.0,0.0,0.0,0.0,0.0,1.1738736151934714,1.1738736150562326,1.1738736149199531,1.1738736147847377,1.173873614650691,1.1738736145179163,1.1738736143865163,1.173873614256592,1.1738736141282435,1.1738736140015704,1.1738736138766703,1.1738736137536394,1.1738736136325725,1.173873613513563,1.1738736133967034,1.1738736132820828,1.1738736131697907,1.173873613059913,1.173873612952535,1.173873612847739,1.173873612745606,1.1738736126462148,1.1738736125496427,1.1738736124559632,1.1738736123652493,1.1738736122775708,1.1738736121929951,1.1738736121115882,1.173873612033412,1.1738736119585274,1.1738736118869917,1.1738736118188609,1.1738736117541866,1.1738736116930193,1.173873611635406,1.1738736115813913,1.1738736115310167,1.1738736114843211,1.1738736114413406,1.1738736114021082,1.1738736113666544,1.1738736113350066,1.173873611307189,1.1738736112832227,1.1738736112631272,1.1738736112469172,1.1738736112346055,1.1738736112262016,1.1738736112217116,1.1738736112211396,1.1738736112244856,1.1738736112317474,1.1738736112429187,1.1738736112579917,1.1738736112769539,1.1738736112997916,1.1738736113264867,1.1738736113570187,1.1738736113913635,1.1738736114294954,1.1738736114713848,1.173873611516999,1.1738736115663033,1.1738736116192592,1.1738736116758264,1.1738736117359607,1.1738736117996158,1.1738736118667428,1.1738736119372897,1.1738736120112025,1.1738736120884234,1.1738736121688935,1.1738736122525506,1.1738736123393299,1.1738736124291644,1.173873612521985,1.1738736126177203,1.1738736127162963,1.1738736128176366,1.1738736129216631,1.1738736130282956,1.1738736131374525,1.1738736132490484,1.173873613362998,1.173873613479213,1.1738736135976042,1.1738736137180796,1.173873613840547,1.173873613964911,1.1738736140910766,1.173873614218946,1.1738736143484203,1.1738736144794,1.1738736146117839,1.1738736147454698,1.1738736148803546,1.1738736150163342,1.173873615153304,1.1738736152911577,0.0,0.0,0.0,0.0,0.0,0.0,0.0,0.0,0.0,0.0,0.0,0.0,0.0,0.0,0.0,0.0,0.0,0.0,0.0,0.0,0.0
1.1738736162993553,1.1738736164404053,1.173873616581347,1.173873616722071,1.1738736168624684,1.1738736170024315,1.1738736171418525,1.1738736172806232,1.1738736174186368,1.173873617555787,1.173873617691967,1.1738736178270734,1.173873617961001,1.1738736180936464,1.1738736182249072,1.1738736183546825,1.1738736184828722,1.173873618609377,1.1738736187340995,1.1738736188569434,1.1738736189778138,1.1738736190966181,1.1738736192132642,1.1738736193276615,1.1738736194397223,1.1738736195493606,1.173873619656491,1.1738736197610316,1.1738736198629007,1.173873619962021,1.1738736200583149,1.1738736201517086,1.1738736202421303,1.1738736203295097,1.1738736204137794,1.173873620494875,1.1738736205727331,1.1738736206472944,1.173873620718501,1.1738736207862976,1.1738736208506326,1.1738736209114564,1.173873620968721,0.0,0.0,0.0,0.0,0.0,0.0,0.0,0.0,0.0,0.0,0.0,0.0,0.0,0.0,0.0,0.0,0.0,0.0,0.0,0.0,0.0,0.0,0.0,0.0,0.0,0.0,0.0,0.0,1.1738736209741032,1.1738736209171874,1.1738736208567082,1.173873620792713,1.1738736207252505,1.1738736206543736,1.1738736205801366,1.1738736205025966,1.1738736204218132,1.1738736203378497,1.17387362025077,1.1738736201606417,1.1738736200675342,1.1738736199715192,1.173873619872671,1.1738736197710655,1.1738736196667816,1.1738736195598998,1.173873619450502,1.1738736193386727,1.1738736192244992,1.173873619108068,1.1738736189894703,1.1738736188687966,1.1738736187461405,1.1738736186215968,1.1738736184952612,1.1738736183672314,1.173873618237606,1.173873618106485,1.1738736179739702,1.173873617840163,1.1738736177051667,1.1738736175690863,1.1738736174320261,1.1738736172940918,1.1738736171553903,1.1738736170160278,1.1738736168761128,1.1738736167357526,1.1738736165950556,1.1738736164541308,1.1738736163130863,1.1738736161720313,1.1738736160310745,1.1738736158903247,1.1738736157498906,1.1738736156098803,1.1738736154704021,1.1738736153315632,0.0,0.0,0.0,0.0,0.0,0.0,0.0,0.0,0.0,0.0,0.0,0.0,0.0,0.0,0.0,0.0,0.0,0.0,0.0,0.0,0.0,0.0,0.0,0.0,0.0,0.0,0.0,0.0,0.0,0.0,0.0,0.0,0.0,0.0,0.0,0.0,0.0,0.0,0.0,0.0,0.0,0.0,0.0,0.0,0.0,0.0,0.0,0.0,0.0,0.0,0.0,0.0,0.0,0.0,0.0,0.0,0.0,0.0,0.0,0.0,0.0,0.0,0.0,0.0,0.0,0.0,0.0,0.0,0.0,0.0,0.0,0.0,0.0,0.0,0.0,0.0,0.0,0.0,0.0,0.0,0.0,0.0,0.0,0.0,0.0,0.0,0.0,0.0,0.0,0.0,0.0,0.0,0.0,0.0,0.0,0.0,0.0,0.0,0.0,1.1738736154297893,1.173873615569092,1.173873615708958,1.1738736158492797,1.1738736159899483,1.1738736161308558,1.1738736162718937,1.1738736164129524,1.1738736165539234,1.1738736166946981,1.1738736168351678,1.1738736169752242,1.1738736171147588,1.1738736172536646,1.1738736173918338,1.1738736175291604,1.173873617665538,1.1738736178008613,1.1738736179350266,1.1738736180679294,1.1738736181994678
0.0,0.0,0.0,0.0,0.0,0.0,0.0,0.0,0.0,0.0,0.0,0.0,0.0,0.0,0.0,0.0,0.0,0.0,0.0,0.0,0.0,0.0,0.0,0.0,0.0,0.0,0.0,0.0,0.0,0.0,0.0,0.0,0.0,0.0,0.0,0.0,0.0,0.0,0.0,0.0,0.0,0.0,0.0,1.1738736210223832,1.1738736210724015,1.173873621118737,1.173873621161354,1.1738736212002199,1.1738736212353045,1.1738736212665806,1.1738736212940242,1.1738736213176142,1.1738736213373322,1.1738736213531633,1.173873621365095,1.1738736213731185,1.173873621377227,1.1738736213774177,1.1738736213736902,1.173873621366048,1.1738736213544962,1.173873621339044,1.1738736213197039,1.1738736212964898,1.1738736212694205,1.1738736212385164,1.1738736212038015,1.1738736211653025,1.1738736211230492,1.173873621077074,1.1738736210274128,0.0,0.0,0.0,0.0,0.0,0.0,0.0,0.0,0.0,0.0,0.0,0.0,0.0,0.0,0.0,0.0,0.0,0.0,0.0,0.0,0.0,0.0,0.0,0.0,0.0,0.0,0.0,0.0,0.0,0.0,0.0,0.0,0.0,0.0,0.0,0.0,0.0,0.0,0.0,0.0,0.0,0.0,0.0,0.0,0.0,0.0,0.0,0.0,0.0,0.0,0.0,0.0,0.0,0.0,0.0,0.0,0.0,0.0,0.0,0.0,0.0,0.0,0.0,0.0,0.0,0.0,0.0,0.0,0.0,0.0,0.0,0.0,0.0,0.0,0.0,0.0,0.0,0.0,0.0,0.0,0.0,0.0,0.0,0.0,0.0,0.0,0.0,0.0,0.0,0.0,0.0,0.0,0.0,0.0,0.0,0.0,0.0,0.0,0.0,0.0,0.0,0.0,0.0,0.0,0.0,0.0,0.0,0.0,0.0,0.0,0.0,0.0,0.0,0.0,0.0,0.0,0.0,0.0,0.0,0.0,0.0,0.0,0.0,0.0,0.0,0.0,0.0,0.0,0.0,0.0,0.0,0.0,0.0,0.0,0.0,0.0,0.0,0.0,0.0,0.0,0.0,0.0,0.0,0.0,0.0,0.0,0.0,0.0,0.0,0.0,0.0,0.0,0.0,0.0,0.0,0.0,0.0,0.0,0.0,0.0,0.0,0.0,0.0,0.0,0.0,0.0,0.0,0.0,0.0,0.0
0.0,0.0,0.0,0.0,0.0,0.0,0.0,0.0,0.0,0.0,0.0,0.0,0.0,0.0,0.0,0.0,0.0,0.0,0.0,0.0,0.0,0.0,0.0,0.0,0.0,0.0,0.0,0.0,0.0,0.0,0.0,0.0,0.0,0.0,0.0,0.0,0.0,0.0,0.0,0.0,0.0,0.0,0.0,0.0,0.0,0.0,0.0,0.0,0.0,0.0,0.0,0.0,0.0,0.0,0.0,0.0,0.0,0.0,0.0,0.0,0.0,0.0,0.0,0.0,0.0,0.0,0.0,0.0,0.0,0.0,0.0,0.0,0.0,0.0,0.0,0.0,0.0,0.0,0.0,0.0,0.0,0.0,0.0,0.0,0.0,0.0,0.0,0.0,0.0,0.0,0.0,0.0,0.0,0.0,0.0,0.0,0.0,0.0,0.0,0.0,0.0,0.0,0.0,0.0,0.0,0.0,0.0,0.0,0.0,0.0,0.0,0.0,0.0,0.0,0.0,0.0,0.0,0.0,1.1829619334723733,1.1829619333640182,1.1829619332573462,1.1829619331524384,1.1829619330493768,1.18296193294824,1.182961932849107,1.1829619327520537,1.182961932657155,1.1829619325644842,1.1829619324741127,1.1829619323861107,1.1829619323005451,1.1829619322174831,1.182961932136988,1.1829619320591223,1.1829619319839462,1.182961931911517,1.182961931841891,1.1829619317751219,1.1829619317112614,1.1829619316503588,1.1829619315924607,1.1829619315376116,1.1829619314858548,1.1829619314372293,1.182961931391773,1.182961931349521,1.182961931310506,1.1829619312747575,1.1829619312423036,1.1829619312131694,1.1829619311873771,1.182961931164947,1.1829619311458959,1.1829619311302388,1.1829619311179875,1.1829619311091517,1.1829619311037383,1.1829619311017516,1.1829619311031923,1.1829619311080601,1.1829619311163515,1.182961931128059,1.1829619311431747,1.1829619311616861,1.1829619311835793,1.1829619312088373,1.1829619312374409,1.1829619312693676,1.1829619313045927,1.1829619313430897,1.1829619313848285,1.1829619314297766,1.1829619314778996,1.1829619315291604,1.1829619315835198,1.182961931640935,1.1829619317013624,1.182961931764755,1.1829619318310642,1.182961931900239,1.1829619319722249,1.182961932046968,1.1829619321244091,1.1829619322044898,1.1829619322871472,1.1829619323723182,1.1829619324599367,1.1829619325499352,1.182961932642245,1.1829619327367935,1.1829619328335086,1.1829619329323156,1.1829619330331382,1.1829619331358987,1.1829619332405177,1.1829619333469144,1.1829619334550066,1.1829619335647117,1.1829619336759443,1.1829619337886186,1.1829619339026476,1.182961934017944,1.1829619341344182,1.1829619342519804,1.1829619343705404,1.1829619344900058,1.1829619346102853,1.1829619347312859,1.1829619348529137,1.1829619349750755,1.1829619350976766,1.1829619352206227,1.182961935343819,1.18296193546717,1.1829619355905812,1.1829619357139567,1.1829619358372019,1.1829619359602213,1.18296193608292,1.1829619362052037,1.1829619363269774,1.1829619364481476,1.182961936568621,0.0,0.0,0.0,0.0,0.0,0.0,0.0,0.0,0.0,0.0,0.0,0.0,0.0,0.0,0.0,0.0,0.0,0.0
1.182961937064293,1.1829619371796645,1.182961937293775,1.1829619374065357,1.1829619375178604,1.182961937627662,1.1829619377358567,1.182961937842361,1.1829619379470924,1.18296193804997,1.182961938150915,1.182961938249849,1.182961938346696,1.1829619384413812,1.1829619385338312,1.1829619386239751,1.182961938711743,1.1829619387970676,1.1829619388798827,1.1829619389601242,1.1829619390377308,1.1829619391126422,1.1829619391848012,1.1829619392541515,1.1829619393206394,1.1829619393842141,1.1829619394448267,1.1829619395024298,1.1829619395569795,1.1829619396084334,1.1829619396567521,1.1829619397018978,1.182961939743836,1.1829619397825346,1.1829619398179636,1.1829619398500952,1.1829619398789053,1.182961939904371,1.1829619399264732,1.1829619399451947,1.1829619399605205,1.1829619399724396,1.1829619399809426,1.1829619399860223,1.1829619399876758,1.182961939985901,1.1829619399806999,1.1829619399720759,1.182961939960036,1.1829619399445896,1.1829619399257483,1.1829619399035265,1.182961939877942,1.1829619398490143,1.182961939816765,1.1829619397812203,1.1829619397424065,1.182961939700354,1.1829619396550954,1.182961939606665,1.1829619395551008,1.1829619395004423,1.1829619394427318,1.1829619393820134,1.1829619393183348,1.1829619392517443,1.182961939182294,1.1829619391100368,1.1829619390350288,1.182961938957328,1.182961938876994,1.1829619387940888,1.1829619387086767,1.1829619386208237,1.182961938530597,1.1829619384380667,1.1829619383433039,1.1829619382463816,1.182961938147375,1.18296193804636,1.1829619379434155,1.18296193783862,1.1829619377320546,1.1829619376238014,1.1829619375139442,1.1829619374025675,1.1829619372897573,1.1829619371756008,1.182961937060186,1.1829619369436022,1.1829619368259388,1.1829619367072868,1.182961936587738,1.1829619364673842,1.1829619363463184,1.1829619362246344,1.1829619361024257,1.182961935979787,1.1829619358568122,1.1829619357335965,1.1829619356102357,1.182961935486824,1.1829619353634566,1.1829619352402294,1.182961935117237,1.1829619349945746,1.1829619348723364,1.1829619347506173,1.1829619346295106,1.1829619345091102,1.1829619343895088,1.1829619342707984,1.1829619341530713,1.1829619340364177,1.182961933920928,1.182961933806691,1.182961933693795,1.1829619335823272,0.0,0.0,0.0,0.0,0.0,0.0,0.0,0.0,0.0,0.0,0.0,0.0,0.0,0.0,0.0,0.0,0.0,0.0,0.0,0.0,0.0,0.0,0.0,0.0,0.0,0.0,0.0,0.0,0.0,0.0,0.0,0.0,0.0,0.0,0.0,0.0,0.0,0.0,0.0,0.0,0.0,0.0,0.0,0.0,0.0,0.0,0.0,0.0,0.0,0.0,0.0,0.0,0.0,0.0,0.0,0.0,0.0,0.0,0.0,0.0,0.0,0.0,0.0,0.0,0.0,0.0,0.0,0.0,0.0,0.0,0.0,0.0,0.0,0.0,0.0,0.0,0.0,0.0,0.0,0.0,0.0,0.0,0.0,0.0,0.0,0.0,0.0,0.0,0.0,0.0,0.0,0.0,0.0,0.0,0.0,0.0,0.0,0.0,0.0,0.0,0.0,0.0,0.0,0.0,0.0,1.1829619366883044,1.1829619368071054,1.1829619369249322,1.1829619370416944,1.1829619371573012,1.182961937271664,1.1829619373846945,1.182961937496305,1.1829619376064102,1.1829619377149245,1.182961937821764,1.1829619379268472,1.182961938030092,1.1829619381314191,1.182961938230751,1.18296193832801,1.1829619384231216,1.1829619385160124
0.0,0.0,0.0,0.0,0.0,0.0,0.0,0.0,0.0,0.0,0.0,0.0,0.0,0.0,0.0,0.0,0.0,0.0,0.0,0.0,0.0,0.0,0.0,0.0,0.0,0.0,0.0,0.0,0.0,0.0,0.0,0.0,0.0,0.0,0.0,0.0,0.0,0.0,0.0,0.0,0.0,0.0,0.0,0.0,0.0,0.0,0.0,0.0,0.0,0.0,0.0,0.0,0.0,0.0,0.0,0.0,0.0,0.0,0.0,0.0,0.0,0.0,0.0,0.0,0.0,0.0,0.0,0.0,0.0,0.0,0.0,0.0,0.0,0.0,0.0,0.0,0.0,0.0,0.0,0.0,0.0,0.0,0.0,0.0,0.0,0.0,0.0,0.0,0.0,0.0,0.0,0.0,0.0,0.0,0.0,0.0,0.0,0.0,0.0,0.0,0.0,0.0,0.0,0.0,0.0,0.0,0.0,0.0,0.0,0.0,0.0,0.0,0.0,0.0,0.0,0.0,0.0,0.0,0.0,0.0,0.0,0.0,0.0,0.0,0.0,0.0,0.0,0.0,0.0,0.0,0.0,0.0,0.0,0.0,0.0,0.0,0.0,0.0,0.0,0.0,0.0,0.0,0.0,0.0,0.0,0.0,0.0,0.0,0.0,0.0,0.0,0.0,0.0,0.0,0.0,0.0,0.0,0.0,0.0,0.0,0.0,0.0,0.0,0.0,0.0,0.0,0.0,0.0,0.0,0.0,0.0,0.0,0.0,0.0,0.0,0.0,0.0,0.0,0.0,0.0,0.0,0.0,0.0,0.0,0.0,0.0,0.0,0.0,0.0,0.0,0.0,0.0,0.0,0.0,0.0,0.0,0.0,0.0,0.0,0.0,0.0,0.0,0.0,0.0,0.0,0.0,0.0,0.0,0.0,0.0,0.0,0.0,0.0,0.0,0.0,0.0,0.0,0.0,0.0,0.0,0.0,0.0,0.0,0.0,0.0,0.0,0.0,0.0,0.0,0.0,0.0,0.0,0.0,0.0,0.0,0.0,0.0,0.0,0.0,0.0,0.0
0.0,0.0,0.0,0.0,0.0,0.0,0.0,0.0,0.0,0.0,0.0,0.0,0.0,0.0,0.0,0.0,0.0,0.0,0.0,0.0,0.0,0.0,0.0,0.0,0.0,0.0,0.0,0.0,0.0,0.0,0.0,0.0,0.0,0.0,0.0,0.0,0.0,0.0,0.0,0.0,0.0,0.0,0.0,0.0,0.0,0.0,0.0,0.0,0.0,0.0,0.0,0.0,0.0,0.0,0.0,0.0,0.0,0.0,0.0,0.0,0.0,0.0,0.0,0.0,0.0,0.0,0.0,0.0,0.0,0.0,0.0,0.0,0.0,0.0,0.0,0.0,0.0,0.0,0.0,0.0,0.0,0.0,0.0,0.0,0.0,0.0,0.0,0.0,0.0,0.0,0.0,0.0,0.0,0.0,0.0,0.0,0.0,0.0,0.0,0.0,0.0,0.0,0.0,0.0,0.0,0.0,0.0,0.0,0.0,0.0,0.0,0.0,0.0,0.0,0.0,0.0,1.1920449762090393,1.192044976133333,1.1920449760597893,1.1920449759884648,1.1920449759194143,1.192044975852692,1.1920449757883487,1.1920449757264342,1.1920449756669962,1.1920449756100806,1.1920449755557316,1.1920449755039906,1.1920449754548978,1.1920449754084914,1.1920449753648066,1.192044975323877,1.192044975285735,1.1920449752504096,1.192044975217928,1.192044975188315,1.1920449751615942,1.1920449751377855,1.1920449751169078,1.1920449750989766,1.192044975084006,1.192044975072008,1.1920449750629913,1.1920449750569628,1.1920449750539277,1.1920449750538882,1.192044975056844,1.1920449750627926,1.1920449750717301,1.1920449750836495,1.1920449750985411,1.1920449751163942,1.192044975137194,1.192044975160925,1.1920449751875692,1.1920449752171056,1.1920449752495113,1.1920449752847617,1.1920449753228295,1.192044975363685,1.1920449754072973,1.1920449754536322,1.192044975502654,1.1920449755543252,1.192044975608606,1.1920449756654539,1.1920449757248255,1.192044975786675,1.1920449758509544,1.1920449759176146,1.1920449759866034,1.1920449760578682,1.1920449761313539,1.1920449762070038,1.1920449762847594,1.1920449763645606,1.1920449764463463,1.1920449765300531,1.1920449766156163,1.19204497670297,1.1920449767920467,1.1920449768827779,1.1920449769750936,1.1920449770689223,1.1920449771641919,1.1920449772608286,1.192044977358758,1.1920449774579043,1.1920449775581916,1.1920449776595419,1.1920449777618776,1.192044977865119,1.192044977969187,1.1920449780740014,1.1920449781794806,1.1920449782855442,1.1920449783921094,1.1920449784990945,1.1920449786064173,1.1920449787139944,1.1920449788217429,1.19204497892958,1.192044979037422,1.192044979145186,1.1920449792527887,1.1920449793601473,1.1920449794671786,1.1920449795738006,1.1920449796799304,1.1920449797854868,1.1920449798903878,1.1920449799945527,1.192044980097901,1.192044980200353,1.1920449803018298,1.1920449804022528,1.1920449805015447,1.1920449805996292,1.1920449806964297,1.1920449807918727,1.192044980885884,1.1920449809783906,1.192044981069322,1.1920449811586076,1.1920449812461782,0.0,0.0,0.0,0.0,0.0,0.0,0.0,0.0,0.0,0.0,0.0,0.0,0.0,0.0,0.0,0.0
1.1920449814320273,1.1920449815136742,1.192044981593333,1.1920449816709415,1.1920449817464398,1.1920449818197698,1.1920449818908758,1.1920449819597014,1.1920449820261945,1.1920449820903034,1.1920449821519792,1.1920449822111734,1.1920449822678412,1.1920449823219381,1.1920449823734232,1.1920449824222559,1.1920449824683992,1.1920449825118173,1.1920449825524766,1.1920449825903459,1.1920449826253956,1.1920449826575992,1.1920449826869315,1.1920449827133697,1.192044982736894,1.1920449827574857,1.1920449827751294,1.1920449827898107,1.192044982801519,1.1920449828102453,1.1920449828159825,1.192044982818726,1.192044982818474,1.192044982815227,1.1920449828089867,1.1920449827997586,1.19204498278755,1.1920449827723694,1.192044982754229,1.1920449827331432,1.1920449827091275,1.1920449826822013,1.1920449826523845,1.1920449826197004,1.1920449825841746,1.1920449825458341,1.1920449825047088,1.1920449824608301,1.1920449824142318,1.1920449823649506,1.1920449823130232,1.192044982258491,1.1920449822013954,1.1920449821417807,1.1920449820796928,1.1920449820151793,1.1920449819482903,1.1920449818790775,1.192044981807594,1.1920449817338952,1.1920449816580378,1.1920449815800802,1.192044981500083,1.1920449814181078,1.1920449813342175,1.192044981248477,1.1920449811609524,1.1920449810717118,1.1920449809808236,1.1920449808883573,1.192044980794385,1.1920449806989795,1.1920449806022135,1.1920449805041622,1.1920449804049014,1.1920449803045072,1.1920449802030573,1.1920449801006303,1.1920449799973045,1.1920449798931607,1.1920449797882782,1.1920449796827381,1.1920449795766224,1.1920449794700125,1.1920449793629908,1.1920449792556398,1.1920449791480425,1.1920449790402814,1.1920449789324405,1.1920449788246024,1.1920449787168506,1.1920449786092677,1.1920449785019374,1.192044978394942,1.1920449782883644,1.1920449781822866,1.1920449780767908,1.1920449779719582,1.192044977867869,1.1920449777646045,1.1920449776622437,1.1920449775608664,1.19204497746055,1.1920449773613724,1.1920449772634096,1.1920449771667376,1.192044977071431,1.1920449769775632,1.1920449768852062,1.192044976794432,1.1920449767053107,1.1920449766179104,1.192044976532299,1.1920449764485421,1.1920449763667047,1.19204497628685,0.0,0.0,0.0,0.0,0.0,0.0,0.0,0.0,0.0,0.0,0.0,0.0,0.0,0.0,0.0,0.0,0.0,0.0,0.0,0.0,0.0,0.0,0.0,0.0,0.0,0.0,0.0,0.0,0.0,0.0,0.0,0.0,0.0,0.0,0.0,0.0,0.0,0.0,0.0,0.0,0.0,0.0,0.0,0.0,0.0,0.0,0.0,0.0,0.0,0.0,0.0,0.0,0.0,0.0,0.0,0.0,0.0,0.0,0.0,0.0,0.0,0.0,0.0,0.0,0.0,0.0,0.0,0.0,0.0,0.0,0.0,0.0,0.0,0.0,0.0,0.0,0.0,0.0,0.0,0.0,0.0,0.0,0.0,0.0,0.0,0.0,0.0,0.0,0.0,0.0,0.0,0.0,0.0,0.0,0.0,0.0,0.0,0.0,0.0,0.0,0.0,0.0,0.0,0.0,0.0,0.0,0.0,0.0,0.0,1.192044981331967,1.1920449814159069,1.1920449814979341,1.1920449815779848,1.1920449816559968,1.1920449817319108,1.1920449818056675,1.1920449818772105,1.1920449819464844,1.1920449820134356,1.1920449820780126,1.1920449821401657,1.1920449821998467,1.1920449822570096,1.1920449823116104,1.1920449823636072
0.0,0.0,0.0,0.0,0.0,0.0,0.0,0.0,0.0,0.0,0.0,0.0,0.0,0.0,0.0,0.0,0.0,0.0,0.0,0.0,0.0,0.0,0.0,0.0,0.0,0.0,0.0,0.0,0.0,0.0,0.0,0.0,0.0,0.0,0.0,0.0,0.0,0.0,0.0,0.0,0.0,0.0,0.0,0.0,0.0,0.0,0.0,0.0,0.0,0.0,0.0,0.0,0.0,0.0,0.0,0.0,0.0,0.0,0.0,0.0,0.0,0.0,0.0,0.0,0.0,0.0,0.0,0.0,0.0,0.0,0.0,0.0,0.0,0.0,0.0,0.0,0.0,0.0,0.0,0.0,0.0,0.0,0.0,0.0,0.0,0.0,0.0,0.0,0.0,0.0,0.0,0.0,0.0,0.0,0.0,0.0,0.0,0.0,0.0,0.0,0.0,0.0,0.0,0.0,0.0,0.0,0.0,0.0,0.0,0.0,0.0,0.0,0.0,0.0,0.0,0.0,0.0,0.0,0.0,0.0,0.0,0.0,0.0,0.0,0.0,0.0,0.0,0.0,0.0,0.0,0.0,0.0,0.0,0.0,0.0,0.0,0.0,0.0,0.0,0.0,0.0,0.0,0.0,0.0,0.0,0.0,0.0,0.0,0.0,0.0,0.0,0.0,0.0,0.0,0.0,0.0,0.0,0.0,0.0,0.0,0.0,0.0,0.0,0.0,0.0,0.0,0.0,0.0,0.0,0.0,0.0,0.0,0.0,0.0,0.0,0.0,0.0,0.0,0.0,0.0,0.0,0.0,0.0,0.0,0.0,0.0,0.0,0.0,0.0,0.0,0.0,0.0,0.0,0.0,0.0,0.0,0.0,0.0,0.0,0.0,0.0,0.0,0.0,0.0,0.0,0.0,0.0,0.0,0.0,0.0,0.0,0.0,0.0,0.0,0.0,0.0,0.0,0.0,0.0,0.0,0.0,0.0,0.0,0.0,0.0,0.0,0.0,0.0,0.0,0.0,0.0,0.0,0.0,0.0,0.0,0.0,0.0,0.0,0.0,0.0,0.0
0.0,0.0,0.0,0.0,0.0,0.0,0.0,0.0,0.0,0.0,0.0,0.0,0.0,0.0,0.0,0.0,0.0,0.0,0.0,0.0,0.0,0.0,0.0,0.0,0.0,0.0,0.0,0.0,0.0,0.0,0.0,0.0,0.0,0.0,0.0,0.0,0.0,0.0,0.0,0.0,0.0,0.0,0.0,0.0,0.0,0.0,0.0,0.0,0.0,0.0,0.0,0.0,0.0,0.0,0.0,0.0,0.0,0.0,0.0,0.0,0.0,0.0,0.0,0.0,0.0,0.0,0.0,0.0,0.0,0.0,0.0,0.0,0.0,0.0,0.0,0.0,0.0,0.0,0.0,0.0,0.0,0.0,0.0,0.0,0.0,0.0,0.0,0.0,0.0,0.0,0.0,0.0,0.0,0.0,0.0,0.0,0.0,0.0,0.0,0.0,0.0,0.0,0.0,0.0,0.0,0.0,0.0,0.0,0.0,0.0,0.0,0.0,0.0,0.0,1.201122707117875,1.2011227070740131,1.2011227070324821,1.2011227069933137,1.201122706956538,1.2011227069221837,1.2011227068902772,1.2011227068608437,1.2011227068339043,1.2011227068094816,1.2011227067875934,1.201122706768257,1.2011227067514871,1.2011227067372965,1.2011227067256967,1.201122706716696,1.2011227067103019,1.201122706706519,1.2011227067053507,1.201122706706797,1.2011227067108572,1.2011227067175287,1.2011227067268055,1.2011227067386812,1.2011227067531463,1.2011227067701893,1.2011227067897976,1.2011227068119559,1.2011227068366466,1.2011227068638517,1.2011227068935493,1.2011227069257169,1.2011227069603296,1.2011227069973607,1.2011227070367814,1.2011227070785617,1.2011227071226696,1.20112270716907,1.2011227072177277,1.2011227072686055,1.2011227073216635,1.2011227073768613,1.2011227074341562,1.2011227074935038,1.201122707554858,1.2011227076181725,1.2011227076833977,1.2011227077504831,1.2011227078193774,1.201122707890027,1.2011227079623779,1.2011227080363742,1.2011227081119584,1.2011227081890727,1.201122708267657,1.2011227083476514,1.2011227084289935,1.201122708511621,1.2011227085954699,1.2011227086804754,1.2011227087665723,1.201122708853694,1.201122708941773,1.2011227090307417,1.2011227091205314,1.2011227092110728,1.2011227093022958,1.2011227093941306,1.2011227094865053,1.20112270957935,1.201122709672592,1.2011227097661599,1.201122709859981,1.2011227099539836,1.2011227100480948,1.2011227101422417,1.201122710236352,1.2011227103303534,1.2011227104241728,1.2011227105177378,1.2011227106109768,1.2011227107038174,1.2011227107961882,1.2011227108880176,1.2011227109792348,1.2011227110697698,1.2011227111595526,1.2011227112485134,1.2011227113365845,1.2011227114236975,1.201122711509785,1.2011227115947805,1.2011227116786187,1.201122711761235,1.2011227118425654,1.2011227119225474,1.2011227120011192,1.2011227120782197,1.2011227121537902,1.2011227122277721,1.2011227123001085,1.2011227123707429,1.201122712439621,1.2011227125066903,1.2011227125718988,1.2011227126351958,1.2011227126965327,1.2011227127558621,1.2011227128131385,1.2011227128683175,1.2011227129213562,1.2011227129722144,0.0,0.0,0.0,0.0,0.0,0.0,0.0,0.0,0.0,0.0,0.0,0.0,0.0,0.0,0.0
1.2011227130300597,1.201122713075996,1.2011227131196327,1.2011227131609352,1.2011227131998718,1.201122713236413,1.2011227132705302,1.2011227133021969,1.201122713331389,1.201122713358084,1.2011227133822608,1.2011227134039013,1.2011227134229887,1.201122713439508,1.2011227134534468,1.201122713464794,1.2011227134735412,1.2011227134796814,1.2011227134832096,1.201122713484124,1.201122713482423,1.2011227134781082,1.201122713471183,1.201122713461653,1.2011227134495248,1.2011227134348081,1.2011227134175146,1.2011227133976579,1.2011227133752522,1.2011227133503155,1.201122713322867,1.2011227132929279,1.2011227132605211,1.2011227132256719,1.2011227131884068,1.2011227131487552,1.2011227131067468,1.201122713062415,1.2011227130157929,1.2011227129669173,1.2011227129158257,1.2011227128625575,1.2011227128071535,1.2011227127496569,1.2011227126901118,1.2011227126285646,1.2011227125650623,1.201122712499654,1.20112271243239,1.2011227123633224,1.2011227122925048,1.2011227122199912,1.2011227121458379,1.201122712070102,1.201122711992842,1.2011227119141177,1.2011227118339898,1.2011227117525196,1.2011227116697705,1.201122711585806,1.2011227115006915,1.2011227114144922,1.2011227113272742,1.2011227112391056,1.2011227111500538,1.2011227110601879,1.2011227109695772,1.2011227108782914,1.201122710786401,1.2011227106939772,1.201122710601091,1.201122710507814,1.2011227104142181,1.201122710320376,1.2011227102263597,1.2011227101322421,1.2011227100380955,1.2011227099439927,1.201122709850006,1.2011227097562083,1.2011227096626713,1.201122709569468,1.2011227094766703,1.2011227093843493,1.201122709292576,1.201122709201422,1.2011227091109573,1.2011227090212515,1.2011227089323742,1.2011227088443932,1.2011227087573775,1.2011227086713936,1.2011227085865075,1.2011227085027856,1.2011227084202913,1.2011227083390896,1.2011227082592422,1.2011227081808111,1.2011227081038565,1.2011227080284383,1.201122707954614,1.2011227078824411,1.2011227078119753,1.2011227077432705,1.2011227076763804,1.2011227076113558,1.2011227075482476,1.2011227074871038,1.2011227074279722,1.2011227073708979,1.2011227073159254,1.2011227072630972,1.2011227072124535,1.2011227071640336,0.0,0.0,0.0,0.0,0.0,0.0,0.0,0.0,0.0,0.0,0.0,0.0,0.0,0.0,0.0,0.0,0.0,0.0,0.0,0.0,0.0,0.0,0.0,0.0,0.0,0.0,0.0,0.0,0.0,0.0,0.0,0.0,0.0,0.0,0.0,0.0,0.0,0.0,0.0,0.0,0.0,0.0,0.0,0.0,0.0,0.0,0.0,0.0,0.0,0.0,0.0,0.0,0.0,0.0,0.0,0.0,0.0,0.0,0.0,0.0,0.0,0.0,0.0,0.0,0.0,0.0,0.0,0.0,0.0,0.0,0.0,0.0,0.0,0.0,0.0,0.0,0.0,0.0,0.0,0.0,0.0,0.0,0.0,0.0,0.0,0.0,0.0,0.0,0.0,0.0,0.0,0.0,0.0,0.0,0.0,0.0,0.0,0.0,0.0,0.0,0.0,0.0,0.0,0.0,0.0,0.0,0.0,0.0,0.0,0.0,0.0,0.0,1.2011227130208524,1.2011227130672328,1.2011227131113198,1.201122713153079,1.201122713192479,1.2011227132294886,1.2011227132640798,1.2011227132962257,1.2011227133259013,1.2011227133530837,1.2011227133777524,1.201122713399888,1.2011227134194735,1.2011227134364937,1.201122713450936
0.0,0.0,0.0,0.0,0.0,0.0,0.0,0.0,0.0,0.0,0.0,0.0,0.0,0.0,0.0,0.0,0.0,0.0,0.0,0.0,0.0,0.0,0.0,0.0,0.0,0.0,0.0,0.0,0.0,0.0,0.0,0.0,0.0,0.0,0.0,0.0,0.0,0.0,0.0,0.0,0.0,0.0,0.0,0.0,0.0,0.0,0.0,0.0,0.0,0.0,0.0,0.0,0.0,0.0,0.0,0.0,0.0,0.0,0.0,0.0,0.0,0.0,0.0,0.0,0.0,0.0,0.0,0.0,0.0,0.0,0.0,0.0,0.0,0.0,0.0,0.0,0.0,0.0,0.0,0.0,0.0,0.0,0.0,0.0,0.0,0.0,0.0,0.0,0.0,0.0,0.0,0.0,0.0,0.0,0.0,0.0,0.0,0.0,0.0,0.0,0.0,0.0,0.0,0.0,0.0,0.0,0.0,0.0,0.0,0.0,0.0,0.0,0.0,0.0,0.0,0.0,0.0,0.0,0.0,0.0,0.0,0.0,0.0,0.0,0.0,0.0,0.0,0.0,0.0,0.0,0.0,0.0,0.0,0.0,0.0,0.0,0.0,0.0,0.0,0.0,0.0,0.0,0.0,0.0,0.0,0.0,0.0,0.0,0.0,0.0,0.0,0.0,0.0,0.0,0.0,0.0,0.0,0.0,0.0,0.0,0.0,0.0,0.0,0.0,0.0,0.0,0.0,0.0,0.0,0.0,0.0,0.0,0.0,0.0,0.0,0.0,0.0,0.0,0.0,0.0,0.0,0.0,0.0,0.0,0.0,0.0,0.0,0.0,0.0,0.0,0.0,0.0,0.0,0.0,0.0,0.0,0.0,0.0,0.0,0.0,0.0,0.0,0.0,0.0,0.0,0.0,0.0,0.0,0.0,0.0,0.0,0.0,0.0,0.0,0.0,0.0,0.0,0.0,0.0,0.0,0.0,0.0,0.0,0.0,0.0,0.0,0.0,0.0,0.0,0.0,0.0,0.0,0.0,0.0,0.0,0.0,0.0,0.0,0.0,0.0,0.0
0.0,0.0,0.0,0.0,0.0,0.0,0.0,0.0,0.0,0.0,0.0,0.0,0.0,0.0,0.0,0.0,0.0,0.0,0.0,0.0,0.0,0.0,0.0,0.0,0.0,0.0,0.0,0.0,0.0,0.0,0.0,0.0,0.0,0.0,0.0,0.0,0.0,0.0,0.0,0.0,0.0,0.0,0.0,0.0,0.0,0.0,0.0,0.0,0.0,0.0,0.0,0.0,0.0,0.0,0.0,0.0,0.0,0.0,0.0,0.0,0.0,0.0,0.0,0.0,0.0,0.0,0.0,0.0,0.0,0.0,0.0,0.0,0.0,0.0,0.0,0.0,0.0,0.0,0.0,0.0,0.0,0.0,0.0,0.0,0.0,0.0,0.0,0.0,0.0,0.0,0.0,0.0,0.0,0.0,0.0,0.0,0.0,0.0,0.0,0.0,0.0,0.0,0.0,0.0,0.0,0.0,0.0,0.0,0.0,0.0,0.0,0.0,0.0,0.0,1.2101950898326845,1.210195089821589,1.210195089812757,1.210195089806195,1.2101950898019085,1.2101950897999008,1.2101950898001732,1.2101950898027258,1.2101950898075562,1.2101950898146612,1.2101950898240346,1.21019508983567,1.210195089849558,1.2101950898656877,1.2101950898840466,1.2101950899046214,1.2101950899273952,1.2101950899523508,1.2101950899794696,1.2101950900087295,1.2101950900401082,1.2101950900735825,1.2101950901091254,1.21019509014671,1.2101950901863074,1.210195090227887,1.2101950902714163,1.2101950903168623,1.2101950903641892,1.2101950904133614,1.2101950904643402,1.2101950905170866,1.21019509057156,1.2101950906277184,1.2101950906855181,1.2101950907449146,1.2101950908058623,1.210195090868314,1.2101950909322217,1.2101950909975359,1.2101950910642063,1.2101950911321815,1.2101950912014086,1.2101950912718349,1.2101950913434056,1.210195091416066,1.2101950914897592,1.210195091564429,1.2101950916400175,1.2101950917164668,1.2101950917937172,1.2101950918717095,1.2101950919503837,1.2101950920296785,1.2101950921095332,1.2101950921898865,1.210195092270676,1.210195092351839,1.2101950924333134,1.2101950925150364,1.2101950925969445,1.2101950926789748,1.210195092761064,1.2101950928431486,1.2101950929251655,1.210195093007051,1.2101950930887426,1.210195093170177,1.210195093251291,1.2101950933320222,1.2101950934123085,1.2101950934920875,1.2101950935712988,1.21019509364988,1.2101950937277708,1.2101950938049113,1.2101950938812422,1.210195093956704,1.2101950940312391,1.2101950941047896,1.2101950941772988,1.2101950942487107,1.2101950943189705,1.2101950943880238,1.2101950944558175,1.2101950945222988,1.2101950945874167,1.2101950946511213,1.2101950947133628,1.2101950947740936,1.210195094833267,1.2101950948908367,1.210195094946759,1.21019509500099,1.2101950950534888,1.2101950951042142,1.2101950951531273,1.21019509520019,1.2101950952453666,1.2101950952886218,1.2101950953299225,1.2101950953692366,1.210195095406534,1.2101950954417857,1.2101950954749643,1.210195095506045,1.210195095535003,1.2101950955618161,1.2101950955864642,1.2101950956089276,1.2101950956291891,1.2101950956472336,0.0,0.0,0.0,0.0,0.0,0.0,0.0,0.0,0.0,0.0,0.0,0.0,0.0,0.0,0.0
1.2101950956658645,1.210195095678996,1.2101950956898713,1.2101950956984828,1.2101950957048233,1.210195095708888,1.2101950957106737,1.2101950957101792,1.2101950957074052,1.2101950957023533,1.210195095695027,1.210195095685433,1.210195095673578,1.2101950956594714,1.210195095643124,1.2101950956245486,1.2101950956037593,1.2101950955807723,1.2101950955556051,1.2101950955282772,1.21019509549881,1.2101950954672258,1.2101950954335494,1.2101950953978062,1.2101950953600245,1.2101950953202327,1.2101950952784621,1.2101950952347447,1.2101950951891143,1.2101950951416058,1.2101950950922564,1.2101950950411036,1.210195094988187,1.210195094933548,1.210195094877228,1.2101950948192708,1.2101950947597213,1.210195094698625,1.2101950946360296,1.210195094571983,1.2101950945065345,1.2101950944397348,1.2101950943716355,1.210195094302289,1.210195094231749,1.2101950941600697,1.2101950940873065,1.2101950940135155,1.2101950939387542,1.2101950938630792,1.2101950937865493,1.210195093709224,1.2101950936311627,1.2101950935524255,1.2101950934730734,1.210195093393167,1.2101950933127688,1.2101950932319403,1.2101950931507441,1.210195093069243,1.2101950929874992,1.2101950929055765,1.2101950928235374,1.210195092741446,1.2101950926593652,1.2101950925773584,1.2101950924954887,1.2101950924138194,1.2101950923324138,1.210195092251334,1.2101950921706437,1.210195092090404,1.210195092010677,1.210195091931525,1.210195091853008,1.2101950917751876,1.2101950916981232,1.2101950916218744,1.2101950915465003,1.2101950914720585,1.210195091398607,1.210195091326202,1.2101950912548998,1.2101950911847552,1.2101950911158224,1.210195091048154,1.2101950909818031,1.2101950909168206,1.2101950908532564,1.2101950907911596,1.2101950907305785,1.2101950906715593,1.210195090614148,1.2101950905583885,1.210195090504324,1.210195090451996,1.2101950904014456,1.210195090352711,1.2101950903058303,1.2101950902608392,1.2101950902177727,1.210195090176664,1.210195090137545,1.2101950901004455,1.2101950900653946,1.2101950900324188,1.2101950900015437,1.2101950899727936,1.2101950899461902,1.2101950899217542,1.210195089899504,1.2101950898794576,1.21019508986163,1.2101950898460347,0.0,0.0,0.0,0.0,0.0,0.0,0.0,0.0,0.0,0.0,0.0,0.0,0.0,0.0,0.0,0.0,0.0,0.0,0.0,0.0,0.0,0.0,0.0,0.0,0.0,0.0,0.0,0.0,0.0,0.0,0.0,0.0,0.0,0.0,0.0,0.0,0.0,0.0,0.0,0.0,0.0,0.0,0.0,0.0,0.0,0.0,0.0,0.0,0.0,0.0,0.0,0.0,0.0,0.0,0.0,0.0,0.0,0.0,0.0,0.0,0.0,0.0,0.0,0.0,0.0,0.0,0.0,0.0,0.0,0.0,0.0,0.0,0.0,0.0,0.0,0.0,0.0,0.0,0.0,0.0,0.0,0.0,0.0,0.0,0.0,0.0,0.0,0.0,0.0,0.0,0.0,0.0,0.0,0.0,0.0,0.0,0.0,0.0,0.0,0.0,0.0,0.0,0.0,0.0,0.0,0.0,0.0,0.0,0.0,0.0,0.0,0.0,1.2101950956630467,1.210195095676616,1.2101950956879315,1.2101950956969842,1.2101950957037673,1.2101950957082754,1.210195095710505,1.2101950957104544,1.210195095708124,1.210195095703515,1.2101950956966312,1.210195095687478,1.2101950956760625,1.2101950956623935,1.2101950956464815
0.0,0.0,0.0,0.0,0.0,0.0,0.0,0.0,0.0,0.0,0.0,0.0,0.0,0.0,0.0,0.0,0.0,0.0,0.0,0.0,0.0,0.0,0.0,0.0,0.0,0.0,0.0,0.0,0.0,0.0,0.0,0.0,0.0,0.0,0.0,0.0,0.0,0.0,0.0,0.0,0.0,0.0,0.0,0.0,0.0,0.0,0.0,0.0,0.0,0.0,0.0,0.0,0.0,0.0,0.0,0.0,0.0,0.0,0.0,0.0,0.0,0.0,0.0,0.0,0.0,0.0,0.0,0.0,0.0,0.0,0.0,0.0,0.0,0.0,0.0,0.0,0.0,0.0,0.0,0.0,0.0,0.0,0.0,0.0,0.0,0.0,0.0,0.0,0.0,0.0,0.0,0.0,0.0,0.0,0.0,0.0,0.0,0.0,0.0,0.0,0.0,0.0,0.0,0.0,0.0,0.0,0.0,0.0,0.0,0.0,0.0,0.0,0.0,0.0,0.0,0.0,0.0,0.0,0.0,0.0,0.0,0.0,0.0,0.0,0.0,0.0,0.0,0.0,0.0,0.0,0.0,0.0,0.0,0.0,0.0,0.0,0.0,0.0,0.0,0.0,0.0,0.0,0.0,0.0,0.0,0.0,0.0,0.0,0.0,0.0,0.0,0.0,0.0,0.0,0.0,0.0,0.0,0.0,0.0,0.0,0.0,0.0,0.0,0.0,0.0,0.0,0.0,0.0,0.0,0.0,0.0,0.0,0.0,0.0,0.0,0.0,0.0,0.0,0.0,0.0,0.0,0.0,0.0,0.0,0.0,0.0,0.0,0.0,0.0,0.0,0.0,0.0,0.0,0.0,0.0,0.0,0.0,0.0,0.0,0.0,0.0,0.0,0.0,0.0,0.0,0.0,0.0,0.0,0.0,0.0,0.0,0.0,0.0,0.0,0.0,0.0,0.0,0.0,0.0,0.0,0.0,0.0,0.0,0.0,0.0,0.0,0.0,0.0,0.0,0.0,0.0,0.0,0.0,0.0,0.0,0.0,0.0,0.0,0.0,0.0,0.0
0.0,0.0,0.0,0.0,0.0,0.0,0.0,0.0,0.0,0.0,0.0,0.0,0.0,0.0,0.0,0.0,0.0,0.0,0.0,0.0,0.0,0.0,0.0,0.0,0.0,0.0,0.0,0.0,0.0,0.0,0.0,0.0,0.0,0.0,0.0,0.0,0.0,0.0,0.0,0.0,0.0,0.0,0.0,0.0,0.0,0.0,0.0,0.0,0.0,0.0,0.0,0.0,0.0,0.0,0.0,0.0,0.0,0.0,0.0,0.0,0.0,0.0,0.0,0.0,0.0,0.0,0.0,0.0,0.0,0.0,0.0,0.0,0.0,0.0,0.0,0.0,0.0,0.0,0.0,0.0,0.0,0.0,0.0,0.0,0.0,0.0,0.0,0.0,0.0,0.0,0.0,0.0,0.0,0.0,0.0,0.0,0.0,0.0,0.0,0.0,0.0,0.0,0.0,0.0,0.0,0.0,0.0,0.0,0.0,0.0,0.0,0.0,0.0,0.0,0.0,1.2192620882597025,1.2192620882767886,1.2192620882957963,1.2192620883167116,1.2192620883395178,1.2192620883641976,1.219262088390732,1.2192620884191,1.2192620884492809,1.2192620884812497,1.2192620885149834,1.219262088550455,1.2192620885876375,1.2192620886265022,1.219262088667019,1.2192620887091563,1.2192620887528822,1.219262088798163,1.2192620888449628,1.2192620888932466,1.2192620889429766,1.2192620889941146,1.219262089046621,1.2192620891004555,1.2192620891555763,1.2192620892119412,1.2192620892695063,1.2192620893282275,1.2192620893880595,1.2192620894489559,1.2192620895108695,1.2192620895737534,1.219262089637558,1.2192620897022355,1.2192620897677346,1.2192620898340054,1.2192620899009965,1.2192620899686566,1.219262090036933,1.2192620901057736,1.2192620901751248,1.2192620902449331,1.219262090315145,1.2192620903857063,1.219262090456562,1.2192620905276583,1.2192620905989393,1.2192620906703513,1.219262090741838,1.2192620908133447,1.2192620908848162,1.2192620909561978,1.2192620910274334,1.219262091098469,1.2192620911692496,1.21926209123972,1.2192620913098269,1.2192620913795154,1.2192620914487318,1.2192620915174226,1.219262091585535,1.2192620916530168,1.2192620917198156,1.2192620917858794,1.2192620918511583,1.219262091915601,1.219262091979158,1.2192620920417807,1.2192620921034198,1.219262092164029,1.2192620922235609,1.219262092281969,1.2192620923392095,1.2192620923952373,1.2192620924500093,1.2192620925034834,1.2192620925556183,1.219262092606374,1.2192620926557107,1.2192620927035913,1.2192620927499782,1.2192620927948352,1.2192620928381288,1.2192620928798248,1.2192620929198912,1.2192620929582973,1.219262092995013,1.2192620930300107,1.2192620930632625,1.2192620930947435,1.2192620931244291,1.2192620931522964,1.2192620931783238,1.2192620932024916,1.2192620932247804,1.2192620932451739,1.219262093263656,1.219262093280212,1.21926209329483,1.2192620933074978,1.2192620933182061,1.2192620933269471,1.219262093333713,1.2192620933384994,1.2192620933413025,1.2192620933421199,1.219262093340951,1.2192620933377964,1.2192620933326592,1.2192620933255434,1.2192620933164537,0.0,0.0,0.0,0.0,0.0,0.0,0.0,0.0,0.0,0.0,0.0,0.0,0.0,0.0,0.0
1.2192620933030174,1.2192620932896234,1.219262093274284,1.2192620932570102,1.219262093237816,1.2192620932167162,1.2192620931937266,1.2192620931688658,1.2192620931421518,1.219262093113606,1.2192620930832503,1.2192620930511082,1.2192620930172042,1.219262092981565,1.2192620929442177,1.219262092905191,1.2192620928645153,1.2192620928222215,1.2192620927783426,1.2192620927329125,1.2192620926859667,0.0,0.0,0.0,0.0,0.0,0.0,0.0,0.0,0.0,0.0,0.0,0.0,0.0,0.0,0.0,0.0,0.0,0.0,0.0,0.0,0.0,0.0,0.0,0.0,0.0,0.0,0.0,0.0,0.0,0.0,0.0,0.0,0.0,0.0,0.0,0.0,0.0,0.0,0.0,0.0,0.0,0.0,0.0,0.0,0.0,0.0,0.0,0.0,0.0,0.0,0.0,0.0,0.0,0.0,0.0,0.0,0.0,0.0,0.0,0.0,0.0,0.0,0.0,0.0,0.0,0.0,0.0,0.0,0.0,0.0,0.0,0.0,1.2192620883806538,1.2192620883548064,1.219262088330821,1.2192620883087155,1.2192620882885075,1.2192620882702125,1.2192620882538445,1.2192620882394158,1.2192620882269383,1.219262088216421,1.2192620882078722,1.2192620882012986,1.2192620881967053,1.2192620881940954,1.2192620881934715,1.2192620881948337,1.219262088198181,1.219262088203511,1.2192620882108196,1.2192620882201008,1.2192620882313479,1.2192620882445517,0.0,0.0,0.0,0.0,0.0,0.0,0.0,0.0,0.0,0.0,0.0,0.0,0.0,0.0,0.0,0.0,0.0,0.0,0.0,0.0,0.0,0.0,0.0,0.0,0.0,0.0,0.0,0.0,0.0,0.0,0.0,0.0,0.0,0.0,0.0,0.0,0.0,0.0,0.0,0.0,0.0,0.0,0.0,0.0,0.0,0.0,0.0,0.0,0.0,0.0,0.0,0.0,0.0,0.0,0.0,0.0,0.0,0.0,0.0,0.0,0.0,0.0,0.0,0.0,0.0,0.0,0.0,0.0,0.0,0.0,0.0,0.0,0.0,0.0,0.0,0.0,0.0,0.0,0.0,0.0,0.0,0.0,0.0,0.0,0.0,0.0,0.0,0.0,0.0,0.0,0.0,0.0,0.0,0.0,0.0,0.0,0.0,0.0,0.0,0.0,0.0,0.0,0.0,0.0,0.0,0.0,0.0,0.0,0.0,0.0,0.0,1.219262093305398,1.219262093292384,1.219262093277422,1.219262093260524,1.2192620932417026,1.2192620932209721,1.2192620931983493,1.2192620931738514,1.2192620931474967,1.2192620931193057,1.2192620930893006,1.2192620930575042,1.2192620930239415,1.219262092988638,1.2192620929516205
