column,spacecraft_lon_deg,spacecraft_lat_deg,spacecraft_height_m,nadir_height_m,nadir_line,nadir_areoid_radius_m,nadir_ellipsoid_radius_m
1,167.113769,70.085493,313243.232,-2865.0,2603.0,3380200.0,3378549.683
2,167.111018,70.091384,313245.725,-2873.0,2605.0,3380199.0,3378548.352
3,167.10771,70.098463,313248.721,-2880.0,2606.0,3380197.0,3378546.753
4,167.10411,70.106163,313251.979,-2885.0,2607.0,3380196.0,3378545.014
5,167.100532,70.113811,313255.213,-2892.0,2608.0,3380194.0,3378543.287
6,167.096927,70.12151,313258.468,-2897.0,2609.0,3380192.0,3378541.549
7,167.093345,70.129158,313261.7,-2901.0,2610.0,3380191.0,3378539.824
8,167.089736,70.136857,313264.953,-2905.0,2611.0,3380190.0,3378538.087
9,167.086149,70.144505,313268.184,-2909.0,2611.0,3380188.0,3378536.362
10,167.082536,70.152204,313271.434,-2912.0,2612.0,3380187.0,3378534.627
11,167.078945,70.159852,313274.662,-2914.0,2612.0,3380185.0,3378532.904
12,167.075327,70.167551,313277.911,-2918.0,2613.0,3380184.0,3378531.169
13,167.071707,70.17525,313281.159,-2912.0,2612.0,3380182.0,3378529.435
14,167.068109,70.182897,313284.384,-2909.0,2612.0,3380180.0,3378527.714
15,167.064485,70.190596,313287.629,-2905.0,2611.0,3380179.0,3378525.981
16,167.060883,70.198243,313290.852,-2911.0,2612.0,3380178.0,3378524.261
17,167.057254,70.205941,313294.096,-2914.0,2612.0,3380176.0,3378522.529
18,167.053647,70.213588,313297.316,-2919.0,2613.0,3380174.0,3378520.81
19,167.050013,70.221287,313300.558,-2920.0,2614.0,3380173.0,3378519.079
20,167.046402,70.228934,313303.776,-2923.0,2614.0,3380171.0,3378517.361
21,167.042764,70.236632,313307.015,-2922.0,2614.0,3380170.0,3378515.632
22,167.039148,70.244279,313310.232,-2922.0,2614.0,3380167.0,3378513.915
23,167.035506,70.251977,313313.469,-2921.0,2614.0,3380167.0,3378512.187
24,167.031886,70.259624,313316.683,-2921.0,2614.0,3380165.0,3378510.471
25,167.028239,70.267322,313319.918,-2918.0,2614.0,3380164.0,3378508.744
26,167.024614,70.274968,313323.13,-2916.0,2613.0,3380162.0,3378507.029
27,167.020963,70.282666,313326.363,-2915.0,2613.0,3380160.0,3378505.304
28,167.017333,70.290312,313329.573,-2910.0,2612.0,3380159.0,3378503.59
29,167.013677,70.29801,313332.803,-2911.0,2612.0,3380158.0,3378501.865
30,167.010044,70.305656,313336.011,-2910.0,2612.0,3380156.0,3378500.153
31,167.006383,70.313354,313339.24,-2907.0,2612.0,3380155.0,3378498.429
32,167.002745,70.321,313342.446,-2908.0,2612.0,3380153.0,3378496.718
33,166.99908,70.328697,313345.672,-2907.0,2612.0,3380152.0,3378494.996
34,166.995437,70.336343,313348.876,-2906.0,2612.0,3380150.0,3378493.285
35,166.991767,70.34404,313352.1,-2905.0,2612.0,3380149.0,3378491.564
36,166.98812,70.351686,313355.301,-2899.0,2611.0,3380147.0,3378489.855
37,166.984742,70.358763,313358.264,-2898.0,2610.0,3380145.0,3378488.274
38,166.981065,70.36646,313361.485,-2891.0,2609.0,3380144.0,3378486.554
39,166.977411,70.374106,313364.684,-2889.0,2609.0,3380143.0,3378484.847
40,166.97373,70.381803,313367.903,-2888.0,2609.0,3380140.0,3378483.128
41,166.970072,70.389448,313371.099,-2889.0,2609.0,3380140.0,3378481.422
42,166.966386,70.397145,313374.316,-2887.0,2609.0,3380138.0,3378479.705
43,166.962723,70.40479,313377.51,-2887.0,2609.0,3380137.0,3378478.0
44,166.959033,70.412487,313380.725,-2888.0,2609.0,3380135.0,3378476.284
45,166.955365,70.420132,313383.917,-2887.0,2609.0,3380134.0,3378474.58
46,166.95167,70.427828,313387.129,-2886.0,2609.0,3380132.0,3378472.865
47,166.947998,70.435473,313390.319,-2882.0,2608.0,3380131.0,3378471.162
48,166.944298,70.443169,313393.53,-2878.0,2607.0,3380129.0,3378469.448
49,166.940596,70.450866,313396.739,-2887.0,2609.0,3380127.0,3378467.735
50,166.936917,70.45851,313399.926,-2895.0,2610.0,3380125.0,3378466.034
51,166.93321,70.466207,313403.133,-2900.0,2611.0,3380125.0,3378464.322
52,166.929526,70.473851,313406.318,-2902.0,2612.0,3380123.0,3378462.622
53,166.925815,70.481547,313409.523,-2907.0,2613.0,3380122.0,3378460.911
54,166.922127,70.489191,313412.705,-2906.0,2612.0,3380120.0,3378459.212
55,166.918411,70.496887,313415.908,-2905.0,2612.0,3380119.0,3378457.503
56,166.914718,70.504531,313419.088,-2904.0,2612.0,3380117.0,3378455.805
57,166.910997,70.512227,313422.289,-2903.0,2612.0,3380116.0,3378454.096
58,166.907299,70.519871,313425.467,-2897.0,2611.0,3380114.0,3378452.4
59,166.903574,70.527567,313428.666,-2897.0,2611.0,3380113.0,3378450.692
60,166.899871,70.535211,313431.842,-2896.0,2611.0,3380111.0,3378448.997
61,166.896141,70.542906,313435.039,-2902.0,2612.0,3380110.0,3378447.291
62,166.892434,70.55055,313438.213,-2905.0,2612.0,3380107.0,3378445.597
63,166.888699,70.558245,313441.407,-2907.0,2613.0,3380107.0,3378443.892
64,166.884987,70.565889,313444.579,-2908.0,2613.0,3380105.0,3378442.199
65,166.881248,70.573584,313447.771,-2905.0,2613.0,3380104.0,3378440.495
66,166.877531,70.581227,313450.941,-2903.0,2612.0,3380102.0,3378438.803
67,166.873787,70.588922,313454.131,-2900.0,2612.0,3380100.0,3378437.1
68,166.870066,70.596565,313457.298,-2897.0,2611.0,3380099.0,3378435.409
69,166.866317,70.60426,313460.486,-2894.0,2611.0,3380098.0,3378433.708
70,166.862591,70.611903,313463.652,-2896.0,2611.0,3380095.0,3378432.018
71,166.858837,70.619598,313466.838,-2886.0,2610.0,3380095.0,3378430.317
72,166.855383,70.626673,313469.766,-2884.0,2609.0,3380093.0,3378428.754
73,166.85165,70.634316,313472.928,-2872.0,2607.0,3380092.0,3378427.066
74,166.84789,70.64201,313476.111,-2873.0,2607.0,3380090.0,3378425.368
75,166.844152,70.649653,313479.271,-2856.0,2604.0,3380089.0,3378423.681
76,166.840386,70.657347,313482.451,-2846.0,2602.0,3380087.0,3378421.983
77,166.836644,70.66499,313485.609,-2830.0,2600.0,3380086.0,3378420.298
78,166.832873,70.672684,313488.788,-2808.0,2596.0,3380084.0,3378418.601
79,166.829126,70.680327,313491.944,-2798.0,2594.0,3380083.0,3378416.917
80,166.825351,70.688021,313495.12,-2786.0,2592.0,3380080.0,3378415.221
81,166.821599,70.695663,313498.274,-2786.0,2592.0,3380080.0,3378413.538
82,166.817819,70.703357,313501.448,-2809.0,2596.0,3380078.0,3378411.844
83,166.814062,70.710999,313504.599,-2822.0,2598.0,3380077.0,3378410.162
84,166.810277,70.718693,313507.771,-2837.0,2601.0,3380075.0,3378408.469
85,166.806515,70.726335,313510.921,-2851.0,2604.0,3380074.0,3378406.788
86,166.802725,70.734028,313514.091,-2862.0,2606.0,3380072.0,3378405.096
87,166.798933,70.741722,313517.259,-2867.0,2607.0,3380071.0,3378403.405
88,166.795164,70.749363,313520.406,-2873.0,2608.0,3380069.0,3378401.726
89,166.791367,70.757057,313523.572,-2877.0,2608.0,3380067.0,3378400.036
90,166.787593,70.764698,313526.716,-2876.0,2608.0,3380066.0,3378398.357
91,166.783791,70.772392,313529.881,-2874.0,2608.0,3380065.0,3378396.668
92,166.780013,70.780033,313533.023,-2873.0,2608.0,3380063.0,3378394.992
93,166.776206,70.787726,313536.185,-2872.0,2608.0,3380062.0,3378393.304
94,166.772422,70.795367,313539.325,-2873.0,2608.0,3380060.0,3378391.628
95,166.768611,70.80306,313542.485,-2870.0,2607.0,3380059.0,3378389.941
96,166.764822,70.810701,313545.623,-2867.0,2607.0,3380057.0,3378388.267
97,166.761006,70.818394,313548.78,-2863.0,2606.0,3380055.0,3378386.581
98,166.757212,70.826035,313551.916,-2861.0,2606.0,3380055.0,3378384.908
99,166.753391,70.833728,313555.072,-2857.0,2605.0,3380053.0,3378383.224
100,166.749592,70.841368,313558.205,-2861.0,2606.0,3380052.0,3378381.551
101,166.745766,70.849061,313561.359,-2863.0,2607.0,3380050.0,3378379.868
102,166.741963,70.856702,313564.49,-2866.0,2607.0,3380049.0,3378378.197
103,166.738131,70.864394,313567.642,-2870.0,2608.0,3380047.0,3378376.515
104,166.734323,70.872034,313570.771,-2872.0,2608.0,3380046.0,3378374.845
105,166.730487,70.879726,313573.92,-2876.0,2609.0,3380044.0,3378373.164
106,166.726674,70.887367,313577.047,-2880.0,2610.0,3380042.0,3378371.495
107,166.723142,70.894439,313579.941,-2883.0,2610.0,3380040.0,3378369.951
108,166.719298,70.902131,313583.087,-2886.0,2611.0,3380040.0,3378368.272
109,166.715478,70.909771,313586.211,-2890.0,2611.0,3380038.0,3378366.605
110,166.711629,70.917463,313589.355,-2897.0,2613.0,3380037.0,3378364.927
111,166.707804,70.925103,313592.477,-2898.0,2613.0,3380035.0,3378363.261
112,166.70395,70.932794,313595.619,-2902.0,2614.0,3380034.0,3378361.584
113,166.70012,70.940434,313598.738,-2904.0,2614.0,3380032.0,3378359.919
114,166.696261,70.948126,313601.878,-2908.0,2615.0,3380031.0,3378358.244
115,166.692426,70.955765,313604.995,-2909.0,2615.0,3380030.0,3378356.58
116,166.688562,70.963457,313608.133,-2910.0,2615.0,3380028.0,3378354.906
117,166.684722,70.971096,313611.248,-2911.0,2615.0,3380027.0,3378353.243
118,166.680853,70.978787,313614.384,-2912.0,2616.0,3380025.0,3378351.57
119,166.677008,70.986427,313617.497,-2912.0,2616.0,3380024.0,3378349.909
120,166.673134,70.994118,313620.63,-2913.0,2616.0,3380022.0,3378348.237
121,166.669258,71.001808,313623.762,-2910.0,2616.0,3380020.0,3378346.565
122,166.665405,71.009448,313626.872,-2912.0,2616.0,3380019.0,3378344.906
123,166.661524,71.017138,313630.002,-2911.0,2616.0,3380018.0,3378343.235
124,166.657666,71.024777,313633.11,-2911.0,2616.0,3380015.0,3378341.577
125,166.653779,71.032468,313636.238,-2911.0,2616.0,3380015.0,3378339.908
126,166.649916,71.040107,313639.343,-2910.0,2615.0,3380013.0,3378338.251
127,166.646025,71.047797,313642.469,-2908.0,2615.0,3380012.0,3378336.583
128,166.642157,71.055436,313645.572,-2906.0,2615.0,3380010.0,3378334.927
129,166.63826,71.063126,313648.696,-2904.0,2615.0,3380009.0,3378333.26
130,166.634387,71.070764,313651.797,-2901.0,2614.0,3380008.0,3378331.605
131,166.630485,71.078454,313654.919,-2899.0,2614.0,3380006.0,3378329.939
132,166.626607,71.086093,313658.018,-2897.0,2614.0,3380005.0,3378328.285
133,166.6227,71.093783,313661.137,-2894.0,2613.0,3380002.0,3378326.621
134,166.618817,71.101421,313664.234,-2900.0,2614.0,3380002.0,3378324.968
135,166.614905,71.109111,313667.351,-2900.0,2614.0,3380000.0,3378323.305
136,166.611016,71.116749,313670.446,-2898.0,2614.0,3379999.0,3378321.654
137,166.607099,71.124438,313673.561,-2900.0,2614.0,3379997.0,3378319.992
138,166.603206,71.132076,313676.654,-2899.0,2614.0,3379995.0,3378318.341
139,166.599283,71.139766,313679.766,-2896.0,2614.0,3379994.0,3378316.68
140,166.595384,71.147403,313682.857,-2887.0,2612.0,3379993.0,3378315.031
141,166.591457,71.155093,313685.967,-2885.0,2612.0,3379991.0,3378313.372
142,166.587843,71.162163,313688.826,-2884.0,2611.0,3379990.0,3378311.846
143,166.583937,71.1698,313691.914,-2886.0,2612.0,3379989.0,3378310.199
144,166.580002,71.177489,313695.021,-2886.0,2612.0,3379987.0,3378308.541
145,166.57609,71.185126,313698.106,-2890.0,2613.0,3379986.0,3378306.894
146,166.57215,71.192815,313701.212,-2891.0,2613.0,3379984.0,3378305.238
147,166.568233,71.200452,313704.295,-2894.0,2614.0,3379982.0,3378303.593
148,166.564288,71.208141,313707.398,-2900.0,2615.0,3379981.0,3378301.937
149,166.560366,71.215778,313710.479,-2903.0,2615.0,3379980.0,3378300.293
150,166.556415,71.223467,313713.58,-2908.0,2616.0,3379978.0,3378298.639
151,166.552488,71.231104,313716.658,-2917.0,2618.0,3379977.0,3378296.996
152,166.548532,71.238792,313719.757,-2918.0,2618.0,3379975.0,3378295.342
153,166.5446,71.246429,313722.834,-2920.0,2618.0,3379974.0,3378293.701
154,166.540638,71.254117,313725.93,-2924.0,2619.0,3379973.0,3378292.049
155,166.536674,71.261805,313729.026,-2926.0,2620.0,3379970.0,3378290.397
156,166.532734,71.269442,313732.099,-2930.0,2620.0,3379970.0,3378288.757
157,166.528765,71.27713,313735.192,-2936.0,2621.0,3379968.0,3378287.107
158,166.524819,71.284766,313738.264,-2938.0,2622.0,3379967.0,3378285.468
159,166.520845,71.292454,313741.355,-2945.0,2623.0,3379965.0,3378283.819
160,166.516894,71.30009,313744.424,-2942.0,2622.0,3379964.0,3378282.182
161,166.512914,71.307777,313747.513,-2941.0,2623.0,3379962.0,3378280.534
162,166.508958,71.315413,313750.58,-2941.0,2622.0,3379961.0,3378278.898
163,166.504973,71.323101,313753.667,-2941.0,2622.0,3379960.0,3378277.251
164,166.501012,71.330737,313756.731,-2940.0,2622.0,3379958.0,3378275.616
165,166.497021,71.338424,313759.816,-2940.0,2622.0,3379957.0,3378273.97
166,166.493054,71.34606,313762.879,-2937.0,2622.0,3379955.0,3378272.336
167,166.489058,71.353747,313765.961,-2934.0,2621.0,3379954.0,3378270.692
168,166.485087,71.361382,313769.022,-2931.0,2621.0,3379952.0,3378269.059
169,166.481085,71.369069,313772.102,-2931.0,2621.0,3379950.0,3378267.416
170,166.477108,71.376705,313775.16,-2931.0,2621.0,3379950.0,3378265.784
171,166.473101,71.384392,313778.238,-2931.0,2621.0,3379948.0,3378264.142
172,166.469119,71.392027,313781.294,-2932.0,2621.0,3379947.0,3378262.511
173,166.465107,71.399713,313784.37,-2933.0,2621.0,3379945.0,3378260.871
174,166.461119,71.407348,313787.424,-2929.0,2621.0,3379944.0,3378259.241
175,166.457101,71.415035,313790.498,-2920.0,2619.0,3379942.0,3378257.602
176,166.453108,71.42267,313793.55,-2912.0,2618.0,3379941.0,3378255.973
177,166.449409,71.429737,313796.374,-2904.0,2616.0,3379940.0,3378254.467
178,166.445384,71.437423,313799.444,-2893.0,2614.0,3379938.0,3378252.829
179,166.441383,71.445058,313802.493,-2880.0,2612.0,3379937.0,3378251.203
180,166.437352,71.452744,313805.562,-2867.0,2610.0,3379935.0,3378249.566
181,166.433345,71.460379,313808.608,-2866.0,2610.0,3379934.0,3378247.941
182,166.429309,71.468065,313811.674,-2856.0,2608.0,3379932.0,3378246.305
183,166.425297,71.475699,313814.719,-2864.0,2610.0,3379930.0,3378244.681
184,166.421255,71.483385,313817.783,-2868.0,2610.0,3379930.0,3378243.047
185,166.417238,71.491019,313820.825,-2873.0,2611.0,3379928.0,3378241.424
186,166.413191,71.498704,313823.887,-2874.0,2611.0,3379927.0,3378239.79
187,166.409168,71.506338,313826.927,-2872.0,2611.0,3379925.0,3378238.169
188,166.405115,71.514024,313829.986,-2871.0,2611.0,3379924.0,3378236.537
189,166.401087,71.521658,313833.024,-2866.0,2610.0,3379922.0,3378234.916
190,166.397028,71.529343,313836.082,-2860.0,2609.0,3379921.0,3378233.285
191,166.392967,71.537028,313839.138,-2858.0,2609.0,3379919.0,3378231.655
192,166.388931,71.544662,313842.173,-2856.0,2608.0,3379917.0,3378230.036
193,166.384864,71.552347,313845.227,-2855.0,2608.0,3379917.0,3378228.407
194,166.380822,71.55998,313848.259,-2858.0,2609.0,3379915.0,3378226.79
195,166.37675,71.567665,313851.311,-2860.0,2609.0,3379914.0,3378225.162
196,166.372703,71.575298,313854.342,-2865.0,2610.0,3379912.0,3378223.546
197,166.368625,71.582983,313857.392,-2871.0,2611.0,3379910.0,3378221.919
198,166.364572,71.590616,313860.42,-2874.0,2612.0,3379909.0,3378220.304
199,166.360489,71.5983,313863.467,-2878.0,2612.0,3379908.0,3378218.678
200,166.35643,71.605933,313866.493,-2876.0,2612.0,3379907.0,3378217.064
201,166.352341,71.613618,313869.539,-2877.0,2612.0,3379905.0,3378215.44
202,166.348277,71.62125,313872.563,-2873.0,2612.0,3379904.0,3378213.827
203,166.344183,71.628934,313875.606,-2867.0,2611.0,3379902.0,3378212.204
204,166.340113,71.636567,313878.628,-2852.0,2608.0,3379901.0,3378210.592
205,166.336013,71.644251,313881.669,-2842.0,2606.0,3379900.0,3378208.97
206,166.331938,71.651883,313884.688,-2829.0,2604.0,3379897.0,3378207.36
207,166.327832,71.659567,313887.727,-2822.0,2603.0,3379897.0,3378205.739
208,166.323752,71.667199,313890.744,-2822.0,2603.0,3379895.0,3378204.13
209,166.31964,71.674883,313893.781,-2821.0,2603.0,3379894.0,3378202.51
210,166.315554,71.682515,313896.796,-2832.0,2604.0,3379892.0,3378200.902
211,166.311437,71.690199,313899.831,-2839.0,2606.0,3379890.0,3378199.284
212,166.307345,71.697831,313902.844,-2842.0,2606.0,3379890.0,3378197.677
213,166.303554,71.704895,313905.632,-2840.0,2606.0,3379888.0,3378196.19
214,166.299429,71.712578,313908.663,-2842.0,2607.0,3379887.0,3378194.573
215,166.295329,71.72021,313911.673,-2845.0,2607.0,3379885.0,3378192.968
216,166.291198,71.727893,313914.702,-2845.0,2607.0,3379884.0,3378191.353
217,166.287092,71.735525,313917.71,-2845.0,2607.0,3379883.0,3378189.749
218,166.282956,71.743208,313920.737,-2840.0,2606.0,3379881.0,3378188.135
219,166.278844,71.750839,313923.742,-2834.0,2605.0,3379880.0,3378186.532
220,166.274702,71.758522,313926.767,-2837.0,2606.0,3379877.0,3378184.919
221,166.270584,71.766153,313929.771,-2833.0,2605.0,3379877.0,3378183.317
222,166.266436,71.773835,313932.793,-2827.0,2604.0,3379875.0,3378181.705
223,166.262313,71.781466,313935.794,-2814.0,2602.0,3379874.0,3378180.105
224,166.25816,71.789149,313938.815,-2799.0,2599.0,3379873.0,3378178.494
225,166.254003,71.796831,313941.834,-2784.0,2596.0,3379870.0,3378176.884
226,166.249872,71.804462,313944.832,-2763.0,2593.0,3379870.0,3378175.285
227,166.245709,71.812144,313947.849,-2743.0,2589.0,3379868.0,3378173.677
228,166.241572,71.819774,313950.845,-2712.0,2584.0,3379867.0,3378172.079
229,166.237404,71.827456,313953.86,-2684.0,2579.0,3379866.0,3378170.471
230,166.233261,71.835087,313956.853,-2650.0,2573.0,3379864.0,3378168.875
231,166.229087,71.842769,313959.866,-2613.0,2566.0,3379863.0,3378167.269
232,166.224938,71.850399,313962.857,-2578.0,2560.0,3379861.0,3378165.674
233,166.220758,71.858081,313965.868,-2569.0,2559.0,3379860.0,3378164.068
234,166.216604,71.865711,313968.857,-2549.0,2555.0,3379859.0,3378162.474
235,166.212418,71.873392,313971.865,-2535.0,2553.0,3379857.0,3378160.87
236,166.208258,71.881022,313974.852,-2518.0,2550.0,3379856.0,3378159.278
237,166.204066,71.888703,313977.858,-2515.0,2549.0,3379854.0,3378157.675
238,166.1999,71.896333,313980.843,-2494.0,2545.0,3379853.0,3378156.083
239,166.195703,71.904014,313983.847,-2474.0,2542.0,3379852.0,3378154.482
240,166.191531,71.911643,313986.83,-2459.0,2539.0,3379850.0,3378152.891
241,166.187328,71.919324,313989.832,-2438.0,2536.0,3379849.0,3378151.291
242,166.18315,71.926954,313992.812,-2393.0,2527.0,3379847.0,3378149.702
243,166.178941,71.934635,313995.812,-2435.0,2535.0,3379845.0,3378148.102
244,166.174757,71.942264,313998.79,-2471.0,2542.0,3379845.0,3378146.514
245,166.170542,71.949944,314001.787,-2495.0,2546.0,3379843.0,3378144.916
246,166.166353,71.957573,314004.764,-2510.0,2549.0,3379842.0,3378143.33
247,166.162132,71.965254,314007.759,-2513.0,2549.0,3379840.0,3378141.733
248,166.157936,71.972883,314010.733,-2504.0,2548.0,3379839.0,3378140.147
249,166.15405,71.979944,314013.485,-2487.0,2545.0,3379837.0,3378138.68
250,166.149821,71.987624,314016.477,-2462.0,2540.0,3379836.0,3378137.085
251,166.145617,71.995253,314019.447,-2442.0,2537.0,3379835.0,3378135.501
252,166.141381,72.002933,314022.437,-2425.0,2534.0,3379833.0,3378133.907
253,166.137171,72.010561,314025.406,-2405.0,2530.0,3379832.0,3378132.324
254,166.13293,72.018241,314028.393,-2387.0,2527.0,3379830.0,3378130.732
255,166.128714,72.025869,314031.36,-2382.0,2526.0,3379829.0,3378129.15
256,166.124467,72.033549,314034.345,-2375.0,2525.0,3379828.0,3378127.559
257,166.120245,72.041177,314037.309,-2382.0,2526.0,3379827.0,3378125.979
258,166.115992,72.048857,314040.293,-2388.0,2527.0,3379825.0,3378124.388
259,166.111764,72.056484,314043.255,-2403.0,2530.0,3379824.0,3378122.809
260,166.107504,72.064164,314046.236,-2410.0,2531.0,3379822.0,3378121.22
261,166.103242,72.071843,314049.216,-2423.0,2534.0,3379821.0,3378119.632
262,166.099005,72.079471,314052.174,-2429.0,2535.0,3379820.0,3378118.054
263,166.094737,72.08715,314055.152,-2431.0,2535.0,3379817.0,3378116.467
264,166.090494,72.094777,314058.109,-2433.0,2536.0,3379817.0,3378114.891
265,166.08622,72.102456,314061.084,-2439.0,2537.0,3379815.0,3378113.305
266,166.081971,72.110083,314064.039,-2442.0,2537.0,3379814.0,3378111.73
267,166.077691,72.117762,314067.012,-2450.0,2539.0,3379813.0,3378110.145
268,166.073436,72.125389,314069.964,-2454.0,2539.0,3379810.0,3378108.571
269,166.069149,72.133067,314072.935,-2440.0,2537.0,3379810.0,3378106.988
270,166.064888,72.140694,314075.885,-2510.0,2549.0,3379808.0,3378105.415
271,166.060596,72.148373,314078.854,-2548.0,2556.0,3379807.0,3378103.833
272,166.056329,72.155999,314081.802,-2570.0,2560.0,3379805.0,3378102.261
273,166.05203,72.163677,314084.769,-2573.0,2561.0,3379804.0,3378100.68
274,166.047757,72.171304,314087.714,-2575.0,2561.0,3379803.0,3378099.11
275,166.043452,72.178982,314090.679,-2585.0,2563.0,3379802.0,3378097.53
276,166.039173,72.186608,314093.622,-2591.0,2564.0,3379800.0,3378095.961
277,166.034862,72.194286,314096.585,-2569.0,2560.0,3379799.0,3378094.382
278,166.030577,72.201912,314099.526,-2545.0,2556.0,3379797.0,3378092.815
279,166.02626,72.20959,314102.486,-2479.0,2544.0,3379796.0,3378091.237
280,166.021968,72.217216,314105.425,-2426.0,2535.0,3379795.0,3378089.67
281,166.017645,72.224893,314108.383,-2334.0,2518.0,3379792.0,3378088.094
282,166.013348,72.232519,314111.32,-2248.0,2503.0,3379792.0,3378086.529
283,166.009018,72.240196,314114.276,-2191.0,2493.0,3379790.0,3378084.954
284,166.004715,72.247822,314117.21,-2149.0,2486.0,3379789.0,3378083.389
285,166.000728,72.254881,314119.926,-2148.0,2486.0,3379788.0,3378081.942
286,165.99639,72.262558,314122.878,-2153.0,2486.0,3379785.0,3378080.369
287,165.992077,72.270183,314125.81,-2155.0,2487.0,3379785.0,3378078.806
288,165.987732,72.27786,314128.76,-2154.0,2487.0,3379784.0,3378077.234
289,165.983413,72.285485,314131.69,-2155.0,2487.0,3379782.0,3378075.673
290,165.979062,72.293162,314134.638,-2136.0,2484.0,3379781.0,3378074.102
291,165.974737,72.300787,314137.565,-2107.0,2478.0,3379780.0,3378072.542
292,165.97038,72.308463,314140.511,-2062.0,2470.0,3379778.0,3378070.972
293,165.966049,72.316088,314143.436,-2016.0,2462.0,3379777.0,3378069.413
294,165.961685,72.323764,314146.379,-1953.0,2451.0,3379775.0,3378067.845
295,165.957348,72.331389,314149.302,-1856.0,2434.0,3379774.0,3378066.287
296,165.952978,72.339065,314152.244,-1783.0,2421.0,3379772.0,3378064.72
297,165.948634,72.34669,314155.164,-1642.0,2396.0,3379770.0,3378063.163
298,165.944258,72.354366,314158.103,-1626.0,2393.0,3379770.0,3378061.597
299,165.939879,72.362041,314161.042,-1624.0,2393.0,3379769.0,3378060.032
300,165.935525,72.369666,314163.959,-1605.0,2389.0,3379767.0,3378058.477
301,165.93114,72.377341,314166.895,-1593.0,2387.0,3379765.0,3378056.913
302,165.92678,72.384965,314169.81,-1661.0,2399.0,3379764.0,3378055.359
303,165.922388,72.392641,314172.744,-1679.0,2403.0,3379763.0,3378053.796
304,165.918023,72.400265,314175.656,-1796.0,2424.0,3379762.0,3378052.244
305,165.913624,72.40794,314178.588,-1951.0,2451.0,3379760.0,3378050.682
306,165.909252,72.415563,314181.499,-2135.0,2484.0,3379759.0,3378049.131
307,165.904847,72.423239,314184.428,-2320.0,2517.0,3379758.0,3378047.571
308,165.900469,72.430862,314187.337,-2392.0,2530.0,3379756.0,3378046.021
309,165.896058,72.438537,314190.264,-2517.0,2552.0,3379755.0,3378044.461
310,165.891673,72.44616,314193.17,-2624.0,2571.0,3379754.0,3378042.913
311,165.887255,72.453835,314196.095,-2747.0,2593.0,3379752.0,3378041.354
312,165.882864,72.461458,314198.999,-2866.0,2614.0,3379750.0,3378039.807
313,165.87844,72.469133,314201.922,-2995.0,2637.0,3379749.0,3378038.25
314,165.874043,72.476755,314204.824,-3089.0,2654.0,3379748.0,3378036.704
315,165.869612,72.48443,314207.744,-3190.0,2672.0,3379747.0,3378035.148
316,165.865208,72.492053,314210.644,-3301.0,2692.0,3379745.0,3378033.603
317,165.860771,72.499727,314213.562,-3375.0,2705.0,3379744.0,3378032.049
318,165.856361,72.507349,314216.46,-3463.0,2721.0,3379743.0,3378030.505
319,165.851918,72.515023,314219.376,-3522.0,2731.0,3379741.0,3378028.951
320,165.847501,72.522646,314222.271,-3587.0,2743.0,3379740.0,3378027.409
321,165.843051,72.530319,314225.185,-3663.0,2756.0,3379739.0,3378025.857
322,165.838957,72.537375,314227.863,-3717.0,2766.0,3379737.0,3378024.43
323,165.83453,72.544997,314230.755,-3766.0,2775.0,3379736.0,3378022.889
324,165.830071,72.552671,314233.666,-3802.0,2781.0,3379735.0,3378021.339
325,165.825638,72.560293,314236.556,-3846.0,2789.0,3379732.0,3378019.799
326,165.821172,72.567966,314239.464,-3871.0,2793.0,3379732.0,3378018.25
327,165.816733,72.575588,314242.352,-3904.0,2799.0,3379731.0,3378016.712
328,165.81226,72.583261,314245.258,-3935.0,2805.0,3379729.0,3378015.164
329,165.807815,72.590882,314248.143,-3977.0,2812.0,3379728.0,3378013.627
330,165.803336,72.598555,314251.047,-4015.0,2819.0,3379725.0,3378012.08
331,165.798883,72.606177,314253.931,-4035.0,2823.0,3379725.0,3378010.544
332,165.794398,72.613849,314256.832,-4065.0,2828.0,3379724.0,3378008.999
333,165.789909,72.621522,314259.733,-4079.0,2831.0,3379722.0,3378007.454
334,165.785446,72.629143,314262.613,-4101.0,2835.0,3379720.0,3378005.92
335,165.780951,72.636815,314265.511,-4099.0,2834.0,3379720.0,3378004.376
336,165.776482,72.644436,314268.389,-4083.0,2831.0,3379718.0,3378002.843
337,165.77198,72.652109,314271.285,-4039.0,2823.0,3379717.0,3378001.3
338,165.767505,72.659729,314274.161,-3963.0,2810.0,3379716.0,3377999.769
339,165.762996,72.667401,314277.055,-3854.0,2791.0,3379714.0,3377998.227
340,165.758514,72.675022,314279.929,-3758.0,2774.0,3379712.0,3377996.697
341,165.753998,72.682694,314282.82,-3635.0,2752.0,3379712.0,3377995.157
342,165.74951,72.690314,314285.691,-3557.0,2738.0,3379710.0,3377993.628
343,165.744987,72.697986,314288.581,-3491.0,2726.0,3379709.0,3377992.089
344,165.740492,72.705606,314291.45,-3408.0,2712.0,3379708.0,3377990.561
345,165.735963,72.713278,314294.337,-3349.0,2701.0,3379705.0,3377989.023
346,165.731461,72.720897,314297.204,-3296.0,2692.0,3379705.0,3377987.497
347,165.726926,72.728569,314300.089,-3253.0,2684.0,3379704.0,3377985.96
348,165.722417,72.736189,314302.954,-3217.0,2678.0,3379702.0,3377984.435
349,165.717875,72.74386,314305.837,-3188.0,2673.0,3379700.0,3377982.899
350,165.71336,72.751479,314308.699,-3159.0,2668.0,3379700.0,3377981.375
351,165.70881,72.75915,314311.58,-3129.0,2662.0,3379698.0,3377979.841
352,165.704288,72.76677,314314.44,-3108.0,2658.0,3379697.0,3377978.318
353,165.699732,72.77444,314317.319,-3088.0,2655.0,3379695.0,3377976.785
354,165.695204,72.782059,314320.177,-3066.0,2651.0,3379694.0,3377975.263
355,165.690641,72.78973,314323.053,-3045.0,2647.0,3379692.0,3377973.732
356,165.686106,72.797349,314325.909,-3027.0,2644.0,3379691.0,3377972.211
357,165.681536,72.805019,314328.783,-3026.0,2644.0,3379690.0,3377970.681
358,165.676994,72.812638,314331.636,-3004.0,2640.0,3379689.0,3377969.161
359,165.672786,72.819691,314334.277,-2991.0,2638.0,3379688.0,3377967.755
360,165.668207,72.827361,314337.147,-2975.0,2635.0,3379685.0,3377966.227
361,165.663654,72.834979,314339.998,-2958.0,2632.0,3379685.0,3377964.709
362,165.659068,72.842649,314342.866,-2942.0,2629.0,3379684.0,3377963.182
363,165.654509,72.850267,314345.714,-2931.0,2627.0,3379682.0,3377961.665
364,165.649916,72.857937,314348.581,-2921.0,2626.0,3379680.0,3377960.139
365,165.64535,72.865555,314351.427,-2909.0,2624.0,3379680.0,3377958.624
366,165.64075,72.873225,314354.291,-2894.0,2621.0,3379678.0,3377957.099
367,165.636146,72.880894,314357.154,-2878.0,2618.0,3379677.0,3377955.575
368,165.63157,72.888512,314359.996,-2865.0,2616.0,3379676.0,3377954.061
369,165.62696,72.896181,314362.857,-2852.0,2614.0,3379674.0,3377952.538
370,165.622377,72.903799,314365.698,-2839.0,2611.0,3379673.0,3377951.026
371,165.617759,72.911468,314368.556,-2832.0,2610.0,3379672.0,3377949.504
372,165.613169,72.919085,314371.394,-2820.0,2608.0,3379670.0,3377947.993
373,165.608545,72.926754,314374.251,-2813.0,2607.0,3379669.0,3377946.473
374,165.603948,72.934371,314377.087,-2807.0,2606.0,3379667.0,3377944.963
375,165.599317,72.94204,314379.941,-2802.0,2605.0,3379665.0,3377943.444
376,165.594713,72.949657,314382.774,-2797.0,2604.0,3379665.0,3377941.935
377,165.590075,72.957325,314385.626,-2790.0,2603.0,3379664.0,3377940.417
378,165.585464,72.964942,314388.458,-2783.0,2602.0,3379662.0,3377938.91
379,165.580819,72.972611,314391.307,-2772.0,2600.0,3379660.0,3377937.393
380,165.576201,72.980227,314394.137,-2764.0,2598.0,3379660.0,3377935.887
381,165.571549,72.987895,314396.984,-2758.0,2597.0,3379658.0,3377934.371
382,165.566924,72.995512,314399.811,-2753.0,2596.0,3379657.0,3377932.866
383,165.562264,73.00318,314402.657,-2755.0,2597.0,3379656.0,3377931.352
384,165.557633,73.010796,314405.481,-2751.0,2596.0,3379654.0,3377929.848
385,165.552966,73.018463,314408.324,-2747.0,2595.0,3379653.0,3377928.335
386,165.548328,73.026079,314411.147,-2745.0,2595.0,3379652.0,3377926.833
387,165.543654,73.033747,314413.988,-2744.0,2595.0,3379650.0,3377925.321
388,165.539008,73.041363,314416.808,-2742.0,2595.0,3379649.0,3377923.82
389,165.534328,73.04903,314419.647,-2741.0,2594.0,3379647.0,3377922.309
390,165.529675,73.056646,314422.465,-2740.0,2594.0,3379645.0,3377920.809
391,165.524987,73.064313,314425.301,-2742.0,2595.0,3379645.0,3377919.299
392,165.520327,73.071928,314428.117,-2738.0,2594.0,3379644.0,3377917.801
393,165.515632,73.079595,314430.951,-2736.0,2594.0,3379642.0,3377916.292
394,165.510965,73.08721,314433.765,-2733.0,2593.0,3379640.0,3377914.795
395,165.506263,73.094877,314436.597,-2725.0,2592.0,3379640.0,3377913.288
396,165.501936,73.101926,314439.2,-2722.0,2591.0,3379639.0,3377911.903
397,165.497259,73.109541,314442.01,-2716.0,2590.0,3379637.0,3377910.407
398,165.492546,73.117207,314444.839,-2718.0,2591.0,3379636.0,3377908.902
399,165.487862,73.124822,314447.647,-2718.0,2591.0,3379635.0,3377907.407
400,165.483142,73.132488,314450.474,-2718.0,2591.0,3379633.0,3377905.903
401,165.47845,73.140103,314453.28,-2719.0,2591.0,3379632.0,3377904.41
402,165.473723,73.147769,314456.104,-2717.0,2591.0,3379631.0,3377902.907
403,165.468992,73.155435,314458.927,-2716.0,2590.0,3379629.0,3377901.405
404,165.46429,73.163049,314461.73,-2712.0,2590.0,3379627.0,3377899.914
405,165.459552,73.170715,314464.55,-2708.0,2589.0,3379627.0,3377898.413
406,165.454842,73.178329,314467.351,-2707.0,2589.0,3379625.0,3377896.922
407,165.450097,73.185994,314470.17,-2707.0,2589.0,3379624.0,3377895.423
408,165.44538,73.193608,314472.968,-2707.0,2589.0,3379623.0,3377893.934
409,165.440627,73.201273,314475.784,-2706.0,2589.0,3379622.0,3377892.435
410,165.435903,73.208887,314478.58,-2704.0,2588.0,3379620.0,3377890.948
411,165.431143,73.216552,314481.394,-2706.0,2589.0,3379619.0,3377889.45
412,165.426412,73.224165,314484.188,-2704.0,2589.0,3379618.0,3377887.964
413,165.421644,73.23183,314487.0,-2706.0,2589.0,3379616.0,3377886.468
414,165.416906,73.239443,314489.792,-2705.0,2589.0,3379615.0,3377884.983
415,165.412131,73.247108,314492.602,-2706.0,2589.0,3379614.0,3377883.488
416,165.407385,73.254721,314495.391,-2707.0,2589.0,3379612.0,3377882.004
417,165.402603,73.262386,314498.198,-2709.0,2590.0,3379611.0,3377880.51
418,165.397849,73.269998,314500.986,-2711.0,2590.0,3379610.0,3377879.027
419,165.39306,73.277663,314503.791,-2713.0,2590.0,3379607.0,3377877.535
420,165.388299,73.285275,314506.576,-2714.0,2591.0,3379607.0,3377876.054
421,165.383503,73.292939,314509.379,-2716.0,2591.0,3379606.0,3377874.563
422,165.378734,73.300552,314512.162,-2714.0,2591.0,3379605.0,3377873.082
423,165.37393,73.308215,314514.962,-2716.0,2591.0,3379603.0,3377871.592
424,165.369155,73.315828,314517.743,-2717.0,2591.0,3379602.0,3377870.113
425,165.364343,73.323491,314520.541,-2718.0,2592.0,3379600.0,3377868.625
426,165.35956,73.331103,314523.32,-2725.0,2593.0,3379599.0,3377867.147
427,165.354741,73.338767,314526.116,-2728.0,2593.0,3379598.0,3377865.659
428,165.34995,73.346379,314528.892,-2733.0,2594.0,3379597.0,3377864.183
429,165.345124,73.354042,314531.686,-2739.0,2595.0,3379595.0,3377862.697
430,165.340326,73.361653,314534.46,-2743.0,2596.0,3379594.0,3377861.221
431,165.335492,73.369316,314537.252,-2749.0,2597.0,3379593.0,3377859.736
432,165.330686,73.376928,314540.023,-2756.0,2599.0,3379592.0,3377858.262
433,165.325845,73.38459,314542.813,-2762.0,2600.0,3379590.0,3377856.779
434,165.321389,73.391636,314545.376,-2777.0,2602.0,3379589.0,3377855.415
435,165.316573,73.399247,314548.145,-2789.0,2605.0,3379587.0,3377853.943
436,165.31172,73.40691,314550.931,-2814.0,2609.0,3379587.0,3377852.461
437,165.306864,73.414572,314553.716,-2831.0,2612.0,3379585.0,3377850.98
438,165.302036,73.422183,314556.481,-2845.0,2615.0,3379584.0,3377849.509
439,165.297172,73.429845,314559.264,-2873.0,2620.0,3379583.0,3377848.029
440,165.292337,73.437455,314562.027,-2898.0,2624.0,3379580.0,3377846.56
441,165.287465,73.445117,314564.808,-2955.0,2634.0,3379580.0,3377845.081
442,165.282622,73.452728,314567.568,-3022.0,2646.0,3379579.0,3377843.613
443,165.277743,73.460389,314570.347,-3111.0,2662.0,3379577.0,3377842.136
444,165.272892,73.468,314573.105,-3110.0,2662.0,3379575.0,3377840.669
445,165.268005,73.475661,314575.881,-3117.0,2663.0,3379575.0,3377839.193
446,165.263147,73.483271,314578.637,-3037.0,2649.0,3379574.0,3377837.727
447,165.258253,73.490932,314581.411,-2947.0,2633.0,3379572.0,3377836.252
448,165.253387,73.498542,314584.165,-2840.0,2614.0,3379571.0,3377834.788
449,165.248484,73.506203,314586.937,-2738.0,2596.0,3379570.0,3377833.314
450,165.243611,73.513813,314589.689,-2622.0,2575.0,3379567.0,3377831.851
451,165.238701,73.521474,314592.458,-2498.0,2553.0,3379567.0,3377830.378
452,165.23382,73.529083,314595.207,-2344.0,2526.0,3379566.0,3377828.916
453,165.228902,73.536744,314597.974,-2168.0,2495.0,3379565.0,3377827.445
454,165.224013,73.544353,314600.722,-2013.0,2467.0,3379563.0,3377825.985
455,165.219087,73.552013,314603.487,-1892.0,2446.0,3379562.0,3377824.515
456,165.214191,73.559622,314606.232,-1899.0,2447.0,3379560.0,3377823.055
457,165.209257,73.567282,314608.994,-1896.0,2446.0,3379560.0,3377821.586
458,165.204353,73.574891,314611.737,-1888.0,2445.0,3379558.0,3377820.128
459,165.199412,73.582551,314614.498,-1886.0,2445.0,3379557.0,3377818.661
460,165.1945,73.59016,314617.238,-1905.0,2448.0,3379555.0,3377817.204
461,165.189551,73.597819,314619.996,-1914.0,2450.0,3379554.0,3377815.738
462,165.184631,73.605428,314622.735,-1930.0,2452.0,3379553.0,3377814.282
463,165.179674,73.613087,314625.491,-1973.0,2460.0,3379552.0,3377812.817
464,165.174746,73.620695,314628.227,-2001.0,2465.0,3379551.0,3377811.362
465,165.169782,73.628355,314630.98,-2033.0,2471.0,3379549.0,3377809.899
466,165.164846,73.635962,314633.714,-2081.0,2480.0,3379548.0,3377808.445
467,165.159873,73.643622,314636.466,-2123.0,2487.0,3379547.0,3377806.983
468,165.15493,73.651229,314639.197,-2169.0,2495.0,3379545.0,3377805.531
469,165.149949,73.658888,314641.947,-2198.0,2500.0,3379544.0,3377804.07
470,165.144998,73.666496,314644.676,-2204.0,2502.0,3379542.0,3377802.619
471,165.140411,73.673537,314647.202,-2209.0,2502.0,3379542.0,3377801.277
472,165.135419,73.681196,314649.947,-2206.0,2502.0,3379540.0,3377799.817
473,165.130423,73.688855,314652.692,-2190.0,2499.0,3379539.0,3377798.358
474,165.125456,73.696462,314655.417,-2180.0,2498.0,3379538.0,3377796.91
475,165.120452,73.70412,314658.16,-2169.0,2495.0,3379537.0,3377795.453
476,165.115477,73.711727,314660.883,-2166.0,2495.0,3379535.0,3377794.005
477,165.110465,73.719385,314663.623,-2172.0,2496.0,3379534.0,3377792.549
478,165.105482,73.726991,314666.343,-2172.0,2496.0,3379533.0,3377791.103
479,165.100462,73.734649,314669.081,-2171.0,2496.0,3379532.0,3377789.648
480,165.095471,73.742255,314671.8,-2166.0,2495.0,3379530.0,3377788.204
481,165.090443,73.749913,314674.535,-2168.0,2496.0,3379529.0,3377786.75
482,165.085444,73.757519,314677.252,-2154.0,2493.0,3379528.0,3377785.306
483,165.080408,73.765177,314679.985,-2137.0,2490.0,3379527.0,3377783.854
484,165.075401,73.772783,314682.699,-2153.0,2493.0,3379525.0,3377782.412
485,165.070357,73.78044,314685.43,-2142.0,2491.0,3379524.0,3377780.961
486,165.065342,73.788045,314688.142,-2143.0,2491.0,3379522.0,3377779.52
487,165.060289,73.795702,314690.871,-2146.0,2492.0,3379520.0,3377778.07
488,165.055267,73.803308,314693.58,-2169.0,2496.0,3379520.0,3377776.63
489,165.050206,73.810965,314696.307,-2218.0,2505.0,3379519.0,3377775.181
490,165.045175,73.81857,314699.014,-2263.0,2513.0,3379518.0,3377773.743
491,165.040106,73.826226,314701.739,-2305.0,2520.0,3379515.0,3377772.295
492,165.035067,73.833831,314704.444,-2351.0,2529.0,3379515.0,3377770.858
493,165.02999,73.841488,314707.166,-2395.0,2536.0,3379514.0,3377769.412
494,165.024943,73.849092,314709.869,-2438.0,2544.0,3379513.0,3377767.976
495,165.019857,73.856749,314712.588,-2465.0,2549.0,3379511.0,3377766.531
496,165.014802,73.864353,314715.289,-2481.0,2551.0,3379510.0,3377765.096
497,165.009708,73.872009,314718.007,-2496.0,2554.0,3379509.0,3377763.653
498,165.004645,73.879613,314720.705,-2491.0,2554.0,3379508.0,3377762.219
499,164.999543,73.887269,314723.42,-2479.0,2551.0,3379506.0,3377760.777
500,164.994471,73.894873,314726.116,-2459.0,2548.0,3379505.0,3377759.345
501,164.989361,73.902528,314728.829,-2494.0,2554.0,3379504.0,3377757.903
502,164.984281,73.910132,314731.523,-2523.0,2559.0,3379502.0,3377756.472
503,164.979162,73.917788,314734.234,-2567.0,2567.0,3379500.0,3377755.032
504,164.974074,73.925391,314736.926,-2582.0,2570.0,3379500.0,3377753.603
505,164.968947,73.933046,314739.634,-2592.0,2572.0,3379499.0,3377752.164
506,164.963851,73.94065,314742.324,-2572.0,2568.0,3379498.0,3377750.736
507,164.958716,73.948304,314745.03,-2542.0,2563.0,3379495.0,3377749.298
508,164.953611,73.955908,314747.717,-2522.0,2559.0,3379495.0,3377747.871
509,164.948467,73.963562,314750.421,-2484.0,2553.0,3379494.0,3377746.435
510,164.943734,73.9706,314752.907,-2461.0,2549.0,3379493.0,3377745.115
511,164.938583,73.978254,314755.608,-2437.0,2544.0,3379491.0,3377743.68
512,164.933462,73.985857,314758.291,-2465.0,2549.0,3379490.0,3377742.255
513,164.928302,73.993511,314760.991,-2511.0,2558.0,3379489.0,3377740.821
514,164.923172,74.001114,314763.671,-2545.0,2564.0,3379488.0,3377739.398
515,164.918004,74.008768,314766.369,-2584.0,2570.0,3379486.0,3377737.965
516,164.912866,74.01637,314769.047,-2612.0,2576.0,3379485.0,3377736.543
517,164.907689,74.024024,314771.742,-2619.0,2577.0,3379484.0,3377735.112
518,164.902542,74.031626,314774.418,-2613.0,2576.0,3379482.0,3377733.691
519,164.897357,74.039279,314777.111,-2625.0,2578.0,3379481.0,3377732.261
520,164.892202,74.046881,314779.785,-2627.0,2578.0,3379480.0,3377730.841
521,164.887008,74.054534,314782.475,-2624.0,2578.0,3379479.0,3377729.412
522,164.881845,74.062136,314785.147,-2634.0,2580.0,3379478.0,3377727.994
523,164.876642,74.069789,314787.835,-2684.0,2588.0,3379475.0,3377726.566
524,164.87147,74.07739,314790.504,-2717.0,2594.0,3379475.0,3377725.149
525,164.866259,74.085043,314793.19,-2713.0,2594.0,3379474.0,3377723.723
526,164.861079,74.092644,314795.857,-2719.0,2595.0,3379473.0,3377722.307
527,164.855859,74.100296,314798.541,-2743.0,2599.0,3379470.0,3377720.882
528,164.85067,74.107897,314801.206,-2764.0,2603.0,3379470.0,3377719.467
529,164.845442,74.11555,314803.888,-2784.0,2607.0,3379469.0,3377718.044
530,164.840244,74.12315,314806.55,-2794.0,2609.0,3379468.0,3377716.63
531,164.835007,74.130802,314809.229,-2803.0,2610.0,3379467.0,3377715.208
532,164.829801,74.138403,314811.89,-2793.0,2608.0,3379465.0,3377713.796
533,164.824556,74.146055,314814.567,-2787.0,2607.0,3379464.0,3377712.374
534,164.819341,74.153655,314817.225,-2783.0,2607.0,3379462.0,3377710.963
535,164.814087,74.161306,314819.899,-2786.0,2607.0,3379462.0,3377709.544
536,164.808863,74.168906,314822.555,-2794.0,2608.0,3379460.0,3377708.134
537,164.8036,74.176558,314825.228,-2802.0,2610.0,3379459.0,3377706.715
538,164.798368,74.184158,314827.881,-2803.0,2610.0,3379458.0,3377705.307
539,164.793097,74.191809,314830.552,-2804.0,2610.0,3379457.0,3377703.889
540,164.787856,74.199408,314833.203,-2802.0,2610.0,3379455.0,3377702.482
541,164.782575,74.207059,314835.871,-2817.0,2613.0,3379454.0,3377701.066
542,164.777326,74.214658,314838.52,-2828.0,2615.0,3379453.0,3377699.66
543,164.772037,74.222309,314841.186,-2829.0,2615.0,3379452.0,3377698.245
544,164.766779,74.229908,314843.832,-2824.0,2614.0,3379450.0,3377696.841
545,164.76148,74.237558,314846.496,-2815.0,2613.0,3379449.0,3377695.427
546,164.756214,74.245157,314849.14,-2792.0,2609.0,3379448.0,3377694.024
547,164.750907,74.252807,314851.802,-2790.0,2608.0,3379447.0,3377692.611
548,164.746023,74.259841,314854.247,-2779.0,2606.0,3379446.0,3377691.313
549,164.740708,74.267491,314856.906,-2780.0,2606.0,3379444.0,3377689.902
550,164.735423,74.27509,314859.547,-2784.0,2607.0,3379442.0,3377688.501
551,164.730099,74.282739,314862.203,-2776.0,2606.0,3379442.0,3377687.091
552,164.724806,74.290337,314864.841,-2757.0,2603.0,3379441.0,3377685.692
553,164.719473,74.297987,314867.496,-2751.0,2602.0,3379440.0,3377684.283
554,164.714171,74.305585,314870.131,-2748.0,2601.0,3379438.0,3377682.885
555,164.708828,74.313234,314872.783,-2735.0,2599.0,3379437.0,3377681.477
556,164.703518,74.320832,314875.417,-2751.0,2601.0,3379435.0,3377680.08
557,164.698166,74.32848,314878.067,-2768.0,2605.0,3379435.0,3377678.674
558,164.692847,74.336078,314880.698,-2769.0,2605.0,3379433.0,3377677.278
559,164.687486,74.343727,314883.345,-2787.0,2608.0,3379432.0,3377675.873
560,164.682158,74.351324,314885.974,-2803.0,2611.0,3379430.0,3377674.479
561,164.676788,74.358972,314888.62,-2802.0,2611.0,3379430.0,3377673.075
562,164.671451,74.366569,314891.246,-2812.0,2613.0,3379428.0,3377671.682
563,164.666073,74.374218,314893.889,-2815.0,2613.0,3379427.0,3377670.28
564,164.660726,74.381814,314896.514,-2807.0,2612.0,3379426.0,3377668.887
565,164.655339,74.389462,314899.155,-2815.0,2613.0,3379425.0,3377667.486
566,164.649983,74.397059,314901.777,-2842.0,2618.0,3379424.0,3377666.095
567,164.644586,74.404706,314904.415,-2856.0,2621.0,3379422.0,3377664.696
568,164.639222,74.412303,314907.035,-2869.0,2623.0,3379421.0,3377663.306
569,164.633816,74.41995,314909.671,-2875.0,2624.0,3379420.0,3377661.908
570,164.628442,74.427546,314912.289,-2876.0,2624.0,3379419.0,3377660.519
571,164.623027,74.435193,314914.923,-2868.0,2623.0,3379417.0,3377659.122
572,164.617645,74.442789,314917.538,-2852.0,2620.0,3379415.0,3377657.735
573,164.612221,74.450436,314920.17,-2835.0,2617.0,3379415.0,3377656.339
574,164.606829,74.458032,314922.783,-2833.0,2617.0,3379414.0,3377654.953
575,164.601395,74.465679,314925.413,-2828.0,2616.0,3379413.0,3377653.559
576,164.595994,74.473274,314928.024,-2807.0,2612.0,3379410.0,3377652.174
577,164.590552,74.48092,314930.651,-2804.0,2611.0,3379410.0,3377650.781
578,164.585141,74.488515,314933.259,-2806.0,2612.0,3379409.0,3377649.397
579,164.57969,74.496162,314935.884,-2803.0,2612.0,3379408.0,3377648.005
580,164.57427,74.503757,314938.491,-2794.0,2610.0,3379407.0,3377646.623
581,164.568809,74.511403,314941.113,-2793.0,2610.0,3379405.0,3377645.232
582,164.56338,74.518997,314943.717,-2797.0,2610.0,3379404.0,3377643.852
583,164.55791,74.526643,314946.338,-2794.0,2610.0,3379403.0,3377642.462
584,164.552472,74.534237,314948.94,-2789.0,2609.0,3379402.0,3377641.082
585,164.546993,74.541883,314951.558,-2790.0,2609.0,3379401.0,3377639.694
586,164.541508,74.549528,314954.175,-2778.0,2607.0,3379399.0,3377638.307
587,164.536462,74.556558,314956.58,-2772.0,2606.0,3379397.0,3377637.031
588,164.531005,74.564151,314959.177,-2785.0,2609.0,3379397.0,3377635.654
589,164.525507,74.571796,314961.791,-2776.0,2607.0,3379395.0,3377634.268
590,164.520042,74.57939,314964.386,-2771.0,2606.0,3379395.0,3377632.893
591,164.514534,74.587035,314966.998,-2790.0,2610.0,3379393.0,3377631.508
592,164.509059,74.594628,314969.59,-2802.0,2612.0,3379392.0,3377630.134
593,164.503542,74.602273,314972.199,-2817.0,2614.0,3379390.0,3377628.75
594,164.498058,74.609866,314974.79,-2832.0,2617.0,3379390.0,3377627.377
595,164.492531,74.61751,314977.397,-2840.0,2619.0,3379389.0,3377625.995
596,164.487038,74.625103,314979.985,-2837.0,2618.0,3379387.0,3377624.623
597,164.481502,74.632747,314982.59,-2840.0,2619.0,3379386.0,3377623.243
598,164.475998,74.64034,314985.176,-2853.0,2621.0,3379385.0,3377621.872
599,164.470453,74.647983,314987.778,-2853.0,2621.0,3379384.0,3377620.492
600,164.46494,74.655576,314990.362,-2845.0,2620.0,3379383.0,3377619.123
601,164.459385,74.663219,314992.962,-2845.0,2620.0,3379381.0,3377617.745
602,164.453863,74.670811,314995.543,-2843.0,2619.0,3379380.0,3377616.377
603,164.448298,74.678455,314998.141,-2837.0,2618.0,3379379.0,3377615.0
604,164.442766,74.686046,315000.72,-2839.0,2619.0,3379377.0,3377613.633
605,164.437192,74.693689,315003.316,-2857.0,2622.0,3379377.0,3377612.257
606,164.431651,74.701281,315005.893,-2855.0,2621.0,3379375.0,3377610.892
607,164.426067,74.708924,315008.486,-2864.0,2623.0,3379374.0,3377609.517
608,164.420516,74.716515,315011.061,-2858.0,2622.0,3379373.0,3377608.153
609,164.414922,74.724158,315013.652,-2861.0,2623.0,3379372.0,3377606.78
610,164.409362,74.731749,315016.224,-2864.0,2623.0,3379370.0,3377605.417
611,164.403759,74.739391,315018.813,-2863.0,2623.0,3379370.0,3377604.045
612,164.398188,74.746982,315021.383,-2861.0,2623.0,3379368.0,3377602.683
613,164.392575,74.754624,315023.969,-2856.0,2622.0,3379367.0,3377601.313
614,164.386995,74.762214,315026.537,-2852.0,2621.0,3379366.0,3377599.952
615,164.381373,74.769856,315029.121,-2856.0,2622.0,3379365.0,3377598.583
616,164.375783,74.777447,315031.687,-2862.0,2623.0,3379364.0,3377597.223
617,164.37015,74.785088,315034.269,-2862.0,2623.0,3379362.0,3377595.856
618,164.364551,74.792678,315036.832,-2848.0,2621.0,3379361.0,3377594.497
619,164.358909,74.800319,315039.412,-2850.0,2621.0,3379360.0,3377593.131
620,164.353299,74.807909,315041.973,-2850.0,2621.0,3379359.0,3377591.774
621,164.347647,74.81555,315044.55,-2849.0,2621.0,3379357.0,3377590.409
622,164.34199,74.823191,315047.126,-2842.0,2620.0,3379356.0,3377589.044
623,164.336366,74.83078,315049.684,-2832.0,2618.0,3379355.0,3377587.689
624,164.330699,74.838421,315052.258,-2814.0,2615.0,3379354.0,3377586.326
625,164.325065,74.84601,315054.813,-2799.0,2612.0,3379353.0,3377584.972
626,164.319846,74.853035,315057.178,-2794.0,2611.0,3379352.0,3377583.72
627,164.314164,74.860675,315059.748,-2787.0,2610.0,3379350.0,3377582.358
628,164.308516,74.868264,315062.3,-2777.0,2608.0,3379349.0,3377581.006
629,164.302825,74.875904,315064.868,-2770.0,2607.0,3379348.0,3377579.646
630,164.297167,74.883493,315067.418,-2755.0,2605.0,3379347.0,3377578.296
631,164.291465,74.891132,315069.984,-2755.0,2605.0,3379345.0,3377576.937
632,164.285797,74.898721,315072.532,-2773.0,2608.0,3379345.0,3377575.587
633,164.280086,74.90636,315075.095,-2788.0,2611.0,3379344.0,3377574.23
634,164.274407,74.913948,315077.641,-2801.0,2613.0,3379342.0,3377572.882
635,164.268686,74.921587,315080.202,-2803.0,2613.0,3379341.0,3377571.525
636,164.262998,74.929175,315082.745,-2796.0,2612.0,3379340.0,3377570.179
637,164.257266,74.936814,315085.304,-2782.0,2610.0,3379339.0,3377568.823
638,164.251568,74.944401,315087.845,-2775.0,2608.0,3379337.0,3377567.478
639,164.245826,74.95204,315090.402,-2802.0,2613.0,3379336.0,3377566.124
640,164.240118,74.959627,315092.94,-2826.0,2617.0,3379335.0,3377564.78
641,164.234366,74.967265,315095.495,-2839.0,2620.0,3379334.0,3377563.427
642,164.228648,74.974852,315098.031,-2857.0,2623.0,3379333.0,3377562.085
643,164.222886,74.982491,315100.583,-2869.0,2625.0,3379332.0,3377560.733
644,164.217158,74.990077,315103.117,-2880.0,2627.0,3379330.0,3377559.392
645,164.211385,74.997715,315105.667,-2886.0,2628.0,3379329.0,3377558.042
646,164.205647,75.005301,315108.199,-2892.0,2629.0,3379328.0,3377556.701
647,164.199864,75.012939,315110.746,-2899.0,2631.0,3379327.0,3377555.353
648,164.194116,75.020525,315113.276,-2904.0,2632.0,3379325.0,3377554.014
649,164.188323,75.028163,315115.821,-2909.0,2632.0,3379325.0,3377552.666
650,164.182564,75.035748,315118.348,-2914.0,2634.0,3379324.0,3377551.328
651,164.176761,75.043385,315120.891,-2917.0,2634.0,3379322.0,3377549.982
652,164.170992,75.050971,315123.416,-2919.0,2634.0,3379321.0,3377548.646
653,164.165178,75.058608,315125.957,-2917.0,2634.0,3379320.0,3377547.301
654,164.159399,75.066193,315128.48,-2915.0,2634.0,3379319.0,3377545.966
655,164.153575,75.07383,315131.018,-2915.0,2634.0,3379317.0,3377544.622
656,164.147746,75.081466,315133.556,-2915.0,2634.0,3379317.0,3377543.279
657,164.141951,75.089051,315136.075,-2913.0,2633.0,3379315.0,3377541.946
658,164.136112,75.096687,315138.61,-2908.0,2633.0,3379314.0,3377540.604
659,164.130306,75.104272,315141.127,-2904.0,2632.0,3379313.0,3377539.272
660,164.124456,75.111908,315143.66,-2903.0,2632.0,3379312.0,3377537.932
661,164.118641,75.119492,315146.174,-2901.0,2631.0,3379310.0,3377536.601
662,164.11278,75.127128,315148.705,-2902.0,2632.0,3379310.0,3377535.262
663,164.106954,75.134712,315151.217,-2904.0,2632.0,3379308.0,3377533.933
664,164.101083,75.142347,315153.745,-2898.0,2631.0,3379307.0,3377532.595
665,164.095247,75.149931,315156.255,-2881.0,2628.0,3379305.0,3377531.267
666,164.089839,75.156951,315158.578,-2877.0,2627.0,3379305.0,3377530.038
667,164.083953,75.164586,315161.103,-2897.0,2631.0,3379304.0,3377528.702
668,164.078101,75.172169,315163.609,-2916.0,2635.0,3379303.0,3377527.376
669,164.072204,75.179804,315166.132,-2931.0,2637.0,3379302.0,3377526.041
670,164.066342,75.187387,315168.636,-2937.0,2638.0,3379300.0,3377524.716
671,164.060435,75.195021,315171.157,-2938.0,2638.0,3379299.0,3377523.383
672,164.054562,75.202604,315173.659,-2941.0,2639.0,3379298.0,3377522.059
673,164.048644,75.210238,315176.177,-2941.0,2639.0,3379297.0,3377520.727
674,164.04276,75.217821,315178.677,-2937.0,2638.0,3379296.0,3377519.404
675,164.036831,75.225455,315181.192,-2936.0,2638.0,3379295.0,3377518.074
676,164.030937,75.233037,315183.69,-2936.0,2638.0,3379292.0,3377516.752
677,164.024997,75.240671,315186.203,-2935.0,2638.0,3379292.0,3377515.423
678,164.019093,75.248253,315188.699,-2934.0,2638.0,3379290.0,3377514.103
679,164.013142,75.255886,315191.21,-2935.0,2638.0,3379290.0,3377512.775
680,164.007227,75.263468,315193.703,-2933.0,2638.0,3379289.0,3377511.456
681,164.001266,75.271101,315196.212,-2934.0,2638.0,3379288.0,3377510.129
682,163.995339,75.278682,315198.703,-2935.0,2638.0,3379287.0,3377508.812
683,163.989368,75.286315,315201.209,-2937.0,2638.0,3379285.0,3377507.487
684,163.983431,75.293896,315203.698,-2939.0,2639.0,3379284.0,3377506.17
685,163.977448,75.301529,315206.202,-2939.0,2639.0,3379283.0,3377504.846
686,163.9715,75.30911,315208.688,-2937.0,2638.0,3379282.0,3377503.531
687,163.965507,75.316742,315211.19,-2933.0,2638.0,3379281.0,3377502.208
688,163.959548,75.324322,315213.674,-2933.0,2638.0,3379280.0,3377500.895
689,163.953543,75.331954,315216.174,-2930.0,2638.0,3379279.0,3377499.573
690,163.947574,75.339535,315218.655,-2930.0,2638.0,3379277.0,3377498.261
691,163.941559,75.347166,315221.153,-2931.0,2638.0,3379276.0,3377496.941
692,163.935538,75.354798,315223.649,-2930.0,2637.0,3379275.0,3377495.621
693,163.929552,75.362378,315226.127,-2926.0,2637.0,3379274.0,3377494.31
694,163.92352,75.370009,315228.621,-2921.0,2636.0,3379272.0,3377492.992
695,163.917523,75.377588,315231.097,-2926.0,2637.0,3379272.0,3377491.683
696,163.91148,75.385219,315233.589,-2932.0,2638.0,3379270.0,3377490.366
697,163.905472,75.392799,315236.062,-2942.0,2640.0,3379269.0,3377489.058
698,163.899418,75.400429,315238.551,-2949.0,2641.0,3379268.0,3377487.742
699,163.893399,75.408008,315241.023,-2943.0,2640.0,3379267.0,3377486.436
700,163.887334,75.415639,315243.51,-2940.0,2640.0,3379265.0,3377485.121
701,163.881305,75.423218,315245.979,-2939.0,2639.0,3379265.0,3377483.816
702,163.875228,75.430848,315248.464,-2936.0,2639.0,3379264.0,3377482.503
703,163.869187,75.438426,315250.931,-2936.0,2639.0,3379263.0,3377481.199
704,163.8631,75.446056,315253.413,-2937.0,2639.0,3379261.0,3377479.887
705,163.857048,75.453634,315255.878,-2936.0,2639.0,3379260.0,3377478.584
706,163.851441,75.460649,315258.158,-2935.0,2639.0,3379259.0,3377477.379
707,163.845337,75.468278,315260.637,-2935.0,2639.0,3379258.0,3377476.069
708,163.839269,75.475856,315263.098,-2941.0,2640.0,3379257.0,3377474.768
709,163.833154,75.483485,315265.575,-2943.0,2640.0,3379256.0,3377473.46
710,163.827074,75.491063,315268.034,-2941.0,2640.0,3379255.0,3377472.16
711,163.820948,75.498691,315270.508,-2939.0,2640.0,3379254.0,3377470.853
712,163.814857,75.506269,315272.965,-2936.0,2639.0,3379252.0,3377469.554
713,163.808719,75.513897,315275.437,-2933.0,2639.0,3379250.0,3377468.248
714,163.802617,75.521474,315277.891,-2931.0,2638.0,3379250.0,3377466.951
715,163.796468,75.529102,315280.361,-2921.0,2637.0,3379249.0,3377465.646
716,163.790355,75.536679,315282.813,-2922.0,2637.0,3379248.0,3377464.351
717,163.784194,75.544307,315285.281,-2925.0,2637.0,3379247.0,3377463.047
718,163.77807,75.551883,315287.731,-2926.0,2638.0,3379245.0,3377461.753
719,163.771898,75.559511,315290.196,-2928.0,2638.0,3379245.0,3377460.451
720,163.765762,75.567087,315292.643,-2925.0,2638.0,3379243.0,3377459.158
721,163.759579,75.574714,315295.106,-2923.0,2637.0,3379242.0,3377457.857
722,163.753431,75.58229,315297.552,-2918.0,2636.0,3379241.0,3377456.565
723,163.747236,75.589917,315300.012,-2916.0,2636.0,3379240.0,3377455.265
724,163.741077,75.597493,315302.455,-2915.0,2636.0,3379239.0,3377453.975
725,163.734871,75.605119,315304.913,-2919.0,2637.0,3379238.0,3377452.677
726,163.728659,75.612746,315307.371,-2920.0,2637.0,3379237.0,3377451.379
727,163.722483,75.620321,315309.81,-2921.0,2637.0,3379236.0,3377450.09
728,163.716259,75.627947,315312.265,-2922.0,2637.0,3379234.0,3377448.794
729,163.710071,75.635522,315314.702,-2916.0,2636.0,3379232.0,3377447.507
730,163.703836,75.643148,315317.155,-2908.0,2635.0,3379232.0,3377446.211
731,163.697637,75.650722,315319.59,-2904.0,2634.0,3379231.0,3377444.926
732,163.69139,75.658348,315322.04,-2886.0,2631.0,3379230.0,3377443.632
733,163.685179,75.665922,315324.473,-2871.0,2628.0,3379229.0,3377442.347
734,163.67892,75.673547,315326.921,-2874.0,2629.0,3379228.0,3377441.055
735,163.672698,75.681121,315329.351,-2873.0,2629.0,3379227.0,3377439.771
736,163.666427,75.688746,315331.797,-2878.0,2629.0,3379225.0,3377438.48
737,163.660193,75.69632,315334.225,-2884.0,2631.0,3379224.0,3377437.198
738,163.653911,75.703945,315336.668,-2887.0,2631.0,3379223.0,3377435.908
739,163.647665,75.711518,315339.094,-2883.0,2631.0,3379222.0,3377434.627
740,163.641371,75.719142,315341.535,-2891.0,2632.0,3379220.0,3377433.339
741,163.635113,75.726715,315343.958,-2900.0,2634.0,3379220.0,3377432.059
742,163.628807,75.734339,315346.397,-2916.0,2637.0,3379219.0,3377430.772
743,163.622538,75.741912,315348.818,-2922.0,2638.0,3379218.0,3377429.494
744,163.61622,75.749536,315351.255,-2924.0,2638.0,3379217.0,3377428.208
745,163.609939,75.757108,315353.674,-2924.0,2638.0,3379215.0,3377426.931
746,163.604119,75.764118,315355.912,-2924.0,2638.0,3379214.0,3377425.749
747,163.597784,75.771741,315358.345,-2924.0,2638.0,3379212.0,3377424.465
748,163.591485,75.779313,315360.76,-2923.0,2638.0,3379212.0,3377423.19
749,163.585138,75.786936,315363.191,-2925.0,2638.0,3379211.0,3377421.908
750,163.578828,75.794508,315365.604,-2923.0,2638.0,3379210.0,3377420.634
751,163.572468,75.802131,315368.033,-2922.0,2638.0,3379209.0,3377419.352
752,163.566146,75.809702,315370.444,-2922.0,2638.0,3379208.0,3377418.08
753,163.559775,75.817324,315372.87,-2924.0,2638.0,3379207.0,3377416.8
754,163.55344,75.824896,315375.278,-2925.0,2639.0,3379205.0,3377415.529
755,163.547057,75.832518,315377.702,-2924.0,2638.0,3379204.0,3377414.25
756,163.54071,75.840088,315380.109,-2924.0,2638.0,3379203.0,3377412.98
757,163.534315,75.84771,315382.53,-2923.0,2638.0,3379202.0,3377411.702
758,163.527956,75.855281,315384.934,-2920.0,2638.0,3379200.0,3377410.434
759,163.521548,75.862902,315387.353,-2915.0,2637.0,3379200.0,3377409.158
760,163.515135,75.870524,315389.771,-2914.0,2637.0,3379199.0,3377407.882
761,163.508758,75.878094,315392.172,-2913.0,2637.0,3379198.0,3377406.615
762,163.502332,75.885715,315394.588,-2915.0,2637.0,3379197.0,3377405.341
763,163.495943,75.893284,315396.986,-2914.0,2637.0,3379196.0,3377404.076
764,163.489504,75.900905,315399.4,-2914.0,2637.0,3379194.0,3377402.803
765,163.483103,75.908474,315401.796,-2914.0,2637.0,3379192.0,3377401.539
766,163.476653,75.916095,315404.207,-2913.0,2637.0,3379192.0,3377400.267
767,163.470239,75.923664,315406.601,-2913.0,2637.0,3379191.0,3377399.004
768,163.463776,75.931284,315409.009,-2910.0,2636.0,3379190.0,3377397.734
769,163.457351,75.938853,315411.401,-2907.0,2636.0,3379189.0,3377396.473
770,163.450875,75.946472,315413.807,-2903.0,2635.0,3379188.0,3377395.203
771,163.444437,75.954041,315416.196,-2903.0,2635.0,3379187.0,3377393.943
772,163.437949,75.96166,315418.601,-2903.0,2635.0,3379185.0,3377392.675
773,163.431499,75.969229,315420.987,-2903.0,2635.0,3379185.0,3377391.417
774,163.424999,75.976848,315423.389,-2901.0,2635.0,3379183.0,3377390.15
775,163.418536,75.984416,315425.774,-2898.0,2634.0,3379182.0,3377388.893
776,163.412023,75.992034,315428.173,-2897.0,2634.0,3379180.0,3377387.628
777,163.405548,75.999602,315430.556,-2897.0,2634.0,3379180.0,3377386.371
778,163.399023,76.00722,315432.953,-2897.0,2634.0,3379179.0,3377385.108
779,163.392535,76.014788,315435.333,-2900.0,2635.0,3379178.0,3377383.853
780,163.385997,76.022406,315437.728,-2896.0,2634.0,3379177.0,3377382.59
781,163.379497,76.029973,315440.106,-2889.0,2633.0,3379176.0,3377381.337
782,163.372946,76.03759,315442.498,-2882.0,2632.0,3379175.0,3377380.075
783,163.366433,76.045157,315444.874,-2874.0,2630.0,3379174.0,3377378.823
784,163.35987,76.052775,315447.264,-2865.0,2629.0,3379173.0,3377377.563
785,163.353345,76.060341,315449.637,-2856.0,2627.0,3379171.0,3377376.312
786,163.346769,76.067958,315452.025,-2855.0,2627.0,3379170.0,3377375.053
787,163.340717,76.074962,315454.22,-2860.0,2628.0,3379169.0,3377373.897
788,163.334173,76.082527,315456.589,-2865.0,2629.0,3379167.0,3377372.648
789,163.327579,76.090144,315458.974,-2868.0,2629.0,3379167.0,3377371.391
790,163.321022,76.09771,315461.341,-2872.0,2630.0,3379165.0,3377370.143
791,163.314415,76.105326,315463.724,-2876.0,2631.0,3379165.0,3377368.888
792,163.307845,76.112891,315466.089,-2881.0,2632.0,3379164.0,3377367.641
793,163.301225,76.120507,315468.469,-2885.0,2633.0,3379163.0,3377366.387
794,163.294643,76.128072,315470.831,-2887.0,2633.0,3379162.0,3377365.142
795,163.28801,76.135688,315473.209,-2888.0,2633.0,3379160.0,3377363.889
796,163.28137,76.143304,315475.586,-2887.0,2633.0,3379160.0,3377362.637
797,163.274769,76.150868,315477.945,-2887.0,2633.0,3379159.0,3377361.394
798,163.268116,76.158483,315480.319,-2885.0,2633.0,3379157.0,3377360.143
799,163.261502,76.166047,315482.676,-2886.0,2633.0,3379156.0,3377358.901
800,163.254836,76.173662,315485.048,-2886.0,2633.0,3379155.0,3377357.652
801,163.248209,76.181226,315487.403,-2885.0,2633.0,3379154.0,3377356.411
802,163.24153,76.18884,315489.772,-2883.0,2633.0,3379153.0,3377355.163
803,163.23489,76.196404,315492.125,-2882.0,2632.0,3379152.0,3377353.923
804,163.228198,76.204018,315494.492,-2882.0,2632.0,3379151.0,3377352.677
805,163.221545,76.211581,315496.842,-2882.0,2632.0,3379150.0,3377351.439
806,163.21484,76.219195,315499.207,-2883.0,2632.0,3379149.0,3377350.193
807,163.208174,76.226758,315501.555,-2882.0,2633.0,3379147.0,3377348.956
808,163.201456,76.234371,315503.917,-2883.0,2633.0,3379147.0,3377347.712
809,163.194777,76.241934,315506.263,-2885.0,2633.0,3379145.0,3377346.477
810,163.188046,76.249547,315508.623,-2884.0,2633.0,3379145.0,3377345.234
811,163.181353,76.257109,315510.967,-2885.0,2633.0,3379143.0,3377344.0
812,163.174609,76.264722,315513.324,-2886.0,2633.0,3379142.0,3377342.758
813,163.167903,76.272284,315515.665,-2887.0,2633.0,3379140.0,3377341.525
814,163.161145,76.279896,315518.021,-2888.0,2634.0,3379140.0,3377340.285
815,163.154426,76.287458,315520.36,-2890.0,2634.0,3379139.0,3377339.054
816,163.147655,76.29507,315522.713,-2892.0,2634.0,3379138.0,3377337.814
817,163.140923,76.302631,315525.049,-2895.0,2635.0,3379137.0,3377336.584
818,163.134138,76.310243,315527.4,-2895.0,2635.0,3379136.0,3377335.347
819,163.127393,76.317804,315529.734,-2896.0,2635.0,3379135.0,3377334.118
820,163.120595,76.325415,315532.083,-2899.0,2636.0,3379134.0,3377332.881
821,163.113836,76.332976,315534.415,-2901.0,2636.0,3379133.0,3377331.654
822,163.107024,76.340587,315536.761,-2905.0,2637.0,3379132.0,3377330.419
823,163.100252,76.348147,315539.09,-2909.0,2638.0,3379131.0,3377329.193
824,163.093427,76.355758,315541.434,-2910.0,2638.0,3379130.0,3377327.959
825,163.086641,76.363318,315543.762,-2913.0,2639.0,3379129.0,3377326.734
826,163.079803,76.370928,315546.103,-2913.0,2638.0,3379127.0,3377325.501
827,163.073003,76.378488,315548.428,-2912.0,2638.0,3379125.0,3377324.278
828,163.066703,76.385485,315550.579,-2911.0,2638.0,3379125.0,3377323.146
829,163.059845,76.393095,315552.917,-2905.0,2637.0,3379124.0,3377321.915
830,163.053026,76.400654,315555.239,-2901.0,2636.0,3379123.0,3377320.694
831,163.046154,76.408264,315557.575,-2901.0,2637.0,3379122.0,3377319.464
832,163.039321,76.415822,315559.894,-2908.0,2638.0,3379120.0,3377318.244
833,163.032435,76.423432,315562.228,-2910.0,2638.0,3379120.0,3377317.016
834,163.025543,76.431041,315564.56,-2914.0,2639.0,3379119.0,3377315.789
835,163.01869,76.438599,315566.876,-2919.0,2640.0,3379118.0,3377314.571
836,163.011783,76.446208,315569.206,-2923.0,2641.0,3379117.0,3377313.345
837,163.004916,76.453766,315571.519,-2926.0,2641.0,3379116.0,3377312.128
838,162.997996,76.461374,315573.847,-2928.0,2642.0,3379115.0,3377310.903
839,162.991115,76.468931,315576.158,-2932.0,2642.0,3379114.0,3377309.687
840,162.984181,76.47654,315578.484,-2937.0,2643.0,3379113.0,3377308.464
841,162.977286,76.484097,315580.792,-2940.0,2644.0,3379112.0,3377307.249
842,162.970338,76.491704,315583.115,-2944.0,2645.0,3379111.0,3377306.027
843,162.96343,76.499261,315585.422,-2951.0,2646.0,3379110.0,3377304.814
844,162.956468,76.506869,315587.743,-2949.0,2645.0,3379107.0,3377303.594
845,162.949546,76.514425,315590.047,-2948.0,2645.0,3379107.0,3377302.382
846,162.94257,76.522032,315592.365,-2947.0,2645.0,3379106.0,3377301.163
847,162.935633,76.529588,315594.667,-2948.0,2645.0,3379105.0,3377299.952
848,162.928643,76.537195,315596.983,-2951.0,2646.0,3379104.0,3377298.734
849,162.921693,76.54475,315599.283,-2954.0,2646.0,3379103.0,3377297.525
850,162.914689,76.552357,315601.597,-2954.0,2646.0,3379102.0,3377296.308
851,162.907724,76.559912,315603.894,-2954.0,2646.0,3379100.0,3377295.1
852,162.900706,76.567518,315606.206,-2950.0,2646.0,3379100.0,3377293.885
853,162.893728,76.575073,315608.5,-2947.0,2645.0,3379099.0,3377292.678
854,162.886695,76.582679,315610.81,-2947.0,2645.0,3379098.0,3377291.464
855,162.879702,76.590233,315613.102,-2945.0,2645.0,3379097.0,3377290.259
856,162.872655,76.597839,315615.409,-2942.0,2645.0,3379095.0,3377289.046
857,162.865649,76.605393,315617.699,-2939.0,2644.0,3379095.0,3377287.842
858,162.858588,76.612998,315620.004,-2938.0,2644.0,3379094.0,3377286.631
859,162.851567,76.620552,315622.292,-2936.0,2644.0,3379093.0,3377285.428
860,162.844491,76.628156,315624.594,-2932.0,2643.0,3379092.0,3377284.218
861,162.837456,76.63571,315626.88,-2924.0,2642.0,3379091.0,3377283.017
862,162.830366,76.643314,315629.18,-2924.0,2642.0,3379090.0,3377281.808
863,162.823316,76.650867,315631.463,-2930.0,2643.0,3379089.0,3377280.608
864,162.816212,76.658471,315633.761,-2935.0,2643.0,3379087.0,3377279.401
865,162.809148,76.666024,315636.042,-2940.0,2644.0,3379087.0,3377278.202
866,162.802029,76.673627,315638.337,-2945.0,2645.0,3379085.0,3377276.996
867,162.794951,76.68118,315640.615,-2950.0,2646.0,3379084.0,3377275.798
868,162.787818,76.688783,315642.908,-2956.0,2647.0,3379083.0,3377274.594
869,162.780725,76.696335,315645.185,-2963.0,2649.0,3379082.0,3377273.398
870,162.774105,76.703377,315647.306,-2970.0,2650.0,3379080.0,3377272.283
871,162.766998,76.710928,315649.58,-2977.0,2651.0,3379080.0,3377271.088
872,162.759836,76.718531,315651.869,-2980.0,2652.0,3379079.0,3377269.886
873,162.752714,76.726082,315654.141,-2982.0,2652.0,3379078.0,3377268.693
874,162.745538,76.733684,315656.427,-2986.0,2653.0,3379077.0,3377267.492
875,162.738402,76.741235,315658.696,-2986.0,2653.0,3379075.0,3377266.3
876,162.73121,76.748837,315660.98,-2984.0,2652.0,3379075.0,3377265.1
877,162.724059,76.756388,315663.247,-2984.0,2653.0,3379074.0,3377263.909
878,162.716853,76.763989,315665.528,-2985.0,2653.0,3379073.0,3377262.711
879,162.709688,76.771539,315667.793,-2987.0,2653.0,3379072.0,3377261.521
880,162.702466,76.77914,315670.072,-2988.0,2653.0,3379071.0,3377260.325
881,162.695286,76.78669,315672.335,-2990.0,2654.0,3379070.0,3377259.136
882,162.68805,76.794291,315674.611,-2990.0,2654.0,3379069.0,3377257.941
883,162.680855,76.80184,315676.872,-2991.0,2654.0,3379067.0,3377256.754
884,162.673604,76.809441,315679.146,-2988.0,2654.0,3379067.0,3377255.56
885,162.666395,76.81699,315681.404,-2984.0,2653.0,3379066.0,3377254.374
886,162.659128,76.82459,315683.676,-2981.0,2652.0,3379065.0,3377253.181
887,162.651904,76.832138,315685.932,-2977.0,2652.0,3379064.0,3377251.997
888,162.644623,76.839738,315688.201,-2971.0,2651.0,3379063.0,3377250.805
889,162.637383,76.847286,315690.455,-2965.0,2650.0,3379062.0,3377249.622
890,162.630087,76.854886,315692.722,-2959.0,2648.0,3379060.0,3377248.432
891,162.622832,76.862434,315694.973,-2945.0,2646.0,3379060.0,3377247.251
892,162.615521,76.870032,315697.238,-2918.0,2641.0,3379059.0,3377246.062
893,162.608251,76.87758,315699.487,-2887.0,2636.0,3379058.0,3377244.881
894,162.600925,76.885178,315701.749,-2872.0,2633.0,3379057.0,3377243.694
895,162.59364,76.892726,315703.996,-2873.0,2633.0,3379055.0,3377242.515
896,162.586298,76.900324,315706.256,-2865.0,2632.0,3379055.0,3377241.328
897,162.578998,76.907871,315708.5,-2861.0,2631.0,3379054.0,3377240.151
898,162.571641,76.915468,315710.758,-2857.0,2631.0,3379053.0,3377238.966
899,162.564325,76.923015,315713.0,-2850.0,2630.0,3379052.0,3377237.79
900,162.556953,76.930612,315715.255,-2850.0,2630.0,3379051.0,3377236.606
901,162.549622,76.938158,315717.495,-2853.0,2630.0,3379050.0,3377235.431
902,162.542235,76.945755,315719.748,-2872.0,2634.0,3379049.0,3377234.249
903,162.534889,76.953301,315721.985,-2887.0,2636.0,3379048.0,3377233.075
904,162.527485,76.960897,315724.236,-2898.0,2638.0,3379046.0,3377231.894
905,162.520124,76.968443,315726.471,-2908.0,2640.0,3379045.0,3377230.722
906,162.512705,76.976039,315728.72,-2914.0,2641.0,3379044.0,3377229.542
907,162.505329,76.983584,315730.952,-2920.0,2642.0,3379042.0,3377228.371
908,162.497894,76.99118,315733.198,-2929.0,2644.0,3379042.0,3377227.193
909,162.490502,76.998724,315735.428,-2937.0,2645.0,3379040.0,3377226.023
910,162.483052,77.00632,315737.672,-2946.0,2647.0,3379040.0,3377224.846
911,162.475594,77.013915,315739.915,-2956.0,2649.0,3379039.0,3377223.67
912,162.46873,77.020898,315741.976,-2954.0,2648.0,3379038.0,3377222.589
913,162.461307,77.028442,315744.202,-2937.0,2645.0,3379037.0,3377221.422
914,162.453826,77.036036,315746.441,-2921.0,2642.0,3379035.0,3377220.247
915,162.446388,77.04358,315748.664,-2909.0,2640.0,3379035.0,3377219.082
916,162.438891,77.051174,315750.902,-2899.0,2639.0,3379034.0,3377217.908
917,162.431437,77.058717,315753.122,-2894.0,2638.0,3379033.0,3377216.744
918,162.423925,77.066311,315755.357,-2889.0,2637.0,3379032.0,3377215.572
919,162.416455,77.073854,315757.576,-2884.0,2636.0,3379031.0,3377214.409
920,162.408927,77.081447,315759.808,-2878.0,2635.0,3379030.0,3377213.239
921,162.401441,77.088989,315762.024,-2875.0,2634.0,3379029.0,3377212.077
922,162.393897,77.096582,315764.254,-2879.0,2635.0,3379028.0,3377210.908
923,162.386395,77.104124,315766.468,-2870.0,2634.0,3379027.0,3377209.747
924,162.378835,77.111717,315768.696,-2849.0,2630.0,3379026.0,3377208.58
925,162.371317,77.119258,315770.908,-2827.0,2626.0,3379025.0,3377207.421
926,162.363741,77.126851,315773.133,-2811.0,2623.0,3379024.0,3377206.254
927,162.356207,77.134392,315775.342,-2820.0,2625.0,3379022.0,3377205.096
928,162.348615,77.141984,315777.565,-2826.0,2626.0,3379022.0,3377203.931
929,162.341066,77.149524,315779.772,-2827.0,2626.0,3379020.0,3377202.775
930,162.333457,77.157116,315781.993,-2825.0,2626.0,3379020.0,3377201.611
931,162.325891,77.164656,315784.197,-2820.0,2625.0,3379019.0,3377200.456
932,162.318267,77.172247,315786.416,-2814.0,2624.0,3379018.0,3377199.294
933,162.310685,77.179787,315788.618,-2809.0,2623.0,3379017.0,3377198.14
934,162.303044,77.187378,315790.834,-2806.0,2622.0,3379015.0,3377196.979
935,162.295446,77.194917,315793.034,-2802.0,2622.0,3379015.0,3377195.826
936,162.287788,77.202508,315795.248,-2798.0,2621.0,3379014.0,3377194.667
937,162.280174,77.210047,315797.445,-2795.0,2621.0,3379013.0,3377193.515
938,162.2725,77.217637,315799.657,-2793.0,2620.0,3379012.0,3377192.357
939,162.26487,77.225175,315801.852,-2791.0,2620.0,3379011.0,3377191.207
940,162.257179,77.232765,315804.061,-2789.0,2619.0,3379010.0,3377190.05
941,162.249532,77.240303,315806.254,-2782.0,2618.0,3379009.0,3377188.902
942,162.241826,77.247892,315808.461,-2776.0,2617.0,3379008.0,3377187.746
943,162.234162,77.25543,315810.651,-2778.0,2618.0,3379007.0,3377186.599
944,162.226439,77.263019,315812.856,-2776.0,2617.0,3379006.0,3377185.444
945,162.218707,77.270607,315815.059,-2776.0,2617.0,3379005.0,3377184.291
946,162.211019,77.278144,315817.246,-2775.0,2617.0,3379004.0,3377183.145
947,162.203271,77.285732,315819.447,-2773.0,2617.0,3379002.0,3377181.993
948,162.195566,77.293269,315821.631,-2770.0,2617.0,3379002.0,3377180.849
949,162.187801,77.300857,315823.83,-2769.0,2616.0,3379000.0,3377179.698
950,162.18008,77.308393,315826.012,-2768.0,2616.0,3379000.0,3377178.556
951,162.172298,77.31598,315828.208,-2767.0,2616.0,3378999.0,3377177.406
952,162.16456,77.323516,315830.389,-2763.0,2615.0,3378998.0,3377176.265
953,162.156761,77.331103,315832.582,-2757.0,2614.0,3378997.0,3377175.116
954,162.149006,77.338639,315834.76,-2752.0,2613.0,3378995.0,3377173.977
955,162.141821,77.345614,315836.775,-2749.0,2613.0,3378995.0,3377172.922
956,162.133997,77.3532,315838.965,-2744.0,2612.0,3378995.0,3377171.776
957,162.126218,77.360736,315841.14,-2747.0,2613.0,3378994.0,3377170.638
958,162.118377,77.368321,315843.328,-2761.0,2615.0,3378993.0,3377169.493
959,162.110581,77.375856,315845.5,-2776.0,2618.0,3378992.0,3377168.356
960,162.102724,77.383441,315847.685,-2789.0,2620.0,3378991.0,3377167.212
961,162.094911,77.390975,315849.855,-2799.0,2622.0,3378990.0,3377166.077
962,162.087036,77.39856,315852.039,-2808.0,2624.0,3378989.0,3377164.935
963,162.079206,77.406094,315854.206,-2816.0,2625.0,3378988.0,3377163.801
964,162.071314,77.413679,315856.387,-2827.0,2627.0,3378987.0,3377162.66
965,162.063467,77.421212,315858.552,-2845.0,2630.0,3378986.0,3377161.527
966,162.055558,77.428796,315860.731,-2865.0,2634.0,3378985.0,3377160.387
967,162.047694,77.436329,315862.893,-2884.0,2637.0,3378984.0,3377159.256
968,162.039767,77.443913,315865.07,-2898.0,2640.0,3378982.0,3377158.118
969,162.031886,77.451445,315867.23,-2925.0,2645.0,3378982.0,3377156.988
970,162.023942,77.459028,315869.404,-2939.0,2647.0,3378981.0,3377155.851
971,162.016043,77.466561,315871.562,-2942.0,2648.0,3378980.0,3377154.722
972,162.008082,77.474143,315873.734,-2945.0,2648.0,3378979.0,3377153.586
973,162.000166,77.481675,315875.889,-2947.0,2649.0,3378978.0,3377152.459
974,161.992188,77.489257,315878.059,-2947.0,2649.0,3378977.0,3377151.325
975,161.984254,77.496789,315880.212,-2946.0,2649.0,3378975.0,3377150.199
976,161.976258,77.504371,315882.379,-2943.0,2648.0,3378975.0,3377149.066
977,161.968307,77.511901,315884.53,-2943.0,2648.0,3378974.0,3377147.941
978,161.960294,77.519483,315886.694,-2943.0,2648.0,3378973.0,3377146.81
979,161.952271,77.527064,315888.858,-2944.0,2648.0,3378972.0,3377145.679
980,161.944294,77.534594,315891.005,-2944.0,2648.0,3378970.0,3377144.556
981,161.936254,77.542175,315893.166,-2943.0,2648.0,3378970.0,3377143.426
982,161.928259,77.549705,315895.312,-2943.0,2648.0,3378969.0,3377142.305
983,161.920201,77.557285,315897.47,-2942.0,2648.0,3378968.0,3377141.177
984,161.912188,77.564815,315899.613,-2940.0,2648.0,3378967.0,3377140.057
985,161.904113,77.572395,315901.769,-2938.0,2647.0,3378966.0,3377138.93
986,161.896082,77.579924,315903.91,-2936.0,2647.0,3378965.0,3377137.811
987,161.887989,77.587503,315906.064,-2933.0,2647.0,3378964.0,3377136.686
988,161.879941,77.595032,315908.202,-2931.0,2646.0,3378962.0,3377135.568
989,161.871829,77.602611,315910.354,-2929.0,2646.0,3378962.0,3377134.444
990,161.863763,77.610139,315912.49,-2928.0,2646.0,3378961.0,3377133.328
991,161.855634,77.617717,315914.639,-2929.0,2646.0,3378960.0,3377132.205
992,161.84755,77.625245,315916.772,-2924.0,2645.0,3378960.0,3377131.091
993,161.839402,77.632823,315918.919,-2918.0,2644.0,3378959.0,3377129.969
994,161.8313,77.64035,315921.051,-2910.0,2643.0,3378958.0,3377128.856
995,161.823135,77.647928,315923.195,-2902.0,2642.0,3378957.0,3377127.736
996,161.815015,77.655455,315925.324,-2901.0,2641.0,3378955.0,3377126.624
997,161.806831,77.663032,315927.466,-2902.0,2642.0,3378955.0,3377125.505
998,161.799298,77.669999,315929.435,-2900.0,2641.0,3378954.0,3377124.477
999,161.791151,77.677525,315931.56,-2897.0,2641.0,3378953.0,3377123.367
1000,161.782941,77.685102,315933.699,-2894.0,2640.0,3378952.0,3377122.25
1001,161.774776,77.692627,315935.822,-2893.0,2640.0,3378950.0,3377121.141
1002,161.766547,77.700204,315937.958,-2894.0,2640.0,3378950.0,3377120.026
1003,161.758364,77.707729,315940.079,-2896.0,2640.0,3378949.0,3377118.918
1004,161.750117,77.715305,315942.213,-2899.0,2641.0,3378948.0,3377117.804
1005,161.741915,77.722829,315944.332,-2900.0,2641.0,3378947.0,3377116.698
1006,161.733649,77.730405,315946.463,-2900.0,2641.0,3378946.0,3377115.585
1007,161.72543,77.737929,315948.58,-2902.0,2642.0,3378945.0,3377114.481
1008,161.717145,77.745504,315950.709,-2900.0,2641.0,3378944.0,3377113.369
1009,161.708907,77.753028,315952.823,-2898.0,2641.0,3378942.0,3377112.266
1010,161.700604,77.760602,315954.95,-2896.0,2640.0,3378942.0,3377111.156
1011,161.692347,77.768125,315957.061,-2893.0,2640.0,3378941.0,3377110.054
1012,161.684025,77.775699,315959.186,-2893.0,2640.0,3378940.0,3377108.945
1013,161.67575,77.783222,315961.295,-2897.0,2641.0,3378940.0,3377107.844
1014,161.667409,77.790796,315963.417,-2900.0,2642.0,3378939.0,3377106.737
1015,161.659059,77.798369,315965.538,-2900.0,2642.0,3378938.0,3377105.63
1016,161.650756,77.805891,315967.644,-2898.0,2641.0,3378937.0,3377104.532
1017,161.642387,77.813464,315969.762,-2895.0,2641.0,3378935.0,3377103.426
1018,161.634065,77.820986,315971.866,-2894.0,2640.0,3378935.0,3377102.329
1019,161.625677,77.828558,315973.982,-2891.0,2640.0,3378934.0,3377101.225
1020,161.617336,77.83608,315976.083,-2892.0,2640.0,3378933.0,3377100.129
1021,161.608929,77.843652,315978.197,-2894.0,2641.0,3378932.0,3377099.026
1022,161.600569,77.851172,315980.295,-2895.0,2641.0,3378930.0,3377097.931
1023,161.592143,77.858744,315982.407,-2897.0,2641.0,3378930.0,3377096.83
1024,161.583764,77.866264,315984.503,-2895.0,2641.0,3378929.0,3377095.737
1025,161.575319,77.873835,315986.613,-2894.0,2641.0,3378928.0,3377094.637
1026,161.566921,77.881355,315988.706,-2897.0,2641.0,3378927.0,3377093.545
1027,161.558456,77.888926,315990.813,-2900.0,2642.0,3378926.0,3377092.446
1028,161.550039,77.896445,315992.905,-2900.0,2642.0,3378925.0,3377091.356
1029,161.541555,77.904015,315995.009,-2898.0,2641.0,3378924.0,3377090.258
1030,161.533119,77.911534,315997.099,-2895.0,2641.0,3378923.0,3377089.169
1031,161.524616,77.919104,315999.201,-2895.0,2641.0,3378923.0,3377088.073
1032,161.51616,77.926622,316001.288,-2896.0,2641.0,3378922.0,3377086.985
1033,161.507638,77.934191,316003.388,-2898.0,2642.0,3378921.0,3377085.891
1034,161.499163,77.941709,316005.472,-2895.0,2641.0,3378920.0,3377084.804
1035,161.490621,77.949278,316007.57,-2894.0,2641.0,3378919.0,3377083.711
1036,161.482127,77.956795,316009.652,-2893.0,2641.0,3378917.0,3377082.626
1037,161.473565,77.964364,316011.747,-2891.0,2641.0,3378917.0,3377081.534
1038,161.465051,77.971881,316013.827,-2886.0,2640.0,3378915.0,3377080.45
1039,161.45647,77.979448,316015.92,-2883.0,2639.0,3378915.0,3377079.359
1040,161.447936,77.986965,316017.997,-2883.0,2639.0,3378914.0,3377078.277
1041,161.439335,77.994532,316020.087,-2882.0,2639.0,3378913.0,3377077.187
1042,161.431418,78.00149,316022.008,-2882.0,2639.0,3378912.0,3377076.187
1043,161.422856,78.009006,316024.083,-2883.0,2639.0,3378910.0,3377075.106
1044,161.414226,78.016572,316026.169,-2882.0,2639.0,3378910.0,3377074.019
1045,161.405644,78.024087,316028.241,-2884.0,2639.0,3378910.0,3377072.94
1046,161.396995,78.031653,316030.326,-2886.0,2640.0,3378909.0,3377071.854
1047,161.388393,78.039168,316032.395,-2899.0,2642.0,3378908.0,3377070.776
1048,161.379723,78.046734,316034.477,-2903.0,2643.0,3378907.0,3377069.691
1049,161.371043,78.054299,316036.558,-2906.0,2644.0,3378906.0,3377068.607
1050,161.362412,78.061813,316038.624,-2910.0,2644.0,3378905.0,3377067.532
1051,161.353712,78.069378,316040.703,-2913.0,2645.0,3378904.0,3377066.449
1052,161.34506,78.076892,316042.766,-2915.0,2645.0,3378903.0,3377065.375
1053,161.33634,78.084456,316044.843,-2916.0,2645.0,3378902.0,3377064.293
1054,161.327668,78.09197,316046.904,-2922.0,2646.0,3378901.0,3377063.22
1055,161.318928,78.099533,316048.978,-2922.0,2646.0,3378900.0,3377062.14
1056,161.310236,78.107046,316051.037,-2922.0,2646.0,3378899.0,3377061.069
1057,161.301475,78.114609,316053.108,-2916.0,2645.0,3378897.0,3377059.99
1058,161.292763,78.122122,316055.165,-2914.0,2645.0,3378897.0,3377058.92
1059,161.283982,78.129684,316057.234,-2914.0,2645.0,3378897.0,3377057.843
1060,161.27525,78.137196,316059.288,-2912.0,2645.0,3378895.0,3377056.773
1061,161.266448,78.144759,316061.355,-2914.0,2645.0,3378895.0,3377055.698
1062,161.257696,78.15227,316063.407,-2915.0,2645.0,3378894.0,3377054.63
1063,161.248873,78.159832,316065.471,-2920.0,2646.0,3378893.0,3377053.556
1064,161.2401,78.167343,316067.521,-2924.0,2647.0,3378892.0,3377052.489
1065,161.231258,78.174904,316069.583,-2924.0,2647.0,3378890.0,3377051.416
1066,161.222464,78.182414,316071.63,-2923.0,2647.0,3378890.0,3377050.351
1067,161.2136,78.189975,316073.69,-2918.0,2646.0,3378889.0,3377049.279
1068,161.204786,78.197485,316075.734,-2910.0,2645.0,3378888.0,3377048.216
1069,161.195902,78.205045,316077.792,-2911.0,2645.0,3378887.0,3377047.145
1070,161.187067,78.212554,316079.834,-2914.0,2645.0,3378886.0,3377046.083
1071,161.178162,78.220114,316081.889,-2914.0,2646.0,3378886.0,3377045.014
1072,161.169306,78.227623,316083.929,-2912.0,2645.0,3378885.0,3377043.953
1073,161.16038,78.235182,316085.982,-2908.0,2645.0,3378884.0,3377042.885
1074,161.151503,78.242691,316088.02,-2908.0,2645.0,3378883.0,3377041.826
1075,161.142556,78.250249,316090.07,-2909.0,2645.0,3378882.0,3377040.759
1076,161.133659,78.257757,316092.105,-2915.0,2646.0,3378881.0,3377039.701
1077,161.124691,78.265315,316094.153,-2918.0,2646.0,3378880.0,3377038.636
1078,161.115772,78.272823,316096.186,-2914.0,2646.0,3378879.0,3377037.579
1079,161.106783,78.28038,316098.232,-2909.0,2645.0,3378877.0,3377036.516
1080,161.097843,78.287887,316100.262,-2903.0,2644.0,3378877.0,3377035.46
1081,161.088833,78.295444,316102.306,-2906.0,2644.0,3378875.0,3377034.398
1082,161.079872,78.302951,316104.334,-2910.0,2645.0,3378875.0,3377033.344
1083,161.07084,78.310507,316106.375,-2914.0,2646.0,3378875.0,3377032.283
1084,161.061858,78.318013,316108.401,-2918.0,2647.0,3378874.0,3377031.23
1085,161.052804,78.325569,316110.439,-2922.0,2647.0,3378873.0,3377030.17
1086,161.044471,78.332517,316112.312,-2925.0,2648.0,3378872.0,3377029.197
1087,161.035397,78.340073,316114.349,-2928.0,2648.0,3378870.0,3377028.139
1088,161.026373,78.347577,316116.37,-2928.0,2648.0,3378870.0,3377027.089
1089,161.017277,78.355132,316118.404,-2928.0,2648.0,3378869.0,3377026.032
1090,161.008232,78.362637,316120.423,-2925.0,2648.0,3378868.0,3377024.983
1091,160.999114,78.370191,316122.454,-2923.0,2647.0,3378867.0,3377023.927
1092,160.990047,78.377695,316124.471,-2927.0,2648.0,3378867.0,3377022.88
1093,160.980908,78.385249,316126.5,-2926.0,2648.0,3378866.0,3377021.826
1094,160.97182,78.392752,316128.514,-2926.0,2648.0,3378865.0,3377020.78
1095,160.962659,78.400306,316130.541,-2925.0,2648.0,3378864.0,3377019.727
1096,160.953549,78.407809,316132.553,-2923.0,2648.0,3378863.0,3377018.682
1097,160.944366,78.415362,316134.577,-2922.0,2647.0,3378862.0,3377017.631
1098,160.935234,78.422864,316136.587,-2920.0,2647.0,3378861.0,3377016.587
1099,160.926029,78.430416,316138.609,-2915.0,2646.0,3378860.0,3377015.537
1100,160.916875,78.437918,316140.616,-2914.0,2646.0,3378859.0,3377014.495
1101,160.907648,78.44547,316142.635,-2911.0,2646.0,3378857.0,3377013.446
1102,160.898472,78.452971,316144.64,-2911.0,2646.0,3378857.0,3377012.406
1103,160.889223,78.460523,316146.658,-2911.0,2646.0,3378857.0,3377011.358
1104,160.880025,78.468023,316148.66,-2913.0,2646.0,3378856.0,3377010.319
1105,160.870753,78.475574,316150.675,-2917.0,2647.0,3378855.0,3377009.273
1106,160.861533,78.483074,316152.675,-2920.0,2648.0,3378854.0,3377008.235
1107,160.852239,78.490624,316154.688,-2921.0,2648.0,3378853.0,3377007.19
1108,160.842997,78.498124,316156.685,-2921.0,2648.0,3378852.0,3377006.153
1109,160.833681,78.505674,316158.695,-2924.0,2648.0,3378850.0,3377005.11
1110,160.824416,78.513173,316160.691,-2929.0,2649.0,3378850.0,3377004.075
1111,160.815078,78.520722,316162.699,-2933.0,2650.0,3378850.0,3377003.033
1112,160.80579,78.52822,316164.692,-2934.0,2650.0,3378849.0,3377001.999
1113,160.796429,78.535769,316166.697,-2934.0,2650.0,3378848.0,3377000.959
1114,160.78712,78.543267,316168.688,-2932.0,2650.0,3378847.0,3376999.926
1115,160.777736,78.550815,316170.691,-2931.0,2650.0,3378845.0,3376998.887
1116,160.768403,78.558312,316172.679,-2928.0,2649.0,3378845.0,3376997.855
1117,160.758997,78.56586,316174.68,-2927.0,2649.0,3378844.0,3376996.818
1118,160.749642,78.573357,316176.666,-2926.0,2649.0,3378843.0,3376995.788
1119,160.740212,78.580904,316178.664,-2927.0,2649.0,3378842.0,3376994.751
1120,160.730835,78.5884,316180.648,-2929.0,2649.0,3378842.0,3376993.723
1121,160.721382,78.595947,316182.644,-2931.0,2650.0,3378841.0,3376992.688
1122,160.711982,78.603442,316184.625,-2932.0,2650.0,3378840.0,3376991.661
1123,160.702506,78.610988,316186.618,-2932.0,2650.0,3378839.0,3376990.627
1124,160.693083,78.618484,316188.597,-2930.0,2650.0,3378837.0,3376989.601
1125,160.683584,78.626029,316190.588,-2931.0,2650.0,3378837.0,3376988.569
1126,160.674074,78.633574,316192.578,-2932.0,2650.0,3378836.0,3376987.537
1127,160.664616,78.641068,316194.554,-2930.0,2650.0,3378835.0,3376986.513
1128,160.655082,78.648613,316196.541,-2929.0,2650.0,3378834.0,3376985.483
1129,160.645601,78.656107,316198.514,-2926.0,2649.0,3378834.0,3376984.461
1130,160.636814,78.663043,316200.34,-2928.0,2650.0,3378833.0,3376983.515
1131,160.627247,78.670587,316202.324,-2933.0,2651.0,3378832.0,3376982.486
1132,160.617731,78.67808,316204.293,-2936.0,2651.0,3378830.0,3376981.466
1133,160.60814,78.685623,316206.275,-2935.0,2651.0,3378830.0,3376980.439
1134,160.598602,78.693115,316208.242,-2933.0,2651.0,3378829.0,3376979.42
1135,160.588987,78.700658,316210.222,-2924.0,2649.0,3378828.0,3376978.394
1136,160.579425,78.70815,316212.187,-2927.0,2650.0,3378828.0,3376977.377
1137,160.569786,78.715692,316214.164,-2926.0,2649.0,3378827.0,3376976.352
1138,160.560201,78.723183,316216.126,-2920.0,2648.0,3378825.0,3376975.336
1139,160.550538,78.730725,316218.101,-2937.0,2651.0,3378825.0,3376974.313
1140,160.540929,78.738215,316220.061,-2936.0,2651.0,3378824.0,3376973.298
1141,160.531243,78.745756,316222.033,-2929.0,2650.0,3378823.0,3376972.277
1142,160.52161,78.753246,316223.991,-2927.0,2650.0,3378822.0,3376971.263
1143,160.5119,78.760787,316225.961,-2924.0,2649.0,3378821.0,3376970.243
1144,160.502243,78.768276,316227.916,-2927.0,2650.0,3378821.0,3376969.231
1145,160.492509,78.775816,316229.883,-2943.0,2653.0,3378820.0,3376968.212
1146,160.482828,78.783305,316231.837,-2944.0,2653.0,3378819.0,3376967.201
1147,160.47307,78.790844,316233.802,-2944.0,2653.0,3378817.0,3376966.184
1148,160.463365,78.798332,316235.752,-2929.0,2650.0,3378817.0,3376965.174
1149,160.453583,78.805871,316237.715,-2924.0,2649.0,3378816.0,3376964.158
1150,160.443854,78.813359,316239.663,-2912.0,2647.0,3378815.0,3376963.15
1151,160.434047,78.820897,316241.624,-2911.0,2647.0,3378814.0,3376962.135
1152,160.424294,78.828384,316243.57,-2917.0,2648.0,3378814.0,3376961.128
1153,160.414463,78.835921,316245.528,-2919.0,2649.0,3378813.0,3376960.115
1154,160.404685,78.843408,316247.471,-2919.0,2649.0,3378812.0,3376959.109
1155,160.394829,78.850945,316249.427,-2925.0,2650.0,3378810.0,3376958.098
1156,160.385027,78.858431,316251.368,-2928.0,2650.0,3378810.0,3376957.093
1157,160.375147,78.865967,316253.321,-2935.0,2651.0,3378809.0,3376956.083
1158,160.365321,78.873452,316255.26,-2944.0,2653.0,3378808.0,3376955.08
1159,160.355415,78.880988,316257.211,-2949.0,2654.0,3378808.0,3376954.071
1160,160.345498,78.888524,316259.161,-2952.0,2655.0,3378807.0,3376953.063
1161,160.335634,78.896008,316261.096,-2937.0,2652.0,3378805.0,3376952.062
1162,160.325692,78.903543,316263.043,-2956.0,2655.0,3378805.0,3376951.055
1163,160.315804,78.911027,316264.976,-2932.0,2651.0,3378804.0,3376950.055
1164,160.305836,78.918561,316266.921,-2925.0,2650.0,3378803.0,3376949.05
1165,160.295923,78.926044,316268.852,-2961.0,2656.0,3378802.0,3376948.052
1166,160.285931,78.933578,316270.794,-2961.0,2656.0,3378802.0,3376947.047
1167,160.275993,78.941061,316272.722,-2956.0,2656.0,3378801.0,3376946.051
1168,160.265975,78.948594,316274.662,-2923.0,2650.0,3378800.0,3376945.048
1169,160.256012,78.956076,316276.588,-2948.0,2654.0,3378799.0,3376944.052
1170,160.245969,78.963608,316278.526,-2949.0,2654.0,3378798.0,3376943.051
1171,160.235981,78.97109,316280.45,-2955.0,2655.0,3378797.0,3376942.057
1172,160.225913,78.978621,316282.385,-2956.0,2656.0,3378796.0,3376941.057
1173,160.215899,78.986102,316284.306,-2956.0,2656.0,3378796.0,3376940.064
1174,160.205806,78.993633,316286.239,-2937.0,2652.0,3378795.0,3376939.065
1175,160.195767,79.001114,316288.158,-2918.0,2649.0,3378794.0,3376938.074
1176,160.186463,79.008038,316289.933,-2949.0,2654.0,3378792.0,3376937.157
1177,160.176332,79.015568,316291.862,-2947.0,2654.0,3378792.0,3376936.16
1178,160.166256,79.023047,316293.778,-2940.0,2653.0,3378790.0,3376935.171
1179,160.156099,79.030577,316295.705,-2950.0,2655.0,3378790.0,3376934.175
1180,160.145997,79.038056,316297.618,-2955.0,2656.0,3378790.0,3376933.187
1181,160.135814,79.045585,316299.542,-2954.0,2656.0,3378789.0,3376932.193
1182,160.125687,79.053063,316301.453,-2956.0,2656.0,3378788.0,3376931.207
1183,160.115478,79.060591,316303.375,-2948.0,2654.0,3378787.0,3376930.214
1184,160.105325,79.068069,316305.284,-2923.0,2650.0,3378785.0,3376929.229
1185,160.09509,79.075597,316307.203,-2957.0,2656.0,3378785.0,3376928.238
1186,160.084911,79.083074,316309.109,-2947.0,2654.0,3378785.0,3376927.254
1187,160.07465,79.090601,316311.027,-2940.0,2653.0,3378784.0,3376926.264
1188,160.064445,79.098077,316312.93,-2936.0,2652.0,3378783.0,3376925.282
1189,160.054158,79.105604,316314.846,-2917.0,2649.0,3378782.0,3376924.293
1190,160.043927,79.113079,316316.747,-2921.0,2650.0,3378781.0,3376923.312
1191,160.033613,79.120605,316318.659,-2932.0,2652.0,3378780.0,3376922.325
1192,160.023356,79.12808,316320.558,-2935.0,2652.0,3378780.0,3376921.345
1193,160.013016,79.135605,316322.469,-2941.0,2654.0,3378779.0,3376920.359
1194,160.002732,79.14308,316324.365,-2941.0,2654.0,3378778.0,3376919.381
1195,159.992366,79.150605,316326.273,-2930.0,2652.0,3378777.0,3376918.396
1196,159.982055,79.158078,316328.167,-2896.0,2645.0,3378776.0,3376917.419
1197,159.971662,79.165602,316330.073,-2927.0,2651.0,3378775.0,3376916.436
1198,159.961325,79.173075,316331.964,-2917.0,2649.0,3378775.0,3376915.461
1199,159.950905,79.180599,316333.868,-2931.0,2652.0,3378774.0,3376914.479
1200,159.940472,79.188122,316335.77,-2916.0,2649.0,3378772.0,3376913.498
1201,159.930095,79.195594,316337.658,-2927.0,2651.0,3378772.0,3376912.525
1202,159.919634,79.203116,316339.557,-2926.0,2651.0,3378770.0,3376911.545
1203,159.909231,79.210588,316341.443,-2924.0,2650.0,3378770.0,3376910.573
1204,159.898743,79.21811,316343.34,-2924.0,2651.0,3378770.0,3376909.595
1205,159.888312,79.22558,316345.224,-2922.0,2650.0,3378769.0,3376908.624
1206,159.877798,79.233102,316347.119,-2918.0,2650.0,3378768.0,3376907.647
1207,159.86734,79.240572,316349.0,-2914.0,2649.0,3378767.0,3376906.677
1208,159.856798,79.248092,316350.892,-2917.0,2649.0,3378765.0,3376905.702
1209,159.846313,79.255562,316352.771,-2926.0,2651.0,3378765.0,3376904.734
1210,159.835744,79.263082,316354.661,-2931.0,2652.0,3378765.0,3376903.76
1211,159.825231,79.270551,316356.537,-2937.0,2653.0,3378764.0,3376902.793
1212,159.814635,79.27807,316358.425,-2936.0,2653.0,3378763.0,3376901.82
1213,159.804095,79.285538,316360.299,-2931.0,2652.0,3378762.0,3376900.855
1214,159.79347,79.293056,316362.184,-2915.0,2649.0,3378761.0,3376899.884
1215,159.782903,79.300524,316364.055,-2915.0,2649.0,3378760.0,3376898.919
1216,159.772251,79.308042,316365.938,-2922.0,2651.0,3378760.0,3376897.95
1217,159.761657,79.315509,316367.807,-2922.0,2651.0,3378759.0,3376896.987
1218,159.750976,79.323026,316369.688,-2926.0,2651.0,3378758.0,3376896.018
1219,159.740354,79.330492,316371.555,-2927.0,2652.0,3378757.0,3376895.057
1220,159.729646,79.338009,316373.433,-2932.0,2653.0,3378756.0,3376894.09
1221,159.719788,79.344919,316375.159,-2933.0,2653.0,3378756.0,3376893.201
1222,159.709125,79.352385,316377.022,-2932.0,2653.0,3378755.0,3376892.242
1223,159.698376,79.3599,316378.897,-2924.0,2651.0,3378754.0,3376891.277
1224,159.687684,79.367365,316380.758,-2913.0,2649.0,3378752.0,3376890.319
1225,159.676907,79.37488,316382.63,-2911.0,2649.0,3378752.0,3376889.355
1226,159.666188,79.382344,316384.488,-2908.0,2648.0,3378750.0,3376888.398
1227,159.655382,79.389858,316386.358,-2890.0,2645.0,3378750.0,3376887.436
1228,159.644635,79.397321,316388.214,-2860.0,2640.0,3378750.0,3376886.481
1229,159.6338,79.404834,316390.082,-2838.0,2636.0,3378749.0,3376885.52
1230,159.623024,79.412297,316391.936,-2837.0,2636.0,3378748.0,3376884.566
1231,159.612162,79.41981,316393.801,-2865.0,2641.0,3378747.0,3376883.606
1232,159.601357,79.427272,316395.652,-2868.0,2641.0,3378747.0,3376882.654
1233,159.590466,79.434784,316397.515,-2875.0,2643.0,3378745.0,3376881.696
1234,159.57956,79.442296,316399.376,-2874.0,2642.0,3378745.0,3376880.738
1235,159.568712,79.449756,316401.224,-2871.0,2642.0,3378744.0,3376879.788
1236,159.557777,79.457267,316403.083,-2868.0,2641.0,3378743.0,3376878.832
1237,159.546901,79.464728,316404.929,-2863.0,2641.0,3378743.0,3376877.883
1238,159.535937,79.472238,316406.786,-2853.0,2639.0,3378742.0,3376876.928
1239,159.525032,79.479698,316408.629,-2841.0,2637.0,3378741.0,3376875.98
1240,159.514039,79.487207,316410.483,-2829.0,2635.0,3378740.0,3376875.027
1241,159.503105,79.494666,316412.324,-2811.0,2631.0,3378739.0,3376874.08
1242,159.492083,79.502175,316414.176,-2799.0,2629.0,3378738.0,3376873.128
1243,159.48112,79.509633,316416.014,-2800.0,2630.0,3378738.0,3376872.183
1244,159.470068,79.517141,316417.864,-2809.0,2631.0,3378737.0,3376871.233
1245,159.459075,79.524599,316419.7,-2828.0,2635.0,3378736.0,3376870.289
1246,159.447994,79.532106,316421.547,-2849.0,2638.0,3378735.0,3376869.34
1247,159.436972,79.539563,316423.38,-2868.0,2642.0,3378734.0,3376868.398
1248,159.425861,79.54707,316425.225,-2888.0,2645.0,3378734.0,3376867.45
1249,159.41481,79.554526,316427.056,-2896.0,2647.0,3378732.0,3376866.509
1250,159.403669,79.562032,316428.899,-2912.0,2650.0,3378732.0,3376865.563
1251,159.392589,79.569487,316430.728,-2918.0,2651.0,3378731.0,3376864.623
1252,159.381418,79.576993,316432.567,-2922.0,2651.0,3378730.0,3376863.678
1253,159.370307,79.584448,316434.394,-2926.0,2652.0,3378730.0,3376862.74
1254,159.359107,79.591952,316436.232,-2929.0,2653.0,3378729.0,3376861.796
1255,159.347966,79.599406,316438.056,-2931.0,2653.0,3378728.0,3376860.86
1256,159.336735,79.60691,316439.891,-2932.0,2653.0,3378727.0,3376859.917
1257,159.325565,79.614363,316441.712,-2931.0,2653.0,3378725.0,3376858.982
1258,159.314304,79.621866,316443.545,-2927.0,2653.0,3378725.0,3376858.041
1259,159.303103,79.629319,316445.365,-2926.0,2653.0,3378725.0,3376857.107
1260,159.291812,79.636821,316447.195,-2918.0,2651.0,3378724.0,3376856.168
1261,159.280581,79.644273,316449.012,-2929.0,2653.0,3378723.0,3376855.235
1262,159.269259,79.651775,316450.84,-2930.0,2653.0,3378722.0,3376854.297
1263,159.257997,79.659226,316452.655,-2923.0,2652.0,3378722.0,3376853.366
1264,159.246645,79.666727,316454.48,-2912.0,2650.0,3378720.0,3376852.429
1265,159.235353,79.674177,316456.292,-2903.0,2648.0,3378720.0,3376851.499
1266,159.22397,79.681678,316458.116,-2902.0,2648.0,3378719.0,3376850.564
1267,159.212647,79.689127,316459.925,-2916.0,2651.0,3378718.0,3376849.635
1268,159.202076,79.696073,316461.612,-2924.0,2652.0,3378718.0,3376848.77
1269,159.190724,79.703522,316463.419,-2931.0,2654.0,3378717.0,3376847.843
1270,159.17928,79.711021,316465.238,-2921.0,2652.0,3378716.0,3376846.91
1271,159.167897,79.718469,316467.043,-2918.0,2651.0,3378715.0,3376845.984
1272,159.156421,79.725967,316468.859,-2919.0,2652.0,3378715.0,3376845.053
1273,159.145007,79.733415,316470.662,-2922.0,2652.0,3378714.0,3376844.129
1274,159.1335,79.740912,316472.475,-2926.0,2653.0,3378712.0,3376843.199
1275,159.122055,79.748359,316474.276,-2943.0,2656.0,3378712.0,3376842.276
1276,159.110517,79.755855,316476.087,-2932.0,2654.0,3378711.0,3376841.347
1277,159.09904,79.763301,316477.885,-2917.0,2651.0,3378711.0,3376840.426
1278,159.087471,79.770797,316479.694,-2917.0,2651.0,3378710.0,3376839.499
1279,159.075963,79.778242,316481.49,-2911.0,2650.0,3378709.0,3376838.578
1280,159.064361,79.785737,316483.296,-2910.0,2650.0,3378708.0,3376837.653
1281,159.052822,79.793182,316485.089,-2904.0,2649.0,3378707.0,3376836.734
1282,159.041188,79.800676,316486.893,-2904.0,2649.0,3378707.0,3376835.809
1283,159.029617,79.80812,316488.684,-2906.0,2650.0,3378705.0,3376834.892
1284,159.017952,79.815613,316490.486,-2906.0,2649.0,3378705.0,3376833.969
1285,159.006349,79.823056,316492.274,-2910.0,2650.0,3378704.0,3376833.053
1286,158.994651,79.830549,316494.074,-2916.0,2651.0,3378704.0,3376832.131
1287,158.983016,79.837991,316495.86,-2933.0,2654.0,3378703.0,3376831.217
1288,158.971287,79.845483,316497.657,-2932.0,2654.0,3378702.0,3376830.296
1289,158.959619,79.852925,316499.44,-2938.0,2655.0,3378700.0,3376829.383
1290,158.947857,79.860416,316501.235,-2925.0,2653.0,3378700.0,3376828.464
1291,158.936158,79.867856,316503.016,-2892.0,2647.0,3378700.0,3376827.552
1292,158.924363,79.875347,316504.808,-2908.0,2650.0,3378699.0,3376826.635
1293,158.912631,79.882787,316506.587,-2897.0,2648.0,3378698.0,3376825.724
1294,158.900804,79.890276,316508.377,-2896.0,2648.0,3378697.0,3376824.808
1295,158.88904,79.897716,316510.154,-2898.0,2648.0,3378697.0,3376823.899
1296,158.877179,79.905204,316511.941,-2900.0,2649.0,3378696.0,3376822.984
1297,158.865382,79.912643,316513.715,-2898.0,2648.0,3378695.0,3376822.076
1298,158.853489,79.920131,316515.5,-2901.0,2649.0,3378694.0,3376821.163
1299,158.841659,79.927568,316517.272,-2915.0,2651.0,3378692.0,3376820.257
1300,158.829733,79.935056,316519.054,-2930.0,2654.0,3378692.0,3376819.345
1301,158.81787,79.942492,316520.824,-2923.0,2653.0,3378692.0,3376818.44
1302,158.805911,79.949979,316522.604,-2910.0,2650.0,3378691.0,3376817.529
1303,158.794015,79.957415,316524.371,-2889.0,2647.0,3378690.0,3376816.626
1304,158.782022,79.964901,316526.149,-2890.0,2647.0,3378690.0,3376815.716
1305,158.770093,79.972336,316527.913,-2902.0,2649.0,3378689.0,3376814.814
1306,158.758066,79.979821,316529.688,-2904.0,2650.0,3378688.0,3376813.906
1307,158.746104,79.987255,316531.451,-2891.0,2647.0,3378687.0,3376813.006
1308,158.734043,79.994739,316533.224,-2893.0,2648.0,3378687.0,3376812.099
1309,158.722047,80.002173,316534.983,-2898.0,2649.0,3378685.0,3376811.2
1310,158.709953,80.009656,316536.754,-2898.0,2649.0,3378685.0,3376810.295
1311,158.697842,80.017139,316538.523,-2901.0,2649.0,3378684.0,3376809.391
1312,158.685796,80.024571,316540.279,-2897.0,2648.0,3378683.0,3376808.493
1313,158.67365,80.032054,316542.046,-2898.0,2649.0,3378683.0,3376807.59
1314,158.66157,80.039485,316543.8,-2900.0,2649.0,3378682.0,3376806.694
1315,158.650372,80.046364,316545.423,-2900.0,2649.0,3378680.0,3376805.865
1316,158.638177,80.053845,316547.186,-2901.0,2649.0,3378680.0,3376804.964
1317,158.626046,80.061275,316548.936,-2899.0,2649.0,3378680.0,3376804.07
1318,158.613817,80.068755,316550.697,-2886.0,2647.0,3378679.0,3376803.171
1319,158.601652,80.076185,316552.445,-2893.0,2648.0,3378678.0,3376802.278
1320,158.589388,80.083664,316554.204,-2876.0,2645.0,3378677.0,3376801.38
1321,158.577189,80.091093,316555.95,-2876.0,2645.0,3378677.0,3376800.489
1322,158.56489,80.098571,316557.706,-2878.0,2645.0,3378676.0,3376799.592
1323,158.552656,80.105999,316559.449,-2883.0,2646.0,3378675.0,3376798.702
1324,158.540322,80.113477,316561.203,-2880.0,2646.0,3378674.0,3376797.807
1325,158.528053,80.120904,316562.944,-2893.0,2648.0,3378674.0,3376796.919
1326,158.515685,80.128381,316564.695,-2891.0,2648.0,3378673.0,3376796.025
1327,158.503381,80.135807,316566.433,-2889.0,2648.0,3378672.0,3376795.138
1328,158.490977,80.143283,316568.182,-2887.0,2647.0,3378671.0,3376794.245
1329,158.478639,80.150708,316569.918,-2886.0,2647.0,3378671.0,3376793.359
1330,158.466199,80.158183,316571.665,-2883.0,2646.0,3378670.0,3376792.468
1331,158.453826,80.165608,316573.399,-2881.0,2646.0,3378669.0,3376791.584
1332,158.441351,80.173082,316575.143,-2891.0,2648.0,3378667.0,3376790.694
1333,158.428942,80.180506,316576.874,-2881.0,2646.0,3378667.0,3376789.811
1334,158.416431,80.187979,316578.616,-2877.0,2646.0,3378667.0,3376788.923
1335,158.403987,80.195402,316580.345,-2876.0,2645.0,3378665.0,3376788.041
1336,158.39144,80.202875,316582.084,-2878.0,2646.0,3378665.0,3376787.154
1337,158.37896,80.210297,316583.81,-2880.0,2646.0,3378665.0,3376786.274
1338,158.366378,80.217769,316585.547,-2884.0,2647.0,3378664.0,3376785.389
1339,158.353862,80.22519,316587.272,-2877.0,2646.0,3378663.0,3376784.51
1340,158.341243,80.232661,316589.006,-2878.0,2646.0,3378662.0,3376783.626
1341,158.328691,80.240081,316590.728,-2870.0,2645.0,3378662.0,3376782.748
1342,158.316036,80.247551,316592.46,-2864.0,2643.0,3378660.0,3376781.866
1343,158.303448,80.25497,316594.179,-2859.0,2643.0,3378660.0,3376780.99
1344,158.290757,80.262439,316595.909,-2877.0,2646.0,3378659.0,3376780.108
1345,158.278047,80.269908,316597.637,-2870.0,2644.0,3378659.0,3376779.228
1346,158.265404,80.277326,316599.353,-2876.0,2646.0,3378658.0,3376778.354
1347,158.252658,80.284794,316601.079,-2871.0,2645.0,3378657.0,3376777.474
1348,158.239978,80.292211,316602.793,-2862.0,2643.0,3378656.0,3376776.602
1349,158.227195,80.299678,316604.516,-2858.0,2643.0,3378656.0,3376775.724
1350,158.214479,80.307095,316606.227,-2849.0,2641.0,3378655.0,3376774.853
1351,158.201659,80.314561,316607.948,-2862.0,2643.0,3378654.0,3376773.976
1352,158.188906,80.321976,316609.657,-2868.0,2644.0,3378653.0,3376773.107
1353,158.176048,80.329442,316611.376,-2860.0,2643.0,3378653.0,3376772.232
1354,158.163258,80.336856,316613.082,-2861.0,2643.0,3378652.0,3376771.363
1355,158.150363,80.34432,316614.798,-2860.0,2643.0,3378651.0,3376770.489
1356,158.137536,80.351734,316616.502,-2856.0,2642.0,3378650.0,3376769.622
1357,158.124604,80.359198,316618.216,-2852.0,2642.0,3378650.0,3376768.75
1358,158.111739,80.36661,316619.918,-2847.0,2641.0,3378649.0,3376767.884
1359,158.098769,80.374073,316621.629,-2851.0,2642.0,3378647.0,3376767.014
1360,158.085867,80.381485,316623.328,-2853.0,2642.0,3378647.0,3376766.149
1361,158.072858,80.388947,316625.037,-2851.0,2641.0,3378647.0,3376765.28
1362,158.059919,80.396358,316626.734,-2855.0,2642.0,3378645.0,3376764.417
1363,158.047924,80.403217,316628.303,-2856.0,2642.0,3378645.0,3376763.619
1364,158.03486,80.410678,316630.009,-2856.0,2643.0,3378645.0,3376762.751
1365,158.021865,80.418087,316631.702,-2846.0,2641.0,3378644.0,3376761.891
1366,158.008763,80.425547,316633.406,-2836.0,2639.0,3378643.0,3376761.025
1367,157.995729,80.432956,316635.096,-2840.0,2639.0,3378642.0,3376760.165
1368,157.982588,80.440414,316636.797,-2834.0,2639.0,3378642.0,3376759.301
1369,157.969517,80.447822,316638.485,-2825.0,2637.0,3378640.0,3376758.442
1370,157.956337,80.45528,316640.184,-2833.0,2639.0,3378640.0,3376757.579
1371,157.943227,80.462687,316641.87,-2830.0,2638.0,3378640.0,3376756.723
1372,157.930009,80.470143,316643.566,-2827.0,2638.0,3378639.0,3376755.861
1373,157.91686,80.477549,316645.249,-2822.0,2637.0,3378638.0,3376755.005
1374,157.903603,80.485005,316646.943,-2811.0,2634.0,3378637.0,3376754.145
1375,157.890415,80.49241,316648.624,-2815.0,2635.0,3378637.0,3376753.291
1376,157.877119,80.499865,316650.315,-2810.0,2635.0,3378636.0,3376752.432
1377,157.863892,80.507269,316651.994,-2823.0,2637.0,3378635.0,3376751.58
1378,157.850556,80.514723,316653.683,-2823.0,2637.0,3378634.0,3376750.722
1379,157.83729,80.522126,316655.359,-2809.0,2635.0,3378634.0,3376749.871
1380,157.823915,80.529579,316657.046,-2811.0,2635.0,3378633.0,3376749.015
1381,157.81052,80.537032,316658.731,-2813.0,2635.0,3378632.0,3376748.159
1382,157.797195,80.544433,316660.403,-2821.0,2637.0,3378632.0,3376747.31
1383,157.783759,80.551885,316662.086,-2807.0,2634.0,3378631.0,3376746.456
1384,157.770395,80.559286,316663.757,-2787.0,2631.0,3378630.0,3376745.608
1385,157.75692,80.566736,316665.437,-2813.0,2635.0,3378629.0,3376744.756
1386,157.743515,80.574136,316667.105,-2797.0,2633.0,3378629.0,3376743.909
1387,157.73,80.581586,316668.783,-2812.0,2635.0,3378627.0,3376743.058
1388,157.716555,80.588985,316670.448,-2811.0,2635.0,3378627.0,3376742.213
1389,157.702999,80.596434,316672.124,-2803.0,2634.0,3378627.0,3376741.363
1390,157.689514,80.603832,316673.787,-2806.0,2634.0,3378625.0,3376740.52
1391,157.675918,80.611279,316675.46,-2811.0,2635.0,3378625.0,3376739.671
1392,157.662393,80.618676,316677.121,-2790.0,2631.0,3378624.0,3376738.829
1393,157.648756,80.626123,316678.792,-2798.0,2633.0,3378624.0,3376737.982
1394,157.63519,80.633519,316680.45,-2802.0,2634.0,3378623.0,3376737.141
1395,157.621512,80.640965,316682.118,-2773.0,2628.0,3378622.0,3376736.296
1396,157.607905,80.64836,316683.774,-2794.0,2632.0,3378622.0,3376735.456
1397,157.594186,80.655805,316685.44,-2803.0,2634.0,3378620.0,3376734.612
1398,157.580539,80.663199,316687.094,-2782.0,2630.0,3378620.0,3376733.774
1399,157.566778,80.670643,316688.757,-2784.0,2631.0,3378619.0,3376732.931
1400,157.553089,80.678036,316690.408,-2793.0,2632.0,3378619.0,3376732.095
1401,157.539287,80.685479,316692.069,-2789.0,2631.0,3378618.0,3376731.253
1402,157.525557,80.692871,316693.718,-2788.0,2631.0,3378617.0,3376730.418
1403,157.511714,80.700313,316695.377,-2789.0,2631.0,3378617.0,3376729.578
1404,157.497942,80.707704,316697.023,-2785.0,2631.0,3378616.0,3376728.744
1405,157.484057,80.715145,316698.679,-2776.0,2629.0,3378615.0,3376727.905
1406,157.470243,80.722535,316700.323,-2779.0,2630.0,3378614.0,3376727.073
1407,157.456316,80.729975,316701.977,-2781.0,2630.0,3378614.0,3376726.236
1408,157.44246,80.737364,316703.618,-2775.0,2629.0,3378613.0,3376725.405
1409,157.42849,80.744803,316705.27,-2768.0,2628.0,3378612.0,3376724.569
1410,157.414593,80.752191,316706.909,-2766.0,2628.0,3378612.0,3376723.739
1411,157.40171,80.75903,316708.425,-2764.0,2627.0,3378611.0,3376722.972
1412,157.387678,80.766467,316710.073,-2769.0,2628.0,3378610.0,3376722.138
1413,157.373718,80.773854,316711.709,-2769.0,2628.0,3378610.0,3376721.311
1414,157.359643,80.78129,316713.354,-2770.0,2628.0,3378609.0,3376720.478
1415,157.345547,80.788726,316714.998,-2765.0,2627.0,3378607.0,3376719.646
1416,157.331524,80.796111,316716.63,-2752.0,2625.0,3378607.0,3376718.821
1417,157.317384,80.803546,316718.272,-2752.0,2625.0,3378607.0,3376717.991
1418,157.303318,80.81093,316719.902,-2781.0,2630.0,3378606.0,3376717.167
1419,157.289135,80.818364,316721.541,-2801.0,2634.0,3378605.0,3376716.338
1420,157.275026,80.825747,316723.168,-2789.0,2632.0,3378605.0,3376715.515
1421,157.260799,80.83318,316724.805,-2815.0,2637.0,3378604.0,3376714.688
1422,157.246647,80.840562,316726.43,-2814.0,2636.0,3378603.0,3376713.866
1423,157.232377,80.847994,316728.065,-2795.0,2633.0,3378603.0,3376713.04
1424,157.21818,80.855375,316729.687,-2789.0,2632.0,3378602.0,3376712.22
1425,157.203866,80.862805,316731.319,-2769.0,2628.0,3378600.0,3376711.396
1426,157.189627,80.870186,316732.939,-2761.0,2627.0,3378600.0,3376710.577
1427,157.175268,80.877615,316734.569,-2759.0,2627.0,3378600.0,3376709.754
1428,157.160985,80.884994,316736.186,-2751.0,2625.0,3378599.0,3376708.937
1429,157.146582,80.892423,316737.814,-2733.0,2622.0,3378598.0,3376708.115
1430,157.132254,80.899801,316739.429,-2746.0,2624.0,3378598.0,3376707.299
1431,157.117807,80.907228,316741.054,-2743.0,2624.0,3378597.0,3376706.479
1432,157.103435,80.914605,316742.667,-2742.0,2624.0,3378595.0,3376705.664
1433,157.088943,80.922031,316744.289,-2739.0,2623.0,3378595.0,3376704.845
1434,157.074527,80.929407,316745.899,-2736.0,2623.0,3378595.0,3376704.032
1435,157.05999,80.936833,316747.52,-2738.0,2623.0,3378594.0,3376703.215
1436,157.045528,80.944207,316749.127,-2739.0,2623.0,3378594.0,3376702.403
1437,157.030946,80.951632,316750.745,-2741.0,2624.0,3378593.0,3376701.587
1438,157.01644,80.959005,316752.351,-2734.0,2622.0,3378592.0,3376700.777
1439,157.001813,80.966429,316753.966,-2735.0,2623.0,3378592.0,3376699.962
1440,156.987261,80.973801,316755.569,-2732.0,2622.0,3378591.0,3376699.153
1441,156.972588,80.981223,316757.182,-2733.0,2622.0,3378590.0,3376698.34
1442,156.957991,80.988595,316758.783,-2732.0,2622.0,3378590.0,3376697.533
1443,156.943272,80.996016,316760.393,-2730.0,2622.0,3378589.0,3376696.721
1444,156.928629,81.003386,316761.991,-2725.0,2621.0,3378587.0,3376695.915
1445,156.913865,81.010806,316763.599,-2721.0,2620.0,3378587.0,3376695.104
1446,156.899176,81.018176,316765.195,-2709.0,2618.0,3378587.0,3376694.299
1447,156.884365,81.025595,316766.801,-2709.0,2618.0,3378586.0,3376693.49
1448,156.86963,81.032963,316768.394,-2703.0,2617.0,3378585.0,3376692.687
1449,156.854773,81.040381,316769.997,-2704.0,2617.0,3378585.0,3376691.879
1450,156.839992,81.047748,316771.588,-2677.0,2613.0,3378584.0,3376691.078
1451,156.825087,81.055164,316773.189,-2687.0,2614.0,3378583.0,3376690.271
1452,156.81026,81.062531,316774.778,-2690.0,2615.0,3378583.0,3376689.471
1453,156.795309,81.069946,316776.376,-2682.0,2613.0,3378582.0,3376688.666
1454,156.780435,81.077311,316777.962,-2673.0,2612.0,3378580.0,3376687.867
1455,156.765436,81.084725,316779.558,-2677.0,2613.0,3378580.0,3376687.063
1456,156.750414,81.092139,316781.153,-2677.0,2613.0,3378580.0,3376686.26
1457,156.735469,81.099502,316782.736,-2677.0,2613.0,3378579.0,3376685.464
1458,156.7204,81.106915,316784.328,-2673.0,2612.0,3378579.0,3376684.662
1459,156.705408,81.114277,316785.908,-2660.0,2610.0,3378578.0,3376683.867
1460,156.691509,81.121092,316787.37,-2661.0,2610.0,3378577.0,3376683.131
1461,156.676369,81.128503,316788.958,-2670.0,2612.0,3378577.0,3376682.332
1462,156.661308,81.135863,316790.535,-2659.0,2610.0,3378575.0,3376681.538
1463,156.64612,81.143273,316792.121,-2666.0,2611.0,3378575.0,3376680.74
1464,156.63101,81.150633,316793.696,-2668.0,2611.0,3378575.0,3376679.948
1465,156.615775,81.158041,316795.28,-2648.0,2608.0,3378574.0,3376679.152
1466,156.600617,81.1654,316796.852,-2646.0,2607.0,3378573.0,3376678.361
1467,156.585333,81.172807,316798.433,-2645.0,2607.0,3378573.0,3376677.566
1468,156.570127,81.180164,316800.003,-2658.0,2610.0,3378572.0,3376676.777
1469,156.554794,81.187571,316801.582,-2656.0,2609.0,3378571.0,3376675.983
1470,156.539539,81.194927,316803.149,-2647.0,2608.0,3378571.0,3376675.195
1471,156.524157,81.202332,316804.725,-2651.0,2608.0,3378570.0,3376674.403
1472,156.508853,81.209687,316806.29,-2649.0,2608.0,3378569.0,3376673.616
1473,156.493422,81.217091,316807.864,-2659.0,2610.0,3378569.0,3376672.825
1474,156.47807,81.224444,316809.426,-2651.0,2608.0,3378567.0,3376672.04
1475,156.462589,81.231847,316810.998,-2655.0,2609.0,3378567.0,3376671.251
1476,156.447187,81.2392,316812.558,-2630.0,2605.0,3378567.0,3376670.467
1477,156.431656,81.246601,316814.127,-2656.0,2610.0,3378566.0,3376669.679
1478,156.416205,81.253953,316815.685,-2652.0,2609.0,3378565.0,3376668.897
1479,156.400624,81.261353,316817.252,-2648.0,2608.0,3378565.0,3376668.11
1480,156.385123,81.268703,316818.807,-2629.0,2605.0,3378564.0,3376667.329
1481,156.369493,81.276102,316820.371,-2630.0,2605.0,3378563.0,3376666.544
1482,156.353941,81.283451,316821.924,-2629.0,2605.0,3378563.0,3376665.765
1483,156.33826,81.290849,316823.486,-2632.0,2605.0,3378562.0,3376664.981
1484,156.322659,81.298197,316825.036,-2635.0,2606.0,3378560.0,3376664.203
1485,156.306927,81.305594,316826.595,-2615.0,2602.0,3378560.0,3376663.42
1486,156.291275,81.312941,316828.143,-2617.0,2603.0,3378560.0,3376662.644
1487,156.275492,81.320336,316829.7,-2628.0,2605.0,3378559.0,3376661.863
1488,156.259789,81.327682,316831.246,-2617.0,2603.0,3378559.0,3376661.088
1489,156.243955,81.335076,316832.801,-2624.0,2604.0,3378558.0,3376660.308
1490,156.228201,81.34242,316834.344,-2635.0,2606.0,3378558.0,3376659.534
1491,156.212316,81.349813,316835.896,-2620.0,2603.0,3378557.0,3376658.756
1492,156.196404,81.357206,316837.447,-2607.0,2601.0,3378555.0,3376657.978
1493,156.180573,81.364548,316838.986,-2605.0,2601.0,3378555.0,3376657.207
1494,156.16461,81.371939,316840.535,-2612.0,2602.0,3378555.0,3376656.43
1495,156.148727,81.379281,316842.072,-2606.0,2601.0,3378554.0,3376655.66
1496,156.132712,81.386671,316843.618,-2597.0,2600.0,3378554.0,3376654.885
1497,156.116777,81.39401,316845.153,-2597.0,2599.0,3378553.0,3376654.117
1498,156.100709,81.401399,316846.697,-2621.0,2604.0,3378552.0,3376653.343
1499,156.084723,81.408738,316848.229,-2590.0,2598.0,3378552.0,3376652.576
1500,156.068602,81.416125,316849.77,-2603.0,2601.0,3378551.0,3376651.804
1501,156.052564,81.423463,316851.3,-2595.0,2599.0,3378550.0,3376651.038
1502,156.03639,81.430849,316852.839,-2603.0,2601.0,3378550.0,3376650.267
1503,156.020298,81.438185,316854.366,-2609.0,2602.0,3378549.0,3376649.503
1504,156.004072,81.44557,316855.903,-2602.0,2600.0,3378548.0,3376648.734
1505,155.987927,81.452905,316857.427,-2606.0,2601.0,3378548.0,3376647.97
1506,155.971647,81.460289,316858.961,-2597.0,2599.0,3378547.0,3376647.203
1507,155.955449,81.467623,316860.484,-2608.0,2602.0,3378547.0,3376646.441
1508,155.939115,81.475005,316862.016,-2599.0,2600.0,3378546.0,3376645.675
1509,155.922864,81.482337,316863.536,-2590.0,2598.0,3378545.0,3376644.914
1510,155.907797,81.489124,316864.942,-2595.0,2599.0,3378545.0,3376644.211
1511,155.891384,81.496505,316866.47,-2576.0,2596.0,3378544.0,3376643.447
1512,155.875054,81.503835,316867.986,-2555.0,2592.0,3378542.0,3376642.688
1513,155.858587,81.511215,316869.512,-2582.0,2597.0,3378542.0,3376641.926
1514,155.842203,81.518544,316871.026,-2592.0,2599.0,3378542.0,3376641.169
1515,155.825681,81.525922,316872.549,-2581.0,2597.0,3378540.0,3376640.407
1516,155.809243,81.53325,316874.061,-2574.0,2596.0,3378540.0,3376639.652
1517,155.792666,81.540626,316875.582,-2572.0,2595.0,3378540.0,3376638.892
1518,155.776173,81.547953,316877.091,-2582.0,2597.0,3378540.0,3376638.138
1519,155.759541,81.555328,316878.61,-2557.0,2593.0,3378539.0,3376637.379
1520,155.742993,81.562653,316880.117,-2559.0,2593.0,3378538.0,3376636.626
1521,155.726306,81.570028,316881.632,-2577.0,2596.0,3378538.0,3376635.869
1522,155.709702,81.577352,316883.137,-2574.0,2596.0,3378537.0,3376635.118
1523,155.692959,81.584724,316884.65,-2561.0,2593.0,3378535.0,3376634.362
1524,155.6763,81.592047,316886.153,-2563.0,2594.0,3378535.0,3376633.612
1525,155.659501,81.599418,316887.664,-2572.0,2595.0,3378535.0,3376632.858
1526,155.642787,81.60674,316889.163,-2569.0,2595.0,3378534.0,3376632.11
1527,155.625931,81.61411,316890.672,-2563.0,2594.0,3378534.0,3376631.357
1528,155.60916,81.62143,316892.169,-2569.0,2595.0,3378533.0,3376630.61
1529,155.592248,81.628798,316893.675,-2574.0,2596.0,3378533.0,3376629.858
1530,155.575307,81.636166,316895.18,-2562.0,2594.0,3378532.0,3376629.107
1531,155.558452,81.643484,316896.674,-2571.0,2595.0,3378531.0,3376628.362
1532,155.541454,81.650851,316898.176,-2557.0,2593.0,3378531.0,3376627.613
1533,155.524542,81.658168,316899.668,-2533.0,2589.0,3378530.0,3376626.869
1534,155.507487,81.665533,316901.168,-2552.0,2592.0,3378529.0,3376626.122
1535,155.490517,81.672848,316902.657,-2563.0,2594.0,3378529.0,3376625.379
1536,155.473405,81.680212,316904.154,-2530.0,2588.0,3378528.0,3376624.633
1537,155.456378,81.687526,316905.641,-2542.0,2590.0,3378528.0,3376623.892
1538,155.439207,81.694888,316907.136,-2531.0,2588.0,3378527.0,3376623.147
1539,155.422123,81.702201,316908.62,-2537.0,2589.0,3378526.0,3376622.408
1540,155.404894,81.709562,316910.113,-2542.0,2591.0,3378526.0,3376621.664
1541,155.387752,81.716873,316911.594,-2534.0,2589.0,3378525.0,3376620.926
1542,155.370464,81.724233,316913.084,-2545.0,2591.0,3378524.0,3376620.184
1543,155.353264,81.731543,316914.564,-2522.0,2587.0,3378524.0,3376619.447
1544,155.335917,81.738901,316916.052,-2530.0,2589.0,3378522.0,3376618.706
1545,155.318658,81.746209,316917.528,-2536.0,2590.0,3378522.0,3376617.971
1546,155.301253,81.753566,316919.014,-2535.0,2589.0,3378522.0,3376617.232
1547,155.283935,81.760873,316920.488,-2544.0,2591.0,3378520.0,3376616.498
1548,155.26647,81.768229,316921.971,-2518.0,2587.0,3378520.0,3376615.76
1549,155.249093,81.775534,316923.443,-2539.0,2590.0,3378520.0,3376615.028
1550,155.231568,81.782888,316924.924,-2544.0,2591.0,3378520.0,3376614.291
1551,155.214131,81.790192,316926.393,-2525.0,2588.0,3378519.0,3376613.56
1552,155.196547,81.797545,316927.871,-2513.0,2586.0,3378518.0,3376612.825
1553,155.17905,81.804848,316929.338,-2520.0,2587.0,3378518.0,3376612.096
1554,155.161405,81.812199,316930.814,-2512.0,2585.0,3378517.0,3376611.362
1555,155.143849,81.8195,316932.279,-2524.0,2588.0,3378515.0,3376610.634
1556,155.126143,81.82685,316933.752,-2531.0,2589.0,3378515.0,3376609.902
1557,155.108526,81.83415,316935.214,-2518.0,2587.0,3378515.0,3376609.175
1558,155.09076,81.841498,316936.685,-2522.0,2587.0,3378515.0,3376608.444
1559,155.073082,81.848796,316938.145,-2535.0,2590.0,3378514.0,3376607.719
1560,155.055254,81.856143,316939.613,-2532.0,2589.0,3378513.0,3376606.989
1561,155.038835,81.862898,316940.962,-2512.0,2586.0,3378513.0,3376606.319
1562,155.021068,81.870194,316942.418,-2516.0,2586.0,3378512.0,3376605.596
1563,155.003149,81.877539,316943.883,-2533.0,2589.0,3378512.0,3376604.868
1564,154.9852,81.884883,316945.347,-2512.0,2586.0,3378511.0,3376604.142
1565,154.967341,81.892177,316946.8,-2507.0,2585.0,3378510.0,3376603.421
1566,154.949329,81.899519,316948.261,-2502.0,2584.0,3378510.0,3376602.695
1567,154.931408,81.906812,316949.711,-2512.0,2586.0,3378509.0,3376601.976
1568,154.913334,81.914153,316951.17,-2523.0,2588.0,3378509.0,3376601.252
1569,154.89535,81.921444,316952.618,-2494.0,2583.0,3378508.0,3376600.534
1570,154.877213,81.928783,316954.074,-2508.0,2585.0,3378507.0,3376599.811
1571,154.859167,81.936073,316955.519,-2504.0,2584.0,3378507.0,3376599.094
1572,154.840966,81.943411,316956.973,-2482.0,2580.0,3378506.0,3376598.373
1573,154.822857,81.950699,316958.416,-2486.0,2581.0,3378506.0,3376597.658
1574,154.804593,81.958035,316959.867,-2498.0,2583.0,3378505.0,3376596.938
1575,154.78642,81.965322,316961.308,-2504.0,2584.0,3378504.0,3376596.224
1576,154.768093,81.972657,316962.757,-2507.0,2585.0,3378504.0,3376595.506
1577,154.749856,81.979942,316964.195,-2513.0,2586.0,3378502.0,3376594.793
1578,154.731465,81.987275,316965.642,-2489.0,2582.0,3378502.0,3376594.077
1579,154.713164,81.994559,316967.077,-2479.0,2580.0,3378502.0,3376593.365
1580,154.694708,82.001891,316968.521,-2485.0,2581.0,3378500.0,3376592.65
1581,154.676343,82.009173,316969.955,-2509.0,2585.0,3378500.0,3376591.94
1582,154.657822,82.016503,316971.396,-2498.0,2584.0,3378500.0,3376591.226
1583,154.639393,82.023783,316972.827,-2482.0,2581.0,3378500.0,3376590.518
1584,154.620806,82.031112,316974.266,-2496.0,2583.0,3378499.0,3376589.806
1585,154.602312,82.038391,316975.695,-2481.0,2581.0,3378498.0,3376589.099
1586,154.583659,82.045718,316977.132,-2477.0,2580.0,3378498.0,3376588.388
1587,154.5651,82.052995,316978.558,-2483.0,2581.0,3378497.0,3376587.682
1588,154.546382,82.060321,316979.992,-2495.0,2583.0,3378497.0,3376586.972
1589,154.527756,82.067597,316981.416,-2491.0,2582.0,3378495.0,3376586.268
1590,154.508972,82.074921,316982.847,-2484.0,2581.0,3378495.0,3376585.56
1591,154.49028,82.082195,316984.269,-2497.0,2583.0,3378495.0,3376584.857
1592,154.471429,82.089517,316985.698,-2506.0,2585.0,3378494.0,3376584.15
1593,154.452672,82.09679,316987.117,-2497.0,2584.0,3378494.0,3376583.449
1594,154.433753,82.104111,316988.544,-2484.0,2581.0,3378493.0,3376582.744
1595,154.414929,82.111382,316989.96,-2482.0,2581.0,3378493.0,3376582.044
1596,154.395943,82.118701,316991.385,-2492.0,2583.0,3378492.0,3376581.34
1597,154.377052,82.12597,316992.799,-2489.0,2582.0,3378491.0,3376580.641
1598,154.357999,82.133288,316994.221,-2472.0,2579.0,3378491.0,3376579.939
1599,154.33904,82.140555,316995.632,-2495.0,2583.0,3378490.0,3376579.242
1600,154.319918,82.147871,316997.052,-2474.0,2580.0,3378490.0,3376578.541
1601,154.300891,82.155138,316998.461,-2499.0,2584.0,3378489.0,3376577.845
1602,154.281702,82.162452,316999.878,-2459.0,2577.0,3378488.0,3376577.145
1603,154.262607,82.169716,317001.285,-2482.0,2581.0,3378488.0,3376576.451
1604,154.243348,82.177029,317002.7,-2478.0,2580.0,3378487.0,3376575.753
1605,154.224184,82.184292,317004.104,-2484.0,2582.0,3378487.0,3376575.06
1606,154.204857,82.191603,317005.516,-2469.0,2579.0,3378486.0,3376574.363
1607,154.185494,82.198913,317006.927,-2470.0,2579.0,3378486.0,3376573.667
1608,154.166227,82.206174,317008.328,-2495.0,2583.0,3378485.0,3376572.976
1609,154.146794,82.213482,317009.737,-2488.0,2582.0,3378484.0,3376572.282
1610,154.127458,82.220741,317011.135,-2486.0,2582.0,3378484.0,3376571.592
1611,154.107955,82.228048,317012.541,-2474.0,2580.0,3378482.0,3376570.899
1612,154.089992,82.234765,317013.833,-2473.0,2580.0,3378482.0,3376570.262
1613,154.070553,82.242022,317015.227,-2442.0,2574.0,3378482.0,3376569.575
1614,154.050948,82.249326,317016.63,-2479.0,2581.0,3378482.0,3376568.884
1615,154.031438,82.25658,317018.022,-2461.0,2578.0,3378481.0,3376568.198
1616,154.011762,82.263883,317019.423,-2484.0,2582.0,3378480.0,3376567.508
1617,153.992181,82.271136,317020.812,-2472.0,2580.0,3378480.0,3376566.824
1618,153.972433,82.278437,317022.21,-2466.0,2579.0,3378479.0,3376566.136
1619,153.952782,82.285688,317023.597,-2485.0,2582.0,3378479.0,3376565.453
1620,153.932962,82.292987,317024.993,-2480.0,2581.0,3378478.0,3376564.766
1621,153.913239,82.300237,317026.378,-2472.0,2580.0,3378478.0,3376564.084
1622,153.893347,82.307534,317027.771,-2476.0,2580.0,3378477.0,3376563.399
1623,153.873552,82.314782,317029.153,-2474.0,2580.0,3378475.0,3376562.718
1624,153.853587,82.322078,317030.543,-2477.0,2581.0,3378475.0,3376562.034
1625,153.83372,82.329324,317031.923,-2478.0,2581.0,3378475.0,3376561.356
1626,153.813682,82.336618,317033.311,-2481.0,2581.0,3378475.0,3376560.673
1627,153.793742,82.343862,317034.689,-2469.0,2579.0,3378474.0,3376559.996
1628,153.773631,82.351155,317036.075,-2467.0,2579.0,3378474.0,3376559.315
1629,153.753618,82.358397,317037.45,-2471.0,2580.0,3378473.0,3376558.639
1630,153.733433,82.365688,317038.833,-2472.0,2580.0,3378473.0,3376557.959
1631,153.713346,82.372928,317040.206,-2462.0,2578.0,3378472.0,3376557.284
1632,153.693087,82.380217,317041.586,-2465.0,2579.0,3378470.0,3376556.606
1633,153.672927,82.387456,317042.957,-2466.0,2579.0,3378470.0,3376555.933
1634,153.652593,82.394743,317044.335,-2485.0,2582.0,3378470.0,3376555.256
1635,153.632358,82.40198,317045.703,-2456.0,2577.0,3378470.0,3376554.584
1636,153.611949,82.409265,317047.079,-2473.0,2580.0,3378469.0,3376553.909
1637,153.591639,82.416501,317048.444,-2464.0,2579.0,3378469.0,3376553.239
1638,153.571155,82.423784,317049.817,-2465.0,2579.0,3378468.0,3376552.565
1639,153.55077,82.431018,317051.18,-2457.0,2577.0,3378467.0,3376551.896
1640,153.53021,82.438299,317052.551,-2456.0,2577.0,3378467.0,3376551.223
1641,153.509611,82.44558,317053.921,-2439.0,2574.0,3378466.0,3376550.551
1642,153.489113,82.452811,317055.28,-2453.0,2577.0,3378466.0,3376549.885
1643,153.468438,82.460089,317056.648,-2459.0,2578.0,3378465.0,3376549.214
1644,153.447863,82.467318,317058.004,-2455.0,2577.0,3378465.0,3376548.549
1645,153.427111,82.474595,317059.369,-2458.0,2578.0,3378464.0,3376547.88
1646,153.40646,82.481822,317060.724,-2468.0,2580.0,3378464.0,3376547.216
1647,153.385631,82.489097,317062.086,-2454.0,2577.0,3378462.0,3376546.548
1648,153.364903,82.496323,317063.438,-2440.0,2574.0,3378462.0,3376545.886
1649,153.343995,82.503596,317064.798,-2454.0,2577.0,3378462.0,3376545.22
1650,153.32319,82.510819,317066.148,-2462.0,2579.0,3378461.0,3376544.559
1651,153.302204,82.518091,317067.505,-2444.0,2575.0,3378461.0,3376543.894
1652,153.281321,82.525312,317068.852,-2458.0,2578.0,3378460.0,3376543.234
1653,153.260257,82.532582,317070.207,-2443.0,2575.0,3378460.0,3376542.571
1654,153.239295,82.539802,317071.552,-2453.0,2577.0,3378459.0,3376541.913
1655,153.218152,82.547069,317072.905,-2460.0,2578.0,3378459.0,3376541.251
1656,153.197111,82.554287,317074.247,-2458.0,2578.0,3378458.0,3376540.594
1657,153.175888,82.561553,317075.597,-2461.0,2579.0,3378458.0,3376539.933
1658,153.154769,82.568768,317076.937,-2454.0,2577.0,3378457.0,3376539.278
1659,153.133466,82.576032,317078.285,-2449.0,2576.0,3378455.0,3376538.619
1660,153.112266,82.583246,317079.622,-2429.0,2573.0,3378455.0,3376537.965
1661,153.090883,82.590508,317080.967,-2461.0,2579.0,3378455.0,3376537.308
1662,153.069604,82.59772,317082.302,-2464.0,2579.0,3378455.0,3376536.655
1663,153.04814,82.60498,317083.645,-2451.0,2577.0,3378454.0,3376535.999
1664,153.028368,82.611654,317084.879,-2464.0,2579.0,3378454.0,3376535.396
1665,153.006971,82.618863,317086.21,-2450.0,2577.0,3378453.0,3376534.746
1666,152.985388,82.62612,317087.549,-2436.0,2574.0,3378453.0,3376534.092
1667,152.963909,82.633328,317088.878,-2457.0,2578.0,3378452.0,3376533.443
1668,152.942244,82.640583,317090.215,-2456.0,2578.0,3378452.0,3376532.79
1669,152.920684,82.647788,317091.542,-2455.0,2578.0,3378450.0,3376532.142
1670,152.898937,82.655041,317092.876,-2450.0,2577.0,3378450.0,3376531.491
1671,152.877294,82.662244,317094.2,-2455.0,2578.0,3378450.0,3376530.845
1672,152.855464,82.669495,317095.532,-2450.0,2577.0,3378449.0,3376530.195
1673,152.833739,82.676697,317096.854,-2456.0,2578.0,3378449.0,3376529.55
1674,152.811825,82.683946,317098.183,-2450.0,2577.0,3378448.0,3376528.902
1675,152.789869,82.691194,317099.511,-2456.0,2578.0,3378448.0,3376528.254
1676,152.768019,82.698392,317100.829,-2430.0,2573.0,3378447.0,3376527.612
1677,152.745979,82.705638,317102.155,-2455.0,2578.0,3378447.0,3376526.965
1678,152.724045,82.712834,317103.471,-2464.0,2580.0,3378446.0,3376526.324
1679,152.701921,82.720078,317104.794,-2454.0,2578.0,3378446.0,3376525.679
1680,152.679903,82.727273,317106.107,-2458.0,2578.0,3378445.0,3376525.04
1681,152.657694,82.734515,317107.428,-2460.0,2579.0,3378445.0,3376524.396
1682,152.635591,82.741707,317108.739,-2457.0,2578.0,3378444.0,3376523.758
1683,152.613296,82.748947,317110.057,-2458.0,2579.0,3378444.0,3376523.116
1684,152.591108,82.756137,317111.366,-2458.0,2579.0,3378442.0,3376522.479
1685,152.568727,82.763375,317112.682,-2455.0,2578.0,3378442.0,3376521.839
1686,152.546453,82.770563,317113.988,-2450.0,2577.0,3378442.0,3376521.203
1687,152.523985,82.777798,317115.301,-2454.0,2578.0,3378441.0,3376520.564
1688,152.501625,82.784985,317116.604,-2454.0,2578.0,3378441.0,3376519.93
1689,152.479071,82.792218,317117.915,-2454.0,2578.0,3378440.0,3376519.292
1690,152.456624,82.799402,317119.217,-2455.0,2578.0,3378440.0,3376518.66
1691,152.433982,82.806634,317120.525,-2456.0,2578.0,3378439.0,3376518.023
1692,152.411448,82.813815,317121.824,-2451.0,2577.0,3378439.0,3376517.392
1693,152.388718,82.821045,317123.13,-2455.0,2578.0,3378438.0,3376516.757
1694,152.366097,82.828225,317124.426,-2456.0,2578.0,3378438.0,3376516.127
1695,152.343278,82.835452,317125.73,-2458.0,2579.0,3378437.0,3376515.494
1696,152.320569,82.842629,317127.023,-2457.0,2578.0,3378437.0,3376514.866
1697,152.297661,82.849854,317128.325,-2454.0,2578.0,3378435.0,3376514.234
1698,152.274863,82.85703,317129.616,-2455.0,2578.0,3378435.0,3376513.607
1699,152.251865,82.864253,317130.915,-2457.0,2578.0,3378435.0,3376512.976
1700,152.228978,82.871426,317132.203,-2456.0,2579.0,3378435.0,3376512.351
1701,152.205891,82.878647,317133.5,-2460.0,2579.0,3378434.0,3376511.722
1702,152.182913,82.885818,317134.786,-2462.0,2580.0,3378434.0,3376511.098
1703,152.159736,82.893037,317136.08,-2461.0,2579.0,3378433.0,3376510.47
1704,152.136668,82.900206,317137.364,-2464.0,2580.0,3378433.0,3376509.847
1705,152.113399,82.907422,317138.655,-2462.0,2580.0,3378432.0,3376509.221
1706,152.090241,82.914589,317139.937,-2455.0,2579.0,3378432.0,3376508.6
1707,152.06688,82.921803,317141.226,-2467.0,2580.0,3378430.0,3376507.975
1708,152.043631,82.928968,317142.505,-2465.0,2580.0,3378430.0,3376507.355
1709,152.020178,82.936179,317143.792,-2462.0,2580.0,3378430.0,3376506.732
1710,151.996837,82.943342,317145.068,-2465.0,2580.0,3378429.0,3376506.114
1711,151.973291,82.950552,317146.352,-2467.0,2581.0,3378429.0,3376505.492
1712,151.949858,82.957712,317147.627,-2470.0,2581.0,3378428.0,3376504.875
1713,151.926219,82.964919,317148.908,-2468.0,2581.0,3378428.0,3376504.254
1714,151.902693,82.972077,317150.18,-2466.0,2580.0,3378427.0,3376503.639
1715,151.87896,82.979282,317151.459,-2469.0,2581.0,3378427.0,3376503.02
1716,151.85534,82.986438,317152.728,-2468.0,2581.0,3378426.0,3376502.405
1717,151.833274,82.993109,317153.911,-2469.0,2581.0,3378426.0,3376501.833
1718,151.809564,83.000262,317155.178,-2472.0,2582.0,3378425.0,3376501.221
1719,151.785645,83.007463,317156.452,-2468.0,2581.0,3378425.0,3376500.604
1720,151.761841,83.014614,317157.717,-2469.0,2581.0,3378424.0,3376499.993
1721,151.737827,83.021813,317158.989,-2469.0,2581.0,3378424.0,3376499.378
1722,151.713927,83.028961,317160.251,-2478.0,2583.0,3378423.0,3376498.768
1723,151.689817,83.036157,317161.52,-2471.0,2582.0,3378423.0,3376498.155
1724,151.665822,83.043304,317162.78,-2465.0,2580.0,3378422.0,3376497.547
1725,151.641616,83.050498,317164.047,-2470.0,2581.0,3378422.0,3376496.935
1726,151.617524,83.057642,317165.304,-2467.0,2581.0,3378421.0,3376496.328
1727,151.593221,83.064833,317166.569,-2473.0,2582.0,3378421.0,3376495.717
1728,151.569032,83.071975,317167.823,-2476.0,2582.0,3378420.0,3376495.112
1729,151.544632,83.079164,317169.085,-2475.0,2582.0,3378420.0,3376494.503
1730,151.520346,83.086304,317170.338,-2476.0,2582.0,3378419.0,3376493.898
1731,151.495847,83.09349,317171.597,-2471.0,2582.0,3378419.0,3376493.291
1732,151.471463,83.100627,317172.847,-2472.0,2582.0,3378417.0,3376492.688
1733,151.446865,83.107812,317174.104,-2475.0,2582.0,3378417.0,3376492.082
1734,151.422383,83.114946,317175.352,-2474.0,2582.0,3378417.0,3376491.48
1735,151.397686,83.122128,317176.607,-2470.0,2582.0,3378417.0,3376490.876
1736,151.373104,83.129261,317177.852,-2473.0,2582.0,3378415.0,3376490.276
1737,151.348307,83.13644,317179.104,-2472.0,2582.0,3378415.0,3376489.672
1738,151.323626,83.14357,317180.347,-2473.0,2582.0,3378415.0,3376489.074
1739,151.298728,83.150747,317181.596,-2477.0,2583.0,3378415.0,3376488.472
1740,151.273947,83.157874,317182.836,-2476.0,2583.0,3378414.0,3376487.875
1741,151.248948,83.165049,317184.084,-2477.0,2583.0,3378414.0,3376487.275
1742,151.224066,83.172174,317185.322,-2482.0,2584.0,3378413.0,3376486.679
1743,151.198965,83.179346,317186.566,-2483.0,2584.0,3378413.0,3376486.08
1744,151.173982,83.186468,317187.802,-2483.0,2584.0,3378412.0,3376485.486
1745,151.148779,83.193638,317189.044,-2483.0,2584.0,3378412.0,3376484.888
1746,151.123693,83.200758,317190.277,-2482.0,2584.0,3378410.0,3376484.295
1747,151.098387,83.207925,317191.517,-2481.0,2584.0,3378410.0,3376483.699
1748,151.073199,83.215043,317192.747,-2481.0,2584.0,3378410.0,3376483.108
1749,151.047789,83.222207,317193.985,-2482.0,2584.0,3378410.0,3376482.513
1750,151.022498,83.229322,317195.213,-2485.0,2585.0,3378410.0,3376481.923
1751,150.996984,83.236484,317196.448,-2487.0,2585.0,3378409.0,3376481.33
1752,150.971417,83.243645,317197.682,-2487.0,2585.0,3378409.0,3376480.738
1753,150.94597,83.250756,317198.906,-2489.0,2585.0,3378408.0,3376480.15
1754,150.920298,83.257914,317200.137,-2491.0,2586.0,3378408.0,3376479.559
1755,150.894745,83.265023,317201.359,-2491.0,2586.0,3378407.0,3376478.972
1756,150.868968,83.272179,317202.588,-2490.0,2586.0,3378407.0,3376478.383
1757,150.84331,83.279285,317203.807,-2490.0,2586.0,3378406.0,3376477.798
1758,150.817426,83.286438,317205.034,-2490.0,2586.0,3378406.0,3376477.21
1759,150.791662,83.293542,317206.251,-2493.0,2586.0,3378405.0,3376476.626
1760,150.765671,83.300692,317207.475,-2493.0,2586.0,3378405.0,3376476.039
1761,150.7398,83.307793,317208.689,-2494.0,2586.0,3378404.0,3376475.457
1762,150.713701,83.314941,317209.911,-2496.0,2587.0,3378404.0,3376474.872
1763,150.687724,83.322039,317211.123,-2498.0,2587.0,3378403.0,3376474.291
1764,150.661516,83.329184,317212.342,-2499.0,2587.0,3378403.0,3376473.707
1765,150.63543,83.33628,317213.551,-2499.0,2587.0,3378402.0,3376473.128
1766,150.609114,83.343423,317214.768,-2498.0,2587.0,3378402.0,3376472.546
1767,150.58292,83.350516,317215.975,-2496.0,2587.0,3378401.0,3376471.968
1768,150.556493,83.357655,317217.189,-2493.0,2586.0,3378401.0,3376471.387
1769,150.53019,83.364746,317218.394,-2495.0,2587.0,3378400.0,3376470.81
1770,150.503653,83.371883,317219.606,-2493.0,2586.0,3378400.0,3376470.231
1771,150.477239,83.378971,317220.808,-2496.0,2587.0,3378399.0,3376469.656
1772,150.45274,83.385531,317221.92,-2494.0,2586.0,3378399.0,3376469.124
1773,150.426041,83.392664,317223.128,-2494.0,2587.0,3378399.0,3376468.547
1774,150.399465,83.399748,317224.327,-2493.0,2586.0,3378397.0,3376467.974
1775,150.372654,83.406878,317225.532,-2491.0,2586.0,3378397.0,3376467.398
1776,150.345967,83.413959,317226.729,-2492.0,2586.0,3378397.0,3376466.827
1777,150.319043,83.421087,317227.932,-2491.0,2586.0,3378397.0,3376466.252
1778,150.292244,83.428165,317229.126,-2492.0,2586.0,3378395.0,3376465.682
1779,150.265206,83.43529,317230.326,-2493.0,2587.0,3378395.0,3376465.109
1780,150.238294,83.442366,317231.518,-2490.0,2586.0,3378395.0,3376464.54
1781,150.211143,83.449488,317232.716,-2488.0,2586.0,3378395.0,3376463.969
1782,150.184116,83.456561,317233.905,-2483.0,2585.0,3378394.0,3376463.401
1783,150.15685,83.46368,317235.101,-2483.0,2585.0,3378394.0,3376462.831
1784,150.12971,83.47075,317236.287,-2481.0,2584.0,3378393.0,3376462.266
1785,150.102328,83.477867,317237.48,-2481.0,2584.0,3378393.0,3376461.697
1786,150.075072,83.484934,317238.665,-2477.0,2584.0,3378392.0,3376461.132
1787,150.047575,83.492047,317239.855,-2475.0,2583.0,3378392.0,3376460.565
1788,150.020018,83.49916,317241.045,-2471.0,2583.0,3378390.0,3376459.998
1789,149.992588,83.506223,317242.225,-2469.0,2583.0,3378390.0,3376459.436
1790,149.964915,83.513332,317243.413,-2467.0,2582.0,3378390.0,3376458.871
1791,149.937368,83.520392,317244.59,-2465.0,2582.0,3378390.0,3376458.31
1792,149.909576,83.527499,317245.775,-2464.0,2582.0,3378390.0,3376457.747
1793,149.881912,83.534556,317246.951,-2463.0,2581.0,3378389.0,3376457.187
1794,149.854001,83.541659,317248.133,-2464.0,2582.0,3378389.0,3376456.625
1795,149.826219,83.548714,317249.306,-2463.0,2581.0,3378388.0,3376456.067
1796,149.798189,83.555814,317250.486,-2463.0,2582.0,3378388.0,3376455.506
1797,149.770287,83.562866,317251.656,-2463.0,2581.0,3378387.0,3376454.95
1798,149.742137,83.569963,317252.834,-2461.0,2581.0,3378387.0,3376454.39
1799,149.714116,83.577012,317254.002,-2462.0,2581.0,3378386.0,3376453.835
1800,149.685845,83.584107,317255.177,-2460.0,2581.0,3378386.0,3376453.277
1801,149.657703,83.591152,317256.342,-2461.0,2581.0,3378386.0,3376452.724
1802,149.62931,83.598244,317257.515,-2460.0,2581.0,3378385.0,3376452.167
1803,149.601047,83.605287,317258.678,-2461.0,2581.0,3378385.0,3376451.615
1804,149.572531,83.612375,317259.848,-2460.0,2581.0,3378384.0,3376451.06
1805,149.544146,83.619415,317261.009,-2461.0,2581.0,3378384.0,3376450.509
1806,149.515508,83.626501,317262.176,-2460.0,2581.0,3378383.0,3376449.956
1807,149.487,83.633537,317263.335,-2460.0,2581.0,3378383.0,3376449.407
1808,149.458237,83.64062,317264.499,-2461.0,2581.0,3378382.0,3376448.854
1809,149.429606,83.647653,317265.655,-2461.0,2581.0,3378382.0,3376448.306
1810,149.400718,83.654733,317266.818,-2463.0,2582.0,3378381.0,3376447.756
1811,149.371963,83.661763,317267.971,-2462.0,2582.0,3378381.0,3376447.209
1812,149.34295,83.66884,317269.131,-2464.0,2582.0,3378381.0,3376446.66
1813,149.314069,83.675867,317270.283,-2463.0,2582.0,3378380.0,3376446.115
1814,149.284929,83.682941,317271.44,-2464.0,2582.0,3378380.0,3376445.567
1815,149.255923,83.689965,317272.589,-2463.0,2582.0,3378379.0,3376445.024
1816,149.226656,83.697035,317273.744,-2462.0,2582.0,3378379.0,3376444.477
1817,149.197523,83.704057,317274.89,-2464.0,2582.0,3378377.0,3376443.935
1818,149.168128,83.711124,317276.043,-2462.0,2582.0,3378377.0,3376443.39
1819,149.138868,83.718142,317277.186,-2463.0,2582.0,3378377.0,3376442.849
1820,149.109344,83.725206,317278.336,-2463.0,2582.0,3378377.0,3376442.306
1821,149.079955,83.732221,317279.478,-2465.0,2582.0,3378377.0,3376441.767
1822,149.050303,83.739282,317280.625,-2464.0,2582.0,3378375.0,3376441.224
1823,149.020784,83.746293,317281.764,-2467.0,2583.0,3378375.0,3376440.687
1824,148.991001,83.753351,317282.91,-2466.0,2582.0,3378375.0,3376440.146
1825,148.961353,83.76036,317284.046,-2467.0,2583.0,3378375.0,3376439.61
1826,148.931439,83.767414,317285.189,-2466.0,2582.0,3378374.0,3376439.07
1827,148.903876,83.773899,317286.238,-2465.0,2582.0,3378374.0,3376438.575
1828,148.873834,83.78095,317287.379,-2465.0,2582.0,3378374.0,3376438.037
1829,148.843929,83.787952,317288.51,-2464.0,2582.0,3378373.0,3376437.504
1830,148.813755,83.795,317289.648,-2464.0,2582.0,3378373.0,3376436.967
1831,148.783717,83.801999,317290.777,-2463.0,2582.0,3378372.0,3376436.435
1832,148.753409,83.809044,317291.913,-2464.0,2582.0,3378372.0,3376435.9
1833,148.723238,83.816039,317293.039,-2464.0,2582.0,3378370.0,3376435.37
1834,148.692796,83.823081,317294.173,-2464.0,2582.0,3378370.0,3376434.836
1835,148.66249,83.830073,317295.297,-2463.0,2582.0,3378370.0,3376434.307
1836,148.631913,83.837111,317296.427,-2463.0,2582.0,3378370.0,3376433.775
1837,148.601473,83.8441,317297.549,-2463.0,2582.0,3378370.0,3376433.247
1838,148.570759,83.851135,317298.677,-2462.0,2582.0,3378369.0,3376432.716
1839,148.540183,83.85812,317299.796,-2463.0,2582.0,3378369.0,3376432.19
1840,148.509332,83.865152,317300.922,-2463.0,2582.0,3378368.0,3376431.661
1841,148.47862,83.872134,317302.039,-2463.0,2582.0,3378368.0,3376431.136
1842,148.447631,83.879162,317303.162,-2463.0,2582.0,3378367.0,3376430.608
1843,148.416781,83.886141,317304.276,-2463.0,2582.0,3378367.0,3376430.085
1844,148.385653,83.893165,317305.397,-2463.0,2582.0,3378367.0,3376429.558
1845,148.354665,83.900141,317306.509,-2462.0,2582.0,3378366.0,3376429.036
1846,148.323397,83.907162,317307.627,-2462.0,2582.0,3378366.0,3376428.511
1847,148.29227,83.914134,317308.737,-2462.0,2582.0,3378365.0,3376427.991
1848,148.260861,83.921151,317309.853,-2462.0,2582.0,3378365.0,3376427.467
1849,148.229594,83.92812,317310.96,-2460.0,2582.0,3378364.0,3376426.948
1850,148.198044,83.935134,317312.073,-2460.0,2582.0,3378364.0,3376426.426
1851,148.166635,83.942099,317313.177,-2460.0,2582.0,3378364.0,3376425.908
1852,148.134943,83.949109,317314.288,-2459.0,2582.0,3378363.0,3376425.388
1853,148.103392,83.956071,317315.39,-2460.0,2582.0,3378363.0,3376424.872
1854,148.071557,83.963078,317316.499,-2460.0,2582.0,3378362.0,3376424.353
1855,148.039863,83.970036,317317.598,-2460.0,2582.0,3378362.0,3376423.838
1856,148.007883,83.977039,317318.704,-2460.0,2582.0,3378362.0,3376423.32
1857,147.976046,83.983993,317319.802,-2460.0,2582.0,3378361.0,3376422.807
1858,147.943921,83.990993,317320.905,-2458.0,2582.0,3378361.0,3376422.29
1859,147.911939,83.997944,317322.0,-2458.0,2582.0,3378360.0,3376421.778
1860,147.879668,84.00494,317323.101,-2457.0,2582.0,3378360.0,3376421.264
1861,147.84754,84.011887,317324.193,-2458.0,2582.0,3378359.0,3376420.753
1862,147.815121,84.01888,317325.291,-2456.0,2581.0,3378359.0,3376420.24
1863,147.782629,84.02587,317326.389,-2457.0,2582.0,3378359.0,3376419.727
1864,147.750281,84.032812,317327.477,-2455.0,2581.0,3378357.0,3376419.219
1865,147.717639,84.039799,317328.572,-2455.0,2581.0,3378357.0,3376418.708
1866,147.685143,84.046737,317329.658,-2454.0,2581.0,3378357.0,3376418.201
1867,147.652353,84.05372,317330.751,-2455.0,2581.0,3378357.0,3376417.691
1868,147.619707,84.060655,317331.834,-2455.0,2581.0,3378357.0,3376417.185
1869,147.586766,84.067634,317332.924,-2455.0,2581.0,3378356.0,3376416.677
1870,147.553971,84.074565,317334.006,-2454.0,2581.0,3378356.0,3376416.173
1871,147.520878,84.081541,317335.093,-2456.0,2581.0,3378355.0,3376415.666
1872,147.487932,84.088468,317336.172,-2456.0,2582.0,3378355.0,3376415.164
1873,147.454687,84.095439,317337.257,-2457.0,2582.0,3378354.0,3376414.658
1874,147.421589,84.102363,317338.333,-2457.0,2582.0,3378354.0,3376414.157
1875,147.38819,84.109331,317339.415,-2458.0,2582.0,3378354.0,3376413.653
1876,147.354939,84.11625,317340.489,-2459.0,2582.0,3378353.0,3376413.153
1877,147.321386,84.123214,317341.569,-2460.0,2582.0,3378353.0,3376412.651
1878,147.287981,84.13013,317342.641,-2459.0,2582.0,3378352.0,3376412.153
1879,147.254273,84.13709,317343.718,-2461.0,2582.0,3378352.0,3376411.652
1880,147.220713,84.144002,317344.787,-2461.0,2583.0,3378352.0,3376411.155
1881,147.186848,84.150958,317345.862,-2461.0,2582.0,3378350.0,3376410.655
1882,147.153132,84.157866,317346.929,-2461.0,2583.0,3378350.0,3376410.16
1883,147.121853,84.164259,317347.915,-2463.0,2583.0,3378350.0,3376409.702
1884,147.087757,84.171209,317348.986,-2461.0,2583.0,3378350.0,3376409.204
1885,147.053812,84.178111,317350.049,-2464.0,2583.0,3378350.0,3376408.711
1886,147.019557,84.185058,317351.118,-2463.0,2583.0,3378349.0,3376408.215
1887,146.985453,84.191956,317352.179,-2464.0,2583.0,3378349.0,3376407.723
1888,146.951039,84.198899,317353.245,-2464.0,2583.0,3378348.0,3376407.228
1889,146.916775,84.205793,317354.303,-2464.0,2583.0,3378348.0,3376406.738
1890,146.882199,84.212731,317355.367,-2463.0,2583.0,3378348.0,3376406.245
1891,146.847775,84.219622,317356.423,-2462.0,2583.0,3378347.0,3376405.756
1892,146.813037,84.226556,317357.485,-2462.0,2583.0,3378347.0,3376405.264
1893,146.778452,84.233442,317358.538,-2461.0,2583.0,3378345.0,3376404.777
1894,146.74355,84.240373,317359.597,-2461.0,2583.0,3378345.0,3376404.286
1895,146.708802,84.247255,317360.647,-2460.0,2583.0,3378345.0,3376403.8
1896,146.673736,84.254181,317361.704,-2459.0,2582.0,3378345.0,3376403.311
1897,146.638824,84.261059,317362.752,-2459.0,2583.0,3378345.0,3376402.827
1898,146.603593,84.267981,317363.806,-2458.0,2582.0,3378344.0,3376402.339
1899,146.568279,84.274901,317364.859,-2456.0,2582.0,3378344.0,3376401.853
1900,146.533118,84.281773,317365.904,-2452.0,2581.0,3378344.0,3376401.37
1901,146.497637,84.288689,317366.954,-2453.0,2581.0,3378343.0,3376400.885
1902,146.46231,84.295556,317367.996,-2449.0,2581.0,3378343.0,3376400.404
1903,146.42666,84.302468,317369.044,-2447.0,2581.0,3378343.0,3376399.92
1904,146.391166,84.309331,317370.084,-2445.0,2580.0,3378342.0,3376399.441
1905,146.355347,84.316239,317371.129,-2444.0,2580.0,3378342.0,3376398.958
1906,146.319684,84.323098,317372.167,-2443.0,2580.0,3378341.0,3376398.48
1907,146.283694,84.330001,317373.21,-2437.0,2579.0,3378341.0,3376397.999
1908,146.247861,84.336856,317374.244,-2435.0,2578.0,3378341.0,3376397.522
1909,146.2117,84.343755,317375.285,-2431.0,2578.0,3378340.0,3376397.043
1910,146.175696,84.350605,317376.317,-2427.0,2577.0,3378340.0,3376396.568
1911,146.139362,84.3575,317377.355,-2420.0,2576.0,3378339.0,3376396.09
1912,146.103186,84.364346,317378.385,-2417.0,2575.0,3378339.0,3376395.616
1913,146.066678,84.371236,317379.42,-2409.0,2574.0,3378339.0,3376395.14
1914,146.030328,84.378078,317380.448,-2408.0,2574.0,3378337.0,3376394.667
1915,145.993646,84.384964,317381.481,-2405.0,2573.0,3378337.0,3376394.192
1916,145.957122,84.391801,317382.506,-2401.0,2572.0,3378337.0,3376393.721
1917,145.920262,84.398682,317383.536,-2397.0,2572.0,3378337.0,3376393.247
1918,145.883563,84.405515,317384.559,-2390.0,2571.0,3378337.0,3376392.778
1919,145.846526,84.412392,317385.587,-2386.0,2570.0,3378336.0,3376392.306
1920,145.80965,84.419221,317386.607,-2381.0,2569.0,3378336.0,3376391.838
1921,145.772435,84.426093,317387.633,-2376.0,2568.0,3378336.0,3376391.367
1922,145.73538,84.432917,317388.65,-2373.0,2568.0,3378335.0,3376390.9
1923,145.697985,84.439785,317389.673,-2369.0,2567.0,3378335.0,3376390.431
1924,145.660752,84.446604,317390.689,-2367.0,2567.0,3378335.0,3376389.966
1925,145.623176,84.453468,317391.709,-2365.0,2566.0,3378334.0,3376389.498
1926,145.585762,84.460283,317392.722,-2361.0,2566.0,3378334.0,3376389.034
1927,145.548003,84.467141,317393.74,-2359.0,2565.0,3378333.0,3376388.568
1928,145.510408,84.473952,317394.75,-2355.0,2565.0,3378333.0,3376388.105
1929,145.472466,84.480806,317395.766,-2352.0,2564.0,3378333.0,3376387.641
1930,145.434687,84.487611,317396.774,-2350.0,2564.0,3378332.0,3376387.18
1931,145.396561,84.494461,317397.787,-2349.0,2563.0,3378332.0,3376386.716
1932,145.358598,84.501262,317398.792,-2347.0,2563.0,3378332.0,3376386.257
1933,145.320286,84.508106,317399.803,-2347.0,2563.0,3378330.0,3376385.795
1934,145.282138,84.514903,317400.806,-2344.0,2563.0,3378330.0,3376385.337
1935,145.243638,84.521742,317401.814,-2342.0,2562.0,3378330.0,3376384.876
1936,145.205304,84.528534,317402.815,-2341.0,2562.0,3378330.0,3376384.42
1937,145.166615,84.535369,317403.82,-2339.0,2562.0,3378330.0,3376383.961
1938,145.128093,84.542156,317404.818,-2337.0,2561.0,3378329.0,3376383.505
1939,145.089215,84.548986,317405.822,-2336.0,2561.0,3378329.0,3376383.048
1940,145.053384,84.555264,317406.743,-2334.0,2561.0,3378329.0,3376382.628
1941,145.014322,84.56209,317407.744,-2330.0,2560.0,3378328.0,3376382.172
1942,144.975427,84.568867,317408.737,-2329.0,2560.0,3378328.0,3376381.719
1943,144.936173,84.575688,317409.736,-2327.0,2560.0,3378328.0,3376381.264
1944,144.897086,84.58246,317410.726,-2329.0,2560.0,3378327.0,3376380.814
1945,144.857638,84.589276,317411.722,-2328.0,2560.0,3378327.0,3376380.36
1946,144.818358,84.596044,317412.711,-2328.0,2560.0,3378325.0,3376379.911
1947,144.778715,84.602855,317413.704,-2325.0,2559.0,3378325.0,3376379.459
1948,144.739241,84.609617,317414.69,-2321.0,2559.0,3378325.0,3376379.011
1949,144.699402,84.616423,317415.681,-2321.0,2559.0,3378325.0,3376378.561
1950,144.659732,84.623181,317416.664,-2319.0,2559.0,3378325.0,3376378.114
1951,144.619696,84.629982,317417.653,-2320.0,2559.0,3378325.0,3376377.665
1952,144.579829,84.636734,317418.633,-2321.0,2559.0,3378324.0,3376377.22
1953,144.539593,84.64353,317419.62,-2327.0,2560.0,3378324.0,3376376.772
1954,144.499528,84.650278,317420.598,-2334.0,2561.0,3378324.0,3376376.329
1955,144.459092,84.657068,317421.582,-2343.0,2563.0,3378323.0,3376375.883
1956,144.418827,84.663811,317422.557,-2365.0,2567.0,3378323.0,3376375.44
1957,144.37819,84.670596,317423.539,-2365.0,2567.0,3378322.0,3376374.996
1958,144.337724,84.677334,317424.512,-2395.0,2572.0,3378322.0,3376374.555
1959,144.296883,84.684114,317425.491,-2416.0,2576.0,3378322.0,3376374.112
1960,144.256215,84.690846,317426.462,-2432.0,2579.0,3378321.0,3376373.672
1961,144.215169,84.697621,317427.438,-2424.0,2577.0,3378321.0,3376373.231
1962,144.174297,84.704348,317428.406,-2355.0,2565.0,3378321.0,3376372.793
1963,144.133046,84.711118,317429.38,-2343.0,2563.0,3378320.0,3376372.353
1964,144.091968,84.71784,317430.346,-2282.0,2552.0,3378320.0,3376371.916
1965,144.050509,84.724604,317431.317,-2284.0,2552.0,3378320.0,3376371.477
1966,144.009225,84.73132,317432.281,-2254.0,2547.0,3378319.0,3376371.042
1967,143.967558,84.73808,317433.25,-2235.0,2544.0,3378319.0,3376370.605
1968,143.926066,84.744791,317434.211,-2214.0,2540.0,3378319.0,3376370.171
1969,143.884188,84.751544,317435.177,-2204.0,2538.0,3378317.0,3376369.736
1970,143.842487,84.75825,317436.136,-2191.0,2536.0,3378317.0,3376369.303
1971,143.800397,84.764998,317437.1,-2182.0,2535.0,3378317.0,3376368.869
1972,143.758485,84.771699,317438.056,-2183.0,2534.0,3378317.0,3376368.438
1973,143.716182,84.778441,317439.017,-2175.0,2533.0,3378317.0,3376368.005
1974,143.674057,84.785136,317439.971,-2170.0,2532.0,3378317.0,3376367.576
1975,143.63154,84.791874,317440.93,-2167.0,2532.0,3378316.0,3376367.145
1976,143.588915,84.798608,317441.887,-2165.0,2531.0,3378316.0,3376366.714
1977,143.546468,84.805295,317442.837,-2164.0,2531.0,3378315.0,3376366.287
1978,143.503626,84.812024,317443.792,-2163.0,2531.0,3378315.0,3376365.857
1979,143.460963,84.818705,317444.74,-2162.0,2531.0,3378315.0,3376365.432
1980,143.417902,84.825428,317445.693,-2162.0,2531.0,3378314.0,3376365.004
1981,143.375021,84.832103,317446.638,-2162.0,2531.0,3378314.0,3376364.58
1982,143.331741,84.838821,317447.588,-2161.0,2531.0,3378314.0,3376364.153
1983,143.288641,84.845491,317448.531,-2164.0,2531.0,3378313.0,3376363.73
1984,143.24514,84.852203,317449.478,-2165.0,2532.0,3378313.0,3376363.306
1985,143.201819,84.858867,317450.418,-2169.0,2532.0,3378313.0,3376362.884
1986,143.158094,84.865573,317451.364,-2177.0,2534.0,3378312.0,3376362.461
1987,143.114552,84.872231,317452.301,-2175.0,2533.0,3378312.0,3376362.041
1988,143.070602,84.878931,317453.244,-2190.0,2536.0,3378312.0,3376361.619
1989,143.026836,84.885584,317454.179,-2206.0,2539.0,3378310.0,3376361.2
1990,142.982661,84.892278,317455.12,-2218.0,2541.0,3378310.0,3376360.78
1991,142.938669,84.898925,317456.052,-2222.0,2542.0,3378310.0,3376360.363
1992,142.894266,84.905614,317456.99,-2249.0,2547.0,3378310.0,3376359.944
1993,142.850048,84.912254,317457.921,-2299.0,2555.0,3378310.0,3376359.528
1994,142.805415,84.918937,317458.856,-2358.0,2566.0,3378310.0,3376359.11
1995,142.760968,84.925572,317459.784,-2371.0,2568.0,3378309.0,3376358.696
1996,142.716105,84.932249,317460.717,-2343.0,2564.0,3378309.0,3376358.28
1997,142.671428,84.938878,317461.642,-2259.0,2549.0,3378309.0,3376357.867
1998,142.626333,84.945548,317462.572,-2160.0,2531.0,3378308.0,3376357.453
1999,142.584766,84.951679,317463.427,-2128.0,2525.0,3378308.0,3376357.072
2000,142.539749,84.958299,317464.348,-2094.0,2519.0,3378308.0,3376356.661
2001,142.494311,84.964961,317465.275,-2085.0,2518.0,3378307.0,3376356.249
2002,142.449061,84.971575,317466.194,-2082.0,2517.0,3378307.0,3376355.84
2003,142.403386,84.97823,317467.119,-2093.0,2519.0,3378307.0,3376355.428
2004,142.3579,84.984838,317468.036,-2098.0,2520.0,3378307.0,3376355.021
2005,142.311988,84.991488,317468.957,-2119.0,2524.0,3378305.0,3376354.611
2006,142.266264,84.998089,317469.872,-2134.0,2526.0,3378305.0,3376354.205
2007,142.220112,85.004733,317470.791,-2153.0,2530.0,3378305.0,3376353.797
2008,142.174149,85.011328,317471.703,-2157.0,2530.0,3378305.0,3376353.392
2009,142.127755,85.017965,317472.62,-2169.0,2533.0,3378305.0,3376352.985
2010,142.081552,85.024554,317473.529,-2180.0,2535.0,3378305.0,3376352.582
2011,142.034915,85.031185,317474.444,-2201.0,2538.0,3378304.0,3376352.176
2012,141.98847,85.037767,317475.351,-2206.0,2539.0,3378304.0,3376351.774
2013,141.941588,85.044391,317476.262,-2210.0,2540.0,3378304.0,3376351.371
2014,141.894582,85.051012,317477.173,-2211.0,2540.0,3378303.0,3376350.967
2015,141.847769,85.057586,317478.076,-2204.0,2539.0,3378303.0,3376350.568
2016,141.800516,85.0642,317478.984,-2196.0,2538.0,3378303.0,3376350.166
2017,141.753457,85.070767,317479.885,-2186.0,2536.0,3378302.0,3376349.768
2018,141.705954,85.077375,317480.791,-2177.0,2534.0,3378302.0,3376349.367
2019,141.658647,85.083935,317481.689,-2173.0,2534.0,3378302.0,3376348.971
2020,141.610893,85.090536,317482.592,-2174.0,2534.0,3378301.0,3376348.572
2021,141.563335,85.09709,317483.488,-2169.0,2533.0,3378301.0,3376348.176
2022,141.515329,85.103685,317484.389,-2160.0,2531.0,3378301.0,3376347.779
2023,141.467519,85.110232,317485.282,-2155.0,2530.0,3378300.0,3376347.385
2024,141.419258,85.11682,317486.181,-2146.0,2529.0,3378300.0,3376346.989
2025,141.371195,85.12336,317487.072,-2140.0,2528.0,3378300.0,3376346.597
2026,141.322678,85.129941,317487.967,-2131.0,2526.0,3378300.0,3376346.202
2027,141.274358,85.136475,317488.856,-2129.0,2526.0,3378299.0,3376345.811
2028,141.225583,85.143049,317489.749,-2129.0,2526.0,3378299.0,3376345.418
2029,141.177006,85.149576,317490.635,-2109.0,2522.0,3378299.0,3376345.029
2030,141.127971,85.156144,317491.526,-2126.0,2525.0,3378298.0,3376344.637
2031,141.079135,85.162664,317492.409,-2121.0,2525.0,3378298.0,3376344.249
2032,141.029839,85.169224,317493.298,-2147.0,2529.0,3378298.0,3376343.859
2033,140.980742,85.175738,317494.179,-2151.0,2530.0,3378297.0,3376343.472
2034,140.931181,85.182291,317495.065,-2183.0,2535.0,3378297.0,3376343.084
2035,140.881821,85.188798,317495.943,-2172.0,2534.0,3378297.0,3376342.699
2036,140.831995,85.195344,317496.827,-2183.0,2535.0,3378296.0,3376342.311
2037,140.782371,85.201843,317497.703,-2203.0,2539.0,3378296.0,3376341.928
2038,140.732277,85.208383,317498.584,-2229.0,2544.0,3378296.0,3376341.542
2039,140.682386,85.214875,317499.457,-2256.0,2549.0,3378296.0,3376341.16
2040,140.632023,85.221408,317500.336,-2270.0,2551.0,3378295.0,3376340.775
2041,140.581864,85.227893,317501.207,-2273.0,2552.0,3378295.0,3376340.395
2042,140.531229,85.234418,317502.083,-2262.0,2550.0,3378295.0,3376340.012
2043,140.4808,85.240896,317502.951,-2266.0,2550.0,3378294.0,3376339.632
2044,140.429892,85.247414,317503.825,-2261.0,2550.0,3378294.0,3376339.251
2045,140.37919,85.253885,317504.691,-2255.0,2549.0,3378294.0,3376338.873
2046,140.328008,85.260395,317505.562,-2241.0,2546.0,3378292.0,3376338.493
2047,140.277031,85.266859,317506.426,-2223.0,2543.0,3378292.0,3376338.117
2048,140.225572,85.273362,317507.294,-2231.0,2544.0,3378292.0,3376337.738
2049,140.174319,85.279818,317508.156,-2208.0,2540.0,3378292.0,3376337.363
2050,140.12258,85.286314,317509.022,-2164.0,2532.0,3378292.0,3376336.986
2051,140.07105,85.292762,317509.88,-2125.0,2525.0,3378292.0,3376336.612
2052,140.01903,85.299251,317510.744,-2114.0,2524.0,3378292.0,3376336.237
2053,139.966869,85.305735,317511.606,-2089.0,2519.0,3378290.0,3376335.862
2054,139.914916,85.312173,317512.461,-2096.0,2520.0,3378290.0,3376335.491
2055,139.862471,85.31865,317513.321,-2067.0,2515.0,3378290.0,3376335.117
2056,139.810236,85.32508,317514.174,-2036.0,2510.0,3378290.0,3376334.747
2057,139.757504,85.331549,317515.031,-2014.0,2506.0,3378290.0,3376334.376
2058,139.704984,85.337971,317515.881,-1967.0,2498.0,3378290.0,3376334.007
2059,139.65624,85.343913,317516.667,-1938.0,2492.0,3378290.0,3376333.666
2060,139.603087,85.350371,317517.521,-1923.0,2490.0,3378289.0,3376333.297
2061,139.550146,85.356781,317518.367,-1877.0,2481.0,3378289.0,3376332.93
2062,139.496702,85.363232,317519.219,-1839.0,2475.0,3378289.0,3376332.562
2063,139.443471,85.369635,317520.063,-1754.0,2460.0,3378288.0,3376332.197
2064,139.389733,85.376077,317520.911,-1713.0,2452.0,3378288.0,3376331.83
2065,139.33621,85.382472,317521.753,-1625.0,2437.0,3378288.0,3376331.467
2066,139.282177,85.388907,317522.599,-1639.0,2439.0,3378288.0,3376331.101
2067,139.22836,85.395294,317523.438,-1582.0,2429.0,3378287.0,3376330.739
2068,139.17403,85.401721,317524.282,-1527.0,2419.0,3378287.0,3376330.375
2069,139.119916,85.4081,317525.119,-1508.0,2416.0,3378287.0,3376330.015
2070,139.065287,85.414518,317525.96,-1494.0,2413.0,3378285.0,3376329.652
2071,139.010874,85.42089,317526.794,-1496.0,2414.0,3378285.0,3376329.293
2072,138.955943,85.4273,317527.633,-1475.0,2410.0,3378285.0,3376328.932
2073,138.90123,85.433663,317528.465,-1460.0,2408.0,3378285.0,3376328.574
2074,138.845995,85.440065,317529.301,-1446.0,2405.0,3378285.0,3376328.215
2075,138.790979,85.44642,317530.13,-1438.0,2404.0,3378285.0,3376327.858
2076,138.735439,85.452814,317530.964,-1419.0,2400.0,3378285.0,3376327.5
2077,138.680118,85.459161,317531.791,-1420.0,2401.0,3378285.0,3376327.146
2078,138.624269,85.465546,317532.622,-1415.0,2399.0,3378284.0,3376326.789
2079,138.568641,85.471884,317533.447,-1407.0,2398.0,3378284.0,3376326.436
2080,138.512482,85.478261,317534.275,-1399.0,2397.0,3378284.0,3376326.08
2081,138.456545,85.484591,317535.097,-1394.0,2396.0,3378283.0,3376325.729
2082,138.400073,85.49096,317535.924,-1386.0,2394.0,3378283.0,3376325.375
2083,138.343824,85.497281,317536.743,-1386.0,2395.0,3378283.0,3376325.024
2084,138.287038,85.503641,317537.567,-1382.0,2394.0,3378283.0,3376324.672
2085,138.230475,85.509954,317538.384,-1373.0,2392.0,3378282.0,3376324.323
2086,138.173372,85.516306,317539.205,-1363.0,2390.0,3378282.0,3376323.972
2087,138.116493,85.52261,317540.02,-1353.0,2389.0,3378282.0,3376323.625
2088,138.059071,85.528953,317540.839,-1354.0,2389.0,3378282.0,3376323.275
2089,138.001874,85.535248,317541.651,-1341.0,2386.0,3378281.0,3376322.929
2090,137.94413,85.541582,317542.467,-1332.0,2385.0,3378281.0,3376322.581
2091,137.886223,85.547911,317543.282,-1328.0,2384.0,3378281.0,3376322.234
2092,137.828545,85.554194,317544.09,-1329.0,2384.0,3378280.0,3376321.89
2093,137.770313,85.560514,317544.903,-1334.0,2385.0,3378280.0,3376321.545
2094,137.71231,85.566788,317545.709,-1333.0,2385.0,3378280.0,3376321.202
2095,137.653752,85.5731,317546.519,-1336.0,2386.0,3378280.0,3376320.858
2096,137.595423,85.579364,317547.322,-1341.0,2387.0,3378279.0,3376320.517
2097,137.536535,85.585667,317548.13,-1344.0,2387.0,3378279.0,3376320.174
2098,137.477877,85.591922,317548.931,-1346.0,2388.0,3378279.0,3376319.835
2099,137.418657,85.598216,317549.736,-1348.0,2388.0,3378279.0,3376319.493
2100,137.359669,85.604462,317550.535,-1351.0,2388.0,3378278.0,3376319.155
2101,137.300114,85.610746,317551.337,-1354.0,2389.0,3378278.0,3376318.815
2102,137.240792,85.616984,317552.133,-1354.0,2389.0,3378278.0,3376318.479
2103,137.180901,85.623259,317552.933,-1354.0,2389.0,3378278.0,3376318.14
2104,137.121244,85.629487,317553.727,-1353.0,2389.0,3378277.0,3376317.805
2105,137.061014,85.635752,317554.525,-1350.0,2388.0,3378277.0,3376317.468
2106,137.001019,85.641971,317555.316,-1345.0,2388.0,3378277.0,3376317.134
2107,136.940447,85.648227,317556.111,-1340.0,2387.0,3378276.0,3376316.799
2108,136.880111,85.654437,317556.899,-1333.0,2385.0,3378276.0,3376316.467
2109,136.819196,85.660683,317557.692,-1330.0,2385.0,3378276.0,3376316.133
2110,136.758517,85.666883,317558.478,-1322.0,2383.0,3378276.0,3376315.802
2111,136.697255,85.67312,317559.268,-1316.0,2382.0,3378275.0,3376315.469
2112,136.636231,85.67931,317560.052,-1308.0,2381.0,3378275.0,3376315.14
2113,136.574621,85.685538,317560.84,-1305.0,2380.0,3378275.0,3376314.809
2114,136.513249,85.691718,317561.621,-1301.0,2380.0,3378275.0,3376314.481
2115,136.451287,85.697936,317562.406,-1298.0,2379.0,3378274.0,3376314.151
2116,136.389566,85.704107,317563.185,-1294.0,2379.0,3378274.0,3376313.824
2117,136.32725,85.710314,317563.968,-1294.0,2378.0,3378274.0,3376313.496
2118,136.265175,85.716475,317564.744,-1293.0,2379.0,3378274.0,3376313.171
2119,136.202503,85.722673,317565.524,-1292.0,2378.0,3378272.0,3376312.845
2120,136.14472,85.728367,317566.24,-1292.0,2378.0,3378272.0,3376312.545
2121,136.082126,85.734514,317567.013,-1293.0,2378.0,3378272.0,3376312.222
2122,136.018929,85.740697,317567.79,-1294.0,2379.0,3378272.0,3376311.897
2123,135.955976,85.746833,317568.56,-1300.0,2380.0,3378272.0,3376311.576
2124,135.892416,85.753006,317569.334,-1299.0,2379.0,3378272.0,3376311.253
2125,135.828674,85.759174,317570.107,-1300.0,2380.0,3378272.0,3376310.931
2126,135.765177,85.765295,317570.873,-1306.0,2381.0,3378272.0,3376310.611
2127,135.701068,85.771453,317571.644,-1312.0,2382.0,3378270.0,3376310.29
2128,135.637207,85.777563,317572.408,-1314.0,2382.0,3378270.0,3376309.972
2129,135.572729,85.783711,317573.175,-1316.0,2383.0,3378270.0,3376309.653
2130,135.5085,85.789811,317573.937,-1320.0,2383.0,3378270.0,3376309.337
2131,135.44365,85.795948,317574.702,-1323.0,2384.0,3378270.0,3376309.019
2132,135.379051,85.802038,317575.461,-1327.0,2384.0,3378270.0,3376308.704
2133,135.313827,85.808164,317576.224,-1333.0,2386.0,3378270.0,3376308.387
2134,135.248855,85.814244,317576.981,-1334.0,2386.0,3378270.0,3376308.074
2135,135.183254,85.820359,317577.741,-1337.0,2386.0,3378269.0,3376307.759
2136,135.117906,85.826428,317578.495,-1342.0,2387.0,3378269.0,3376307.446
2137,135.051926,85.832533,317579.253,-1343.0,2388.0,3378269.0,3376307.133
2138,134.9862,85.838591,317580.005,-1351.0,2389.0,3378269.0,3376306.822
2139,134.919838,85.844685,317580.76,-1349.0,2389.0,3378269.0,3376306.51
2140,134.853731,85.850732,317581.509,-1349.0,2389.0,3378268.0,3376306.201
2141,134.786985,85.856815,317582.262,-1368.0,2392.0,3378268.0,3376305.89
2142,134.720494,85.862852,317583.009,-1377.0,2394.0,3378268.0,3376305.583
2143,134.65336,85.868924,317583.76,-1373.0,2393.0,3378268.0,3376305.274
2144,134.586483,85.874949,317584.504,-1395.0,2397.0,3378267.0,3376304.967
2145,134.518959,85.88101,317585.252,-1404.0,2398.0,3378267.0,3376304.66
2146,134.451693,85.887025,317585.993,-1411.0,2400.0,3378267.0,3376304.355
2147,134.383776,85.893074,317586.739,-1431.0,2403.0,3378267.0,3376304.048
2148,134.316119,85.899077,317587.478,-1431.0,2403.0,3378265.0,3376303.745
2149,134.247806,85.905115,317588.221,-1472.0,2411.0,3378265.0,3376303.44
2150,134.179755,85.911107,317588.958,-1502.0,2416.0,3378265.0,3376303.138
2151,134.111044,85.917134,317589.698,-1551.0,2425.0,3378265.0,3376302.835
2152,134.042595,85.923115,317590.433,-1543.0,2423.0,3378265.0,3376302.535
2153,133.973483,85.92913,317591.171,-1613.0,2436.0,3378265.0,3376302.233
2154,133.904634,85.935099,317591.903,-1618.0,2437.0,3378265.0,3376301.934
2155,133.835118,85.941103,317592.638,-1669.0,2446.0,3378265.0,3376301.633
2156,133.765867,85.94706,317593.367,-1692.0,2450.0,3378265.0,3376301.336
2157,133.695945,85.953052,317594.1,-1690.0,2450.0,3378264.0,3376301.037
2158,133.626288,85.958998,317594.827,-1698.0,2451.0,3378264.0,3376300.741
2159,133.555956,85.964978,317595.558,-1703.0,2452.0,3378264.0,3376300.443
2160,133.485892,85.970912,317596.282,-1683.0,2448.0,3378264.0,3376300.149
2161,133.415147,85.97688,317597.01,-1694.0,2450.0,3378263.0,3376299.853
2162,133.344672,85.982802,317597.732,-1652.0,2443.0,3378263.0,3376299.559
2163,133.273512,85.988758,317598.458,-1606.0,2435.0,3378263.0,3376299.265
2164,133.202623,85.994668,317599.177,-1579.0,2430.0,3378263.0,3376298.973
2165,133.131045,86.000612,317599.9,-1609.0,2435.0,3378263.0,3376298.68
2166,133.059257,86.00655,317600.622,-1567.0,2428.0,3378262.0,3376298.388
2167,132.987741,86.012441,317601.338,-1545.0,2424.0,3378262.0,3376298.098
2168,132.91553,86.018367,317602.057,-1531.0,2421.0,3378262.0,3376297.807
2169,132.843593,86.024246,317602.77,-1507.0,2417.0,3378262.0,3376297.519
2170,132.770957,86.030159,317603.487,-1502.0,2416.0,3378261.0,3376297.23
2171,132.698597,86.036026,317604.198,-1442.0,2406.0,3378261.0,3376296.943
2172,132.625533,86.041927,317604.912,-1417.0,2401.0,3378261.0,3376296.655
2173,132.552745,86.047781,317605.621,-1307.0,2382.0,3378261.0,3376296.37
2174,132.47925,86.053669,317606.333,-1291.0,2379.0,3378261.0,3376296.083
2175,132.406033,86.059511,317607.038,-1217.0,2366.0,3378260.0,3376295.8
2176,132.332105,86.065386,317607.748,-1132.0,2350.0,3378260.0,3376295.515
2177,132.258455,86.071215,317608.451,-1096.0,2344.0,3378260.0,3376295.232
2178,132.184089,86.077078,317609.158,-1083.0,2342.0,3378260.0,3376294.949
2179,132.110005,86.082894,317609.859,-1050.0,2336.0,3378260.0,3376294.668
2180,132.035199,86.088743,317610.563,-1042.0,2334.0,3378259.0,3376294.386
2181,131.960676,86.094546,317611.262,-1018.0,2330.0,3378259.0,3376294.106
2182,131.885428,86.100383,317611.963,-1021.0,2331.0,3378259.0,3376293.826
2183,131.816043,86.105743,317612.608,-1013.0,2329.0,3378259.0,3376293.568
2184,131.740874,86.111527,317613.302,-1004.0,2328.0,3378258.0,3376293.291
2185,131.664973,86.117344,317614.001,-996.0,2326.0,3378258.0,3376293.013
2186,131.589359,86.123115,317614.693,-993.0,2326.0,3378258.0,3376292.737
2187,131.513008,86.128918,317615.389,-988.0,2325.0,3378258.0,3376292.46
2188,131.436945,86.134676,317616.079,-980.0,2323.0,3378258.0,3376292.185
2189,131.360141,86.140465,317616.772,-977.0,2323.0,3378257.0,3376291.91
2190,131.283627,86.14621,317617.459,-976.0,2323.0,3378257.0,3376291.637
2191,131.206367,86.151986,317618.15,-970.0,2322.0,3378257.0,3376291.363
2192,131.129398,86.157716,317618.835,-966.0,2321.0,3378257.0,3376291.091
2193,131.051679,86.163479,317619.523,-963.0,2321.0,3378257.0,3376290.819
2194,130.974252,86.169195,317620.206,-962.0,2320.0,3378256.0,3376290.549
2195,130.896071,86.174944,317620.891,-957.0,2320.0,3378256.0,3376290.278
2196,130.818184,86.180647,317621.571,-954.0,2319.0,3378256.0,3376290.009
2197,130.739537,86.186381,317622.255,-952.0,2319.0,3378256.0,3376289.739
2198,130.661187,86.19207,317622.932,-951.0,2318.0,3378256.0,3376289.472
2199,130.582072,86.19779,317623.613,-949.0,2318.0,3378255.0,3376289.204
2200,130.503255,86.203465,317624.288,-946.0,2318.0,3378255.0,3376288.938
2201,130.423669,86.209171,317624.966,-944.0,2317.0,3378255.0,3376288.672
2202,130.343846,86.21487,317625.643,-945.0,2318.0,3378255.0,3376288.406
2203,130.264322,86.220524,317626.314,-950.0,2319.0,3378255.0,3376288.142
2204,130.184022,86.226208,317626.989,-955.0,2319.0,3378254.0,3376287.878
2205,130.104025,86.231847,317627.658,-953.0,2319.0,3378254.0,3376287.616
2206,130.023246,86.237517,317628.33,-963.0,2321.0,3378254.0,3376287.353
2207,129.942771,86.243141,317628.996,-968.0,2322.0,3378254.0,3376287.092
2208,129.861511,86.248796,317629.666,-977.0,2323.0,3378254.0,3376286.83
2209,129.780555,86.254406,317630.329,-982.0,2324.0,3378252.0,3376286.571
2210,129.69881,86.260046,317630.996,-990.0,2325.0,3378252.0,3376286.311
2211,129.617371,86.265641,317631.658,-1003.0,2328.0,3378252.0,3376286.054
2212,129.535137,86.271266,317632.322,-1008.0,2329.0,3378252.0,3376285.795
2213,129.453211,86.276846,317632.981,-1028.0,2332.0,3378252.0,3376285.539
2214,129.370486,86.282456,317633.643,-1052.0,2337.0,3378252.0,3376285.281
2215,129.288071,86.288021,317634.3,-1063.0,2339.0,3378252.0,3376285.027
2216,129.204852,86.293616,317634.959,-1073.0,2340.0,3378252.0,3376284.771
2217,129.121944,86.299165,317635.613,-1087.0,2343.0,3378252.0,3376284.518
2218,129.038227,86.304745,317636.27,-1094.0,2344.0,3378252.0,3376284.263
2219,128.954823,86.310279,317636.922,-1090.0,2344.0,3378252.0,3376284.012
2220,128.870605,86.315843,317637.576,-1088.0,2343.0,3378250.0,3376283.759
2221,128.786703,86.321362,317638.225,-1068.0,2340.0,3378250.0,3376283.508
2222,128.701981,86.32691,317638.877,-1028.0,2332.0,3378250.0,3376283.257
2223,128.617577,86.332413,317639.524,-1007.0,2329.0,3378250.0,3376283.008
2224,128.532348,86.337945,317640.174,-965.0,2321.0,3378250.0,3376282.758
2225,128.447439,86.343433,317640.818,-936.0,2316.0,3378250.0,3376282.511
2226,128.3617,86.348949,317641.465,-922.0,2314.0,3378250.0,3376282.262
2227,128.276283,86.35442,317642.106,-907.0,2311.0,3378250.0,3376282.016
2228,128.190031,86.359921,317642.751,-917.0,2313.0,3378250.0,3376281.769
2229,128.104102,86.365376,317643.39,-938.0,2317.0,3378250.0,3376281.525
2230,128.017334,86.37086,317644.032,-933.0,2316.0,3378250.0,3376281.279
2231,127.93089,86.376299,317644.669,-946.0,2318.0,3378249.0,3376281.036
2232,127.843603,86.381767,317645.308,-971.0,2323.0,3378249.0,3376280.792
2233,127.756642,86.387189,317645.942,-985.0,2325.0,3378249.0,3376280.55
2234,127.668832,86.39264,317646.579,-1018.0,2331.0,3378249.0,3376280.308
2235,127.58135,86.398046,317647.211,-1045.0,2336.0,3378249.0,3376280.068
2236,127.493014,86.403481,317647.846,-1070.0,2340.0,3378248.0,3376279.827
2237,127.405009,86.40887,317648.475,-1080.0,2342.0,3378248.0,3376279.588
2238,127.316144,86.414288,317649.107,-1103.0,2346.0,3378248.0,3376279.348
2239,127.227612,86.41966,317649.734,-1122.0,2350.0,3378248.0,3376279.111
2240,127.138215,86.425061,317650.363,-1136.0,2352.0,3378248.0,3376278.873
2241,127.049153,86.430417,317650.987,-1146.0,2354.0,3378248.0,3376278.637
2242,126.959221,86.4358,317651.615,-1140.0,2353.0,3378247.0,3376278.4
2243,126.869019,86.441174,317652.24,-1165.0,2357.0,3378247.0,3376278.164
2244,126.779156,86.446504,317652.861,-1166.0,2357.0,3378247.0,3376277.931
2245,126.688414,86.451862,317653.484,-1156.0,2356.0,3378247.0,3376277.696
2246,126.598013,86.457174,317654.102,-1120.0,2349.0,3378247.0,3376277.464
2247,126.51409,86.462084,317654.673,-1124.0,2350.0,3378247.0,3376277.25
2248,126.422555,86.467416,317655.293,-1103.0,2346.0,3378245.0,3376277.017
2249,126.331362,86.472703,317655.907,-1103.0,2346.0,3378245.0,3376276.787
2250,126.239278,86.478016,317656.525,-1092.0,2344.0,3378245.0,3376276.557
2251,126.14754,86.483285,317657.137,-1087.0,2343.0,3378245.0,3376276.328
2252,126.054906,86.488581,317657.751,-1064.0,2339.0,3378245.0,3376276.099
2253,125.96262,86.493832,317658.361,-1064.0,2339.0,3378245.0,3376275.871
2254,125.869432,86.49911,317658.973,-1063.0,2339.0,3378245.0,3376275.643
2255,125.776594,86.504343,317659.58,-1054.0,2337.0,3378245.0,3376275.418
2256,125.68285,86.509603,317660.19,-1065.0,2339.0,3378245.0,3376275.191
2257,125.589457,86.514818,317660.794,-1040.0,2335.0,3378245.0,3376274.967
2258,125.495153,86.520059,317661.401,-1013.0,2330.0,3378245.0,3376274.742
2259,125.401203,86.525255,317662.003,-1036.0,2334.0,3378245.0,3376274.519
2260,125.306336,86.530477,317662.608,-1003.0,2328.0,3378244.0,3376274.296
2261,125.211825,86.535655,317663.208,-972.0,2323.0,3378244.0,3376274.074
2262,125.116392,86.540859,317663.81,-998.0,2328.0,3378244.0,3376273.852
2263,125.021317,86.546018,317664.407,-985.0,2325.0,3378244.0,3376273.632
2264,124.925315,86.551203,317665.007,-954.0,2320.0,3378244.0,3376273.412
2265,124.829674,86.556343,317665.601,-982.0,2325.0,3378244.0,3376273.193
2266,124.7331,86.561509,317666.198,-918.0,2313.0,3378243.0,3376272.974
2267,124.636889,86.56663,317666.791,-921.0,2314.0,3378243.0,3376272.757
2268,124.53974,86.571776,317667.385,-917.0,2313.0,3378243.0,3376272.54
2269,124.442956,86.576878,317667.975,-848.0,2301.0,3378243.0,3376272.324
2270,124.345229,86.582005,317668.567,-833.0,2298.0,3378243.0,3376272.108
2271,124.24787,86.587088,317669.154,-828.0,2298.0,3378243.0,3376271.894
2272,124.149562,86.592195,317669.744,-779.0,2289.0,3378243.0,3376271.679
2273,124.051624,86.597258,317670.329,-749.0,2283.0,3378242.0,3376271.467
2274,123.952732,86.602345,317670.916,-735.0,2281.0,3378242.0,3376271.253
2275,123.854212,86.607388,317671.498,-725.0,2279.0,3378242.0,3376271.042
2276,123.754733,86.612456,317672.083,-692.0,2273.0,3378242.0,3376270.83
2277,123.655629,86.617479,317672.663,-696.0,2274.0,3378242.0,3376270.621
2278,123.55556,86.622526,317673.245,-669.0,2269.0,3378242.0,3376270.411
2279,123.455194,86.627563,317673.826,-662.0,2268.0,3378241.0,3376270.201
2280,123.355207,86.632556,317674.402,-659.0,2267.0,3378241.0,3376269.993
2281,123.254247,86.637572,317674.98,-649.0,2266.0,3378241.0,3376269.785
2282,123.153668,86.642545,317675.554,-636.0,2263.0,3378241.0,3376269.579
2283,123.052111,86.647541,317676.13,-632.0,2263.0,3378241.0,3376269.373
2284,122.950938,86.652493,317676.701,-627.0,2262.0,3378241.0,3376269.168
2285,122.848781,86.657468,317677.274,-630.0,2263.0,3378241.0,3376268.963
2286,122.74701,86.662399,317677.843,-616.0,2260.0,3378240.0,3376268.76
2287,122.64425,86.667353,317678.414,-609.0,2259.0,3378240.0,3376268.556
2288,122.541879,86.672264,317678.98,-609.0,2259.0,3378240.0,3376268.354
2289,122.438514,86.677197,317679.548,-604.0,2258.0,3378240.0,3376268.152
2290,122.33554,86.682086,317680.112,-598.0,2257.0,3378240.0,3376267.952
2291,122.231566,86.686997,317680.678,-597.0,2257.0,3378240.0,3376267.751
2292,122.127987,86.691865,317681.239,-593.0,2256.0,3378240.0,3376267.552
2293,122.023402,86.696755,317681.803,-589.0,2255.0,3378239.0,3376267.353
2294,121.919214,86.701601,317682.361,-590.0,2255.0,3378239.0,3376267.156
2295,121.814016,86.70647,317682.922,-585.0,2255.0,3378239.0,3376266.958
2296,121.709217,86.711294,317683.478,-583.0,2254.0,3378239.0,3376266.762
2297,121.603402,86.716141,317684.037,-581.0,2254.0,3378239.0,3376266.566
2298,121.49799,86.720943,317684.591,-579.0,2253.0,3378239.0,3376266.371
2299,121.391556,86.725767,317685.147,-578.0,2253.0,3378239.0,3376266.177
2300,121.285527,86.730548,317685.698,-574.0,2253.0,3378238.0,3376265.984
2301,121.178471,86.73535,317686.251,-572.0,2252.0,3378238.0,3376265.79
2302,121.071824,86.740108,317686.8,-570.0,2252.0,3378238.0,3376265.599
2303,120.964144,86.744887,317687.351,-568.0,2251.0,3378238.0,3376265.407
2304,120.856875,86.749623,317687.897,-565.0,2251.0,3378238.0,3376265.217
2305,120.748568,86.75438,317688.446,-565.0,2251.0,3378238.0,3376265.026
2306,120.640676,86.759093,317688.989,-565.0,2251.0,3378238.0,3376264.838
2307,120.53174,86.763827,317689.535,-562.0,2251.0,3378238.0,3376264.649
2308,120.423221,86.768517,317690.077,-561.0,2250.0,3378237.0,3376264.462
2309,120.313654,86.773227,317690.62,-558.0,2250.0,3378237.0,3376264.274
2310,120.204506,86.777895,317691.159,-560.0,2250.0,3378237.0,3376264.089
2311,120.094304,86.782582,317691.7,-561.0,2250.0,3378237.0,3376263.902
2312,119.984526,86.787226,317692.236,-559.0,2250.0,3378237.0,3376263.718
2313,119.881881,86.791545,317692.735,-560.0,2250.0,3378237.0,3376263.547
2314,119.771493,86.796167,317693.269,-559.0,2250.0,3378237.0,3376263.364
2315,119.66004,86.800807,317693.805,-560.0,2250.0,3378237.0,3376263.181
2316,119.549016,86.805405,317694.336,-560.0,2250.0,3378236.0,3376263.0
2317,119.436922,86.810022,317694.87,-557.0,2250.0,3378236.0,3376262.818
2318,119.32526,86.814596,317695.399,-557.0,2250.0,3378236.0,3376262.638
2319,119.212523,86.819188,317695.93,-555.0,2249.0,3378236.0,3376262.458
2320,119.100222,86.823738,317696.457,-552.0,2249.0,3378236.0,3376262.28
2321,118.986839,86.828306,317696.985,-549.0,2249.0,3378236.0,3376262.101
2322,118.873895,86.832832,317697.509,-546.0,2248.0,3378236.0,3376261.924
2323,118.759865,86.837375,317698.035,-543.0,2247.0,3378236.0,3376261.747
2324,118.646278,86.841876,317698.557,-540.0,2247.0,3378235.0,3376261.571
2325,118.531598,86.846395,317699.08,-541.0,2247.0,3378235.0,3376261.395
2326,118.417365,86.850871,317699.599,-539.0,2247.0,3378235.0,3376261.221
2327,118.302034,86.855365,317700.121,-537.0,2246.0,3378235.0,3376261.047
2328,118.187152,86.859816,317700.637,-536.0,2246.0,3378235.0,3376260.874
2329,118.071168,86.864285,317701.156,-533.0,2246.0,3378235.0,3376260.701
2330,117.955636,86.868711,317701.67,-533.0,2246.0,3378235.0,3376260.53
2331,117.838997,86.873155,317702.186,-532.0,2245.0,3378235.0,3376260.359
2332,117.722814,86.877555,317702.697,-532.0,2245.0,3378234.0,3376260.189
2333,117.605517,86.881973,317703.211,-530.0,2245.0,3378234.0,3376260.019
2334,117.48868,86.886348,317703.72,-528.0,2245.0,3378234.0,3376259.851
2335,117.370725,86.89074,317704.231,-527.0,2245.0,3378234.0,3376259.683
2336,117.253233,86.895089,317704.738,-525.0,2244.0,3378234.0,3376259.516
2337,117.134617,86.899455,317705.246,-523.0,2244.0,3378234.0,3376259.349
2338,117.016469,86.903778,317705.75,-521.0,2244.0,3378234.0,3376259.184
2339,116.897191,86.908118,317706.257,-518.0,2243.0,3378234.0,3376259.018
2340,116.778384,86.912415,317706.758,-515.0,2243.0,3378234.0,3376258.854
2341,116.658443,86.916727,317707.262,-514.0,2242.0,3378232.0,3376258.69
2342,116.538976,86.920998,317707.761,-513.0,2242.0,3378232.0,3376258.528
2343,116.41837,86.925284,317708.262,-510.0,2242.0,3378232.0,3376258.365
2344,116.298242,86.929528,317708.759,-509.0,2241.0,3378232.0,3376258.204
2345,116.176969,86.933787,317709.257,-506.0,2241.0,3378232.0,3376258.043
2346,116.056179,86.938004,317709.752,-506.0,2241.0,3378232.0,3376257.884
2347,115.934238,86.942236,317710.248,-502.0,2240.0,3378232.0,3376257.724
2348,115.812784,86.946426,317710.739,-500.0,2240.0,3378232.0,3376257.566
2349,115.690175,86.950631,317711.233,-498.0,2240.0,3378232.0,3376257.408
2350,115.568056,86.954794,317711.722,-497.0,2239.0,3378232.0,3376257.251
2351,115.444776,86.95897,317712.213,-493.0,2239.0,3378232.0,3376257.094
2352,115.321991,86.963105,317712.7,-493.0,2239.0,3378232.0,3376256.939
2353,115.198041,86.967254,317713.189,-492.0,2239.0,3378232.0,3376256.784
2354,115.074588,86.971362,317713.673,-490.0,2238.0,3378232.0,3376256.631
2355,114.949966,86.975483,317714.159,-490.0,2238.0,3378232.0,3376256.477
2356,114.825006,86.979589,317714.644,-487.0,2238.0,3378232.0,3376256.324
2357,114.70055,86.983654,317715.125,-485.0,2237.0,3378232.0,3376256.172
2358,114.574917,86.987733,317715.607,-481.0,2237.0,3378232.0,3376256.021
2359,114.449793,86.991769,317716.085,-482.0,2237.0,3378232.0,3376255.871
2360,114.323485,86.995819,317716.565,-479.0,2236.0,3378231.0,3376255.721
2361,114.197691,86.999827,317717.04,-479.0,2236.0,3378231.0,3376255.572
2362,114.070709,87.003848,317717.518,-477.0,2236.0,3378231.0,3376255.423
2363,113.944244,87.007827,317717.991,-477.0,2236.0,3378231.0,3376255.276
2364,113.816587,87.011819,317718.466,-474.0,2235.0,3378231.0,3376255.129
2365,113.689451,87.015769,317718.936,-475.0,2236.0,3378231.0,3376254.984
2366,113.561118,87.019731,317719.409,-471.0,2235.0,3378231.0,3376254.838
2367,113.433311,87.023652,317719.877,-471.0,2235.0,3378231.0,3376254.694
2368,113.304303,87.027585,317720.347,-469.0,2235.0,3378231.0,3376254.55
2369,113.175824,87.031476,317720.812,-472.0,2235.0,3378231.0,3376254.407
2370,113.046139,87.035379,317721.28,-468.0,2234.0,3378231.0,3376254.264
2371,112.916989,87.03924,317721.743,-470.0,2235.0,3378230.0,3376254.123
2372,112.786627,87.043113,317722.208,-466.0,2234.0,3378230.0,3376253.982
2373,112.656805,87.046945,317722.668,-467.0,2234.0,3378230.0,3376253.842
2374,112.525768,87.050787,317723.131,-465.0,2234.0,3378230.0,3376253.702
2375,112.395274,87.054588,317723.589,-467.0,2234.0,3378230.0,3376253.564
2376,112.26356,87.0584,317724.049,-464.0,2234.0,3378230.0,3376253.425
2377,112.132394,87.062171,317724.504,-467.0,2234.0,3378230.0,3376253.289
2378,112.000004,87.065952,317724.962,-465.0,2234.0,3378230.0,3376253.152
2379,111.868167,87.069692,317725.415,-468.0,2235.0,3378230.0,3376253.016
2380,111.735102,87.073442,317725.87,-465.0,2234.0,3378230.0,3376252.881
2381,111.612454,87.076876,317726.287,-468.0,2235.0,3378230.0,3376252.757
2382,111.479636,87.080571,317726.736,-465.0,2234.0,3378229.0,3376252.624
2383,111.345584,87.084276,317727.188,-468.0,2234.0,3378229.0,3376252.49
2384,111.212096,87.087939,317727.635,-466.0,2234.0,3378229.0,3376252.359
2385,111.07737,87.091612,317728.083,-469.0,2235.0,3378229.0,3376252.227
2386,110.943212,87.095244,317728.528,-465.0,2234.0,3378229.0,3376252.097
2387,110.807812,87.098885,317728.974,-470.0,2235.0,3378229.0,3376251.966
2388,110.672986,87.102485,317729.416,-470.0,2235.0,3378229.0,3376251.837
2389,110.536913,87.106094,317729.86,-472.0,2235.0,3378229.0,3376251.709
2390,110.400502,87.109686,317730.302,-471.0,2235.0,3378229.0,3376251.58
2391,110.264674,87.113238,317730.741,-469.0,2235.0,3378229.0,3376251.454
2392,110.127592,87.116798,317731.181,-470.0,2235.0,3378229.0,3376251.327
2393,109.991098,87.120318,317731.617,-471.0,2235.0,3378229.0,3376251.202
2394,109.853346,87.123845,317732.054,-473.0,2236.0,3378229.0,3376251.077
2395,109.716186,87.127333,317732.487,-471.0,2235.0,3378228.0,3376250.953
2396,109.577765,87.130827,317732.922,-471.0,2235.0,3378228.0,3376250.829
2397,109.439942,87.134282,317733.353,-469.0,2235.0,3378228.0,3376250.707
2398,109.300854,87.137743,317733.786,-469.0,2235.0,3378228.0,3376250.585
2399,109.162369,87.141164,317734.214,-467.0,2234.0,3378228.0,3376250.464
2400,109.022615,87.144592,317734.644,-465.0,2234.0,3378228.0,3376250.343
2401,108.883469,87.14798,317735.07,-463.0,2234.0,3378228.0,3376250.224
2402,108.743052,87.151374,317735.498,-461.0,2233.0,3378228.0,3376250.104
2403,108.603247,87.154729,317735.921,-460.0,2233.0,3378228.0,3376249.987
2404,108.462168,87.158089,317736.346,-458.0,2233.0,3378228.0,3376249.869
2405,108.321706,87.161409,317736.767,-459.0,2233.0,3378228.0,3376249.752
2406,108.179967,87.164736,317737.189,-457.0,2233.0,3378228.0,3376249.636
2407,108.038851,87.168022,317737.608,-458.0,2233.0,3378228.0,3376249.521
2408,107.896453,87.171314,317738.028,-456.0,2233.0,3378228.0,3376249.406
2409,107.754685,87.174566,317738.444,-457.0,2233.0,3378227.0,3376249.293
2410,107.611632,87.177823,317738.861,-456.0,2233.0,3378227.0,3376249.179
2411,107.469214,87.181041,317739.275,-454.0,2232.0,3378227.0,3376249.067
2412,107.325507,87.184264,317739.69,-454.0,2232.0,3378227.0,3376248.955
2413,107.182441,87.187447,317740.101,-453.0,2232.0,3378227.0,3376248.845
2414,107.038084,87.190634,317740.513,-453.0,2232.0,3378227.0,3376248.734
2415,106.894374,87.193782,317740.922,-452.0,2232.0,3378227.0,3376248.625
2416,106.749369,87.196934,317741.332,-449.0,2231.0,3378227.0,3376248.516
2417,106.605017,87.200047,317741.738,-448.0,2231.0,3378227.0,3376248.408
2418,106.459367,87.203163,317742.145,-446.0,2231.0,3378227.0,3376248.301
2419,106.314376,87.206241,317742.549,-444.0,2230.0,3378227.0,3376248.194
2420,106.168084,87.209321,317742.954,-442.0,2230.0,3378227.0,3376248.088
2421,106.022457,87.212363,317743.355,-437.0,2230.0,3378227.0,3376247.984
2422,105.875527,87.215407,317743.757,-437.0,2229.0,3378227.0,3376247.879
2423,105.729267,87.218413,317744.156,-434.0,2229.0,3378227.0,3376247.776
2424,105.581702,87.221421,317744.556,-435.0,2229.0,3378227.0,3376247.673
2425,105.434814,87.224391,317744.952,-432.0,2229.0,3378227.0,3376247.571
2426,105.286617,87.227362,317745.349,-437.0,2229.0,3378225.0,3376247.469
2427,105.139103,87.230296,317745.743,-431.0,2228.0,3378225.0,3376247.369
2428,104.990278,87.233231,317746.138,-432.0,2228.0,3378225.0,3376247.269
2429,104.842142,87.236127,317746.529,-432.0,2228.0,3378225.0,3376247.17
2430,104.692694,87.239025,317746.921,-432.0,2228.0,3378225.0,3376247.071
2431,104.542934,87.241904,317747.313,-432.0,2229.0,3378225.0,3376246.973
2432,104.393872,87.244746,317747.7,-432.0,2229.0,3378225.0,3376246.876
2433,104.243495,87.247587,317748.089,-431.0,2228.0,3378225.0,3376246.78
2434,104.093821,87.250392,317748.474,-431.0,2229.0,3378225.0,3376246.684
2435,103.942831,87.253196,317748.86,-428.0,2228.0,3378225.0,3376246.589
2436,103.79255,87.255963,317749.242,-427.0,2228.0,3378225.0,3376246.496
2437,103.64095,87.258729,317749.626,-427.0,2228.0,3378225.0,3376246.402
2438,103.490067,87.261458,317750.006,-426.0,2228.0,3378225.0,3376246.31
2439,103.337863,87.264186,317750.387,-424.0,2227.0,3378225.0,3376246.218
2440,103.186382,87.266878,317750.764,-423.0,2227.0,3378225.0,3376246.127
2441,103.033578,87.269568,317751.143,-422.0,2227.0,3378225.0,3376246.036
2442,102.881504,87.272221,317751.518,-422.0,2227.0,3378225.0,3376245.947
2443,102.728106,87.274872,317751.894,-422.0,2227.0,3378225.0,3376245.858
2444,102.575444,87.277487,317752.267,-423.0,2227.0,3378225.0,3376245.77
2445,102.421457,87.2801,317752.64,-422.0,2227.0,3378225.0,3376245.682
2446,102.268213,87.282676,317753.01,-420.0,2226.0,3378225.0,3376245.595
2447,102.113641,87.28525,317753.381,-419.0,2226.0,3378225.0,3376245.509
2448,101.959819,87.287788,317753.749,-419.0,2226.0,3378225.0,3376245.424
2449,101.80467,87.290323,317754.118,-419.0,2226.0,3378225.0,3376245.339
2450,101.661761,87.292636,317754.456,-418.0,2226.0,3378225.0,3376245.262
2451,101.507106,87.295116,317754.819,-419.0,2226.0,3378225.0,3376245.179
2452,101.351121,87.297594,317755.184,-419.0,2226.0,3378225.0,3376245.097
2453,101.195902,87.300035,317755.546,-418.0,2226.0,3378225.0,3376245.015
2454,101.039354,87.302472,317755.908,-417.0,2226.0,3378225.0,3376244.934
2455,100.883578,87.304874,317756.267,-416.0,2226.0,3378225.0,3376244.854
2456,100.726471,87.307271,317756.627,-414.0,2226.0,3378225.0,3376244.774
2457,100.570144,87.309633,317756.984,-412.0,2225.0,3378225.0,3376244.696
2458,100.412486,87.311991,317757.341,-411.0,2225.0,3378225.0,3376244.618
2459,100.255614,87.314313,317757.695,-408.0,2225.0,3378225.0,3376244.541
2460,100.097411,87.31663,317758.05,-406.0,2224.0,3378225.0,3376244.464
2461,99.940001,87.318912,317758.401,-403.0,2224.0,3378225.0,3376244.388
2462,99.781259,87.321188,317758.754,-400.0,2223.0,3378225.0,3376244.313
2463,99.623317,87.32343,317759.103,-398.0,2223.0,3378225.0,3376244.239
2464,99.464043,87.325666,317759.453,-395.0,2222.0,3378225.0,3376244.165
2465,99.305577,87.327866,317759.799,-392.0,2222.0,3378225.0,3376244.093
2466,99.145779,87.330061,317760.147,-389.0,2221.0,3378225.0,3376244.02
2467,98.98572,87.332236,317760.493,-389.0,2221.0,3378225.0,3376243.949
2468,98.826479,87.334375,317760.836,-386.0,2221.0,3378225.0,3376243.878
2469,98.665907,87.336509,317761.179,-383.0,2220.0,3378225.0,3376243.808
2470,98.506159,87.338607,317761.52,-381.0,2220.0,3378225.0,3376243.739
2471,98.34508,87.340699,317761.861,-378.0,2219.0,3378225.0,3376243.671
2472,98.184834,87.342756,317762.199,-376.0,2219.0,3378225.0,3376243.603
2473,98.023256,87.344806,317762.537,-373.0,2218.0,3378225.0,3376243.536
2474,97.862518,87.346822,317762.873,-372.0,2218.0,3378225.0,3376243.47
2475,97.700449,87.34883,317763.209,-369.0,2218.0,3378224.0,3376243.404
2476,97.539227,87.350804,317763.542,-364.0,2217.0,3378224.0,3376243.339
2477,97.376675,87.35277,317763.875,-361.0,2216.0,3378224.0,3376243.275
2478,97.214978,87.354702,317764.206,-356.0,2215.0,3378224.0,3376243.212
2479,97.051951,87.356626,317764.537,-354.0,2215.0,3378224.0,3376243.149
2480,96.889786,87.358517,317764.865,-353.0,2215.0,3378224.0,3376243.088
2481,96.726293,87.360398,317765.193,-353.0,2215.0,3378224.0,3376243.026
2482,96.563668,87.362246,317765.519,-353.0,2215.0,3378224.0,3376242.966
2483,96.399717,87.364085,317765.845,-352.0,2215.0,3378224.0,3376242.906
2484,96.236642,87.365891,317766.168,-350.0,2214.0,3378224.0,3376242.848
2485,96.072241,87.367687,317766.491,-349.0,2214.0,3378224.0,3376242.789
2486,95.908724,87.36945,317766.812,-347.0,2214.0,3378224.0,3376242.732
2487,95.743882,87.371204,317767.133,-346.0,2214.0,3378224.0,3376242.675
2488,95.579932,87.372924,317767.451,-344.0,2213.0,3378224.0,3376242.619
2489,95.414658,87.374634,317767.769,-341.0,2213.0,3378224.0,3376242.564
2490,95.250284,87.376312,317768.085,-339.0,2212.0,3378224.0,3376242.51
2491,95.084588,87.377979,317768.401,-338.0,2212.0,3378224.0,3376242.456
2492,94.919798,87.379613,317768.714,-335.0,2212.0,3378224.0,3376242.403
2493,94.753689,87.381237,317769.028,-332.0,2211.0,3378224.0,3376242.35
2494,94.588493,87.382828,317769.338,-329.0,2211.0,3378224.0,3376242.299
2495,94.42198,87.384408,317769.649,-325.0,2210.0,3378224.0,3376242.248
2496,94.256388,87.385956,317769.957,-321.0,2209.0,3378224.0,3376242.198
2497,94.089481,87.387492,317770.266,-315.0,2208.0,3378224.0,3376242.148
2498,93.923502,87.388997,317770.571,-312.0,2208.0,3378224.0,3376242.1
2499,93.75621,87.390489,317770.877,-306.0,2207.0,3378224.0,3376242.052
2500,93.589854,87.39195,317771.18,-303.0,2206.0,3378224.0,3376242.005
2501,93.422187,87.393398,317771.484,-298.0,2205.0,3378224.0,3376241.958
2502,93.255464,87.394815,317771.784,-295.0,2205.0,3378224.0,3376241.912
2503,93.087433,87.396219,317772.086,-293.0,2204.0,3378224.0,3376241.867
2504,92.920353,87.397592,317772.383,-291.0,2204.0,3378224.0,3376241.823
2505,92.751967,87.398951,317772.682,-288.0,2204.0,3378224.0,3376241.78
2506,92.58454,87.40028,317772.978,-285.0,2203.0,3378224.0,3376241.737
2507,92.415811,87.401595,317773.274,-280.0,2202.0,3378224.0,3376241.695
2508,92.246912,87.402888,317773.569,-277.0,2202.0,3378224.0,3376241.653
2509,92.078983,87.404151,317773.86,-275.0,2201.0,3378224.0,3376241.613
2510,91.909757,87.405399,317774.153,-272.0,2201.0,3378224.0,3376241.573
2511,91.741507,87.406617,317774.442,-269.0,2200.0,3378224.0,3376241.534
2512,91.571963,87.40782,317774.732,-262.0,2199.0,3378224.0,3376241.495
2513,91.403403,87.408993,317775.019,-257.0,2198.0,3378224.0,3376241.458
2514,91.233551,87.410152,317775.306,-252.0,2197.0,3378224.0,3376241.421
2515,91.064692,87.41128,317775.59,-247.0,2196.0,3378224.0,3376241.385
2516,90.894544,87.412394,317775.875,-241.0,2195.0,3378224.0,3376241.349
2517,90.725396,87.413477,317776.157,-236.0,2194.0,3378224.0,3376241.315
2518,90.554964,87.414546,317776.439,-231.0,2193.0,3378224.0,3376241.28
2519,90.385538,87.415584,317776.719,-225.0,2192.0,3378224.0,3376241.247
2520,90.214832,87.416608,317776.999,-223.0,2192.0,3378224.0,3376241.215
2521,90.04514,87.417601,317777.275,-223.0,2192.0,3378224.0,3376241.183
2522,89.887945,87.418501,317777.53,-221.0,2192.0,3378224.0,3376241.154
2523,89.716859,87.419458,317777.807,-222.0,2192.0,3378224.0,3376241.124
2524,89.546798,87.420385,317778.08,-224.0,2192.0,3378224.0,3376241.094
2525,89.375466,87.421297,317778.354,-226.0,2193.0,3378224.0,3376241.065
2526,89.205166,87.422179,317778.624,-228.0,2193.0,3378224.0,3376241.037
2527,89.033599,87.423045,317778.896,-229.0,2193.0,3378224.0,3376241.01
2528,88.863072,87.423882,317779.164,-231.0,2193.0,3378224.0,3376240.983
2529,88.691283,87.424701,317779.432,-233.0,2194.0,3378224.0,3376240.957
2530,88.52054,87.425493,317779.698,-235.0,2194.0,3378224.0,3376240.932
2531,88.34854,87.426267,317779.964,-236.0,2194.0,3378224.0,3376240.907
2532,88.177593,87.427013,317780.228,-238.0,2195.0,3378224.0,3376240.884
2533,88.005393,87.427741,317780.491,-241.0,2195.0,3378224.0,3376240.86
2534,87.834255,87.428442,317780.752,-243.0,2196.0,3378224.0,3376240.838
2535,87.661867,87.429124,317781.013,-245.0,2196.0,3378224.0,3376240.817
2536,87.490548,87.429778,317781.271,-247.0,2196.0,3378224.0,3376240.796
2537,87.317985,87.430414,317781.53,-250.0,2197.0,3378224.0,3376240.776
2538,87.146498,87.431023,317781.786,-251.0,2197.0,3378224.0,3376240.756
2539,86.973772,87.431613,317782.042,-253.0,2197.0,3378224.0,3376240.738
2540,86.802128,87.432177,317782.295,-256.0,2198.0,3378224.0,3376240.72
2541,86.62925,87.43272,317782.549,-258.0,2198.0,3378224.0,3376240.703
2542,86.457462,87.433238,317782.8,-259.0,2199.0,3378224.0,3376240.686
2543,86.284445,87.433735,317783.051,-260.0,2199.0,3378224.0,3376240.67
2544,86.111363,87.434209,317783.301,-261.0,2199.0,3378224.0,3376240.655
2545,85.939381,87.434658,317783.548,-259.0,2199.0,3378224.0,3376240.641
2546,85.766178,87.435086,317783.795,-261.0,2199.0,3378224.0,3376240.628
2547,85.594082,87.435488,317784.04,-262.0,2199.0,3378224.0,3376240.615
2548,85.420771,87.435869,317784.285,-264.0,2199.0,3378224.0,3376240.603
2549,85.248573,87.436226,317784.527,-265.0,2200.0,3378224.0,3376240.592
2550,85.075165,87.436561,317784.769,-266.0,2200.0,3378224.0,3376240.581
2551,84.902878,87.436871,317785.009,-267.0,2200.0,3378224.0,3376240.571
2552,84.729386,87.43716,317785.249,-268.0,2200.0,3378225.0,3376240.562
2553,84.557022,87.437424,317785.486,-269.0,2200.0,3378225.0,3376240.554
2554,84.383459,87.437666,317785.723,-269.0,2201.0,3378225.0,3376240.546
2555,84.211031,87.437884,317785.958,-269.0,2201.0,3378225.0,3376240.539
2556,84.037409,87.438079,317786.193,-266.0,2200.0,3378225.0,3376240.533
2557,83.864928,87.438251,317786.425,-266.0,2200.0,3378225.0,3376240.528
2558,83.69126,87.4384,317786.657,-267.0,2200.0,3378225.0,3376240.523
2559,83.518739,87.438526,317786.887,-265.0,2200.0,3378225.0,3376240.519
2560,83.345037,87.438628,317787.117,-266.0,2200.0,3378225.0,3376240.516
2561,83.172488,87.438707,317787.344,-266.0,2200.0,3378225.0,3376240.513
2562,82.998765,87.438764,317787.571,-267.0,2200.0,3378225.0,3376240.511
2563,82.826201,87.438796,317787.796,-269.0,2201.0,3378225.0,3376240.51
2564,82.652469,87.438806,317788.021,-271.0,2201.0,3378225.0,3376240.51
2565,82.479903,87.438793,317788.243,-271.0,2201.0,3378225.0,3376240.51
2566,82.306174,87.438756,317788.465,-272.0,2201.0,3378225.0,3376240.512
2567,82.133618,87.438696,317788.685,-274.0,2201.0,3378225.0,3376240.513
2568,81.959906,87.438613,317788.905,-275.0,2202.0,3378225.0,3376240.516
2569,81.787372,87.438507,317789.122,-277.0,2202.0,3378225.0,3376240.519
2570,81.613688,87.438377,317789.339,-281.0,2203.0,3378225.0,3376240.524
2571,81.441189,87.438225,317789.554,-281.0,2203.0,3378225.0,3376240.528
2572,81.267547,87.438049,317789.769,-278.0,2202.0,3378225.0,3376240.534
2573,81.095095,87.43785,317789.981,-280.0,2202.0,3378225.0,3376240.54
2574,80.921506,87.437627,317790.193,-280.0,2202.0,3378225.0,3376240.547
2575,80.749114,87.437383,317790.403,-282.0,2203.0,3378225.0,3376240.555
2576,80.575591,87.437113,317790.613,-283.0,2203.0,3378225.0,3376240.563
2577,80.403271,87.436823,317790.82,-284.0,2203.0,3378225.0,3376240.573
2578,80.229827,87.436507,317791.028,-282.0,2203.0,3378225.0,3376240.583
2579,80.057591,87.43617,317791.232,-284.0,2203.0,3378225.0,3376240.593
2580,79.884238,87.435808,317791.437,-286.0,2203.0,3378225.0,3376240.605
2581,79.712099,87.435425,317791.639,-287.0,2204.0,3378225.0,3376240.617
2582,79.53885,87.435016,317791.842,-288.0,2204.0,3378225.0,3376240.63
2583,79.366819,87.434587,317792.042,-290.0,2204.0,3378225.0,3376240.643
2584,79.193686,87.434132,317792.241,-293.0,2205.0,3378225.0,3376240.658
2585,79.020615,87.433654,317792.44,-295.0,2205.0,3378225.0,3376240.673
2586,78.848771,87.433156,317792.636,-298.0,2206.0,3378225.0,3376240.689
2587,78.675835,87.432632,317792.832,-302.0,2207.0,3378225.0,3376240.705
2588,78.50413,87.432088,317793.026,-305.0,2207.0,3378225.0,3376240.723
2589,78.33134,87.431517,317793.219,-305.0,2207.0,3378225.0,3376240.741
2590,78.159786,87.430927,317793.41,-310.0,2208.0,3378225.0,3376240.759
2591,77.987155,87.430311,317793.601,-317.0,2209.0,3378225.0,3376240.779
2592,77.815765,87.429675,317793.79,-324.0,2210.0,3378225.0,3376240.799
2593,77.643304,87.429012,317793.978,-333.0,2212.0,3378225.0,3376240.82
2594,77.472089,87.428331,317794.164,-335.0,2212.0,3378225.0,3376240.842
2595,77.299811,87.427622,317794.35,-361.0,2217.0,3378225.0,3376240.864
2596,77.128783,87.426895,317794.534,-399.0,2224.0,3378225.0,3376240.887
2597,76.970555,87.426202,317794.703,-399.0,2224.0,3378225.0,3376240.909
2598,76.798564,87.425426,317794.885,-390.0,2222.0,3378225.0,3376240.934
2599,76.627832,87.424632,317795.065,-433.0,2230.0,3378225.0,3376240.959
2600,76.456053,87.423811,317795.245,-501.0,2242.0,3378225.0,3376240.985
2601,76.285537,87.422972,317795.423,-603.0,2260.0,3378225.0,3376241.012
2602,76.113982,87.422104,317795.6,-637.0,2266.0,3378227.0,3376241.04
2603,75.943693,87.42122,317795.775,-666.0,2271.0,3378227.0,3376241.068
2604,75.772373,87.420307,317795.95,-686.0,2275.0,3378227.0,3376241.097
2605,75.602324,87.419377,317796.122,-686.0,2275.0,3378227.0,3376241.126
2606,75.43125,87.418419,317796.295,-704.0,2278.0,3378227.0,3376241.157
2607,75.261451,87.417444,317796.465,-713.0,2280.0,3378227.0,3376241.188
2608,75.090636,87.41644,317796.634,-736.0,2284.0,3378227.0,3376241.22
2609,74.921099,87.41542,317796.802,-753.0,2287.0,3378227.0,3376241.253
2610,74.750552,87.41437,317796.969,-758.0,2288.0,3378227.0,3376241.286
2611,74.581288,87.413306,317797.134,-744.0,2285.0,3378227.0,3376241.32
2612,74.411022,87.412211,317797.299,-729.0,2282.0,3378227.0,3376241.355
2613,74.242042,87.411101,317797.462,-729.0,2282.0,3378227.0,3376241.39
2614,74.072068,87.409962,317797.624,-708.0,2279.0,3378227.0,3376241.427
2615,73.903383,87.408807,317797.784,-697.0,2277.0,3378227.0,3376241.464
2616,73.733711,87.407622,317797.944,-686.0,2275.0,3378227.0,3376241.502
2617,73.565331,87.406423,317798.102,-670.0,2272.0,3378227.0,3376241.54
2618,73.395973,87.405194,317798.259,-648.0,2268.0,3378227.0,3376241.579
2619,73.226775,87.403942,317798.415,-648.0,2268.0,3378228.0,3376241.62
2620,73.058875,87.402676,317798.569,-631.0,2265.0,3378228.0,3376241.66
2621,72.890007,87.401379,317798.722,-608.0,2261.0,3378228.0,3376241.702
2622,72.72244,87.400069,317798.874,-592.0,2258.0,3378228.0,3376241.744
2623,72.553911,87.398728,317799.025,-564.0,2253.0,3378228.0,3376241.787
2624,72.386686,87.397374,317799.174,-550.0,2251.0,3378228.0,3376241.83
2625,72.218508,87.395988,317799.322,-550.0,2251.0,3378228.0,3376241.875
2626,72.051636,87.39459,317799.468,-535.0,2248.0,3378228.0,3376241.92
2627,71.883819,87.39316,317799.615,-519.0,2245.0,3378228.0,3376241.966
2628,71.71731,87.391718,317799.758,-503.0,2242.0,3378228.0,3376242.012
2629,71.549863,87.390244,317799.902,-500.0,2242.0,3378228.0,3376242.06
2630,71.383727,87.388758,317800.043,-500.0,2242.0,3378228.0,3376242.107
2631,71.21666,87.38724,317800.184,-499.0,2242.0,3378228.0,3376242.156
2632,71.050907,87.38571,317800.323,-494.0,2241.0,3378228.0,3376242.206
2633,70.884231,87.384148,317800.462,-486.0,2240.0,3378229.0,3376242.256
2634,70.71887,87.382576,317800.598,-483.0,2239.0,3378229.0,3376242.307
2635,70.552593,87.38097,317800.734,-483.0,2239.0,3378229.0,3376242.359
2636,70.387635,87.379354,317800.868,-474.0,2237.0,3378229.0,3376242.411
2637,70.221768,87.377705,317801.002,-465.0,2236.0,3378229.0,3376242.464
2638,70.057221,87.376046,317801.133,-449.0,2233.0,3378229.0,3376242.518
2639,69.891772,87.374353,317801.264,-449.0,2233.0,3378229.0,3376242.573
2640,69.727646,87.372651,317801.393,-444.0,2232.0,3378229.0,3376242.628
2641,69.562625,87.370916,317801.522,-444.0,2232.0,3378229.0,3376242.684
2642,69.398928,87.36917,317801.648,-437.0,2231.0,3378229.0,3376242.741
2643,69.234345,87.367392,317801.774,-432.0,2230.0,3378229.0,3376242.799
2644,69.071086,87.365604,317801.898,-432.0,2230.0,3378229.0,3376242.857
2645,68.906949,87.363783,317802.022,-426.0,2229.0,3378230.0,3376242.916
2646,68.744137,87.361953,317802.143,-421.0,2228.0,3378230.0,3376242.976
2647,68.580454,87.360089,317802.264,-413.0,2227.0,3378230.0,3376243.036
2648,68.418099,87.358217,317802.383,-412.0,2226.0,3378230.0,3376243.097
2649,68.254879,87.35631,317802.502,-409.0,2226.0,3378230.0,3376243.16
2650,68.092988,87.354396,317802.618,-405.0,2225.0,3378230.0,3376243.222
2651,67.930239,87.352447,317802.734,-397.0,2224.0,3378230.0,3376243.286
2652,67.76882,87.350491,317802.848,-397.0,2224.0,3378230.0,3376243.35
2653,67.606551,87.3485,317802.961,-392.0,2223.0,3378230.0,3376243.415
2654,67.445613,87.346502,317803.073,-386.0,2222.0,3378230.0,3376243.48
2655,67.283832,87.344469,317803.184,-371.0,2219.0,3378230.0,3376243.547
2656,67.123381,87.34243,317803.293,-374.0,2219.0,3378230.0,3376243.614
2657,66.962096,87.340355,317803.402,-366.0,2218.0,3378231.0,3376243.682
2658,66.802142,87.338274,317803.508,-360.0,2217.0,3378231.0,3376243.75
2659,66.64136,87.336158,317803.614,-351.0,2216.0,3378231.0,3376243.82
2660,66.481909,87.334036,317803.718,-347.0,2215.0,3378231.0,3376243.889
2661,66.321637,87.331879,317803.822,-346.0,2215.0,3378231.0,3376243.96
2662,66.161625,87.329701,317803.924,-343.0,2214.0,3378231.0,3376244.032
2663,66.002945,87.327518,317804.024,-340.0,2214.0,3378231.0,3376244.104
2664,65.843454,87.325299,317804.124,-338.0,2213.0,3378231.0,3376244.177
2665,65.685295,87.323074,317804.222,-337.0,2213.0,3378231.0,3376244.251
2666,65.526333,87.320815,317804.319,-336.0,2213.0,3378231.0,3376244.326
2667,65.368703,87.31855,317804.414,-335.0,2213.0,3378231.0,3376244.4
2668,65.210277,87.31625,317804.509,-329.0,2212.0,3378232.0,3376244.477
2669,65.053183,87.313945,317804.602,-329.0,2212.0,3378232.0,3376244.553
2670,64.895299,87.311604,317804.694,-325.0,2211.0,3378232.0,3376244.631
2671,64.738746,87.309259,317804.784,-326.0,2211.0,3378232.0,3376244.708
2672,64.581412,87.306878,317804.874,-324.0,2211.0,3378232.0,3376244.787
2673,64.425408,87.304494,317804.962,-324.0,2211.0,3378232.0,3376244.867
2674,64.281244,87.302268,317805.042,-322.0,2210.0,3378232.0,3376244.941
2675,64.124723,87.299829,317805.128,-318.0,2210.0,3378232.0,3376245.022
2676,63.969532,87.297387,317805.212,-321.0,2210.0,3378232.0,3376245.104
2677,63.813575,87.294908,317805.296,-318.0,2210.0,3378232.0,3376245.186
2678,63.658948,87.292426,317805.378,-318.0,2210.0,3378232.0,3376245.269
2679,63.503561,87.289907,317805.459,-320.0,2210.0,3378232.0,3376245.353
2680,63.349503,87.287386,317805.538,-323.0,2211.0,3378232.0,3376245.438
2681,63.194693,87.284829,317805.616,-318.0,2210.0,3378232.0,3376245.523
2682,63.04121,87.282269,317805.693,-326.0,2211.0,3378232.0,3376245.609
2683,62.886981,87.279672,317805.769,-329.0,2212.0,3378232.0,3376245.696
2684,62.734078,87.277074,317805.843,-328.0,2212.0,3378232.0,3376245.784
2685,62.580437,87.274438,317805.917,-336.0,2213.0,3378232.0,3376245.872
2686,62.42812,87.271801,317805.989,-335.0,2213.0,3378232.0,3376245.961
2687,62.27507,87.269127,317806.06,-338.0,2213.0,3378234.0,3376246.051
2688,62.123344,87.266452,317806.129,-341.0,2214.0,3378234.0,3376246.141
2689,61.970893,87.26374,317806.198,-344.0,2215.0,3378234.0,3376246.233
2690,61.819763,87.261027,317806.264,-344.0,2215.0,3378234.0,3376246.324
2691,61.667913,87.258276,317806.33,-355.0,2216.0,3378234.0,3376246.417
2692,61.517383,87.255526,317806.395,-357.0,2217.0,3378234.0,3376246.51
2693,61.366141,87.252737,317806.458,-364.0,2218.0,3378234.0,3376246.605
2694,61.216217,87.249949,317806.52,-365.0,2218.0,3378234.0,3376246.699
2695,61.065586,87.247123,317806.581,-370.0,2219.0,3378234.0,3376246.795
2696,60.915263,87.244278,317806.641,-379.0,2221.0,3378235.0,3376246.892
2697,60.766256,87.241434,317806.699,-389.0,2222.0,3378235.0,3376246.989
2698,60.616552,87.238552,317806.756,-394.0,2223.0,3378235.0,3376247.087
2699,60.468161,87.23567,317806.812,-456.0,2234.0,3378235.0,3376247.185
2700,60.319079,87.232751,317806.866,-475.0,2238.0,3378235.0,3376247.285
2701,60.171308,87.229833,317806.919,-537.0,2249.0,3378235.0,3376247.385
2702,60.022852,87.226877,317806.972,-601.0,2260.0,3378235.0,3376247.486
2703,59.875705,87.223923,317807.022,-712.0,2280.0,3378235.0,3376247.587
2704,59.727879,87.22093,317807.072,-758.0,2288.0,3378235.0,3376247.689
2705,59.58136,87.217939,317807.12,-789.0,2294.0,3378236.0,3376247.792
2706,59.434168,87.21491,317807.167,-796.0,2295.0,3378236.0,3376247.896
2707,59.28828,87.211884,317807.213,-818.0,2299.0,3378236.0,3376248.0
2708,59.141724,87.208819,317807.258,-821.0,2299.0,3378236.0,3376248.106
2709,58.996471,87.205756,317807.301,-825.0,2300.0,3378236.0,3376248.211
2710,58.850556,87.202655,317807.343,-818.0,2299.0,3378236.0,3376248.318
2711,58.70594,87.199557,317807.384,-806.0,2297.0,3378236.0,3376248.425
2712,58.560669,87.19642,317807.424,-772.0,2290.0,3378236.0,3376248.534
2713,58.416694,87.193287,317807.462,-751.0,2287.0,3378237.0,3376248.642
2714,58.272069,87.190115,317807.499,-719.0,2281.0,3378237.0,3376248.752
2715,58.128737,87.186946,317807.535,-712.0,2280.0,3378237.0,3376248.862
2716,57.984762,87.183739,317807.569,-709.0,2280.0,3378237.0,3376248.973
2717,57.842077,87.180535,317807.602,-705.0,2279.0,3378237.0,3376249.085
2718,57.698754,87.177293,317807.635,-703.0,2278.0,3378237.0,3376249.198
2719,57.556718,87.174055,317807.665,-701.0,2278.0,3378237.0,3376249.31
2720,57.414049,87.170778,317807.695,-697.0,2277.0,3378237.0,3376249.425
2721,57.272665,87.167506,317807.723,-688.0,2276.0,3378238.0,3376249.539
2722,57.130653,87.164194,317807.75,-679.0,2274.0,3378238.0,3376249.655
2723,56.989922,87.160888,317807.776,-666.0,2272.0,3378238.0,3376249.771
2724,56.84857,87.157542,317807.801,-647.0,2268.0,3378238.0,3376249.888
2725,56.708495,87.154202,317807.824,-635.0,2266.0,3378238.0,3376250.005
2726,56.567804,87.150822,317807.846,-612.0,2262.0,3378238.0,3376250.124
2727,56.428386,87.147448,317807.867,-597.0,2259.0,3378238.0,3376250.242
2728,56.288359,87.144035,317807.887,-579.0,2256.0,3378239.0,3376250.363
2729,56.149601,87.140628,317807.905,-572.0,2255.0,3378239.0,3376250.483
2730,56.010238,87.137181,317807.922,-566.0,2254.0,3378239.0,3376250.605
2731,55.872142,87.13374,317807.938,-563.0,2254.0,3378239.0,3376250.726
2732,55.733446,87.13026,317807.953,-560.0,2253.0,3378239.0,3376250.849
2733,55.596013,87.126786,317807.966,-555.0,2252.0,3378239.0,3376250.972
2734,55.457985,87.123273,317807.978,-547.0,2251.0,3378239.0,3376251.097
2735,55.321216,87.119767,317807.989,-536.0,2249.0,3378240.0,3376251.221
2736,55.183858,87.116221,317807.999,-528.0,2247.0,3378240.0,3376251.348
2737,55.047755,87.112682,317808.007,-513.0,2245.0,3378240.0,3376251.474
2738,54.911068,87.109104,317808.014,-510.0,2244.0,3378240.0,3376251.601
2739,54.774717,87.105509,317808.02,-496.0,2242.0,3378240.0,3376251.729
2740,54.639616,87.101922,317808.025,-491.0,2241.0,3378240.0,3376251.858
2741,54.503938,87.098295,317808.028,-483.0,2239.0,3378240.0,3376251.987
2742,54.369505,87.094676,317808.03,-480.0,2239.0,3378241.0,3376252.117
2743,54.234501,87.091017,317808.031,-477.0,2238.0,3378241.0,3376252.248
2744,54.100737,87.087367,317808.03,-468.0,2237.0,3378241.0,3376252.379
2745,53.966407,87.083676,317808.029,-465.0,2236.0,3378241.0,3376252.512
2746,53.833313,87.079994,317808.026,-457.0,2235.0,3378241.0,3376252.645
2747,53.699657,87.076272,317808.022,-454.0,2234.0,3378241.0,3376252.779
2748,53.567234,87.072559,317808.016,-447.0,2233.0,3378241.0,3376252.913
2749,53.434254,87.068806,317808.01,-443.0,2232.0,3378242.0,3376253.048
2750,53.302502,87.065062,317808.002,-435.0,2231.0,3378242.0,3376253.184
2751,53.170197,87.061277,317807.993,-430.0,2230.0,3378242.0,3376253.321
2752,53.039117,87.057503,317807.983,-424.0,2229.0,3378242.0,3376253.458
2753,52.907489,87.053688,317807.971,-423.0,2229.0,3378242.0,3376253.597
2754,52.786761,87.050166,317807.959,-421.0,2228.0,3378242.0,3376253.725
2755,52.656661,87.046348,317807.945,-421.0,2228.0,3378242.0,3376253.864
2756,52.526021,87.042488,317807.93,-421.0,2228.0,3378243.0,3376254.004
2757,52.396594,87.038639,317807.913,-422.0,2228.0,3378243.0,3376254.145
2758,52.26663,87.034749,317807.896,-425.0,2229.0,3378243.0,3376254.287
2759,52.137875,87.03087,317807.877,-426.0,2229.0,3378243.0,3376254.429
2760,52.008587,87.02695,317807.856,-425.0,2229.0,3378243.0,3376254.573
2761,51.880504,87.023042,317807.835,-425.0,2229.0,3378243.0,3376254.716
2762,51.751892,87.019092,317807.812,-428.0,2230.0,3378244.0,3376254.861
2763,51.62448,87.015155,317807.788,-429.0,2230.0,3378244.0,3376255.006
2764,51.496544,87.011176,317807.763,-435.0,2231.0,3378244.0,3376255.153
2765,51.369803,87.007209,317807.736,-437.0,2231.0,3378244.0,3376255.299
2766,51.242543,87.0032,317807.709,-441.0,2232.0,3378244.0,3376255.447
2767,51.116472,86.999205,317807.68,-441.0,2232.0,3378244.0,3376255.595
2768,50.989887,86.995167,317807.649,-451.0,2234.0,3378244.0,3376255.745
2769,50.864486,86.991143,317807.618,-453.0,2234.0,3378245.0,3376255.894
2770,50.738575,86.987077,317807.585,-462.0,2236.0,3378245.0,3376256.045
2771,50.613844,86.983024,317807.551,-465.0,2236.0,3378245.0,3376256.196
2772,50.488606,86.978929,317807.516,-477.0,2238.0,3378245.0,3376256.348
2773,50.363707,86.97482,317807.479,-479.0,2239.0,3378245.0,3376256.501
2774,50.239979,86.970725,317807.442,-496.0,2242.0,3378245.0,3376256.654
2775,50.115752,86.966588,317807.403,-511.0,2244.0,3378245.0,3376256.809
2776,49.992692,86.962465,317807.363,-512.0,2245.0,3378245.0,3376256.963
2777,49.869136,86.9583,317807.321,-539.0,2249.0,3378245.0,3376257.12
2778,49.746742,86.954149,317807.278,-546.0,2251.0,3378245.0,3376257.275
2779,49.623857,86.949956,317807.234,-572.0,2255.0,3378245.0,3376257.433
2780,49.502129,86.945778,317807.189,-582.0,2257.0,3378245.0,3376257.59
2781,49.379913,86.941558,317807.143,-588.0,2258.0,3378247.0,3376257.75
2782,49.258849,86.937352,317807.095,-588.0,2258.0,3378247.0,3376257.908
2783,49.137301,86.933105,317807.046,-586.0,2258.0,3378247.0,3376258.069
2784,49.0169,86.928872,317806.996,-587.0,2258.0,3378247.0,3376258.229
2785,48.896019,86.924598,317806.944,-582.0,2257.0,3378247.0,3376258.391
2786,48.77628,86.920339,317806.892,-580.0,2257.0,3378247.0,3376258.553
2787,48.656065,86.916037,317806.838,-581.0,2257.0,3378248.0,3376258.716
2788,48.536986,86.911752,317806.783,-584.0,2258.0,3378248.0,3376258.879
2789,48.417435,86.907423,317806.726,-583.0,2257.0,3378248.0,3376259.044
2790,48.299016,86.903111,317806.668,-588.0,2258.0,3378248.0,3376259.209
2791,48.180127,86.898757,317806.609,-589.0,2258.0,3378248.0,3376259.376
2792,48.062365,86.894419,317806.549,-589.0,2258.0,3378248.0,3376259.542
2793,47.944137,86.890038,317806.488,-588.0,2258.0,3378249.0,3376259.71
2794,47.827031,86.885674,317806.425,-586.0,2258.0,3378249.0,3376259.877
2795,47.709463,86.881268,317806.361,-585.0,2258.0,3378249.0,3376260.046
2796,47.593011,86.876878,317806.296,-586.0,2258.0,3378249.0,3376260.215
2797,47.4761,86.872446,317806.23,-585.0,2258.0,3378249.0,3376260.386
2798,47.360301,86.86803,317806.162,-585.0,2258.0,3378250.0,3376260.557
2799,47.244046,86.863573,317806.093,-584.0,2257.0,3378250.0,3376260.729
2800,47.128897,86.859132,317806.023,-584.0,2257.0,3378250.0,3376260.901
2801,47.013297,86.854649,317805.951,-584.0,2257.0,3378250.0,3376261.075
2802,46.898797,86.850184,317805.879,-584.0,2257.0,3378250.0,3376261.248
2803,46.783849,86.845676,317805.805,-583.0,2257.0,3378250.0,3376261.423
2804,46.669995,86.841185,317805.73,-578.0,2256.0,3378250.0,3376261.598
2805,46.555698,86.836652,317805.653,-576.0,2256.0,3378250.0,3376261.775
2806,46.442489,86.832138,317805.576,-571.0,2255.0,3378250.0,3376261.951
2807,46.32884,86.82758,317805.497,-569.0,2255.0,3378250.0,3376262.129
2808,46.216274,86.823041,317805.417,-567.0,2254.0,3378250.0,3376262.307
2809,46.103271,86.818459,317805.335,-563.0,2254.0,3378252.0,3376262.487
2810,45.991346,86.813895,317805.253,-562.0,2253.0,3378252.0,3376262.666
2811,45.878987,86.809289,317805.169,-559.0,2253.0,3378252.0,3376262.847
2812,45.7677,86.804701,317805.084,-557.0,2253.0,3378252.0,3376263.028
2813,45.655983,86.800071,317804.997,-555.0,2252.0,3378252.0,3376263.21
2814,45.545333,86.79546,317804.91,-550.0,2251.0,3378252.0,3376263.392
2815,45.434255,86.790806,317804.821,-548.0,2251.0,3378252.0,3376263.576
2816,45.323498,86.78614,317804.73,-545.0,2251.0,3378252.0,3376263.761
2817,45.213799,86.781493,317804.639,-542.0,2250.0,3378252.0,3376263.946
2818,45.103678,86.776804,317804.546,-540.0,2250.0,3378252.0,3376264.132
2819,44.99461,86.772134,317804.453,-539.0,2249.0,3378252.0,3376264.318
2820,44.885122,86.767421,317804.357,-538.0,2249.0,3378254.0,3376264.505
2821,44.776683,86.762728,317804.261,-537.0,2249.0,3378254.0,3376264.693
2822,44.667827,86.757992,317804.163,-535.0,2249.0,3378254.0,3376264.882
2823,44.560014,86.753277,317804.065,-534.0,2249.0,3378254.0,3376265.07
2824,44.451786,86.748518,317803.964,-534.0,2248.0,3378254.0,3376265.261
2825,44.344596,86.74378,317803.863,-533.0,2248.0,3378255.0,3376265.451
2826,44.236995,86.738998,317803.76,-532.0,2248.0,3378255.0,3376265.643
2827,44.130426,86.734237,317803.657,-531.0,2248.0,3378255.0,3376265.835
2828,44.023449,86.729433,317803.551,-531.0,2248.0,3378255.0,3376266.029
2829,43.917499,86.72465,317803.445,-531.0,2248.0,3378255.0,3376266.222
2830,43.811143,86.719824,317803.337,-530.0,2248.0,3378256.0,3376266.417
2831,43.705809,86.715019,317803.229,-528.0,2247.0,3378256.0,3376266.611
2832,43.600072,86.71017,317803.118,-528.0,2247.0,3378256.0,3376266.808
2833,43.495351,86.705344,317803.007,-528.0,2247.0,3378256.0,3376267.004
2834,43.39023,86.700473,317802.895,-529.0,2247.0,3378256.0,3376267.202
2835,43.286119,86.695625,317802.781,-530.0,2248.0,3378257.0,3376267.399
2836,43.181612,86.690732,317802.666,-529.0,2248.0,3378257.0,3376267.599
2837,43.085792,86.686225,317802.558,-530.0,2248.0,3378257.0,3376267.783
2838,42.982569,86.681345,317802.441,-530.0,2248.0,3378257.0,3376267.982
2839,42.878953,86.676421,317802.322,-532.0,2248.0,3378257.0,3376268.184
2840,42.776334,86.67152,317802.203,-533.0,2248.0,3378258.0,3376268.385
2841,42.673325,86.666575,317802.081,-532.0,2248.0,3378258.0,3376268.588
2842,42.571307,86.661653,317801.959,-533.0,2248.0,3378258.0,3376268.79
2843,42.468902,86.656687,317801.835,-534.0,2248.0,3378258.0,3376268.995
2844,42.367483,86.651744,317801.71,-535.0,2248.0,3378258.0,3376269.199
2845,42.265678,86.646758,317801.584,-536.0,2249.0,3378259.0,3376269.405
2846,42.164855,86.641794,317801.457,-538.0,2249.0,3378259.0,3376269.61
2847,42.063649,86.636786,317801.328,-539.0,2249.0,3378259.0,3376269.818
2848,41.963418,86.631802,317801.198,-539.0,2249.0,3378259.0,3376270.025
2849,41.862808,86.626774,317801.066,-543.0,2250.0,3378259.0,3376270.234
2850,41.762495,86.621736,317800.934,-545.0,2251.0,3378260.0,3376270.443
2851,41.663149,86.616722,317800.8,-548.0,2251.0,3378260.0,3376270.652
2852,41.563427,86.611663,317800.665,-550.0,2251.0,3378260.0,3376270.864
2853,41.464667,86.606629,317800.529,-553.0,2252.0,3378260.0,3376271.074
2854,41.365534,86.60155,317800.391,-561.0,2253.0,3378261.0,3376271.287
2855,41.267356,86.596496,317800.253,-562.0,2254.0,3378261.0,3376271.499
2856,41.168808,86.591397,317800.113,-566.0,2254.0,3378261.0,3376271.713
2857,41.07121,86.586323,317799.972,-570.0,2255.0,3378261.0,3376271.926
2858,40.973244,86.581205,317799.829,-571.0,2255.0,3378261.0,3376272.142
2859,40.876223,86.576112,317799.686,-577.0,2256.0,3378262.0,3376272.357
2860,40.778836,86.570974,317799.541,-582.0,2257.0,3378262.0,3376272.574
2861,40.68239,86.565861,317799.395,-585.0,2258.0,3378262.0,3376272.79
2862,40.585579,86.560704,317799.247,-589.0,2258.0,3378262.0,3376273.008
2863,40.489703,86.555572,317799.099,-599.0,2260.0,3378262.0,3376273.226
2864,40.393466,86.550396,317798.948,-600.0,2260.0,3378263.0,3376273.446
2865,40.298158,86.545245,317798.798,-605.0,2261.0,3378263.0,3376273.665
2866,40.202491,86.54005,317798.645,-611.0,2262.0,3378263.0,3376273.887
2867,40.107748,86.53488,317798.492,-615.0,2263.0,3378263.0,3376274.108
2868,40.012648,86.529666,317798.336,-621.0,2264.0,3378264.0,3376274.33
2869,39.918467,86.524478,317798.181,-634.0,2266.0,3378264.0,3376274.553
2870,39.823931,86.519245,317798.023,-634.0,2266.0,3378264.0,3376274.777
2871,39.730309,86.514039,317797.865,-651.0,2269.0,3378264.0,3376275.001
2872,39.636335,86.508787,317797.704,-679.0,2274.0,3378264.0,3376275.226
2873,39.543268,86.503562,317797.544,-689.0,2276.0,3378265.0,3376275.451
2874,39.449852,86.498293,317797.381,-730.0,2283.0,3378265.0,3376275.679
2875,39.357338,86.493049,317797.218,-784.0,2293.0,3378265.0,3376275.905
2876,39.264476,86.487762,317797.052,-847.0,2304.0,3378265.0,3376276.134
2877,39.172512,86.4825,317796.887,-868.0,2308.0,3378265.0,3376276.362
2878,39.080203,86.477195,317796.719,-913.0,2316.0,3378265.0,3376276.592
2879,38.988785,86.471916,317796.551,-943.0,2321.0,3378265.0,3376276.822
2880,38.897024,86.466592,317796.38,-953.0,2323.0,3378265.0,3376277.053
2881,38.806151,86.461295,317796.21,-962.0,2325.0,3378267.0,3376277.284
2882,38.714935,86.455954,317796.037,-973.0,2327.0,3378267.0,3376277.517
2883,38.624602,86.45064,317795.864,-972.0,2327.0,3378267.0,3376277.75
2884,38.533929,86.445281,317795.689,-945.0,2322.0,3378267.0,3376277.984
2885,38.444133,86.43995,317795.513,-917.0,2317.0,3378267.0,3376278.218
2886,38.353999,86.434573,317795.335,-912.0,2316.0,3378268.0,3376278.454
2887,38.264738,86.429225,317795.157,-865.0,2307.0,3378268.0,3376278.689
2888,38.17514,86.423831,317794.977,-832.0,2302.0,3378268.0,3376278.927
2889,38.08641,86.418465,317794.796,-826.0,2300.0,3378268.0,3376279.164
2890,37.997346,86.413055,317794.613,-791.0,2294.0,3378269.0,3376279.403
2891,37.908548,86.407636,317794.429,-766.0,2290.0,3378269.0,3376279.643
2892,37.820609,86.402245,317794.245,-751.0,2287.0,3378269.0,3376279.881
2893,37.73234,86.396809,317794.058,-746.0,2286.0,3378269.0,3376280.123
2894,37.644925,86.391401,317793.872,-745.0,2286.0,3378270.0,3376280.363
2895,37.557181,86.385949,317793.683,-747.0,2286.0,3378270.0,3376280.606
2896,37.470285,86.380525,317793.493,-746.0,2286.0,3378270.0,3376280.848
2897,37.383064,86.375056,317793.302,-754.0,2288.0,3378270.0,3376281.092
2898,37.296686,86.369615,317793.11,-758.0,2288.0,3378270.0,3376281.335
2899,37.209983,86.36413,317792.916,-757.0,2288.0,3378270.0,3376281.581
2900,37.124119,86.358673,317792.722,-753.0,2288.0,3378270.0,3376281.825
2901,37.037932,86.353171,317792.525,-750.0,2287.0,3378270.0,3376282.072
2902,36.952579,86.347699,317792.329,-747.0,2286.0,3378270.0,3376282.319
2903,36.866905,86.342181,317792.129,-745.0,2286.0,3378272.0,3376282.567
2904,36.78206,86.336692,317791.93,-742.0,2286.0,3378272.0,3376282.815
2905,36.696895,86.331158,317791.729,-739.0,2285.0,3378272.0,3376283.065
2906,36.612555,86.325654,317791.527,-739.0,2285.0,3378272.0,3376283.314
2907,36.527897,86.320105,317791.323,-735.0,2284.0,3378272.0,3376283.565
2908,36.444058,86.314584,317791.119,-734.0,2284.0,3378272.0,3376283.816
2909,36.359904,86.309019,317790.912,-733.0,2284.0,3378272.0,3376284.069
2910,36.276563,86.303484,317790.706,-733.0,2284.0,3378272.0,3376284.321
2911,36.192909,86.297903,317790.496,-732.0,2284.0,3378274.0,3376284.575
2912,36.110064,86.292352,317790.287,-731.0,2284.0,3378274.0,3376284.829
2913,36.026907,86.286756,317790.076,-731.0,2284.0,3378274.0,3376285.085
2914,35.944554,86.28119,317789.864,-732.0,2284.0,3378274.0,3376285.339
2915,35.861891,86.275578,317789.65,-731.0,2284.0,3378275.0,3376285.597
2916,35.780027,86.269997,317789.436,-731.0,2284.0,3378275.0,3376285.853
2917,35.697856,86.264371,317789.219,-730.0,2283.0,3378275.0,3376286.112
2918,35.616478,86.258775,317789.003,-731.0,2283.0,3378275.0,3376286.37
2919,35.534794,86.253133,317788.784,-732.0,2284.0,3378276.0,3376286.63
2920,35.453899,86.247522,317788.565,-732.0,2284.0,3378276.0,3376286.889
2921,35.3727,86.241866,317788.343,-732.0,2284.0,3378276.0,3376287.151
2922,35.292285,86.23624,317788.122,-732.0,2284.0,3378276.0,3376287.412
2923,35.211568,86.230569,317787.897,-732.0,2284.0,3378277.0,3376287.675
2924,35.137563,86.225349,317787.69,-731.0,2284.0,3378277.0,3376287.918
2925,35.057845,86.219702,317787.465,-731.0,2283.0,3378277.0,3376288.181
2926,34.977825,86.21401,317787.237,-729.0,2283.0,3378277.0,3376288.446
2927,34.898579,86.208349,317787.01,-727.0,2283.0,3378278.0,3376288.71
2928,34.819034,86.202642,317786.779,-727.0,2283.0,3378278.0,3376288.977
2929,34.739725,86.196928,317786.548,-726.0,2283.0,3378278.0,3376289.245
2930,34.661183,86.191246,317786.316,-725.0,2283.0,3378279.0,3376289.511
2931,34.582344,86.185518,317786.082,-724.0,2282.0,3378279.0,3376289.78
2932,34.504266,86.179821,317785.849,-724.0,2282.0,3378279.0,3376290.048
2933,34.425893,86.174079,317785.612,-723.0,2282.0,3378279.0,3376290.318
2934,34.348277,86.168369,317785.376,-723.0,2282.0,3378280.0,3376290.588
2935,34.270368,86.162613,317785.137,-724.0,2282.0,3378280.0,3376290.86
2936,34.193211,86.156889,317784.898,-723.0,2282.0,3378280.0,3376291.131
2937,34.115762,86.151119,317784.656,-725.0,2282.0,3378280.0,3376291.404
2938,34.03906,86.145381,317784.415,-727.0,2283.0,3378281.0,3376291.676
2939,33.962069,86.139597,317784.171,-727.0,2283.0,3378281.0,3376291.951
2940,33.88582,86.133846,317783.927,-730.0,2283.0,3378281.0,3376292.225
2941,33.809283,86.128049,317783.681,-732.0,2284.0,3378281.0,3376292.501
2942,33.733484,86.122284,317783.435,-736.0,2284.0,3378282.0,3376292.777
2943,33.657398,86.116474,317783.185,-740.0,2285.0,3378282.0,3376293.054
2944,33.582046,86.110696,317782.937,-741.0,2285.0,3378282.0,3376293.331
2945,33.506409,86.104872,317782.685,-745.0,2286.0,3378283.0,3376293.61
2946,33.4315,86.09908,317782.434,-749.0,2287.0,3378283.0,3376293.888
2947,33.356308,86.093243,317782.18,-754.0,2288.0,3378283.0,3376294.169
2948,33.281841,86.087439,317781.926,-754.0,2288.0,3378283.0,3376294.449
2949,33.207091,86.081589,317781.67,-763.0,2289.0,3378284.0,3376294.731
2950,33.133061,86.075772,317781.414,-766.0,2290.0,3378284.0,3376295.012
2951,33.058751,86.069909,317781.155,-773.0,2291.0,3378284.0,3376295.296
2952,32.985157,86.064078,317780.896,-776.0,2291.0,3378284.0,3376295.578
2953,32.911283,86.058202,317780.634,-783.0,2293.0,3378285.0,3376295.863
2954,32.83812,86.05236,317780.373,-788.0,2294.0,3378285.0,3376296.147
2955,32.76468,86.046471,317780.109,-797.0,2295.0,3378285.0,3376296.434
2956,32.691947,86.040615,317779.846,-800.0,2296.0,3378285.0,3376296.719
2957,32.618937,86.034714,317779.579,-809.0,2298.0,3378285.0,3376297.007
2958,32.54663,86.028846,317779.313,-816.0,2299.0,3378285.0,3376297.294
2959,32.474049,86.022932,317779.044,-822.0,2300.0,3378285.0,3376297.583
2960,32.402165,86.017052,317778.775,-829.0,2301.0,3378287.0,3376297.872
2961,32.330008,86.011126,317778.504,-833.0,2302.0,3378287.0,3376298.163
2962,32.258545,86.005233,317778.233,-847.0,2304.0,3378287.0,3376298.452
2963,32.18681,85.999295,317777.959,-851.0,2305.0,3378287.0,3376298.745
2964,32.115765,85.99339,317777.685,-857.0,2306.0,3378288.0,3376299.036
2965,32.044448,85.987439,317777.409,-868.0,2308.0,3378288.0,3376299.33
2966,31.973818,85.981522,317777.133,-875.0,2309.0,3378288.0,3376299.623
2967,31.902918,85.975559,317776.854,-886.0,2311.0,3378289.0,3376299.918
2968,31.832226,85.96959,317776.573,-894.0,2313.0,3378289.0,3376300.214
2969,31.762213,85.963656,317776.294,-899.0,2313.0,3378289.0,3376300.509
2970,31.691933,85.957675,317776.011,-905.0,2314.0,3378289.0,3376300.807
2971,31.622328,85.951728,317775.729,-912.0,2316.0,3378290.0,3376301.103
2972,31.552457,85.945736,317775.443,-916.0,2316.0,3378290.0,3376301.402
2973,31.483257,85.939778,317775.159,-916.0,2316.0,3378290.0,3376301.7
2974,31.413793,85.933773,317774.871,-917.0,2317.0,3378290.0,3376302.0
2975,31.344995,85.927803,317774.584,-917.0,2316.0,3378290.0,3376302.299
2976,31.275934,85.921788,317774.293,-915.0,2316.0,3378290.0,3376302.601
2977,31.207535,85.915806,317774.004,-913.0,2316.0,3378290.0,3376302.902
2978,31.138875,85.909779,317773.711,-908.0,2315.0,3378292.0,3376303.205
2979,31.070873,85.903786,317773.419,-903.0,2314.0,3378292.0,3376303.507
2980,31.002611,85.897747,317773.123,-899.0,2313.0,3378292.0,3376303.812
2981,30.935003,85.891743,317772.829,-895.0,2313.0,3378292.0,3376304.116
2982,30.867136,85.885693,317772.531,-895.0,2313.0,3378292.0,3376304.422
2983,30.79992,85.879678,317772.234,-895.0,2313.0,3378292.0,3376304.727
2984,30.732445,85.873617,317771.934,-897.0,2313.0,3378294.0,3376305.035
2985,30.665617,85.86759,317771.634,-899.0,2313.0,3378294.0,3376305.341
2986,30.598533,85.861518,317771.331,-901.0,2314.0,3378294.0,3376305.651
2987,30.532091,85.855481,317771.029,-900.0,2313.0,3378294.0,3376305.959
2988,30.465393,85.849397,317770.724,-902.0,2314.0,3378295.0,3376306.269
2989,30.399334,85.843349,317770.419,-902.0,2314.0,3378295.0,3376306.579
2990,30.333021,85.837255,317770.112,-902.0,2314.0,3378295.0,3376306.891
2991,30.267342,85.831196,317769.805,-902.0,2314.0,3378296.0,3376307.202
2992,30.201411,85.825091,317769.494,-904.0,2314.0,3378296.0,3376307.515
2993,30.13611,85.819021,317769.185,-904.0,2314.0,3378296.0,3376307.828
2994,30.070558,85.812905,317768.872,-905.0,2314.0,3378296.0,3376308.143
2995,30.005633,85.806825,317768.56,-905.0,2314.0,3378297.0,3376308.456
2996,29.940457,85.800698,317768.245,-905.0,2314.0,3378297.0,3376308.773
2997,29.875904,85.794607,317767.93,-905.0,2314.0,3378297.0,3376309.088
2998,29.811102,85.78847,317767.613,-907.0,2315.0,3378298.0,3376309.406
2999,29.746919,85.782369,317767.296,-907.0,2315.0,3378298.0,3376309.723
3000,29.682488,85.776221,317766.975,-909.0,2315.0,3378298.0,3376310.042
3001,29.618673,85.77011,317766.656,-910.0,2315.0,3378299.0,3376310.36
3002,29.55461,85.763952,317766.333,-910.0,2315.0,3378299.0,3376310.681
3003,29.49116,85.75783,317766.011,-914.0,2316.0,3378299.0,3376311.001
3004,29.427464,85.751662,317765.686,-917.0,2316.0,3378300.0,3376311.323
3005,29.364375,85.74553,317765.362,-917.0,2316.0,3378300.0,3376311.644
3006,29.301043,85.739352,317765.034,-919.0,2317.0,3378300.0,3376311.968
3007,29.238314,85.73321,317764.707,-921.0,2317.0,3378300.0,3376312.29
3008,29.175342,85.727021,317764.377,-922.0,2317.0,3378301.0,3376312.616
3009,29.112971,85.720869,317764.047,-922.0,2317.0,3378301.0,3376312.94
3010,29.050357,85.714671,317763.715,-924.0,2318.0,3378301.0,3376313.266
3011,28.987923,85.708467,317763.381,-925.0,2318.0,3378302.0,3376313.594
3012,28.926083,85.7023,317763.048,-925.0,2318.0,3378302.0,3376313.92
3013,28.864003,85.696087,317762.711,-926.0,2318.0,3378302.0,3376314.249
3014,28.802515,85.68991,317762.375,-927.0,2318.0,3378303.0,3376314.577
3015,28.740787,85.683687,317762.036,-927.0,2318.0,3378303.0,3376314.907
3016,28.684185,85.677961,317761.724,-928.0,2318.0,3378303.0,3376315.211
3017,28.623205,85.67177,317761.384,-928.0,2318.0,3378304.0,3376315.541
3018,28.561987,85.665533,317761.042,-928.0,2319.0,3378304.0,3376315.874
3019,28.501352,85.659332,317760.7,-929.0,2319.0,3378304.0,3376316.205
3020,28.44048,85.653085,317760.355,-930.0,2319.0,3378304.0,3376316.539
3021,28.380188,85.646876,317760.011,-931.0,2319.0,3378305.0,3376316.871
3022,28.319659,85.640619,317759.663,-929.0,2319.0,3378305.0,3376317.207
3023,28.259707,85.6344,317759.317,-929.0,2319.0,3378305.0,3376317.541
3024,28.19952,85.628134,317758.966,-927.0,2318.0,3378305.0,3376317.878
3025,28.139905,85.621906,317758.617,-926.0,2318.0,3378305.0,3376318.213
3026,28.080057,85.61563,317758.265,-927.0,2318.0,3378305.0,3376318.552
3027,28.020777,85.609393,317757.913,-926.0,2318.0,3378307.0,3376318.889
3028,27.961265,85.603108,317757.558,-924.0,2318.0,3378307.0,3376319.228
3029,27.902319,85.596861,317757.204,-924.0,2318.0,3378307.0,3376319.567
3030,27.843141,85.590568,317756.846,-923.0,2318.0,3378308.0,3376319.908
3031,27.784525,85.584312,317756.49,-924.0,2318.0,3378308.0,3376320.248
3032,27.725679,85.578009,317756.13,-923.0,2317.0,3378308.0,3376320.591
3033,27.667391,85.571744,317755.771,-922.0,2317.0,3378309.0,3376320.932
3034,27.608874,85.565432,317755.408,-923.0,2317.0,3378309.0,3376321.276
3035,27.550912,85.559158,317755.047,-923.0,2317.0,3378309.0,3376321.619
3036,27.492722,85.552837,317754.682,-923.0,2318.0,3378310.0,3376321.965
3037,27.435084,85.546555,317754.318,-924.0,2318.0,3378310.0,3376322.309
3038,27.377219,85.540225,317753.95,-924.0,2318.0,3378310.0,3376322.656
3039,27.319902,85.533933,317753.584,-925.0,2318.0,3378310.0,3376323.002
3040,27.262359,85.527595,317753.213,-926.0,2318.0,3378310.0,3376323.35
3041,27.205362,85.521295,317752.845,-927.0,2318.0,3378310.0,3376323.697
3042,27.148139,85.514947,317752.472,-928.0,2319.0,3378312.0,3376324.047
3043,27.091458,85.508639,317752.101,-929.0,2319.0,3378312.0,3376324.396
3044,27.034553,85.502283,317751.725,-931.0,2319.0,3378312.0,3376324.747
3045,26.977806,85.495923,317751.349,-931.0,2319.0,3378313.0,3376325.1
3046,26.921597,85.489601,317750.974,-935.0,2320.0,3378313.0,3376325.45
3047,26.865165,85.483232,317750.595,-935.0,2320.0,3378313.0,3376325.804
3048,26.809267,85.476902,317750.217,-936.0,2320.0,3378314.0,3376326.156
3049,26.753147,85.470525,317749.836,-940.0,2320.0,3378314.0,3376326.511
3050,26.697558,85.464186,317749.456,-942.0,2321.0,3378314.0,3376326.865
3051,26.641749,85.4578,317749.072,-945.0,2321.0,3378315.0,3376327.222
3052,26.586467,85.451454,317748.69,-949.0,2322.0,3378315.0,3376327.577
3053,26.530965,85.44506,317748.303,-950.0,2322.0,3378315.0,3376327.935
3054,26.475987,85.438705,317747.918,-953.0,2323.0,3378316.0,3376328.291
3055,26.420791,85.432302,317747.529,-957.0,2323.0,3378316.0,3376328.651
3056,26.366116,85.425939,317747.142,-960.0,2324.0,3378316.0,3376329.009
3057,26.311223,85.419529,317746.751,-964.0,2325.0,3378317.0,3376329.37
3058,26.256849,85.413157,317746.361,-967.0,2325.0,3378317.0,3376329.729
3059,26.202257,85.406739,317745.967,-970.0,2326.0,3378317.0,3376330.092
3060,26.148181,85.400359,317745.574,-974.0,2326.0,3378317.0,3376330.452
3061,26.093889,85.393933,317745.178,-981.0,2328.0,3378317.0,3376330.816
3062,26.040109,85.387545,317744.783,-982.0,2328.0,3378317.0,3376331.179
3063,25.986113,85.381111,317744.384,-989.0,2329.0,3378319.0,3376331.544
3064,25.932627,85.374715,317743.987,-991.0,2330.0,3378319.0,3376331.908
3065,25.878927,85.368273,317743.586,-994.0,2330.0,3378319.0,3376332.275
3066,25.825733,85.36187,317743.186,-999.0,2331.0,3378320.0,3376332.64
3067,25.772326,85.355419,317742.782,-1003.0,2332.0,3378320.0,3376333.008
3068,25.719422,85.349008,317742.38,-1008.0,2332.0,3378320.0,3376333.375
3069,25.666305,85.34255,317741.973,-1015.0,2334.0,3378321.0,3376333.745
3070,25.613689,85.336131,317741.568,-1017.0,2334.0,3378321.0,3376334.113
3071,25.560861,85.329665,317741.16,-1025.0,2335.0,3378321.0,3376334.484
3072,25.508531,85.323239,317740.752,-1028.0,2336.0,3378322.0,3376334.853
3073,25.45599,85.316766,317740.341,-1037.0,2338.0,3378322.0,3376335.226
3074,25.403943,85.310332,317739.931,-1044.0,2339.0,3378322.0,3376335.597
3075,25.351687,85.303851,317739.517,-1054.0,2341.0,3378323.0,3376335.971
3076,25.299922,85.297409,317739.105,-1065.0,2343.0,3378323.0,3376336.344
3077,25.247948,85.29092,317738.689,-1066.0,2343.0,3378323.0,3376336.719
3078,25.196463,85.284471,317738.274,-1075.0,2344.0,3378324.0,3376337.093
3079,25.14477,85.277975,317737.855,-1086.0,2346.0,3378324.0,3376337.47
3080,25.093563,85.271519,317737.438,-1108.0,2350.0,3378325.0,3376337.845
3081,25.042149,85.265015,317737.017,-1124.0,2353.0,3378325.0,3376338.224
3082,24.991218,85.258552,317736.597,-1140.0,2356.0,3378325.0,3376338.601
3083,24.94008,85.252041,317736.174,-1163.0,2360.0,3378325.0,3376338.981
3084,24.889423,85.24557,317735.751,-1204.0,2367.0,3378325.0,3376339.359
3085,24.83856,85.239052,317735.325,-1221.0,2370.0,3378325.0,3376339.74
3086,24.788175,85.232573,317734.9,-1247.0,2375.0,3378327.0,3376340.12
3087,24.737585,85.226048,317734.472,-1268.0,2379.0,3378327.0,3376340.503
3088,24.687131,85.219519,317734.042,-1260.0,2377.0,3378327.0,3376340.886
3089,24.637151,85.21303,317733.613,-1264.0,2378.0,3378328.0,3376341.268
3090,24.586967,85.206494,317733.181,-1241.0,2374.0,3378328.0,3376341.653
3091,24.537254,85.199998,317732.75,-1190.0,2365.0,3378328.0,3376342.037
3092,24.487338,85.193454,317732.315,-1166.0,2361.0,3378329.0,3376342.423
3093,24.43789,85.186951,317731.882,-1151.0,2358.0,3378329.0,3376342.808
3094,24.388241,85.180401,317731.444,-1143.0,2357.0,3378330.0,3376343.196
3095,24.339056,85.173891,317731.008,-1139.0,2356.0,3378330.0,3376343.582
3096,24.289671,85.167334,317730.568,-1129.0,2354.0,3378330.0,3376343.972
3097,24.240748,85.160817,317730.13,-1118.0,2352.0,3378330.0,3376344.359
3098,24.191626,85.154252,317729.688,-1107.0,2350.0,3378330.0,3376344.75
3099,24.142962,85.147729,317729.247,-1105.0,2350.0,3378330.0,3376345.139
3100,24.0941,85.141158,317728.802,-1106.0,2350.0,3378332.0,3376345.531
3101,24.045695,85.134627,317728.359,-1106.0,2350.0,3378332.0,3376345.922
3102,23.997092,85.128049,317727.911,-1108.0,2350.0,3378332.0,3376346.316
3103,23.948943,85.121512,317727.466,-1107.0,2350.0,3378333.0,3376346.708
3104,23.900597,85.114927,317727.016,-1105.0,2350.0,3378333.0,3376347.103
3105,23.852702,85.108383,317726.568,-1105.0,2350.0,3378334.0,3376347.496
3106,23.804611,85.101792,317726.115,-1103.0,2349.0,3378334.0,3376347.893
3107,23.756968,85.095241,317725.665,-1102.0,2349.0,3378334.0,3376348.288
3108,23.709131,85.088643,317725.21,-1101.0,2349.0,3378335.0,3376348.686
3109,23.661739,85.082086,317724.756,-1102.0,2349.0,3378335.0,3376349.082
3110,23.614153,85.075481,317724.299,-1103.0,2349.0,3378335.0,3376349.482
3111,23.567011,85.068918,317723.843,-1103.0,2349.0,3378336.0,3376349.88
3112,23.519674,85.062307,317723.384,-1104.0,2349.0,3378336.0,3376350.281
3113,23.476261,85.056225,317722.96,-1106.0,2350.0,3378336.0,3376350.65
3114,23.429479,85.049652,317722.5,-1107.0,2350.0,3378337.0,3376351.05
3115,23.382504,85.043031,317722.037,-1109.0,2350.0,3378337.0,3376351.453
3116,23.335968,85.036452,317721.575,-1109.0,2350.0,3378337.0,3376351.855
3117,23.289239,85.029824,317721.109,-1109.0,2350.0,3378337.0,3376352.259
3118,23.242945,85.023239,317720.645,-1110.0,2350.0,3378337.0,3376352.662
3119,23.19646,85.016605,317720.176,-1110.0,2350.0,3378339.0,3376353.068
3120,23.150407,85.010013,317719.71,-1110.0,2350.0,3378339.0,3376353.473
3121,23.104164,85.003373,317719.239,-1110.0,2350.0,3378339.0,3376353.88
3122,23.058352,84.996775,317718.77,-1111.0,2351.0,3378340.0,3376354.286
3123,23.012349,84.990129,317718.296,-1111.0,2351.0,3378340.0,3376354.695
3124,22.966774,84.983524,317717.825,-1113.0,2351.0,3378341.0,3376355.102
3125,22.921011,84.976872,317717.349,-1114.0,2351.0,3378341.0,3376355.512
3126,22.875366,84.970217,317716.871,-1115.0,2351.0,3378341.0,3376355.924
3127,22.830145,84.963603,317716.396,-1116.0,2351.0,3378342.0,3376356.333
3128,22.784737,84.956941,317715.916,-1117.0,2352.0,3378342.0,3376356.746
3129,22.73975,84.950321,317715.439,-1117.0,2352.0,3378343.0,3376357.156
3130,22.694577,84.943654,317714.956,-1118.0,2352.0,3378343.0,3376357.57
3131,22.649822,84.937028,317714.476,-1118.0,2352.0,3378343.0,3376357.983
3132,22.604882,84.930354,317713.991,-1119.0,2352.0,3378344.0,3376358.398
3133,22.560358,84.923722,317713.509,-1120.0,2352.0,3378344.0,3376358.812
3134,22.515648,84.917043,317713.021,-1120.0,2352.0,3378344.0,3376359.229
3135,22.471354,84.910405,317712.536,-1121.0,2352.0,3378345.0,3376359.644
3136,22.426874,84.903719,317712.046,-1122.0,2352.0,3378345.0,3376360.062
3137,22.382807,84.897075,317711.559,-1122.0,2352.0,3378345.0,3376360.479
3138,22.338555,84.890384,317711.067,-1123.0,2353.0,3378345.0,3376360.899
3139,22.294714,84.883734,317710.576,-1125.0,2353.0,3378345.0,3376361.317
3140,22.250689,84.877037,317710.082,-1125.0,2353.0,3378347.0,3376361.738
3141,22.207072,84.870382,317709.589,-1127.0,2353.0,3378347.0,3376362.157
3142,22.163272,84.863678,317709.092,-1129.0,2354.0,3378348.0,3376362.58
3143,22.119877,84.857017,317708.597,-1129.0,2354.0,3378348.0,3376363.001
3144,22.076301,84.850308,317708.097,-1131.0,2354.0,3378348.0,3376363.425
3145,22.033127,84.843642,317707.6,-1132.0,2354.0,3378349.0,3376363.848
3146,21.989773,84.836927,317707.098,-1132.0,2354.0,3378349.0,3376364.273
3147,21.946819,84.830254,317706.598,-1134.0,2355.0,3378350.0,3376364.697
3148,21.903685,84.823534,317706.093,-1135.0,2355.0,3378350.0,3376365.124
3149,21.86095,84.816856,317705.59,-1138.0,2355.0,3378350.0,3376365.549
3150,21.818035,84.81013,317705.083,-1139.0,2355.0,3378350.0,3376365.978
3151,21.775516,84.803446,317704.578,-1140.0,2356.0,3378350.0,3376366.405
3152,21.732818,84.796715,317704.069,-1144.0,2356.0,3378350.0,3376366.835
3153,21.690514,84.790025,317703.561,-1144.0,2356.0,3378352.0,3376367.263
3154,21.648032,84.783288,317703.049,-1148.0,2357.0,3378352.0,3376367.694
3155,21.605942,84.776594,317702.539,-1150.0,2357.0,3378353.0,3376368.124
3156,21.563674,84.769851,317702.025,-1152.0,2358.0,3378353.0,3376368.557
3157,21.521796,84.763151,317701.512,-1154.0,2358.0,3378353.0,3376368.988
3158,21.479742,84.756403,317700.995,-1155.0,2358.0,3378354.0,3376369.422
3159,21.438075,84.749697,317700.48,-1157.0,2358.0,3378354.0,3376369.855
3160,21.396231,84.742944,317699.961,-1159.0,2359.0,3378355.0,3376370.291
3161,21.354773,84.736233,317699.443,-1162.0,2359.0,3378355.0,3376370.724
3162,21.31314,84.729474,317698.921,-1163.0,2360.0,3378355.0,3376371.162
3163,21.271612,84.722712,317698.398,-1168.0,2361.0,3378356.0,3376371.6
3164,21.230465,84.715993,317697.877,-1170.0,2361.0,3378356.0,3376372.036
3165,21.189145,84.709226,317697.351,-1174.0,2362.0,3378357.0,3376372.476
3166,21.148204,84.702502,317696.827,-1175.0,2362.0,3378357.0,3376372.913
3167,21.10709,84.69573,317696.299,-1179.0,2362.0,3378357.0,3376373.354
3168,21.066353,84.689001,317695.773,-1183.0,2363.0,3378357.0,3376373.793
3169,21.025444,84.682223,317695.242,-1184.0,2363.0,3378357.0,3376374.235
3170,20.984911,84.675489,317694.714,-1188.0,2364.0,3378359.0,3376374.676
3171,20.944205,84.668706,317694.181,-1191.0,2365.0,3378359.0,3376375.12
3172,20.903873,84.661966,317693.65,-1196.0,2365.0,3378360.0,3376375.561
3173,20.86337,84.655178,317693.114,-1198.0,2366.0,3378360.0,3376376.007
3174,20.823238,84.648434,317692.581,-1200.0,2366.0,3378360.0,3376376.45
3175,20.782935,84.641641,317692.042,-1202.0,2367.0,3378361.0,3376376.897
3176,20.743002,84.634891,317691.506,-1206.0,2367.0,3378361.0,3376377.341
3177,20.702899,84.628093,317690.966,-1208.0,2368.0,3378362.0,3376377.79
3178,20.663164,84.621338,317690.427,-1211.0,2368.0,3378362.0,3376378.236
3179,20.623259,84.614535,317689.884,-1215.0,2369.0,3378362.0,3376378.685
3180,20.583719,84.607775,317689.343,-1217.0,2369.0,3378363.0,3376379.133
3181,20.544011,84.600967,317688.798,-1221.0,2370.0,3378363.0,3376379.584
3182,20.504666,84.594202,317688.254,-1223.0,2370.0,3378364.0,3376380.033
3183,20.465153,84.587389,317687.706,-1226.0,2371.0,3378364.0,3376380.486
3184,20.426002,84.580619,317687.16,-1229.0,2371.0,3378364.0,3376380.936
3185,20.386683,84.573801,317686.61,-1232.0,2372.0,3378365.0,3376381.39
3186,20.347724,84.567026,317686.061,-1235.0,2372.0,3378365.0,3376381.842
3187,20.308598,84.560203,317685.508,-1238.0,2373.0,3378366.0,3376382.298
3188,20.26983,84.553424,317684.958,-1242.0,2374.0,3378366.0,3376382.751
3189,20.230895,84.546596,317684.402,-1245.0,2374.0,3378367.0,3376383.208
3190,20.192316,84.539812,317683.849,-1249.0,2375.0,3378367.0,3376383.663
3191,20.153572,84.532979,317683.291,-1251.0,2375.0,3378367.0,3376384.121
3192,20.115181,84.52619,317682.735,-1254.0,2376.0,3378368.0,3376384.577
3193,20.076626,84.519353,317682.174,-1257.0,2376.0,3378368.0,3376385.037
3194,20.038422,84.512559,317681.616,-1260.0,2377.0,3378369.0,3376385.495
3195,20.000054,84.505717,317681.053,-1265.0,2378.0,3378369.0,3376385.956
3196,19.962036,84.498918,317680.492,-1267.0,2378.0,3378370.0,3376386.415
3197,19.923855,84.492072,317679.927,-1270.0,2378.0,3378370.0,3376386.878
3198,19.886022,84.485268,317679.364,-1272.0,2379.0,3378370.0,3376387.338
3199,19.848025,84.478417,317678.796,-1275.0,2379.0,3378370.0,3376387.803
3200,19.810375,84.471609,317678.23,-1277.0,2380.0,3378370.0,3376388.264
3201,19.772562,84.464753,317677.66,-1281.0,2380.0,3378372.0,3376388.73
3202,19.735094,84.457941,317677.092,-1284.0,2381.0,3378372.0,3376389.193
3203,19.697464,84.45108,317676.518,-1286.0,2381.0,3378372.0,3376389.661
3204,19.660177,84.444263,317675.948,-1289.0,2382.0,3378373.0,3376390.125
3205,19.622728,84.437397,317675.372,-1293.0,2382.0,3378373.0,3376390.594
3206,19.58537,84.43053,317674.796,-1294.0,2383.0,3378374.0,3376391.063
3207,19.548352,84.423706,317674.222,-1297.0,2383.0,3378374.0,3376391.53
3208,19.511173,84.416834,317673.642,-1299.0,2384.0,3378375.0,3376392.001
3209,19.474333,84.410006,317673.066,-1303.0,2384.0,3378375.0,3376392.47
3210,19.437333,84.403129,317672.484,-1304.0,2384.0,3378375.0,3376392.942
3211,19.400669,84.396296,317671.905,-1306.0,2385.0,3378375.0,3376393.412
3212,19.363846,84.389415,317671.32,-1309.0,2385.0,3378375.0,3376393.885
3213,19.327358,84.382578,317670.739,-1312.0,2386.0,3378377.0,3376394.357
3214,19.290711,84.375693,317670.152,-1313.0,2386.0,3378377.0,3376394.832
3215,19.257093,84.36936,317669.612,-1316.0,2387.0,3378377.0,3376395.269
3216,19.220859,84.362516,317669.026,-1318.0,2387.0,3378377.0,3376395.743
3217,19.184467,84.355624,317668.436,-1319.0,2387.0,3378377.0,3376396.22
3218,19.148405,84.348776,317667.848,-1323.0,2388.0,3378379.0,3376396.695
3219,19.112186,84.34188,317667.255,-1324.0,2388.0,3378379.0,3376397.173
3220,19.076296,84.335028,317666.665,-1328.0,2389.0,3378380.0,3376397.65
3221,19.040249,84.328127,317666.07,-1330.0,2389.0,3378380.0,3376398.13
3222,19.004529,84.321271,317665.477,-1336.0,2390.0,3378381.0,3376398.607
3223,18.968653,84.314366,317664.88,-1338.0,2390.0,3378381.0,3376399.089
3224,18.933103,84.307505,317664.284,-1342.0,2391.0,3378382.0,3376399.568
3225,18.897396,84.300596,317663.684,-1344.0,2391.0,3378382.0,3376400.051
3226,18.862014,84.293731,317663.087,-1349.0,2392.0,3378382.0,3376400.532
3227,18.826476,84.286818,317662.484,-1355.0,2393.0,3378383.0,3376401.016
3228,18.79126,84.279949,317661.884,-1360.0,2394.0,3378383.0,3376401.498
3229,18.75589,84.273031,317661.279,-1367.0,2395.0,3378384.0,3376401.984
3230,18.72084,84.266158,317660.676,-1377.0,2397.0,3378384.0,3376402.468
3231,18.685636,84.259236,317660.068,-1383.0,2398.0,3378385.0,3376402.955
3232,18.65075,84.252359,317659.463,-1392.0,2400.0,3378385.0,3376403.44
3233,18.615712,84.245433,317658.853,-1399.0,2401.0,3378386.0,3376403.929
3234,18.58099,84.238551,317658.246,-1405.0,2402.0,3378386.0,3376404.415
3235,18.546116,84.231621,317657.633,-1410.0,2403.0,3378386.0,3376404.905
3236,18.511556,84.224736,317657.023,-1418.0,2405.0,3378387.0,3376405.393
3237,18.476845,84.217802,317656.408,-1425.0,2406.0,3378387.0,3376405.885
3238,18.442447,84.210912,317655.796,-1429.0,2406.0,3378388.0,3376406.374
3239,18.407898,84.203974,317655.178,-1431.0,2407.0,3378388.0,3376406.867
3240,18.37366,84.19708,317654.563,-1430.0,2407.0,3378389.0,3376407.358
3241,18.339272,84.190138,317653.943,-1431.0,2407.0,3378389.0,3376407.853
3242,18.305194,84.183241,317653.326,-1428.0,2406.0,3378390.0,3376408.345
3243,18.270966,84.176295,317652.703,-1425.0,2406.0,3378390.0,3376408.841
3244,18.236817,84.169346,317652.079,-1423.0,2405.0,3378390.0,3376409.338
3245,18.202976,84.162443,317651.458,-1420.0,2405.0,3378390.0,3376409.832
3246,18.168986,84.155491,317650.832,-1415.0,2404.0,3378390.0,3376410.33
3247,18.135302,84.148583,317650.208,-1411.0,2403.0,3378392.0,3376410.826
3248,18.101469,84.141627,317649.579,-1406.0,2402.0,3378392.0,3376411.325
3249,18.067941,84.134716,317648.953,-1403.0,2402.0,3378393.0,3376411.822
3250,18.034264,84.127756,317648.322,-1400.0,2401.0,3378393.0,3376412.324
3251,18.000891,84.120841,317647.694,-1397.0,2401.0,3378394.0,3376412.822
3252,17.96737,84.113877,317647.06,-1392.0,2400.0,3378394.0,3376413.325
3253,17.93415,84.106958,317646.429,-1388.0,2399.0,3378395.0,3376413.825
3254,17.900783,84.099991,317645.793,-1389.0,2399.0,3378395.0,3376414.329
3255,17.867716,84.093068,317645.159,-1386.0,2399.0,3378395.0,3376414.83
3256,17.834502,84.086097,317644.521,-1384.0,2398.0,3378395.0,3376415.336
3257,17.801587,84.07917,317643.885,-1379.0,2397.0,3378395.0,3376415.838
3258,17.768525,84.072195,317643.243,-1376.0,2397.0,3378397.0,3376416.345
3259,17.73576,84.065265,317642.605,-1375.0,2397.0,3378397.0,3376416.85
3260,17.70285,84.058286,317641.961,-1373.0,2396.0,3378397.0,3376417.358
3261,17.670235,84.051352,317641.321,-1375.0,2397.0,3378397.0,3376417.864
3262,17.637475,84.044369,317640.674,-1374.0,2397.0,3378399.0,3376418.374
3263,17.605009,84.037431,317640.031,-1379.0,2397.0,3378399.0,3376418.881
3264,17.572398,84.030445,317639.383,-1379.0,2398.0,3378400.0,3376419.392
3265,17.54008,84.023504,317638.737,-1380.0,2397.0,3378400.0,3376419.901
3266,17.507618,84.016514,317638.086,-1379.0,2397.0,3378401.0,3376420.413
3267,17.475447,84.009569,317637.438,-1380.0,2397.0,3378401.0,3376420.923
3268,17.443132,84.002575,317636.784,-1377.0,2397.0,3378401.0,3376421.438
3269,17.411106,83.995626,317636.133,-1379.0,2397.0,3378402.0,3376421.949
3270,17.378938,83.988629,317635.477,-1376.0,2397.0,3378402.0,3376422.465
3271,17.347057,83.981677,317634.824,-1375.0,2397.0,3378403.0,3376422.978
3272,17.315034,83.974676,317634.165,-1375.0,2396.0,3378403.0,3376423.495
3273,17.283298,83.96772,317633.51,-1370.0,2396.0,3378404.0,3376424.009
3274,17.25142,83.960715,317632.849,-1375.0,2396.0,3378404.0,3376424.527
3275,17.219827,83.953756,317632.191,-1372.0,2396.0,3378405.0,3376425.043
3276,17.188092,83.946748,317631.527,-1371.0,2396.0,3378405.0,3376425.563
3277,17.156641,83.939785,317630.867,-1370.0,2396.0,3378406.0,3376426.08
3278,17.125049,83.932774,317630.201,-1369.0,2395.0,3378406.0,3376426.602
3279,17.093739,83.925807,317629.538,-1368.0,2395.0,3378407.0,3376427.12
3280,17.062289,83.918792,317628.869,-1367.0,2395.0,3378407.0,3376427.643
3281,17.03112,83.911822,317628.204,-1370.0,2396.0,3378408.0,3376428.163
3282,16.999811,83.904804,317627.533,-1370.0,2395.0,3378408.0,3376428.688
3283,16.968572,83.897783,317626.86,-1371.0,2396.0,3378409.0,3376429.213
3284,16.937612,83.890808,317626.191,-1374.0,2396.0,3378409.0,3376429.735
3285,16.906512,83.883784,317625.517,-1371.0,2396.0,3378409.0,3376430.261
3286,16.87569,83.876806,317624.845,-1372.0,2396.0,3378410.0,3376430.785
3287,16.84473,83.869779,317624.168,-1370.0,2396.0,3378410.0,3376431.313
3288,16.814045,83.862797,317623.494,-1366.0,2395.0,3378410.0,3376431.838
3289,16.783222,83.855766,317622.814,-1367.0,2395.0,3378410.0,3376432.367
3290,16.752674,83.848781,317622.138,-1363.0,2394.0,3378412.0,3376432.894
3291,16.721988,83.841747,317621.455,-1361.0,2394.0,3378412.0,3376433.425
3292,16.691576,83.834759,317620.777,-1358.0,2393.0,3378413.0,3376433.953
3293,16.661026,83.827721,317620.092,-1357.0,2393.0,3378413.0,3376434.485
3294,16.630748,83.82073,317619.41,-1355.0,2393.0,3378414.0,3376435.014
3295,16.600333,83.813689,317618.723,-1358.0,2393.0,3378414.0,3376435.548
3296,16.570189,83.806694,317618.039,-1356.0,2393.0,3378415.0,3376436.079
3297,16.539909,83.79965,317617.35,-1353.0,2392.0,3378415.0,3376436.614
3298,16.509898,83.792651,317616.663,-1352.0,2392.0,3378415.0,3376437.146
3299,16.479751,83.785604,317615.971,-1351.0,2392.0,3378415.0,3376437.683
3300,16.449873,83.778603,317615.283,-1348.0,2392.0,3378417.0,3376438.216
3301,16.419858,83.771552,317614.588,-1345.0,2391.0,3378417.0,3376438.754
3302,16.390111,83.764547,317613.897,-1342.0,2390.0,3378417.0,3376439.289
3303,16.360228,83.757493,317613.2,-1341.0,2390.0,3378417.0,3376439.829
3304,16.330612,83.750485,317612.506,-1338.0,2390.0,3378419.0,3376440.365
3305,16.30086,83.743428,317611.806,-1334.0,2389.0,3378419.0,3376440.906
3306,16.271373,83.736417,317611.11,-1336.0,2389.0,3378420.0,3376441.444
3307,16.241752,83.729357,317610.408,-1332.0,2389.0,3378420.0,3376441.987
3308,16.212394,83.722342,317609.709,-1329.0,2388.0,3378421.0,3376442.526
3309,16.182902,83.715279,317609.005,-1325.0,2387.0,3378421.0,3376443.07
3310,16.153671,83.708261,317608.304,-1324.0,2387.0,3378422.0,3376443.611
3311,16.124308,83.701195,317607.597,-1320.0,2386.0,3378422.0,3376444.156
3312,16.095205,83.694174,317606.893,-1319.0,2386.0,3378423.0,3376444.698
3313,16.065969,83.687104,317606.184,-1316.0,2386.0,3378423.0,3376445.245
3314,16.036993,83.680081,317605.478,-1311.0,2385.0,3378424.0,3376445.789
3315,16.007884,83.673008,317604.766,-1310.0,2385.0,3378424.0,3376446.337
3316,15.979034,83.665981,317604.057,-1308.0,2384.0,3378425.0,3376446.882
3317,15.950051,83.658905,317603.343,-1309.0,2385.0,3378425.0,3376447.431
3318,15.921325,83.651875,317602.632,-1309.0,2385.0,3378426.0,3376447.978
3319,15.892468,83.644796,317601.915,-1308.0,2384.0,3378426.0,3376448.529
3320,15.863867,83.637763,317601.202,-1306.0,2384.0,3378427.0,3376449.077
3321,15.835134,83.630681,317600.482,-1302.0,2383.0,3378427.0,3376449.629
3322,15.806656,83.623645,317599.766,-1301.0,2383.0,3378428.0,3376450.179
3323,15.778047,83.61656,317599.044,-1299.0,2383.0,3378428.0,3376450.733
3324,15.7495,83.609473,317598.321,-1295.0,2382.0,3378429.0,3376451.287
3325,15.721205,83.602433,317597.602,-1294.0,2382.0,3378429.0,3376451.839
3326,15.695068,83.595914,317596.935,-1290.0,2381.0,3378429.0,3376452.35
3327,15.6667,83.588823,317596.208,-1289.0,2381.0,3378430.0,3376452.907
3328,15.638583,83.581778,317595.485,-1290.0,2381.0,3378430.0,3376453.461
3329,15.610336,83.574684,317594.755,-1287.0,2380.0,3378430.0,3376454.019
3330,15.58234,83.567637,317594.03,-1287.0,2380.0,3378430.0,3376454.574
3331,15.554214,83.56054,317593.298,-1284.0,2380.0,3378432.0,3376455.133
3332,15.526337,83.553489,317592.57,-1281.0,2379.0,3378432.0,3376455.69
3333,15.498331,83.546389,317591.836,-1280.0,2379.0,3378433.0,3376456.251
3334,15.470573,83.539336,317591.105,-1278.0,2379.0,3378433.0,3376456.809
3335,15.442687,83.532233,317590.369,-1276.0,2378.0,3378434.0,3376457.371
3336,15.415046,83.525176,317589.636,-1275.0,2378.0,3378435.0,3376457.931
3337,15.387279,83.518071,317588.897,-1271.0,2378.0,3378435.0,3376458.495
3338,15.359756,83.511011,317588.161,-1271.0,2378.0,3378435.0,3376459.056
3339,15.332106,83.503903,317587.42,-1270.0,2377.0,3378435.0,3376459.621
3340,15.3047,83.49684,317586.682,-1270.0,2377.0,3378437.0,3376460.183
3341,15.277168,83.489729,317585.938,-1269.0,2377.0,3378437.0,3376460.75
3342,15.249878,83.482664,317585.197,-1266.0,2377.0,3378438.0,3376461.314
3343,15.222461,83.47555,317584.451,-1265.0,2376.0,3378438.0,3376461.882
3344,15.195287,83.468482,317583.708,-1263.0,2376.0,3378439.0,3376462.447
3345,15.167986,83.461365,317582.959,-1263.0,2376.0,3378439.0,3376463.017
3346,15.140926,83.454294,317582.214,-1262.0,2376.0,3378440.0,3376463.583
3347,15.113741,83.447174,317581.462,-1262.0,2376.0,3378440.0,3376464.154
3348,15.086795,83.440101,317580.714,-1261.0,2376.0,3378441.0,3376464.722
3349,15.059723,83.432978,317579.96,-1259.0,2375.0,3378441.0,3376465.295
3350,15.03289,83.425902,317579.21,-1258.0,2375.0,3378442.0,3376465.864
3351,15.005933,83.418777,317578.454,-1257.0,2375.0,3378442.0,3376466.438
3352,14.979212,83.411698,317577.701,-1259.0,2375.0,3378442.0,3376467.009
3353,14.952368,83.404569,317576.942,-1258.0,2375.0,3378442.0,3376467.584
3354,14.925759,83.397488,317576.187,-1254.0,2374.0,3378444.0,3376468.157
3355,14.899027,83.390357,317575.426,-1255.0,2374.0,3378444.0,3376468.734
3356,14.872529,83.383272,317574.668,-1253.0,2374.0,3378445.0,3376469.307
3357,14.845908,83.376139,317573.904,-1252.0,2374.0,3378445.0,3376469.886
3358,14.819521,83.369052,317573.144,-1249.0,2373.0,3378446.0,3376470.461
3359,14.793011,83.361915,317572.378,-1249.0,2373.0,3378446.0,3376471.04
3360,14.766557,83.354778,317571.61,-1247.0,2373.0,3378447.0,3376471.621
3361,14.740334,83.347687,317570.846,-1245.0,2373.0,3378447.0,3376472.198
3362,14.71399,83.340546,317570.076,-1245.0,2373.0,3378448.0,3376472.78
3363,14.687876,83.333453,317569.31,-1243.0,2372.0,3378448.0,3376473.359
3364,14.66164,83.32631,317568.538,-1244.0,2372.0,3378449.0,3376473.942
3365,14.635635,83.319213,317567.769,-1243.0,2372.0,3378449.0,3376474.522
3366,14.609508,83.312068,317566.994,-1241.0,2372.0,3378450.0,3376475.107
3367,14.58361,83.304969,317566.223,-1239.0,2371.0,3378450.0,3376475.689
3368,14.557591,83.29782,317565.445,-1238.0,2371.0,3378450.0,3376476.275
3369,14.5318,83.290719,317564.672,-1238.0,2371.0,3378452.0,3376476.858
3370,14.505888,83.283568,317563.892,-1235.0,2371.0,3378452.0,3376477.445
3371,14.480204,83.276464,317563.116,-1235.0,2371.0,3378453.0,3376478.03
3372,14.454399,83.26931,317562.333,-1234.0,2371.0,3378453.0,3376478.619
3373,14.428819,83.262203,317561.555,-1232.0,2370.0,3378454.0,3376479.205
3374,14.40312,83.255047,317560.77,-1231.0,2370.0,3378454.0,3376479.795
3375,14.377646,83.247938,317559.989,-1230.0,2370.0,3378455.0,3376480.383
3376,14.352052,83.24078,317559.202,-1229.0,2370.0,3378455.0,3376480.975
3377,14.326682,83.233668,317558.418,-1230.0,2370.0,3378455.0,3376481.563
3378,14.301193,83.226507,317557.628,-1230.0,2370.0,3378455.0,3376482.157
3379,14.275927,83.219392,317556.842,-1227.0,2369.0,3378457.0,3376482.747
3380,14.250542,83.212229,317556.05,-1226.0,2369.0,3378457.0,3376483.342
3381,14.225379,83.205112,317555.262,-1225.0,2369.0,3378458.0,3376483.933
3382,14.200097,83.197946,317554.467,-1224.0,2369.0,3378458.0,3376484.529
3383,14.175037,83.190826,317553.676,-1224.0,2369.0,3378459.0,3376485.122
3384,14.149858,83.183658,317552.879,-1223.0,2368.0,3378459.0,3376485.72
3385,14.124899,83.176536,317552.086,-1222.0,2368.0,3378460.0,3376486.315
3386,14.099823,83.169365,317551.286,-1221.0,2368.0,3378461.0,3376486.914
3387,14.074966,83.16224,317550.49,-1219.0,2368.0,3378461.0,3376487.51
3388,14.049991,83.155067,317549.688,-1218.0,2368.0,3378462.0,3376488.11
3389,14.025234,83.14794,317548.89,-1217.0,2367.0,3378462.0,3376488.707
3390,14.000361,83.140764,317548.085,-1217.0,2367.0,3378462.0,3376489.309
3391,13.975704,83.133635,317547.285,-1218.0,2368.0,3378462.0,3376489.908
3392,13.950931,83.126457,317546.478,-1217.0,2367.0,3378464.0,3376490.512
3393,13.926373,83.119325,317545.675,-1214.0,2367.0,3378464.0,3376491.112
3394,13.9017,83.112144,317544.865,-1216.0,2367.0,3378465.0,3376491.716
3395,13.877242,83.10501,317544.059,-1214.0,2367.0,3378465.0,3376492.318
3396,13.852668,83.097827,317543.247,-1213.0,2367.0,3378466.0,3376492.924
3397,13.828308,83.090691,317542.439,-1212.0,2366.0,3378466.0,3376493.527
3398,13.803832,83.083505,317541.625,-1209.0,2366.0,3378467.0,3376494.135
3399,13.77957,83.076366,317540.814,-1211.0,2366.0,3378468.0,3376494.739
3400,13.755193,83.069178,317539.997,-1208.0,2366.0,3378468.0,3376495.349
3401,13.730864,83.061989,317539.179,-1207.0,2366.0,3378469.0,3376495.959
3402,13.706748,83.054847,317538.365,-1207.0,2366.0,3378469.0,3376496.565
3403,13.682517,83.047655,317537.544,-1205.0,2365.0,3378470.0,3376497.176
3404,13.658497,83.040511,317536.728,-1207.0,2365.0,3378470.0,3376497.784
3405,13.634362,83.033317,317535.904,-1205.0,2365.0,3378470.0,3376498.397
3406,13.610438,83.02617,317535.085,-1206.0,2365.0,3378470.0,3376499.007
3407,13.5864,83.018974,317534.26,-1204.0,2365.0,3378472.0,3376499.621
3408,13.56257,83.011825,317533.438,-1202.0,2364.0,3378472.0,3376500.232
3409,13.538628,83.004626,317532.61,-1202.0,2364.0,3378473.0,3376500.847
3410,13.514893,82.997475,317531.786,-1200.0,2364.0,3378474.0,3376501.459
3411,13.491045,82.990274,317530.955,-1200.0,2364.0,3378474.0,3376502.077
3412,13.467405,82.98312,317530.129,-1201.0,2364.0,3378475.0,3376502.69
3413,13.443651,82.975917,317529.296,-1198.0,2364.0,3378475.0,3376503.309
3414,13.420104,82.968761,317528.467,-1198.0,2364.0,3378475.0,3376503.924
3415,13.396445,82.961556,317527.632,-1196.0,2363.0,3378475.0,3376504.544
3416,13.372991,82.954397,317526.8,-1196.0,2363.0,3378477.0,3376505.16
3417,13.349425,82.94719,317525.962,-1196.0,2363.0,3378477.0,3376505.782
3418,13.326064,82.940029,317525.129,-1196.0,2363.0,3378478.0,3376506.399
3419,13.30259,82.932819,317524.288,-1196.0,2363.0,3378479.0,3376507.022
3420,13.279321,82.925657,317523.452,-1195.0,2363.0,3378479.0,3376507.642
3421,13.25594,82.918445,317522.609,-1194.0,2363.0,3378480.0,3376508.266
3422,13.232762,82.91128,317521.77,-1193.0,2363.0,3378480.0,3376508.887
3423,13.209473,82.904065,317520.925,-1192.0,2363.0,3378481.0,3376509.512
3424,13.186385,82.896898,317520.084,-1191.0,2362.0,3378481.0,3376510.135
3425,13.163187,82.889682,317519.236,-1191.0,2362.0,3378482.0,3376510.762
3426,13.14019,82.882513,317518.392,-1190.0,2362.0,3378482.0,3376511.385
3427,13.117083,82.875294,317517.542,-1189.0,2362.0,3378482.0,3376512.014
3428,13.094176,82.868123,317516.696,-1189.0,2362.0,3378484.0,3376512.639
3429,13.071159,82.860902,317515.843,-1187.0,2362.0,3378484.0,3376513.269
3430,13.048341,82.853728,317514.995,-1186.0,2361.0,3378485.0,3376513.895
3431,13.025414,82.846505,317514.139,-1185.0,2361.0,3378485.0,3376514.527
3432,13.002685,82.839329,317513.288,-1187.0,2362.0,3378486.0,3376515.155
3433,12.979846,82.832104,317512.431,-1185.0,2361.0,3378486.0,3376515.787
3434,12.957206,82.824926,317511.577,-1186.0,2361.0,3378487.0,3376516.417
3435,12.934456,82.817699,317510.717,-1185.0,2361.0,3378488.0,3376517.051
3436,12.911903,82.810519,317509.861,-1183.0,2361.0,3378488.0,3376517.682
3437,12.889242,82.80329,317508.998,-1184.0,2361.0,3378489.0,3376518.317
3438,12.866776,82.796108,317508.14,-1183.0,2361.0,3378489.0,3376518.95
3439,12.844202,82.788876,317507.275,-1181.0,2361.0,3378490.0,3376519.587
3440,12.821823,82.781692,317506.414,-1179.0,2360.0,3378490.0,3376520.22
3441,12.799336,82.774458,317505.547,-1178.0,2360.0,3378491.0,3376520.859
3442,12.776893,82.767224,317504.678,-1178.0,2360.0,3378491.0,3376521.498
3443,12.754644,82.760036,317503.813,-1177.0,2360.0,3378492.0,3376522.134
3444,12.732287,82.7528,317502.942,-1176.0,2359.0,3378493.0,3376522.775
3445,12.711769,82.746145,317502.14,-1175.0,2359.0,3378493.0,3376523.364
3446,12.689644,82.738955,317501.272,-1176.0,2360.0,3378494.0,3376524.002
3447,12.667413,82.731715,317500.397,-1175.0,2359.0,3378494.0,3376524.645
3448,12.645373,82.724523,317499.526,-1174.0,2359.0,3378495.0,3376525.284
3449,12.623227,82.717281,317498.649,-1174.0,2359.0,3378495.0,3376525.928
3450,12.601271,82.710086,317497.776,-1172.0,2359.0,3378495.0,3376526.569
3451,12.57921,82.702842,317496.896,-1172.0,2359.0,3378497.0,3376527.215
3452,12.557338,82.695646,317496.021,-1171.0,2358.0,3378497.0,3376527.857
3453,12.535361,82.6884,317495.138,-1169.0,2358.0,3378498.0,3376528.504
3454,12.513573,82.681202,317494.261,-1169.0,2358.0,3378498.0,3376529.147
3455,12.491679,82.673954,317493.376,-1167.0,2358.0,3378499.0,3376529.796
3456,12.469974,82.666754,317492.496,-1164.0,2357.0,3378499.0,3376530.441
3457,12.448164,82.659504,317491.608,-1164.0,2357.0,3378500.0,3376531.091
3458,12.426541,82.652302,317490.726,-1163.0,2357.0,3378500.0,3376531.737
3459,12.404814,82.64505,317489.836,-1161.0,2357.0,3378500.0,3376532.388
3460,12.383273,82.637845,317488.951,-1160.0,2356.0,3378502.0,3376533.036
3461,12.361628,82.630592,317488.058,-1161.0,2356.0,3378502.0,3376533.689
3462,12.340169,82.623385,317487.171,-1158.0,2356.0,3378502.0,3376534.338
3463,12.318605,82.616129,317486.276,-1159.0,2356.0,3378504.0,3376534.992
3464,12.297227,82.608921,317485.386,-1155.0,2356.0,3378504.0,3376535.643
3465,12.275746,82.601663,317484.489,-1154.0,2355.0,3378505.0,3376536.298
3466,12.254448,82.594453,317483.597,-1154.0,2355.0,3378505.0,3376536.95
3467,12.233048,82.587194,317482.697,-1152.0,2355.0,3378506.0,3376537.608
3468,12.21183,82.579982,317481.802,-1152.0,2355.0,3378506.0,3376538.261
3469,12.19051,82.57272,317480.9,-1151.0,2355.0,3378507.0,3376538.92
3470,12.169373,82.565506,317480.003,-1148.0,2354.0,3378508.0,3376539.574
3471,12.148132,82.558242,317479.098,-1148.0,2354.0,3378508.0,3376540.234
3472,12.127074,82.551027,317478.198,-1148.0,2354.0,3378509.0,3376540.891
3473,12.105914,82.543761,317477.291,-1146.0,2354.0,3378509.0,3376541.552
3474,12.084935,82.536543,317476.389,-1146.0,2354.0,3378510.0,3376542.21
3475,12.063853,82.529276,317475.479,-1145.0,2354.0,3378511.0,3376542.872
3476,12.042952,82.522056,317474.575,-1144.0,2353.0,3378511.0,3376543.531
3477,12.02195,82.514787,317473.663,-1145.0,2354.0,3378512.0,3376544.196
3478,12.000986,82.507517,317472.749,-1144.0,2353.0,3378512.0,3376544.861
3479,11.980203,82.500294,317471.841,-1143.0,2353.0,3378513.0,3376545.522
3480,11.959317,82.493022,317470.925,-1143.0,2353.0,3378513.0,3376546.188
3481,11.938611,82.485798,317470.015,-1143.0,2353.0,3378514.0,3376546.851
3482,11.917803,82.478524,317469.096,-1142.0,2353.0,3378515.0,3376547.519
3483,11.897174,82.471298,317468.183,-1141.0,2353.0,3378515.0,3376548.183
3484,11.876444,82.464022,317467.263,-1142.0,2353.0,3378515.0,3376548.852
3485,11.855891,82.456794,317466.347,-1140.0,2353.0,3378515.0,3376549.517
3486,11.835237,82.449516,317465.424,-1140.0,2352.0,3378517.0,3376550.188
3487,11.81476,82.442287,317464.506,-1140.0,2353.0,3378518.0,3376550.855
3488,11.794183,82.435007,317463.58,-1138.0,2352.0,3378518.0,3376551.527
3489,11.773782,82.427776,317462.66,-1139.0,2352.0,3378519.0,3376552.195
3490,11.753281,82.420494,317461.732,-1139.0,2352.0,3378519.0,3376552.869
3491,11.732954,82.413261,317460.809,-1137.0,2352.0,3378520.0,3376553.539
3492,11.712529,82.405978,317459.878,-1137.0,2352.0,3378520.0,3376554.214
3493,11.692278,82.398743,317458.953,-1139.0,2352.0,3378520.0,3376554.885
3494,11.671927,82.391458,317458.02,-1138.0,2352.0,3378522.0,3376555.561
3495,11.65175,82.384221,317457.092,-1139.0,2352.0,3378522.0,3376556.234
3496,11.631475,82.376934,317456.156,-1139.0,2352.0,3378522.0,3376556.911
3497,11.611372,82.369695,317455.226,-1137.0,2352.0,3378524.0,3376557.585
3498,11.591171,82.362407,317454.288,-1138.0,2352.0,3378524.0,3376558.265
3499,11.571141,82.355166,317453.355,-1137.0,2352.0,3378525.0,3376558.94
3500,11.551014,82.347876,317452.415,-1136.0,2352.0,3378525.0,3376559.621
3501,11.531058,82.340634,317451.48,-1136.0,2352.0,3378526.0,3376560.297
3502,11.511004,82.333342,317450.537,-1136.0,2352.0,3378527.0,3376560.98
3503,11.491121,82.326098,317449.599,-1135.0,2352.0,3378527.0,3376561.658
3504,11.47114,82.318804,317448.654,-1136.0,2352.0,3378528.0,3376562.341
3505,11.451329,82.311559,317447.714,-1135.0,2351.0,3378528.0,3376563.021
3506,11.431421,82.304263,317446.766,-1133.0,2351.0,3378529.0,3376563.706
3507,11.411682,82.297016,317445.824,-1133.0,2351.0,3378530.0,3376564.387
3508,11.391847,82.289718,317444.873,-1134.0,2351.0,3378530.0,3376565.073
3509,11.37218,82.282469,317443.928,-1134.0,2351.0,3378531.0,3376565.756
3510,11.352416,82.27517,317442.976,-1134.0,2351.0,3378531.0,3376566.443
3511,11.33282,82.267919,317442.028,-1134.0,2351.0,3378532.0,3376567.127
3512,11.313127,82.260619,317441.073,-1134.0,2351.0,3378533.0,3376567.817
3513,11.293603,82.253366,317440.123,-1133.0,2351.0,3378533.0,3376568.502
3514,11.273981,82.246064,317439.166,-1133.0,2351.0,3378534.0,3376569.192
3515,11.254527,82.23881,317438.213,-1134.0,2351.0,3378535.0,3376569.879
3516,11.234976,82.231506,317437.253,-1132.0,2351.0,3378535.0,3376570.571
3517,11.215592,82.22425,317436.298,-1132.0,2351.0,3378535.0,3376571.259
3518,11.196112,82.216944,317435.336,-1132.0,2351.0,3378535.0,3376571.953
3519,11.176667,82.209637,317434.372,-1132.0,2351.0,3378537.0,3376572.647
3520,11.157387,82.202379,317433.414,-1131.0,2351.0,3378538.0,3376573.337
3521,11.138012,82.195071,317432.448,-1131.0,2350.0,3378538.0,3376574.033
3522,11.118802,82.187811,317431.487,-1129.0,2350.0,3378539.0,3376574.725
3523,11.099496,82.180501,317430.518,-1130.0,2350.0,3378539.0,3376575.422
3524,11.080354,82.173239,317429.555,-1130.0,2350.0,3378540.0,3376576.115
3525,11.061118,82.165928,317428.584,-1129.0,2350.0,3378540.0,3376576.813
3526,11.042044,82.158664,317427.618,-1128.0,2350.0,3378540.0,3376577.508
3527,11.022876,82.151351,317426.644,-1130.0,2350.0,3378542.0,3376578.207
3528,11.003871,82.144086,317425.676,-1129.0,2350.0,3378542.0,3376578.903
3529,10.984772,82.136771,317424.7,-1129.0,2350.0,3378542.0,3376579.605
3530,10.965834,82.129505,317423.729,-1129.0,2350.0,3378544.0,3376580.302
3531,10.946803,82.122188,317422.751,-1128.0,2350.0,3378544.0,3376581.005
3532,10.927932,82.11492,317421.778,-1127.0,2350.0,3378545.0,3376581.703
3533,10.908968,82.107602,317420.797,-1127.0,2350.0,3378546.0,3376582.408
3534,10.890165,82.100332,317419.821,-1126.0,2349.0,3378546.0,3376583.108
3535,10.871268,82.093013,317418.838,-1127.0,2349.0,3378547.0,3376583.813
3536,10.852532,82.085741,317417.86,-1125.0,2349.0,3378547.0,3376584.515
3537,10.833702,82.07842,317416.874,-1125.0,2349.0,3378548.0,3376585.222
3538,10.815032,82.071147,317415.894,-1126.0,2349.0,3378549.0,3376585.925
3539,10.796268,82.063824,317414.905,-1124.0,2349.0,3378549.0,3376586.633
3540,10.777664,82.05655,317413.922,-1124.0,2349.0,3378550.0,3376587.338
3541,10.758967,82.049226,317412.932,-1124.0,2349.0,3378551.0,3376588.047
3542,10.740428,82.041949,317411.946,-1124.0,2349.0,3378551.0,3376588.753
3543,10.721797,82.034623,317410.953,-1124.0,2349.0,3378552.0,3376589.464
3544,10.703323,82.027346,317409.965,-1125.0,2349.0,3378552.0,3376590.172
3545,10.684758,82.020018,317408.97,-1126.0,2349.0,3378553.0,3376590.884
3546,10.666349,82.012739,317407.979,-1124.0,2349.0,3378554.0,3376591.593
3547,10.647848,82.00541,317406.981,-1125.0,2349.0,3378554.0,3376592.307
3548,10.629504,81.998129,317405.989,-1126.0,2349.0,3378555.0,3376593.017
3549,10.611068,81.990799,317404.988,-1126.0,2349.0,3378555.0,3376593.733
3550,10.592788,81.983516,317403.993,-1126.0,2349.0,3378555.0,3376594.444
3551,10.574417,81.976184,317402.99,-1128.0,2350.0,3378557.0,3376595.161
3552,10.556201,81.968901,317401.992,-1129.0,2350.0,3378558.0,3376595.874
3553,10.537894,81.961567,317400.987,-1129.0,2350.0,3378558.0,3376596.592
3554,10.519741,81.954282,317399.987,-1130.0,2350.0,3378559.0,3376597.306
3555,10.501498,81.946946,317398.979,-1130.0,2350.0,3378559.0,3376598.026
3556,10.483408,81.93966,317397.976,-1129.0,2350.0,3378560.0,3376598.742
3557,10.465228,81.932323,317396.966,-1131.0,2350.0,3378560.0,3376599.463
3558,10.447202,81.925035,317395.961,-1131.0,2350.0,3378560.0,3376600.18
3559,10.429085,81.917696,317394.948,-1132.0,2350.0,3378562.0,3376600.903
3560,10.411121,81.910407,317393.941,-1132.0,2350.0,3378563.0,3376601.621
3561,10.393067,81.903067,317392.926,-1133.0,2350.0,3378563.0,3376602.345
3562,10.375044,81.895726,317391.909,-1134.0,2350.0,3378564.0,3376603.07
3563,10.357174,81.888434,317390.898,-1135.0,2351.0,3378565.0,3376603.791
3564,10.339213,81.881092,317389.879,-1136.0,2351.0,3378565.0,3376604.517
3565,10.321404,81.873799,317388.866,-1137.0,2351.0,3378566.0,3376605.239
3566,10.303506,81.866455,317387.844,-1138.0,2351.0,3378566.0,3376605.966
3567,10.285759,81.859161,317386.828,-1138.0,2351.0,3378567.0,3376606.69
3568,10.267922,81.851816,317385.804,-1140.0,2351.0,3378567.0,3376607.419
3569,10.250236,81.844519,317384.786,-1140.0,2351.0,3378567.0,3376608.144
3570,10.23246,81.837173,317383.76,-1142.0,2352.0,3378569.0,3376608.874
3571,10.214835,81.829875,317382.739,-1142.0,2352.0,3378570.0,3376609.6
3572,10.19712,81.822527,317381.71,-1144.0,2352.0,3378570.0,3376610.332
3573,10.179555,81.815228,317380.687,-1145.0,2352.0,3378571.0,3376611.06
3574,10.161901,81.807879,317379.656,-1146.0,2353.0,3378572.0,3376611.793
3575,10.144396,81.800578,317378.63,-1148.0,2353.0,3378572.0,3376612.522
3576,10.126803,81.793227,317377.596,-1150.0,2353.0,3378573.0,3376613.257
3577,10.110654,81.786468,317376.645,-1151.0,2353.0,3378573.0,3376613.933
3578,10.093236,81.779165,317375.616,-1152.0,2353.0,3378574.0,3376614.664
3579,10.07573,81.771812,317374.578,-1156.0,2354.0,3378575.0,3376615.401
3580,10.058372,81.764508,317373.547,-1158.0,2354.0,3378575.0,3376616.133
3581,10.040926,81.757154,317372.507,-1161.0,2355.0,3378575.0,3376616.872
3582,10.023627,81.749848,317371.473,-1164.0,2356.0,3378577.0,3376617.605
3583,10.00624,81.742493,317370.431,-1168.0,2356.0,3378577.0,3376618.345
3584,9.989,81.735186,317369.394,-1171.0,2357.0,3378578.0,3376619.08
3585,9.971672,81.727829,317368.349,-1173.0,2357.0,3378579.0,3376619.821
3586,9.95449,81.72052,317367.311,-1176.0,2357.0,3378579.0,3376620.558
3587,9.937222,81.713162,317366.263,-1181.0,2358.0,3378580.0,3376621.301
3588,9.920098,81.705852,317365.222,-1183.0,2359.0,3378580.0,3376622.039
3589,9.902887,81.698492,317364.172,-1184.0,2359.0,3378580.0,3376622.783
3590,9.885821,81.691181,317363.129,-1186.0,2359.0,3378582.0,3376623.522
3591,9.868669,81.68382,317362.077,-1188.0,2360.0,3378583.0,3376624.267
3592,9.851661,81.676508,317361.03,-1189.0,2360.0,3378583.0,3376625.008
3593,9.834567,81.669145,317359.976,-1190.0,2360.0,3378584.0,3376625.755
3594,9.817615,81.661831,317358.927,-1193.0,2361.0,3378585.0,3376626.497
3595,9.800579,81.654467,317357.87,-1194.0,2361.0,3378585.0,3376627.245
3596,9.783571,81.647103,317356.812,-1197.0,2361.0,3378586.0,3376627.994
3597,9.766705,81.639787,317355.76,-1197.0,2361.0,3378587.0,3376628.739
3598,9.749754,81.632421,317354.699,-1199.0,2361.0,3378587.0,3376629.489
3599,9.732945,81.625104,317353.644,-1201.0,2362.0,3378587.0,3376630.235
3600,9.716051,81.617736,317352.581,-1203.0,2362.0,3378587.0,3376630.986
3601,9.699298,81.610418,317351.524,-1203.0,2362.0,3378589.0,3376631.734
3602,9.68246,81.603049,317350.459,-1205.0,2362.0,3378590.0,3376632.487
3603,9.665764,81.595729,317349.399,-1208.0,2363.0,3378590.0,3376633.236
3604,9.648982,81.588359,317348.331,-1212.0,2364.0,3378591.0,3376633.99
3605,9.632341,81.581038,317347.269,-1212.0,2364.0,3378592.0,3376634.74
3606,9.615616,81.573666,317346.198,-1214.0,2364.0,3378592.0,3376635.496
3607,9.59903,81.566344,317345.134,-1217.0,2365.0,3378593.0,3376636.247
3608,9.58236,81.558971,317344.061,-1221.0,2365.0,3378594.0,3376637.005
3609,9.56583,81.551647,317342.994,-1222.0,2365.0,3378594.0,3376637.758
3610,9.549215,81.544273,317341.919,-1223.0,2366.0,3378595.0,3376638.516
3611,9.53274,81.536948,317340.849,-1225.0,2366.0,3378595.0,3376639.271
3612,9.516181,81.529573,317339.772,-1226.0,2366.0,3378595.0,3376640.031
3613,9.49976,81.522247,317338.7,-1226.0,2366.0,3378597.0,3376640.787
3614,9.483255,81.51487,317337.62,-1223.0,2366.0,3378598.0,3376641.548
3615,9.466889,81.507542,317336.545,-1222.0,2365.0,3378598.0,3376642.305
3616,9.450439,81.500164,317335.463,-1220.0,2365.0,3378599.0,3376643.068
3617,9.434126,81.492835,317334.386,-1217.0,2364.0,3378600.0,3376643.827
3618,9.41773,81.485456,317333.301,-1213.0,2364.0,3378600.0,3376644.591
3619,9.401472,81.478126,317332.222,-1210.0,2363.0,3378600.0,3376645.351
3620,9.38513,81.470745,317331.134,-1208.0,2363.0,3378602.0,3376646.117
3621,9.368925,81.463414,317330.053,-1208.0,2363.0,3378602.0,3376646.878
3622,9.352637,81.456032,317328.963,-1209.0,2363.0,3378603.0,3376647.645
3623,9.336485,81.448699,317327.879,-1212.0,2363.0,3378604.0,3376648.408
3624,9.320251,81.441316,317326.786,-1214.0,2364.0,3378605.0,3376649.177
3625,9.304152,81.433982,317325.7,-1218.0,2364.0,3378605.0,3376649.941
3626,9.28797,81.426598,317324.605,-1220.0,2365.0,3378606.0,3376650.711
3627,9.271924,81.419263,317323.516,-1224.0,2365.0,3378607.0,3376651.476
3628,9.255796,81.411877,317322.419,-1229.0,2366.0,3378607.0,3376652.248
3629,9.239802,81.40454,317321.327,-1232.0,2367.0,3378607.0,3376653.015
3630,9.223726,81.397154,317320.228,-1235.0,2367.0,3378609.0,3376653.788
3631,9.207785,81.389816,317319.134,-1239.0,2368.0,3378609.0,3376654.556
3632,9.191762,81.382428,317318.032,-1244.0,2369.0,3378610.0,3376655.33
3633,9.175872,81.375089,317316.935,-1247.0,2369.0,3378611.0,3376656.1
3634,9.159901,81.367699,317315.831,-1253.0,2370.0,3378611.0,3376656.876
3635,9.144063,81.360359,317314.732,-1258.0,2371.0,3378612.0,3376657.647
3636,9.128144,81.352969,317313.625,-1267.0,2373.0,3378613.0,3376658.424
3637,9.112357,81.345627,317312.524,-1274.0,2374.0,3378613.0,3376659.196
3638,9.09649,81.338235,317311.414,-1283.0,2376.0,3378614.0,3376659.975
3639,9.080648,81.330843,317310.303,-1290.0,2377.0,3378615.0,3376660.754
3640,9.064938,81.3235,317309.199,-1308.0,2380.0,3378615.0,3376661.529
3641,9.049148,81.316106,317308.086,-1311.0,2381.0,3378616.0,3376662.309
3642,9.033489,81.308762,317306.978,-1333.0,2385.0,3378617.0,3376663.085
3643,9.01775,81.301367,317305.863,-1346.0,2387.0,3378617.0,3376663.867
3644,9.002141,81.294021,317304.753,-1388.0,2394.0,3378618.0,3376664.645
3645,8.986453,81.286625,317303.635,-1420.0,2400.0,3378619.0,3376665.428
3646,8.970894,81.279278,317302.523,-1461.0,2407.0,3378619.0,3376666.207
3647,8.955256,81.271881,317301.402,-1490.0,2412.0,3378620.0,3376666.992
3648,8.939748,81.264533,317300.288,-1528.0,2419.0,3378620.0,3376667.772
3649,8.92416,81.257135,317299.165,-1569.0,2426.0,3378622.0,3376668.559
3650,8.908702,81.249785,317298.048,-1607.0,2433.0,3378622.0,3376669.34
3651,8.893164,81.242386,317296.923,-1634.0,2438.0,3378623.0,3376670.128
3652,8.877755,81.235035,317295.803,-1654.0,2442.0,3378624.0,3376670.911
3653,8.862267,81.227635,317294.675,-1664.0,2443.0,3378624.0,3376671.7
3654,8.846908,81.220283,317293.554,-1672.0,2445.0,3378625.0,3376672.484
3655,8.83147,81.212881,317292.423,-1683.0,2447.0,3378625.0,3376673.275
3656,8.816159,81.205528,317291.299,-1691.0,2448.0,3378625.0,3376674.061
3657,8.80077,81.198125,317290.166,-1703.0,2450.0,3378627.0,3376674.853
3658,8.785509,81.190771,317289.04,-1715.0,2452.0,3378627.0,3376675.64
3659,8.770168,81.183367,317287.905,-1724.0,2454.0,3378627.0,3376676.433
3660,8.754956,81.176012,317286.776,-1739.0,2456.0,3378629.0,3376677.222
3661,8.739664,81.168607,317285.638,-1744.0,2457.0,3378630.0,3376678.017
3662,8.7245,81.16125,317284.507,-1737.0,2456.0,3378631.0,3376678.807
3663,8.709257,81.153844,317283.366,-1732.0,2455.0,3378631.0,3376679.603
3664,8.694141,81.146486,317282.233,-1720.0,2453.0,3378632.0,3376680.394
3665,8.678946,81.139079,317281.09,-1704.0,2450.0,3378633.0,3376681.192
3666,8.663878,81.13172,317279.954,-1686.0,2447.0,3378633.0,3376681.985
3667,8.648731,81.124311,317278.809,-1662.0,2443.0,3378634.0,3376682.784
3668,8.633711,81.116952,317277.67,-1639.0,2439.0,3378635.0,3376683.578
3669,8.618612,81.109542,317276.522,-1617.0,2435.0,3378635.0,3376684.378
3670,8.603639,81.102181,317275.381,-1601.0,2432.0,3378636.0,3376685.174
3671,8.588588,81.09477,317274.231,-1595.0,2431.0,3378637.0,3376685.976
3672,8.573662,81.087408,317273.088,-1594.0,2430.0,3378637.0,3376686.773
3673,8.558659,81.079996,317271.935,-1594.0,2431.0,3378638.0,3376687.576
3674,8.543779,81.072633,317270.79,-1598.0,2431.0,3378639.0,3376688.374
3675,8.528823,81.065219,317269.635,-1589.0,2430.0,3378640.0,3376689.179
3676,8.513991,81.057855,317268.486,-1579.0,2428.0,3378640.0,3376689.979
3677,8.499082,81.050441,317267.329,-1574.0,2427.0,3378640.0,3376690.785
3678,8.484296,81.043076,317266.178,-1562.0,2425.0,3378642.0,3376691.586
3679,8.469433,81.03566,317265.018,-1555.0,2423.0,3378642.0,3376692.393
3680,8.454594,81.028244,317263.857,-1542.0,2421.0,3378643.0,3376693.201
3681,8.439878,81.020877,317262.703,-1534.0,2420.0,3378644.0,3376694.005
3682,8.425085,81.01346,317261.54,-1511.0,2416.0,3378645.0,3376694.814
3683,8.410415,81.006092,317260.383,-1501.0,2414.0,3378645.0,3376695.619
3684,8.395668,80.998674,317259.217,-1475.0,2409.0,3378645.0,3376696.43
3685,8.381044,80.991305,317258.058,-1465.0,2407.0,3378647.0,3376697.236
3686,8.366343,80.983885,317256.889,-1456.0,2406.0,3378647.0,3376698.048
3687,8.351764,80.976515,317255.728,-1442.0,2403.0,3378647.0,3376698.856
3688,8.337109,80.969095,317254.557,-1435.0,2402.0,3378649.0,3376699.67
3689,8.322575,80.961723,317253.393,-1430.0,2401.0,3378649.0,3376700.478
3690,8.307966,80.954302,317252.219,-1430.0,2401.0,3378650.0,3376701.294
3691,8.293477,80.946929,317251.053,-1433.0,2401.0,3378651.0,3376702.104
3692,8.278913,80.939507,317249.877,-1434.0,2402.0,3378652.0,3376702.92
3693,8.26447,80.932134,317248.708,-1433.0,2402.0,3378652.0,3376703.732
3694,8.249951,80.92471,317247.53,-1433.0,2401.0,3378653.0,3376704.55
3695,8.235552,80.917335,317246.359,-1432.0,2401.0,3378654.0,3376705.363
3696,8.221078,80.909911,317245.178,-1430.0,2401.0,3378654.0,3376706.182
3697,8.206723,80.902535,317244.005,-1427.0,2400.0,3378655.0,3376706.997
3698,8.192294,80.895109,317242.822,-1425.0,2400.0,3378656.0,3376707.818
3699,8.177983,80.887733,317241.645,-1424.0,2400.0,3378657.0,3376708.634
3700,8.163598,80.880306,317240.46,-1425.0,2400.0,3378657.0,3376709.456
3701,8.149332,80.872928,317239.281,-1425.0,2400.0,3378658.0,3376710.273
3702,8.134991,80.865501,317238.093,-1424.0,2400.0,3378659.0,3376711.097
3703,8.120769,80.858122,317236.912,-1424.0,2400.0,3378659.0,3376711.915
3704,8.106472,80.850693,317235.722,-1421.0,2399.0,3378660.0,3376712.74
3705,8.092294,80.843313,317234.538,-1420.0,2399.0,3378660.0,3376713.56
3706,8.078041,80.835883,317233.346,-1421.0,2399.0,3378662.0,3376714.387
3707,8.063905,80.828503,317232.16,-1423.0,2399.0,3378662.0,3376715.208
3708,8.049696,80.821072,317230.965,-1424.0,2399.0,3378663.0,3376716.036
3709,8.035604,80.81369,317229.776,-1423.0,2400.0,3378664.0,3376716.859
3710,8.021438,80.806258,317228.579,-1425.0,2400.0,3378665.0,3376717.688
3711,8.007389,80.798875,317227.388,-1429.0,2400.0,3378665.0,3376718.512
3712,7.993267,80.791442,317226.188,-1431.0,2401.0,3378665.0,3376719.343
3713,7.97926,80.784058,317224.995,-1433.0,2401.0,3378667.0,3376720.168
3714,7.965181,80.776624,317223.792,-1433.0,2401.0,3378667.0,3376721.0
3715,7.951217,80.76924,317222.597,-1436.0,2402.0,3378667.0,3376721.827
3716,7.93718,80.761804,317221.392,-1438.0,2402.0,3378669.0,3376722.661
3717,7.923259,80.754419,317220.194,-1442.0,2403.0,3378670.0,3376723.489
3718,7.909265,80.746983,317218.986,-1443.0,2403.0,3378670.0,3376724.324
3719,7.895386,80.739596,317217.786,-1444.0,2403.0,3378671.0,3376725.154
3720,7.881434,80.732159,317216.576,-1445.0,2403.0,3378672.0,3376725.99
3721,7.867504,80.724721,317215.365,-1446.0,2403.0,3378673.0,3376726.827
3722,7.853688,80.717333,317214.161,-1446.0,2403.0,3378673.0,3376727.659
3723,7.839799,80.709894,317212.947,-1446.0,2403.0,3378674.0,3376728.497
3724,7.826025,80.702505,317211.741,-1448.0,2404.0,3378675.0,3376729.33
3725,7.812179,80.695065,317210.525,-1448.0,2403.0,3378675.0,3376730.17
3726,7.799466,80.688225,317209.406,-1449.0,2404.0,3378676.0,3376730.943
3727,7.785752,80.680834,317208.196,-1452.0,2404.0,3378677.0,3376731.778
3728,7.771967,80.673393,317206.976,-1455.0,2405.0,3378678.0,3376732.62
3729,7.758294,80.666001,317205.764,-1458.0,2405.0,3378678.0,3376733.457
3730,7.74455,80.658559,317204.542,-1460.0,2405.0,3378679.0,3376734.3
3731,7.730919,80.651167,317203.327,-1461.0,2406.0,3378680.0,3376735.138
3732,7.717216,80.643723,317202.103,-1462.0,2406.0,3378680.0,3376735.982
3733,7.703626,80.63633,317200.885,-1467.0,2407.0,3378680.0,3376736.822
3734,7.689964,80.628886,317199.659,-1470.0,2407.0,3378682.0,3376737.668
3735,7.676414,80.621491,317198.439,-1472.0,2408.0,3378683.0,3376738.509
3736,7.662793,80.614046,317197.21,-1475.0,2408.0,3378683.0,3376739.356
3737,7.649284,80.606651,317195.987,-1478.0,2409.0,3378684.0,3376740.198
3738,7.635704,80.599205,317194.756,-1480.0,2409.0,3378685.0,3376741.047
3739,7.622235,80.591809,317193.531,-1481.0,2409.0,3378685.0,3376741.891
3740,7.608695,80.584362,317192.297,-1483.0,2409.0,3378685.0,3376742.741
3741,7.595267,80.576964,317191.07,-1487.0,2410.0,3378687.0,3376743.586
3742,7.581767,80.569516,317189.834,-1489.0,2411.0,3378688.0,3376744.438
3743,7.568378,80.562118,317188.604,-1490.0,2411.0,3378689.0,3376745.284
3744,7.554919,80.554669,317187.365,-1492.0,2411.0,3378689.0,3376746.137
3745,7.54157,80.54727,317186.133,-1495.0,2412.0,3378690.0,3376746.985
3746,7.528151,80.53982,317184.892,-1497.0,2412.0,3378691.0,3376747.839
3747,7.514841,80.53242,317183.658,-1500.0,2413.0,3378692.0,3376748.688
3748,7.501462,80.524969,317182.414,-1504.0,2413.0,3378692.0,3376749.544
3749,7.488192,80.517568,317181.177,-1507.0,2414.0,3378692.0,3376750.395
3750,7.474852,80.510117,317179.931,-1510.0,2414.0,3378694.0,3376751.252
3751,7.461621,80.502714,317178.692,-1514.0,2415.0,3378695.0,3376752.104
3752,7.44832,80.495262,317177.443,-1516.0,2415.0,3378695.0,3376752.962
3753,7.435128,80.487859,317176.202,-1521.0,2416.0,3378696.0,3376753.816
3754,7.421867,80.480405,317174.951,-1523.0,2416.0,3378697.0,3376754.676
3755,7.408714,80.473001,317173.707,-1529.0,2417.0,3378698.0,3376755.531
3756,7.395492,80.465547,317172.453,-1529.0,2417.0,3378698.0,3376756.392
3757,7.382289,80.458092,317171.198,-1533.0,2418.0,3378699.0,3376757.254
3758,7.369194,80.450687,317169.951,-1538.0,2419.0,3378700.0,3376758.111
3759,7.35603,80.443231,317168.694,-1541.0,2420.0,3378700.0,3376758.974
3760,7.342974,80.435825,317167.444,-1546.0,2420.0,3378700.0,3376759.832
3761,7.329848,80.428368,317166.184,-1553.0,2422.0,3378702.0,3376760.697
3762,7.31683,80.420961,317164.932,-1559.0,2423.0,3378703.0,3376761.557
3763,7.303743,80.413503,317163.669,-1565.0,2424.0,3378704.0,3376762.423
3764,7.290763,80.406095,317162.415,-1572.0,2425.0,3378704.0,3376763.284
3765,7.277714,80.398637,317161.15,-1579.0,2426.0,3378705.0,3376764.152
3766,7.264772,80.391228,317159.893,-1586.0,2427.0,3378705.0,3376765.014
3767,7.251761,80.383768,317158.626,-1592.0,2429.0,3378707.0,3376765.883
3768,7.238857,80.376359,317157.366,-1600.0,2430.0,3378707.0,3376766.747
3769,7.225884,80.368898,317156.097,-1603.0,2430.0,3378708.0,3376767.617
3770,7.213017,80.361488,317154.835,-1610.0,2432.0,3378709.0,3376768.483
3771,7.200082,80.354026,317153.563,-1614.0,2432.0,3378710.0,3376769.354
3772,7.187252,80.346615,317152.299,-1618.0,2433.0,3378710.0,3376770.221
3773,7.174355,80.339153,317151.024,-1621.0,2433.0,3378711.0,3376771.094
3774,7.161563,80.33174,317149.758,-1624.0,2434.0,3378712.0,3376771.962
3775,7.148703,80.324277,317148.481,-1625.0,2434.0,3378712.0,3376772.837
3776,7.135947,80.316864,317147.212,-1626.0,2434.0,3378712.0,3376773.706
3777,7.123124,80.3094,317145.932,-1627.0,2434.0,3378714.0,3376774.582
3778,7.110406,80.301986,317144.661,-1627.0,2434.0,3378715.0,3376775.453
3779,7.09762,80.294521,317143.379,-1627.0,2434.0,3378716.0,3376776.33
3780,7.084939,80.287106,317142.105,-1626.0,2434.0,3378716.0,3376777.202
3781,7.07219,80.27964,317140.821,-1624.0,2434.0,3378717.0,3376778.081
3782,7.059545,80.272224,317139.545,-1625.0,2434.0,3378718.0,3376778.955
3783,7.046833,80.264758,317138.258,-1626.0,2434.0,3378719.0,3376779.835
3784,7.034224,80.257341,317136.979,-1626.0,2434.0,3378719.0,3376780.71
3785,7.021548,80.249874,317135.69,-1627.0,2434.0,3378720.0,3376781.591
3786,7.008976,80.242456,317134.409,-1626.0,2434.0,3378720.0,3376782.468
3787,6.996337,80.234988,317133.118,-1627.0,2434.0,3378722.0,3376783.351
3788,6.9838,80.227569,317131.834,-1625.0,2434.0,3378722.0,3376784.228
3789,6.971198,80.2201,317130.54,-1625.0,2434.0,3378723.0,3376785.113
3790,6.958697,80.212681,317129.254,-1625.0,2434.0,3378724.0,3376785.992
3791,6.94613,80.205211,317127.958,-1627.0,2434.0,3378725.0,3376786.877
3792,6.933666,80.19779,317126.669,-1631.0,2435.0,3378725.0,3376787.758
3793,6.921135,80.19032,317125.371,-1638.0,2436.0,3378725.0,3376788.645
3794,6.908706,80.182899,317124.08,-1658.0,2440.0,3378727.0,3376789.527
3795,6.89621,80.175427,317122.779,-1674.0,2442.0,3378728.0,3376790.415
3796,6.883817,80.168005,317121.485,-1688.0,2445.0,3378729.0,3376791.299
3797,6.871357,80.160533,317120.182,-1700.0,2447.0,3378729.0,3376792.188
3798,6.858915,80.15306,317118.877,-1695.0,2446.0,3378730.0,3376793.079
3799,6.846575,80.145636,317117.58,-1694.0,2446.0,3378731.0,3376793.964
3800,6.834168,80.138163,317116.273,-1680.0,2443.0,3378732.0,3376794.856
3801,6.821863,80.130739,317114.974,-1672.0,2442.0,3378732.0,3376795.743
3802,6.809492,80.123264,317113.664,-1671.0,2442.0,3378732.0,3376796.636
3803,6.797221,80.115839,317112.363,-1671.0,2442.0,3378734.0,3376797.524
3804,6.784885,80.108364,317111.051,-1676.0,2443.0,3378735.0,3376798.419
3805,6.772649,80.100938,317109.746,-1677.0,2443.0,3378736.0,3376799.309
3806,6.760347,80.093462,317108.432,-1681.0,2443.0,3378736.0,3376800.205
3807,6.748146,80.086035,317107.125,-1683.0,2444.0,3378737.0,3376801.096
3808,6.73588,80.078558,317105.809,-1686.0,2444.0,3378738.0,3376801.993
3809,6.723713,80.071131,317104.499,-1689.0,2445.0,3378739.0,3376802.885
3810,6.711481,80.063653,317103.18,-1690.0,2445.0,3378739.0,3376803.784
3811,6.699348,80.056225,317101.869,-1691.0,2445.0,3378740.0,3376804.678
3812,6.687151,80.048746,317100.547,-1691.0,2445.0,3378741.0,3376805.578
3813,6.675052,80.041317,317099.233,-1691.0,2445.0,3378742.0,3376806.473
3814,6.662889,80.033838,317097.909,-1692.0,2445.0,3378743.0,3376807.375
3815,6.650824,80.026408,317096.593,-1693.0,2445.0,3378743.0,3376808.271
3816,6.638695,80.018928,317095.266,-1694.0,2446.0,3378744.0,3376809.174
3817,6.626665,80.011497,317093.948,-1697.0,2446.0,3378745.0,3376810.072
3818,6.61457,80.004016,317092.619,-1702.0,2447.0,3378745.0,3376810.977
3819,6.602573,79.996585,317091.298,-1708.0,2448.0,3378745.0,3376811.876
3820,6.590512,79.989103,317089.966,-1712.0,2449.0,3378747.0,3376812.782
3821,6.578548,79.981671,317088.643,-1721.0,2450.0,3378748.0,3376813.682
3822,6.566521,79.974188,317087.309,-1729.0,2452.0,3378749.0,3376814.589
3823,6.554591,79.966755,317085.983,-1739.0,2453.0,3378750.0,3376815.491
3824,6.542597,79.959272,317084.647,-1762.0,2457.0,3378750.0,3376816.4
3825,6.5307,79.951838,317083.318,-1793.0,2463.0,3378750.0,3376817.303
3826,6.518739,79.944354,317081.98,-1835.0,2470.0,3378752.0,3376818.213
3827,6.506876,79.936919,317080.649,-1873.0,2477.0,3378752.0,3376819.118
3828,6.494948,79.929434,317079.308,-1900.0,2482.0,3378754.0,3376820.029
3829,6.483118,79.921999,317077.975,-1914.0,2484.0,3378754.0,3376820.935
3830,6.471224,79.914513,317076.631,-1909.0,2484.0,3378755.0,3376821.848
3831,6.459426,79.907077,317075.296,-1904.0,2483.0,3378756.0,3376822.756
3832,6.447564,79.89959,317073.95,-1894.0,2481.0,3378757.0,3376823.67
3833,6.435799,79.892153,317072.612,-1891.0,2480.0,3378758.0,3376824.579
3834,6.423971,79.884666,317071.264,-1886.0,2479.0,3378758.0,3376825.494
3835,6.412238,79.877228,317069.923,-1892.0,2480.0,3378759.0,3376826.404
3836,6.400443,79.86974,317068.573,-1898.0,2481.0,3378760.0,3376827.321
3837,6.388742,79.862302,317067.23,-1905.0,2483.0,3378761.0,3376828.233
3838,6.376979,79.854813,317065.877,-1909.0,2483.0,3378761.0,3376829.151
3839,6.365311,79.847373,317064.531,-1921.0,2485.0,3378762.0,3376830.064
3840,6.353581,79.839884,317063.176,-1935.0,2488.0,3378763.0,3376830.984
3841,6.341866,79.832393,317061.819,-1957.0,2492.0,3378764.0,3376831.904
3842,6.330246,79.824953,317060.47,-1975.0,2495.0,3378765.0,3376832.819
3843,6.318564,79.817462,317059.111,-2000.0,2499.0,3378765.0,3376833.741
3844,6.306976,79.810021,317057.76,-2012.0,2501.0,3378765.0,3376834.658
3845,6.295326,79.80253,317056.398,-2041.0,2507.0,3378767.0,3376835.581
3846,6.28377,79.795088,317055.044,-2059.0,2510.0,3378768.0,3376836.499
3847,6.272151,79.787595,317053.68,-2076.0,2513.0,3378769.0,3376837.423
3848,6.260627,79.780153,317052.324,-2092.0,2516.0,3378769.0,3376838.342
3849,6.24904,79.77266,317050.958,-2099.0,2517.0,3378770.0,3376839.268
3850,6.237547,79.765216,317049.599,-2101.0,2517.0,3378770.0,3376840.189
3851,6.225993,79.757722,317048.231,-2103.0,2518.0,3378772.0,3376841.116
3852,6.214531,79.750278,317046.87,-2106.0,2518.0,3378772.0,3376842.038
3853,6.203008,79.742784,317045.498,-2108.0,2518.0,3378772.0,3376842.967
3854,6.191577,79.735339,317044.135,-2103.0,2517.0,3378774.0,3376843.89
3855,6.180085,79.727843,317042.761,-2095.0,2516.0,3378775.0,3376844.82
3856,6.168686,79.720398,317041.396,-2074.0,2512.0,3378776.0,3376845.745
3857,6.157225,79.712902,317040.02,-2087.0,2515.0,3378777.0,3376846.676
3858,6.145857,79.705455,317038.651,-2057.0,2509.0,3378777.0,3376847.602
3859,6.134428,79.697959,317037.273,-2173.0,2530.0,3378778.0,3376848.535
3860,6.12309,79.690512,317035.902,-2241.0,2542.0,3378779.0,3376849.463
3861,6.111691,79.683014,317034.521,-2369.0,2565.0,3378780.0,3376850.397
3862,6.100385,79.675566,317033.148,-2414.0,2573.0,3378781.0,3376851.326
3863,6.089017,79.668068,317031.765,-2421.0,2574.0,3378781.0,3376852.261
3864,6.077741,79.660619,317030.39,-2424.0,2574.0,3378782.0,3376853.192
3865,6.066404,79.65312,317029.004,-2392.0,2569.0,3378783.0,3376854.129
3866,6.055158,79.645671,317027.626,-2393.0,2569.0,3378784.0,3376855.06
3867,6.043852,79.638171,317026.238,-2339.0,2559.0,3378785.0,3376855.999
3868,6.032636,79.630721,317024.858,-2272.0,2547.0,3378785.0,3376856.931
3869,6.02136,79.623221,317023.467,-2247.0,2543.0,3378785.0,3376857.871
3870,6.010175,79.61577,317022.085,-2195.0,2533.0,3378787.0,3376858.806
3871,5.998929,79.608269,317020.692,-2139.0,2524.0,3378788.0,3376859.747
3872,5.987774,79.600818,317019.307,-2107.0,2518.0,3378789.0,3376860.682
3873,5.976559,79.593316,317017.911,-2079.0,2513.0,3378790.0,3376861.625
3874,5.965434,79.585864,317016.524,-2042.0,2506.0,3378790.0,3376862.562
3875,5.954248,79.578361,317015.126,-2033.0,2505.0,3378790.0,3376863.506
3876,5.943153,79.570908,317013.736,-2016.0,2501.0,3378792.0,3376864.444
3877,5.931998,79.563405,317012.336,-2002.0,2499.0,3378792.0,3376865.39
3878,5.920932,79.555951,317010.944,-1997.0,2498.0,3378794.0,3376866.329
3879,5.909806,79.548447,317009.541,-1996.0,2498.0,3378794.0,3376867.276
3880,5.89877,79.540993,317008.147,-1996.0,2498.0,3378795.0,3376868.217
3881,5.887674,79.533488,317006.741,-2000.0,2499.0,3378796.0,3376869.165
3882,5.876593,79.525983,317005.335,-2001.0,2499.0,3378797.0,3376870.114
3883,5.865601,79.518528,317003.937,-2006.0,2500.0,3378798.0,3376871.057
3884,5.85455,79.511022,317002.528,-2009.0,2500.0,3378799.0,3376872.008
3885,5.843587,79.503566,317001.128,-2012.0,2501.0,3378799.0,3376872.952
3886,5.832565,79.496059,316999.716,-2019.0,2502.0,3378800.0,3376873.904
3887,5.821632,79.488603,316998.314,-2024.0,2503.0,3378801.0,3376874.85
3888,5.810639,79.481095,316996.9,-2027.0,2503.0,3378802.0,3376875.803
3889,5.799734,79.473638,316995.495,-2034.0,2504.0,3378803.0,3376876.75
3890,5.788771,79.46613,316994.079,-2036.0,2505.0,3378803.0,3376877.704
3891,5.777895,79.458672,316992.671,-2040.0,2505.0,3378804.0,3376878.653
3892,5.76696,79.451163,316991.252,-2052.0,2508.0,3378805.0,3376879.609
3893,5.756113,79.443705,316989.842,-2052.0,2507.0,3378805.0,3376880.559
3894,5.745208,79.436195,316988.421,-2049.0,2507.0,3378807.0,3376881.516
3895,5.734389,79.428736,316987.009,-2048.0,2507.0,3378808.0,3376882.467
3896,5.723512,79.421226,316985.586,-2049.0,2507.0,3378808.0,3376883.426
3897,5.712723,79.413766,316984.171,-2051.0,2507.0,3378809.0,3376884.378
3898,5.701874,79.406255,316982.745,-2055.0,2508.0,3378810.0,3376885.338
3899,5.691113,79.398795,316981.328,-2051.0,2507.0,3378810.0,3376886.292
3900,5.680293,79.391283,316979.899,-2047.0,2507.0,3378812.0,3376887.254
3901,5.670358,79.384376,316978.585,-2044.0,2506.0,3378812.0,3376888.138
3902,5.659638,79.376915,316977.164,-2035.0,2504.0,3378813.0,3376889.094
3903,5.648859,79.369402,316975.733,-2033.0,2504.0,3378814.0,3376890.057
3904,5.638168,79.36194,316974.31,-2028.0,2503.0,3378815.0,3376891.015
3905,5.627418,79.354427,316972.876,-2021.0,2502.0,3378816.0,3376891.98
3906,5.616754,79.346964,316971.45,-2019.0,2501.0,3378817.0,3376892.938
3907,5.606032,79.33945,316970.013,-2015.0,2501.0,3378817.0,3376893.904
3908,5.595396,79.331987,316968.585,-2012.0,2500.0,3378817.0,3376894.865
3909,5.584702,79.324472,316967.147,-2008.0,2499.0,3378819.0,3376895.832
3910,5.574094,79.317008,316965.716,-2005.0,2499.0,3378820.0,3376896.794
3911,5.563428,79.309493,316964.275,-2001.0,2498.0,3378821.0,3376897.762
3912,5.552848,79.302028,316962.842,-1999.0,2498.0,3378822.0,3376898.725
3913,5.542209,79.294512,316961.398,-1997.0,2497.0,3378822.0,3376899.696
3914,5.531657,79.287046,316959.963,-1995.0,2497.0,3378823.0,3376900.66
3915,5.521046,79.27953,316958.517,-1997.0,2497.0,3378824.0,3376901.631
3916,5.510521,79.272064,316957.079,-1998.0,2497.0,3378825.0,3376902.597
3917,5.499938,79.264547,316955.631,-2003.0,2498.0,3378825.0,3376903.57
3918,5.489369,79.257029,316954.181,-2011.0,2500.0,3378827.0,3376904.544
3919,5.478884,79.249562,316952.74,-2016.0,2500.0,3378827.0,3376905.511
3920,5.468342,79.242044,316951.288,-2041.0,2505.0,3378828.0,3376906.486
3921,5.457885,79.234576,316949.844,-2069.0,2510.0,3378829.0,3376907.455
3922,5.447371,79.227057,316948.39,-2106.0,2516.0,3378830.0,3376908.432
3923,5.43694,79.219589,316946.944,-2172.0,2528.0,3378830.0,3376909.402
3924,5.426453,79.21207,316945.487,-2241.0,2541.0,3378832.0,3376910.38
3925,5.41605,79.2046,316944.038,-2259.0,2544.0,3378832.0,3376911.352
3926,5.40559,79.19708,316942.579,-2310.0,2553.0,3378833.0,3376912.331
3927,5.395213,79.189611,316941.128,-2367.0,2563.0,3378834.0,3376913.304
3928,5.38478,79.18209,316939.666,-2392.0,2567.0,3378835.0,3376914.285
3929,5.37443,79.174619,316938.213,-2404.0,2569.0,3378836.0,3376915.259
3930,5.364024,79.167098,316936.749,-2424.0,2573.0,3378837.0,3376916.241
3931,5.353701,79.159627,316935.293,-2428.0,2574.0,3378837.0,3376917.217
3932,5.343321,79.152105,316933.827,-2421.0,2572.0,3378837.0,3376918.2
3933,5.333024,79.144633,316932.369,-2395.0,2568.0,3378839.0,3376919.178
3934,5.322671,79.137111,316930.9,-2389.0,2566.0,3378840.0,3376920.162
3935,5.312401,79.129639,316929.439,-2365.0,2562.0,3378841.0,3376921.141
3936,5.302074,79.122115,316927.968,-2362.0,2562.0,3378842.0,3376922.127
3937,5.29183,79.114642,316926.505,-2343.0,2558.0,3378843.0,3376923.107
3938,5.28153,79.107119,316925.031,-2335.0,2557.0,3378843.0,3376924.094
3939,5.271313,79.099645,316923.566,-2338.0,2557.0,3378844.0,3376925.076
3940,5.261039,79.092121,316922.09,-2348.0,2559.0,3378845.0,3376926.064
3941,5.250847,79.084646,316920.622,-2367.0,2563.0,3378845.0,3376927.047
3942,5.240599,79.077121,316919.144,-2392.0,2567.0,3378847.0,3376928.037
3943,5.230434,79.069646,316917.674,-2415.0,2571.0,3378848.0,3376929.021
3944,5.220212,79.062121,316916.193,-2440.0,2575.0,3378849.0,3376930.013
3945,5.210072,79.054645,316914.72,-2455.0,2578.0,3378849.0,3376930.998
3946,5.199877,79.047119,316913.237,-2491.0,2584.0,3378850.0,3376931.991
3947,5.189763,79.039643,316911.762,-2520.0,2590.0,3378850.0,3376932.978
3948,5.179593,79.032116,316910.276,-2549.0,2595.0,3378852.0,3376933.972
3949,5.169505,79.024639,316908.799,-2576.0,2600.0,3378853.0,3376934.96
3950,5.159361,79.017112,316907.311,-2595.0,2603.0,3378854.0,3376935.956
3951,5.149298,79.009635,316905.831,-2607.0,2605.0,3378855.0,3376936.945
3952,5.13918,79.002106,316904.341,-2623.0,2608.0,3378855.0,3376937.942
3953,5.129142,78.994628,316902.859,-2638.0,2610.0,3378856.0,3376938.933
3954,5.11905,78.9871,316901.366,-2663.0,2615.0,3378857.0,3376939.932
3955,5.109037,78.979621,316899.881,-2684.0,2619.0,3378857.0,3376940.924
3956,5.09897,78.972092,316898.386,-2702.0,2622.0,3378859.0,3376941.924
3957,5.088984,78.964613,316896.899,-2720.0,2625.0,3378860.0,3376942.917
3958,5.078942,78.957083,316895.401,-2729.0,2626.0,3378861.0,3376943.918
3959,5.068913,78.949553,316893.902,-2733.0,2627.0,3378861.0,3376944.92
3960,5.058964,78.942073,316892.412,-2730.0,2626.0,3378862.0,3376945.916
3961,5.04896,78.934542,316890.91,-2726.0,2626.0,3378863.0,3376946.919
3962,5.039036,78.927061,316889.418,-2718.0,2624.0,3378864.0,3376947.916
3963,5.029057,78.91953,316887.914,-2698.0,2621.0,3378865.0,3376948.921
3964,5.019158,78.912048,316886.419,-2685.0,2618.0,3378866.0,3376949.919
3965,5.009204,78.904516,316884.912,-2681.0,2618.0,3378867.0,3376950.925
3966,4.99933,78.897035,316883.415,-2675.0,2617.0,3378867.0,3376951.925
3967,4.989401,78.889502,316881.906,-2670.0,2616.0,3378868.0,3376952.932
3968,4.979551,78.882019,316880.406,-2669.0,2615.0,3378869.0,3376953.933
3969,4.969647,78.874486,316878.895,-2667.0,2615.0,3378870.0,3376954.942
3970,4.959822,78.867003,316877.393,-2659.0,2614.0,3378870.0,3376955.944
3971,4.949943,78.859469,316875.879,-2658.0,2614.0,3378872.0,3376956.954
3972,4.940142,78.851986,316874.375,-2656.0,2613.0,3378873.0,3376957.958
3973,4.930287,78.844451,316872.859,-2655.0,2613.0,3378873.0,3376958.969
3974,4.920511,78.836967,316871.352,-2652.0,2612.0,3378874.0,3376959.975
3975,4.910681,78.829432,316869.834,-2652.0,2612.0,3378875.0,3376960.987
3976,4.900929,78.821948,316868.324,-2651.0,2612.0,3378875.0,3376961.994
3977,4.891124,78.814412,316866.803,-2650.0,2612.0,3378877.0,3376963.008
3978,4.881396,78.806927,316865.292,-2646.0,2611.0,3378877.0,3376964.016
3979,4.871615,78.79939,316863.769,-2645.0,2611.0,3378879.0,3376965.031
3980,4.861911,78.791905,316862.254,-2645.0,2611.0,3378880.0,3376966.041
3981,4.852154,78.784368,316860.729,-2645.0,2611.0,3378880.0,3376967.057
3982,4.842474,78.776881,316859.212,-2642.0,2610.0,3378881.0,3376968.068
3983,4.832741,78.769344,316857.684,-2639.0,2610.0,3378882.0,3376969.086
3984,4.823086,78.761857,316856.165,-2636.0,2609.0,3378883.0,3376970.098
3985,4.813377,78.754319,316854.635,-2632.0,2609.0,3378884.0,3376971.118
3986,4.803745,78.746831,316853.114,-2631.0,2608.0,3378885.0,3376972.131
3987,4.79406,78.739293,316851.581,-2628.0,2608.0,3378886.0,3376973.152
3988,4.784452,78.731805,316850.057,-2629.0,2608.0,3378886.0,3376974.167
3989,4.774791,78.724266,316848.522,-2632.0,2608.0,3378887.0,3376975.189
3990,4.765207,78.716777,316846.996,-2636.0,2609.0,3378888.0,3376976.205
3991,4.755569,78.709237,316845.458,-2642.0,2610.0,3378889.0,3376977.229
3992,4.746008,78.701748,316843.93,-2650.0,2612.0,3378890.0,3376978.246
3993,4.736395,78.694208,316842.39,-2650.0,2612.0,3378890.0,3376979.271
3994,4.726857,78.686718,316840.859,-2657.0,2613.0,3378892.0,3376980.29
3995,4.717267,78.679177,316839.317,-2686.0,2618.0,3378893.0,3376981.316
3996,4.707753,78.671687,316837.783,-2724.0,2625.0,3378894.0,3376982.337
3997,4.698187,78.664146,316836.239,-2784.0,2635.0,3378894.0,3376983.364
3998,4.688696,78.656655,316834.703,-2849.0,2647.0,3378895.0,3376984.386
3999,4.679153,78.649113,316833.156,-2862.0,2649.0,3378895.0,3376985.415
4000,4.669685,78.641621,316831.618,-2863.0,2649.0,3378897.0,3376986.438
4001,4.660166,78.634079,316830.068,-2865.0,2650.0,3378897.0,3376987.468
4002,4.650657,78.626536,316828.518,-2863.0,2649.0,3378899.0,3376988.499
4003,4.641224,78.619044,316826.976,-2861.0,2649.0,3378900.0,3376989.524
4004,4.631739,78.6115,316825.423,-2857.0,2648.0,3378901.0,3376990.557
4005,4.62233,78.604008,316823.879,-2857.0,2648.0,3378901.0,3376991.583
4006,4.612868,78.596464,316822.323,-2856.0,2648.0,3378902.0,3376992.617
4007,4.603481,78.58897,316820.777,-2852.0,2647.0,3378903.0,3376993.645
4008,4.594042,78.581426,316819.219,-2854.0,2647.0,3378904.0,3376994.68
4009,4.584677,78.573932,316817.67,-2865.0,2649.0,3378905.0,3376995.709
4010,4.575261,78.566387,316816.11,-2877.0,2651.0,3378906.0,3376996.745
4011,4.56592,78.558892,316814.559,-2884.0,2653.0,3378907.0,3376997.776
4012,4.556526,78.551347,316812.996,-2891.0,2654.0,3378908.0,3376998.814
4013,4.547208,78.543852,316811.442,-2894.0,2654.0,3378909.0,3376999.845
4014,4.537837,78.536306,316809.877,-2896.0,2655.0,3378909.0,3377000.885
4015,4.528541,78.52881,316808.321,-2896.0,2655.0,3378910.0,3377001.918
4016,4.519193,78.521264,316806.754,-2893.0,2654.0,3378910.0,3377002.958
4017,4.509919,78.513768,316805.195,-2891.0,2654.0,3378912.0,3377003.993
4018,4.500593,78.50622,316803.625,-2888.0,2653.0,3378913.0,3377005.035
4019,4.491342,78.498724,316802.065,-2883.0,2652.0,3378914.0,3377006.071
4020,4.482039,78.491176,316800.492,-2879.0,2652.0,3378915.0,3377007.114
4021,4.47281,78.483679,316798.929,-2875.0,2651.0,3378915.0,3377008.151
4022,4.463529,78.476131,316797.355,-2873.0,2651.0,3378917.0,3377009.196
4023,4.454322,78.468633,316795.789,-2873.0,2650.0,3378917.0,3377010.234
4024,4.445064,78.461084,316794.212,-2873.0,2650.0,3378917.0,3377011.28
4025,4.435879,78.453586,316792.644,-2872.0,2650.0,3378919.0,3377012.32
4026,4.426643,78.446037,316791.065,-2871.0,2650.0,3378920.0,3377013.368
4027,4.41748,78.438538,316789.495,-2870.0,2650.0,3378921.0,3377014.409
4028,4.408266,78.430988,316787.913,-2868.0,2649.0,3378922.0,3377015.458
4029,4.399125,78.423489,316786.34,-2867.0,2649.0,3378923.0,3377016.5
4030,4.389933,78.415938,316784.756,-2868.0,2649.0,3378924.0,3377017.55
4031,4.380813,78.408439,316783.181,-2866.0,2649.0,3378925.0,3377018.594
4032,4.371643,78.400888,316781.594,-2865.0,2649.0,3378925.0,3377019.646
4033,4.362546,78.393387,316780.017,-2865.0,2649.0,3378926.0,3377020.691
4034,4.353398,78.385836,316778.428,-2865.0,2649.0,3378927.0,3377021.744
4035,4.344322,78.378335,316776.848,-2866.0,2649.0,3378928.0,3377022.791
4036,4.335196,78.370783,316775.256,-2866.0,2649.0,3378929.0,3377023.845
4037,4.326142,78.363282,316773.674,-2867.0,2649.0,3378930.0,3377024.893
4038,4.317037,78.355729,316772.08,-2868.0,2649.0,3378930.0,3377025.948
4039,4.308004,78.348227,316770.496,-2869.0,2649.0,3378932.0,3377026.998
4040,4.298921,78.340675,316768.9,-2868.0,2649.0,3378933.0,3377028.055
4041,4.28991,78.333172,316767.313,-2868.0,2649.0,3378934.0,3377029.105
4042,4.280849,78.325619,316765.714,-2869.0,2649.0,3378934.0,3377030.164
4043,4.271798,78.318065,316764.114,-2869.0,2649.0,3378935.0,3377031.223
4044,4.262819,78.310562,316762.524,-2869.0,2649.0,3378935.0,3377032.275
4045,4.253789,78.303008,316760.922,-2869.0,2649.0,3378937.0,3377033.336
4046,4.244831,78.295504,316759.329,-2869.0,2649.0,3378938.0,3377034.39
4047,4.235824,78.287949,316757.724,-2869.0,2649.0,3378939.0,3377035.451
4048,4.226887,78.280445,316756.129,-2868.0,2649.0,3378940.0,3377036.507
4049,4.2179,78.27289,316754.522,-2867.0,2649.0,3378941.0,3377037.57
4050,4.208984,78.265385,316752.924,-2867.0,2649.0,3378942.0,3377038.626
4051,4.200019,78.257829,316751.315,-2867.0,2649.0,3378942.0,3377039.691
4052,4.191124,78.250324,316749.715,-2867.0,2649.0,3378944.0,3377040.749
4053,4.182179,78.242768,316748.103,-2868.0,2649.0,3378944.0,3377041.815
4054,4.173306,78.235262,316746.501,-2869.0,2649.0,3378945.0,3377042.874
4055,4.164382,78.227705,316744.887,-2871.0,2649.0,3378946.0,3377043.941
4056,4.155529,78.220199,316743.282,-2873.0,2649.0,3378947.0,3377045.002
4057,4.146627,78.212642,316741.665,-2875.0,2650.0,3378948.0,3377046.071
4058,4.137794,78.205135,316740.058,-2876.0,2650.0,3378949.0,3377047.133
4059,4.128913,78.197577,316738.439,-2878.0,2650.0,3378950.0,3377048.203
4060,4.120101,78.19007,316736.83,-2881.0,2651.0,3378950.0,3377049.266
4061,4.11124,78.182512,316735.208,-2886.0,2652.0,3378952.0,3377050.337
4062,4.102449,78.175004,316733.597,-2890.0,2653.0,3378953.0,3377051.402
4063,4.093609,78.167445,316731.973,-2891.0,2653.0,3378954.0,3377052.475
4064,4.084838,78.159937,316730.359,-2891.0,2653.0,3378954.0,3377053.541
4065,4.076019,78.152378,316728.732,-2891.0,2652.0,3378955.0,3377054.615
4066,4.067269,78.144869,316727.116,-2891.0,2652.0,3378955.0,3377055.682
4067,4.05847,78.137309,316725.487,-2889.0,2652.0,3378957.0,3377056.757
4068,4.04974,78.1298,316723.868,-2890.0,2652.0,3378958.0,3377057.826
4069,4.040962,78.12224,316722.237,-2888.0,2652.0,3378959.0,3377058.903
4070,4.032252,78.11473,316720.616,-2889.0,2652.0,3378960.0,3377059.973
4071,4.023494,78.107169,316718.983,-2890.0,2652.0,3378961.0,3377061.051
4072,4.014805,78.099659,316717.359,-2891.0,2652.0,3378962.0,3377062.123
4073,4.006067,78.092098,316715.723,-2892.0,2653.0,3378962.0,3377063.202
4074,3.997398,78.084587,316714.097,-2893.0,2653.0,3378964.0,3377064.275
4075,3.98868,78.077025,316712.459,-2896.0,2653.0,3378965.0,3377065.355
4076,3.980031,78.069514,316710.831,-2900.0,2654.0,3378965.0,3377066.43
4077,3.971334,78.061952,316709.19,-2900.0,2654.0,3378966.0,3377067.512
4078,3.962705,78.05444,316707.559,-2899.0,2654.0,3378967.0,3377068.587
4079,3.954027,78.046878,316705.917,-2899.0,2654.0,3378968.0,3377069.671
4080,3.945418,78.039366,316704.283,-2902.0,2654.0,3378969.0,3377070.747
4081,3.936761,78.031802,316702.638,-2905.0,2654.0,3378970.0,3377071.832
4082,3.928172,78.02429,316701.003,-2907.0,2655.0,3378970.0,3377072.91
4083,3.919534,78.016726,316699.355,-2909.0,2655.0,3378972.0,3377073.997
4084,3.910907,78.009162,316697.706,-2909.0,2655.0,3378973.0,3377075.083
4085,3.902347,78.001649,316696.067,-2910.0,2655.0,3378974.0,3377076.164
4086,3.89374,77.994085,316694.416,-2912.0,2656.0,3378975.0,3377077.252
4087,3.8852,77.986571,316692.774,-2911.0,2656.0,3378975.0,3377078.333
4088,3.876612,77.979006,316691.12,-2910.0,2655.0,3378977.0,3377079.423
4089,3.868092,77.971492,316689.477,-2910.0,2655.0,3378977.0,3377080.506
4090,3.859523,77.963926,316687.821,-2922.0,2657.0,3378978.0,3377081.597
4091,3.851023,77.956412,316686.174,-2926.0,2658.0,3378979.0,3377082.681
4092,3.842474,77.948846,316684.516,-2923.0,2657.0,3378980.0,3377083.773
4093,3.833993,77.941331,316682.867,-2922.0,2657.0,3378981.0,3377084.859
4094,3.825464,77.933764,316681.207,-2922.0,2657.0,3378982.0,3377085.952
4095,3.817001,77.926249,316679.556,-2920.0,2657.0,3378982.0,3377087.039
4096,3.808492,77.918682,316677.892,-2916.0,2656.0,3378984.0,3377088.134
4097,3.800049,77.911166,316676.239,-2910.0,2655.0,3378985.0,3377089.222
4098,3.791559,77.903599,316674.574,-2904.0,2654.0,3378986.0,3377090.319
4099,3.783135,77.896082,316672.918,-2899.0,2653.0,3378987.0,3377091.408
4100,3.774665,77.888514,316671.25,-2899.0,2653.0,3378988.0,3377092.506
4101,3.76626,77.880997,316669.592,-2898.0,2653.0,3378989.0,3377093.597
4102,3.757809,77.873429,316667.922,-2897.0,2653.0,3378990.0,3377094.696
4103,3.749423,77.865912,316666.261,-2899.0,2653.0,3378991.0,3377095.788
4104,3.740991,77.858343,316664.588,-2904.0,2654.0,3378991.0,3377096.888
4105,3.732625,77.850825,316662.926,-2909.0,2654.0,3378992.0,3377097.982
4106,3.724211,77.843256,316661.25,-2913.0,2655.0,3378993.0,3377099.084
4107,3.715864,77.835737,316659.585,-2915.0,2656.0,3378994.0,3377100.179
4108,3.70747,77.828168,316657.908,-2916.0,2656.0,3378995.0,3377101.282
4109,3.699141,77.820649,316656.24,-2916.0,2656.0,3378995.0,3377102.378
4110,3.690766,77.813079,316654.56,-2917.0,2656.0,3378997.0,3377103.482
4111,3.682456,77.80556,316652.891,-2919.0,2656.0,3378998.0,3377104.58
4112,3.6741,77.797989,316651.208,-2920.0,2656.0,3378999.0,3377105.686
4113,3.665809,77.790469,316649.536,-2921.0,2656.0,3379000.0,3377106.785
4114,3.657472,77.782899,316647.851,-2919.0,2656.0,3379000.0,3377107.892
4115,3.649199,77.775378,316646.177,-2924.0,2657.0,3379002.0,3377108.992
4116,3.64088,77.767807,316644.49,-2928.0,2658.0,3379002.0,3377110.1
4117,3.632627,77.760286,316642.813,-2922.0,2657.0,3379004.0,3377111.202
4118,3.624327,77.752715,316641.123,-2918.0,2656.0,3379005.0,3377112.312
4119,3.616092,77.745193,316639.444,-2921.0,2656.0,3379006.0,3377113.415
4120,3.60781,77.737621,316637.752,-2921.0,2656.0,3379006.0,3377114.526
4121,3.599593,77.730099,316636.071,-2920.0,2656.0,3379007.0,3377115.63
4122,3.591331,77.722527,316634.376,-2920.0,2656.0,3379008.0,3377116.743
4123,3.583741,77.715564,316632.817,-2920.0,2656.0,3379009.0,3377117.766
4124,3.575496,77.707991,316631.121,-2920.0,2656.0,3379010.0,3377118.88
4125,3.567316,77.700468,316629.435,-2919.0,2656.0,3379011.0,3377119.987
4126,3.559089,77.692895,316627.736,-2917.0,2655.0,3379012.0,3377121.102
4127,3.550927,77.685372,316626.047,-2914.0,2655.0,3379013.0,3377122.21
4128,3.542718,77.677798,316624.346,-2912.0,2654.0,3379014.0,3377123.327
4129,3.534574,77.670274,316622.655,-2908.0,2654.0,3379015.0,3377124.436
4130,3.526384,77.6627,316620.951,-2907.0,2654.0,3379015.0,3377125.554
4131,3.518258,77.655176,316619.258,-2912.0,2654.0,3379017.0,3377126.665
4132,3.510086,77.647601,316617.552,-2916.0,2655.0,3379018.0,3377127.784
4133,3.501979,77.640077,316615.856,-2921.0,2656.0,3379019.0,3377128.896
4134,3.493825,77.632502,316614.148,-2924.0,2656.0,3379020.0,3377130.017
4135,3.485735,77.624977,316612.449,-2929.0,2657.0,3379020.0,3377131.13
4136,3.4776,77.617401,316610.739,-2933.0,2658.0,3379022.0,3377132.252
4137,3.469528,77.609876,316609.038,-2935.0,2658.0,3379022.0,3377133.367
4138,3.46141,77.6023,316607.325,-2938.0,2659.0,3379022.0,3377134.49
4139,3.453356,77.594774,316605.622,-2940.0,2659.0,3379024.0,3377135.607
4140,3.445256,77.587198,316603.907,-2944.0,2660.0,3379025.0,3377136.731
4141,3.43722,77.579672,316602.201,-2947.0,2660.0,3379026.0,3377137.849
4142,3.429139,77.572094,316600.483,-2945.0,2660.0,3379027.0,3377138.975
4143,3.42112,77.564568,316598.776,-2945.0,2660.0,3379028.0,3377140.094
4144,3.413056,77.556991,316597.056,-2943.0,2660.0,3379029.0,3377141.221
4145,3.405055,77.549464,316595.346,-2944.0,2660.0,3379030.0,3377142.341
4146,3.397009,77.541886,316593.623,-2943.0,2660.0,3379031.0,3377143.47
4147,3.389026,77.534358,316591.911,-2942.0,2659.0,3379032.0,3377144.591
4148,3.380998,77.52678,316590.186,-2943.0,2659.0,3379033.0,3377145.721
4149,3.373032,77.519252,316588.471,-2943.0,2659.0,3379034.0,3377146.844
4150,3.365022,77.511674,316586.743,-2942.0,2659.0,3379035.0,3377147.975
4151,3.357073,77.504145,316585.026,-2941.0,2659.0,3379035.0,3377149.1
4152,3.34908,77.496566,316583.297,-2940.0,2659.0,3379037.0,3377150.232
4153,3.34115,77.489038,316581.577,-2939.0,2659.0,3379038.0,3377151.358
4154,3.333174,77.481458,316579.845,-2938.0,2658.0,3379039.0,3377152.492
4155,3.325261,77.473929,316578.123,-2939.0,2659.0,3379040.0,3377153.619
4156,3.317303,77.466349,316576.389,-2940.0,2659.0,3379040.0,3377154.754
4157,3.309407,77.45882,316574.665,-2941.0,2659.0,3379042.0,3377155.882
4158,3.301466,77.451239,316572.928,-2942.0,2659.0,3379042.0,3377157.019
4159,3.293587,77.443709,316571.201,-2943.0,2659.0,3379044.0,3377158.148
4160,3.285664,77.436128,316569.462,-2943.0,2659.0,3379045.0,3377159.286
4161,3.277749,77.428547,316567.721,-2944.0,2659.0,3379046.0,3377160.425
4162,3.269896,77.421017,316565.991,-2944.0,2659.0,3379046.0,3377161.556
4163,3.261999,77.413435,316564.249,-2943.0,2659.0,3379047.0,3377162.696
4164,3.254163,77.405904,316562.516,-2941.0,2659.0,3379048.0,3377163.829
4165,3.246283,77.398322,316560.771,-2941.0,2658.0,3379049.0,3377164.97
4166,3.238464,77.390791,316559.036,-2941.0,2658.0,3379050.0,3377166.105
4167,3.230601,77.383209,316557.289,-2941.0,2658.0,3379051.0,3377167.247
4168,3.222799,77.375677,316555.552,-2944.0,2659.0,3379052.0,3377168.383
4169,3.214953,77.368094,316553.802,-2949.0,2660.0,3379053.0,3377169.527
4170,3.207168,77.360562,316552.062,-2953.0,2661.0,3379054.0,3377170.664
4171,3.199339,77.352979,316550.31,-2956.0,2661.0,3379055.0,3377171.809
4172,3.191571,77.345446,316548.568,-2960.0,2662.0,3379055.0,3377172.947
4173,3.183759,77.337863,316546.813,-2961.0,2662.0,3379057.0,3377174.094
4174,3.176007,77.33033,316545.069,-2959.0,2661.0,3379058.0,3377175.233
4175,3.168212,77.322746,316543.312,-2957.0,2661.0,3379059.0,3377176.381
4176,3.160477,77.315212,316541.566,-2955.0,2661.0,3379060.0,3377177.522
4177,3.152699,77.307628,316539.806,-2952.0,2660.0,3379060.0,3377178.672
4178,3.144981,77.300094,316538.057,-2949.0,2660.0,3379062.0,3377179.814
4179,3.137219,77.292509,316536.295,-2948.0,2659.0,3379063.0,3377180.965
4180,3.129518,77.284975,316534.544,-2944.0,2659.0,3379064.0,3377182.108
4181,3.121773,77.27739,316532.78,-2941.0,2658.0,3379065.0,3377183.26
4182,3.114089,77.269855,316531.026,-2940.0,2658.0,3379066.0,3377184.405
4183,3.10636,77.26227,316529.26,-2937.0,2657.0,3379067.0,3377185.558
4184,3.098692,77.254735,316527.504,-2941.0,2658.0,3379067.0,3377186.704
4185,3.09098,77.247149,316525.735,-2948.0,2659.0,3379069.0,3377187.859
4186,3.083329,77.239613,316523.977,-2955.0,2660.0,3379070.0,3377189.007
4187,3.075633,77.232027,316522.205,-2959.0,2661.0,3379071.0,3377190.163
4188,3.067998,77.224491,316520.445,-2957.0,2661.0,3379072.0,3377191.311
4189,3.060319,77.216904,316518.671,-2957.0,2661.0,3379073.0,3377192.469
4190,3.0527,77.209368,316516.908,-2959.0,2661.0,3379074.0,3377193.619
4191,3.045038,77.201781,316515.132,-2965.0,2662.0,3379075.0,3377194.778
4192,3.037435,77.194244,316513.366,-2970.0,2663.0,3379075.0,3377195.929
4193,3.029789,77.186657,316511.588,-2973.0,2663.0,3379077.0,3377197.089
4194,3.022203,77.17912,316509.82,-2974.0,2664.0,3379078.0,3377198.242
4195,3.014573,77.171532,316508.04,-2974.0,2663.0,3379079.0,3377199.403
4196,3.007003,77.163994,316506.269,-2971.0,2663.0,3379080.0,3377200.557
4197,2.999389,77.156406,316504.486,-2971.0,2663.0,3379080.0,3377201.72
4198,2.991835,77.148868,316502.714,-2971.0,2663.0,3379082.0,3377202.876
4199,2.984238,77.141279,316500.928,-2970.0,2663.0,3379083.0,3377204.04
4200,2.9767,77.133741,316499.154,-2969.0,2663.0,3379084.0,3377205.196
4201,2.969118,77.126152,316497.366,-2969.0,2662.0,3379085.0,3377206.362
4202,2.961596,77.118613,316495.589,-2966.0,2662.0,3379086.0,3377207.52
4203,2.954031,77.111024,316493.798,-2966.0,2662.0,3379087.0,3377208.686
4204,2.946474,77.103434,316492.007,-2970.0,2662.0,3379087.0,3377209.854
4205,2.938976,77.095895,316490.226,-2968.0,2662.0,3379087.0,3377211.014
4206,2.931435,77.088304,316488.432,-2966.0,2662.0,3379089.0,3377212.183
4207,2.923952,77.080765,316486.649,-2962.0,2661.0,3379090.0,3377213.344
4208,2.916427,77.073174,316484.853,-2958.0,2660.0,3379091.0,3377214.514
4209,2.908961,77.065634,316483.068,-2960.0,2660.0,3379092.0,3377215.677
4210,2.901452,77.058043,316481.269,-2967.0,2662.0,3379093.0,3377216.848
4211,2.894001,77.050503,316479.482,-2969.0,2662.0,3379094.0,3377218.012
4212,2.886507,77.042912,316477.681,-2969.0,2662.0,3379095.0,3377219.185
4213,2.879072,77.035371,316475.891,-2970.0,2662.0,3379095.0,3377220.35
4214,2.871595,77.027779,316474.087,-2969.0,2662.0,3379097.0,3377221.524
4215,2.864175,77.020238,316472.295,-2969.0,2662.0,3379098.0,3377222.691
4216,2.856713,77.012646,316470.489,-2971.0,2662.0,3379099.0,3377223.866
4217,2.849309,77.005105,316468.694,-2971.0,2662.0,3379100.0,3377225.034
4218,2.841863,76.997512,316466.886,-2972.0,2662.0,3379100.0,3377226.211
4219,2.834474,76.98997,316465.089,-2972.0,2662.0,3379102.0,3377227.38
4220,2.827044,76.982377,316463.279,-2973.0,2662.0,3379103.0,3377228.558
4221,2.819671,76.974835,316461.48,-2972.0,2662.0,3379104.0,3377229.729
4222,2.812256,76.967242,316459.667,-2970.0,2662.0,3379105.0,3377230.908
4223,2.804898,76.959699,316457.865,-2968.0,2661.0,3379106.0,3377232.08
4224,2.797499,76.952105,316456.05,-2965.0,2661.0,3379107.0,3377233.261
4225,2.790157,76.944562,316454.246,-2963.0,2660.0,3379107.0,3377234.434
4226,2.782773,76.936968,316452.428,-2962.0,2660.0,3379109.0,3377235.616
4227,2.775446,76.929425,316450.622,-2965.0,2661.0,3379110.0,3377236.791
4228,2.768077,76.921831,316448.802,-2966.0,2661.0,3379111.0,3377237.974
4229,2.760765,76.914287,316446.993,-2967.0,2661.0,3379112.0,3377239.15
4230,2.753412,76.906692,316445.171,-2964.0,2660.0,3379113.0,3377240.335
4231,2.746116,76.899148,316443.36,-2964.0,2661.0,3379114.0,3377241.512
4232,2.738778,76.891553,316441.535,-2964.0,2661.0,3379115.0,3377242.698
4233,2.731496,76.884008,316439.722,-2964.0,2660.0,3379116.0,3377243.877
4234,2.724174,76.876413,316437.895,-2966.0,2661.0,3379117.0,3377245.064
4235,2.716907,76.868868,316436.079,-2965.0,2661.0,3379118.0,3377246.244
4236,2.7096,76.861272,316434.249,-2966.0,2661.0,3379119.0,3377247.432
4237,2.702349,76.853727,316432.431,-2966.0,2661.0,3379120.0,3377248.614
4238,2.695056,76.84613,316430.6,-2965.0,2661.0,3379120.0,3377249.803
4239,2.68782,76.838585,316428.779,-2965.0,2660.0,3379122.0,3377250.986
4240,2.680543,76.830988,316426.945,-2966.0,2661.0,3379123.0,3377252.177
4241,2.673322,76.823442,316425.122,-2966.0,2661.0,3379124.0,3377253.361
4242,2.666059,76.815845,316423.286,-2965.0,2660.0,3379125.0,3377254.554
4243,2.658853,76.808299,316421.46,-2965.0,2660.0,3379125.0,3377255.739
4244,2.651606,76.800702,316419.622,-2965.0,2660.0,3379127.0,3377256.933
4245,2.644366,76.793104,316417.782,-2967.0,2661.0,3379127.0,3377258.127
4246,2.637182,76.785557,316415.953,-2967.0,2661.0,3379129.0,3377259.315
4247,2.629957,76.777959,316414.111,-2967.0,2660.0,3379130.0,3377260.51
4248,2.622788,76.770412,316412.28,-2965.0,2660.0,3379131.0,3377261.699
4249,2.615578,76.762814,316410.435,-2964.0,2660.0,3379132.0,3377262.896
4250,2.608423,76.755266,316408.602,-2964.0,2660.0,3379133.0,3377264.086
4251,2.601228,76.747667,316406.755,-2965.0,2660.0,3379134.0,3377265.285
4252,2.594088,76.740119,316404.919,-2965.0,2660.0,3379135.0,3377266.476
4253,2.586908,76.73252,316403.069,-2965.0,2660.0,3379136.0,3377267.676
4254,2.579783,76.724972,316401.231,-2963.0,2660.0,3379137.0,3377268.868
4255,2.572617,76.717373,316399.379,-2963.0,2660.0,3379138.0,3377270.069
4256,2.565506,76.709824,316397.539,-2961.0,2659.0,3379139.0,3377271.263
4257,2.558355,76.702224,316395.685,-2960.0,2659.0,3379140.0,3377272.465
4258,2.551259,76.694675,316393.842,-2959.0,2659.0,3379142.0,3377273.66
4259,2.544122,76.687075,316391.986,-2957.0,2659.0,3379143.0,3377274.864
4260,2.537041,76.679526,316390.14,-2955.0,2658.0,3379144.0,3377276.061
4261,2.529919,76.671925,316388.282,-2953.0,2658.0,3379145.0,3377277.266
4262,2.522852,76.664375,316386.434,-2950.0,2657.0,3379145.0,3377278.464
4263,2.515744,76.656774,316384.573,-2948.0,2657.0,3379147.0,3377279.67
4264,2.508691,76.649224,316382.723,-2947.0,2657.0,3379147.0,3377280.869
4265,2.501598,76.641623,316380.86,-2946.0,2656.0,3379149.0,3377282.077
4266,2.49456,76.634073,316379.007,-2945.0,2656.0,3379150.0,3377283.277
4267,2.487481,76.626471,316377.142,-2944.0,2656.0,3379151.0,3377284.486
4268,2.480457,76.61892,316375.287,-2942.0,2656.0,3379152.0,3377285.688
4269,2.473393,76.611318,316373.419,-2940.0,2655.0,3379153.0,3377286.898
4270,2.466383,76.603767,316371.562,-2942.0,2655.0,3379154.0,3377288.101
4271,2.459333,76.596165,316369.691,-2945.0,2656.0,3379155.0,3377289.313
4272,2.452338,76.588613,316367.832,-2949.0,2657.0,3379156.0,3377290.517
4273,2.445302,76.581011,316365.959,-2951.0,2657.0,3379157.0,3377291.73
4274,2.43832,76.573459,316364.098,-2952.0,2657.0,3379158.0,3377292.936
4275,2.431299,76.565856,316362.222,-2953.0,2657.0,3379159.0,3377294.15
4276,2.424332,76.558304,316360.358,-2950.0,2657.0,3379160.0,3377295.357
4277,2.417324,76.5507,316358.481,-2945.0,2656.0,3379160.0,3377296.573
4278,2.410371,76.543148,316356.615,-2941.0,2655.0,3379162.0,3377297.781
4279,2.403378,76.535544,316354.735,-2935.0,2654.0,3379163.0,3377298.998
4280,2.396438,76.527991,316352.866,-2931.0,2653.0,3379164.0,3377300.208
4281,2.389459,76.520387,316350.984,-2931.0,2653.0,3379165.0,3377301.426
4282,2.382534,76.512834,316349.113,-2931.0,2653.0,3379165.0,3377302.637
4283,2.375569,76.50523,316347.228,-2931.0,2653.0,3379167.0,3377303.857
4284,2.368657,76.497676,316345.355,-2931.0,2653.0,3379167.0,3377305.069
4285,2.361706,76.490071,316343.468,-2931.0,2653.0,3379169.0,3377306.29
4286,2.354809,76.482517,316341.592,-2933.0,2653.0,3379170.0,3377307.503
4287,2.347871,76.474912,316339.703,-2934.0,2653.0,3379171.0,3377308.725
4288,2.340941,76.467307,316337.812,-2935.0,2654.0,3379172.0,3377309.948
4289,2.334064,76.459753,316335.933,-2936.0,2654.0,3379173.0,3377311.164
4290,2.327148,76.452147,316334.04,-2940.0,2654.0,3379174.0,3377312.388
4291,2.320285,76.444592,316332.159,-2942.0,2655.0,3379175.0,3377313.605
4292,2.313382,76.436986,316330.263,-2941.0,2654.0,3379176.0,3377314.83
4293,2.306533,76.429431,316328.38,-2946.0,2655.0,3379177.0,3377316.048
4294,2.299644,76.421825,316326.482,-2945.0,2655.0,3379178.0,3377317.275
4295,2.292809,76.414269,316324.596,-2942.0,2654.0,3379179.0,3377318.495
4296,2.285934,76.406663,316322.696,-2940.0,2654.0,3379180.0,3377319.723
4297,2.279111,76.399107,316320.807,-2945.0,2655.0,3379180.0,3377320.944
4298,2.27225,76.3915,316318.905,-2954.0,2656.0,3379182.0,3377322.173
4299,2.265442,76.383944,316317.014,-2960.0,2658.0,3379183.0,3377323.395
4300,2.258594,76.376337,316315.11,-2970.0,2659.0,3379185.0,3377324.626
4301,2.251799,76.36878,316313.216,-2970.0,2659.0,3379185.0,3377325.849
4302,2.244965,76.361173,316311.309,-2978.0,2661.0,3379187.0,3377327.081
4303,2.238183,76.353616,316309.414,-2977.0,2660.0,3379188.0,3377328.306
4304,2.231363,76.346008,316307.505,-2976.0,2660.0,3379189.0,3377329.54
4305,2.224595,76.338451,316305.607,-2970.0,2659.0,3379190.0,3377330.765
4306,2.217788,76.330842,316303.695,-2966.0,2659.0,3379191.0,3377332.0
4307,2.211033,76.323285,316301.795,-2966.0,2658.0,3379192.0,3377333.227
4308,2.204239,76.315676,316299.881,-2971.0,2659.0,3379192.0,3377334.464
4309,2.197498,76.308118,316297.978,-2974.0,2660.0,3379194.0,3377335.692
4310,2.190718,76.300509,316296.062,-2974.0,2660.0,3379195.0,3377336.929
4311,2.18399,76.292951,316294.157,-2970.0,2659.0,3379196.0,3377338.159
4312,2.177223,76.285342,316292.238,-2969.0,2659.0,3379197.0,3377339.398
4313,2.170508,76.277784,316290.331,-2961.0,2657.0,3379198.0,3377340.629
4314,2.163755,76.270174,316288.41,-2960.0,2657.0,3379199.0,3377341.869
4315,2.157053,76.262615,316286.501,-2958.0,2657.0,3379200.0,3377343.102
4316,2.150313,76.255005,316284.577,-2961.0,2657.0,3379200.0,3377344.343
4317,2.143625,76.247446,316282.665,-2964.0,2658.0,3379202.0,3377345.577
4318,2.136898,76.239836,316280.74,-2966.0,2658.0,3379203.0,3377346.819
4319,2.130223,76.232276,316278.825,-2970.0,2659.0,3379204.0,3377348.054
4320,2.123509,76.224666,316276.897,-2973.0,2659.0,3379205.0,3377349.298
4321,2.116847,76.217106,316274.981,-2973.0,2659.0,3379205.0,3377350.535
4322,2.110146,76.209495,316273.05,-2972.0,2659.0,3379207.0,3377351.78
4323,2.103497,76.201935,316271.132,-2970.0,2659.0,3379208.0,3377353.018
4324,2.09681,76.194324,316269.199,-2969.0,2658.0,3379210.0,3377354.264
4325,2.090173,76.186763,316267.278,-2970.0,2659.0,3379211.0,3377355.503
4326,2.083499,76.179152,316265.342,-2965.0,2658.0,3379212.0,3377356.751
4327,2.076876,76.171591,316263.419,-2964.0,2658.0,3379212.0,3377357.991
4328,2.070215,76.163979,316261.481,-2970.0,2658.0,3379214.0,3377359.241
4329,2.06356,76.156367,316259.543,-2974.0,2659.0,3379215.0,3377360.491
4330,2.056956,76.148805,316257.616,-2975.0,2659.0,3379216.0,3377361.733
4331,2.050314,76.141193,316255.675,-2973.0,2659.0,3379217.0,3377362.984
4332,2.043723,76.133632,316253.745,-2973.0,2659.0,3379218.0,3377364.227
4333,2.037094,76.126019,316251.802,-2970.0,2658.0,3379219.0,3377365.48
4334,2.030516,76.118457,316249.87,-2965.0,2657.0,3379220.0,3377366.725
4335,2.0239,76.110844,316247.924,-2960.0,2656.0,3379220.0,3377367.979
4336,2.017335,76.103282,316245.991,-2959.0,2656.0,3379222.0,3377369.225
4337,2.010732,76.095668,316244.042,-2959.0,2656.0,3379223.0,3377370.48
4338,2.004179,76.088106,316242.106,-2961.0,2656.0,3379224.0,3377371.727
4339,1.997589,76.080492,316240.156,-2964.0,2657.0,3379225.0,3377372.984
4340,1.991049,76.072929,316238.217,-2968.0,2658.0,3379225.0,3377374.232
4341,1.984471,76.065315,316236.264,-2972.0,2658.0,3379227.0,3377375.49
4342,1.977944,76.057752,316234.323,-2976.0,2659.0,3379228.0,3377376.74
4343,1.971379,76.050138,316232.368,-2979.0,2660.0,3379229.0,3377377.999
4344,1.964864,76.042574,316230.425,-2982.0,2660.0,3379231.0,3377379.25
4345,1.958312,76.03496,316228.468,-2981.0,2660.0,3379232.0,3377380.511
4346,1.95181,76.027396,316226.522,-2980.0,2660.0,3379232.0,3377381.763
4347,1.94527,76.019781,316224.562,-2977.0,2659.0,3379234.0,3377383.025
4348,1.938781,76.012217,316222.614,-2971.0,2658.0,3379235.0,3377384.279
4349,1.932254,76.004601,316220.652,-2965.0,2657.0,3379236.0,3377385.542
4350,1.925777,75.997037,316218.702,-2962.0,2656.0,3379237.0,3377386.797
4351,1.919262,75.989421,316216.737,-2960.0,2656.0,3379238.0,3377388.061
4352,1.912798,75.981857,316214.785,-2960.0,2656.0,3379239.0,3377389.318
4353,1.906296,75.974241,316212.818,-2958.0,2655.0,3379240.0,3377390.584
4354,1.899844,75.966676,316210.863,-2951.0,2654.0,3379241.0,3377391.841
4355,1.893354,75.95906,316208.894,-2948.0,2654.0,3379242.0,3377393.108
4356,1.886914,75.951494,316206.937,-2953.0,2654.0,3379243.0,3377394.367
4357,1.880437,75.943878,316204.965,-2961.0,2656.0,3379244.0,3377395.635
4358,1.87401,75.936312,316203.006,-2965.0,2656.0,3379245.0,3377396.896
4359,1.867545,75.928695,316201.032,-2968.0,2657.0,3379245.0,3377398.165
4360,1.86113,75.921129,316199.07,-2970.0,2657.0,3379247.0,3377399.427
4361,1.854678,75.913512,316197.094,-2969.0,2657.0,3379249.0,3377400.698
4362,1.848275,75.905946,316195.13,-2970.0,2657.0,3379250.0,3377401.961
4363,1.841835,75.898328,316193.151,-2972.0,2658.0,3379250.0,3377403.233
4364,1.835444,75.890762,316191.185,-2971.0,2657.0,3379252.0,3377404.497
4365,1.829016,75.883144,316189.204,-2970.0,2657.0,3379252.0,3377405.771
4366,1.822638,75.875577,316187.235,-2968.0,2657.0,3379254.0,3377407.036
4367,1.816222,75.867959,316185.252,-2968.0,2657.0,3379255.0,3377408.311
4368,1.809813,75.860341,316183.267,-2972.0,2657.0,3379256.0,3377409.586
4369,1.803452,75.852774,316181.295,-2974.0,2658.0,3379257.0,3377410.854
4370,1.797055,75.845155,316179.308,-2971.0,2657.0,3379258.0,3377412.131
4371,1.790707,75.837587,316177.334,-2970.0,2657.0,3379259.0,3377413.399
4372,1.784322,75.829968,316175.344,-2969.0,2657.0,3379260.0,3377414.677
4373,1.777986,75.822401,316173.368,-2969.0,2657.0,3379261.0,3377415.947
4374,1.771613,75.814781,316171.376,-2969.0,2657.0,3379262.0,3377417.227
4375,1.765289,75.807213,316169.397,-2967.0,2656.0,3379264.0,3377418.498
4376,1.758928,75.799594,316167.403,-2965.0,2656.0,3379265.0,3377419.779
4377,1.752615,75.792025,316165.421,-2963.0,2656.0,3379265.0,3377421.051
4378,1.746267,75.784405,316163.425,-2963.0,2655.0,3379267.0,3377422.333
4379,1.739966,75.776837,316161.441,-2964.0,2656.0,3379268.0,3377423.607
4380,1.733629,75.769217,316159.443,-2967.0,2656.0,3379269.0,3377424.891
4381,1.727341,75.761647,316157.457,-2973.0,2657.0,3379270.0,3377426.166
4382,1.721016,75.754027,316155.456,-2976.0,2657.0,3379270.0,3377427.45
4383,1.714739,75.746458,316153.468,-2979.0,2658.0,3379272.0,3377428.727
4384,1.708426,75.738837,316151.464,-2982.0,2659.0,3379272.0,3377430.013
4385,1.702162,75.731267,316149.474,-2981.0,2659.0,3379274.0,3377431.291
4386,1.695861,75.723646,316147.468,-2981.0,2658.0,3379275.0,3377432.578
4387,1.689608,75.716076,316145.475,-2983.0,2659.0,3379276.0,3377433.857
4388,1.683318,75.708455,316143.467,-2980.0,2658.0,3379277.0,3377435.145
4389,1.677077,75.700885,316141.472,-2979.0,2658.0,3379279.0,3377436.426
4390,1.670799,75.693263,316139.462,-2979.0,2658.0,3379280.0,3377437.715
4391,1.66457,75.685692,316137.464,-2980.0,2658.0,3379281.0,3377438.997
4392,1.658304,75.678071,316135.451,-2980.0,2658.0,3379282.0,3377440.288
4393,1.652086,75.6705,316133.451,-2980.0,2658.0,3379283.0,3377441.571
4394,1.645832,75.662878,316131.436,-2978.0,2658.0,3379284.0,3377442.863
4395,1.639626,75.655306,316129.434,-2978.0,2658.0,3379285.0,3377444.148
4396,1.633384,75.647684,316127.417,-2978.0,2657.0,3379285.0,3377445.441
4397,1.627189,75.640112,316125.412,-2978.0,2657.0,3379287.0,3377446.727
4398,1.620958,75.63249,316123.393,-2980.0,2658.0,3379288.0,3377448.022
4399,1.614775,75.624918,316121.386,-2978.0,2657.0,3379289.0,3377449.309
4400,1.608556,75.617295,316119.364,-2982.0,2658.0,3379290.0,3377450.605
4401,1.602384,75.609723,316117.354,-2985.0,2659.0,3379292.0,3377451.893
4402,1.596177,75.602099,316115.33,-2986.0,2659.0,3379292.0,3377453.191
4403,1.590017,75.594527,316113.319,-2985.0,2659.0,3379294.0,3377454.48
4404,1.583821,75.586903,316111.292,-2982.0,2658.0,3379295.0,3377455.779
4405,1.577672,75.579331,316109.278,-2976.0,2657.0,3379296.0,3377457.07
4406,1.571488,75.571707,316107.249,-2970.0,2656.0,3379297.0,3377458.37
4407,1.565351,75.564134,316105.233,-2967.0,2655.0,3379298.0,3377459.662
4408,1.559178,75.55651,316103.202,-2969.0,2655.0,3379299.0,3377460.963
4409,1.55301,75.548885,316101.17,-2972.0,2656.0,3379300.0,3377462.265
4410,1.54689,75.541312,316099.15,-2976.0,2657.0,3379301.0,3377463.559
4411,1.540734,75.533687,316097.115,-2979.0,2657.0,3379302.0,3377464.862
4412,1.534625,75.526114,316095.093,-2982.0,2658.0,3379303.0,3377466.158
4413,1.528481,75.518489,316093.056,-2985.0,2658.0,3379305.0,3377467.462
4414,1.522383,75.510915,316091.032,-2987.0,2659.0,3379305.0,3377468.759
4415,1.51625,75.503289,316088.992,-2986.0,2658.0,3379307.0,3377470.065
4416,1.510164,75.495715,316086.966,-2986.0,2658.0,3379308.0,3377471.363
4417,1.504042,75.48809,316084.924,-2986.0,2658.0,3379309.0,3377472.67
4418,1.497967,75.480515,316082.895,-2985.0,2658.0,3379310.0,3377473.969
4419,1.491857,75.472889,316080.851,-2985.0,2658.0,3379310.0,3377475.278
4420,1.485793,75.465315,316078.82,-2986.0,2658.0,3379312.0,3377476.578
4421,1.479693,75.457689,316076.773,-2985.0,2658.0,3379313.0,3377477.888
4422,1.473641,75.450113,316074.74,-2984.0,2657.0,3379314.0,3377479.189
4423,1.467553,75.442487,316072.691,-2984.0,2658.0,3379316.0,3377480.501
4424,1.461511,75.434912,316070.655,-2982.0,2657.0,3379317.0,3377481.803
4425,1.455434,75.427285,316068.604,-2981.0,2657.0,3379317.0,3377483.116
4426,1.449403,75.419709,316066.566,-2975.0,2656.0,3379319.0,3377484.42
4427,1.443338,75.412082,316064.513,-2975.0,2656.0,3379320.0,3377485.734
4428,1.437318,75.404507,316062.472,-2976.0,2656.0,3379321.0,3377487.039
4429,1.431263,75.396879,316060.416,-2979.0,2657.0,3379322.0,3377488.354
4430,1.425255,75.389303,316058.374,-2981.0,2657.0,3379323.0,3377489.661
4431,1.419211,75.381676,316056.316,-2981.0,2657.0,3379324.0,3377490.977
4432,1.413214,75.374099,316054.27,-2982.0,2657.0,3379325.0,3377492.286
4433,1.407181,75.366471,316052.21,-2984.0,2657.0,3379325.0,3377493.603
4434,1.401195,75.358895,316050.163,-2984.0,2657.0,3379328.0,3377494.912
4435,1.395173,75.351267,316048.1,-2982.0,2657.0,3379329.0,3377496.231
4436,1.389197,75.343689,316046.05,-2980.0,2656.0,3379330.0,3377497.542
4437,1.383187,75.336061,316043.985,-2976.0,2656.0,3379330.0,3377498.862
4438,1.377222,75.328484,316041.933,-2971.0,2655.0,3379332.0,3377500.174
4439,1.371222,75.320855,316039.866,-2973.0,2655.0,3379333.0,3377501.496
4440,1.365268,75.313278,316037.811,-2974.0,2655.0,3379334.0,3377502.809
4441,1.35928,75.305649,316035.742,-2974.0,2655.0,3379335.0,3377504.132
4442,1.353336,75.298071,316033.685,-2976.0,2655.0,3379336.0,3377505.446
4443,1.347359,75.290442,316031.613,-2981.0,2656.0,3379337.0,3377506.77
4444,1.341426,75.282864,316029.554,-2980.0,2656.0,3379339.0,3377508.086
4445,1.335459,75.275234,316027.48,-2979.0,2656.0,3379340.0,3377509.411
4446,1.329537,75.267656,316025.419,-2981.0,2656.0,3379341.0,3377510.728
4447,1.323581,75.260026,316023.342,-2979.0,2656.0,3379342.0,3377512.055
4448,1.31767,75.252447,316021.278,-2980.0,2656.0,3379343.0,3377513.373
4449,1.311725,75.244817,316019.2,-2981.0,2656.0,3379344.0,3377514.701
4450,1.305824,75.237238,316017.134,-2982.0,2656.0,3379345.0,3377516.021
4451,1.29989,75.229608,316015.052,-2984.0,2656.0,3379345.0,3377517.35
4452,1.29396,75.221978,316012.97,-2987.0,2657.0,3379347.0,3377518.68
4453,1.288076,75.214398,316010.901,-2990.0,2658.0,3379349.0,3377520.001
4454,1.282157,75.206767,316008.816,-2992.0,2658.0,3379350.0,3377521.332
4455,1.276284,75.199188,316006.744,-2988.0,2657.0,3379350.0,3377522.655
4456,1.270376,75.191557,316004.657,-2989.0,2657.0,3379352.0,3377523.988
4457,1.264512,75.183977,316002.583,-2996.0,2659.0,3379353.0,3377525.312
4458,1.258615,75.176346,316000.494,-3002.0,2659.0,3379354.0,3377526.645
4459,1.252762,75.168766,315998.417,-3004.0,2660.0,3379355.0,3377527.971
4460,1.246875,75.161134,315996.326,-3001.0,2659.0,3379356.0,3377529.306
4461,1.241033,75.153554,315994.247,-2996.0,2658.0,3379357.0,3377530.633
4462,1.235157,75.145922,315992.153,-2992.0,2657.0,3379359.0,3377531.969
4463,1.229325,75.138341,315990.072,-2990.0,2657.0,3379360.0,3377533.297
4464,1.22346,75.130709,315987.976,-2988.0,2657.0,3379361.0,3377534.634
4465,1.217638,75.123128,315985.893,-2986.0,2656.0,3379362.0,3377535.963
4466,1.211783,75.115496,315983.794,-2984.0,2656.0,3379363.0,3377537.302
4467,1.205972,75.107915,315981.708,-2986.0,2656.0,3379364.0,3377538.633
4468,1.200128,75.100282,315979.608,-2985.0,2656.0,3379365.0,3377539.973
4469,1.194327,75.0927,315977.52,-2989.0,2657.0,3379366.0,3377541.305
4470,1.188493,75.085068,315975.416,-2993.0,2657.0,3379367.0,3377542.646
4471,1.182703,75.077486,315973.326,-2996.0,2658.0,3379369.0,3377543.979
4472,1.176879,75.069853,315971.221,-2995.0,2658.0,3379370.0,3377545.322
4473,1.171099,75.062271,315969.128,-2993.0,2657.0,3379370.0,3377546.656
4474,1.165285,75.054637,315967.02,-2992.0,2657.0,3379372.0,3377548.0
4475,1.159516,75.047055,315964.926,-2988.0,2656.0,3379373.0,3377549.336
4476,1.153712,75.039421,315962.815,-2985.0,2656.0,3379374.0,3377550.681
4477,1.147953,75.031839,315960.718,-2984.0,2655.0,3379375.0,3377552.018
4478,1.14216,75.024205,315958.606,-2984.0,2656.0,3379375.0,3377553.364
4479,1.136411,75.016622,315956.506,-2983.0,2655.0,3379377.0,3377554.703
4480,1.130628,75.008988,315954.392,-2987.0,2656.0,3379379.0,3377556.05
4481,1.12489,75.001405,315952.29,-2990.0,2657.0,3379380.0,3377557.39
4482,1.119117,74.99377,315950.173,-2992.0,2657.0,3379381.0,3377558.739
4483,1.113388,74.986187,315948.069,-2991.0,2656.0,3379382.0,3377560.08
4484,1.107626,74.978552,315945.949,-2989.0,2656.0,3379383.0,3377561.43
4485,1.101908,74.970969,315943.843,-2992.0,2657.0,3379384.0,3377562.772
4486,1.096156,74.963334,315941.721,-2990.0,2656.0,3379385.0,3377564.124
4487,1.090447,74.95575,315939.613,-2990.0,2656.0,3379387.0,3377565.467
4488,1.084705,74.948114,315937.488,-2992.0,2656.0,3379388.0,3377566.82
4489,1.079007,74.94053,315935.378,-2990.0,2656.0,3379389.0,3377568.164
4490,1.073275,74.932895,315933.251,-2986.0,2655.0,3379390.0,3377569.519
4491,1.067587,74.92531,315931.138,-2991.0,2656.0,3379390.0,3377570.864
4492,1.061865,74.917675,315929.009,-2991.0,2656.0,3379392.0,3377572.22
4493,1.056148,74.910039,315926.879,-2991.0,2656.0,3379393.0,3377573.576
4494,1.050475,74.902454,315924.763,-2990.0,2656.0,3379394.0,3377574.924
4495,1.044768,74.894818,315922.631,-2987.0,2655.0,3379395.0,3377576.281
4496,1.039105,74.887233,315920.512,-2986.0,2655.0,3379397.0,3377577.63
4497,1.033408,74.879596,315918.377,-2987.0,2655.0,3379397.0,3377578.989
4498,1.027755,74.872011,315916.256,-2990.0,2656.0,3379399.0,3377580.339
4499,1.022068,74.864374,315914.119,-2993.0,2656.0,3379400.0,3377581.699
4500,1.016844,74.857353,315912.153,-2997.0,2657.0,3379401.0,3377582.95
4501,1.011205,74.849767,315910.029,-2999.0,2657.0,3379402.0,3377584.302
4502,1.005532,74.84213,315907.888,-3002.0,2658.0,3379403.0,3377585.664
4503,0.999903,74.834544,315905.762,-2999.0,2657.0,3379405.0,3377587.017
4504,0.994241,74.826907,315903.619,-2999.0,2657.0,3379406.0,3377588.381
4505,0.988622,74.819321,315901.49,-2997.0,2657.0,3379407.0,3377589.735
4506,0.982969,74.811683,315899.345,-2995.0,2656.0,3379408.0,3377591.1
4507,0.97736,74.804097,315897.214,-2988.0,2655.0,3379409.0,3377592.456
4508,0.971717,74.796459,315895.066,-2991.0,2655.0,3379410.0,3377593.821
4509,0.966118,74.788872,315892.933,-2989.0,2655.0,3379410.0,3377595.178
4510,0.960485,74.781234,315890.783,-2986.0,2654.0,3379412.0,3377596.545
4511,0.954895,74.773647,315888.647,-2985.0,2654.0,3379414.0,3377597.904
4512,0.949272,74.766009,315886.495,-2983.0,2654.0,3379415.0,3377599.272
4513,0.943692,74.758422,315884.357,-2981.0,2654.0,3379415.0,3377600.632
4514,0.938079,74.750783,315882.203,-2980.0,2653.0,3379417.0,3377602.001
4515,0.932508,74.743196,315880.062,-2983.0,2654.0,3379417.0,3377603.362
4516,0.926905,74.735557,315877.906,-2983.0,2654.0,3379419.0,3377604.733
4517,0.921344,74.727969,315875.763,-2985.0,2654.0,3379420.0,3377606.095
4518,0.91575,74.72033,315873.604,-2990.0,2655.0,3379422.0,3377607.467
4519,0.910199,74.712742,315871.459,-2995.0,2656.0,3379423.0,3377608.831
4520,0.904615,74.705103,315869.298,-2995.0,2656.0,3379424.0,3377610.204
4521,0.899073,74.697515,315867.15,-2995.0,2656.0,3379425.0,3377611.569
4522,0.893499,74.689875,315864.987,-2994.0,2655.0,3379426.0,3377612.944
4523,0.887966,74.682287,315862.837,-2983.0,2653.0,3379427.0,3377614.31
4524,0.882402,74.674647,315860.672,-2979.0,2653.0,3379428.0,3377615.686
4525,0.876879,74.667058,315858.519,-2970.0,2651.0,3379430.0,3377617.053
4526,0.871324,74.659418,315856.351,-2970.0,2651.0,3379430.0,3377618.43
4527,0.865811,74.651829,315854.197,-2976.0,2652.0,3379432.0,3377619.799
4528,0.860265,74.644189,315852.027,-2981.0,2653.0,3379433.0,3377621.177
4529,0.854724,74.636548,315849.855,-2989.0,2654.0,3379434.0,3377622.556
4530,0.849226,74.628959,315847.697,-2993.0,2655.0,3379435.0,3377623.927
4531,0.843694,74.621318,315845.524,-2994.0,2655.0,3379435.0,3377625.307
4532,0.838205,74.613729,315843.364,-2993.0,2655.0,3379438.0,3377626.679
4533,0.832683,74.606088,315841.188,-2991.0,2654.0,3379439.0,3377628.06
4534,0.827203,74.598498,315839.025,-2990.0,2654.0,3379440.0,3377629.433
4535,0.821691,74.590857,315836.847,-2989.0,2654.0,3379441.0,3377630.816
4536,0.81622,74.583267,315834.682,-2989.0,2654.0,3379442.0,3377632.191
4537,0.810717,74.575625,315832.502,-2989.0,2654.0,3379442.0,3377633.575
4538,0.805256,74.568035,315830.334,-2990.0,2654.0,3379444.0,3377634.95
4539,0.799762,74.560394,315828.152,-2993.0,2655.0,3379446.0,3377636.336
4540,0.79431,74.552803,315825.982,-2992.0,2654.0,3379447.0,3377637.712
4541,0.788826,74.545161,315823.797,-2990.0,2654.0,3379448.0,3377639.099
4542,0.783384,74.53757,315821.625,-2989.0,2654.0,3379449.0,3377640.477
4543,0.777909,74.529928,315819.438,-2992.0,2654.0,3379450.0,3377641.865
4544,0.772476,74.522337,315817.264,-2991.0,2654.0,3379450.0,3377643.244
4545,0.76701,74.514695,315815.074,-2993.0,2655.0,3379453.0,3377644.634
4546,0.761586,74.507103,315812.898,-2995.0,2655.0,3379454.0,3377646.014
4547,0.75613,74.499461,315810.706,-2995.0,2655.0,3379455.0,3377647.405
4548,0.750715,74.491869,315808.527,-2994.0,2654.0,3379455.0,3377648.787
4549,0.745268,74.484226,315806.333,-2993.0,2654.0,3379457.0,3377650.178
4550,0.739863,74.476635,315804.152,-2991.0,2654.0,3379458.0,3377651.562
4551,0.734425,74.468992,315801.955,-2992.0,2654.0,3379459.0,3377652.955
4552,0.729029,74.4614,315799.772,-2991.0,2654.0,3379461.0,3377654.339
4553,0.7236,74.453756,315797.573,-2989.0,2653.0,3379462.0,3377655.733
4554,0.718213,74.446164,315795.388,-2989.0,2653.0,3379462.0,3377657.119
4555,0.712794,74.43852,315793.186,-2987.0,2653.0,3379464.0,3377658.515
4556,0.707415,74.430928,315790.999,-2989.0,2653.0,3379465.0,3377659.901
4557,0.702005,74.423284,315788.795,-2986.0,2653.0,3379466.0,3377661.298
4558,0.696636,74.415691,315786.605,-2978.0,2651.0,3379468.0,3377662.686
4559,0.691235,74.408047,315784.399,-2970.0,2650.0,3379469.0,3377664.085
4560,0.685875,74.400454,315782.207,-2970.0,2650.0,3379470.0,3377665.474
4561,0.680483,74.39281,315779.999,-2968.0,2649.0,3379470.0,3377666.873
4562,0.675132,74.385217,315777.804,-2966.0,2649.0,3379472.0,3377668.264
4563,0.66975,74.377572,315775.594,-2966.0,2649.0,3379473.0,3377669.665
4564,0.664408,74.369979,315773.397,-2964.0,2648.0,3379474.0,3377671.057
4565,0.659034,74.362334,315771.184,-2960.0,2648.0,3379475.0,3377672.458
4566,0.653701,74.35474,315768.985,-2959.0,2647.0,3379477.0,3377673.852
4567,0.648336,74.347095,315766.77,-2951.0,2646.0,3379478.0,3377675.255
4568,0.643012,74.339502,315764.568,-2941.0,2644.0,3379479.0,3377676.649
4569,0.637657,74.331856,315762.351,-2941.0,2644.0,3379480.0,3377678.054
4570,0.632306,74.324211,315760.132,-2940.0,2644.0,3379481.0,3377679.459
4571,0.626995,74.316617,315757.928,-2942.0,2644.0,3379482.0,3377680.855
4572,0.621653,74.308971,315755.707,-2943.0,2644.0,3379484.0,3377682.261
4573,0.616351,74.301377,315753.5,-2946.0,2645.0,3379485.0,3377683.659
4574,0.611018,74.293731,315751.277,-2948.0,2645.0,3379486.0,3377685.067
4575,0.605725,74.286136,315749.067,-2951.0,2646.0,3379487.0,3377686.466
4576,0.600401,74.27849,315746.842,-2956.0,2646.0,3379488.0,3377687.874
4577,0.595117,74.270895,315744.63,-2959.0,2647.0,3379490.0,3377689.274
4578,0.589801,74.263249,315742.402,-2965.0,2648.0,3379491.0,3377690.685
4579,0.584526,74.255653,315740.188,-2972.0,2649.0,3379492.0,3377692.086
4580,0.57922,74.248007,315737.958,-2977.0,2650.0,3379493.0,3377693.497
4581,0.573953,74.240411,315735.742,-2981.0,2651.0,3379494.0,3377694.9
4582,0.568655,74.232765,315733.51,-2985.0,2651.0,3379495.0,3377696.313
4583,0.563398,74.225169,315731.291,-2988.0,2652.0,3379497.0,3377697.716
4584,0.558109,74.217522,315729.056,-2993.0,2653.0,3379498.0,3377699.13
4585,0.55286,74.209926,315726.836,-2997.0,2653.0,3379499.0,3377700.536
4586,0.54758,74.202279,315724.599,-3001.0,2654.0,3379500.0,3377701.951
4587,0.54234,74.194683,315722.376,-3002.0,2654.0,3379500.0,3377703.357
4588,0.537068,74.187035,315720.136,-3003.0,2654.0,3379502.0,3377704.774
4589,0.531837,74.179439,315717.911,-3006.0,2655.0,3379504.0,3377706.181
4590,0.526574,74.171791,315715.67,-3006.0,2655.0,3379505.0,3377707.599
4591,0.521351,74.164195,315713.442,-3008.0,2655.0,3379506.0,3377709.008
4592,0.516098,74.156547,315711.198,-3009.0,2655.0,3379507.0,3377710.427
4593,0.510883,74.14895,315708.968,-3011.0,2655.0,3379508.0,3377711.837
4594,0.505638,74.141302,315706.722,-3011.0,2656.0,3379510.0,3377713.257
4595,0.500433,74.133705,315704.49,-3011.0,2656.0,3379511.0,3377714.668
4596,0.495196,74.126056,315702.241,-3014.0,2656.0,3379512.0,3377716.09
4597,0.489999,74.118459,315700.007,-3015.0,2656.0,3379513.0,3377717.502
4598,0.484771,74.110811,315697.756,-3015.0,2656.0,3379514.0,3377718.925
4599,0.479583,74.103213,315695.519,-3017.0,2656.0,3379515.0,3377720.339
4600,0.474364,74.095564,315693.266,-3018.0,2657.0,3379517.0,3377721.763
4601,0.469184,74.087967,315691.027,-3019.0,2657.0,3379518.0,3377723.178
4602,0.463973,74.080317,315688.772,-3020.0,2657.0,3379519.0,3377724.604
4603,0.458802,74.07272,315686.531,-3022.0,2657.0,3379520.0,3377726.02
4604,0.4536,74.06507,315684.273,-3022.0,2657.0,3379520.0,3377727.446
4605,0.448437,74.057472,315682.03,-3023.0,2657.0,3379522.0,3377728.864
4606,0.443243,74.049822,315679.77,-3025.0,2658.0,3379524.0,3377730.292
4607,0.438089,74.042224,315677.524,-3027.0,2658.0,3379525.0,3377731.711
4608,0.432904,74.034574,315675.262,-3031.0,2658.0,3379526.0,3377733.14
4609,0.427758,74.026976,315673.014,-3035.0,2659.0,3379527.0,3377734.56
4610,0.422581,74.019326,315670.749,-3038.0,2660.0,3379528.0,3377735.99
4611,0.417444,74.011727,315668.499,-3036.0,2659.0,3379530.0,3377737.411
4612,0.412276,74.004077,315666.232,-3035.0,2659.0,3379531.0,3377738.843
4613,0.407112,73.996426,315663.964,-3036.0,2659.0,3379532.0,3377740.275
4614,0.401987,73.988827,315661.71,-3034.0,2659.0,3379533.0,3377741.698
4615,0.396832,73.981177,315659.44,-3033.0,2658.0,3379534.0,3377743.132
4616,0.391715,73.973577,315657.184,-3031.0,2658.0,3379535.0,3377744.556
4617,0.386568,73.965927,315654.911,-3028.0,2658.0,3379537.0,3377745.991
4618,0.38146,73.958327,315652.653,-3022.0,2657.0,3379538.0,3377747.417
4619,0.376321,73.950676,315650.378,-3019.0,2656.0,3379539.0,3377748.853
4620,0.371221,73.943076,315648.118,-3017.0,2655.0,3379540.0,3377750.28
4621,0.366091,73.935425,315645.84,-3014.0,2655.0,3379540.0,3377751.717
4622,0.361,73.927825,315643.578,-3020.0,2656.0,3379542.0,3377753.145
4623,0.355878,73.920173,315641.298,-3030.0,2658.0,3379544.0,3377754.584
4624,0.350794,73.912573,315639.033,-3037.0,2659.0,3379545.0,3377756.013
4625,0.345681,73.904921,315636.751,-3035.0,2659.0,3379546.0,3377757.453
4626,0.340606,73.897321,315634.484,-3036.0,2659.0,3379547.0,3377758.884
4627,0.335501,73.889669,315632.2,-3038.0,2659.0,3379549.0,3377760.325
4628,0.330434,73.882068,315629.93,-3036.0,2659.0,3379550.0,3377761.757
4629,0.325337,73.874416,315627.644,-3035.0,2658.0,3379551.0,3377763.199
4630,0.320278,73.866815,315625.372,-3036.0,2659.0,3379552.0,3377764.632
4631,0.315189,73.859163,315623.083,-3034.0,2658.0,3379553.0,3377766.075
4632,0.310139,73.851562,315620.809,-3033.0,2658.0,3379555.0,3377767.51
4633,0.305058,73.843909,315618.518,-3034.0,2658.0,3379555.0,3377768.955
4634,0.300016,73.836308,315616.242,-3036.0,2658.0,3379557.0,3377770.39
4635,0.294944,73.828655,315613.949,-3037.0,2658.0,3379558.0,3377771.836
4636,0.289909,73.821054,315611.67,-3041.0,2659.0,3379559.0,3377773.273
4637,0.284845,73.813401,315609.375,-3039.0,2659.0,3379560.0,3377774.72
4638,0.279819,73.805799,315607.093,-3038.0,2659.0,3379562.0,3377776.159
4639,0.274763,73.798146,315604.796,-3038.0,2658.0,3379563.0,3377777.607
4640,0.269745,73.790544,315602.512,-3036.0,2658.0,3379564.0,3377779.047
4641,0.264697,73.78289,315600.213,-3035.0,2658.0,3379565.0,3377780.496
4642,0.259687,73.775288,315597.927,-3034.0,2658.0,3379566.0,3377781.937
4643,0.254648,73.767634,315595.625,-3035.0,2658.0,3379567.0,3377783.388
4644,0.249646,73.760032,315593.337,-3036.0,2658.0,3379569.0,3377784.83
4645,0.244614,73.752378,315591.032,-3037.0,2658.0,3379570.0,3377786.282
4646,0.23962,73.744775,315588.742,-3037.0,2658.0,3379571.0,3377787.725
4647,0.234597,73.737121,315586.435,-3040.0,2658.0,3379572.0,3377789.179
4648,0.229611,73.729518,315584.143,-3041.0,2659.0,3379574.0,3377790.623
4649,0.224595,73.721864,315581.834,-3045.0,2659.0,3379575.0,3377792.078
4650,0.219617,73.714261,315579.539,-3047.0,2660.0,3379575.0,3377793.523
4651,0.21461,73.706607,315577.228,-3050.0,2660.0,3379577.0,3377794.979
4652,0.20964,73.699003,315574.931,-3052.0,2660.0,3379578.0,3377796.426
4653,0.20464,73.691349,315572.617,-3052.0,2660.0,3379580.0,3377797.883
4654,0.199645,73.683694,315570.302,-3055.0,2661.0,3379580.0,3377799.341
4655,0.194687,73.67609,315568.002,-3055.0,2661.0,3379582.0,3377800.79
4656,0.189699,73.668435,315565.685,-3057.0,2661.0,3379583.0,3377802.249
4657,0.184749,73.660831,315563.382,-3055.0,2661.0,3379584.0,3377803.699
4658,0.179769,73.653176,315561.063,-3053.0,2660.0,3379586.0,3377805.159
4659,0.174827,73.645572,315558.758,-3050.0,2660.0,3379587.0,3377806.611
4660,0.169855,73.637916,315556.436,-3048.0,2659.0,3379587.0,3377808.072
4661,0.164921,73.630312,315554.129,-3046.0,2659.0,3379589.0,3377809.525
4662,0.159957,73.622657,315551.805,-3046.0,2659.0,3379590.0,3377810.988
4663,0.155031,73.615052,315549.496,-3045.0,2659.0,3379592.0,3377812.441
4664,0.150075,73.607396,315547.17,-3046.0,2659.0,3379593.0,3377813.905
4665,0.145156,73.599792,315544.858,-3047.0,2659.0,3379594.0,3377815.36
4666,0.140208,73.592135,315542.53,-3047.0,2659.0,3379595.0,3377816.826
4667,0.135297,73.584531,315540.216,-3047.0,2659.0,3379597.0,3377818.282
4668,0.130356,73.576874,315537.885,-3047.0,2659.0,3379598.0,3377819.748
4669,0.125453,73.569269,315535.569,-3049.0,2659.0,3379599.0,3377821.206
4670,0.120521,73.561613,315533.236,-3050.0,2659.0,3379600.0,3377822.673
4671,0.115625,73.554007,315530.917,-3054.0,2660.0,3379600.0,3377824.132
4672,0.110701,73.546351,315528.582,-3055.0,2660.0,3379603.0,3377825.601
4673,0.105813,73.538745,315526.261,-3055.0,2660.0,3379604.0,3377827.061
4674,0.100896,73.531088,315523.923,-3055.0,2660.0,3379605.0,3377828.531
4675,0.096016,73.523482,315521.6,-3052.0,2659.0,3379606.0,3377829.992
4676,0.091107,73.515825,315519.261,-3051.0,2659.0,3379607.0,3377831.464
4677,0.086234,73.508219,315516.935,-3049.0,2659.0,3379609.0,3377832.926
4678,0.081333,73.500562,315514.593,-3047.0,2658.0,3379610.0,3377834.399
4679,0.076468,73.492956,315512.266,-3044.0,2658.0,3379611.0,3377835.863
4680,0.071575,73.485298,315509.921,-3044.0,2658.0,3379612.0,3377837.337
4681,0.066718,73.477692,315507.591,-3044.0,2658.0,3379613.0,3377838.801
4682,0.061832,73.470034,315505.245,-3048.0,2658.0,3379615.0,3377840.277
4683,0.056982,73.462428,315502.913,-3050.0,2659.0,3379616.0,3377841.743
4684,0.052104,73.45477,315500.564,-3054.0,2659.0,3379617.0,3377843.219
4685,0.047262,73.447163,315498.229,-3055.0,2659.0,3379618.0,3377844.687
4686,0.042391,73.439505,315495.878,-3057.0,2660.0,3379620.0,3377846.164
4687,0.037557,73.431898,315493.542,-3056.0,2660.0,3379620.0,3377847.633
4688,0.032694,73.424239,315491.188,-3054.0,2659.0,3379622.0,3377849.112
4689,0.027867,73.416632,315488.849,-3056.0,2659.0,3379623.0,3377850.582
4690,0.023012,73.408973,315486.493,-3058.0,2659.0,3379624.0,3377852.062
4691,0.018192,73.401366,315484.152,-3062.0,2660.0,3379625.0,3377853.533
4692,0.013344,73.393707,315481.794,-3064.0,2661.0,3379627.0,3377855.014
4693,0.008533,73.3861,315479.451,-3066.0,2661.0,3379627.0,3377856.486
4694,0.003692,73.378441,315477.091,-3067.0,2661.0,3379629.0,3377857.969
4695,-0.001144,73.370782,315474.729,-3063.0,2660.0,3379630.0,3377859.453
4696,-0.005945,73.363174,315472.382,-3061.0,2660.0,3379632.0,3377860.927
4697,-0.010774,73.355514,315470.019,-3058.0,2659.0,3379633.0,3377862.411
4698,-0.015567,73.347906,315467.67,-3057.0,2659.0,3379634.0,3377863.886
4699,-0.020388,73.340247,315465.304,-3058.0,2659.0,3379635.0,3377865.372
4700,-0.025174,73.332638,315462.952,-3053.0,2658.0,3379637.0,3377866.849
4701,-0.029988,73.324979,315460.584,-3048.0,2657.0,3379638.0,3377868.336
4702,-0.034766,73.31737,315458.231,-3057.0,2659.0,3379639.0,3377869.814
4703,-0.039573,73.30971,315455.86,-3062.0,2660.0,3379640.0,3377871.302
4704,-0.044343,73.302102,315453.504,-3068.0,2661.0,3379640.0,3377872.781
4705,-0.049142,73.294441,315451.131,-3069.0,2661.0,3379643.0,3377874.27
4706,-0.053906,73.286833,315448.773,-3068.0,2661.0,3379644.0,3377875.75
4707,-0.058697,73.279172,315446.398,-3068.0,2661.0,3379645.0,3377877.241
4708,-0.063453,73.271563,315444.038,-3066.0,2660.0,3379645.0,3377878.723
4709,-0.068238,73.263903,315441.661,-3067.0,2660.0,3379647.0,3377880.215
4710,-0.072986,73.256293,315439.298,-3064.0,2660.0,3379649.0,3377881.697
4711,-0.077763,73.248632,315436.918,-3063.0,2660.0,3379650.0,3377883.191
4712,-0.082505,73.241023,315434.554,-3063.0,2660.0,3379651.0,3377884.674
4713,-0.087274,73.233362,315432.172,-3065.0,2660.0,3379653.0,3377886.169
4714,-0.092008,73.225752,315429.805,-3066.0,2660.0,3379654.0,3377887.654
4715,-0.09677,73.218091,315427.42,-3063.0,2659.0,3379655.0,3377889.15
4716,-0.101497,73.210481,315425.051,-3063.0,2659.0,3379656.0,3377890.636
4717,-0.106252,73.20282,315422.665,-3067.0,2660.0,3379657.0,3377892.133
4718,-0.110971,73.19521,315420.293,-3069.0,2660.0,3379659.0,3377893.621
4719,-0.115719,73.187548,315417.904,-3072.0,2661.0,3379660.0,3377895.119
